match_id,season,start_date,venue,innings,ball,batting_team,bowling_team,striker,non_striker,bowler,runs_off_bat,extras,wides,noballs,byes,legbyes,penalty,wicket_type,player_dismissed,other_wicket_type,other_player_dismissed
1022357,2017,2017-06-06,Sophia Gardens,1,0.1,England,New Zealand,JJ Roy,AD Hales,TG Southee,0,0,,,,,,,,,
1022357,2017,2017-06-06,Sophia Gardens,1,0.2,England,New Zealand,JJ Roy,AD Hales,TG Southee,0,0,,,,,,,,,
1022357,2017,2017-06-06,Sophia Gardens,1,0.3,England,New Zealand,JJ Roy,AD Hales,TG Southee,0,0,,,,,,,,,
1022357,2017,2017-06-06,Sophia Gardens,1,0.4,England,New Zealand,JJ Roy,AD Hales,TG Southee,0,0,,,,,,,,,
1022357,2017,2017-06-06,Sophia Gardens,1,0.5,England,New Zealand,JJ Roy,AD Hales,TG Southee,4,0,,,,,,,,,
1022357,2017,2017-06-06,Sophia Gardens,1,0.6,England,New Zealand,JJ Roy,AD Hales,TG Southee,0,0,,,,,,,,,
1022357,2017,2017-06-06,Sophia Gardens,1,1.1,England,New Zealand,AD Hales,JJ Roy,TA Boult,0,0,,,,,,,,,
1022357,2017,2017-06-06,Sophia Gardens,1,1.2,England,New Zealand,AD Hales,JJ Roy,TA Boult,4,0,,,,,,,,,
1022357,2017,2017-06-06,Sophia Gardens,1,1.3,England,New Zealand,AD Hales,JJ Roy,TA Boult,0,0,,,,,,,,,
1022357,2017,2017-06-06,Sophia Gardens,1,1.4,England,New Zealand,AD Hales,JJ Roy,TA Boult,0,0,,,,,,,,,
1022357,2017,2017-06-06,Sophia Gardens,1,1.5,England,New Zealand,AD Hales,JJ Roy,TA Boult,0,0,,,,,,,,,
1022357,2017,2017-06-06,Sophia Gardens,1,1.6,England,New Zealand,AD Hales,JJ Roy,TA Boult,1,0,,,,,,,,,
1022357,2017,2017-06-06,Sophia Gardens,1,2.1,England,New Zealand,AD Hales,JJ Roy,TG Southee,3,0,,,,,,,,,
1022357,2017,2017-06-06,Sophia Gardens,1,2.2,England,New Zealand,JJ Roy,AD Hales,TG Southee,0,0,,,,,,,,,
1022357,2017,2017-06-06,Sophia Gardens,1,2.3,England,New Zealand,JJ Roy,AD Hales,TG Southee,0,0,,,,,,,,,
1022357,2017,2017-06-06,Sophia Gardens,1,2.4,England,New Zealand,JJ Roy,AD Hales,TG Southee,0,0,,,,,,,,,
1022357,2017,2017-06-06,Sophia Gardens,1,2.5,England,New Zealand,JJ Roy,AD Hales,TG Southee,0,0,,,,,,,,,
1022357,2017,2017-06-06,Sophia Gardens,1,2.6,England,New Zealand,JJ Roy,AD Hales,TG Southee,2,0,,,,,,,,,
1022357,2017,2017-06-06,Sophia Gardens,1,3.1,England,New Zealand,AD Hales,JJ Roy,TA Boult,0,0,,,,,,,,,
1022357,2017,2017-06-06,Sophia Gardens,1,3.2,England,New Zealand,AD Hales,JJ Roy,TA Boult,0,0,,,,,,,,,
1022357,2017,2017-06-06,Sophia Gardens,1,3.3,England,New Zealand,AD Hales,JJ Roy,TA Boult,2,0,,,,,,,,,
1022357,2017,2017-06-06,Sophia Gardens,1,3.4,England,New Zealand,AD Hales,JJ Roy,TA Boult,6,0,,,,,,,,,
1022357,2017,2017-06-06,Sophia Gardens,1,3.5,England,New Zealand,AD Hales,JJ Roy,TA Boult,0,0,,,,,,,,,
1022357,2017,2017-06-06,Sophia Gardens,1,3.6,England,New Zealand,AD Hales,JJ Roy,TA Boult,0,0,,,,,,,,,
1022357,2017,2017-06-06,Sophia Gardens,1,4.1,England,New Zealand,JJ Roy,AD Hales,TG Southee,0,0,,,,,,,,,
1022357,2017,2017-06-06,Sophia Gardens,1,4.2,England,New Zealand,JJ Roy,AD Hales,TG Southee,1,0,,,,,,,,,
1022357,2017,2017-06-06,Sophia Gardens,1,4.3,England,New Zealand,AD Hales,JJ Roy,TG Southee,0,0,,,,,,,,,
1022357,2017,2017-06-06,Sophia Gardens,1,4.4,England,New Zealand,AD Hales,JJ Roy,TG Southee,0,0,,,,,,,,,
1022357,2017,2017-06-06,Sophia Gardens,1,4.5,England,New Zealand,AD Hales,JJ Roy,TG Southee,0,0,,,,,,,,,
1022357,2017,2017-06-06,Sophia Gardens,1,4.6,England,New Zealand,AD Hales,JJ Roy,TG Southee,0,0,,,,,,,,,
1022357,2017,2017-06-06,Sophia Gardens,1,5.1,England,New Zealand,JJ Roy,AD Hales,TA Boult,0,0,,,,,,,,,
1022357,2017,2017-06-06,Sophia Gardens,1,5.2,England,New Zealand,JJ Roy,AD Hales,TA Boult,0,0,,,,,,,,,
1022357,2017,2017-06-06,Sophia Gardens,1,5.3,England,New Zealand,JJ Roy,AD Hales,TA Boult,0,0,,,,,,,,,
1022357,2017,2017-06-06,Sophia Gardens,1,5.4,England,New Zealand,JJ Roy,AD Hales,TA Boult,0,0,,,,,,,,,
1022357,2017,2017-06-06,Sophia Gardens,1,5.5,England,New Zealand,JJ Roy,AD Hales,TA Boult,1,0,,,,,,,,,
1022357,2017,2017-06-06,Sophia Gardens,1,5.6,England,New Zealand,AD Hales,JJ Roy,TA Boult,3,0,,,,,,,,,
1022357,2017,2017-06-06,Sophia Gardens,1,6.1,England,New Zealand,AD Hales,JJ Roy,TG Southee,0,0,,,,,,,,,
1022357,2017,2017-06-06,Sophia Gardens,1,6.2,England,New Zealand,AD Hales,JJ Roy,TG Southee,0,0,,,,,,,,,
1022357,2017,2017-06-06,Sophia Gardens,1,6.3,England,New Zealand,AD Hales,JJ Roy,TG Southee,0,0,,,,,,,,,
1022357,2017,2017-06-06,Sophia Gardens,1,6.4,England,New Zealand,AD Hales,JJ Roy,TG Southee,4,0,,,,,,,,,
1022357,2017,2017-06-06,Sophia Gardens,1,6.5,England,New Zealand,AD Hales,JJ Roy,TG Southee,0,0,,,,,,,,,
1022357,2017,2017-06-06,Sophia Gardens,1,6.6,England,New Zealand,AD Hales,JJ Roy,TG Southee,0,0,,,,,,,,,
1022357,2017,2017-06-06,Sophia Gardens,1,7.1,England,New Zealand,JJ Roy,AD Hales,AF Milne,1,0,,,,,,,,,
1022357,2017,2017-06-06,Sophia Gardens,1,7.2,England,New Zealand,AD Hales,JJ Roy,AF Milne,1,0,,,,,,,,,
1022357,2017,2017-06-06,Sophia Gardens,1,7.3,England,New Zealand,JJ Roy,AD Hales,AF Milne,0,0,,,,,,,,,
1022357,2017,2017-06-06,Sophia Gardens,1,7.4,England,New Zealand,JJ Roy,AD Hales,AF Milne,4,0,,,,,,,,,
1022357,2017,2017-06-06,Sophia Gardens,1,7.5,England,New Zealand,JJ Roy,AD Hales,AF Milne,0,0,,,,,,,,,
1022357,2017,2017-06-06,Sophia Gardens,1,7.6,England,New Zealand,JJ Roy,AD Hales,AF Milne,0,0,,,,,,bowled,JJ Roy,,
1022357,2017,2017-06-06,Sophia Gardens,1,8.1,England,New Zealand,AD Hales,JE Root,TG Southee,1,0,,,,,,,,,
1022357,2017,2017-06-06,Sophia Gardens,1,8.2,England,New Zealand,JE Root,AD Hales,TG Southee,0,0,,,,,,,,,
1022357,2017,2017-06-06,Sophia Gardens,1,8.3,England,New Zealand,JE Root,AD Hales,TG Southee,2,0,,,,,,,,,
1022357,2017,2017-06-06,Sophia Gardens,1,8.4,England,New Zealand,JE Root,AD Hales,TG Southee,0,0,,,,,,,,,
1022357,2017,2017-06-06,Sophia Gardens,1,8.5,England,New Zealand,JE Root,AD Hales,TG Southee,0,0,,,,,,,,,
1022357,2017,2017-06-06,Sophia Gardens,1,8.6,England,New Zealand,JE Root,AD Hales,TG Southee,1,0,,,,,,,,,
1022357,2017,2017-06-06,Sophia Gardens,1,9.1,England,New Zealand,JE Root,AD Hales,AF Milne,1,0,,,,,,,,,
1022357,2017,2017-06-06,Sophia Gardens,1,9.2,England,New Zealand,AD Hales,JE Root,AF Milne,3,0,,,,,,,,,
1022357,2017,2017-06-06,Sophia Gardens,1,9.3,England,New Zealand,JE Root,AD Hales,AF Milne,1,0,,,,,,,,,
1022357,2017,2017-06-06,Sophia Gardens,1,9.4,England,New Zealand,AD Hales,JE Root,AF Milne,0,0,,,,,,,,,
1022357,2017,2017-06-06,Sophia Gardens,1,9.5,England,New Zealand,AD Hales,JE Root,AF Milne,0,0,,,,,,,,,
1022357,2017,2017-06-06,Sophia Gardens,1,9.6,England,New Zealand,AD Hales,JE Root,AF Milne,4,0,,,,,,,,,
1022357,2017,2017-06-06,Sophia Gardens,1,10.1,England,New Zealand,JE Root,AD Hales,CJ Anderson,1,0,,,,,,,,,
1022357,2017,2017-06-06,Sophia Gardens,1,10.2,England,New Zealand,AD Hales,JE Root,CJ Anderson,1,0,,,,,,,,,
1022357,2017,2017-06-06,Sophia Gardens,1,10.3,England,New Zealand,JE Root,AD Hales,CJ Anderson,1,0,,,,,,,,,
1022357,2017,2017-06-06,Sophia Gardens,1,10.4,England,New Zealand,AD Hales,JE Root,CJ Anderson,2,0,,,,,,,,,
1022357,2017,2017-06-06,Sophia Gardens,1,10.5,England,New Zealand,AD Hales,JE Root,CJ Anderson,0,0,,,,,,,,,
1022357,2017,2017-06-06,Sophia Gardens,1,10.6,England,New Zealand,AD Hales,JE Root,CJ Anderson,1,0,,,,,,,,,
1022357,2017,2017-06-06,Sophia Gardens,1,11.1,England,New Zealand,AD Hales,JE Root,MJ Santner,0,0,,,,,,,,,
1022357,2017,2017-06-06,Sophia Gardens,1,11.2,England,New Zealand,AD Hales,JE Root,MJ Santner,1,0,,,,,,,,,
1022357,2017,2017-06-06,Sophia Gardens,1,11.3,England,New Zealand,JE Root,AD Hales,MJ Santner,0,0,,,,,,,,,
1022357,2017,2017-06-06,Sophia Gardens,1,11.4,England,New Zealand,JE Root,AD Hales,MJ Santner,1,0,,,,,,,,,
1022357,2017,2017-06-06,Sophia Gardens,1,11.5,England,New Zealand,AD Hales,JE Root,MJ Santner,1,0,,,,,,,,,
1022357,2017,2017-06-06,Sophia Gardens,1,11.6,England,New Zealand,JE Root,AD Hales,MJ Santner,1,0,,,,,,,,,
1022357,2017,2017-06-06,Sophia Gardens,1,12.1,England,New Zealand,JE Root,AD Hales,CJ Anderson,1,0,,,,,,,,,
1022357,2017,2017-06-06,Sophia Gardens,1,12.2,England,New Zealand,AD Hales,JE Root,CJ Anderson,0,0,,,,,,,,,
1022357,2017,2017-06-06,Sophia Gardens,1,12.3,England,New Zealand,AD Hales,JE Root,CJ Anderson,1,0,,,,,,,,,
1022357,2017,2017-06-06,Sophia Gardens,1,12.4,England,New Zealand,JE Root,AD Hales,CJ Anderson,0,0,,,,,,,,,
1022357,2017,2017-06-06,Sophia Gardens,1,12.5,England,New Zealand,JE Root,AD Hales,CJ Anderson,1,0,,,,,,,,,
1022357,2017,2017-06-06,Sophia Gardens,1,12.6,England,New Zealand,AD Hales,JE Root,CJ Anderson,1,0,,,,,,,,,
1022357,2017,2017-06-06,Sophia Gardens,1,13.1,England,New Zealand,AD Hales,JE Root,MJ Santner,1,0,,,,,,,,,
1022357,2017,2017-06-06,Sophia Gardens,1,13.2,England,New Zealand,JE Root,AD Hales,MJ Santner,0,0,,,,,,,,,
1022357,2017,2017-06-06,Sophia Gardens,1,13.3,England,New Zealand,JE Root,AD Hales,MJ Santner,6,0,,,,,,,,,
1022357,2017,2017-06-06,Sophia Gardens,1,13.4,England,New Zealand,JE Root,AD Hales,MJ Santner,1,0,,,,,,,,,
1022357,2017,2017-06-06,Sophia Gardens,1,13.5,England,New Zealand,AD Hales,JE Root,MJ Santner,1,0,,,,,,,,,
1022357,2017,2017-06-06,Sophia Gardens,1,13.6,England,New Zealand,JE Root,AD Hales,MJ Santner,0,0,,,,,,,,,
1022357,2017,2017-06-06,Sophia Gardens,1,14.1,England,New Zealand,AD Hales,JE Root,CJ Anderson,1,0,,,,,,,,,
1022357,2017,2017-06-06,Sophia Gardens,1,14.2,England,New Zealand,JE Root,AD Hales,CJ Anderson,1,0,,,,,,,,,
1022357,2017,2017-06-06,Sophia Gardens,1,14.3,England,New Zealand,AD Hales,JE Root,CJ Anderson,0,0,,,,,,,,,
1022357,2017,2017-06-06,Sophia Gardens,1,14.4,England,New Zealand,AD Hales,JE Root,CJ Anderson,0,1,1,,,,,,,,
1022357,2017,2017-06-06,Sophia Gardens,1,14.5,England,New Zealand,AD Hales,JE Root,CJ Anderson,0,0,,,,,,,,,
1022357,2017,2017-06-06,Sophia Gardens,1,14.6,England,New Zealand,AD Hales,JE Root,CJ Anderson,1,0,,,,,,,,,
1022357,2017,2017-06-06,Sophia Gardens,1,14.7,England,New Zealand,JE Root,AD Hales,CJ Anderson,1,0,,,,,,,,,
1022357,2017,2017-06-06,Sophia Gardens,1,15.1,England,New Zealand,JE Root,AD Hales,MJ Santner,1,0,,,,,,,,,
1022357,2017,2017-06-06,Sophia Gardens,1,15.2,England,New Zealand,AD Hales,JE Root,MJ Santner,1,0,,,,,,,,,
1022357,2017,2017-06-06,Sophia Gardens,1,15.3,England,New Zealand,JE Root,AD Hales,MJ Santner,2,0,,,,,,,,,
1022357,2017,2017-06-06,Sophia Gardens,1,15.4,England,New Zealand,JE Root,AD Hales,MJ Santner,0,0,,,,,,,,,
1022357,2017,2017-06-06,Sophia Gardens,1,15.5,England,New Zealand,JE Root,AD Hales,MJ Santner,1,0,,,,,,,,,
1022357,2017,2017-06-06,Sophia Gardens,1,15.6,England,New Zealand,AD Hales,JE Root,MJ Santner,1,0,,,,,,,,,
1022357,2017,2017-06-06,Sophia Gardens,1,16.1,England,New Zealand,AD Hales,JE Root,AF Milne,0,0,,,,,,,,,
1022357,2017,2017-06-06,Sophia Gardens,1,16.2,England,New Zealand,AD Hales,JE Root,AF Milne,0,0,,,,,,,,,
1022357,2017,2017-06-06,Sophia Gardens,1,16.3,England,New Zealand,AD Hales,JE Root,AF Milne,0,0,,,,,,,,,
1022357,2017,2017-06-06,Sophia Gardens,1,16.4,England,New Zealand,AD Hales,JE Root,AF Milne,0,0,,,,,,,,,
1022357,2017,2017-06-06,Sophia Gardens,1,16.5,England,New Zealand,AD Hales,JE Root,AF Milne,0,0,,,,,,,,,
1022357,2017,2017-06-06,Sophia Gardens,1,16.6,England,New Zealand,AD Hales,JE Root,AF Milne,0,1,1,,,,,,,,
1022357,2017,2017-06-06,Sophia Gardens,1,16.7,England,New Zealand,AD Hales,JE Root,AF Milne,2,0,,,,,,,,,
1022357,2017,2017-06-06,Sophia Gardens,1,17.1,England,New Zealand,JE Root,AD Hales,MJ Santner,6,0,,,,,,,,,
1022357,2017,2017-06-06,Sophia Gardens,1,17.2,England,New Zealand,JE Root,AD Hales,MJ Santner,0,0,,,,,,,,,
1022357,2017,2017-06-06,Sophia Gardens,1,17.3,England,New Zealand,JE Root,AD Hales,MJ Santner,0,0,,,,,,,,,
1022357,2017,2017-06-06,Sophia Gardens,1,17.4,England,New Zealand,JE Root,AD Hales,MJ Santner,0,0,,,,,,,,,
1022357,2017,2017-06-06,Sophia Gardens,1,17.5,England,New Zealand,JE Root,AD Hales,MJ Santner,4,0,,,,,,,,,
1022357,2017,2017-06-06,Sophia Gardens,1,17.6,England,New Zealand,JE Root,AD Hales,MJ Santner,0,0,,,,,,,,,
1022357,2017,2017-06-06,Sophia Gardens,1,18.1,England,New Zealand,AD Hales,JE Root,AF Milne,0,0,,,,,,,,,
1022357,2017,2017-06-06,Sophia Gardens,1,18.2,England,New Zealand,AD Hales,JE Root,AF Milne,1,0,,,,,,,,,
1022357,2017,2017-06-06,Sophia Gardens,1,18.3,England,New Zealand,JE Root,AD Hales,AF Milne,0,0,,,,,,,,,
1022357,2017,2017-06-06,Sophia Gardens,1,18.4,England,New Zealand,JE Root,AD Hales,AF Milne,0,0,,,,,,,,,
1022357,2017,2017-06-06,Sophia Gardens,1,18.5,England,New Zealand,JE Root,AD Hales,AF Milne,1,0,,,,,,,,,
1022357,2017,2017-06-06,Sophia Gardens,1,18.6,England,New Zealand,AD Hales,JE Root,AF Milne,0,0,,,,,,,,,
1022357,2017,2017-06-06,Sophia Gardens,1,19.1,England,New Zealand,JE Root,AD Hales,JDS Neesham,4,0,,,,,,,,,
1022357,2017,2017-06-06,Sophia Gardens,1,19.2,England,New Zealand,JE Root,AD Hales,JDS Neesham,0,0,,,,,,,,,
1022357,2017,2017-06-06,Sophia Gardens,1,19.3,England,New Zealand,JE Root,AD Hales,JDS Neesham,0,0,,,,,,,,,
1022357,2017,2017-06-06,Sophia Gardens,1,19.4,England,New Zealand,JE Root,AD Hales,JDS Neesham,1,0,,,,,,,,,
1022357,2017,2017-06-06,Sophia Gardens,1,19.5,England,New Zealand,AD Hales,JE Root,JDS Neesham,0,0,,,,,,,,,
1022357,2017,2017-06-06,Sophia Gardens,1,19.6,England,New Zealand,AD Hales,JE Root,JDS Neesham,0,0,,,,,,,,,
1022357,2017,2017-06-06,Sophia Gardens,1,20.1,England,New Zealand,JE Root,AD Hales,AF Milne,4,0,,,,,,,,,
1022357,2017,2017-06-06,Sophia Gardens,1,20.2,England,New Zealand,JE Root,AD Hales,AF Milne,1,0,,,,,,,,,
1022357,2017,2017-06-06,Sophia Gardens,1,20.3,England,New Zealand,AD Hales,JE Root,AF Milne,1,0,,,,,,,,,
1022357,2017,2017-06-06,Sophia Gardens,1,20.4,England,New Zealand,JE Root,AD Hales,AF Milne,1,0,,,,,,,,,
1022357,2017,2017-06-06,Sophia Gardens,1,20.5,England,New Zealand,AD Hales,JE Root,AF Milne,0,1,1,,,,,,,,
1022357,2017,2017-06-06,Sophia Gardens,1,20.6,England,New Zealand,AD Hales,JE Root,AF Milne,6,0,,,,,,,,,
1022357,2017,2017-06-06,Sophia Gardens,1,20.7,England,New Zealand,AD Hales,JE Root,AF Milne,0,0,,,,,,bowled,AD Hales,,
1022357,2017,2017-06-06,Sophia Gardens,1,21.1,England,New Zealand,JE Root,EJG Morgan,TA Boult,0,0,,,,,,,,,
1022357,2017,2017-06-06,Sophia Gardens,1,21.2,England,New Zealand,JE Root,EJG Morgan,TA Boult,1,0,,,,,,,,,
1022357,2017,2017-06-06,Sophia Gardens,1,21.3,England,New Zealand,EJG Morgan,JE Root,TA Boult,0,0,,,,,,,,,
1022357,2017,2017-06-06,Sophia Gardens,1,21.4,England,New Zealand,EJG Morgan,JE Root,TA Boult,0,0,,,,,,,,,
1022357,2017,2017-06-06,Sophia Gardens,1,21.5,England,New Zealand,EJG Morgan,JE Root,TA Boult,4,0,,,,,,,,,
1022357,2017,2017-06-06,Sophia Gardens,1,21.6,England,New Zealand,EJG Morgan,JE Root,TA Boult,0,0,,,,,,,,,
1022357,2017,2017-06-06,Sophia Gardens,1,22.1,England,New Zealand,JE Root,EJG Morgan,AF Milne,0,0,,,,,,,,,
1022357,2017,2017-06-06,Sophia Gardens,1,22.2,England,New Zealand,JE Root,EJG Morgan,AF Milne,1,0,,,,,,,,,
1022357,2017,2017-06-06,Sophia Gardens,1,22.3,England,New Zealand,EJG Morgan,JE Root,AF Milne,1,0,,,,,,,,,
1022357,2017,2017-06-06,Sophia Gardens,1,22.4,England,New Zealand,JE Root,EJG Morgan,AF Milne,0,0,,,,,,,,,
1022357,2017,2017-06-06,Sophia Gardens,1,22.5,England,New Zealand,JE Root,EJG Morgan,AF Milne,0,0,,,,,,,,,
1022357,2017,2017-06-06,Sophia Gardens,1,22.6,England,New Zealand,JE Root,EJG Morgan,AF Milne,0,0,,,,,,,,,
1022357,2017,2017-06-06,Sophia Gardens,1,23.1,England,New Zealand,EJG Morgan,JE Root,TA Boult,0,0,,,,,,,,,
1022357,2017,2017-06-06,Sophia Gardens,1,23.2,England,New Zealand,EJG Morgan,JE Root,TA Boult,0,0,,,,,,,,,
1022357,2017,2017-06-06,Sophia Gardens,1,23.3,England,New Zealand,EJG Morgan,JE Root,TA Boult,0,0,,,,,,,,,
1022357,2017,2017-06-06,Sophia Gardens,1,23.4,England,New Zealand,EJG Morgan,JE Root,TA Boult,2,0,,,,,,,,,
1022357,2017,2017-06-06,Sophia Gardens,1,23.5,England,New Zealand,EJG Morgan,JE Root,TA Boult,4,0,,,,,,,,,
1022357,2017,2017-06-06,Sophia Gardens,1,23.6,England,New Zealand,EJG Morgan,JE Root,TA Boult,2,0,,,,,,,,,
1022357,2017,2017-06-06,Sophia Gardens,1,24.1,England,New Zealand,JE Root,EJG Morgan,CJ Anderson,0,0,,,,,,,,,
1022357,2017,2017-06-06,Sophia Gardens,1,24.2,England,New Zealand,JE Root,EJG Morgan,CJ Anderson,1,0,,,,,,,,,
1022357,2017,2017-06-06,Sophia Gardens,1,24.3,England,New Zealand,EJG Morgan,JE Root,CJ Anderson,0,0,,,,,,caught,EJG Morgan,,
1022357,2017,2017-06-06,Sophia Gardens,1,24.4,England,New Zealand,BA Stokes,JE Root,CJ Anderson,0,0,,,,,,,,,
1022357,2017,2017-06-06,Sophia Gardens,1,24.5,England,New Zealand,BA Stokes,JE Root,CJ Anderson,0,1,1,,,,,,,,
1022357,2017,2017-06-06,Sophia Gardens,1,24.6,England,New Zealand,BA Stokes,JE Root,CJ Anderson,0,0,,,,,,,,,
1022357,2017,2017-06-06,Sophia Gardens,1,24.7,England,New Zealand,BA Stokes,JE Root,CJ Anderson,0,0,,,,,,,,,
1022357,2017,2017-06-06,Sophia Gardens,1,25.1,England,New Zealand,JE Root,BA Stokes,MJ Santner,0,0,,,,,,,,,
1022357,2017,2017-06-06,Sophia Gardens,1,25.2,England,New Zealand,JE Root,BA Stokes,MJ Santner,1,0,,,,,,,,,
1022357,2017,2017-06-06,Sophia Gardens,1,25.3,England,New Zealand,BA Stokes,JE Root,MJ Santner,1,0,,,,,,,,,
1022357,2017,2017-06-06,Sophia Gardens,1,25.4,England,New Zealand,JE Root,BA Stokes,MJ Santner,0,0,,,,,,,,,
1022357,2017,2017-06-06,Sophia Gardens,1,25.5,England,New Zealand,JE Root,BA Stokes,MJ Santner,4,0,,,,,,,,,
1022357,2017,2017-06-06,Sophia Gardens,1,25.6,England,New Zealand,JE Root,BA Stokes,MJ Santner,1,0,,,,,,,,,
1022357,2017,2017-06-06,Sophia Gardens,1,26.1,England,New Zealand,JE Root,BA Stokes,CJ Anderson,1,0,,,,,,,,,
1022357,2017,2017-06-06,Sophia Gardens,1,26.2,England,New Zealand,BA Stokes,JE Root,CJ Anderson,0,0,,,,,,,,,
1022357,2017,2017-06-06,Sophia Gardens,1,26.3,England,New Zealand,BA Stokes,JE Root,CJ Anderson,0,0,,,,,,,,,
1022357,2017,2017-06-06,Sophia Gardens,1,26.4,England,New Zealand,BA Stokes,JE Root,CJ Anderson,0,0,,,,,,,,,
1022357,2017,2017-06-06,Sophia Gardens,1,26.5,England,New Zealand,BA Stokes,JE Root,CJ Anderson,6,0,,,,,,,,,
1022357,2017,2017-06-06,Sophia Gardens,1,26.6,England,New Zealand,BA Stokes,JE Root,CJ Anderson,1,0,,,,,,,,,
1022357,2017,2017-06-06,Sophia Gardens,1,27.1,England,New Zealand,BA Stokes,JE Root,TA Boult,0,0,,,,,,,,,
1022357,2017,2017-06-06,Sophia Gardens,1,27.2,England,New Zealand,BA Stokes,JE Root,TA Boult,0,0,,,,,,,,,
1022357,2017,2017-06-06,Sophia Gardens,1,27.3,England,New Zealand,BA Stokes,JE Root,TA Boult,4,0,,,,,,,,,
1022357,2017,2017-06-06,Sophia Gardens,1,27.4,England,New Zealand,BA Stokes,JE Root,TA Boult,0,0,,,,,,,,,
1022357,2017,2017-06-06,Sophia Gardens,1,27.5,England,New Zealand,BA Stokes,JE Root,TA Boult,0,0,,,,,,,,,
1022357,2017,2017-06-06,Sophia Gardens,1,27.6,England,New Zealand,BA Stokes,JE Root,TA Boult,2,0,,,,,,,,,
1022357,2017,2017-06-06,Sophia Gardens,1,28.1,England,New Zealand,JE Root,BA Stokes,CJ Anderson,2,0,,,,,,,,,
1022357,2017,2017-06-06,Sophia Gardens,1,28.2,England,New Zealand,JE Root,BA Stokes,CJ Anderson,2,0,,,,,,,,,
1022357,2017,2017-06-06,Sophia Gardens,1,28.3,England,New Zealand,JE Root,BA Stokes,CJ Anderson,1,0,,,,,,,,,
1022357,2017,2017-06-06,Sophia Gardens,1,28.4,England,New Zealand,BA Stokes,JE Root,CJ Anderson,0,0,,,,,,,,,
1022357,2017,2017-06-06,Sophia Gardens,1,28.5,England,New Zealand,BA Stokes,JE Root,CJ Anderson,0,0,,,,,,,,,
1022357,2017,2017-06-06,Sophia Gardens,1,28.6,England,New Zealand,BA Stokes,JE Root,CJ Anderson,1,0,,,,,,,,,
1022357,2017,2017-06-06,Sophia Gardens,1,29.1,England,New Zealand,BA Stokes,JE Root,JDS Neesham,0,0,,,,,,,,,
1022357,2017,2017-06-06,Sophia Gardens,1,29.2,England,New Zealand,BA Stokes,JE Root,JDS Neesham,0,0,,,,,,,,,
1022357,2017,2017-06-06,Sophia Gardens,1,29.3,England,New Zealand,BA Stokes,JE Root,JDS Neesham,0,0,,,,,,,,,
1022357,2017,2017-06-06,Sophia Gardens,1,29.4,England,New Zealand,BA Stokes,JE Root,JDS Neesham,4,0,,,,,,,,,
1022357,2017,2017-06-06,Sophia Gardens,1,29.5,England,New Zealand,BA Stokes,JE Root,JDS Neesham,0,0,,,,,,,,,
1022357,2017,2017-06-06,Sophia Gardens,1,29.6,England,New Zealand,BA Stokes,JE Root,JDS Neesham,0,0,,,,,,,,,
1022357,2017,2017-06-06,Sophia Gardens,1,30.1,England,New Zealand,JE Root,BA Stokes,TG Southee,0,0,,,,,,,,,
1022357,2017,2017-06-06,Sophia Gardens,1,30.2,England,New Zealand,JE Root,BA Stokes,TG Southee,1,0,,,,,,,,,
1022357,2017,2017-06-06,Sophia Gardens,1,30.3,England,New Zealand,BA Stokes,JE Root,TG Southee,0,0,,,,,,,,,
1022357,2017,2017-06-06,Sophia Gardens,1,30.4,England,New Zealand,BA Stokes,JE Root,TG Southee,0,0,,,,,,,,,
1022357,2017,2017-06-06,Sophia Gardens,1,30.5,England,New Zealand,BA Stokes,JE Root,TG Southee,0,0,,,,,,,,,
1022357,2017,2017-06-06,Sophia Gardens,1,30.6,England,New Zealand,BA Stokes,JE Root,TG Southee,1,0,,,,,,,,,
1022357,2017,2017-06-06,Sophia Gardens,1,31.1,England,New Zealand,BA Stokes,JE Root,JDS Neesham,0,0,,,,,,,,,
1022357,2017,2017-06-06,Sophia Gardens,1,31.2,England,New Zealand,BA Stokes,JE Root,JDS Neesham,4,0,,,,,,,,,
1022357,2017,2017-06-06,Sophia Gardens,1,31.3,England,New Zealand,BA Stokes,JE Root,JDS Neesham,1,0,,,,,,,,,
1022357,2017,2017-06-06,Sophia Gardens,1,31.4,England,New Zealand,JE Root,BA Stokes,JDS Neesham,0,0,,,,,,,,,
1022357,2017,2017-06-06,Sophia Gardens,1,31.5,England,New Zealand,JE Root,BA Stokes,JDS Neesham,1,0,,,,,,,,,
1022357,2017,2017-06-06,Sophia Gardens,1,31.6,England,New Zealand,BA Stokes,JE Root,JDS Neesham,2,0,,,,,,,,,
1022357,2017,2017-06-06,Sophia Gardens,1,32.1,England,New Zealand,JE Root,BA Stokes,TG Southee,0,1,1,,,,,,,,
1022357,2017,2017-06-06,Sophia Gardens,1,32.2,England,New Zealand,JE Root,BA Stokes,TG Southee,1,0,,,,,,,,,
1022357,2017,2017-06-06,Sophia Gardens,1,32.3,England,New Zealand,BA Stokes,JE Root,TG Southee,0,0,,,,,,,,,
1022357,2017,2017-06-06,Sophia Gardens,1,32.4,England,New Zealand,BA Stokes,JE Root,TG Southee,0,0,,,,,,,,,
1022357,2017,2017-06-06,Sophia Gardens,1,32.5,England,New Zealand,BA Stokes,JE Root,TG Southee,2,0,,,,,,,,,
1022357,2017,2017-06-06,Sophia Gardens,1,32.6,England,New Zealand,BA Stokes,JE Root,TG Southee,0,0,,,,,,,,,
1022357,2017,2017-06-06,Sophia Gardens,1,32.7,England,New Zealand,BA Stokes,JE Root,TG Southee,1,0,,,,,,,,,
1022357,2017,2017-06-06,Sophia Gardens,1,33.1,England,New Zealand,BA Stokes,JE Root,CJ Anderson,6,0,,,,,,,,,
1022357,2017,2017-06-06,Sophia Gardens,1,33.2,England,New Zealand,BA Stokes,JE Root,CJ Anderson,1,0,,,,,,,,,
1022357,2017,2017-06-06,Sophia Gardens,1,33.3,England,New Zealand,JE Root,BA Stokes,CJ Anderson,0,0,,,,,,bowled,JE Root,,
1022357,2017,2017-06-06,Sophia Gardens,1,33.4,England,New Zealand,JC Buttler,BA Stokes,CJ Anderson,1,0,,,,,,,,,
1022357,2017,2017-06-06,Sophia Gardens,1,33.5,England,New Zealand,BA Stokes,JC Buttler,CJ Anderson,0,0,,,,,,,,,
1022357,2017,2017-06-06,Sophia Gardens,1,33.6,England,New Zealand,BA Stokes,JC Buttler,CJ Anderson,0,0,,,,,,,,,
1022357,2017,2017-06-06,Sophia Gardens,1,34.1,England,New Zealand,JC Buttler,BA Stokes,AF Milne,1,0,,,,,,,,,
1022357,2017,2017-06-06,Sophia Gardens,1,34.2,England,New Zealand,BA Stokes,JC Buttler,AF Milne,0,0,,,,,,,,,
1022357,2017,2017-06-06,Sophia Gardens,1,34.3,England,New Zealand,BA Stokes,JC Buttler,AF Milne,2,0,,,,,,,,,
1022357,2017,2017-06-06,Sophia Gardens,1,34.4,England,New Zealand,BA Stokes,JC Buttler,AF Milne,4,0,,,,,,,,,
1022357,2017,2017-06-06,Sophia Gardens,1,34.5,England,New Zealand,BA Stokes,JC Buttler,AF Milne,2,0,,,,,,,,,
1022357,2017,2017-06-06,Sophia Gardens,1,34.6,England,New Zealand,BA Stokes,JC Buttler,AF Milne,0,0,,,,,,,,,
1022357,2017,2017-06-06,Sophia Gardens,1,35.1,England,New Zealand,JC Buttler,BA Stokes,MJ Santner,1,0,,,,,,,,,
1022357,2017,2017-06-06,Sophia Gardens,1,35.2,England,New Zealand,BA Stokes,JC Buttler,MJ Santner,0,0,,,,,,,,,
1022357,2017,2017-06-06,Sophia Gardens,1,35.3,England,New Zealand,BA Stokes,JC Buttler,MJ Santner,1,0,,,,,,,,,
1022357,2017,2017-06-06,Sophia Gardens,1,35.4,England,New Zealand,JC Buttler,BA Stokes,MJ Santner,1,0,,,,,,,,,
1022357,2017,2017-06-06,Sophia Gardens,1,35.5,England,New Zealand,BA Stokes,JC Buttler,MJ Santner,0,0,,,,,,,,,
1022357,2017,2017-06-06,Sophia Gardens,1,35.6,England,New Zealand,BA Stokes,JC Buttler,MJ Santner,1,0,,,,,,,,,
1022357,2017,2017-06-06,Sophia Gardens,1,36.1,England,New Zealand,BA Stokes,JC Buttler,AF Milne,0,0,,,,,,,,,
1022357,2017,2017-06-06,Sophia Gardens,1,36.2,England,New Zealand,BA Stokes,JC Buttler,AF Milne,1,0,,,,,,,,,
1022357,2017,2017-06-06,Sophia Gardens,1,36.3,England,New Zealand,JC Buttler,BA Stokes,AF Milne,0,1,1,,,,,,,,
1022357,2017,2017-06-06,Sophia Gardens,1,36.4,England,New Zealand,JC Buttler,BA Stokes,AF Milne,0,0,,,,,,,,,
1022357,2017,2017-06-06,Sophia Gardens,1,36.5,England,New Zealand,JC Buttler,BA Stokes,AF Milne,2,0,,,,,,,,,
1022357,2017,2017-06-06,Sophia Gardens,1,36.6,England,New Zealand,JC Buttler,BA Stokes,AF Milne,2,0,,,,,,,,,
1022357,2017,2017-06-06,Sophia Gardens,1,36.7,England,New Zealand,JC Buttler,BA Stokes,AF Milne,1,0,,,,,,,,,
1022357,2017,2017-06-06,Sophia Gardens,1,37.1,England,New Zealand,JC Buttler,BA Stokes,TA Boult,0,0,,,,,,,,,
1022357,2017,2017-06-06,Sophia Gardens,1,37.2,England,New Zealand,JC Buttler,BA Stokes,TA Boult,1,0,,,,,,,,,
1022357,2017,2017-06-06,Sophia Gardens,1,37.3,England,New Zealand,BA Stokes,JC Buttler,TA Boult,0,0,,,,,,caught,BA Stokes,,
1022357,2017,2017-06-06,Sophia Gardens,1,37.4,England,New Zealand,MM Ali,JC Buttler,TA Boult,1,0,,,,,,,,,
1022357,2017,2017-06-06,Sophia Gardens,1,37.5,England,New Zealand,JC Buttler,MM Ali,TA Boult,0,0,,,,,,,,,
1022357,2017,2017-06-06,Sophia Gardens,1,37.6,England,New Zealand,JC Buttler,MM Ali,TA Boult,1,0,,,,,,,,,
1022357,2017,2017-06-06,Sophia Gardens,1,38.1,England,New Zealand,JC Buttler,MM Ali,CJ Anderson,1,0,,,,,,,,,
1022357,2017,2017-06-06,Sophia Gardens,1,38.2,England,New Zealand,MM Ali,JC Buttler,CJ Anderson,1,0,,,,,,,,,
1022357,2017,2017-06-06,Sophia Gardens,1,38.3,England,New Zealand,JC Buttler,MM Ali,CJ Anderson,2,0,,,,,,,,,
1022357,2017,2017-06-06,Sophia Gardens,1,38.4,England,New Zealand,JC Buttler,MM Ali,CJ Anderson,1,0,,,,,,,,,
1022357,2017,2017-06-06,Sophia Gardens,1,38.5,England,New Zealand,MM Ali,JC Buttler,CJ Anderson,0,0,,,,,,,,,
1022357,2017,2017-06-06,Sophia Gardens,1,38.6,England,New Zealand,MM Ali,JC Buttler,CJ Anderson,0,0,,,,,,,,,
1022357,2017,2017-06-06,Sophia Gardens,1,39.1,England,New Zealand,JC Buttler,MM Ali,TA Boult,1,0,,,,,,,,,
1022357,2017,2017-06-06,Sophia Gardens,1,39.2,England,New Zealand,MM Ali,JC Buttler,TA Boult,1,0,,,,,,,,,
1022357,2017,2017-06-06,Sophia Gardens,1,39.3,England,New Zealand,JC Buttler,MM Ali,TA Boult,1,0,,,,,,,,,
1022357,2017,2017-06-06,Sophia Gardens,1,39.4,England,New Zealand,MM Ali,JC Buttler,TA Boult,0,0,,,,,,,,,
1022357,2017,2017-06-06,Sophia Gardens,1,39.5,England,New Zealand,MM Ali,JC Buttler,TA Boult,0,0,,,,,,,,,
1022357,2017,2017-06-06,Sophia Gardens,1,39.6,England,New Zealand,MM Ali,JC Buttler,TA Boult,1,0,,,,,,,,,
1022357,2017,2017-06-06,Sophia Gardens,1,40.1,England,New Zealand,MM Ali,JC Buttler,CJ Anderson,0,1,1,,,,,,,,
1022357,2017,2017-06-06,Sophia Gardens,1,40.2,England,New Zealand,MM Ali,JC Buttler,CJ Anderson,6,0,,,,,,,,,
1022357,2017,2017-06-06,Sophia Gardens,1,40.3,England,New Zealand,MM Ali,JC Buttler,CJ Anderson,2,0,,,,,,,,,
1022357,2017,2017-06-06,Sophia Gardens,1,40.4,England,New Zealand,MM Ali,JC Buttler,CJ Anderson,0,0,,,,,,caught,MM Ali,,
1022357,2017,2017-06-06,Sophia Gardens,1,40.5,England,New Zealand,AU Rashid,JC Buttler,CJ Anderson,0,4,,,,4,,,,,
1022357,2017,2017-06-06,Sophia Gardens,1,40.6,England,New Zealand,AU Rashid,JC Buttler,CJ Anderson,2,0,,,,,,,,,
1022357,2017,2017-06-06,Sophia Gardens,1,40.7,England,New Zealand,AU Rashid,JC Buttler,CJ Anderson,0,0,,,,,,,,,
1022357,2017,2017-06-06,Sophia Gardens,1,41.1,England,New Zealand,JC Buttler,AU Rashid,MJ Santner,2,0,,,,,,,,,
1022357,2017,2017-06-06,Sophia Gardens,1,41.2,England,New Zealand,JC Buttler,AU Rashid,MJ Santner,0,0,,,,,,,,,
1022357,2017,2017-06-06,Sophia Gardens,1,41.3,England,New Zealand,JC Buttler,AU Rashid,MJ Santner,0,1,1,,,,,,,,
1022357,2017,2017-06-06,Sophia Gardens,1,41.4,England,New Zealand,JC Buttler,AU Rashid,MJ Santner,0,0,,,,,,,,,
1022357,2017,2017-06-06,Sophia Gardens,1,41.5,England,New Zealand,JC Buttler,AU Rashid,MJ Santner,1,0,,,,,,,,,
1022357,2017,2017-06-06,Sophia Gardens,1,41.6,England,New Zealand,AU Rashid,JC Buttler,MJ Santner,0,0,,,,,,,,,
1022357,2017,2017-06-06,Sophia Gardens,1,41.7,England,New Zealand,AU Rashid,JC Buttler,MJ Santner,0,0,,,,,,,,,
1022357,2017,2017-06-06,Sophia Gardens,1,42.1,England,New Zealand,JC Buttler,AU Rashid,TG Southee,1,0,,,,,,,,,
1022357,2017,2017-06-06,Sophia Gardens,1,42.2,England,New Zealand,AU Rashid,JC Buttler,TG Southee,1,0,,,,,,,,,
1022357,2017,2017-06-06,Sophia Gardens,1,42.3,England,New Zealand,JC Buttler,AU Rashid,TG Southee,2,0,,,,,,,,,
1022357,2017,2017-06-06,Sophia Gardens,1,42.4,England,New Zealand,JC Buttler,AU Rashid,TG Southee,4,0,,,,,,,,,
1022357,2017,2017-06-06,Sophia Gardens,1,42.5,England,New Zealand,JC Buttler,AU Rashid,TG Southee,1,0,,,,,,,,,
1022357,2017,2017-06-06,Sophia Gardens,1,42.6,England,New Zealand,AU Rashid,JC Buttler,TG Southee,1,0,,,,,,,,,
1022357,2017,2017-06-06,Sophia Gardens,1,43.1,England,New Zealand,AU Rashid,JC Buttler,MJ Santner,1,0,,,,,,,,,
1022357,2017,2017-06-06,Sophia Gardens,1,43.2,England,New Zealand,JC Buttler,AU Rashid,MJ Santner,1,0,,,,,,,,,
1022357,2017,2017-06-06,Sophia Gardens,1,43.3,England,New Zealand,AU Rashid,JC Buttler,MJ Santner,4,0,,,,,,,,,
1022357,2017,2017-06-06,Sophia Gardens,1,43.4,England,New Zealand,AU Rashid,JC Buttler,MJ Santner,3,0,,,,,,,,,
1022357,2017,2017-06-06,Sophia Gardens,1,43.5,England,New Zealand,JC Buttler,AU Rashid,MJ Santner,1,0,,,,,,,,,
1022357,2017,2017-06-06,Sophia Gardens,1,43.6,England,New Zealand,AU Rashid,JC Buttler,MJ Santner,0,0,,,,,,lbw,AU Rashid,,
1022357,2017,2017-06-06,Sophia Gardens,1,44.1,England,New Zealand,JC Buttler,LE Plunkett,TG Southee,0,0,,,,,,,,,
1022357,2017,2017-06-06,Sophia Gardens,1,44.2,England,New Zealand,JC Buttler,LE Plunkett,TG Southee,0,0,,,,,,,,,
1022357,2017,2017-06-06,Sophia Gardens,1,44.3,England,New Zealand,JC Buttler,LE Plunkett,TG Southee,1,0,,,,,,,,,
1022357,2017,2017-06-06,Sophia Gardens,1,44.4,England,New Zealand,LE Plunkett,JC Buttler,TG Southee,1,0,,,,,,,,,
1022357,2017,2017-06-06,Sophia Gardens,1,44.5,England,New Zealand,JC Buttler,LE Plunkett,TG Southee,0,1,1,,,,,,,,
1022357,2017,2017-06-06,Sophia Gardens,1,44.6,England,New Zealand,JC Buttler,LE Plunkett,TG Southee,4,0,,,,,,,,,
1022357,2017,2017-06-06,Sophia Gardens,1,44.7,England,New Zealand,JC Buttler,LE Plunkett,TG Southee,1,0,,,,,,,,,
1022357,2017,2017-06-06,Sophia Gardens,1,45.1,England,New Zealand,JC Buttler,LE Plunkett,TA Boult,0,0,,,,,,,,,
1022357,2017,2017-06-06,Sophia Gardens,1,45.2,England,New Zealand,JC Buttler,LE Plunkett,TA Boult,2,0,,,,,,,,,
1022357,2017,2017-06-06,Sophia Gardens,1,45.3,England,New Zealand,JC Buttler,LE Plunkett,TA Boult,0,0,,,,,,,,,
1022357,2017,2017-06-06,Sophia Gardens,1,45.4,England,New Zealand,JC Buttler,LE Plunkett,TA Boult,0,0,,,,,,,,,
1022357,2017,2017-06-06,Sophia Gardens,1,45.5,England,New Zealand,JC Buttler,LE Plunkett,TA Boult,6,0,,,,,,,,,
1022357,2017,2017-06-06,Sophia Gardens,1,45.6,England,New Zealand,JC Buttler,LE Plunkett,TA Boult,2,0,,,,,,,,,
1022357,2017,2017-06-06,Sophia Gardens,1,46.1,England,New Zealand,LE Plunkett,JC Buttler,AF Milne,1,0,,,,,,,,,
1022357,2017,2017-06-06,Sophia Gardens,1,46.2,England,New Zealand,JC Buttler,LE Plunkett,AF Milne,0,1,,,,1,,,,,
1022357,2017,2017-06-06,Sophia Gardens,1,46.3,England,New Zealand,LE Plunkett,JC Buttler,AF Milne,4,0,,,,,,,,,
1022357,2017,2017-06-06,Sophia Gardens,1,46.4,England,New Zealand,LE Plunkett,JC Buttler,AF Milne,1,0,,,,,,,,,
1022357,2017,2017-06-06,Sophia Gardens,1,46.5,England,New Zealand,JC Buttler,LE Plunkett,AF Milne,0,0,,,,,,,,,
1022357,2017,2017-06-06,Sophia Gardens,1,46.6,England,New Zealand,JC Buttler,LE Plunkett,AF Milne,6,0,,,,,,,,,
1022357,2017,2017-06-06,Sophia Gardens,1,47.1,England,New Zealand,LE Plunkett,JC Buttler,TA Boult,0,0,,,,,,,,,
1022357,2017,2017-06-06,Sophia Gardens,1,47.2,England,New Zealand,LE Plunkett,JC Buttler,TA Boult,1,0,,,,,,,,,
1022357,2017,2017-06-06,Sophia Gardens,1,47.3,England,New Zealand,JC Buttler,LE Plunkett,TA Boult,0,0,,,,,,,,,
1022357,2017,2017-06-06,Sophia Gardens,1,47.4,England,New Zealand,JC Buttler,LE Plunkett,TA Boult,1,0,,,,,,,,,
1022357,2017,2017-06-06,Sophia Gardens,1,47.5,England,New Zealand,LE Plunkett,JC Buttler,TA Boult,0,0,,,,,,,,,
1022357,2017,2017-06-06,Sophia Gardens,1,47.6,England,New Zealand,LE Plunkett,JC Buttler,TA Boult,1,0,,,,,,,,,
1022357,2017,2017-06-06,Sophia Gardens,1,48.1,England,New Zealand,LE Plunkett,JC Buttler,AF Milne,6,0,,,,,,,,,
1022357,2017,2017-06-06,Sophia Gardens,1,48.2,England,New Zealand,LE Plunkett,JC Buttler,AF Milne,0,2,2,,,,,,,,
1022357,2017,2017-06-06,Sophia Gardens,1,48.3,England,New Zealand,JC Buttler,LE Plunkett,AF Milne,2,0,,,,,,,,,
1022357,2017,2017-06-06,Sophia Gardens,1,48.4,England,New Zealand,JC Buttler,LE Plunkett,AF Milne,2,0,,,,,,,,,
1022357,2017,2017-06-06,Sophia Gardens,1,48.5,England,New Zealand,JC Buttler,LE Plunkett,AF Milne,2,0,,,,,,,,,
1022357,2017,2017-06-06,Sophia Gardens,1,48.6,England,New Zealand,JC Buttler,LE Plunkett,AF Milne,1,0,,,,,,,,,
1022357,2017,2017-06-06,Sophia Gardens,1,48.7,England,New Zealand,LE Plunkett,JC Buttler,AF Milne,0,0,,,,,,caught,LE Plunkett,,
1022357,2017,2017-06-06,Sophia Gardens,1,49.1,England,New Zealand,JC Buttler,MA Wood,TG Southee,1,0,,,,,,,,,
1022357,2017,2017-06-06,Sophia Gardens,1,49.2,England,New Zealand,MA Wood,JC Buttler,TG Southee,0,0,,,,,,caught,MA Wood,,
1022357,2017,2017-06-06,Sophia Gardens,1,49.3,England,New Zealand,JT Ball,JC Buttler,TG Southee,0,0,,,,,,caught,JT Ball,,
1022357,2017,2017-06-06,Sophia Gardens,2,0.1,New Zealand,England,MJ Guptill,L Ronchi,JT Ball,0,0,,,,,,,,,
1022357,2017,2017-06-06,Sophia Gardens,2,0.2,New Zealand,England,MJ Guptill,L Ronchi,JT Ball,0,0,,,,,,,,,
1022357,2017,2017-06-06,Sophia Gardens,2,0.3,New Zealand,England,MJ Guptill,L Ronchi,JT Ball,0,1,,,,1,,,,,
1022357,2017,2017-06-06,Sophia Gardens,2,0.4,New Zealand,England,L Ronchi,MJ Guptill,JT Ball,0,0,,,,,,bowled,L Ronchi,,
1022357,2017,2017-06-06,Sophia Gardens,2,0.5,New Zealand,England,KS Williamson,MJ Guptill,JT Ball,0,0,,,,,,,,,
1022357,2017,2017-06-06,Sophia Gardens,2,0.6,New Zealand,England,KS Williamson,MJ Guptill,JT Ball,0,0,,,,,,,,,
1022357,2017,2017-06-06,Sophia Gardens,2,1.1,New Zealand,England,MJ Guptill,KS Williamson,MA Wood,1,0,,,,,,,,,
1022357,2017,2017-06-06,Sophia Gardens,2,1.2,New Zealand,England,KS Williamson,MJ Guptill,MA Wood,0,0,,,,,,,,,
1022357,2017,2017-06-06,Sophia Gardens,2,1.3,New Zealand,England,KS Williamson,MJ Guptill,MA Wood,0,0,,,,,,,,,
1022357,2017,2017-06-06,Sophia Gardens,2,1.4,New Zealand,England,KS Williamson,MJ Guptill,MA Wood,0,0,,,,,,,,,
1022357,2017,2017-06-06,Sophia Gardens,2,1.5,New Zealand,England,KS Williamson,MJ Guptill,MA Wood,0,0,,,,,,,,,
1022357,2017,2017-06-06,Sophia Gardens,2,1.6,New Zealand,England,KS Williamson,MJ Guptill,MA Wood,1,0,,,,,,,,,
1022357,2017,2017-06-06,Sophia Gardens,2,2.1,New Zealand,England,KS Williamson,MJ Guptill,JT Ball,0,0,,,,,,,,,
1022357,2017,2017-06-06,Sophia Gardens,2,2.2,New Zealand,England,KS Williamson,MJ Guptill,JT Ball,0,1,,,,1,,,,,
1022357,2017,2017-06-06,Sophia Gardens,2,2.3,New Zealand,England,MJ Guptill,KS Williamson,JT Ball,0,0,,,,,,,,,
1022357,2017,2017-06-06,Sophia Gardens,2,2.4,New Zealand,England,MJ Guptill,KS Williamson,JT Ball,0,0,,,,,,,,,
1022357,2017,2017-06-06,Sophia Gardens,2,2.5,New Zealand,England,MJ Guptill,KS Williamson,JT Ball,0,0,,,,,,,,,
1022357,2017,2017-06-06,Sophia Gardens,2,2.6,New Zealand,England,MJ Guptill,KS Williamson,JT Ball,0,0,,,,,,,,,
1022357,2017,2017-06-06,Sophia Gardens,2,3.1,New Zealand,England,KS Williamson,MJ Guptill,MA Wood,0,0,,,,,,,,,
1022357,2017,2017-06-06,Sophia Gardens,2,3.2,New Zealand,England,KS Williamson,MJ Guptill,MA Wood,3,0,,,,,,,,,
1022357,2017,2017-06-06,Sophia Gardens,2,3.3,New Zealand,England,MJ Guptill,KS Williamson,MA Wood,0,0,,,,,,,,,
1022357,2017,2017-06-06,Sophia Gardens,2,3.4,New Zealand,England,MJ Guptill,KS Williamson,MA Wood,1,0,,,,,,,,,
1022357,2017,2017-06-06,Sophia Gardens,2,3.5,New Zealand,England,KS Williamson,MJ Guptill,MA Wood,0,0,,,,,,,,,
1022357,2017,2017-06-06,Sophia Gardens,2,3.6,New Zealand,England,KS Williamson,MJ Guptill,MA Wood,0,0,,,,,,,,,
1022357,2017,2017-06-06,Sophia Gardens,2,4.1,New Zealand,England,MJ Guptill,KS Williamson,JT Ball,0,1,,,,1,,,,,
1022357,2017,2017-06-06,Sophia Gardens,2,4.2,New Zealand,England,KS Williamson,MJ Guptill,JT Ball,0,0,,,,,,,,,
1022357,2017,2017-06-06,Sophia Gardens,2,4.3,New Zealand,England,KS Williamson,MJ Guptill,JT Ball,0,0,,,,,,,,,
1022357,2017,2017-06-06,Sophia Gardens,2,4.4,New Zealand,England,KS Williamson,MJ Guptill,JT Ball,0,0,,,,,,,,,
1022357,2017,2017-06-06,Sophia Gardens,2,4.5,New Zealand,England,KS Williamson,MJ Guptill,JT Ball,0,0,,,,,,,,,
1022357,2017,2017-06-06,Sophia Gardens,2,4.6,New Zealand,England,KS Williamson,MJ Guptill,JT Ball,1,0,,,,,,,,,
1022357,2017,2017-06-06,Sophia Gardens,2,5.1,New Zealand,England,KS Williamson,MJ Guptill,MA Wood,0,0,,,,,,,,,
1022357,2017,2017-06-06,Sophia Gardens,2,5.2,New Zealand,England,KS Williamson,MJ Guptill,MA Wood,0,0,,,,,,,,,
1022357,2017,2017-06-06,Sophia Gardens,2,5.3,New Zealand,England,KS Williamson,MJ Guptill,MA Wood,1,0,,,,,,,,,
1022357,2017,2017-06-06,Sophia Gardens,2,5.4,New Zealand,England,MJ Guptill,KS Williamson,MA Wood,0,0,,,,,,,,,
1022357,2017,2017-06-06,Sophia Gardens,2,5.5,New Zealand,England,MJ Guptill,KS Williamson,MA Wood,1,0,,,,,,,,,
1022357,2017,2017-06-06,Sophia Gardens,2,5.6,New Zealand,England,KS Williamson,MJ Guptill,MA Wood,0,0,,,,,,,,,
1022357,2017,2017-06-06,Sophia Gardens,2,6.1,New Zealand,England,MJ Guptill,KS Williamson,JT Ball,4,0,,,,,,,,,
1022357,2017,2017-06-06,Sophia Gardens,2,6.2,New Zealand,England,MJ Guptill,KS Williamson,JT Ball,1,0,,,,,,,,,
1022357,2017,2017-06-06,Sophia Gardens,2,6.3,New Zealand,England,KS Williamson,MJ Guptill,JT Ball,0,0,,,,,,,,,
1022357,2017,2017-06-06,Sophia Gardens,2,6.4,New Zealand,England,KS Williamson,MJ Guptill,JT Ball,1,0,,,,,,,,,
1022357,2017,2017-06-06,Sophia Gardens,2,6.5,New Zealand,England,MJ Guptill,KS Williamson,JT Ball,4,0,,,,,,,,,
1022357,2017,2017-06-06,Sophia Gardens,2,6.6,New Zealand,England,MJ Guptill,KS Williamson,JT Ball,0,0,,,,,,,,,
1022357,2017,2017-06-06,Sophia Gardens,2,7.1,New Zealand,England,KS Williamson,MJ Guptill,MA Wood,0,0,,,,,,,,,
1022357,2017,2017-06-06,Sophia Gardens,2,7.2,New Zealand,England,KS Williamson,MJ Guptill,MA Wood,0,0,,,,,,,,,
1022357,2017,2017-06-06,Sophia Gardens,2,7.3,New Zealand,England,KS Williamson,MJ Guptill,MA Wood,1,0,,,,,,,,,
1022357,2017,2017-06-06,Sophia Gardens,2,7.4,New Zealand,England,MJ Guptill,KS Williamson,MA Wood,1,0,,,,,,,,,
1022357,2017,2017-06-06,Sophia Gardens,2,7.5,New Zealand,England,KS Williamson,MJ Guptill,MA Wood,4,0,,,,,,,,,
1022357,2017,2017-06-06,Sophia Gardens,2,7.6,New Zealand,England,KS Williamson,MJ Guptill,MA Wood,2,0,,,,,,,,,
1022357,2017,2017-06-06,Sophia Gardens,2,8.1,New Zealand,England,MJ Guptill,KS Williamson,JT Ball,4,0,,,,,,,,,
1022357,2017,2017-06-06,Sophia Gardens,2,8.2,New Zealand,England,MJ Guptill,KS Williamson,JT Ball,1,0,,,,,,,,,
1022357,2017,2017-06-06,Sophia Gardens,2,8.3,New Zealand,England,KS Williamson,MJ Guptill,JT Ball,0,0,,,,,,,,,
1022357,2017,2017-06-06,Sophia Gardens,2,8.4,New Zealand,England,KS Williamson,MJ Guptill,JT Ball,0,0,,,,,,,,,
1022357,2017,2017-06-06,Sophia Gardens,2,8.5,New Zealand,England,KS Williamson,MJ Guptill,JT Ball,0,0,,,,,,,,,
1022357,2017,2017-06-06,Sophia Gardens,2,8.6,New Zealand,England,KS Williamson,MJ Guptill,JT Ball,4,0,,,,,,,,,
1022357,2017,2017-06-06,Sophia Gardens,2,9.1,New Zealand,England,MJ Guptill,KS Williamson,MA Wood,0,0,,,,,,,,,
1022357,2017,2017-06-06,Sophia Gardens,2,9.2,New Zealand,England,MJ Guptill,KS Williamson,MA Wood,1,0,,,,,,,,,
1022357,2017,2017-06-06,Sophia Gardens,2,9.3,New Zealand,England,KS Williamson,MJ Guptill,MA Wood,0,0,,,,,,,,,
1022357,2017,2017-06-06,Sophia Gardens,2,9.4,New Zealand,England,KS Williamson,MJ Guptill,MA Wood,0,0,,,,,,,,,
1022357,2017,2017-06-06,Sophia Gardens,2,9.5,New Zealand,England,KS Williamson,MJ Guptill,MA Wood,0,0,,,,,,,,,
1022357,2017,2017-06-06,Sophia Gardens,2,9.6,New Zealand,England,KS Williamson,MJ Guptill,MA Wood,0,0,,,,,,,,,
1022357,2017,2017-06-06,Sophia Gardens,2,10.1,New Zealand,England,MJ Guptill,KS Williamson,LE Plunkett,1,0,,,,,,,,,
1022357,2017,2017-06-06,Sophia Gardens,2,10.2,New Zealand,England,KS Williamson,MJ Guptill,LE Plunkett,1,0,,,,,,,,,
1022357,2017,2017-06-06,Sophia Gardens,2,10.3,New Zealand,England,MJ Guptill,KS Williamson,LE Plunkett,0,0,,,,,,,,,
1022357,2017,2017-06-06,Sophia Gardens,2,10.4,New Zealand,England,MJ Guptill,KS Williamson,LE Plunkett,2,0,,,,,,,,,
1022357,2017,2017-06-06,Sophia Gardens,2,10.5,New Zealand,England,MJ Guptill,KS Williamson,LE Plunkett,0,0,,,,,,,,,
1022357,2017,2017-06-06,Sophia Gardens,2,10.6,New Zealand,England,MJ Guptill,KS Williamson,LE Plunkett,0,0,,,,,,,,,
1022357,2017,2017-06-06,Sophia Gardens,2,11.1,New Zealand,England,KS Williamson,MJ Guptill,BA Stokes,0,0,,,,,,,,,
1022357,2017,2017-06-06,Sophia Gardens,2,11.2,New Zealand,England,KS Williamson,MJ Guptill,BA Stokes,1,0,,,,,,,,,
1022357,2017,2017-06-06,Sophia Gardens,2,11.3,New Zealand,England,MJ Guptill,KS Williamson,BA Stokes,1,0,,,,,,,,,
1022357,2017,2017-06-06,Sophia Gardens,2,11.4,New Zealand,England,KS Williamson,MJ Guptill,BA Stokes,0,0,,,,,,,,,
1022357,2017,2017-06-06,Sophia Gardens,2,11.5,New Zealand,England,KS Williamson,MJ Guptill,BA Stokes,1,0,,,,,,,,,
1022357,2017,2017-06-06,Sophia Gardens,2,11.6,New Zealand,England,MJ Guptill,KS Williamson,BA Stokes,0,0,,,,,,,,,
1022357,2017,2017-06-06,Sophia Gardens,2,12.1,New Zealand,England,KS Williamson,MJ Guptill,LE Plunkett,2,0,,,,,,,,,
1022357,2017,2017-06-06,Sophia Gardens,2,12.2,New Zealand,England,KS Williamson,MJ Guptill,LE Plunkett,2,0,,,,,,,,,
1022357,2017,2017-06-06,Sophia Gardens,2,12.3,New Zealand,England,KS Williamson,MJ Guptill,LE Plunkett,2,0,,,,,,,,,
1022357,2017,2017-06-06,Sophia Gardens,2,12.4,New Zealand,England,KS Williamson,MJ Guptill,LE Plunkett,1,0,,,,,,,,,
1022357,2017,2017-06-06,Sophia Gardens,2,12.5,New Zealand,England,MJ Guptill,KS Williamson,LE Plunkett,0,4,,,4,,,,,,
1022357,2017,2017-06-06,Sophia Gardens,2,12.6,New Zealand,England,MJ Guptill,KS Williamson,LE Plunkett,0,0,,,,,,,,,
1022357,2017,2017-06-06,Sophia Gardens,2,13.1,New Zealand,England,KS Williamson,MJ Guptill,BA Stokes,1,0,,,,,,,,,
1022357,2017,2017-06-06,Sophia Gardens,2,13.2,New Zealand,England,MJ Guptill,KS Williamson,BA Stokes,4,0,,,,,,,,,
1022357,2017,2017-06-06,Sophia Gardens,2,13.3,New Zealand,England,MJ Guptill,KS Williamson,BA Stokes,0,0,,,,,,caught,MJ Guptill,,
1022357,2017,2017-06-06,Sophia Gardens,2,13.4,New Zealand,England,LRPL Taylor,KS Williamson,BA Stokes,0,0,,,,,,,,,
1022357,2017,2017-06-06,Sophia Gardens,2,13.5,New Zealand,England,LRPL Taylor,KS Williamson,BA Stokes,0,0,,,,,,,,,
1022357,2017,2017-06-06,Sophia Gardens,2,13.6,New Zealand,England,LRPL Taylor,KS Williamson,BA Stokes,0,0,,,,,,,,,
1022357,2017,2017-06-06,Sophia Gardens,2,14.1,New Zealand,England,KS Williamson,LRPL Taylor,LE Plunkett,0,0,,,,,,,,,
1022357,2017,2017-06-06,Sophia Gardens,2,14.2,New Zealand,England,KS Williamson,LRPL Taylor,LE Plunkett,0,0,,,,,,,,,
1022357,2017,2017-06-06,Sophia Gardens,2,14.3,New Zealand,England,KS Williamson,LRPL Taylor,LE Plunkett,1,0,,,,,,,,,
1022357,2017,2017-06-06,Sophia Gardens,2,14.4,New Zealand,England,LRPL Taylor,KS Williamson,LE Plunkett,0,0,,,,,,,,,
1022357,2017,2017-06-06,Sophia Gardens,2,14.5,New Zealand,England,LRPL Taylor,KS Williamson,LE Plunkett,0,0,,,,,,,,,
1022357,2017,2017-06-06,Sophia Gardens,2,14.6,New Zealand,England,LRPL Taylor,KS Williamson,LE Plunkett,0,0,,,,,,,,,
1022357,2017,2017-06-06,Sophia Gardens,2,15.1,New Zealand,England,KS Williamson,LRPL Taylor,BA Stokes,0,0,,,,,,,,,
1022357,2017,2017-06-06,Sophia Gardens,2,15.2,New Zealand,England,KS Williamson,LRPL Taylor,BA Stokes,1,0,,,,,,,,,
1022357,2017,2017-06-06,Sophia Gardens,2,15.3,New Zealand,England,LRPL Taylor,KS Williamson,BA Stokes,0,0,,,,,,,,,
1022357,2017,2017-06-06,Sophia Gardens,2,15.4,New Zealand,England,LRPL Taylor,KS Williamson,BA Stokes,0,1,1,,,,,,,,
1022357,2017,2017-06-06,Sophia Gardens,2,15.5,New Zealand,England,LRPL Taylor,KS Williamson,BA Stokes,1,0,,,,,,,,,
1022357,2017,2017-06-06,Sophia Gardens,2,15.6,New Zealand,England,KS Williamson,LRPL Taylor,BA Stokes,2,0,,,,,,,,,
1022357,2017,2017-06-06,Sophia Gardens,2,15.7,New Zealand,England,KS Williamson,LRPL Taylor,BA Stokes,0,0,,,,,,,,,
1022357,2017,2017-06-06,Sophia Gardens,2,16.1,New Zealand,England,LRPL Taylor,KS Williamson,LE Plunkett,0,0,,,,,,,,,
1022357,2017,2017-06-06,Sophia Gardens,2,16.2,New Zealand,England,LRPL Taylor,KS Williamson,LE Plunkett,2,0,,,,,,,,,
1022357,2017,2017-06-06,Sophia Gardens,2,16.3,New Zealand,England,LRPL Taylor,KS Williamson,LE Plunkett,0,0,,,,,,,,,
1022357,2017,2017-06-06,Sophia Gardens,2,16.4,New Zealand,England,LRPL Taylor,KS Williamson,LE Plunkett,0,0,,,,,,,,,
1022357,2017,2017-06-06,Sophia Gardens,2,16.5,New Zealand,England,LRPL Taylor,KS Williamson,LE Plunkett,1,0,,,,,,,,,
1022357,2017,2017-06-06,Sophia Gardens,2,16.6,New Zealand,England,KS Williamson,LRPL Taylor,LE Plunkett,1,0,,,,,,,,,
1022357,2017,2017-06-06,Sophia Gardens,2,17.1,New Zealand,England,KS Williamson,LRPL Taylor,AU Rashid,1,0,,,,,,,,,
1022357,2017,2017-06-06,Sophia Gardens,2,17.2,New Zealand,England,LRPL Taylor,KS Williamson,AU Rashid,1,0,,,,,,,,,
1022357,2017,2017-06-06,Sophia Gardens,2,17.3,New Zealand,England,KS Williamson,LRPL Taylor,AU Rashid,1,0,,,,,,,,,
1022357,2017,2017-06-06,Sophia Gardens,2,17.4,New Zealand,England,LRPL Taylor,KS Williamson,AU Rashid,2,0,,,,,,,,,
1022357,2017,2017-06-06,Sophia Gardens,2,17.5,New Zealand,England,LRPL Taylor,KS Williamson,AU Rashid,0,0,,,,,,,,,
1022357,2017,2017-06-06,Sophia Gardens,2,17.6,New Zealand,England,LRPL Taylor,KS Williamson,AU Rashid,0,0,,,,,,,,,
1022357,2017,2017-06-06,Sophia Gardens,2,18.1,New Zealand,England,KS Williamson,LRPL Taylor,LE Plunkett,2,0,,,,,,,,,
1022357,2017,2017-06-06,Sophia Gardens,2,18.2,New Zealand,England,KS Williamson,LRPL Taylor,LE Plunkett,4,0,,,,,,,,,
1022357,2017,2017-06-06,Sophia Gardens,2,18.3,New Zealand,England,KS Williamson,LRPL Taylor,LE Plunkett,0,0,,,,,,,,,
1022357,2017,2017-06-06,Sophia Gardens,2,18.4,New Zealand,England,KS Williamson,LRPL Taylor,LE Plunkett,0,0,,,,,,,,,
1022357,2017,2017-06-06,Sophia Gardens,2,18.5,New Zealand,England,KS Williamson,LRPL Taylor,LE Plunkett,2,0,,,,,,,,,
1022357,2017,2017-06-06,Sophia Gardens,2,18.6,New Zealand,England,KS Williamson,LRPL Taylor,LE Plunkett,2,0,,,,,,,,,
1022357,2017,2017-06-06,Sophia Gardens,2,19.1,New Zealand,England,LRPL Taylor,KS Williamson,AU Rashid,1,0,,,,,,,,,
1022357,2017,2017-06-06,Sophia Gardens,2,19.2,New Zealand,England,KS Williamson,LRPL Taylor,AU Rashid,1,0,,,,,,,,,
1022357,2017,2017-06-06,Sophia Gardens,2,19.3,New Zealand,England,LRPL Taylor,KS Williamson,AU Rashid,0,0,,,,,,,,,
1022357,2017,2017-06-06,Sophia Gardens,2,19.4,New Zealand,England,LRPL Taylor,KS Williamson,AU Rashid,0,0,,,,,,,,,
1022357,2017,2017-06-06,Sophia Gardens,2,19.5,New Zealand,England,LRPL Taylor,KS Williamson,AU Rashid,1,0,,,,,,,,,
1022357,2017,2017-06-06,Sophia Gardens,2,19.6,New Zealand,England,KS Williamson,LRPL Taylor,AU Rashid,2,0,,,,,,,,,
1022357,2017,2017-06-06,Sophia Gardens,2,20.1,New Zealand,England,LRPL Taylor,KS Williamson,BA Stokes,1,0,,,,,,,,,
1022357,2017,2017-06-06,Sophia Gardens,2,20.2,New Zealand,England,KS Williamson,LRPL Taylor,BA Stokes,1,0,,,,,,,,,
1022357,2017,2017-06-06,Sophia Gardens,2,20.3,New Zealand,England,LRPL Taylor,KS Williamson,BA Stokes,0,0,,,,,,,,,
1022357,2017,2017-06-06,Sophia Gardens,2,20.4,New Zealand,England,LRPL Taylor,KS Williamson,BA Stokes,1,0,,,,,,,,,
1022357,2017,2017-06-06,Sophia Gardens,2,20.5,New Zealand,England,KS Williamson,LRPL Taylor,BA Stokes,0,1,1,,,,,,,,
1022357,2017,2017-06-06,Sophia Gardens,2,20.6,New Zealand,England,KS Williamson,LRPL Taylor,BA Stokes,0,0,,,,,,,,,
1022357,2017,2017-06-06,Sophia Gardens,2,20.7,New Zealand,England,KS Williamson,LRPL Taylor,BA Stokes,0,0,,,,,,,,,
1022357,2017,2017-06-06,Sophia Gardens,2,21.1,New Zealand,England,LRPL Taylor,KS Williamson,AU Rashid,0,0,,,,,,,,,
1022357,2017,2017-06-06,Sophia Gardens,2,21.2,New Zealand,England,LRPL Taylor,KS Williamson,AU Rashid,0,0,,,,,,,,,
1022357,2017,2017-06-06,Sophia Gardens,2,21.3,New Zealand,England,LRPL Taylor,KS Williamson,AU Rashid,4,0,,,,,,,,,
1022357,2017,2017-06-06,Sophia Gardens,2,21.4,New Zealand,England,LRPL Taylor,KS Williamson,AU Rashid,0,0,,,,,,,,,
1022357,2017,2017-06-06,Sophia Gardens,2,21.5,New Zealand,England,LRPL Taylor,KS Williamson,AU Rashid,1,0,,,,,,,,,
1022357,2017,2017-06-06,Sophia Gardens,2,21.6,New Zealand,England,KS Williamson,LRPL Taylor,AU Rashid,1,0,,,,,,,,,
1022357,2017,2017-06-06,Sophia Gardens,2,22.1,New Zealand,England,KS Williamson,LRPL Taylor,BA Stokes,4,0,,,,,,,,,
1022357,2017,2017-06-06,Sophia Gardens,2,22.2,New Zealand,England,KS Williamson,LRPL Taylor,BA Stokes,1,0,,,,,,,,,
1022357,2017,2017-06-06,Sophia Gardens,2,22.3,New Zealand,England,LRPL Taylor,KS Williamson,BA Stokes,4,0,,,,,,,,,
1022357,2017,2017-06-06,Sophia Gardens,2,22.4,New Zealand,England,LRPL Taylor,KS Williamson,BA Stokes,0,0,,,,,,,,,
1022357,2017,2017-06-06,Sophia Gardens,2,22.5,New Zealand,England,LRPL Taylor,KS Williamson,BA Stokes,1,0,,,,,,,,,
1022357,2017,2017-06-06,Sophia Gardens,2,22.6,New Zealand,England,KS Williamson,LRPL Taylor,BA Stokes,1,0,,,,,,,,,
1022357,2017,2017-06-06,Sophia Gardens,2,23.1,New Zealand,England,KS Williamson,LRPL Taylor,AU Rashid,4,0,,,,,,,,,
1022357,2017,2017-06-06,Sophia Gardens,2,23.2,New Zealand,England,KS Williamson,LRPL Taylor,AU Rashid,0,0,,,,,,,,,
1022357,2017,2017-06-06,Sophia Gardens,2,23.3,New Zealand,England,KS Williamson,LRPL Taylor,AU Rashid,1,0,,,,,,,,,
1022357,2017,2017-06-06,Sophia Gardens,2,23.4,New Zealand,England,LRPL Taylor,KS Williamson,AU Rashid,1,0,,,,,,,,,
1022357,2017,2017-06-06,Sophia Gardens,2,23.5,New Zealand,England,KS Williamson,LRPL Taylor,AU Rashid,2,0,,,,,,,,,
1022357,2017,2017-06-06,Sophia Gardens,2,23.6,New Zealand,England,KS Williamson,LRPL Taylor,AU Rashid,1,0,,,,,,,,,
1022357,2017,2017-06-06,Sophia Gardens,2,24.1,New Zealand,England,KS Williamson,LRPL Taylor,BA Stokes,0,1,,,,1,,,,,
1022357,2017,2017-06-06,Sophia Gardens,2,24.2,New Zealand,England,LRPL Taylor,KS Williamson,BA Stokes,0,1,1,,,,,,,,
1022357,2017,2017-06-06,Sophia Gardens,2,24.3,New Zealand,England,LRPL Taylor,KS Williamson,BA Stokes,1,0,,,,,,,,,
1022357,2017,2017-06-06,Sophia Gardens,2,24.4,New Zealand,England,KS Williamson,LRPL Taylor,BA Stokes,0,0,,,,,,,,,
1022357,2017,2017-06-06,Sophia Gardens,2,24.5,New Zealand,England,KS Williamson,LRPL Taylor,BA Stokes,4,0,,,,,,,,,
1022357,2017,2017-06-06,Sophia Gardens,2,24.6,New Zealand,England,KS Williamson,LRPL Taylor,BA Stokes,0,0,,,,,,,,,
1022357,2017,2017-06-06,Sophia Gardens,2,24.7,New Zealand,England,KS Williamson,LRPL Taylor,BA Stokes,4,0,,,,,,,,,
1022357,2017,2017-06-06,Sophia Gardens,2,25.1,New Zealand,England,LRPL Taylor,KS Williamson,AU Rashid,0,0,,,,,,,,,
1022357,2017,2017-06-06,Sophia Gardens,2,25.2,New Zealand,England,LRPL Taylor,KS Williamson,AU Rashid,0,0,,,,,,,,,
1022357,2017,2017-06-06,Sophia Gardens,2,25.3,New Zealand,England,LRPL Taylor,KS Williamson,AU Rashid,4,0,,,,,,,,,
1022357,2017,2017-06-06,Sophia Gardens,2,25.4,New Zealand,England,LRPL Taylor,KS Williamson,AU Rashid,1,0,,,,,,,,,
1022357,2017,2017-06-06,Sophia Gardens,2,25.5,New Zealand,England,KS Williamson,LRPL Taylor,AU Rashid,1,0,,,,,,,,,
1022357,2017,2017-06-06,Sophia Gardens,2,25.6,New Zealand,England,LRPL Taylor,KS Williamson,AU Rashid,0,0,,,,,,,,,
1022357,2017,2017-06-06,Sophia Gardens,2,26.1,New Zealand,England,KS Williamson,LRPL Taylor,MA Wood,0,0,,,,,,,,,
1022357,2017,2017-06-06,Sophia Gardens,2,26.2,New Zealand,England,KS Williamson,LRPL Taylor,MA Wood,4,0,,,,,,,,,
1022357,2017,2017-06-06,Sophia Gardens,2,26.3,New Zealand,England,KS Williamson,LRPL Taylor,MA Wood,1,0,,,,,,,,,
1022357,2017,2017-06-06,Sophia Gardens,2,26.4,New Zealand,England,LRPL Taylor,KS Williamson,MA Wood,1,0,,,,,,,,,
1022357,2017,2017-06-06,Sophia Gardens,2,26.5,New Zealand,England,KS Williamson,LRPL Taylor,MA Wood,1,0,,,,,,,,,
1022357,2017,2017-06-06,Sophia Gardens,2,26.6,New Zealand,England,LRPL Taylor,KS Williamson,MA Wood,0,0,,,,,,,,,
1022357,2017,2017-06-06,Sophia Gardens,2,27.1,New Zealand,England,KS Williamson,LRPL Taylor,AU Rashid,1,0,,,,,,,,,
1022357,2017,2017-06-06,Sophia Gardens,2,27.2,New Zealand,England,LRPL Taylor,KS Williamson,AU Rashid,1,0,,,,,,,,,
1022357,2017,2017-06-06,Sophia Gardens,2,27.3,New Zealand,England,KS Williamson,LRPL Taylor,AU Rashid,1,0,,,,,,,,,
1022357,2017,2017-06-06,Sophia Gardens,2,27.4,New Zealand,England,LRPL Taylor,KS Williamson,AU Rashid,0,0,,,,,,,,,
1022357,2017,2017-06-06,Sophia Gardens,2,27.5,New Zealand,England,LRPL Taylor,KS Williamson,AU Rashid,0,0,,,,,,,,,
1022357,2017,2017-06-06,Sophia Gardens,2,27.6,New Zealand,England,LRPL Taylor,KS Williamson,AU Rashid,1,0,,,,,,,,,
1022357,2017,2017-06-06,Sophia Gardens,2,28.1,New Zealand,England,LRPL Taylor,KS Williamson,MA Wood,0,0,,,,,,,,,
1022357,2017,2017-06-06,Sophia Gardens,2,28.2,New Zealand,England,LRPL Taylor,KS Williamson,MA Wood,1,0,,,,,,,,,
1022357,2017,2017-06-06,Sophia Gardens,2,28.3,New Zealand,England,KS Williamson,LRPL Taylor,MA Wood,0,0,,,,,,,,,
1022357,2017,2017-06-06,Sophia Gardens,2,28.4,New Zealand,England,KS Williamson,LRPL Taylor,MA Wood,0,0,,,,,,,,,
1022357,2017,2017-06-06,Sophia Gardens,2,28.5,New Zealand,England,KS Williamson,LRPL Taylor,MA Wood,0,0,,,,,,,,,
1022357,2017,2017-06-06,Sophia Gardens,2,28.6,New Zealand,England,KS Williamson,LRPL Taylor,MA Wood,1,0,,,,,,,,,
1022357,2017,2017-06-06,Sophia Gardens,2,29.1,New Zealand,England,KS Williamson,LRPL Taylor,JT Ball,1,0,,,,,,,,,
1022357,2017,2017-06-06,Sophia Gardens,2,29.2,New Zealand,England,LRPL Taylor,KS Williamson,JT Ball,0,0,,,,,,,,,
1022357,2017,2017-06-06,Sophia Gardens,2,29.3,New Zealand,England,LRPL Taylor,KS Williamson,JT Ball,0,0,,,,,,,,,
1022357,2017,2017-06-06,Sophia Gardens,2,29.4,New Zealand,England,LRPL Taylor,KS Williamson,JT Ball,1,0,,,,,,,,,
1022357,2017,2017-06-06,Sophia Gardens,2,29.5,New Zealand,England,KS Williamson,LRPL Taylor,JT Ball,0,0,,,,,,,,,
1022357,2017,2017-06-06,Sophia Gardens,2,29.6,New Zealand,England,KS Williamson,LRPL Taylor,JT Ball,1,0,,,,,,,,,
1022357,2017,2017-06-06,Sophia Gardens,2,30.1,New Zealand,England,KS Williamson,LRPL Taylor,MA Wood,2,0,,,,,,,,,
1022357,2017,2017-06-06,Sophia Gardens,2,30.2,New Zealand,England,KS Williamson,LRPL Taylor,MA Wood,0,0,,,,,,caught,KS Williamson,,
1022357,2017,2017-06-06,Sophia Gardens,2,30.3,New Zealand,England,NT Broom,LRPL Taylor,MA Wood,0,0,,,,,,,,,
1022357,2017,2017-06-06,Sophia Gardens,2,30.4,New Zealand,England,NT Broom,LRPL Taylor,MA Wood,0,0,,,,,,,,,
1022357,2017,2017-06-06,Sophia Gardens,2,30.5,New Zealand,England,NT Broom,LRPL Taylor,MA Wood,0,0,,,,,,,,,
1022357,2017,2017-06-06,Sophia Gardens,2,30.6,New Zealand,England,NT Broom,LRPL Taylor,MA Wood,0,0,,,,,,,,,
1022357,2017,2017-06-06,Sophia Gardens,2,31.1,New Zealand,England,LRPL Taylor,NT Broom,JT Ball,1,0,,,,,,,,,
1022357,2017,2017-06-06,Sophia Gardens,2,31.2,New Zealand,England,NT Broom,LRPL Taylor,JT Ball,0,0,,,,,,,,,
1022357,2017,2017-06-06,Sophia Gardens,2,31.3,New Zealand,England,NT Broom,LRPL Taylor,JT Ball,1,0,,,,,,,,,
1022357,2017,2017-06-06,Sophia Gardens,2,31.4,New Zealand,England,LRPL Taylor,NT Broom,JT Ball,0,0,,,,,,,,,
1022357,2017,2017-06-06,Sophia Gardens,2,31.5,New Zealand,England,LRPL Taylor,NT Broom,JT Ball,1,0,,,,,,,,,
1022357,2017,2017-06-06,Sophia Gardens,2,31.6,New Zealand,England,NT Broom,LRPL Taylor,JT Ball,0,0,,,,,,,,,
1022357,2017,2017-06-06,Sophia Gardens,2,32.1,New Zealand,England,LRPL Taylor,NT Broom,LE Plunkett,0,0,,,,,,,,,
1022357,2017,2017-06-06,Sophia Gardens,2,32.2,New Zealand,England,LRPL Taylor,NT Broom,LE Plunkett,1,0,,,,,,,,,
1022357,2017,2017-06-06,Sophia Gardens,2,32.3,New Zealand,England,NT Broom,LRPL Taylor,LE Plunkett,1,0,,,,,,,,,
1022357,2017,2017-06-06,Sophia Gardens,2,32.4,New Zealand,England,LRPL Taylor,NT Broom,LE Plunkett,1,0,,,,,,,,,
1022357,2017,2017-06-06,Sophia Gardens,2,32.5,New Zealand,England,NT Broom,LRPL Taylor,LE Plunkett,1,0,,,,,,,,,
1022357,2017,2017-06-06,Sophia Gardens,2,32.6,New Zealand,England,LRPL Taylor,NT Broom,LE Plunkett,1,0,,,,,,,,,
1022357,2017,2017-06-06,Sophia Gardens,2,33.1,New Zealand,England,LRPL Taylor,NT Broom,JT Ball,1,0,,,,,,,,,
1022357,2017,2017-06-06,Sophia Gardens,2,33.2,New Zealand,England,NT Broom,LRPL Taylor,JT Ball,0,0,,,,,,,,,
1022357,2017,2017-06-06,Sophia Gardens,2,33.3,New Zealand,England,NT Broom,LRPL Taylor,JT Ball,1,0,,,,,,,,,
1022357,2017,2017-06-06,Sophia Gardens,2,33.4,New Zealand,England,LRPL Taylor,NT Broom,JT Ball,0,0,,,,,,caught,LRPL Taylor,,
1022357,2017,2017-06-06,Sophia Gardens,2,33.5,New Zealand,England,JDS Neesham,NT Broom,JT Ball,1,0,,,,,,,,,
1022357,2017,2017-06-06,Sophia Gardens,2,33.6,New Zealand,England,NT Broom,JDS Neesham,JT Ball,2,0,,,,,,,,,
1022357,2017,2017-06-06,Sophia Gardens,2,34.1,New Zealand,England,JDS Neesham,NT Broom,LE Plunkett,0,0,,,,,,,,,
1022357,2017,2017-06-06,Sophia Gardens,2,34.2,New Zealand,England,JDS Neesham,NT Broom,LE Plunkett,0,0,,,,,,,,,
1022357,2017,2017-06-06,Sophia Gardens,2,34.3,New Zealand,England,JDS Neesham,NT Broom,LE Plunkett,1,0,,,,,,,,,
1022357,2017,2017-06-06,Sophia Gardens,2,34.4,New Zealand,England,NT Broom,JDS Neesham,LE Plunkett,1,0,,,,,,,,,
1022357,2017,2017-06-06,Sophia Gardens,2,34.5,New Zealand,England,JDS Neesham,NT Broom,LE Plunkett,4,0,,,,,,,,,
1022357,2017,2017-06-06,Sophia Gardens,2,34.6,New Zealand,England,JDS Neesham,NT Broom,LE Plunkett,1,0,,,,,,,,,
1022357,2017,2017-06-06,Sophia Gardens,2,35.1,New Zealand,England,JDS Neesham,NT Broom,AU Rashid,0,0,,,,,,,,,
1022357,2017,2017-06-06,Sophia Gardens,2,35.2,New Zealand,England,JDS Neesham,NT Broom,AU Rashid,2,0,,,,,,,,,
1022357,2017,2017-06-06,Sophia Gardens,2,35.3,New Zealand,England,JDS Neesham,NT Broom,AU Rashid,0,0,,,,,,,,,
1022357,2017,2017-06-06,Sophia Gardens,2,35.4,New Zealand,England,JDS Neesham,NT Broom,AU Rashid,1,0,,,,,,,,,
1022357,2017,2017-06-06,Sophia Gardens,2,35.5,New Zealand,England,NT Broom,JDS Neesham,AU Rashid,0,0,,,,,,,,,
1022357,2017,2017-06-06,Sophia Gardens,2,35.6,New Zealand,England,NT Broom,JDS Neesham,AU Rashid,0,0,,,,,,,,,
1022357,2017,2017-06-06,Sophia Gardens,2,36.1,New Zealand,England,JDS Neesham,NT Broom,LE Plunkett,1,0,,,,,,,,,
1022357,2017,2017-06-06,Sophia Gardens,2,36.2,New Zealand,England,NT Broom,JDS Neesham,LE Plunkett,1,0,,,,,,,,,
1022357,2017,2017-06-06,Sophia Gardens,2,36.3,New Zealand,England,JDS Neesham,NT Broom,LE Plunkett,1,0,,,,,,,,,
1022357,2017,2017-06-06,Sophia Gardens,2,36.4,New Zealand,England,NT Broom,JDS Neesham,LE Plunkett,1,0,,,,,,,,,
1022357,2017,2017-06-06,Sophia Gardens,2,36.5,New Zealand,England,JDS Neesham,NT Broom,LE Plunkett,6,0,,,,,,,,,
1022357,2017,2017-06-06,Sophia Gardens,2,36.6,New Zealand,England,JDS Neesham,NT Broom,LE Plunkett,0,0,,,,,,caught,JDS Neesham,,
1022357,2017,2017-06-06,Sophia Gardens,2,37.1,New Zealand,England,CJ Anderson,NT Broom,AU Rashid,0,0,,,,,,,,,
1022357,2017,2017-06-06,Sophia Gardens,2,37.2,New Zealand,England,CJ Anderson,NT Broom,AU Rashid,1,0,,,,,,,,,
1022357,2017,2017-06-06,Sophia Gardens,2,37.3,New Zealand,England,NT Broom,CJ Anderson,AU Rashid,0,0,,,,,,,,,
1022357,2017,2017-06-06,Sophia Gardens,2,37.4,New Zealand,England,NT Broom,CJ Anderson,AU Rashid,2,0,,,,,,,,,
1022357,2017,2017-06-06,Sophia Gardens,2,37.5,New Zealand,England,NT Broom,CJ Anderson,AU Rashid,0,0,,,,,,,,,
1022357,2017,2017-06-06,Sophia Gardens,2,37.6,New Zealand,England,NT Broom,CJ Anderson,AU Rashid,0,0,,,,,,lbw,NT Broom,,
1022357,2017,2017-06-06,Sophia Gardens,2,38.1,New Zealand,England,CJ Anderson,MJ Santner,BA Stokes,0,0,,,,,,,,,
1022357,2017,2017-06-06,Sophia Gardens,2,38.2,New Zealand,England,CJ Anderson,MJ Santner,BA Stokes,1,0,,,,,,,,,
1022357,2017,2017-06-06,Sophia Gardens,2,38.3,New Zealand,England,MJ Santner,CJ Anderson,BA Stokes,0,0,,,,,,,,,
1022357,2017,2017-06-06,Sophia Gardens,2,38.4,New Zealand,England,MJ Santner,CJ Anderson,BA Stokes,0,0,,,,,,,,,
1022357,2017,2017-06-06,Sophia Gardens,2,38.5,New Zealand,England,MJ Santner,CJ Anderson,BA Stokes,1,0,,,,,,,,,
1022357,2017,2017-06-06,Sophia Gardens,2,38.6,New Zealand,England,CJ Anderson,MJ Santner,BA Stokes,0,0,,,,,,,,,
1022357,2017,2017-06-06,Sophia Gardens,2,39.1,New Zealand,England,MJ Santner,CJ Anderson,AU Rashid,0,0,,,,,,,,,
1022357,2017,2017-06-06,Sophia Gardens,2,39.2,New Zealand,England,MJ Santner,CJ Anderson,AU Rashid,0,0,,,,,,,,,
1022357,2017,2017-06-06,Sophia Gardens,2,39.3,New Zealand,England,MJ Santner,CJ Anderson,AU Rashid,0,0,,,,,,,,,
1022357,2017,2017-06-06,Sophia Gardens,2,39.4,New Zealand,England,MJ Santner,CJ Anderson,AU Rashid,0,0,,,,,,,,,
1022357,2017,2017-06-06,Sophia Gardens,2,39.5,New Zealand,England,MJ Santner,CJ Anderson,AU Rashid,1,0,,,,,,,,,
1022357,2017,2017-06-06,Sophia Gardens,2,39.6,New Zealand,England,CJ Anderson,MJ Santner,AU Rashid,1,0,,,,,,,,,
1022357,2017,2017-06-06,Sophia Gardens,2,40.1,New Zealand,England,CJ Anderson,MJ Santner,BA Stokes,4,0,,,,,,,,,
1022357,2017,2017-06-06,Sophia Gardens,2,40.2,New Zealand,England,CJ Anderson,MJ Santner,BA Stokes,0,0,,,,,,,,,
1022357,2017,2017-06-06,Sophia Gardens,2,40.3,New Zealand,England,CJ Anderson,MJ Santner,BA Stokes,0,0,,,,,,,,,
1022357,2017,2017-06-06,Sophia Gardens,2,40.4,New Zealand,England,CJ Anderson,MJ Santner,BA Stokes,0,0,,,,,,,,,
1022357,2017,2017-06-06,Sophia Gardens,2,40.5,New Zealand,England,CJ Anderson,MJ Santner,BA Stokes,1,0,,,,,,,,,
1022357,2017,2017-06-06,Sophia Gardens,2,40.6,New Zealand,England,MJ Santner,CJ Anderson,BA Stokes,1,0,,,,,,,,,
1022357,2017,2017-06-06,Sophia Gardens,2,41.1,New Zealand,England,MJ Santner,CJ Anderson,AU Rashid,0,1,1,,,,,stumped,MJ Santner,,
1022357,2017,2017-06-06,Sophia Gardens,2,41.2,New Zealand,England,AF Milne,CJ Anderson,AU Rashid,1,0,,,,,,,,,
1022357,2017,2017-06-06,Sophia Gardens,2,41.3,New Zealand,England,CJ Anderson,AF Milne,AU Rashid,1,0,,,,,,,,,
1022357,2017,2017-06-06,Sophia Gardens,2,41.4,New Zealand,England,AF Milne,CJ Anderson,AU Rashid,0,0,,,,,,,,,
1022357,2017,2017-06-06,Sophia Gardens,2,41.5,New Zealand,England,AF Milne,CJ Anderson,AU Rashid,0,0,,,,,,,,,
1022357,2017,2017-06-06,Sophia Gardens,2,41.6,New Zealand,England,AF Milne,CJ Anderson,AU Rashid,1,0,,,,,,,,,
1022357,2017,2017-06-06,Sophia Gardens,2,41.7,New Zealand,England,CJ Anderson,AF Milne,AU Rashid,0,0,,,,,,,,,
1022357,2017,2017-06-06,Sophia Gardens,2,42.1,New Zealand,England,AF Milne,CJ Anderson,LE Plunkett,1,0,,,,,,,,,
1022357,2017,2017-06-06,Sophia Gardens,2,42.2,New Zealand,England,CJ Anderson,AF Milne,LE Plunkett,1,0,,,,,,,,,
1022357,2017,2017-06-06,Sophia Gardens,2,42.3,New Zealand,England,AF Milne,CJ Anderson,LE Plunkett,0,0,,,,,,,,,
1022357,2017,2017-06-06,Sophia Gardens,2,42.4,New Zealand,England,AF Milne,CJ Anderson,LE Plunkett,1,0,,,,,,,,,
1022357,2017,2017-06-06,Sophia Gardens,2,42.5,New Zealand,England,CJ Anderson,AF Milne,LE Plunkett,0,0,,,,,,caught,CJ Anderson,,
1022357,2017,2017-06-06,Sophia Gardens,2,42.6,New Zealand,England,AF Milne,TG Southee,LE Plunkett,4,0,,,,,,,,,
1022357,2017,2017-06-06,Sophia Gardens,2,43.1,New Zealand,England,TG Southee,AF Milne,MA Wood,0,4,,,,4,,,,,
1022357,2017,2017-06-06,Sophia Gardens,2,43.2,New Zealand,England,TG Southee,AF Milne,MA Wood,1,0,,,,,,,,,
1022357,2017,2017-06-06,Sophia Gardens,2,43.3,New Zealand,England,AF Milne,TG Southee,MA Wood,1,0,,,,,,,,,
1022357,2017,2017-06-06,Sophia Gardens,2,43.4,New Zealand,England,TG Southee,AF Milne,MA Wood,0,0,,,,,,,,,
1022357,2017,2017-06-06,Sophia Gardens,2,43.5,New Zealand,England,TG Southee,AF Milne,MA Wood,1,0,,,,,,,,,
1022357,2017,2017-06-06,Sophia Gardens,2,43.6,New Zealand,England,AF Milne,TG Southee,MA Wood,1,0,,,,,,,,,
1022357,2017,2017-06-06,Sophia Gardens,2,44.1,New Zealand,England,AF Milne,TG Southee,LE Plunkett,0,0,,,,,,caught,AF Milne,,
1022357,2017,2017-06-06,Sophia Gardens,2,44.2,New Zealand,England,TG Southee,TA Boult,LE Plunkett,0,0,,,,,,,,,
1022357,2017,2017-06-06,Sophia Gardens,2,44.3,New Zealand,England,TG Southee,TA Boult,LE Plunkett,0,0,,,,,,caught,TG Southee,,
