match_id,season,start_date,venue,innings,ball,batting_team,bowling_team,striker,non_striker,bowler,runs_off_bat,extras,wides,noballs,byes,legbyes,penalty,wicket_type,player_dismissed,other_wicket_type,other_player_dismissed
1026851,2016/17,2016-11-08,"Mission Road Ground, Mong Kok",1,0.1,Papua New Guinea,Hong Kong,TP Ura,VV Morea,Nadeem Ahmed,0,0,,,,,,,,,
1026851,2016/17,2016-11-08,"Mission Road Ground, Mong Kok",1,0.2,Papua New Guinea,Hong Kong,TP Ura,VV Morea,Nadeem Ahmed,1,0,,,,,,,,,
1026851,2016/17,2016-11-08,"Mission Road Ground, Mong Kok",1,0.3,Papua New Guinea,Hong Kong,VV Morea,TP Ura,Nadeem Ahmed,0,0,,,,,,,,,
1026851,2016/17,2016-11-08,"Mission Road Ground, Mong Kok",1,0.4,Papua New Guinea,Hong Kong,VV Morea,TP Ura,Nadeem Ahmed,0,0,,,,,,,,,
1026851,2016/17,2016-11-08,"Mission Road Ground, Mong Kok",1,0.5,Papua New Guinea,Hong Kong,VV Morea,TP Ura,Nadeem Ahmed,0,0,,,,,,,,,
1026851,2016/17,2016-11-08,"Mission Road Ground, Mong Kok",1,0.6,Papua New Guinea,Hong Kong,VV Morea,TP Ura,Nadeem Ahmed,0,0,,,,,,,,,
1026851,2016/17,2016-11-08,"Mission Road Ground, Mong Kok",1,1.1,Papua New Guinea,Hong Kong,TP Ura,VV Morea,Tanwir Afzal,0,0,,,,,,,,,
1026851,2016/17,2016-11-08,"Mission Road Ground, Mong Kok",1,1.2,Papua New Guinea,Hong Kong,TP Ura,VV Morea,Tanwir Afzal,0,4,,,,4,,,,,
1026851,2016/17,2016-11-08,"Mission Road Ground, Mong Kok",1,1.3,Papua New Guinea,Hong Kong,TP Ura,VV Morea,Tanwir Afzal,0,1,1,,,,,,,,
1026851,2016/17,2016-11-08,"Mission Road Ground, Mong Kok",1,1.4,Papua New Guinea,Hong Kong,TP Ura,VV Morea,Tanwir Afzal,1,0,,,,,,,,,
1026851,2016/17,2016-11-08,"Mission Road Ground, Mong Kok",1,1.5,Papua New Guinea,Hong Kong,VV Morea,TP Ura,Tanwir Afzal,0,0,,,,,,,,,
1026851,2016/17,2016-11-08,"Mission Road Ground, Mong Kok",1,1.6,Papua New Guinea,Hong Kong,VV Morea,TP Ura,Tanwir Afzal,0,0,,,,,,,,,
1026851,2016/17,2016-11-08,"Mission Road Ground, Mong Kok",1,1.7,Papua New Guinea,Hong Kong,VV Morea,TP Ura,Tanwir Afzal,4,0,,,,,,,,,
1026851,2016/17,2016-11-08,"Mission Road Ground, Mong Kok",1,2.1,Papua New Guinea,Hong Kong,TP Ura,VV Morea,Nadeem Ahmed,2,0,,,,,,,,,
1026851,2016/17,2016-11-08,"Mission Road Ground, Mong Kok",1,2.2,Papua New Guinea,Hong Kong,TP Ura,VV Morea,Nadeem Ahmed,0,1,,,,1,,,,,
1026851,2016/17,2016-11-08,"Mission Road Ground, Mong Kok",1,2.3,Papua New Guinea,Hong Kong,VV Morea,TP Ura,Nadeem Ahmed,0,0,,,,,,,,,
1026851,2016/17,2016-11-08,"Mission Road Ground, Mong Kok",1,2.4,Papua New Guinea,Hong Kong,VV Morea,TP Ura,Nadeem Ahmed,0,0,,,,,,,,,
1026851,2016/17,2016-11-08,"Mission Road Ground, Mong Kok",1,2.5,Papua New Guinea,Hong Kong,VV Morea,TP Ura,Nadeem Ahmed,1,0,,,,,,,,,
1026851,2016/17,2016-11-08,"Mission Road Ground, Mong Kok",1,2.6,Papua New Guinea,Hong Kong,TP Ura,VV Morea,Nadeem Ahmed,0,0,,,,,,,,,
1026851,2016/17,2016-11-08,"Mission Road Ground, Mong Kok",1,3.1,Papua New Guinea,Hong Kong,VV Morea,TP Ura,Tanwir Afzal,0,0,,,,,,,,,
1026851,2016/17,2016-11-08,"Mission Road Ground, Mong Kok",1,3.2,Papua New Guinea,Hong Kong,VV Morea,TP Ura,Tanwir Afzal,0,0,,,,,,,,,
1026851,2016/17,2016-11-08,"Mission Road Ground, Mong Kok",1,3.3,Papua New Guinea,Hong Kong,VV Morea,TP Ura,Tanwir Afzal,0,2,2,,,,,,,,
1026851,2016/17,2016-11-08,"Mission Road Ground, Mong Kok",1,3.4,Papua New Guinea,Hong Kong,TP Ura,VV Morea,Tanwir Afzal,1,0,,,,,,,,,
1026851,2016/17,2016-11-08,"Mission Road Ground, Mong Kok",1,3.5,Papua New Guinea,Hong Kong,VV Morea,TP Ura,Tanwir Afzal,4,0,,,,,,,,,
1026851,2016/17,2016-11-08,"Mission Road Ground, Mong Kok",1,3.6,Papua New Guinea,Hong Kong,VV Morea,TP Ura,Tanwir Afzal,0,0,,,,,,,,,
1026851,2016/17,2016-11-08,"Mission Road Ground, Mong Kok",1,3.7,Papua New Guinea,Hong Kong,VV Morea,TP Ura,Tanwir Afzal,0,0,,,,,,,,,
1026851,2016/17,2016-11-08,"Mission Road Ground, Mong Kok",1,4.1,Papua New Guinea,Hong Kong,TP Ura,VV Morea,Nadeem Ahmed,0,0,,,,,,,,,
1026851,2016/17,2016-11-08,"Mission Road Ground, Mong Kok",1,4.2,Papua New Guinea,Hong Kong,TP Ura,VV Morea,Nadeem Ahmed,0,0,,,,,,,,,
1026851,2016/17,2016-11-08,"Mission Road Ground, Mong Kok",1,4.3,Papua New Guinea,Hong Kong,TP Ura,VV Morea,Nadeem Ahmed,1,0,,,,,,,,,
1026851,2016/17,2016-11-08,"Mission Road Ground, Mong Kok",1,4.4,Papua New Guinea,Hong Kong,VV Morea,TP Ura,Nadeem Ahmed,0,0,,,,,,,,,
1026851,2016/17,2016-11-08,"Mission Road Ground, Mong Kok",1,4.5,Papua New Guinea,Hong Kong,VV Morea,TP Ura,Nadeem Ahmed,0,0,,,,,,,,,
1026851,2016/17,2016-11-08,"Mission Road Ground, Mong Kok",1,4.6,Papua New Guinea,Hong Kong,VV Morea,TP Ura,Nadeem Ahmed,4,0,,,,,,,,,
1026851,2016/17,2016-11-08,"Mission Road Ground, Mong Kok",1,5.1,Papua New Guinea,Hong Kong,TP Ura,VV Morea,Tanwir Afzal,4,0,,,,,,,,,
1026851,2016/17,2016-11-08,"Mission Road Ground, Mong Kok",1,5.2,Papua New Guinea,Hong Kong,TP Ura,VV Morea,Tanwir Afzal,0,0,,,,,,,,,
1026851,2016/17,2016-11-08,"Mission Road Ground, Mong Kok",1,5.3,Papua New Guinea,Hong Kong,TP Ura,VV Morea,Tanwir Afzal,0,0,,,,,,,,,
1026851,2016/17,2016-11-08,"Mission Road Ground, Mong Kok",1,5.4,Papua New Guinea,Hong Kong,TP Ura,VV Morea,Tanwir Afzal,2,0,,,,,,,,,
1026851,2016/17,2016-11-08,"Mission Road Ground, Mong Kok",1,5.5,Papua New Guinea,Hong Kong,TP Ura,VV Morea,Tanwir Afzal,0,0,,,,,,,,,
1026851,2016/17,2016-11-08,"Mission Road Ground, Mong Kok",1,5.6,Papua New Guinea,Hong Kong,TP Ura,VV Morea,Tanwir Afzal,0,0,,,,,,,,,
1026851,2016/17,2016-11-08,"Mission Road Ground, Mong Kok",1,6.1,Papua New Guinea,Hong Kong,VV Morea,TP Ura,Nadeem Ahmed,0,0,,,,,,,,,
1026851,2016/17,2016-11-08,"Mission Road Ground, Mong Kok",1,6.2,Papua New Guinea,Hong Kong,VV Morea,TP Ura,Nadeem Ahmed,0,0,,,,,,,,,
1026851,2016/17,2016-11-08,"Mission Road Ground, Mong Kok",1,6.3,Papua New Guinea,Hong Kong,VV Morea,TP Ura,Nadeem Ahmed,0,0,,,,,,,,,
1026851,2016/17,2016-11-08,"Mission Road Ground, Mong Kok",1,6.4,Papua New Guinea,Hong Kong,VV Morea,TP Ura,Nadeem Ahmed,0,0,,,,,,,,,
1026851,2016/17,2016-11-08,"Mission Road Ground, Mong Kok",1,6.5,Papua New Guinea,Hong Kong,VV Morea,TP Ura,Nadeem Ahmed,0,0,,,,,,,,,
1026851,2016/17,2016-11-08,"Mission Road Ground, Mong Kok",1,6.6,Papua New Guinea,Hong Kong,VV Morea,TP Ura,Nadeem Ahmed,0,0,,,,,,,,,
1026851,2016/17,2016-11-08,"Mission Road Ground, Mong Kok",1,7.1,Papua New Guinea,Hong Kong,TP Ura,VV Morea,Tanwir Afzal,0,0,,,,,,,,,
1026851,2016/17,2016-11-08,"Mission Road Ground, Mong Kok",1,7.2,Papua New Guinea,Hong Kong,TP Ura,VV Morea,Tanwir Afzal,0,0,,,,,,,,,
1026851,2016/17,2016-11-08,"Mission Road Ground, Mong Kok",1,7.3,Papua New Guinea,Hong Kong,TP Ura,VV Morea,Tanwir Afzal,1,0,,,,,,,,,
1026851,2016/17,2016-11-08,"Mission Road Ground, Mong Kok",1,7.4,Papua New Guinea,Hong Kong,VV Morea,TP Ura,Tanwir Afzal,0,0,,,,,,,,,
1026851,2016/17,2016-11-08,"Mission Road Ground, Mong Kok",1,7.5,Papua New Guinea,Hong Kong,VV Morea,TP Ura,Tanwir Afzal,4,0,,,,,,,,,
1026851,2016/17,2016-11-08,"Mission Road Ground, Mong Kok",1,7.6,Papua New Guinea,Hong Kong,VV Morea,TP Ura,Tanwir Afzal,0,0,,,,,,,,,
1026851,2016/17,2016-11-08,"Mission Road Ground, Mong Kok",1,8.1,Papua New Guinea,Hong Kong,TP Ura,VV Morea,Anshuman Rath,0,0,,,,,,,,,
1026851,2016/17,2016-11-08,"Mission Road Ground, Mong Kok",1,8.2,Papua New Guinea,Hong Kong,TP Ura,VV Morea,Anshuman Rath,4,0,,,,,,,,,
1026851,2016/17,2016-11-08,"Mission Road Ground, Mong Kok",1,8.3,Papua New Guinea,Hong Kong,TP Ura,VV Morea,Anshuman Rath,0,0,,,,,,,,,
1026851,2016/17,2016-11-08,"Mission Road Ground, Mong Kok",1,8.4,Papua New Guinea,Hong Kong,TP Ura,VV Morea,Anshuman Rath,0,0,,,,,,,,,
1026851,2016/17,2016-11-08,"Mission Road Ground, Mong Kok",1,8.5,Papua New Guinea,Hong Kong,TP Ura,VV Morea,Anshuman Rath,1,0,,,,,,,,,
1026851,2016/17,2016-11-08,"Mission Road Ground, Mong Kok",1,8.6,Papua New Guinea,Hong Kong,VV Morea,TP Ura,Anshuman Rath,0,0,,,,,,,,,
1026851,2016/17,2016-11-08,"Mission Road Ground, Mong Kok",1,9.1,Papua New Guinea,Hong Kong,TP Ura,VV Morea,Aizaz Khan,0,0,,,,,,,,,
1026851,2016/17,2016-11-08,"Mission Road Ground, Mong Kok",1,9.2,Papua New Guinea,Hong Kong,TP Ura,VV Morea,Aizaz Khan,0,0,,,,,,,,,
1026851,2016/17,2016-11-08,"Mission Road Ground, Mong Kok",1,9.3,Papua New Guinea,Hong Kong,TP Ura,VV Morea,Aizaz Khan,0,0,,,,,,,,,
1026851,2016/17,2016-11-08,"Mission Road Ground, Mong Kok",1,9.4,Papua New Guinea,Hong Kong,TP Ura,VV Morea,Aizaz Khan,0,1,,,,1,,,,,
1026851,2016/17,2016-11-08,"Mission Road Ground, Mong Kok",1,9.5,Papua New Guinea,Hong Kong,VV Morea,TP Ura,Aizaz Khan,0,1,1,,,,,,,,
1026851,2016/17,2016-11-08,"Mission Road Ground, Mong Kok",1,9.6,Papua New Guinea,Hong Kong,VV Morea,TP Ura,Aizaz Khan,0,0,,,,,,,,,
1026851,2016/17,2016-11-08,"Mission Road Ground, Mong Kok",1,9.7,Papua New Guinea,Hong Kong,VV Morea,TP Ura,Aizaz Khan,0,0,,,,,,,,,
1026851,2016/17,2016-11-08,"Mission Road Ground, Mong Kok",1,10.1,Papua New Guinea,Hong Kong,TP Ura,VV Morea,Anshuman Rath,0,0,,,,,,,,,
1026851,2016/17,2016-11-08,"Mission Road Ground, Mong Kok",1,10.2,Papua New Guinea,Hong Kong,TP Ura,VV Morea,Anshuman Rath,0,0,,,,,,,,,
1026851,2016/17,2016-11-08,"Mission Road Ground, Mong Kok",1,10.3,Papua New Guinea,Hong Kong,TP Ura,VV Morea,Anshuman Rath,0,0,,,,,,,,,
1026851,2016/17,2016-11-08,"Mission Road Ground, Mong Kok",1,10.4,Papua New Guinea,Hong Kong,TP Ura,VV Morea,Anshuman Rath,0,0,,,,,,,,,
1026851,2016/17,2016-11-08,"Mission Road Ground, Mong Kok",1,10.5,Papua New Guinea,Hong Kong,TP Ura,VV Morea,Anshuman Rath,0,0,,,,,,,,,
1026851,2016/17,2016-11-08,"Mission Road Ground, Mong Kok",1,10.6,Papua New Guinea,Hong Kong,TP Ura,VV Morea,Anshuman Rath,1,0,,,,,,,,,
1026851,2016/17,2016-11-08,"Mission Road Ground, Mong Kok",1,11.1,Papua New Guinea,Hong Kong,TP Ura,VV Morea,Aizaz Khan,1,0,,,,,,,,,
1026851,2016/17,2016-11-08,"Mission Road Ground, Mong Kok",1,11.2,Papua New Guinea,Hong Kong,VV Morea,TP Ura,Aizaz Khan,6,0,,,,,,,,,
1026851,2016/17,2016-11-08,"Mission Road Ground, Mong Kok",1,11.3,Papua New Guinea,Hong Kong,VV Morea,TP Ura,Aizaz Khan,2,0,,,,,,,,,
1026851,2016/17,2016-11-08,"Mission Road Ground, Mong Kok",1,11.4,Papua New Guinea,Hong Kong,VV Morea,TP Ura,Aizaz Khan,0,0,,,,,,,,,
1026851,2016/17,2016-11-08,"Mission Road Ground, Mong Kok",1,11.5,Papua New Guinea,Hong Kong,VV Morea,TP Ura,Aizaz Khan,0,0,,,,,,,,,
1026851,2016/17,2016-11-08,"Mission Road Ground, Mong Kok",1,11.6,Papua New Guinea,Hong Kong,VV Morea,TP Ura,Aizaz Khan,1,0,,,,,,,,,
1026851,2016/17,2016-11-08,"Mission Road Ground, Mong Kok",1,12.1,Papua New Guinea,Hong Kong,VV Morea,TP Ura,Anshuman Rath,0,0,,,,,,,,,
1026851,2016/17,2016-11-08,"Mission Road Ground, Mong Kok",1,12.2,Papua New Guinea,Hong Kong,VV Morea,TP Ura,Anshuman Rath,0,0,,,,,,,,,
1026851,2016/17,2016-11-08,"Mission Road Ground, Mong Kok",1,12.3,Papua New Guinea,Hong Kong,VV Morea,TP Ura,Anshuman Rath,0,0,,,,,,,,,
1026851,2016/17,2016-11-08,"Mission Road Ground, Mong Kok",1,12.4,Papua New Guinea,Hong Kong,VV Morea,TP Ura,Anshuman Rath,0,0,,,,,,,,,
1026851,2016/17,2016-11-08,"Mission Road Ground, Mong Kok",1,12.5,Papua New Guinea,Hong Kong,VV Morea,TP Ura,Anshuman Rath,0,0,,,,,,run out,TP Ura,,
1026851,2016/17,2016-11-08,"Mission Road Ground, Mong Kok",1,12.6,Papua New Guinea,Hong Kong,VV Morea,L Siaka,Anshuman Rath,0,0,,,,,,,,,
1026851,2016/17,2016-11-08,"Mission Road Ground, Mong Kok",1,13.1,Papua New Guinea,Hong Kong,L Siaka,VV Morea,Aizaz Khan,0,0,,,,,,,,,
1026851,2016/17,2016-11-08,"Mission Road Ground, Mong Kok",1,13.2,Papua New Guinea,Hong Kong,L Siaka,VV Morea,Aizaz Khan,4,0,,,,,,,,,
1026851,2016/17,2016-11-08,"Mission Road Ground, Mong Kok",1,13.3,Papua New Guinea,Hong Kong,L Siaka,VV Morea,Aizaz Khan,0,0,,,,,,,,,
1026851,2016/17,2016-11-08,"Mission Road Ground, Mong Kok",1,13.4,Papua New Guinea,Hong Kong,L Siaka,VV Morea,Aizaz Khan,1,0,,,,,,,,,
1026851,2016/17,2016-11-08,"Mission Road Ground, Mong Kok",1,13.5,Papua New Guinea,Hong Kong,VV Morea,L Siaka,Aizaz Khan,0,0,,,,,,,,,
1026851,2016/17,2016-11-08,"Mission Road Ground, Mong Kok",1,13.6,Papua New Guinea,Hong Kong,VV Morea,L Siaka,Aizaz Khan,1,0,,,,,,,,,
1026851,2016/17,2016-11-08,"Mission Road Ground, Mong Kok",1,14.1,Papua New Guinea,Hong Kong,VV Morea,L Siaka,Anshuman Rath,0,0,,,,,,,,,
1026851,2016/17,2016-11-08,"Mission Road Ground, Mong Kok",1,14.2,Papua New Guinea,Hong Kong,VV Morea,L Siaka,Anshuman Rath,0,0,,,,,,,,,
1026851,2016/17,2016-11-08,"Mission Road Ground, Mong Kok",1,14.3,Papua New Guinea,Hong Kong,VV Morea,L Siaka,Anshuman Rath,0,0,,,,,,,,,
1026851,2016/17,2016-11-08,"Mission Road Ground, Mong Kok",1,14.4,Papua New Guinea,Hong Kong,VV Morea,L Siaka,Anshuman Rath,0,0,,,,,,,,,
1026851,2016/17,2016-11-08,"Mission Road Ground, Mong Kok",1,14.5,Papua New Guinea,Hong Kong,VV Morea,L Siaka,Anshuman Rath,0,0,,,,,,,,,
1026851,2016/17,2016-11-08,"Mission Road Ground, Mong Kok",1,14.6,Papua New Guinea,Hong Kong,VV Morea,L Siaka,Anshuman Rath,1,0,,,,,,,,,
1026851,2016/17,2016-11-08,"Mission Road Ground, Mong Kok",1,15.1,Papua New Guinea,Hong Kong,VV Morea,L Siaka,Aizaz Khan,0,0,,,,,,,,,
1026851,2016/17,2016-11-08,"Mission Road Ground, Mong Kok",1,15.2,Papua New Guinea,Hong Kong,VV Morea,L Siaka,Aizaz Khan,0,0,,,,,,,,,
1026851,2016/17,2016-11-08,"Mission Road Ground, Mong Kok",1,15.3,Papua New Guinea,Hong Kong,VV Morea,L Siaka,Aizaz Khan,4,0,,,,,,,,,
1026851,2016/17,2016-11-08,"Mission Road Ground, Mong Kok",1,15.4,Papua New Guinea,Hong Kong,VV Morea,L Siaka,Aizaz Khan,0,0,,,,,,,,,
1026851,2016/17,2016-11-08,"Mission Road Ground, Mong Kok",1,15.5,Papua New Guinea,Hong Kong,VV Morea,L Siaka,Aizaz Khan,0,0,,,,,,,,,
1026851,2016/17,2016-11-08,"Mission Road Ground, Mong Kok",1,15.6,Papua New Guinea,Hong Kong,VV Morea,L Siaka,Aizaz Khan,1,0,,,,,,,,,
1026851,2016/17,2016-11-08,"Mission Road Ground, Mong Kok",1,16.1,Papua New Guinea,Hong Kong,VV Morea,L Siaka,Anshuman Rath,1,0,,,,,,,,,
1026851,2016/17,2016-11-08,"Mission Road Ground, Mong Kok",1,16.2,Papua New Guinea,Hong Kong,L Siaka,VV Morea,Anshuman Rath,0,0,,,,,,,,,
1026851,2016/17,2016-11-08,"Mission Road Ground, Mong Kok",1,16.3,Papua New Guinea,Hong Kong,L Siaka,VV Morea,Anshuman Rath,6,0,,,,,,,,,
1026851,2016/17,2016-11-08,"Mission Road Ground, Mong Kok",1,16.4,Papua New Guinea,Hong Kong,L Siaka,VV Morea,Anshuman Rath,0,0,,,,,,,,,
1026851,2016/17,2016-11-08,"Mission Road Ground, Mong Kok",1,16.5,Papua New Guinea,Hong Kong,L Siaka,VV Morea,Anshuman Rath,0,0,,,,,,,,,
1026851,2016/17,2016-11-08,"Mission Road Ground, Mong Kok",1,16.6,Papua New Guinea,Hong Kong,L Siaka,VV Morea,Anshuman Rath,0,0,,,,,,,,,
1026851,2016/17,2016-11-08,"Mission Road Ground, Mong Kok",1,17.1,Papua New Guinea,Hong Kong,VV Morea,L Siaka,Nadeem Ahmed,0,0,,,,,,,,,
1026851,2016/17,2016-11-08,"Mission Road Ground, Mong Kok",1,17.2,Papua New Guinea,Hong Kong,VV Morea,L Siaka,Nadeem Ahmed,0,0,,,,,,,,,
1026851,2016/17,2016-11-08,"Mission Road Ground, Mong Kok",1,17.3,Papua New Guinea,Hong Kong,VV Morea,L Siaka,Nadeem Ahmed,0,0,,,,,,,,,
1026851,2016/17,2016-11-08,"Mission Road Ground, Mong Kok",1,17.4,Papua New Guinea,Hong Kong,VV Morea,L Siaka,Nadeem Ahmed,0,0,,,,,,,,,
1026851,2016/17,2016-11-08,"Mission Road Ground, Mong Kok",1,17.5,Papua New Guinea,Hong Kong,VV Morea,L Siaka,Nadeem Ahmed,0,0,,,,,,,,,
1026851,2016/17,2016-11-08,"Mission Road Ground, Mong Kok",1,17.6,Papua New Guinea,Hong Kong,VV Morea,L Siaka,Nadeem Ahmed,0,0,,,,,,,,,
1026851,2016/17,2016-11-08,"Mission Road Ground, Mong Kok",1,18.1,Papua New Guinea,Hong Kong,L Siaka,VV Morea,Anshuman Rath,0,0,,,,,,,,,
1026851,2016/17,2016-11-08,"Mission Road Ground, Mong Kok",1,18.2,Papua New Guinea,Hong Kong,L Siaka,VV Morea,Anshuman Rath,0,0,,,,,,caught,L Siaka,,
1026851,2016/17,2016-11-08,"Mission Road Ground, Mong Kok",1,18.3,Papua New Guinea,Hong Kong,VV Morea,A Vala,Anshuman Rath,1,0,,,,,,,,,
1026851,2016/17,2016-11-08,"Mission Road Ground, Mong Kok",1,18.4,Papua New Guinea,Hong Kong,A Vala,VV Morea,Anshuman Rath,0,0,,,,,,,,,
1026851,2016/17,2016-11-08,"Mission Road Ground, Mong Kok",1,18.5,Papua New Guinea,Hong Kong,A Vala,VV Morea,Anshuman Rath,0,0,,,,,,,,,
1026851,2016/17,2016-11-08,"Mission Road Ground, Mong Kok",1,18.6,Papua New Guinea,Hong Kong,A Vala,VV Morea,Anshuman Rath,1,0,,,,,,,,,
1026851,2016/17,2016-11-08,"Mission Road Ground, Mong Kok",1,19.1,Papua New Guinea,Hong Kong,A Vala,VV Morea,Ehsan Khan,0,0,,,,,,,,,
1026851,2016/17,2016-11-08,"Mission Road Ground, Mong Kok",1,19.2,Papua New Guinea,Hong Kong,A Vala,VV Morea,Ehsan Khan,0,0,,,,,,lbw,A Vala,,
1026851,2016/17,2016-11-08,"Mission Road Ground, Mong Kok",1,19.3,Papua New Guinea,Hong Kong,S Bau,VV Morea,Ehsan Khan,0,0,,,,,,,,,
1026851,2016/17,2016-11-08,"Mission Road Ground, Mong Kok",1,19.4,Papua New Guinea,Hong Kong,S Bau,VV Morea,Ehsan Khan,1,0,,,,,,,,,
1026851,2016/17,2016-11-08,"Mission Road Ground, Mong Kok",1,19.5,Papua New Guinea,Hong Kong,VV Morea,S Bau,Ehsan Khan,0,0,,,,,,,,,
1026851,2016/17,2016-11-08,"Mission Road Ground, Mong Kok",1,19.6,Papua New Guinea,Hong Kong,VV Morea,S Bau,Ehsan Khan,0,0,,,,,,,,,
1026851,2016/17,2016-11-08,"Mission Road Ground, Mong Kok",1,20.1,Papua New Guinea,Hong Kong,S Bau,VV Morea,Anshuman Rath,0,0,,,,,,,,,
1026851,2016/17,2016-11-08,"Mission Road Ground, Mong Kok",1,20.2,Papua New Guinea,Hong Kong,S Bau,VV Morea,Anshuman Rath,1,0,,,,,,,,,
1026851,2016/17,2016-11-08,"Mission Road Ground, Mong Kok",1,20.3,Papua New Guinea,Hong Kong,VV Morea,S Bau,Anshuman Rath,0,0,,,,,,,,,
1026851,2016/17,2016-11-08,"Mission Road Ground, Mong Kok",1,20.4,Papua New Guinea,Hong Kong,VV Morea,S Bau,Anshuman Rath,0,0,,,,,,,,,
1026851,2016/17,2016-11-08,"Mission Road Ground, Mong Kok",1,20.5,Papua New Guinea,Hong Kong,VV Morea,S Bau,Anshuman Rath,0,0,,,,,,bowled,VV Morea,,
1026851,2016/17,2016-11-08,"Mission Road Ground, Mong Kok",1,20.6,Papua New Guinea,Hong Kong,D Bau,S Bau,Anshuman Rath,0,0,,,,,,,,,
1026851,2016/17,2016-11-08,"Mission Road Ground, Mong Kok",1,21.1,Papua New Guinea,Hong Kong,S Bau,D Bau,Ehsan Khan,0,0,,,,,,,,,
1026851,2016/17,2016-11-08,"Mission Road Ground, Mong Kok",1,21.2,Papua New Guinea,Hong Kong,S Bau,D Bau,Ehsan Khan,0,0,,,,,,,,,
1026851,2016/17,2016-11-08,"Mission Road Ground, Mong Kok",1,21.3,Papua New Guinea,Hong Kong,S Bau,D Bau,Ehsan Khan,0,0,,,,,,,,,
1026851,2016/17,2016-11-08,"Mission Road Ground, Mong Kok",1,21.4,Papua New Guinea,Hong Kong,S Bau,D Bau,Ehsan Khan,0,0,,,,,,,,,
1026851,2016/17,2016-11-08,"Mission Road Ground, Mong Kok",1,21.5,Papua New Guinea,Hong Kong,S Bau,D Bau,Ehsan Khan,0,0,,,,,,,,,
1026851,2016/17,2016-11-08,"Mission Road Ground, Mong Kok",1,21.6,Papua New Guinea,Hong Kong,S Bau,D Bau,Ehsan Khan,0,0,,,,,,,,,
1026851,2016/17,2016-11-08,"Mission Road Ground, Mong Kok",1,22.1,Papua New Guinea,Hong Kong,D Bau,S Bau,Anshuman Rath,1,0,,,,,,,,,
1026851,2016/17,2016-11-08,"Mission Road Ground, Mong Kok",1,22.2,Papua New Guinea,Hong Kong,S Bau,D Bau,Anshuman Rath,1,0,,,,,,,,,
1026851,2016/17,2016-11-08,"Mission Road Ground, Mong Kok",1,22.3,Papua New Guinea,Hong Kong,D Bau,S Bau,Anshuman Rath,0,0,,,,,,,,,
1026851,2016/17,2016-11-08,"Mission Road Ground, Mong Kok",1,22.4,Papua New Guinea,Hong Kong,D Bau,S Bau,Anshuman Rath,0,0,,,,,,,,,
1026851,2016/17,2016-11-08,"Mission Road Ground, Mong Kok",1,22.5,Papua New Guinea,Hong Kong,D Bau,S Bau,Anshuman Rath,1,0,,,,,,,,,
1026851,2016/17,2016-11-08,"Mission Road Ground, Mong Kok",1,22.6,Papua New Guinea,Hong Kong,S Bau,D Bau,Anshuman Rath,1,0,,,,,,,,,
1026851,2016/17,2016-11-08,"Mission Road Ground, Mong Kok",1,23.1,Papua New Guinea,Hong Kong,S Bau,D Bau,Ehsan Khan,0,0,,,,,,,,,
1026851,2016/17,2016-11-08,"Mission Road Ground, Mong Kok",1,23.2,Papua New Guinea,Hong Kong,S Bau,D Bau,Ehsan Khan,6,0,,,,,,,,,
1026851,2016/17,2016-11-08,"Mission Road Ground, Mong Kok",1,23.3,Papua New Guinea,Hong Kong,S Bau,D Bau,Ehsan Khan,2,0,,,,,,,,,
1026851,2016/17,2016-11-08,"Mission Road Ground, Mong Kok",1,23.4,Papua New Guinea,Hong Kong,S Bau,D Bau,Ehsan Khan,0,0,,,,,,,,,
1026851,2016/17,2016-11-08,"Mission Road Ground, Mong Kok",1,23.5,Papua New Guinea,Hong Kong,S Bau,D Bau,Ehsan Khan,0,0,,,,,,,,,
1026851,2016/17,2016-11-08,"Mission Road Ground, Mong Kok",1,23.6,Papua New Guinea,Hong Kong,S Bau,D Bau,Ehsan Khan,1,0,,,,,,,,,
1026851,2016/17,2016-11-08,"Mission Road Ground, Mong Kok",1,24.1,Papua New Guinea,Hong Kong,S Bau,D Bau,Babar Hayat,0,0,,,,,,,,,
1026851,2016/17,2016-11-08,"Mission Road Ground, Mong Kok",1,24.2,Papua New Guinea,Hong Kong,S Bau,D Bau,Babar Hayat,0,0,,,,,,,,,
1026851,2016/17,2016-11-08,"Mission Road Ground, Mong Kok",1,24.3,Papua New Guinea,Hong Kong,S Bau,D Bau,Babar Hayat,1,0,,,,,,,,,
1026851,2016/17,2016-11-08,"Mission Road Ground, Mong Kok",1,24.4,Papua New Guinea,Hong Kong,D Bau,S Bau,Babar Hayat,0,0,,,,,,,,,
1026851,2016/17,2016-11-08,"Mission Road Ground, Mong Kok",1,24.5,Papua New Guinea,Hong Kong,D Bau,S Bau,Babar Hayat,4,0,,,,,,,,,
1026851,2016/17,2016-11-08,"Mission Road Ground, Mong Kok",1,24.6,Papua New Guinea,Hong Kong,D Bau,S Bau,Babar Hayat,4,0,,,,,,,,,
1026851,2016/17,2016-11-08,"Mission Road Ground, Mong Kok",1,25.1,Papua New Guinea,Hong Kong,S Bau,D Bau,Ehsan Khan,1,0,,,,,,,,,
1026851,2016/17,2016-11-08,"Mission Road Ground, Mong Kok",1,25.2,Papua New Guinea,Hong Kong,D Bau,S Bau,Ehsan Khan,0,0,,,,,,,,,
1026851,2016/17,2016-11-08,"Mission Road Ground, Mong Kok",1,25.3,Papua New Guinea,Hong Kong,D Bau,S Bau,Ehsan Khan,0,0,,,,,,,,,
1026851,2016/17,2016-11-08,"Mission Road Ground, Mong Kok",1,25.4,Papua New Guinea,Hong Kong,D Bau,S Bau,Ehsan Khan,0,0,,,,,,,,,
1026851,2016/17,2016-11-08,"Mission Road Ground, Mong Kok",1,25.5,Papua New Guinea,Hong Kong,D Bau,S Bau,Ehsan Khan,0,0,,,,,,,,,
1026851,2016/17,2016-11-08,"Mission Road Ground, Mong Kok",1,25.6,Papua New Guinea,Hong Kong,D Bau,S Bau,Ehsan Khan,0,0,,,,,,,,,
1026851,2016/17,2016-11-08,"Mission Road Ground, Mong Kok",1,26.1,Papua New Guinea,Hong Kong,S Bau,D Bau,Tanwir Afzal,0,0,,,,,,,,,
1026851,2016/17,2016-11-08,"Mission Road Ground, Mong Kok",1,26.2,Papua New Guinea,Hong Kong,S Bau,D Bau,Tanwir Afzal,4,0,,,,,,,,,
1026851,2016/17,2016-11-08,"Mission Road Ground, Mong Kok",1,26.3,Papua New Guinea,Hong Kong,S Bau,D Bau,Tanwir Afzal,1,0,,,,,,,,,
1026851,2016/17,2016-11-08,"Mission Road Ground, Mong Kok",1,26.4,Papua New Guinea,Hong Kong,D Bau,S Bau,Tanwir Afzal,1,0,,,,,,,,,
1026851,2016/17,2016-11-08,"Mission Road Ground, Mong Kok",1,26.5,Papua New Guinea,Hong Kong,S Bau,D Bau,Tanwir Afzal,2,0,,,,,,,,,
1026851,2016/17,2016-11-08,"Mission Road Ground, Mong Kok",1,26.6,Papua New Guinea,Hong Kong,S Bau,D Bau,Tanwir Afzal,1,0,,,,,,,,,
1026851,2016/17,2016-11-08,"Mission Road Ground, Mong Kok",1,27.1,Papua New Guinea,Hong Kong,S Bau,D Bau,Ehsan Khan,0,0,,,,,,,,,
1026851,2016/17,2016-11-08,"Mission Road Ground, Mong Kok",1,27.2,Papua New Guinea,Hong Kong,S Bau,D Bau,Ehsan Khan,0,0,,,,,,,,,
1026851,2016/17,2016-11-08,"Mission Road Ground, Mong Kok",1,27.3,Papua New Guinea,Hong Kong,S Bau,D Bau,Ehsan Khan,0,0,,,,,,,,,
1026851,2016/17,2016-11-08,"Mission Road Ground, Mong Kok",1,27.4,Papua New Guinea,Hong Kong,S Bau,D Bau,Ehsan Khan,1,0,,,,,,,,,
1026851,2016/17,2016-11-08,"Mission Road Ground, Mong Kok",1,27.5,Papua New Guinea,Hong Kong,D Bau,S Bau,Ehsan Khan,0,0,,,,,,,,,
1026851,2016/17,2016-11-08,"Mission Road Ground, Mong Kok",1,27.6,Papua New Guinea,Hong Kong,D Bau,S Bau,Ehsan Khan,1,0,,,,,,,,,
1026851,2016/17,2016-11-08,"Mission Road Ground, Mong Kok",1,28.1,Papua New Guinea,Hong Kong,D Bau,S Bau,Nadeem Ahmed,0,0,,,,,,,,,
1026851,2016/17,2016-11-08,"Mission Road Ground, Mong Kok",1,28.2,Papua New Guinea,Hong Kong,D Bau,S Bau,Nadeem Ahmed,0,1,1,,,,,,,,
1026851,2016/17,2016-11-08,"Mission Road Ground, Mong Kok",1,28.3,Papua New Guinea,Hong Kong,D Bau,S Bau,Nadeem Ahmed,0,0,,,,,,,,,
1026851,2016/17,2016-11-08,"Mission Road Ground, Mong Kok",1,28.4,Papua New Guinea,Hong Kong,D Bau,S Bau,Nadeem Ahmed,0,0,,,,,,,,,
1026851,2016/17,2016-11-08,"Mission Road Ground, Mong Kok",1,28.5,Papua New Guinea,Hong Kong,D Bau,S Bau,Nadeem Ahmed,1,0,,,,,,,,,
1026851,2016/17,2016-11-08,"Mission Road Ground, Mong Kok",1,28.6,Papua New Guinea,Hong Kong,S Bau,D Bau,Nadeem Ahmed,1,0,,,,,,,,,
1026851,2016/17,2016-11-08,"Mission Road Ground, Mong Kok",1,28.7,Papua New Guinea,Hong Kong,D Bau,S Bau,Nadeem Ahmed,0,0,,,,,,,,,
1026851,2016/17,2016-11-08,"Mission Road Ground, Mong Kok",1,29.1,Papua New Guinea,Hong Kong,S Bau,D Bau,Ehsan Khan,0,0,,,,,,,,,
1026851,2016/17,2016-11-08,"Mission Road Ground, Mong Kok",1,29.2,Papua New Guinea,Hong Kong,S Bau,D Bau,Ehsan Khan,6,0,,,,,,,,,
1026851,2016/17,2016-11-08,"Mission Road Ground, Mong Kok",1,29.3,Papua New Guinea,Hong Kong,S Bau,D Bau,Ehsan Khan,0,0,,,,,,,,,
1026851,2016/17,2016-11-08,"Mission Road Ground, Mong Kok",1,29.4,Papua New Guinea,Hong Kong,S Bau,D Bau,Ehsan Khan,0,0,,,,,,,,,
1026851,2016/17,2016-11-08,"Mission Road Ground, Mong Kok",1,29.5,Papua New Guinea,Hong Kong,S Bau,D Bau,Ehsan Khan,1,0,,,,,,,,,
1026851,2016/17,2016-11-08,"Mission Road Ground, Mong Kok",1,29.6,Papua New Guinea,Hong Kong,D Bau,S Bau,Ehsan Khan,0,0,,,,,,,,,
1026851,2016/17,2016-11-08,"Mission Road Ground, Mong Kok",1,30.1,Papua New Guinea,Hong Kong,S Bau,D Bau,Nadeem Ahmed,1,0,,,,,,,,,
1026851,2016/17,2016-11-08,"Mission Road Ground, Mong Kok",1,30.2,Papua New Guinea,Hong Kong,D Bau,S Bau,Nadeem Ahmed,0,0,,,,,,,,,
1026851,2016/17,2016-11-08,"Mission Road Ground, Mong Kok",1,30.3,Papua New Guinea,Hong Kong,D Bau,S Bau,Nadeem Ahmed,0,0,,,,,,caught and bowled,D Bau,,
1026851,2016/17,2016-11-08,"Mission Road Ground, Mong Kok",1,30.4,Papua New Guinea,Hong Kong,MD Dai,S Bau,Nadeem Ahmed,0,0,,,,,,,,,
1026851,2016/17,2016-11-08,"Mission Road Ground, Mong Kok",1,30.5,Papua New Guinea,Hong Kong,MD Dai,S Bau,Nadeem Ahmed,0,0,,,,,,,,,
1026851,2016/17,2016-11-08,"Mission Road Ground, Mong Kok",1,30.6,Papua New Guinea,Hong Kong,MD Dai,S Bau,Nadeem Ahmed,0,0,,,,,,,,,
1026851,2016/17,2016-11-08,"Mission Road Ground, Mong Kok",1,31.1,Papua New Guinea,Hong Kong,S Bau,MD Dai,Ehsan Khan,0,0,,,,,,,,,
1026851,2016/17,2016-11-08,"Mission Road Ground, Mong Kok",1,31.2,Papua New Guinea,Hong Kong,S Bau,MD Dai,Ehsan Khan,1,0,,,,,,,,,
1026851,2016/17,2016-11-08,"Mission Road Ground, Mong Kok",1,31.3,Papua New Guinea,Hong Kong,MD Dai,S Bau,Ehsan Khan,1,0,,,,,,,,,
1026851,2016/17,2016-11-08,"Mission Road Ground, Mong Kok",1,31.4,Papua New Guinea,Hong Kong,S Bau,MD Dai,Ehsan Khan,0,0,,,,,,,,,
1026851,2016/17,2016-11-08,"Mission Road Ground, Mong Kok",1,31.5,Papua New Guinea,Hong Kong,S Bau,MD Dai,Ehsan Khan,2,0,,,,,,,,,
1026851,2016/17,2016-11-08,"Mission Road Ground, Mong Kok",1,31.6,Papua New Guinea,Hong Kong,S Bau,MD Dai,Ehsan Khan,1,0,,,,,,,,,
1026851,2016/17,2016-11-08,"Mission Road Ground, Mong Kok",1,32.1,Papua New Guinea,Hong Kong,S Bau,MD Dai,Nadeem Ahmed,0,0,,,,,,,,,
1026851,2016/17,2016-11-08,"Mission Road Ground, Mong Kok",1,32.2,Papua New Guinea,Hong Kong,S Bau,MD Dai,Nadeem Ahmed,1,0,,,,,,,,,
1026851,2016/17,2016-11-08,"Mission Road Ground, Mong Kok",1,32.3,Papua New Guinea,Hong Kong,MD Dai,S Bau,Nadeem Ahmed,4,0,,,,,,,,,
1026851,2016/17,2016-11-08,"Mission Road Ground, Mong Kok",1,32.4,Papua New Guinea,Hong Kong,MD Dai,S Bau,Nadeem Ahmed,1,0,,,,,,,,,
1026851,2016/17,2016-11-08,"Mission Road Ground, Mong Kok",1,32.5,Papua New Guinea,Hong Kong,S Bau,MD Dai,Nadeem Ahmed,0,0,,,,,,,,,
1026851,2016/17,2016-11-08,"Mission Road Ground, Mong Kok",1,32.6,Papua New Guinea,Hong Kong,S Bau,MD Dai,Nadeem Ahmed,0,1,,1,,,,,,,
1026851,2016/17,2016-11-08,"Mission Road Ground, Mong Kok",1,32.7,Papua New Guinea,Hong Kong,S Bau,MD Dai,Nadeem Ahmed,1,0,,,,,,,,,
1026851,2016/17,2016-11-08,"Mission Road Ground, Mong Kok",1,33.1,Papua New Guinea,Hong Kong,S Bau,MD Dai,KD Shah,4,0,,,,,,,,,
1026851,2016/17,2016-11-08,"Mission Road Ground, Mong Kok",1,33.2,Papua New Guinea,Hong Kong,S Bau,MD Dai,KD Shah,0,0,,,,,,,,,
1026851,2016/17,2016-11-08,"Mission Road Ground, Mong Kok",1,33.3,Papua New Guinea,Hong Kong,S Bau,MD Dai,KD Shah,0,0,,,,,,,,,
1026851,2016/17,2016-11-08,"Mission Road Ground, Mong Kok",1,33.4,Papua New Guinea,Hong Kong,S Bau,MD Dai,KD Shah,1,0,,,,,,,,,
1026851,2016/17,2016-11-08,"Mission Road Ground, Mong Kok",1,33.5,Papua New Guinea,Hong Kong,MD Dai,S Bau,KD Shah,1,0,,,,,,,,,
1026851,2016/17,2016-11-08,"Mission Road Ground, Mong Kok",1,33.6,Papua New Guinea,Hong Kong,S Bau,MD Dai,KD Shah,0,0,,,,,,,,,
1026851,2016/17,2016-11-08,"Mission Road Ground, Mong Kok",1,34.1,Papua New Guinea,Hong Kong,MD Dai,S Bau,Anshuman Rath,1,0,,,,,,,,,
1026851,2016/17,2016-11-08,"Mission Road Ground, Mong Kok",1,34.2,Papua New Guinea,Hong Kong,S Bau,MD Dai,Anshuman Rath,0,0,,,,,,,,,
1026851,2016/17,2016-11-08,"Mission Road Ground, Mong Kok",1,34.3,Papua New Guinea,Hong Kong,S Bau,MD Dai,Anshuman Rath,0,0,,,,,,,,,
1026851,2016/17,2016-11-08,"Mission Road Ground, Mong Kok",1,34.4,Papua New Guinea,Hong Kong,S Bau,MD Dai,Anshuman Rath,0,0,,,,,,,,,
1026851,2016/17,2016-11-08,"Mission Road Ground, Mong Kok",1,34.5,Papua New Guinea,Hong Kong,S Bau,MD Dai,Anshuman Rath,0,0,,,,,,lbw,S Bau,,
1026851,2016/17,2016-11-08,"Mission Road Ground, Mong Kok",1,34.6,Papua New Guinea,Hong Kong,CA Soper,MD Dai,Anshuman Rath,0,0,,,,,,,,,
1026851,2016/17,2016-11-08,"Mission Road Ground, Mong Kok",1,35.1,Papua New Guinea,Hong Kong,MD Dai,CA Soper,KD Shah,0,0,,,,,,,,,
1026851,2016/17,2016-11-08,"Mission Road Ground, Mong Kok",1,35.2,Papua New Guinea,Hong Kong,MD Dai,CA Soper,KD Shah,0,0,,,,,,,,,
1026851,2016/17,2016-11-08,"Mission Road Ground, Mong Kok",1,35.3,Papua New Guinea,Hong Kong,MD Dai,CA Soper,KD Shah,0,0,,,,,,,,,
1026851,2016/17,2016-11-08,"Mission Road Ground, Mong Kok",1,35.4,Papua New Guinea,Hong Kong,MD Dai,CA Soper,KD Shah,0,0,,,,,,,,,
1026851,2016/17,2016-11-08,"Mission Road Ground, Mong Kok",1,35.5,Papua New Guinea,Hong Kong,MD Dai,CA Soper,KD Shah,1,0,,,,,,,,,
1026851,2016/17,2016-11-08,"Mission Road Ground, Mong Kok",1,35.6,Papua New Guinea,Hong Kong,CA Soper,MD Dai,KD Shah,0,0,,,,,,,,,
1026851,2016/17,2016-11-08,"Mission Road Ground, Mong Kok",1,36.1,Papua New Guinea,Hong Kong,MD Dai,CA Soper,Anshuman Rath,2,0,,,,,,,,,
1026851,2016/17,2016-11-08,"Mission Road Ground, Mong Kok",1,36.2,Papua New Guinea,Hong Kong,MD Dai,CA Soper,Anshuman Rath,0,0,,,,,,,,,
1026851,2016/17,2016-11-08,"Mission Road Ground, Mong Kok",1,36.3,Papua New Guinea,Hong Kong,MD Dai,CA Soper,Anshuman Rath,1,0,,,,,,,,,
1026851,2016/17,2016-11-08,"Mission Road Ground, Mong Kok",1,36.4,Papua New Guinea,Hong Kong,CA Soper,MD Dai,Anshuman Rath,0,0,,,,,,,,,
1026851,2016/17,2016-11-08,"Mission Road Ground, Mong Kok",1,36.5,Papua New Guinea,Hong Kong,CA Soper,MD Dai,Anshuman Rath,0,0,,,,,,,,,
1026851,2016/17,2016-11-08,"Mission Road Ground, Mong Kok",1,36.6,Papua New Guinea,Hong Kong,CA Soper,MD Dai,Anshuman Rath,0,0,,,,,,,,,
1026851,2016/17,2016-11-08,"Mission Road Ground, Mong Kok",1,37.1,Papua New Guinea,Hong Kong,MD Dai,CA Soper,KD Shah,1,0,,,,,,,,,
1026851,2016/17,2016-11-08,"Mission Road Ground, Mong Kok",1,37.2,Papua New Guinea,Hong Kong,CA Soper,MD Dai,KD Shah,0,0,,,,,,,,,
1026851,2016/17,2016-11-08,"Mission Road Ground, Mong Kok",1,37.3,Papua New Guinea,Hong Kong,CA Soper,MD Dai,KD Shah,0,0,,,,,,,,,
1026851,2016/17,2016-11-08,"Mission Road Ground, Mong Kok",1,37.4,Papua New Guinea,Hong Kong,CA Soper,MD Dai,KD Shah,0,0,,,,,,,,,
1026851,2016/17,2016-11-08,"Mission Road Ground, Mong Kok",1,37.5,Papua New Guinea,Hong Kong,CA Soper,MD Dai,KD Shah,0,0,,,,,,,,,
1026851,2016/17,2016-11-08,"Mission Road Ground, Mong Kok",1,37.6,Papua New Guinea,Hong Kong,CA Soper,MD Dai,KD Shah,0,0,,,,,,,,,
1026851,2016/17,2016-11-08,"Mission Road Ground, Mong Kok",1,38.1,Papua New Guinea,Hong Kong,MD Dai,CA Soper,Ehsan Khan,0,4,,,4,,,,,,
1026851,2016/17,2016-11-08,"Mission Road Ground, Mong Kok",1,38.2,Papua New Guinea,Hong Kong,MD Dai,CA Soper,Ehsan Khan,0,0,,,,,,,,,
1026851,2016/17,2016-11-08,"Mission Road Ground, Mong Kok",1,38.3,Papua New Guinea,Hong Kong,MD Dai,CA Soper,Ehsan Khan,0,0,,,,,,,,,
1026851,2016/17,2016-11-08,"Mission Road Ground, Mong Kok",1,38.4,Papua New Guinea,Hong Kong,MD Dai,CA Soper,Ehsan Khan,0,0,,,,,,,,,
1026851,2016/17,2016-11-08,"Mission Road Ground, Mong Kok",1,38.5,Papua New Guinea,Hong Kong,MD Dai,CA Soper,Ehsan Khan,1,0,,,,,,,,,
1026851,2016/17,2016-11-08,"Mission Road Ground, Mong Kok",1,38.6,Papua New Guinea,Hong Kong,CA Soper,MD Dai,Ehsan Khan,0,0,,,,,,,,,
1026851,2016/17,2016-11-08,"Mission Road Ground, Mong Kok",1,39.1,Papua New Guinea,Hong Kong,MD Dai,CA Soper,KD Shah,1,0,,,,,,,,,
1026851,2016/17,2016-11-08,"Mission Road Ground, Mong Kok",1,39.2,Papua New Guinea,Hong Kong,CA Soper,MD Dai,KD Shah,4,0,,,,,,,,,
1026851,2016/17,2016-11-08,"Mission Road Ground, Mong Kok",1,39.3,Papua New Guinea,Hong Kong,CA Soper,MD Dai,KD Shah,1,0,,,,,,,,,
1026851,2016/17,2016-11-08,"Mission Road Ground, Mong Kok",1,39.4,Papua New Guinea,Hong Kong,MD Dai,CA Soper,KD Shah,1,0,,,,,,,,,
1026851,2016/17,2016-11-08,"Mission Road Ground, Mong Kok",1,39.5,Papua New Guinea,Hong Kong,CA Soper,MD Dai,KD Shah,1,0,,,,,,,,,
1026851,2016/17,2016-11-08,"Mission Road Ground, Mong Kok",1,39.6,Papua New Guinea,Hong Kong,MD Dai,CA Soper,KD Shah,3,0,,,,,,,,,
1026851,2016/17,2016-11-08,"Mission Road Ground, Mong Kok",1,40.1,Papua New Guinea,Hong Kong,MD Dai,CA Soper,Aizaz Khan,0,0,,,,,,,,,
1026851,2016/17,2016-11-08,"Mission Road Ground, Mong Kok",1,40.2,Papua New Guinea,Hong Kong,MD Dai,CA Soper,Aizaz Khan,1,0,,,,,,,,,
1026851,2016/17,2016-11-08,"Mission Road Ground, Mong Kok",1,40.3,Papua New Guinea,Hong Kong,CA Soper,MD Dai,Aizaz Khan,1,0,,,,,,,,,
1026851,2016/17,2016-11-08,"Mission Road Ground, Mong Kok",1,40.4,Papua New Guinea,Hong Kong,MD Dai,CA Soper,Aizaz Khan,1,1,,1,,,,,,,
1026851,2016/17,2016-11-08,"Mission Road Ground, Mong Kok",1,40.5,Papua New Guinea,Hong Kong,CA Soper,MD Dai,Aizaz Khan,0,1,1,,,,,,,,
1026851,2016/17,2016-11-08,"Mission Road Ground, Mong Kok",1,40.6,Papua New Guinea,Hong Kong,CA Soper,MD Dai,Aizaz Khan,0,1,,,1,,,,,,
1026851,2016/17,2016-11-08,"Mission Road Ground, Mong Kok",1,40.7,Papua New Guinea,Hong Kong,MD Dai,CA Soper,Aizaz Khan,2,0,,,,,,,,,
1026851,2016/17,2016-11-08,"Mission Road Ground, Mong Kok",1,40.8,Papua New Guinea,Hong Kong,MD Dai,CA Soper,Aizaz Khan,1,1,,1,,,,,,,
1026851,2016/17,2016-11-08,"Mission Road Ground, Mong Kok",1,40.9,Papua New Guinea,Hong Kong,CA Soper,MD Dai,Aizaz Khan,1,0,,,,,,,,,
1026851,2016/17,2016-11-08,"Mission Road Ground, Mong Kok",1,41.1,Papua New Guinea,Hong Kong,CA Soper,MD Dai,KD Shah,1,0,,,,,,,,,
1026851,2016/17,2016-11-08,"Mission Road Ground, Mong Kok",1,41.2,Papua New Guinea,Hong Kong,MD Dai,CA Soper,KD Shah,0,0,,,,,,,,,
1026851,2016/17,2016-11-08,"Mission Road Ground, Mong Kok",1,41.3,Papua New Guinea,Hong Kong,MD Dai,CA Soper,KD Shah,1,0,,,,,,,,,
1026851,2016/17,2016-11-08,"Mission Road Ground, Mong Kok",1,41.4,Papua New Guinea,Hong Kong,CA Soper,MD Dai,KD Shah,0,0,,,,,,,,,
1026851,2016/17,2016-11-08,"Mission Road Ground, Mong Kok",1,41.5,Papua New Guinea,Hong Kong,CA Soper,MD Dai,KD Shah,1,0,,,,,,,,,
1026851,2016/17,2016-11-08,"Mission Road Ground, Mong Kok",1,41.6,Papua New Guinea,Hong Kong,MD Dai,CA Soper,KD Shah,0,0,,,,,,,,,
1026851,2016/17,2016-11-08,"Mission Road Ground, Mong Kok",1,42.1,Papua New Guinea,Hong Kong,CA Soper,MD Dai,Nadeem Ahmed,1,0,,,,,,,,,
1026851,2016/17,2016-11-08,"Mission Road Ground, Mong Kok",1,42.2,Papua New Guinea,Hong Kong,MD Dai,CA Soper,Nadeem Ahmed,0,0,,,,,,,,,
1026851,2016/17,2016-11-08,"Mission Road Ground, Mong Kok",1,42.3,Papua New Guinea,Hong Kong,MD Dai,CA Soper,Nadeem Ahmed,0,0,,,,,,,,,
1026851,2016/17,2016-11-08,"Mission Road Ground, Mong Kok",1,42.4,Papua New Guinea,Hong Kong,MD Dai,CA Soper,Nadeem Ahmed,1,0,,,,,,,,,
1026851,2016/17,2016-11-08,"Mission Road Ground, Mong Kok",1,42.5,Papua New Guinea,Hong Kong,CA Soper,MD Dai,Nadeem Ahmed,0,1,,1,,,,,,,
1026851,2016/17,2016-11-08,"Mission Road Ground, Mong Kok",1,42.6,Papua New Guinea,Hong Kong,CA Soper,MD Dai,Nadeem Ahmed,2,0,,,,,,,,,
1026851,2016/17,2016-11-08,"Mission Road Ground, Mong Kok",1,42.7,Papua New Guinea,Hong Kong,CA Soper,MD Dai,Nadeem Ahmed,0,0,,,,,,,,,
1026851,2016/17,2016-11-08,"Mission Road Ground, Mong Kok",1,43.1,Papua New Guinea,Hong Kong,MD Dai,CA Soper,KD Shah,6,0,,,,,,,,,
1026851,2016/17,2016-11-08,"Mission Road Ground, Mong Kok",1,43.2,Papua New Guinea,Hong Kong,MD Dai,CA Soper,KD Shah,1,0,,,,,,,,,
1026851,2016/17,2016-11-08,"Mission Road Ground, Mong Kok",1,43.3,Papua New Guinea,Hong Kong,CA Soper,MD Dai,KD Shah,1,0,,,,,,,,,
1026851,2016/17,2016-11-08,"Mission Road Ground, Mong Kok",1,43.4,Papua New Guinea,Hong Kong,MD Dai,CA Soper,KD Shah,0,0,,,,,,,,,
1026851,2016/17,2016-11-08,"Mission Road Ground, Mong Kok",1,43.5,Papua New Guinea,Hong Kong,MD Dai,CA Soper,KD Shah,0,0,,,,,,,,,
1026851,2016/17,2016-11-08,"Mission Road Ground, Mong Kok",1,43.6,Papua New Guinea,Hong Kong,MD Dai,CA Soper,KD Shah,0,0,,,,,,,,,
1026851,2016/17,2016-11-08,"Mission Road Ground, Mong Kok",1,44.1,Papua New Guinea,Hong Kong,CA Soper,MD Dai,Ehsan Khan,1,0,,,,,,,,,
1026851,2016/17,2016-11-08,"Mission Road Ground, Mong Kok",1,44.2,Papua New Guinea,Hong Kong,MD Dai,CA Soper,Ehsan Khan,1,0,,,,,,,,,
1026851,2016/17,2016-11-08,"Mission Road Ground, Mong Kok",1,44.3,Papua New Guinea,Hong Kong,CA Soper,MD Dai,Ehsan Khan,1,0,,,,,,,,,
1026851,2016/17,2016-11-08,"Mission Road Ground, Mong Kok",1,44.4,Papua New Guinea,Hong Kong,MD Dai,CA Soper,Ehsan Khan,1,0,,,,,,,,,
1026851,2016/17,2016-11-08,"Mission Road Ground, Mong Kok",1,44.5,Papua New Guinea,Hong Kong,CA Soper,MD Dai,Ehsan Khan,0,0,,,,,,,,,
1026851,2016/17,2016-11-08,"Mission Road Ground, Mong Kok",1,44.6,Papua New Guinea,Hong Kong,CA Soper,MD Dai,Ehsan Khan,0,0,,,,,,,,,
1026851,2016/17,2016-11-08,"Mission Road Ground, Mong Kok",1,45.1,Papua New Guinea,Hong Kong,MD Dai,CA Soper,Aizaz Khan,4,0,,,,,,,,,
1026851,2016/17,2016-11-08,"Mission Road Ground, Mong Kok",1,45.2,Papua New Guinea,Hong Kong,MD Dai,CA Soper,Aizaz Khan,0,1,,,,1,,,,,
1026851,2016/17,2016-11-08,"Mission Road Ground, Mong Kok",1,45.3,Papua New Guinea,Hong Kong,CA Soper,MD Dai,Aizaz Khan,0,0,,,,,,caught,CA Soper,,
1026851,2016/17,2016-11-08,"Mission Road Ground, Mong Kok",1,45.4,Papua New Guinea,Hong Kong,H Hiri,MD Dai,Aizaz Khan,0,0,,,,,,,,,
1026851,2016/17,2016-11-08,"Mission Road Ground, Mong Kok",1,45.5,Papua New Guinea,Hong Kong,H Hiri,MD Dai,Aizaz Khan,0,0,,,,,,,,,
1026851,2016/17,2016-11-08,"Mission Road Ground, Mong Kok",1,45.6,Papua New Guinea,Hong Kong,H Hiri,MD Dai,Aizaz Khan,0,0,,,,,,,,,
1026851,2016/17,2016-11-08,"Mission Road Ground, Mong Kok",1,46.1,Papua New Guinea,Hong Kong,MD Dai,H Hiri,Ehsan Khan,0,0,,,,,,,,,
1026851,2016/17,2016-11-08,"Mission Road Ground, Mong Kok",1,46.2,Papua New Guinea,Hong Kong,MD Dai,H Hiri,Ehsan Khan,6,0,,,,,,,,,
1026851,2016/17,2016-11-08,"Mission Road Ground, Mong Kok",1,46.3,Papua New Guinea,Hong Kong,MD Dai,H Hiri,Ehsan Khan,0,0,,,,,,,,,
1026851,2016/17,2016-11-08,"Mission Road Ground, Mong Kok",1,46.4,Papua New Guinea,Hong Kong,MD Dai,H Hiri,Ehsan Khan,1,0,,,,,,,,,
1026851,2016/17,2016-11-08,"Mission Road Ground, Mong Kok",1,46.5,Papua New Guinea,Hong Kong,H Hiri,MD Dai,Ehsan Khan,0,0,,,,,,,,,
1026851,2016/17,2016-11-08,"Mission Road Ground, Mong Kok",1,46.6,Papua New Guinea,Hong Kong,H Hiri,MD Dai,Ehsan Khan,0,0,,,,,,,,,
1026851,2016/17,2016-11-08,"Mission Road Ground, Mong Kok",1,47.1,Papua New Guinea,Hong Kong,MD Dai,H Hiri,Aizaz Khan,4,0,,,,,,,,,
1026851,2016/17,2016-11-08,"Mission Road Ground, Mong Kok",1,47.2,Papua New Guinea,Hong Kong,MD Dai,H Hiri,Aizaz Khan,0,0,,,,,,,,,
1026851,2016/17,2016-11-08,"Mission Road Ground, Mong Kok",1,47.3,Papua New Guinea,Hong Kong,MD Dai,H Hiri,Aizaz Khan,0,1,,,,1,,,,,
1026851,2016/17,2016-11-08,"Mission Road Ground, Mong Kok",1,47.4,Papua New Guinea,Hong Kong,H Hiri,MD Dai,Aizaz Khan,2,0,,,,,,,,,
1026851,2016/17,2016-11-08,"Mission Road Ground, Mong Kok",1,47.5,Papua New Guinea,Hong Kong,H Hiri,MD Dai,Aizaz Khan,1,0,,,,,,,,,
1026851,2016/17,2016-11-08,"Mission Road Ground, Mong Kok",1,47.6,Papua New Guinea,Hong Kong,MD Dai,H Hiri,Aizaz Khan,6,0,,,,,,,,,
1026851,2016/17,2016-11-08,"Mission Road Ground, Mong Kok",1,48.1,Papua New Guinea,Hong Kong,H Hiri,MD Dai,Nadeem Ahmed,1,0,,,,,,,,,
1026851,2016/17,2016-11-08,"Mission Road Ground, Mong Kok",1,48.2,Papua New Guinea,Hong Kong,MD Dai,H Hiri,Nadeem Ahmed,6,0,,,,,,,,,
1026851,2016/17,2016-11-08,"Mission Road Ground, Mong Kok",1,48.3,Papua New Guinea,Hong Kong,MD Dai,H Hiri,Nadeem Ahmed,4,0,,,,,,,,,
1026851,2016/17,2016-11-08,"Mission Road Ground, Mong Kok",1,48.4,Papua New Guinea,Hong Kong,MD Dai,H Hiri,Nadeem Ahmed,0,0,,,,,,,,,
1026851,2016/17,2016-11-08,"Mission Road Ground, Mong Kok",1,48.5,Papua New Guinea,Hong Kong,MD Dai,H Hiri,Nadeem Ahmed,0,0,,,,,,,,,
1026851,2016/17,2016-11-08,"Mission Road Ground, Mong Kok",1,48.6,Papua New Guinea,Hong Kong,MD Dai,H Hiri,Nadeem Ahmed,0,0,,,,,,,,,
1026851,2016/17,2016-11-08,"Mission Road Ground, Mong Kok",1,49.1,Papua New Guinea,Hong Kong,H Hiri,MD Dai,Aizaz Khan,0,0,,,,,,,,,
1026851,2016/17,2016-11-08,"Mission Road Ground, Mong Kok",1,49.2,Papua New Guinea,Hong Kong,H Hiri,MD Dai,Aizaz Khan,1,0,,,,,,,,,
1026851,2016/17,2016-11-08,"Mission Road Ground, Mong Kok",1,49.3,Papua New Guinea,Hong Kong,MD Dai,H Hiri,Aizaz Khan,2,0,,,,,,,,,
1026851,2016/17,2016-11-08,"Mission Road Ground, Mong Kok",1,49.4,Papua New Guinea,Hong Kong,MD Dai,H Hiri,Aizaz Khan,4,0,,,,,,,,,
1026851,2016/17,2016-11-08,"Mission Road Ground, Mong Kok",1,49.5,Papua New Guinea,Hong Kong,MD Dai,H Hiri,Aizaz Khan,0,0,,,,,,,,,
1026851,2016/17,2016-11-08,"Mission Road Ground, Mong Kok",1,49.6,Papua New Guinea,Hong Kong,MD Dai,H Hiri,Aizaz Khan,4,0,,,,,,,,,
1026851,2016/17,2016-11-08,"Mission Road Ground, Mong Kok",2,0.1,Hong Kong,Papua New Guinea,C Carter,KD Shah,CA Soper,0,0,,,,,,,,,
1026851,2016/17,2016-11-08,"Mission Road Ground, Mong Kok",2,0.2,Hong Kong,Papua New Guinea,C Carter,KD Shah,CA Soper,0,0,,,,,,,,,
1026851,2016/17,2016-11-08,"Mission Road Ground, Mong Kok",2,0.3,Hong Kong,Papua New Guinea,C Carter,KD Shah,CA Soper,4,0,,,,,,,,,
1026851,2016/17,2016-11-08,"Mission Road Ground, Mong Kok",2,0.4,Hong Kong,Papua New Guinea,C Carter,KD Shah,CA Soper,1,0,,,,,,,,,
1026851,2016/17,2016-11-08,"Mission Road Ground, Mong Kok",2,0.5,Hong Kong,Papua New Guinea,KD Shah,C Carter,CA Soper,0,1,,,,1,,,,,
1026851,2016/17,2016-11-08,"Mission Road Ground, Mong Kok",2,0.6,Hong Kong,Papua New Guinea,C Carter,KD Shah,CA Soper,0,0,,,,,,,,,
1026851,2016/17,2016-11-08,"Mission Road Ground, Mong Kok",2,1.1,Hong Kong,Papua New Guinea,KD Shah,C Carter,A Vala,0,0,,,,,,,,,
1026851,2016/17,2016-11-08,"Mission Road Ground, Mong Kok",2,1.2,Hong Kong,Papua New Guinea,KD Shah,C Carter,A Vala,0,0,,,,,,,,,
1026851,2016/17,2016-11-08,"Mission Road Ground, Mong Kok",2,1.3,Hong Kong,Papua New Guinea,KD Shah,C Carter,A Vala,1,0,,,,,,,,,
1026851,2016/17,2016-11-08,"Mission Road Ground, Mong Kok",2,1.4,Hong Kong,Papua New Guinea,C Carter,KD Shah,A Vala,0,0,,,,,,,,,
1026851,2016/17,2016-11-08,"Mission Road Ground, Mong Kok",2,1.5,Hong Kong,Papua New Guinea,C Carter,KD Shah,A Vala,0,0,,,,,,,,,
1026851,2016/17,2016-11-08,"Mission Road Ground, Mong Kok",2,1.6,Hong Kong,Papua New Guinea,C Carter,KD Shah,A Vala,0,0,,,,,,,,,
1026851,2016/17,2016-11-08,"Mission Road Ground, Mong Kok",2,2.1,Hong Kong,Papua New Guinea,KD Shah,C Carter,CA Soper,1,0,,,,,,,,,
1026851,2016/17,2016-11-08,"Mission Road Ground, Mong Kok",2,2.2,Hong Kong,Papua New Guinea,C Carter,KD Shah,CA Soper,4,0,,,,,,,,,
1026851,2016/17,2016-11-08,"Mission Road Ground, Mong Kok",2,2.3,Hong Kong,Papua New Guinea,C Carter,KD Shah,CA Soper,0,0,,,,,,,,,
1026851,2016/17,2016-11-08,"Mission Road Ground, Mong Kok",2,2.4,Hong Kong,Papua New Guinea,C Carter,KD Shah,CA Soper,0,0,,,,,,,,,
1026851,2016/17,2016-11-08,"Mission Road Ground, Mong Kok",2,2.5,Hong Kong,Papua New Guinea,C Carter,KD Shah,CA Soper,0,0,,,,,,,,,
1026851,2016/17,2016-11-08,"Mission Road Ground, Mong Kok",2,2.6,Hong Kong,Papua New Guinea,C Carter,KD Shah,CA Soper,0,0,,,,,,caught,C Carter,,
1026851,2016/17,2016-11-08,"Mission Road Ground, Mong Kok",2,3.1,Hong Kong,Papua New Guinea,KD Shah,Babar Hayat,A Vala,0,0,,,,,,,,,
1026851,2016/17,2016-11-08,"Mission Road Ground, Mong Kok",2,3.2,Hong Kong,Papua New Guinea,KD Shah,Babar Hayat,A Vala,4,0,,,,,,,,,
1026851,2016/17,2016-11-08,"Mission Road Ground, Mong Kok",2,3.3,Hong Kong,Papua New Guinea,KD Shah,Babar Hayat,A Vala,0,0,,,,,,,,,
1026851,2016/17,2016-11-08,"Mission Road Ground, Mong Kok",2,3.4,Hong Kong,Papua New Guinea,KD Shah,Babar Hayat,A Vala,0,0,,,,,,,,,
1026851,2016/17,2016-11-08,"Mission Road Ground, Mong Kok",2,3.5,Hong Kong,Papua New Guinea,KD Shah,Babar Hayat,A Vala,0,0,,,,,,,,,
1026851,2016/17,2016-11-08,"Mission Road Ground, Mong Kok",2,3.6,Hong Kong,Papua New Guinea,KD Shah,Babar Hayat,A Vala,1,0,,,,,,,,,
1026851,2016/17,2016-11-08,"Mission Road Ground, Mong Kok",2,4.1,Hong Kong,Papua New Guinea,KD Shah,Babar Hayat,CA Soper,0,0,,,,,,,,,
1026851,2016/17,2016-11-08,"Mission Road Ground, Mong Kok",2,4.2,Hong Kong,Papua New Guinea,KD Shah,Babar Hayat,CA Soper,2,0,,,,,,,,,
1026851,2016/17,2016-11-08,"Mission Road Ground, Mong Kok",2,4.3,Hong Kong,Papua New Guinea,KD Shah,Babar Hayat,CA Soper,0,0,,,,,,,,,
1026851,2016/17,2016-11-08,"Mission Road Ground, Mong Kok",2,4.4,Hong Kong,Papua New Guinea,KD Shah,Babar Hayat,CA Soper,0,0,,,,,,,,,
1026851,2016/17,2016-11-08,"Mission Road Ground, Mong Kok",2,4.5,Hong Kong,Papua New Guinea,KD Shah,Babar Hayat,CA Soper,0,0,,,,,,,,,
1026851,2016/17,2016-11-08,"Mission Road Ground, Mong Kok",2,4.6,Hong Kong,Papua New Guinea,KD Shah,Babar Hayat,CA Soper,0,0,,,,,,,,,
1026851,2016/17,2016-11-08,"Mission Road Ground, Mong Kok",2,5.1,Hong Kong,Papua New Guinea,Babar Hayat,KD Shah,A Vala,0,0,,,,,,,,,
1026851,2016/17,2016-11-08,"Mission Road Ground, Mong Kok",2,5.2,Hong Kong,Papua New Guinea,Babar Hayat,KD Shah,A Vala,0,0,,,,,,,,,
1026851,2016/17,2016-11-08,"Mission Road Ground, Mong Kok",2,5.3,Hong Kong,Papua New Guinea,Babar Hayat,KD Shah,A Vala,0,0,,,,,,,,,
1026851,2016/17,2016-11-08,"Mission Road Ground, Mong Kok",2,5.4,Hong Kong,Papua New Guinea,Babar Hayat,KD Shah,A Vala,0,0,,,,,,,,,
1026851,2016/17,2016-11-08,"Mission Road Ground, Mong Kok",2,5.5,Hong Kong,Papua New Guinea,Babar Hayat,KD Shah,A Vala,0,0,,,,,,,,,
1026851,2016/17,2016-11-08,"Mission Road Ground, Mong Kok",2,5.6,Hong Kong,Papua New Guinea,Babar Hayat,KD Shah,A Vala,1,0,,,,,,,,,
1026851,2016/17,2016-11-08,"Mission Road Ground, Mong Kok",2,6.1,Hong Kong,Papua New Guinea,Babar Hayat,KD Shah,CA Soper,1,0,,,,,,,,,
1026851,2016/17,2016-11-08,"Mission Road Ground, Mong Kok",2,6.2,Hong Kong,Papua New Guinea,KD Shah,Babar Hayat,CA Soper,4,0,,,,,,,,,
1026851,2016/17,2016-11-08,"Mission Road Ground, Mong Kok",2,6.3,Hong Kong,Papua New Guinea,KD Shah,Babar Hayat,CA Soper,1,0,,,,,,,,,
1026851,2016/17,2016-11-08,"Mission Road Ground, Mong Kok",2,6.4,Hong Kong,Papua New Guinea,Babar Hayat,KD Shah,CA Soper,0,0,,,,,,,,,
1026851,2016/17,2016-11-08,"Mission Road Ground, Mong Kok",2,6.5,Hong Kong,Papua New Guinea,Babar Hayat,KD Shah,CA Soper,0,0,,,,,,,,,
1026851,2016/17,2016-11-08,"Mission Road Ground, Mong Kok",2,6.6,Hong Kong,Papua New Guinea,Babar Hayat,KD Shah,CA Soper,0,0,,,,,,,,,
1026851,2016/17,2016-11-08,"Mission Road Ground, Mong Kok",2,7.1,Hong Kong,Papua New Guinea,KD Shah,Babar Hayat,A Vala,0,0,,,,,,,,,
1026851,2016/17,2016-11-08,"Mission Road Ground, Mong Kok",2,7.2,Hong Kong,Papua New Guinea,KD Shah,Babar Hayat,A Vala,0,0,,,,,,,,,
1026851,2016/17,2016-11-08,"Mission Road Ground, Mong Kok",2,7.3,Hong Kong,Papua New Guinea,KD Shah,Babar Hayat,A Vala,0,4,,,4,,,,,,
1026851,2016/17,2016-11-08,"Mission Road Ground, Mong Kok",2,7.4,Hong Kong,Papua New Guinea,KD Shah,Babar Hayat,A Vala,0,0,,,,,,,,,
1026851,2016/17,2016-11-08,"Mission Road Ground, Mong Kok",2,7.5,Hong Kong,Papua New Guinea,KD Shah,Babar Hayat,A Vala,0,0,,,,,,,,,
1026851,2016/17,2016-11-08,"Mission Road Ground, Mong Kok",2,7.6,Hong Kong,Papua New Guinea,KD Shah,Babar Hayat,A Vala,0,0,,,,,,,,,
1026851,2016/17,2016-11-08,"Mission Road Ground, Mong Kok",2,8.1,Hong Kong,Papua New Guinea,Babar Hayat,KD Shah,N Vanua,4,0,,,,,,,,,
1026851,2016/17,2016-11-08,"Mission Road Ground, Mong Kok",2,8.2,Hong Kong,Papua New Guinea,Babar Hayat,KD Shah,N Vanua,0,0,,,,,,,,,
1026851,2016/17,2016-11-08,"Mission Road Ground, Mong Kok",2,8.3,Hong Kong,Papua New Guinea,Babar Hayat,KD Shah,N Vanua,0,0,,,,,,,,,
1026851,2016/17,2016-11-08,"Mission Road Ground, Mong Kok",2,8.4,Hong Kong,Papua New Guinea,Babar Hayat,KD Shah,N Vanua,0,1,1,,,,,,,,
1026851,2016/17,2016-11-08,"Mission Road Ground, Mong Kok",2,8.5,Hong Kong,Papua New Guinea,Babar Hayat,KD Shah,N Vanua,4,0,,,,,,,,,
1026851,2016/17,2016-11-08,"Mission Road Ground, Mong Kok",2,8.6,Hong Kong,Papua New Guinea,Babar Hayat,KD Shah,N Vanua,0,0,,,,,,,,,
1026851,2016/17,2016-11-08,"Mission Road Ground, Mong Kok",2,8.7,Hong Kong,Papua New Guinea,Babar Hayat,KD Shah,N Vanua,4,0,,,,,,,,,
1026851,2016/17,2016-11-08,"Mission Road Ground, Mong Kok",2,9.1,Hong Kong,Papua New Guinea,KD Shah,Babar Hayat,A Vala,4,0,,,,,,,,,
1026851,2016/17,2016-11-08,"Mission Road Ground, Mong Kok",2,9.2,Hong Kong,Papua New Guinea,KD Shah,Babar Hayat,A Vala,0,0,,,,,,,,,
1026851,2016/17,2016-11-08,"Mission Road Ground, Mong Kok",2,9.3,Hong Kong,Papua New Guinea,KD Shah,Babar Hayat,A Vala,0,0,,,,,,,,,
1026851,2016/17,2016-11-08,"Mission Road Ground, Mong Kok",2,9.4,Hong Kong,Papua New Guinea,KD Shah,Babar Hayat,A Vala,0,0,,,,,,,,,
1026851,2016/17,2016-11-08,"Mission Road Ground, Mong Kok",2,9.5,Hong Kong,Papua New Guinea,KD Shah,Babar Hayat,A Vala,0,0,,,,,,,,,
1026851,2016/17,2016-11-08,"Mission Road Ground, Mong Kok",2,9.6,Hong Kong,Papua New Guinea,KD Shah,Babar Hayat,A Vala,0,0,,,,,,,,,
1026851,2016/17,2016-11-08,"Mission Road Ground, Mong Kok",2,10.1,Hong Kong,Papua New Guinea,Babar Hayat,KD Shah,MD Dai,1,0,,,,,,,,,
1026851,2016/17,2016-11-08,"Mission Road Ground, Mong Kok",2,10.2,Hong Kong,Papua New Guinea,KD Shah,Babar Hayat,MD Dai,0,0,,,,,,lbw,KD Shah,,
1026851,2016/17,2016-11-08,"Mission Road Ground, Mong Kok",2,10.3,Hong Kong,Papua New Guinea,Nizakat Khan,Babar Hayat,MD Dai,0,1,1,,,,,,,,
1026851,2016/17,2016-11-08,"Mission Road Ground, Mong Kok",2,10.4,Hong Kong,Papua New Guinea,Nizakat Khan,Babar Hayat,MD Dai,0,0,,,,,,,,,
1026851,2016/17,2016-11-08,"Mission Road Ground, Mong Kok",2,10.5,Hong Kong,Papua New Guinea,Nizakat Khan,Babar Hayat,MD Dai,0,0,,,,,,,,,
1026851,2016/17,2016-11-08,"Mission Road Ground, Mong Kok",2,10.6,Hong Kong,Papua New Guinea,Nizakat Khan,Babar Hayat,MD Dai,0,0,,,,,,,,,
1026851,2016/17,2016-11-08,"Mission Road Ground, Mong Kok",2,10.7,Hong Kong,Papua New Guinea,Nizakat Khan,Babar Hayat,MD Dai,1,0,,,,,,,,,
1026851,2016/17,2016-11-08,"Mission Road Ground, Mong Kok",2,11.1,Hong Kong,Papua New Guinea,Nizakat Khan,Babar Hayat,L Siaka,1,0,,,,,,,,,
1026851,2016/17,2016-11-08,"Mission Road Ground, Mong Kok",2,11.2,Hong Kong,Papua New Guinea,Babar Hayat,Nizakat Khan,L Siaka,0,0,,,,,,,,,
1026851,2016/17,2016-11-08,"Mission Road Ground, Mong Kok",2,11.3,Hong Kong,Papua New Guinea,Babar Hayat,Nizakat Khan,L Siaka,0,0,,,,,,,,,
1026851,2016/17,2016-11-08,"Mission Road Ground, Mong Kok",2,11.4,Hong Kong,Papua New Guinea,Babar Hayat,Nizakat Khan,L Siaka,0,0,,,,,,,,,
1026851,2016/17,2016-11-08,"Mission Road Ground, Mong Kok",2,11.5,Hong Kong,Papua New Guinea,Babar Hayat,Nizakat Khan,L Siaka,0,0,,,,,,,,,
1026851,2016/17,2016-11-08,"Mission Road Ground, Mong Kok",2,11.6,Hong Kong,Papua New Guinea,Babar Hayat,Nizakat Khan,L Siaka,0,0,,,,,,,,,
1026851,2016/17,2016-11-08,"Mission Road Ground, Mong Kok",2,12.1,Hong Kong,Papua New Guinea,Nizakat Khan,Babar Hayat,MD Dai,0,0,,,,,,,,,
1026851,2016/17,2016-11-08,"Mission Road Ground, Mong Kok",2,12.2,Hong Kong,Papua New Guinea,Nizakat Khan,Babar Hayat,MD Dai,6,0,,,,,,,,,
1026851,2016/17,2016-11-08,"Mission Road Ground, Mong Kok",2,12.3,Hong Kong,Papua New Guinea,Nizakat Khan,Babar Hayat,MD Dai,0,0,,,,,,,,,
1026851,2016/17,2016-11-08,"Mission Road Ground, Mong Kok",2,12.4,Hong Kong,Papua New Guinea,Nizakat Khan,Babar Hayat,MD Dai,1,0,,,,,,,,,
1026851,2016/17,2016-11-08,"Mission Road Ground, Mong Kok",2,12.5,Hong Kong,Papua New Guinea,Babar Hayat,Nizakat Khan,MD Dai,0,0,,,,,,,,,
1026851,2016/17,2016-11-08,"Mission Road Ground, Mong Kok",2,12.6,Hong Kong,Papua New Guinea,Babar Hayat,Nizakat Khan,MD Dai,1,0,,,,,,,,,
1026851,2016/17,2016-11-08,"Mission Road Ground, Mong Kok",2,13.1,Hong Kong,Papua New Guinea,Babar Hayat,Nizakat Khan,L Siaka,0,0,,,,,,,,,
1026851,2016/17,2016-11-08,"Mission Road Ground, Mong Kok",2,13.2,Hong Kong,Papua New Guinea,Babar Hayat,Nizakat Khan,L Siaka,0,0,,,,,,,,,
1026851,2016/17,2016-11-08,"Mission Road Ground, Mong Kok",2,13.3,Hong Kong,Papua New Guinea,Babar Hayat,Nizakat Khan,L Siaka,1,0,,,,,,,,,
1026851,2016/17,2016-11-08,"Mission Road Ground, Mong Kok",2,13.4,Hong Kong,Papua New Guinea,Nizakat Khan,Babar Hayat,L Siaka,0,1,1,,,,,,,,
1026851,2016/17,2016-11-08,"Mission Road Ground, Mong Kok",2,13.5,Hong Kong,Papua New Guinea,Nizakat Khan,Babar Hayat,L Siaka,0,0,,,,,,caught,Nizakat Khan,,
1026851,2016/17,2016-11-08,"Mission Road Ground, Mong Kok",2,13.6,Hong Kong,Papua New Guinea,Babar Hayat,Anshuman Rath,L Siaka,0,0,,,,,,,,,
1026851,2016/17,2016-11-08,"Mission Road Ground, Mong Kok",2,13.7,Hong Kong,Papua New Guinea,Babar Hayat,Anshuman Rath,L Siaka,1,0,,,,,,,,,
1026851,2016/17,2016-11-08,"Mission Road Ground, Mong Kok",2,14.1,Hong Kong,Papua New Guinea,Babar Hayat,Anshuman Rath,MD Dai,0,0,,,,,,,,,
1026851,2016/17,2016-11-08,"Mission Road Ground, Mong Kok",2,14.2,Hong Kong,Papua New Guinea,Babar Hayat,Anshuman Rath,MD Dai,0,0,,,,,,,,,
1026851,2016/17,2016-11-08,"Mission Road Ground, Mong Kok",2,14.3,Hong Kong,Papua New Guinea,Babar Hayat,Anshuman Rath,MD Dai,1,0,,,,,,,,,
1026851,2016/17,2016-11-08,"Mission Road Ground, Mong Kok",2,14.4,Hong Kong,Papua New Guinea,Anshuman Rath,Babar Hayat,MD Dai,0,0,,,,,,,,,
1026851,2016/17,2016-11-08,"Mission Road Ground, Mong Kok",2,14.5,Hong Kong,Papua New Guinea,Anshuman Rath,Babar Hayat,MD Dai,0,0,,,,,,,,,
1026851,2016/17,2016-11-08,"Mission Road Ground, Mong Kok",2,14.6,Hong Kong,Papua New Guinea,Anshuman Rath,Babar Hayat,MD Dai,0,0,,,,,,,,,
1026851,2016/17,2016-11-08,"Mission Road Ground, Mong Kok",2,15.1,Hong Kong,Papua New Guinea,Babar Hayat,Anshuman Rath,L Siaka,1,0,,,,,,,,,
1026851,2016/17,2016-11-08,"Mission Road Ground, Mong Kok",2,15.2,Hong Kong,Papua New Guinea,Anshuman Rath,Babar Hayat,L Siaka,0,0,,,,,,,,,
1026851,2016/17,2016-11-08,"Mission Road Ground, Mong Kok",2,15.3,Hong Kong,Papua New Guinea,Anshuman Rath,Babar Hayat,L Siaka,0,0,,,,,,,,,
1026851,2016/17,2016-11-08,"Mission Road Ground, Mong Kok",2,15.4,Hong Kong,Papua New Guinea,Anshuman Rath,Babar Hayat,L Siaka,1,0,,,,,,,,,
1026851,2016/17,2016-11-08,"Mission Road Ground, Mong Kok",2,15.5,Hong Kong,Papua New Guinea,Babar Hayat,Anshuman Rath,L Siaka,1,0,,,,,,,,,
1026851,2016/17,2016-11-08,"Mission Road Ground, Mong Kok",2,15.6,Hong Kong,Papua New Guinea,Anshuman Rath,Babar Hayat,L Siaka,4,0,,,,,,,,,
1026851,2016/17,2016-11-08,"Mission Road Ground, Mong Kok",2,16.1,Hong Kong,Papua New Guinea,Babar Hayat,Anshuman Rath,MD Dai,0,0,,,,,,,,,
1026851,2016/17,2016-11-08,"Mission Road Ground, Mong Kok",2,16.2,Hong Kong,Papua New Guinea,Babar Hayat,Anshuman Rath,MD Dai,0,0,,,,,,,,,
1026851,2016/17,2016-11-08,"Mission Road Ground, Mong Kok",2,16.3,Hong Kong,Papua New Guinea,Babar Hayat,Anshuman Rath,MD Dai,0,0,,,,,,,,,
1026851,2016/17,2016-11-08,"Mission Road Ground, Mong Kok",2,16.4,Hong Kong,Papua New Guinea,Babar Hayat,Anshuman Rath,MD Dai,0,0,,,,,,,,,
1026851,2016/17,2016-11-08,"Mission Road Ground, Mong Kok",2,16.5,Hong Kong,Papua New Guinea,Babar Hayat,Anshuman Rath,MD Dai,0,0,,,,,,,,,
1026851,2016/17,2016-11-08,"Mission Road Ground, Mong Kok",2,16.6,Hong Kong,Papua New Guinea,Babar Hayat,Anshuman Rath,MD Dai,2,0,,,,,,,,,
1026851,2016/17,2016-11-08,"Mission Road Ground, Mong Kok",2,17.1,Hong Kong,Papua New Guinea,Anshuman Rath,Babar Hayat,H Hiri,4,0,,,,,,,,,
1026851,2016/17,2016-11-08,"Mission Road Ground, Mong Kok",2,17.2,Hong Kong,Papua New Guinea,Anshuman Rath,Babar Hayat,H Hiri,1,0,,,,,,,,,
1026851,2016/17,2016-11-08,"Mission Road Ground, Mong Kok",2,17.3,Hong Kong,Papua New Guinea,Babar Hayat,Anshuman Rath,H Hiri,0,0,,,,,,,,,
1026851,2016/17,2016-11-08,"Mission Road Ground, Mong Kok",2,17.4,Hong Kong,Papua New Guinea,Babar Hayat,Anshuman Rath,H Hiri,0,0,,,,,,,,,
1026851,2016/17,2016-11-08,"Mission Road Ground, Mong Kok",2,17.5,Hong Kong,Papua New Guinea,Babar Hayat,Anshuman Rath,H Hiri,4,0,,,,,,,,,
1026851,2016/17,2016-11-08,"Mission Road Ground, Mong Kok",2,17.6,Hong Kong,Papua New Guinea,Babar Hayat,Anshuman Rath,H Hiri,4,0,,,,,,,,,
1026851,2016/17,2016-11-08,"Mission Road Ground, Mong Kok",2,18.1,Hong Kong,Papua New Guinea,Anshuman Rath,Babar Hayat,MD Dai,0,0,,,,,,,,,
1026851,2016/17,2016-11-08,"Mission Road Ground, Mong Kok",2,18.2,Hong Kong,Papua New Guinea,Anshuman Rath,Babar Hayat,MD Dai,1,0,,,,,,,,,
1026851,2016/17,2016-11-08,"Mission Road Ground, Mong Kok",2,18.3,Hong Kong,Papua New Guinea,Babar Hayat,Anshuman Rath,MD Dai,0,0,,,,,,,,,
1026851,2016/17,2016-11-08,"Mission Road Ground, Mong Kok",2,18.4,Hong Kong,Papua New Guinea,Babar Hayat,Anshuman Rath,MD Dai,4,0,,,,,,,,,
1026851,2016/17,2016-11-08,"Mission Road Ground, Mong Kok",2,18.5,Hong Kong,Papua New Guinea,Babar Hayat,Anshuman Rath,MD Dai,1,0,,,,,,,,,
1026851,2016/17,2016-11-08,"Mission Road Ground, Mong Kok",2,18.6,Hong Kong,Papua New Guinea,Anshuman Rath,Babar Hayat,MD Dai,1,0,,,,,,,,,
1026851,2016/17,2016-11-08,"Mission Road Ground, Mong Kok",2,19.1,Hong Kong,Papua New Guinea,Anshuman Rath,Babar Hayat,A Vala,0,0,,,,,,,,,
1026851,2016/17,2016-11-08,"Mission Road Ground, Mong Kok",2,19.2,Hong Kong,Papua New Guinea,Anshuman Rath,Babar Hayat,A Vala,0,0,,,,,,,,,
1026851,2016/17,2016-11-08,"Mission Road Ground, Mong Kok",2,19.3,Hong Kong,Papua New Guinea,Anshuman Rath,Babar Hayat,A Vala,1,0,,,,,,,,,
1026851,2016/17,2016-11-08,"Mission Road Ground, Mong Kok",2,19.4,Hong Kong,Papua New Guinea,Babar Hayat,Anshuman Rath,A Vala,1,0,,,,,,,,,
1026851,2016/17,2016-11-08,"Mission Road Ground, Mong Kok",2,19.5,Hong Kong,Papua New Guinea,Anshuman Rath,Babar Hayat,A Vala,1,0,,,,,,,,,
1026851,2016/17,2016-11-08,"Mission Road Ground, Mong Kok",2,19.6,Hong Kong,Papua New Guinea,Babar Hayat,Anshuman Rath,A Vala,0,0,,,,,,,,,
1026851,2016/17,2016-11-08,"Mission Road Ground, Mong Kok",2,20.1,Hong Kong,Papua New Guinea,Anshuman Rath,Babar Hayat,MD Dai,1,0,,,,,,,,,
1026851,2016/17,2016-11-08,"Mission Road Ground, Mong Kok",2,20.2,Hong Kong,Papua New Guinea,Babar Hayat,Anshuman Rath,MD Dai,0,0,,,,,,,,,
1026851,2016/17,2016-11-08,"Mission Road Ground, Mong Kok",2,20.3,Hong Kong,Papua New Guinea,Babar Hayat,Anshuman Rath,MD Dai,1,0,,,,,,,,,
1026851,2016/17,2016-11-08,"Mission Road Ground, Mong Kok",2,20.4,Hong Kong,Papua New Guinea,Anshuman Rath,Babar Hayat,MD Dai,1,0,,,,,,,,,
1026851,2016/17,2016-11-08,"Mission Road Ground, Mong Kok",2,20.5,Hong Kong,Papua New Guinea,Babar Hayat,Anshuman Rath,MD Dai,0,0,,,,,,,,,
1026851,2016/17,2016-11-08,"Mission Road Ground, Mong Kok",2,20.6,Hong Kong,Papua New Guinea,Babar Hayat,Anshuman Rath,MD Dai,6,0,,,,,,,,,
1026851,2016/17,2016-11-08,"Mission Road Ground, Mong Kok",2,21.1,Hong Kong,Papua New Guinea,Anshuman Rath,Babar Hayat,A Vala,0,0,,,,,,,,,
1026851,2016/17,2016-11-08,"Mission Road Ground, Mong Kok",2,21.2,Hong Kong,Papua New Guinea,Anshuman Rath,Babar Hayat,A Vala,0,0,,,,,,,,,
1026851,2016/17,2016-11-08,"Mission Road Ground, Mong Kok",2,21.3,Hong Kong,Papua New Guinea,Anshuman Rath,Babar Hayat,A Vala,1,0,,,,,,,,,
1026851,2016/17,2016-11-08,"Mission Road Ground, Mong Kok",2,21.4,Hong Kong,Papua New Guinea,Babar Hayat,Anshuman Rath,A Vala,0,0,,,,,,,,,
1026851,2016/17,2016-11-08,"Mission Road Ground, Mong Kok",2,21.5,Hong Kong,Papua New Guinea,Babar Hayat,Anshuman Rath,A Vala,0,0,,,,,,,,,
1026851,2016/17,2016-11-08,"Mission Road Ground, Mong Kok",2,21.6,Hong Kong,Papua New Guinea,Babar Hayat,Anshuman Rath,A Vala,0,0,,,,,,,,,
1026851,2016/17,2016-11-08,"Mission Road Ground, Mong Kok",2,22.1,Hong Kong,Papua New Guinea,Anshuman Rath,Babar Hayat,JB Reva,1,0,,,,,,,,,
1026851,2016/17,2016-11-08,"Mission Road Ground, Mong Kok",2,22.2,Hong Kong,Papua New Guinea,Babar Hayat,Anshuman Rath,JB Reva,0,0,,,,,,,,,
1026851,2016/17,2016-11-08,"Mission Road Ground, Mong Kok",2,22.3,Hong Kong,Papua New Guinea,Babar Hayat,Anshuman Rath,JB Reva,1,0,,,,,,,,,
1026851,2016/17,2016-11-08,"Mission Road Ground, Mong Kok",2,22.4,Hong Kong,Papua New Guinea,Anshuman Rath,Babar Hayat,JB Reva,1,0,,,,,,,,,
1026851,2016/17,2016-11-08,"Mission Road Ground, Mong Kok",2,22.5,Hong Kong,Papua New Guinea,Babar Hayat,Anshuman Rath,JB Reva,0,0,,,,,,,,,
1026851,2016/17,2016-11-08,"Mission Road Ground, Mong Kok",2,22.6,Hong Kong,Papua New Guinea,Babar Hayat,Anshuman Rath,JB Reva,0,0,,,,,,,,,
1026851,2016/17,2016-11-08,"Mission Road Ground, Mong Kok",2,23.1,Hong Kong,Papua New Guinea,Anshuman Rath,Babar Hayat,A Vala,0,0,,,,,,,,,
1026851,2016/17,2016-11-08,"Mission Road Ground, Mong Kok",2,23.2,Hong Kong,Papua New Guinea,Anshuman Rath,Babar Hayat,A Vala,1,0,,,,,,,,,
1026851,2016/17,2016-11-08,"Mission Road Ground, Mong Kok",2,23.3,Hong Kong,Papua New Guinea,Babar Hayat,Anshuman Rath,A Vala,4,0,,,,,,,,,
1026851,2016/17,2016-11-08,"Mission Road Ground, Mong Kok",2,23.4,Hong Kong,Papua New Guinea,Babar Hayat,Anshuman Rath,A Vala,1,0,,,,,,,,,
1026851,2016/17,2016-11-08,"Mission Road Ground, Mong Kok",2,23.5,Hong Kong,Papua New Guinea,Anshuman Rath,Babar Hayat,A Vala,2,0,,,,,,,,,
1026851,2016/17,2016-11-08,"Mission Road Ground, Mong Kok",2,23.6,Hong Kong,Papua New Guinea,Anshuman Rath,Babar Hayat,A Vala,0,0,,,,,,,,,
1026851,2016/17,2016-11-08,"Mission Road Ground, Mong Kok",2,24.1,Hong Kong,Papua New Guinea,Babar Hayat,Anshuman Rath,JB Reva,0,0,,,,,,,,,
1026851,2016/17,2016-11-08,"Mission Road Ground, Mong Kok",2,24.2,Hong Kong,Papua New Guinea,Babar Hayat,Anshuman Rath,JB Reva,6,0,,,,,,,,,
1026851,2016/17,2016-11-08,"Mission Road Ground, Mong Kok",2,24.3,Hong Kong,Papua New Guinea,Babar Hayat,Anshuman Rath,JB Reva,0,0,,,,,,,,,
1026851,2016/17,2016-11-08,"Mission Road Ground, Mong Kok",2,24.4,Hong Kong,Papua New Guinea,Babar Hayat,Anshuman Rath,JB Reva,4,0,,,,,,,,,
1026851,2016/17,2016-11-08,"Mission Road Ground, Mong Kok",2,24.5,Hong Kong,Papua New Guinea,Babar Hayat,Anshuman Rath,JB Reva,2,0,,,,,,,,,
1026851,2016/17,2016-11-08,"Mission Road Ground, Mong Kok",2,24.6,Hong Kong,Papua New Guinea,Babar Hayat,Anshuman Rath,JB Reva,1,0,,,,,,,,,
1026851,2016/17,2016-11-08,"Mission Road Ground, Mong Kok",2,25.1,Hong Kong,Papua New Guinea,Babar Hayat,Anshuman Rath,N Vanua,1,0,,,,,,,,,
1026851,2016/17,2016-11-08,"Mission Road Ground, Mong Kok",2,25.2,Hong Kong,Papua New Guinea,Anshuman Rath,Babar Hayat,N Vanua,0,0,,,,,,,,,
1026851,2016/17,2016-11-08,"Mission Road Ground, Mong Kok",2,25.3,Hong Kong,Papua New Guinea,Anshuman Rath,Babar Hayat,N Vanua,1,0,,,,,,,,,
1026851,2016/17,2016-11-08,"Mission Road Ground, Mong Kok",2,25.4,Hong Kong,Papua New Guinea,Babar Hayat,Anshuman Rath,N Vanua,0,0,,,,,,,,,
1026851,2016/17,2016-11-08,"Mission Road Ground, Mong Kok",2,25.5,Hong Kong,Papua New Guinea,Babar Hayat,Anshuman Rath,N Vanua,1,0,,,,,,,,,
1026851,2016/17,2016-11-08,"Mission Road Ground, Mong Kok",2,25.6,Hong Kong,Papua New Guinea,Anshuman Rath,Babar Hayat,N Vanua,0,0,,,,,,,,,
1026851,2016/17,2016-11-08,"Mission Road Ground, Mong Kok",2,26.1,Hong Kong,Papua New Guinea,Babar Hayat,Anshuman Rath,JB Reva,1,0,,,,,,,,,
1026851,2016/17,2016-11-08,"Mission Road Ground, Mong Kok",2,26.2,Hong Kong,Papua New Guinea,Anshuman Rath,Babar Hayat,JB Reva,0,0,,,,,,,,,
1026851,2016/17,2016-11-08,"Mission Road Ground, Mong Kok",2,26.3,Hong Kong,Papua New Guinea,Anshuman Rath,Babar Hayat,JB Reva,4,0,,,,,,,,,
1026851,2016/17,2016-11-08,"Mission Road Ground, Mong Kok",2,26.4,Hong Kong,Papua New Guinea,Anshuman Rath,Babar Hayat,JB Reva,1,0,,,,,,,,,
1026851,2016/17,2016-11-08,"Mission Road Ground, Mong Kok",2,26.5,Hong Kong,Papua New Guinea,Babar Hayat,Anshuman Rath,JB Reva,0,0,,,,,,,,,
1026851,2016/17,2016-11-08,"Mission Road Ground, Mong Kok",2,26.6,Hong Kong,Papua New Guinea,Babar Hayat,Anshuman Rath,JB Reva,0,0,,,,,,,,,
1026851,2016/17,2016-11-08,"Mission Road Ground, Mong Kok",2,27.1,Hong Kong,Papua New Guinea,Anshuman Rath,Babar Hayat,MD Dai,1,0,,,,,,,,,
1026851,2016/17,2016-11-08,"Mission Road Ground, Mong Kok",2,27.2,Hong Kong,Papua New Guinea,Babar Hayat,Anshuman Rath,MD Dai,0,1,1,,,,,,,,
1026851,2016/17,2016-11-08,"Mission Road Ground, Mong Kok",2,27.3,Hong Kong,Papua New Guinea,Babar Hayat,Anshuman Rath,MD Dai,1,0,,,,,,,,,
1026851,2016/17,2016-11-08,"Mission Road Ground, Mong Kok",2,27.4,Hong Kong,Papua New Guinea,Anshuman Rath,Babar Hayat,MD Dai,4,0,,,,,,,,,
1026851,2016/17,2016-11-08,"Mission Road Ground, Mong Kok",2,27.5,Hong Kong,Papua New Guinea,Anshuman Rath,Babar Hayat,MD Dai,0,0,,,,,,,,,
1026851,2016/17,2016-11-08,"Mission Road Ground, Mong Kok",2,27.6,Hong Kong,Papua New Guinea,Anshuman Rath,Babar Hayat,MD Dai,1,0,,,,,,,,,
1026851,2016/17,2016-11-08,"Mission Road Ground, Mong Kok",2,27.7,Hong Kong,Papua New Guinea,Babar Hayat,Anshuman Rath,MD Dai,0,0,,,,,,,,,
1026851,2016/17,2016-11-08,"Mission Road Ground, Mong Kok",2,28.1,Hong Kong,Papua New Guinea,Anshuman Rath,Babar Hayat,CA Soper,0,1,,1,,,,,,,
1026851,2016/17,2016-11-08,"Mission Road Ground, Mong Kok",2,28.2,Hong Kong,Papua New Guinea,Anshuman Rath,Babar Hayat,CA Soper,1,0,,,,,,,,,
1026851,2016/17,2016-11-08,"Mission Road Ground, Mong Kok",2,28.3,Hong Kong,Papua New Guinea,Babar Hayat,Anshuman Rath,CA Soper,1,0,,,,,,,,,
1026851,2016/17,2016-11-08,"Mission Road Ground, Mong Kok",2,28.4,Hong Kong,Papua New Guinea,Anshuman Rath,Babar Hayat,CA Soper,2,0,,,,,,,,,
1026851,2016/17,2016-11-08,"Mission Road Ground, Mong Kok",2,28.5,Hong Kong,Papua New Guinea,Anshuman Rath,Babar Hayat,CA Soper,0,0,,,,,,,,,
1026851,2016/17,2016-11-08,"Mission Road Ground, Mong Kok",2,28.6,Hong Kong,Papua New Guinea,Anshuman Rath,Babar Hayat,CA Soper,0,0,,,,,,,,,
1026851,2016/17,2016-11-08,"Mission Road Ground, Mong Kok",2,28.7,Hong Kong,Papua New Guinea,Anshuman Rath,Babar Hayat,CA Soper,1,0,,,,,,,,,
1026851,2016/17,2016-11-08,"Mission Road Ground, Mong Kok",2,29.1,Hong Kong,Papua New Guinea,Anshuman Rath,Babar Hayat,MD Dai,0,0,,,,,,,,,
1026851,2016/17,2016-11-08,"Mission Road Ground, Mong Kok",2,29.2,Hong Kong,Papua New Guinea,Anshuman Rath,Babar Hayat,MD Dai,0,0,,,,,,,,,
1026851,2016/17,2016-11-08,"Mission Road Ground, Mong Kok",2,29.3,Hong Kong,Papua New Guinea,Anshuman Rath,Babar Hayat,MD Dai,0,0,,,,,,,,,
1026851,2016/17,2016-11-08,"Mission Road Ground, Mong Kok",2,29.4,Hong Kong,Papua New Guinea,Anshuman Rath,Babar Hayat,MD Dai,0,0,,,,,,,,,
1026851,2016/17,2016-11-08,"Mission Road Ground, Mong Kok",2,29.5,Hong Kong,Papua New Guinea,Anshuman Rath,Babar Hayat,MD Dai,1,0,,,,,,,,,
1026851,2016/17,2016-11-08,"Mission Road Ground, Mong Kok",2,29.6,Hong Kong,Papua New Guinea,Babar Hayat,Anshuman Rath,MD Dai,0,0,,,,,,,,,
1026851,2016/17,2016-11-08,"Mission Road Ground, Mong Kok",2,30.1,Hong Kong,Papua New Guinea,Anshuman Rath,Babar Hayat,CA Soper,4,0,,,,,,,,,
1026851,2016/17,2016-11-08,"Mission Road Ground, Mong Kok",2,30.2,Hong Kong,Papua New Guinea,Anshuman Rath,Babar Hayat,CA Soper,0,0,,,,,,,,,
1026851,2016/17,2016-11-08,"Mission Road Ground, Mong Kok",2,30.3,Hong Kong,Papua New Guinea,Anshuman Rath,Babar Hayat,CA Soper,1,0,,,,,,,,,
1026851,2016/17,2016-11-08,"Mission Road Ground, Mong Kok",2,30.4,Hong Kong,Papua New Guinea,Babar Hayat,Anshuman Rath,CA Soper,0,0,,,,,,,,,
1026851,2016/17,2016-11-08,"Mission Road Ground, Mong Kok",2,30.5,Hong Kong,Papua New Guinea,Babar Hayat,Anshuman Rath,CA Soper,1,0,,,,,,,,,
1026851,2016/17,2016-11-08,"Mission Road Ground, Mong Kok",2,30.6,Hong Kong,Papua New Guinea,Anshuman Rath,Babar Hayat,CA Soper,1,0,,,,,,,,,
1026851,2016/17,2016-11-08,"Mission Road Ground, Mong Kok",2,31.1,Hong Kong,Papua New Guinea,Anshuman Rath,Babar Hayat,MD Dai,0,0,,,,,,,,,
1026851,2016/17,2016-11-08,"Mission Road Ground, Mong Kok",2,31.2,Hong Kong,Papua New Guinea,Anshuman Rath,Babar Hayat,MD Dai,1,0,,,,,,,,,
1026851,2016/17,2016-11-08,"Mission Road Ground, Mong Kok",2,31.3,Hong Kong,Papua New Guinea,Babar Hayat,Anshuman Rath,MD Dai,1,0,,,,,,,,,
1026851,2016/17,2016-11-08,"Mission Road Ground, Mong Kok",2,31.4,Hong Kong,Papua New Guinea,Anshuman Rath,Babar Hayat,MD Dai,0,0,,,,,,,,,
1026851,2016/17,2016-11-08,"Mission Road Ground, Mong Kok",2,31.5,Hong Kong,Papua New Guinea,Anshuman Rath,Babar Hayat,MD Dai,1,0,,,,,,,,,
1026851,2016/17,2016-11-08,"Mission Road Ground, Mong Kok",2,31.6,Hong Kong,Papua New Guinea,Babar Hayat,Anshuman Rath,MD Dai,1,0,,,,,,,,,
1026851,2016/17,2016-11-08,"Mission Road Ground, Mong Kok",2,32.1,Hong Kong,Papua New Guinea,Babar Hayat,Anshuman Rath,CA Soper,0,0,,,,,,,,,
1026851,2016/17,2016-11-08,"Mission Road Ground, Mong Kok",2,32.2,Hong Kong,Papua New Guinea,Babar Hayat,Anshuman Rath,CA Soper,1,0,,,,,,,,,
1026851,2016/17,2016-11-08,"Mission Road Ground, Mong Kok",2,32.3,Hong Kong,Papua New Guinea,Anshuman Rath,Babar Hayat,CA Soper,1,0,,,,,,,,,
1026851,2016/17,2016-11-08,"Mission Road Ground, Mong Kok",2,32.4,Hong Kong,Papua New Guinea,Babar Hayat,Anshuman Rath,CA Soper,4,0,,,,,,,,,
1026851,2016/17,2016-11-08,"Mission Road Ground, Mong Kok",2,32.5,Hong Kong,Papua New Guinea,Babar Hayat,Anshuman Rath,CA Soper,0,0,,,,,,,,,
1026851,2016/17,2016-11-08,"Mission Road Ground, Mong Kok",2,32.6,Hong Kong,Papua New Guinea,Babar Hayat,Anshuman Rath,CA Soper,6,0,,,,,,,,,
1026851,2016/17,2016-11-08,"Mission Road Ground, Mong Kok",2,33.1,Hong Kong,Papua New Guinea,Anshuman Rath,Babar Hayat,N Vanua,0,0,,,,,,,,,
1026851,2016/17,2016-11-08,"Mission Road Ground, Mong Kok",2,33.2,Hong Kong,Papua New Guinea,Anshuman Rath,Babar Hayat,N Vanua,0,0,,,,,,,,,
1026851,2016/17,2016-11-08,"Mission Road Ground, Mong Kok",2,33.3,Hong Kong,Papua New Guinea,Anshuman Rath,Babar Hayat,N Vanua,0,1,1,,,,,,,,
1026851,2016/17,2016-11-08,"Mission Road Ground, Mong Kok",2,33.4,Hong Kong,Papua New Guinea,Anshuman Rath,Babar Hayat,N Vanua,4,0,,,,,,,,,
