match_id,season,start_date,venue,innings,ball,batting_team,bowling_team,striker,non_striker,bowler,runs_off_bat,extras,wides,noballs,byes,legbyes,penalty,wicket_type,player_dismissed,other_wicket_type,other_player_dismissed
1027319,2016/17,2017-03-09,"Kensington Oval, Bridgetown",1,0.1,England,West Indies,JJ Roy,AD Hales,JO Holder,0,0,,,,,,,,,
1027319,2016/17,2017-03-09,"Kensington Oval, Bridgetown",1,0.2,England,West Indies,JJ Roy,AD Hales,JO Holder,0,0,,,,,,,,,
1027319,2016/17,2017-03-09,"Kensington Oval, Bridgetown",1,0.3,England,West Indies,JJ Roy,AD Hales,JO Holder,0,0,,,,,,,,,
1027319,2016/17,2017-03-09,"Kensington Oval, Bridgetown",1,0.4,England,West Indies,JJ Roy,AD Hales,JO Holder,0,0,,,,,,,,,
1027319,2016/17,2017-03-09,"Kensington Oval, Bridgetown",1,0.5,England,West Indies,JJ Roy,AD Hales,JO Holder,4,0,,,,,,,,,
1027319,2016/17,2017-03-09,"Kensington Oval, Bridgetown",1,0.6,England,West Indies,JJ Roy,AD Hales,JO Holder,2,0,,,,,,,,,
1027319,2016/17,2017-03-09,"Kensington Oval, Bridgetown",1,1.1,England,West Indies,AD Hales,JJ Roy,AS Joseph,0,0,,,,,,,,,
1027319,2016/17,2017-03-09,"Kensington Oval, Bridgetown",1,1.2,England,West Indies,AD Hales,JJ Roy,AS Joseph,1,0,,,,,,,,,
1027319,2016/17,2017-03-09,"Kensington Oval, Bridgetown",1,1.3,England,West Indies,JJ Roy,AD Hales,AS Joseph,1,0,,,,,,,,,
1027319,2016/17,2017-03-09,"Kensington Oval, Bridgetown",1,1.4,England,West Indies,AD Hales,JJ Roy,AS Joseph,0,0,,,,,,,,,
1027319,2016/17,2017-03-09,"Kensington Oval, Bridgetown",1,1.5,England,West Indies,AD Hales,JJ Roy,AS Joseph,0,0,,,,,,,,,
1027319,2016/17,2017-03-09,"Kensington Oval, Bridgetown",1,1.6,England,West Indies,AD Hales,JJ Roy,AS Joseph,2,0,,,,,,,,,
1027319,2016/17,2017-03-09,"Kensington Oval, Bridgetown",1,2.1,England,West Indies,JJ Roy,AD Hales,JO Holder,0,0,,,,,,,,,
1027319,2016/17,2017-03-09,"Kensington Oval, Bridgetown",1,2.2,England,West Indies,JJ Roy,AD Hales,JO Holder,1,0,,,,,,,,,
1027319,2016/17,2017-03-09,"Kensington Oval, Bridgetown",1,2.3,England,West Indies,AD Hales,JJ Roy,JO Holder,0,0,,,,,,,,,
1027319,2016/17,2017-03-09,"Kensington Oval, Bridgetown",1,2.4,England,West Indies,AD Hales,JJ Roy,JO Holder,4,0,,,,,,,,,
1027319,2016/17,2017-03-09,"Kensington Oval, Bridgetown",1,2.5,England,West Indies,AD Hales,JJ Roy,JO Holder,0,0,,,,,,,,,
1027319,2016/17,2017-03-09,"Kensington Oval, Bridgetown",1,2.6,England,West Indies,AD Hales,JJ Roy,JO Holder,0,0,,,,,,,,,
1027319,2016/17,2017-03-09,"Kensington Oval, Bridgetown",1,3.1,England,West Indies,JJ Roy,AD Hales,AS Joseph,0,0,,,,,,,,,
1027319,2016/17,2017-03-09,"Kensington Oval, Bridgetown",1,3.2,England,West Indies,JJ Roy,AD Hales,AS Joseph,4,0,,,,,,,,,
1027319,2016/17,2017-03-09,"Kensington Oval, Bridgetown",1,3.3,England,West Indies,JJ Roy,AD Hales,AS Joseph,1,0,,,,,,,,,
1027319,2016/17,2017-03-09,"Kensington Oval, Bridgetown",1,3.4,England,West Indies,AD Hales,JJ Roy,AS Joseph,1,0,,,,,,,,,
1027319,2016/17,2017-03-09,"Kensington Oval, Bridgetown",1,3.5,England,West Indies,JJ Roy,AD Hales,AS Joseph,1,0,,,,,,,,,
1027319,2016/17,2017-03-09,"Kensington Oval, Bridgetown",1,3.6,England,West Indies,AD Hales,JJ Roy,AS Joseph,1,0,,,,,,,,,
1027319,2016/17,2017-03-09,"Kensington Oval, Bridgetown",1,4.1,England,West Indies,AD Hales,JJ Roy,JO Holder,1,0,,,,,,,,,
1027319,2016/17,2017-03-09,"Kensington Oval, Bridgetown",1,4.2,England,West Indies,JJ Roy,AD Hales,JO Holder,1,0,,,,,,,,,
1027319,2016/17,2017-03-09,"Kensington Oval, Bridgetown",1,4.3,England,West Indies,AD Hales,JJ Roy,JO Holder,0,0,,,,,,,,,
1027319,2016/17,2017-03-09,"Kensington Oval, Bridgetown",1,4.4,England,West Indies,AD Hales,JJ Roy,JO Holder,0,0,,,,,,,,,
1027319,2016/17,2017-03-09,"Kensington Oval, Bridgetown",1,4.5,England,West Indies,AD Hales,JJ Roy,JO Holder,0,0,,,,,,,,,
1027319,2016/17,2017-03-09,"Kensington Oval, Bridgetown",1,4.6,England,West Indies,AD Hales,JJ Roy,JO Holder,0,0,,,,,,,,,
1027319,2016/17,2017-03-09,"Kensington Oval, Bridgetown",1,5.1,England,West Indies,JJ Roy,AD Hales,AS Joseph,0,0,,,,,,,,,
1027319,2016/17,2017-03-09,"Kensington Oval, Bridgetown",1,5.2,England,West Indies,JJ Roy,AD Hales,AS Joseph,0,0,,,,,,,,,
1027319,2016/17,2017-03-09,"Kensington Oval, Bridgetown",1,5.3,England,West Indies,JJ Roy,AD Hales,AS Joseph,2,0,,,,,,,,,
1027319,2016/17,2017-03-09,"Kensington Oval, Bridgetown",1,5.4,England,West Indies,JJ Roy,AD Hales,AS Joseph,0,0,,,,,,,,,
1027319,2016/17,2017-03-09,"Kensington Oval, Bridgetown",1,5.5,England,West Indies,JJ Roy,AD Hales,AS Joseph,0,0,,,,,,caught,JJ Roy,,
1027319,2016/17,2017-03-09,"Kensington Oval, Bridgetown",1,5.6,England,West Indies,JE Root,AD Hales,AS Joseph,1,0,,,,,,,,,
1027319,2016/17,2017-03-09,"Kensington Oval, Bridgetown",1,6.1,England,West Indies,JE Root,AD Hales,JO Holder,0,0,,,,,,,,,
1027319,2016/17,2017-03-09,"Kensington Oval, Bridgetown",1,6.2,England,West Indies,JE Root,AD Hales,JO Holder,0,0,,,,,,,,,
1027319,2016/17,2017-03-09,"Kensington Oval, Bridgetown",1,6.3,England,West Indies,JE Root,AD Hales,JO Holder,0,0,,,,,,,,,
1027319,2016/17,2017-03-09,"Kensington Oval, Bridgetown",1,6.4,England,West Indies,JE Root,AD Hales,JO Holder,0,1,,,,1,,,,,
1027319,2016/17,2017-03-09,"Kensington Oval, Bridgetown",1,6.5,England,West Indies,AD Hales,JE Root,JO Holder,0,0,,,,,,,,,
1027319,2016/17,2017-03-09,"Kensington Oval, Bridgetown",1,6.6,England,West Indies,AD Hales,JE Root,JO Holder,0,0,,,,,,,,,
1027319,2016/17,2017-03-09,"Kensington Oval, Bridgetown",1,7.1,England,West Indies,JE Root,AD Hales,AS Joseph,0,0,,,,,,,,,
1027319,2016/17,2017-03-09,"Kensington Oval, Bridgetown",1,7.2,England,West Indies,JE Root,AD Hales,AS Joseph,0,0,,,,,,,,,
1027319,2016/17,2017-03-09,"Kensington Oval, Bridgetown",1,7.3,England,West Indies,JE Root,AD Hales,AS Joseph,0,0,,,,,,,,,
1027319,2016/17,2017-03-09,"Kensington Oval, Bridgetown",1,7.4,England,West Indies,JE Root,AD Hales,AS Joseph,1,0,,,,,,,,,
1027319,2016/17,2017-03-09,"Kensington Oval, Bridgetown",1,7.5,England,West Indies,AD Hales,JE Root,AS Joseph,0,0,,,,,,,,,
1027319,2016/17,2017-03-09,"Kensington Oval, Bridgetown",1,7.6,England,West Indies,AD Hales,JE Root,AS Joseph,0,0,,,,,,,,,
1027319,2016/17,2017-03-09,"Kensington Oval, Bridgetown",1,8.1,England,West Indies,JE Root,AD Hales,JO Holder,0,0,,,,,,,,,
1027319,2016/17,2017-03-09,"Kensington Oval, Bridgetown",1,8.2,England,West Indies,JE Root,AD Hales,JO Holder,1,0,,,,,,,,,
1027319,2016/17,2017-03-09,"Kensington Oval, Bridgetown",1,8.3,England,West Indies,AD Hales,JE Root,JO Holder,1,0,,,,,,,,,
1027319,2016/17,2017-03-09,"Kensington Oval, Bridgetown",1,8.4,England,West Indies,JE Root,AD Hales,JO Holder,0,0,,,,,,,,,
1027319,2016/17,2017-03-09,"Kensington Oval, Bridgetown",1,8.5,England,West Indies,JE Root,AD Hales,JO Holder,0,0,,,,,,,,,
1027319,2016/17,2017-03-09,"Kensington Oval, Bridgetown",1,8.6,England,West Indies,JE Root,AD Hales,JO Holder,0,0,,,,,,,,,
1027319,2016/17,2017-03-09,"Kensington Oval, Bridgetown",1,9.1,England,West Indies,AD Hales,JE Root,AS Joseph,1,0,,,,,,,,,
1027319,2016/17,2017-03-09,"Kensington Oval, Bridgetown",1,9.2,England,West Indies,JE Root,AD Hales,AS Joseph,0,0,,,,,,,,,
1027319,2016/17,2017-03-09,"Kensington Oval, Bridgetown",1,9.3,England,West Indies,JE Root,AD Hales,AS Joseph,0,0,,,,,,,,,
1027319,2016/17,2017-03-09,"Kensington Oval, Bridgetown",1,9.4,England,West Indies,JE Root,AD Hales,AS Joseph,0,0,,,,,,,,,
1027319,2016/17,2017-03-09,"Kensington Oval, Bridgetown",1,9.5,England,West Indies,JE Root,AD Hales,AS Joseph,4,0,,,,,,,,,
1027319,2016/17,2017-03-09,"Kensington Oval, Bridgetown",1,9.6,England,West Indies,JE Root,AD Hales,AS Joseph,0,1,1,,,,,,,,
1027319,2016/17,2017-03-09,"Kensington Oval, Bridgetown",1,9.7,England,West Indies,JE Root,AD Hales,AS Joseph,1,0,,,,,,,,,
1027319,2016/17,2017-03-09,"Kensington Oval, Bridgetown",1,10.1,England,West Indies,JE Root,AD Hales,JO Holder,0,0,,,,,,,,,
1027319,2016/17,2017-03-09,"Kensington Oval, Bridgetown",1,10.2,England,West Indies,JE Root,AD Hales,JO Holder,0,0,,,,,,,,,
1027319,2016/17,2017-03-09,"Kensington Oval, Bridgetown",1,10.3,England,West Indies,JE Root,AD Hales,JO Holder,4,0,,,,,,,,,
1027319,2016/17,2017-03-09,"Kensington Oval, Bridgetown",1,10.4,England,West Indies,JE Root,AD Hales,JO Holder,0,0,,,,,,,,,
1027319,2016/17,2017-03-09,"Kensington Oval, Bridgetown",1,10.5,England,West Indies,JE Root,AD Hales,JO Holder,1,0,,,,,,,,,
1027319,2016/17,2017-03-09,"Kensington Oval, Bridgetown",1,10.6,England,West Indies,AD Hales,JE Root,JO Holder,1,0,,,,,,,,,
1027319,2016/17,2017-03-09,"Kensington Oval, Bridgetown",1,11.1,England,West Indies,AD Hales,JE Root,AS Joseph,4,0,,,,,,,,,
1027319,2016/17,2017-03-09,"Kensington Oval, Bridgetown",1,11.2,England,West Indies,AD Hales,JE Root,AS Joseph,1,0,,,,,,,,,
1027319,2016/17,2017-03-09,"Kensington Oval, Bridgetown",1,11.3,England,West Indies,JE Root,AD Hales,AS Joseph,0,0,,,,,,,,,
1027319,2016/17,2017-03-09,"Kensington Oval, Bridgetown",1,11.4,England,West Indies,JE Root,AD Hales,AS Joseph,0,0,,,,,,,,,
1027319,2016/17,2017-03-09,"Kensington Oval, Bridgetown",1,11.5,England,West Indies,JE Root,AD Hales,AS Joseph,1,0,,,,,,,,,
1027319,2016/17,2017-03-09,"Kensington Oval, Bridgetown",1,11.6,England,West Indies,AD Hales,JE Root,AS Joseph,1,0,,,,,,,,,
1027319,2016/17,2017-03-09,"Kensington Oval, Bridgetown",1,12.1,England,West Indies,AD Hales,JE Root,D Bishoo,0,0,,,,,,,,,
1027319,2016/17,2017-03-09,"Kensington Oval, Bridgetown",1,12.2,England,West Indies,AD Hales,JE Root,D Bishoo,0,0,,,,,,,,,
1027319,2016/17,2017-03-09,"Kensington Oval, Bridgetown",1,12.3,England,West Indies,AD Hales,JE Root,D Bishoo,4,0,,,,,,,,,
1027319,2016/17,2017-03-09,"Kensington Oval, Bridgetown",1,12.4,England,West Indies,AD Hales,JE Root,D Bishoo,0,0,,,,,,,,,
1027319,2016/17,2017-03-09,"Kensington Oval, Bridgetown",1,12.5,England,West Indies,AD Hales,JE Root,D Bishoo,0,0,,,,,,,,,
1027319,2016/17,2017-03-09,"Kensington Oval, Bridgetown",1,12.6,England,West Indies,AD Hales,JE Root,D Bishoo,0,0,,,,,,,,,
1027319,2016/17,2017-03-09,"Kensington Oval, Bridgetown",1,13.1,England,West Indies,JE Root,AD Hales,CR Brathwaite,0,0,,,,,,,,,
1027319,2016/17,2017-03-09,"Kensington Oval, Bridgetown",1,13.2,England,West Indies,JE Root,AD Hales,CR Brathwaite,0,0,,,,,,,,,
1027319,2016/17,2017-03-09,"Kensington Oval, Bridgetown",1,13.3,England,West Indies,JE Root,AD Hales,CR Brathwaite,1,0,,,,,,,,,
1027319,2016/17,2017-03-09,"Kensington Oval, Bridgetown",1,13.4,England,West Indies,AD Hales,JE Root,CR Brathwaite,0,0,,,,,,,,,
1027319,2016/17,2017-03-09,"Kensington Oval, Bridgetown",1,13.5,England,West Indies,AD Hales,JE Root,CR Brathwaite,1,0,,,,,,,,,
1027319,2016/17,2017-03-09,"Kensington Oval, Bridgetown",1,13.6,England,West Indies,JE Root,AD Hales,CR Brathwaite,1,0,,,,,,,,,
1027319,2016/17,2017-03-09,"Kensington Oval, Bridgetown",1,14.1,England,West Indies,JE Root,AD Hales,D Bishoo,2,0,,,,,,,,,
1027319,2016/17,2017-03-09,"Kensington Oval, Bridgetown",1,14.2,England,West Indies,JE Root,AD Hales,D Bishoo,0,0,,,,,,,,,
1027319,2016/17,2017-03-09,"Kensington Oval, Bridgetown",1,14.3,England,West Indies,JE Root,AD Hales,D Bishoo,0,0,,,,,,,,,
1027319,2016/17,2017-03-09,"Kensington Oval, Bridgetown",1,14.4,England,West Indies,JE Root,AD Hales,D Bishoo,4,0,,,,,,,,,
1027319,2016/17,2017-03-09,"Kensington Oval, Bridgetown",1,14.5,England,West Indies,JE Root,AD Hales,D Bishoo,0,0,,,,,,,,,
1027319,2016/17,2017-03-09,"Kensington Oval, Bridgetown",1,14.6,England,West Indies,JE Root,AD Hales,D Bishoo,2,0,,,,,,,,,
1027319,2016/17,2017-03-09,"Kensington Oval, Bridgetown",1,15.1,England,West Indies,AD Hales,JE Root,CR Brathwaite,4,0,,,,,,,,,
1027319,2016/17,2017-03-09,"Kensington Oval, Bridgetown",1,15.2,England,West Indies,AD Hales,JE Root,CR Brathwaite,1,0,,,,,,,,,
1027319,2016/17,2017-03-09,"Kensington Oval, Bridgetown",1,15.3,England,West Indies,JE Root,AD Hales,CR Brathwaite,1,0,,,,,,,,,
1027319,2016/17,2017-03-09,"Kensington Oval, Bridgetown",1,15.4,England,West Indies,AD Hales,JE Root,CR Brathwaite,0,0,,,,,,,,,
1027319,2016/17,2017-03-09,"Kensington Oval, Bridgetown",1,15.5,England,West Indies,AD Hales,JE Root,CR Brathwaite,0,0,,,,,,,,,
1027319,2016/17,2017-03-09,"Kensington Oval, Bridgetown",1,15.6,England,West Indies,AD Hales,JE Root,CR Brathwaite,1,0,,,,,,,,,
1027319,2016/17,2017-03-09,"Kensington Oval, Bridgetown",1,16.1,England,West Indies,AD Hales,JE Root,D Bishoo,1,0,,,,,,,,,
1027319,2016/17,2017-03-09,"Kensington Oval, Bridgetown",1,16.2,England,West Indies,JE Root,AD Hales,D Bishoo,2,0,,,,,,,,,
1027319,2016/17,2017-03-09,"Kensington Oval, Bridgetown",1,16.3,England,West Indies,JE Root,AD Hales,D Bishoo,1,0,,,,,,,,,
1027319,2016/17,2017-03-09,"Kensington Oval, Bridgetown",1,16.4,England,West Indies,AD Hales,JE Root,D Bishoo,0,0,,,,,,,,,
1027319,2016/17,2017-03-09,"Kensington Oval, Bridgetown",1,16.5,England,West Indies,AD Hales,JE Root,D Bishoo,0,0,,,,,,,,,
1027319,2016/17,2017-03-09,"Kensington Oval, Bridgetown",1,16.6,England,West Indies,AD Hales,JE Root,D Bishoo,0,0,,,,,,,,,
1027319,2016/17,2017-03-09,"Kensington Oval, Bridgetown",1,17.1,England,West Indies,JE Root,AD Hales,CR Brathwaite,0,0,,,,,,,,,
1027319,2016/17,2017-03-09,"Kensington Oval, Bridgetown",1,17.2,England,West Indies,JE Root,AD Hales,CR Brathwaite,0,0,,,,,,,,,
1027319,2016/17,2017-03-09,"Kensington Oval, Bridgetown",1,17.3,England,West Indies,JE Root,AD Hales,CR Brathwaite,0,0,,,,,,,,,
1027319,2016/17,2017-03-09,"Kensington Oval, Bridgetown",1,17.4,England,West Indies,JE Root,AD Hales,CR Brathwaite,1,0,,,,,,,,,
1027319,2016/17,2017-03-09,"Kensington Oval, Bridgetown",1,17.5,England,West Indies,AD Hales,JE Root,CR Brathwaite,0,0,,,,,,,,,
1027319,2016/17,2017-03-09,"Kensington Oval, Bridgetown",1,17.6,England,West Indies,AD Hales,JE Root,CR Brathwaite,0,1,1,,,,,,,,
1027319,2016/17,2017-03-09,"Kensington Oval, Bridgetown",1,17.7,England,West Indies,AD Hales,JE Root,CR Brathwaite,1,0,,,,,,,,,
1027319,2016/17,2017-03-09,"Kensington Oval, Bridgetown",1,18.1,England,West Indies,AD Hales,JE Root,D Bishoo,1,0,,,,,,,,,
1027319,2016/17,2017-03-09,"Kensington Oval, Bridgetown",1,18.2,England,West Indies,JE Root,AD Hales,D Bishoo,0,0,,,,,,,,,
1027319,2016/17,2017-03-09,"Kensington Oval, Bridgetown",1,18.3,England,West Indies,JE Root,AD Hales,D Bishoo,1,0,,,,,,,,,
1027319,2016/17,2017-03-09,"Kensington Oval, Bridgetown",1,18.4,England,West Indies,AD Hales,JE Root,D Bishoo,6,0,,,,,,,,,
1027319,2016/17,2017-03-09,"Kensington Oval, Bridgetown",1,18.5,England,West Indies,AD Hales,JE Root,D Bishoo,0,0,,,,,,,,,
1027319,2016/17,2017-03-09,"Kensington Oval, Bridgetown",1,18.6,England,West Indies,AD Hales,JE Root,D Bishoo,2,0,,,,,,,,,
1027319,2016/17,2017-03-09,"Kensington Oval, Bridgetown",1,19.1,England,West Indies,JE Root,AD Hales,CR Brathwaite,0,0,,,,,,,,,
1027319,2016/17,2017-03-09,"Kensington Oval, Bridgetown",1,19.2,England,West Indies,JE Root,AD Hales,CR Brathwaite,1,0,,,,,,,,,
1027319,2016/17,2017-03-09,"Kensington Oval, Bridgetown",1,19.3,England,West Indies,AD Hales,JE Root,CR Brathwaite,1,0,,,,,,,,,
1027319,2016/17,2017-03-09,"Kensington Oval, Bridgetown",1,19.4,England,West Indies,JE Root,AD Hales,CR Brathwaite,0,0,,,,,,,,,
1027319,2016/17,2017-03-09,"Kensington Oval, Bridgetown",1,19.5,England,West Indies,JE Root,AD Hales,CR Brathwaite,0,0,,,,,,,,,
1027319,2016/17,2017-03-09,"Kensington Oval, Bridgetown",1,19.6,England,West Indies,JE Root,AD Hales,CR Brathwaite,0,0,,,,,,,,,
1027319,2016/17,2017-03-09,"Kensington Oval, Bridgetown",1,20.1,England,West Indies,AD Hales,JE Root,D Bishoo,6,0,,,,,,,,,
1027319,2016/17,2017-03-09,"Kensington Oval, Bridgetown",1,20.2,England,West Indies,AD Hales,JE Root,D Bishoo,4,0,,,,,,,,,
1027319,2016/17,2017-03-09,"Kensington Oval, Bridgetown",1,20.3,England,West Indies,AD Hales,JE Root,D Bishoo,4,0,,,,,,,,,
1027319,2016/17,2017-03-09,"Kensington Oval, Bridgetown",1,20.4,England,West Indies,AD Hales,JE Root,D Bishoo,0,1,1,,,,,,,,
1027319,2016/17,2017-03-09,"Kensington Oval, Bridgetown",1,20.5,England,West Indies,AD Hales,JE Root,D Bishoo,1,0,,,,,,,,,
1027319,2016/17,2017-03-09,"Kensington Oval, Bridgetown",1,20.6,England,West Indies,JE Root,AD Hales,D Bishoo,2,0,,,,,,,,,
1027319,2016/17,2017-03-09,"Kensington Oval, Bridgetown",1,20.7,England,West Indies,JE Root,AD Hales,D Bishoo,0,0,,,,,,,,,
1027319,2016/17,2017-03-09,"Kensington Oval, Bridgetown",1,21.1,England,West Indies,AD Hales,JE Root,AR Nurse,0,0,,,,,,,,,
1027319,2016/17,2017-03-09,"Kensington Oval, Bridgetown",1,21.2,England,West Indies,AD Hales,JE Root,AR Nurse,0,0,,,,,,,,,
1027319,2016/17,2017-03-09,"Kensington Oval, Bridgetown",1,21.3,England,West Indies,AD Hales,JE Root,AR Nurse,0,0,,,,,,,,,
1027319,2016/17,2017-03-09,"Kensington Oval, Bridgetown",1,21.4,England,West Indies,AD Hales,JE Root,AR Nurse,0,0,,,,,,,,,
1027319,2016/17,2017-03-09,"Kensington Oval, Bridgetown",1,21.5,England,West Indies,AD Hales,JE Root,AR Nurse,0,0,,,,,,,,,
1027319,2016/17,2017-03-09,"Kensington Oval, Bridgetown",1,21.6,England,West Indies,AD Hales,JE Root,AR Nurse,1,0,,,,,,,,,
1027319,2016/17,2017-03-09,"Kensington Oval, Bridgetown",1,22.1,England,West Indies,AD Hales,JE Root,CR Brathwaite,0,0,,,,,,,,,
1027319,2016/17,2017-03-09,"Kensington Oval, Bridgetown",1,22.2,England,West Indies,AD Hales,JE Root,CR Brathwaite,0,0,,,,,,,,,
1027319,2016/17,2017-03-09,"Kensington Oval, Bridgetown",1,22.3,England,West Indies,AD Hales,JE Root,CR Brathwaite,0,0,,,,,,,,,
1027319,2016/17,2017-03-09,"Kensington Oval, Bridgetown",1,22.4,England,West Indies,AD Hales,JE Root,CR Brathwaite,0,0,,,,,,,,,
1027319,2016/17,2017-03-09,"Kensington Oval, Bridgetown",1,22.5,England,West Indies,AD Hales,JE Root,CR Brathwaite,1,0,,,,,,,,,
1027319,2016/17,2017-03-09,"Kensington Oval, Bridgetown",1,22.6,England,West Indies,JE Root,AD Hales,CR Brathwaite,0,0,,,,,,,,,
1027319,2016/17,2017-03-09,"Kensington Oval, Bridgetown",1,23.1,England,West Indies,AD Hales,JE Root,AR Nurse,2,0,,,,,,,,,
1027319,2016/17,2017-03-09,"Kensington Oval, Bridgetown",1,23.2,England,West Indies,AD Hales,JE Root,AR Nurse,0,0,,,,,,,,,
1027319,2016/17,2017-03-09,"Kensington Oval, Bridgetown",1,23.3,England,West Indies,AD Hales,JE Root,AR Nurse,4,0,,,,,,,,,
1027319,2016/17,2017-03-09,"Kensington Oval, Bridgetown",1,23.4,England,West Indies,AD Hales,JE Root,AR Nurse,1,0,,,,,,,,,
1027319,2016/17,2017-03-09,"Kensington Oval, Bridgetown",1,23.5,England,West Indies,JE Root,AD Hales,AR Nurse,2,0,,,,,,,,,
1027319,2016/17,2017-03-09,"Kensington Oval, Bridgetown",1,23.6,England,West Indies,JE Root,AD Hales,AR Nurse,4,0,,,,,,,,,
1027319,2016/17,2017-03-09,"Kensington Oval, Bridgetown",1,24.1,England,West Indies,AD Hales,JE Root,CR Brathwaite,1,0,,,,,,,,,
1027319,2016/17,2017-03-09,"Kensington Oval, Bridgetown",1,24.2,England,West Indies,JE Root,AD Hales,CR Brathwaite,1,0,,,,,,,,,
1027319,2016/17,2017-03-09,"Kensington Oval, Bridgetown",1,24.3,England,West Indies,AD Hales,JE Root,CR Brathwaite,0,0,,,,,,,,,
1027319,2016/17,2017-03-09,"Kensington Oval, Bridgetown",1,24.4,England,West Indies,AD Hales,JE Root,CR Brathwaite,2,0,,,,,,,,,
1027319,2016/17,2017-03-09,"Kensington Oval, Bridgetown",1,24.5,England,West Indies,AD Hales,JE Root,CR Brathwaite,1,0,,,,,,,,,
1027319,2016/17,2017-03-09,"Kensington Oval, Bridgetown",1,24.6,England,West Indies,JE Root,AD Hales,CR Brathwaite,1,0,,,,,,,,,
1027319,2016/17,2017-03-09,"Kensington Oval, Bridgetown",1,25.1,England,West Indies,JE Root,AD Hales,AR Nurse,0,0,,,,,,,,,
1027319,2016/17,2017-03-09,"Kensington Oval, Bridgetown",1,25.2,England,West Indies,JE Root,AD Hales,AR Nurse,1,0,,,,,,,,,
1027319,2016/17,2017-03-09,"Kensington Oval, Bridgetown",1,25.3,England,West Indies,AD Hales,JE Root,AR Nurse,1,0,,,,,,,,,
1027319,2016/17,2017-03-09,"Kensington Oval, Bridgetown",1,25.4,England,West Indies,JE Root,AD Hales,AR Nurse,0,0,,,,,,,,,
1027319,2016/17,2017-03-09,"Kensington Oval, Bridgetown",1,25.5,England,West Indies,JE Root,AD Hales,AR Nurse,1,0,,,,,,,,,
1027319,2016/17,2017-03-09,"Kensington Oval, Bridgetown",1,25.6,England,West Indies,AD Hales,JE Root,AR Nurse,0,0,,,,,,,,,
1027319,2016/17,2017-03-09,"Kensington Oval, Bridgetown",1,26.1,England,West Indies,JE Root,AD Hales,JL Carter,0,0,,,,,,,,,
1027319,2016/17,2017-03-09,"Kensington Oval, Bridgetown",1,26.2,England,West Indies,JE Root,AD Hales,JL Carter,1,0,,,,,,,,,
1027319,2016/17,2017-03-09,"Kensington Oval, Bridgetown",1,26.3,England,West Indies,AD Hales,JE Root,JL Carter,1,0,,,,,,,,,
1027319,2016/17,2017-03-09,"Kensington Oval, Bridgetown",1,26.4,England,West Indies,JE Root,AD Hales,JL Carter,1,0,,,,,,,,,
1027319,2016/17,2017-03-09,"Kensington Oval, Bridgetown",1,26.5,England,West Indies,AD Hales,JE Root,JL Carter,0,0,,,,,,,,,
1027319,2016/17,2017-03-09,"Kensington Oval, Bridgetown",1,26.6,England,West Indies,AD Hales,JE Root,JL Carter,1,0,,,,,,,,,
1027319,2016/17,2017-03-09,"Kensington Oval, Bridgetown",1,27.1,England,West Indies,AD Hales,JE Root,AR Nurse,4,0,,,,,,,,,
1027319,2016/17,2017-03-09,"Kensington Oval, Bridgetown",1,27.2,England,West Indies,AD Hales,JE Root,AR Nurse,0,0,,,,,,,,,
1027319,2016/17,2017-03-09,"Kensington Oval, Bridgetown",1,27.3,England,West Indies,AD Hales,JE Root,AR Nurse,1,0,,,,,,,,,
1027319,2016/17,2017-03-09,"Kensington Oval, Bridgetown",1,27.4,England,West Indies,JE Root,AD Hales,AR Nurse,1,0,,,,,,,,,
1027319,2016/17,2017-03-09,"Kensington Oval, Bridgetown",1,27.5,England,West Indies,AD Hales,JE Root,AR Nurse,6,0,,,,,,,,,
1027319,2016/17,2017-03-09,"Kensington Oval, Bridgetown",1,27.6,England,West Indies,AD Hales,JE Root,AR Nurse,0,0,,,,,,,,,
1027319,2016/17,2017-03-09,"Kensington Oval, Bridgetown",1,28.1,England,West Indies,JE Root,AD Hales,JL Carter,0,0,,,,,,,,,
1027319,2016/17,2017-03-09,"Kensington Oval, Bridgetown",1,28.2,England,West Indies,JE Root,AD Hales,JL Carter,1,0,,,,,,,,,
1027319,2016/17,2017-03-09,"Kensington Oval, Bridgetown",1,28.3,England,West Indies,AD Hales,JE Root,JL Carter,1,0,,,,,,,,,
1027319,2016/17,2017-03-09,"Kensington Oval, Bridgetown",1,28.4,England,West Indies,JE Root,AD Hales,JL Carter,0,0,,,,,,,,,
1027319,2016/17,2017-03-09,"Kensington Oval, Bridgetown",1,28.5,England,West Indies,JE Root,AD Hales,JL Carter,1,0,,,,,,,,,
1027319,2016/17,2017-03-09,"Kensington Oval, Bridgetown",1,28.6,England,West Indies,AD Hales,JE Root,JL Carter,4,0,,,,,,,,,
1027319,2016/17,2017-03-09,"Kensington Oval, Bridgetown",1,29.1,England,West Indies,JE Root,AD Hales,AR Nurse,4,0,,,,,,,,,
1027319,2016/17,2017-03-09,"Kensington Oval, Bridgetown",1,29.2,England,West Indies,JE Root,AD Hales,AR Nurse,1,0,,,,,,,,,
1027319,2016/17,2017-03-09,"Kensington Oval, Bridgetown",1,29.3,England,West Indies,AD Hales,JE Root,AR Nurse,1,0,,,,,,,,,
1027319,2016/17,2017-03-09,"Kensington Oval, Bridgetown",1,29.4,England,West Indies,JE Root,AD Hales,AR Nurse,0,0,,,,,,,,,
1027319,2016/17,2017-03-09,"Kensington Oval, Bridgetown",1,29.5,England,West Indies,JE Root,AD Hales,AR Nurse,1,0,,,,,,,,,
1027319,2016/17,2017-03-09,"Kensington Oval, Bridgetown",1,29.6,England,West Indies,AD Hales,JE Root,AR Nurse,0,0,,,,,,,,,
1027319,2016/17,2017-03-09,"Kensington Oval, Bridgetown",1,30.1,England,West Indies,JE Root,AD Hales,JL Carter,4,0,,,,,,,,,
1027319,2016/17,2017-03-09,"Kensington Oval, Bridgetown",1,30.2,England,West Indies,JE Root,AD Hales,JL Carter,1,0,,,,,,,,,
1027319,2016/17,2017-03-09,"Kensington Oval, Bridgetown",1,30.3,England,West Indies,AD Hales,JE Root,JL Carter,0,0,,,,,,,,,
1027319,2016/17,2017-03-09,"Kensington Oval, Bridgetown",1,30.4,England,West Indies,AD Hales,JE Root,JL Carter,1,0,,,,,,,,,
1027319,2016/17,2017-03-09,"Kensington Oval, Bridgetown",1,30.5,England,West Indies,JE Root,AD Hales,JL Carter,2,0,,,,,,,,,
1027319,2016/17,2017-03-09,"Kensington Oval, Bridgetown",1,30.6,England,West Indies,JE Root,AD Hales,JL Carter,1,0,,,,,,,,,
1027319,2016/17,2017-03-09,"Kensington Oval, Bridgetown",1,31.1,England,West Indies,JE Root,AD Hales,KC Brathwaite,4,0,,,,,,,,,
1027319,2016/17,2017-03-09,"Kensington Oval, Bridgetown",1,31.2,England,West Indies,JE Root,AD Hales,KC Brathwaite,1,0,,,,,,,,,
1027319,2016/17,2017-03-09,"Kensington Oval, Bridgetown",1,31.3,England,West Indies,AD Hales,JE Root,KC Brathwaite,0,0,,,,,,,,,
1027319,2016/17,2017-03-09,"Kensington Oval, Bridgetown",1,31.4,England,West Indies,AD Hales,JE Root,KC Brathwaite,1,0,,,,,,,,,
1027319,2016/17,2017-03-09,"Kensington Oval, Bridgetown",1,31.5,England,West Indies,JE Root,AD Hales,KC Brathwaite,1,0,,,,,,,,,
1027319,2016/17,2017-03-09,"Kensington Oval, Bridgetown",1,31.6,England,West Indies,AD Hales,JE Root,KC Brathwaite,0,0,,,,,,,,,
1027319,2016/17,2017-03-09,"Kensington Oval, Bridgetown",1,32.1,England,West Indies,JE Root,AD Hales,JL Carter,4,0,,,,,,,,,
1027319,2016/17,2017-03-09,"Kensington Oval, Bridgetown",1,32.2,England,West Indies,JE Root,AD Hales,JL Carter,0,0,,,,,,,,,
1027319,2016/17,2017-03-09,"Kensington Oval, Bridgetown",1,32.3,England,West Indies,JE Root,AD Hales,JL Carter,1,0,,,,,,,,,
1027319,2016/17,2017-03-09,"Kensington Oval, Bridgetown",1,32.4,England,West Indies,AD Hales,JE Root,JL Carter,1,0,,,,,,,,,
1027319,2016/17,2017-03-09,"Kensington Oval, Bridgetown",1,32.5,England,West Indies,JE Root,AD Hales,JL Carter,2,0,,,,,,,,,
1027319,2016/17,2017-03-09,"Kensington Oval, Bridgetown",1,32.6,England,West Indies,JE Root,AD Hales,JL Carter,0,0,,,,,,,,,
1027319,2016/17,2017-03-09,"Kensington Oval, Bridgetown",1,33.1,England,West Indies,AD Hales,JE Root,KC Brathwaite,0,0,,,,,,,,,
1027319,2016/17,2017-03-09,"Kensington Oval, Bridgetown",1,33.2,England,West Indies,AD Hales,JE Root,KC Brathwaite,0,0,,,,,,,,,
1027319,2016/17,2017-03-09,"Kensington Oval, Bridgetown",1,33.3,England,West Indies,AD Hales,JE Root,KC Brathwaite,0,1,,,1,,,,,,
1027319,2016/17,2017-03-09,"Kensington Oval, Bridgetown",1,33.4,England,West Indies,JE Root,AD Hales,KC Brathwaite,1,0,,,,,,,,,
1027319,2016/17,2017-03-09,"Kensington Oval, Bridgetown",1,33.5,England,West Indies,AD Hales,JE Root,KC Brathwaite,1,0,,,,,,,,,
1027319,2016/17,2017-03-09,"Kensington Oval, Bridgetown",1,33.6,England,West Indies,JE Root,AD Hales,KC Brathwaite,0,0,,,,,,,,,
1027319,2016/17,2017-03-09,"Kensington Oval, Bridgetown",1,34.1,England,West Indies,AD Hales,JE Root,AS Joseph,1,0,,,,,,,,,
1027319,2016/17,2017-03-09,"Kensington Oval, Bridgetown",1,34.2,England,West Indies,JE Root,AD Hales,AS Joseph,4,0,,,,,,,,,
1027319,2016/17,2017-03-09,"Kensington Oval, Bridgetown",1,34.3,England,West Indies,JE Root,AD Hales,AS Joseph,1,0,,,,,,,,,
1027319,2016/17,2017-03-09,"Kensington Oval, Bridgetown",1,34.4,England,West Indies,AD Hales,JE Root,AS Joseph,6,0,,,,,,,,,
1027319,2016/17,2017-03-09,"Kensington Oval, Bridgetown",1,34.5,England,West Indies,AD Hales,JE Root,AS Joseph,0,0,,,,,,,,,
1027319,2016/17,2017-03-09,"Kensington Oval, Bridgetown",1,34.6,England,West Indies,AD Hales,JE Root,AS Joseph,1,0,,,,,,,,,
1027319,2016/17,2017-03-09,"Kensington Oval, Bridgetown",1,35.1,England,West Indies,AD Hales,JE Root,KC Brathwaite,0,0,,,,,,,,,
1027319,2016/17,2017-03-09,"Kensington Oval, Bridgetown",1,35.2,England,West Indies,AD Hales,JE Root,KC Brathwaite,1,0,,,,,,,,,
1027319,2016/17,2017-03-09,"Kensington Oval, Bridgetown",1,35.3,England,West Indies,JE Root,AD Hales,KC Brathwaite,4,0,,,,,,,,,
1027319,2016/17,2017-03-09,"Kensington Oval, Bridgetown",1,35.4,England,West Indies,JE Root,AD Hales,KC Brathwaite,1,0,,,,,,,,,
1027319,2016/17,2017-03-09,"Kensington Oval, Bridgetown",1,35.5,England,West Indies,AD Hales,JE Root,KC Brathwaite,6,0,,,,,,,,,
1027319,2016/17,2017-03-09,"Kensington Oval, Bridgetown",1,35.6,England,West Indies,AD Hales,JE Root,KC Brathwaite,1,0,,,,,,,,,
1027319,2016/17,2017-03-09,"Kensington Oval, Bridgetown",1,36.1,England,West Indies,AD Hales,JE Root,AS Joseph,0,0,,,,,,,,,
1027319,2016/17,2017-03-09,"Kensington Oval, Bridgetown",1,36.2,England,West Indies,AD Hales,JE Root,AS Joseph,0,1,1,,,,,,,,
1027319,2016/17,2017-03-09,"Kensington Oval, Bridgetown",1,36.3,England,West Indies,AD Hales,JE Root,AS Joseph,0,0,,,,,,caught,AD Hales,,
1027319,2016/17,2017-03-09,"Kensington Oval, Bridgetown",1,36.4,England,West Indies,JE Root,JC Buttler,AS Joseph,1,1,,1,,,,,,,
1027319,2016/17,2017-03-09,"Kensington Oval, Bridgetown",1,36.5,England,West Indies,JC Buttler,JE Root,AS Joseph,6,0,,,,,,,,,
1027319,2016/17,2017-03-09,"Kensington Oval, Bridgetown",1,36.6,England,West Indies,JC Buttler,JE Root,AS Joseph,1,0,,,,,,,,,
1027319,2016/17,2017-03-09,"Kensington Oval, Bridgetown",1,36.7,England,West Indies,JE Root,JC Buttler,AS Joseph,3,0,,,,,,,,,
1027319,2016/17,2017-03-09,"Kensington Oval, Bridgetown",1,36.8,England,West Indies,JC Buttler,JE Root,AS Joseph,0,0,,,,,,,,,
1027319,2016/17,2017-03-09,"Kensington Oval, Bridgetown",1,37.1,England,West Indies,JE Root,JC Buttler,JO Holder,0,0,,,,,,,,,
1027319,2016/17,2017-03-09,"Kensington Oval, Bridgetown",1,37.2,England,West Indies,JE Root,JC Buttler,JO Holder,1,0,,,,,,,,,
1027319,2016/17,2017-03-09,"Kensington Oval, Bridgetown",1,37.3,England,West Indies,JC Buttler,JE Root,JO Holder,0,0,,,,,,,,,
1027319,2016/17,2017-03-09,"Kensington Oval, Bridgetown",1,37.4,England,West Indies,JC Buttler,JE Root,JO Holder,0,0,,,,,,bowled,JC Buttler,,
1027319,2016/17,2017-03-09,"Kensington Oval, Bridgetown",1,37.5,England,West Indies,EJG Morgan,JE Root,JO Holder,0,0,,,,,,,,,
1027319,2016/17,2017-03-09,"Kensington Oval, Bridgetown",1,37.6,England,West Indies,EJG Morgan,JE Root,JO Holder,1,0,,,,,,,,,
1027319,2016/17,2017-03-09,"Kensington Oval, Bridgetown",1,38.1,England,West Indies,EJG Morgan,JE Root,CR Brathwaite,1,0,,,,,,,,,
1027319,2016/17,2017-03-09,"Kensington Oval, Bridgetown",1,38.2,England,West Indies,JE Root,EJG Morgan,CR Brathwaite,0,0,,,,,,,,,
1027319,2016/17,2017-03-09,"Kensington Oval, Bridgetown",1,38.3,England,West Indies,JE Root,EJG Morgan,CR Brathwaite,1,0,,,,,,,,,
1027319,2016/17,2017-03-09,"Kensington Oval, Bridgetown",1,38.4,England,West Indies,EJG Morgan,JE Root,CR Brathwaite,1,0,,,,,,,,,
1027319,2016/17,2017-03-09,"Kensington Oval, Bridgetown",1,38.5,England,West Indies,JE Root,EJG Morgan,CR Brathwaite,1,0,,,,,,,,,
1027319,2016/17,2017-03-09,"Kensington Oval, Bridgetown",1,38.6,England,West Indies,EJG Morgan,JE Root,CR Brathwaite,0,1,1,,,,,,,,
1027319,2016/17,2017-03-09,"Kensington Oval, Bridgetown",1,38.7,England,West Indies,EJG Morgan,JE Root,CR Brathwaite,0,0,,,,,,,,,
1027319,2016/17,2017-03-09,"Kensington Oval, Bridgetown",1,39.1,England,West Indies,JE Root,EJG Morgan,JO Holder,0,0,,,,,,,,,
1027319,2016/17,2017-03-09,"Kensington Oval, Bridgetown",1,39.2,England,West Indies,JE Root,EJG Morgan,JO Holder,1,0,,,,,,,,,
1027319,2016/17,2017-03-09,"Kensington Oval, Bridgetown",1,39.3,England,West Indies,EJG Morgan,JE Root,JO Holder,0,0,,,,,,,,,
1027319,2016/17,2017-03-09,"Kensington Oval, Bridgetown",1,39.4,England,West Indies,EJG Morgan,JE Root,JO Holder,0,0,,,,,,,,,
1027319,2016/17,2017-03-09,"Kensington Oval, Bridgetown",1,39.5,England,West Indies,EJG Morgan,JE Root,JO Holder,1,0,,,,,,,,,
1027319,2016/17,2017-03-09,"Kensington Oval, Bridgetown",1,39.6,England,West Indies,JE Root,EJG Morgan,JO Holder,1,0,,,,,,,,,
1027319,2016/17,2017-03-09,"Kensington Oval, Bridgetown",1,40.1,England,West Indies,JE Root,EJG Morgan,CR Brathwaite,0,0,,,,,,,,,
1027319,2016/17,2017-03-09,"Kensington Oval, Bridgetown",1,40.2,England,West Indies,JE Root,EJG Morgan,CR Brathwaite,1,0,,,,,,,,,
1027319,2016/17,2017-03-09,"Kensington Oval, Bridgetown",1,40.3,England,West Indies,EJG Morgan,JE Root,CR Brathwaite,6,0,,,,,,,,,
1027319,2016/17,2017-03-09,"Kensington Oval, Bridgetown",1,40.4,England,West Indies,EJG Morgan,JE Root,CR Brathwaite,0,0,,,,,,,,,
1027319,2016/17,2017-03-09,"Kensington Oval, Bridgetown",1,40.5,England,West Indies,EJG Morgan,JE Root,CR Brathwaite,0,0,,,,,,,,,
1027319,2016/17,2017-03-09,"Kensington Oval, Bridgetown",1,40.6,England,West Indies,EJG Morgan,JE Root,CR Brathwaite,1,0,,,,,,,,,
1027319,2016/17,2017-03-09,"Kensington Oval, Bridgetown",1,41.1,England,West Indies,EJG Morgan,JE Root,AR Nurse,0,0,,,,,,bowled,EJG Morgan,,
1027319,2016/17,2017-03-09,"Kensington Oval, Bridgetown",1,41.2,England,West Indies,BA Stokes,JE Root,AR Nurse,1,0,,,,,,,,,
1027319,2016/17,2017-03-09,"Kensington Oval, Bridgetown",1,41.3,England,West Indies,JE Root,BA Stokes,AR Nurse,1,0,,,,,,,,,
1027319,2016/17,2017-03-09,"Kensington Oval, Bridgetown",1,41.4,England,West Indies,BA Stokes,JE Root,AR Nurse,0,0,,,,,,,,,
1027319,2016/17,2017-03-09,"Kensington Oval, Bridgetown",1,41.5,England,West Indies,BA Stokes,JE Root,AR Nurse,6,0,,,,,,,,,
1027319,2016/17,2017-03-09,"Kensington Oval, Bridgetown",1,41.6,England,West Indies,BA Stokes,JE Root,AR Nurse,1,0,,,,,,,,,
1027319,2016/17,2017-03-09,"Kensington Oval, Bridgetown",1,42.1,England,West Indies,BA Stokes,JE Root,AS Joseph,1,0,,,,,,,,,
1027319,2016/17,2017-03-09,"Kensington Oval, Bridgetown",1,42.2,England,West Indies,JE Root,BA Stokes,AS Joseph,2,0,,,,,,,,,
1027319,2016/17,2017-03-09,"Kensington Oval, Bridgetown",1,42.3,England,West Indies,JE Root,BA Stokes,AS Joseph,2,0,,,,,,,,,
1027319,2016/17,2017-03-09,"Kensington Oval, Bridgetown",1,42.4,England,West Indies,JE Root,BA Stokes,AS Joseph,0,0,,,,,,caught,JE Root,,
1027319,2016/17,2017-03-09,"Kensington Oval, Bridgetown",1,42.5,England,West Indies,BA Stokes,MM Ali,AS Joseph,1,0,,,,,,,,,
1027319,2016/17,2017-03-09,"Kensington Oval, Bridgetown",1,42.6,England,West Indies,MM Ali,BA Stokes,AS Joseph,0,0,,,,,,caught and bowled,MM Ali,,
1027319,2016/17,2017-03-09,"Kensington Oval, Bridgetown",1,43.1,England,West Indies,BA Stokes,CR Woakes,AR Nurse,2,0,,,,,,,,,
1027319,2016/17,2017-03-09,"Kensington Oval, Bridgetown",1,43.2,England,West Indies,BA Stokes,CR Woakes,AR Nurse,0,0,,,,,,,,,
1027319,2016/17,2017-03-09,"Kensington Oval, Bridgetown",1,43.3,England,West Indies,BA Stokes,CR Woakes,AR Nurse,2,0,,,,,,,,,
1027319,2016/17,2017-03-09,"Kensington Oval, Bridgetown",1,43.4,England,West Indies,BA Stokes,CR Woakes,AR Nurse,1,0,,,,,,,,,
1027319,2016/17,2017-03-09,"Kensington Oval, Bridgetown",1,43.5,England,West Indies,CR Woakes,BA Stokes,AR Nurse,0,0,,,,,,,,,
1027319,2016/17,2017-03-09,"Kensington Oval, Bridgetown",1,43.6,England,West Indies,CR Woakes,BA Stokes,AR Nurse,1,0,,,,,,,,,
1027319,2016/17,2017-03-09,"Kensington Oval, Bridgetown",1,44.1,England,West Indies,CR Woakes,BA Stokes,AS Joseph,1,0,,,,,,,,,
1027319,2016/17,2017-03-09,"Kensington Oval, Bridgetown",1,44.2,England,West Indies,BA Stokes,CR Woakes,AS Joseph,4,0,,,,,,,,,
1027319,2016/17,2017-03-09,"Kensington Oval, Bridgetown",1,44.3,England,West Indies,BA Stokes,CR Woakes,AS Joseph,4,0,,,,,,,,,
1027319,2016/17,2017-03-09,"Kensington Oval, Bridgetown",1,44.4,England,West Indies,BA Stokes,CR Woakes,AS Joseph,4,0,,,,,,,,,
1027319,2016/17,2017-03-09,"Kensington Oval, Bridgetown",1,44.5,England,West Indies,BA Stokes,CR Woakes,AS Joseph,0,1,,,,1,,,,,
1027319,2016/17,2017-03-09,"Kensington Oval, Bridgetown",1,44.6,England,West Indies,CR Woakes,BA Stokes,AS Joseph,1,0,,,,,,,,,
1027319,2016/17,2017-03-09,"Kensington Oval, Bridgetown",1,45.1,England,West Indies,CR Woakes,BA Stokes,AR Nurse,0,0,,,,,,,,,
1027319,2016/17,2017-03-09,"Kensington Oval, Bridgetown",1,45.2,England,West Indies,CR Woakes,BA Stokes,AR Nurse,0,1,,,,1,,,,,
1027319,2016/17,2017-03-09,"Kensington Oval, Bridgetown",1,45.3,England,West Indies,BA Stokes,CR Woakes,AR Nurse,0,0,,,,,,,,,
1027319,2016/17,2017-03-09,"Kensington Oval, Bridgetown",1,45.4,England,West Indies,BA Stokes,CR Woakes,AR Nurse,4,0,,,,,,,,,
1027319,2016/17,2017-03-09,"Kensington Oval, Bridgetown",1,45.5,England,West Indies,BA Stokes,CR Woakes,AR Nurse,1,0,,,,,,,,,
1027319,2016/17,2017-03-09,"Kensington Oval, Bridgetown",1,45.6,England,West Indies,CR Woakes,BA Stokes,AR Nurse,1,0,,,,,,,,,
1027319,2016/17,2017-03-09,"Kensington Oval, Bridgetown",1,46.1,England,West Indies,CR Woakes,BA Stokes,CR Brathwaite,0,0,,,,,,,,,
1027319,2016/17,2017-03-09,"Kensington Oval, Bridgetown",1,46.2,England,West Indies,CR Woakes,BA Stokes,CR Brathwaite,4,0,,,,,,,,,
1027319,2016/17,2017-03-09,"Kensington Oval, Bridgetown",1,46.3,England,West Indies,CR Woakes,BA Stokes,CR Brathwaite,0,1,1,,,,,,,,
1027319,2016/17,2017-03-09,"Kensington Oval, Bridgetown",1,46.4,England,West Indies,CR Woakes,BA Stokes,CR Brathwaite,2,0,,,,,,,,,
1027319,2016/17,2017-03-09,"Kensington Oval, Bridgetown",1,46.5,England,West Indies,CR Woakes,BA Stokes,CR Brathwaite,1,0,,,,,,,,,
1027319,2016/17,2017-03-09,"Kensington Oval, Bridgetown",1,46.6,England,West Indies,BA Stokes,CR Woakes,CR Brathwaite,1,0,,,,,,,,,
1027319,2016/17,2017-03-09,"Kensington Oval, Bridgetown",1,46.7,England,West Indies,CR Woakes,BA Stokes,CR Brathwaite,1,0,,,,,,,,,
1027319,2016/17,2017-03-09,"Kensington Oval, Bridgetown",1,47.1,England,West Indies,CR Woakes,BA Stokes,JO Holder,1,0,,,,,,,,,
1027319,2016/17,2017-03-09,"Kensington Oval, Bridgetown",1,47.2,England,West Indies,BA Stokes,CR Woakes,JO Holder,1,0,,,,,,,,,
1027319,2016/17,2017-03-09,"Kensington Oval, Bridgetown",1,47.3,England,West Indies,CR Woakes,BA Stokes,JO Holder,0,0,,,,,,caught,CR Woakes,,
1027319,2016/17,2017-03-09,"Kensington Oval, Bridgetown",1,47.4,England,West Indies,BA Stokes,LE Plunkett,JO Holder,0,0,,,,,,caught,BA Stokes,,
1027319,2016/17,2017-03-09,"Kensington Oval, Bridgetown",1,47.5,England,West Indies,LE Plunkett,AU Rashid,JO Holder,0,0,,,,,,,,,
1027319,2016/17,2017-03-09,"Kensington Oval, Bridgetown",1,47.6,England,West Indies,LE Plunkett,AU Rashid,JO Holder,1,0,,,,,,,,,
1027319,2016/17,2017-03-09,"Kensington Oval, Bridgetown",1,48.1,England,West Indies,LE Plunkett,AU Rashid,CR Brathwaite,0,0,,,,,,,,,
1027319,2016/17,2017-03-09,"Kensington Oval, Bridgetown",1,48.2,England,West Indies,LE Plunkett,AU Rashid,CR Brathwaite,1,0,,,,,,,,,
1027319,2016/17,2017-03-09,"Kensington Oval, Bridgetown",1,48.3,England,West Indies,AU Rashid,LE Plunkett,CR Brathwaite,2,0,,,,,,,,,
1027319,2016/17,2017-03-09,"Kensington Oval, Bridgetown",1,48.4,England,West Indies,AU Rashid,LE Plunkett,CR Brathwaite,1,0,,,,,,,,,
1027319,2016/17,2017-03-09,"Kensington Oval, Bridgetown",1,48.5,England,West Indies,LE Plunkett,AU Rashid,CR Brathwaite,1,0,,,,,,,,,
1027319,2016/17,2017-03-09,"Kensington Oval, Bridgetown",1,48.6,England,West Indies,AU Rashid,LE Plunkett,CR Brathwaite,6,0,,,,,,,,,
1027319,2016/17,2017-03-09,"Kensington Oval, Bridgetown",1,49.1,England,West Indies,LE Plunkett,AU Rashid,JO Holder,0,0,,,,,,,,,
1027319,2016/17,2017-03-09,"Kensington Oval, Bridgetown",1,49.2,England,West Indies,LE Plunkett,AU Rashid,JO Holder,1,0,,,,,,run out,AU Rashid,,
1027319,2016/17,2017-03-09,"Kensington Oval, Bridgetown",1,49.3,England,West Indies,ST Finn,LE Plunkett,JO Holder,0,1,1,,,,,,,,
1027319,2016/17,2017-03-09,"Kensington Oval, Bridgetown",1,49.4,England,West Indies,ST Finn,LE Plunkett,JO Holder,0,1,1,,,,,,,,
1027319,2016/17,2017-03-09,"Kensington Oval, Bridgetown",1,49.5,England,West Indies,ST Finn,LE Plunkett,JO Holder,1,0,,,,,,,,,
1027319,2016/17,2017-03-09,"Kensington Oval, Bridgetown",1,49.6,England,West Indies,LE Plunkett,ST Finn,JO Holder,6,0,,,,,,,,,
1027319,2016/17,2017-03-09,"Kensington Oval, Bridgetown",1,49.7,England,West Indies,LE Plunkett,ST Finn,JO Holder,1,0,,,,,,,,,
1027319,2016/17,2017-03-09,"Kensington Oval, Bridgetown",1,49.8,England,West Indies,ST Finn,LE Plunkett,JO Holder,1,0,,,,,,run out,LE Plunkett,,
1027319,2016/17,2017-03-09,"Kensington Oval, Bridgetown",2,0.1,West Indies,England,KOA Powell,E Lewis,ST Finn,0,1,1,,,,,,,,
1027319,2016/17,2017-03-09,"Kensington Oval, Bridgetown",2,0.2,West Indies,England,KOA Powell,E Lewis,ST Finn,0,0,,,,,,,,,
1027319,2016/17,2017-03-09,"Kensington Oval, Bridgetown",2,0.3,West Indies,England,KOA Powell,E Lewis,ST Finn,6,0,,,,,,,,,
1027319,2016/17,2017-03-09,"Kensington Oval, Bridgetown",2,0.4,West Indies,England,KOA Powell,E Lewis,ST Finn,0,0,,,,,,caught,KOA Powell,,
1027319,2016/17,2017-03-09,"Kensington Oval, Bridgetown",2,0.5,West Indies,England,KC Brathwaite,E Lewis,ST Finn,0,0,,,,,,,,,
1027319,2016/17,2017-03-09,"Kensington Oval, Bridgetown",2,0.6,West Indies,England,KC Brathwaite,E Lewis,ST Finn,0,0,,,,,,,,,
1027319,2016/17,2017-03-09,"Kensington Oval, Bridgetown",2,0.7,West Indies,England,KC Brathwaite,E Lewis,ST Finn,0,0,,,,,,,,,
1027319,2016/17,2017-03-09,"Kensington Oval, Bridgetown",2,1.1,West Indies,England,E Lewis,KC Brathwaite,CR Woakes,0,0,,,,,,,,,
1027319,2016/17,2017-03-09,"Kensington Oval, Bridgetown",2,1.2,West Indies,England,E Lewis,KC Brathwaite,CR Woakes,0,1,1,,,,,,,,
1027319,2016/17,2017-03-09,"Kensington Oval, Bridgetown",2,1.3,West Indies,England,E Lewis,KC Brathwaite,CR Woakes,0,0,,,,,,,,,
1027319,2016/17,2017-03-09,"Kensington Oval, Bridgetown",2,1.4,West Indies,England,E Lewis,KC Brathwaite,CR Woakes,0,0,,,,,,caught and bowled,E Lewis,,
1027319,2016/17,2017-03-09,"Kensington Oval, Bridgetown",2,1.5,West Indies,England,SD Hope,KC Brathwaite,CR Woakes,0,0,,,,,,,,,
1027319,2016/17,2017-03-09,"Kensington Oval, Bridgetown",2,1.6,West Indies,England,SD Hope,KC Brathwaite,CR Woakes,0,0,,,,,,,,,
1027319,2016/17,2017-03-09,"Kensington Oval, Bridgetown",2,1.7,West Indies,England,SD Hope,KC Brathwaite,CR Woakes,0,0,,,,,,,,,
1027319,2016/17,2017-03-09,"Kensington Oval, Bridgetown",2,2.1,West Indies,England,KC Brathwaite,SD Hope,ST Finn,0,0,,,,,,,,,
1027319,2016/17,2017-03-09,"Kensington Oval, Bridgetown",2,2.2,West Indies,England,KC Brathwaite,SD Hope,ST Finn,2,0,,,,,,,,,
1027319,2016/17,2017-03-09,"Kensington Oval, Bridgetown",2,2.3,West Indies,England,KC Brathwaite,SD Hope,ST Finn,0,0,,,,,,,,,
1027319,2016/17,2017-03-09,"Kensington Oval, Bridgetown",2,2.4,West Indies,England,KC Brathwaite,SD Hope,ST Finn,0,0,,,,,,,,,
1027319,2016/17,2017-03-09,"Kensington Oval, Bridgetown",2,2.5,West Indies,England,KC Brathwaite,SD Hope,ST Finn,1,0,,,,,,,,,
1027319,2016/17,2017-03-09,"Kensington Oval, Bridgetown",2,2.6,West Indies,England,SD Hope,KC Brathwaite,ST Finn,0,0,,,,,,,,,
1027319,2016/17,2017-03-09,"Kensington Oval, Bridgetown",2,3.1,West Indies,England,KC Brathwaite,SD Hope,CR Woakes,0,0,,,,,,,,,
1027319,2016/17,2017-03-09,"Kensington Oval, Bridgetown",2,3.2,West Indies,England,KC Brathwaite,SD Hope,CR Woakes,2,0,,,,,,,,,
1027319,2016/17,2017-03-09,"Kensington Oval, Bridgetown",2,3.3,West Indies,England,KC Brathwaite,SD Hope,CR Woakes,0,0,,,,,,,,,
1027319,2016/17,2017-03-09,"Kensington Oval, Bridgetown",2,3.4,West Indies,England,KC Brathwaite,SD Hope,CR Woakes,0,0,,,,,,caught,KC Brathwaite,,
1027319,2016/17,2017-03-09,"Kensington Oval, Bridgetown",2,3.5,West Indies,England,JN Mohammed,SD Hope,CR Woakes,1,0,,,,,,,,,
1027319,2016/17,2017-03-09,"Kensington Oval, Bridgetown",2,3.6,West Indies,England,SD Hope,JN Mohammed,CR Woakes,0,0,,,,,,,,,
1027319,2016/17,2017-03-09,"Kensington Oval, Bridgetown",2,4.1,West Indies,England,JN Mohammed,SD Hope,ST Finn,0,0,,,,,,,,,
1027319,2016/17,2017-03-09,"Kensington Oval, Bridgetown",2,4.2,West Indies,England,JN Mohammed,SD Hope,ST Finn,4,0,,,,,,,,,
1027319,2016/17,2017-03-09,"Kensington Oval, Bridgetown",2,4.3,West Indies,England,JN Mohammed,SD Hope,ST Finn,0,0,,,,,,,,,
1027319,2016/17,2017-03-09,"Kensington Oval, Bridgetown",2,4.4,West Indies,England,JN Mohammed,SD Hope,ST Finn,0,0,,,,,,,,,
1027319,2016/17,2017-03-09,"Kensington Oval, Bridgetown",2,4.5,West Indies,England,JN Mohammed,SD Hope,ST Finn,0,0,,,,,,,,,
1027319,2016/17,2017-03-09,"Kensington Oval, Bridgetown",2,4.6,West Indies,England,JN Mohammed,SD Hope,ST Finn,0,0,,,,,,,,,
1027319,2016/17,2017-03-09,"Kensington Oval, Bridgetown",2,5.1,West Indies,England,SD Hope,JN Mohammed,CR Woakes,0,0,,,,,,,,,
1027319,2016/17,2017-03-09,"Kensington Oval, Bridgetown",2,5.2,West Indies,England,SD Hope,JN Mohammed,CR Woakes,0,0,,,,,,,,,
1027319,2016/17,2017-03-09,"Kensington Oval, Bridgetown",2,5.3,West Indies,England,SD Hope,JN Mohammed,CR Woakes,0,0,,,,,,,,,
1027319,2016/17,2017-03-09,"Kensington Oval, Bridgetown",2,5.4,West Indies,England,SD Hope,JN Mohammed,CR Woakes,0,0,,,,,,,,,
1027319,2016/17,2017-03-09,"Kensington Oval, Bridgetown",2,5.5,West Indies,England,SD Hope,JN Mohammed,CR Woakes,1,0,,,,,,,,,
1027319,2016/17,2017-03-09,"Kensington Oval, Bridgetown",2,5.6,West Indies,England,JN Mohammed,SD Hope,CR Woakes,0,0,,,,,,,,,
1027319,2016/17,2017-03-09,"Kensington Oval, Bridgetown",2,6.1,West Indies,England,SD Hope,JN Mohammed,ST Finn,0,0,,,,,,,,,
1027319,2016/17,2017-03-09,"Kensington Oval, Bridgetown",2,6.2,West Indies,England,SD Hope,JN Mohammed,ST Finn,0,0,,,,,,,,,
1027319,2016/17,2017-03-09,"Kensington Oval, Bridgetown",2,6.3,West Indies,England,SD Hope,JN Mohammed,ST Finn,0,0,,,,,,,,,
1027319,2016/17,2017-03-09,"Kensington Oval, Bridgetown",2,6.4,West Indies,England,SD Hope,JN Mohammed,ST Finn,0,0,,,,,,,,,
1027319,2016/17,2017-03-09,"Kensington Oval, Bridgetown",2,6.5,West Indies,England,SD Hope,JN Mohammed,ST Finn,0,0,,,,,,,,,
1027319,2016/17,2017-03-09,"Kensington Oval, Bridgetown",2,6.6,West Indies,England,SD Hope,JN Mohammed,ST Finn,0,0,,,,,,,,,
1027319,2016/17,2017-03-09,"Kensington Oval, Bridgetown",2,7.1,West Indies,England,JN Mohammed,SD Hope,CR Woakes,0,0,,,,,,,,,
1027319,2016/17,2017-03-09,"Kensington Oval, Bridgetown",2,7.2,West Indies,England,JN Mohammed,SD Hope,CR Woakes,4,0,,,,,,,,,
1027319,2016/17,2017-03-09,"Kensington Oval, Bridgetown",2,7.3,West Indies,England,JN Mohammed,SD Hope,CR Woakes,0,0,,,,,,,,,
1027319,2016/17,2017-03-09,"Kensington Oval, Bridgetown",2,7.4,West Indies,England,JN Mohammed,SD Hope,CR Woakes,0,0,,,,,,,,,
1027319,2016/17,2017-03-09,"Kensington Oval, Bridgetown",2,7.5,West Indies,England,JN Mohammed,SD Hope,CR Woakes,0,0,,,,,,,,,
1027319,2016/17,2017-03-09,"Kensington Oval, Bridgetown",2,7.6,West Indies,England,JN Mohammed,SD Hope,CR Woakes,0,0,,,,,,,,,
1027319,2016/17,2017-03-09,"Kensington Oval, Bridgetown",2,8.1,West Indies,England,SD Hope,JN Mohammed,ST Finn,2,0,,,,,,,,,
1027319,2016/17,2017-03-09,"Kensington Oval, Bridgetown",2,8.2,West Indies,England,SD Hope,JN Mohammed,ST Finn,2,0,,,,,,,,,
1027319,2016/17,2017-03-09,"Kensington Oval, Bridgetown",2,8.3,West Indies,England,SD Hope,JN Mohammed,ST Finn,0,0,,,,,,,,,
1027319,2016/17,2017-03-09,"Kensington Oval, Bridgetown",2,8.4,West Indies,England,SD Hope,JN Mohammed,ST Finn,0,0,,,,,,,,,
1027319,2016/17,2017-03-09,"Kensington Oval, Bridgetown",2,8.5,West Indies,England,SD Hope,JN Mohammed,ST Finn,0,0,,,,,,,,,
1027319,2016/17,2017-03-09,"Kensington Oval, Bridgetown",2,8.6,West Indies,England,SD Hope,JN Mohammed,ST Finn,0,0,,,,,,,,,
1027319,2016/17,2017-03-09,"Kensington Oval, Bridgetown",2,9.1,West Indies,England,JN Mohammed,SD Hope,BA Stokes,0,0,,,,,,,,,
1027319,2016/17,2017-03-09,"Kensington Oval, Bridgetown",2,9.2,West Indies,England,JN Mohammed,SD Hope,BA Stokes,0,0,,,,,,,,,
1027319,2016/17,2017-03-09,"Kensington Oval, Bridgetown",2,9.3,West Indies,England,JN Mohammed,SD Hope,BA Stokes,0,0,,,,,,,,,
1027319,2016/17,2017-03-09,"Kensington Oval, Bridgetown",2,9.4,West Indies,England,JN Mohammed,SD Hope,BA Stokes,0,0,,,,,,,,,
1027319,2016/17,2017-03-09,"Kensington Oval, Bridgetown",2,9.5,West Indies,England,JN Mohammed,SD Hope,BA Stokes,0,0,,,,,,,,,
1027319,2016/17,2017-03-09,"Kensington Oval, Bridgetown",2,9.6,West Indies,England,JN Mohammed,SD Hope,BA Stokes,0,0,,,,,,,,,
1027319,2016/17,2017-03-09,"Kensington Oval, Bridgetown",2,10.1,West Indies,England,SD Hope,JN Mohammed,LE Plunkett,0,0,,,,,,,,,
1027319,2016/17,2017-03-09,"Kensington Oval, Bridgetown",2,10.2,West Indies,England,SD Hope,JN Mohammed,LE Plunkett,0,0,,,,,,,,,
1027319,2016/17,2017-03-09,"Kensington Oval, Bridgetown",2,10.3,West Indies,England,SD Hope,JN Mohammed,LE Plunkett,3,0,,,,,,,,,
1027319,2016/17,2017-03-09,"Kensington Oval, Bridgetown",2,10.4,West Indies,England,JN Mohammed,SD Hope,LE Plunkett,0,0,,,,,,,,,
1027319,2016/17,2017-03-09,"Kensington Oval, Bridgetown",2,10.5,West Indies,England,JN Mohammed,SD Hope,LE Plunkett,0,0,,,,,,,,,
1027319,2016/17,2017-03-09,"Kensington Oval, Bridgetown",2,10.6,West Indies,England,JN Mohammed,SD Hope,LE Plunkett,0,0,,,,,,,,,
1027319,2016/17,2017-03-09,"Kensington Oval, Bridgetown",2,11.1,West Indies,England,SD Hope,JN Mohammed,BA Stokes,0,0,,,,,,,,,
1027319,2016/17,2017-03-09,"Kensington Oval, Bridgetown",2,11.2,West Indies,England,SD Hope,JN Mohammed,BA Stokes,1,0,,,,,,,,,
1027319,2016/17,2017-03-09,"Kensington Oval, Bridgetown",2,11.3,West Indies,England,JN Mohammed,SD Hope,BA Stokes,0,0,,,,,,,,,
1027319,2016/17,2017-03-09,"Kensington Oval, Bridgetown",2,11.4,West Indies,England,JN Mohammed,SD Hope,BA Stokes,1,0,,,,,,,,,
1027319,2016/17,2017-03-09,"Kensington Oval, Bridgetown",2,11.5,West Indies,England,SD Hope,JN Mohammed,BA Stokes,0,0,,,,,,,,,
1027319,2016/17,2017-03-09,"Kensington Oval, Bridgetown",2,11.6,West Indies,England,SD Hope,JN Mohammed,BA Stokes,0,0,,,,,,,,,
1027319,2016/17,2017-03-09,"Kensington Oval, Bridgetown",2,12.1,West Indies,England,JN Mohammed,SD Hope,LE Plunkett,0,0,,,,,,bowled,JN Mohammed,,
1027319,2016/17,2017-03-09,"Kensington Oval, Bridgetown",2,12.2,West Indies,England,JL Carter,SD Hope,LE Plunkett,0,0,,,,,,,,,
1027319,2016/17,2017-03-09,"Kensington Oval, Bridgetown",2,12.3,West Indies,England,JL Carter,SD Hope,LE Plunkett,0,0,,,,,,,,,
1027319,2016/17,2017-03-09,"Kensington Oval, Bridgetown",2,12.4,West Indies,England,JL Carter,SD Hope,LE Plunkett,0,0,,,,,,,,,
1027319,2016/17,2017-03-09,"Kensington Oval, Bridgetown",2,12.5,West Indies,England,JL Carter,SD Hope,LE Plunkett,0,0,,,,,,,,,
1027319,2016/17,2017-03-09,"Kensington Oval, Bridgetown",2,12.6,West Indies,England,JL Carter,SD Hope,LE Plunkett,0,0,,,,,,,,,
1027319,2016/17,2017-03-09,"Kensington Oval, Bridgetown",2,13.1,West Indies,England,SD Hope,JL Carter,BA Stokes,0,0,,,,,,,,,
1027319,2016/17,2017-03-09,"Kensington Oval, Bridgetown",2,13.2,West Indies,England,SD Hope,JL Carter,BA Stokes,1,0,,,,,,,,,
1027319,2016/17,2017-03-09,"Kensington Oval, Bridgetown",2,13.3,West Indies,England,JL Carter,SD Hope,BA Stokes,1,0,,,,,,,,,
1027319,2016/17,2017-03-09,"Kensington Oval, Bridgetown",2,13.4,West Indies,England,SD Hope,JL Carter,BA Stokes,0,1,,,,1,,,,,
1027319,2016/17,2017-03-09,"Kensington Oval, Bridgetown",2,13.5,West Indies,England,JL Carter,SD Hope,BA Stokes,0,0,,,,,,,,,
1027319,2016/17,2017-03-09,"Kensington Oval, Bridgetown",2,13.6,West Indies,England,JL Carter,SD Hope,BA Stokes,4,0,,,,,,,,,
1027319,2016/17,2017-03-09,"Kensington Oval, Bridgetown",2,14.1,West Indies,England,SD Hope,JL Carter,LE Plunkett,0,0,,,,,,,,,
1027319,2016/17,2017-03-09,"Kensington Oval, Bridgetown",2,14.2,West Indies,England,SD Hope,JL Carter,LE Plunkett,1,0,,,,,,,,,
1027319,2016/17,2017-03-09,"Kensington Oval, Bridgetown",2,14.3,West Indies,England,JL Carter,SD Hope,LE Plunkett,0,0,,,,,,,,,
1027319,2016/17,2017-03-09,"Kensington Oval, Bridgetown",2,14.4,West Indies,England,JL Carter,SD Hope,LE Plunkett,0,0,,,,,,,,,
1027319,2016/17,2017-03-09,"Kensington Oval, Bridgetown",2,14.5,West Indies,England,JL Carter,SD Hope,LE Plunkett,0,0,,,,,,,,,
1027319,2016/17,2017-03-09,"Kensington Oval, Bridgetown",2,14.6,West Indies,England,JL Carter,SD Hope,LE Plunkett,0,0,,,,,,,,,
1027319,2016/17,2017-03-09,"Kensington Oval, Bridgetown",2,15.1,West Indies,England,SD Hope,JL Carter,MM Ali,0,0,,,,,,,,,
1027319,2016/17,2017-03-09,"Kensington Oval, Bridgetown",2,15.2,West Indies,England,SD Hope,JL Carter,MM Ali,4,0,,,,,,,,,
1027319,2016/17,2017-03-09,"Kensington Oval, Bridgetown",2,15.3,West Indies,England,SD Hope,JL Carter,MM Ali,0,0,,,,,,,,,
1027319,2016/17,2017-03-09,"Kensington Oval, Bridgetown",2,15.4,West Indies,England,SD Hope,JL Carter,MM Ali,0,0,,,,,,,,,
1027319,2016/17,2017-03-09,"Kensington Oval, Bridgetown",2,15.5,West Indies,England,SD Hope,JL Carter,MM Ali,0,0,,,,,,,,,
1027319,2016/17,2017-03-09,"Kensington Oval, Bridgetown",2,15.6,West Indies,England,SD Hope,JL Carter,MM Ali,1,0,,,,,,,,,
1027319,2016/17,2017-03-09,"Kensington Oval, Bridgetown",2,16.1,West Indies,England,SD Hope,JL Carter,LE Plunkett,0,0,,,,,,,,,
1027319,2016/17,2017-03-09,"Kensington Oval, Bridgetown",2,16.2,West Indies,England,SD Hope,JL Carter,LE Plunkett,0,0,,,,,,caught,SD Hope,,
1027319,2016/17,2017-03-09,"Kensington Oval, Bridgetown",2,16.3,West Indies,England,JO Holder,JL Carter,LE Plunkett,0,0,,,,,,caught,JO Holder,,
1027319,2016/17,2017-03-09,"Kensington Oval, Bridgetown",2,16.4,West Indies,England,CR Brathwaite,JL Carter,LE Plunkett,0,0,,,,,,,,,
1027319,2016/17,2017-03-09,"Kensington Oval, Bridgetown",2,16.5,West Indies,England,CR Brathwaite,JL Carter,LE Plunkett,0,0,,,,,,,,,
1027319,2016/17,2017-03-09,"Kensington Oval, Bridgetown",2,16.6,West Indies,England,CR Brathwaite,JL Carter,LE Plunkett,0,0,,,,,,,,,
1027319,2016/17,2017-03-09,"Kensington Oval, Bridgetown",2,17.1,West Indies,England,JL Carter,CR Brathwaite,MM Ali,4,0,,,,,,,,,
1027319,2016/17,2017-03-09,"Kensington Oval, Bridgetown",2,17.2,West Indies,England,JL Carter,CR Brathwaite,MM Ali,0,0,,,,,,,,,
1027319,2016/17,2017-03-09,"Kensington Oval, Bridgetown",2,17.3,West Indies,England,JL Carter,CR Brathwaite,MM Ali,4,0,,,,,,,,,
1027319,2016/17,2017-03-09,"Kensington Oval, Bridgetown",2,17.4,West Indies,England,JL Carter,CR Brathwaite,MM Ali,1,0,,,,,,,,,
1027319,2016/17,2017-03-09,"Kensington Oval, Bridgetown",2,17.5,West Indies,England,CR Brathwaite,JL Carter,MM Ali,0,0,,,,,,,,,
1027319,2016/17,2017-03-09,"Kensington Oval, Bridgetown",2,17.6,West Indies,England,CR Brathwaite,JL Carter,MM Ali,1,0,,,,,,,,,
1027319,2016/17,2017-03-09,"Kensington Oval, Bridgetown",2,18.1,West Indies,England,CR Brathwaite,JL Carter,LE Plunkett,0,0,,,,,,,,,
1027319,2016/17,2017-03-09,"Kensington Oval, Bridgetown",2,18.2,West Indies,England,CR Brathwaite,JL Carter,LE Plunkett,0,0,,,,,,,,,
1027319,2016/17,2017-03-09,"Kensington Oval, Bridgetown",2,18.3,West Indies,England,CR Brathwaite,JL Carter,LE Plunkett,0,1,1,,,,,,,,
1027319,2016/17,2017-03-09,"Kensington Oval, Bridgetown",2,18.4,West Indies,England,CR Brathwaite,JL Carter,LE Plunkett,0,0,,,,,,,,,
1027319,2016/17,2017-03-09,"Kensington Oval, Bridgetown",2,18.5,West Indies,England,CR Brathwaite,JL Carter,LE Plunkett,0,0,,,,,,,,,
1027319,2016/17,2017-03-09,"Kensington Oval, Bridgetown",2,18.6,West Indies,England,CR Brathwaite,JL Carter,LE Plunkett,0,0,,,,,,,,,
1027319,2016/17,2017-03-09,"Kensington Oval, Bridgetown",2,18.7,West Indies,England,CR Brathwaite,JL Carter,LE Plunkett,0,0,,,,,,,,,
1027319,2016/17,2017-03-09,"Kensington Oval, Bridgetown",2,19.1,West Indies,England,JL Carter,CR Brathwaite,MM Ali,0,0,,,,,,,,,
1027319,2016/17,2017-03-09,"Kensington Oval, Bridgetown",2,19.2,West Indies,England,JL Carter,CR Brathwaite,MM Ali,0,0,,,,,,,,,
1027319,2016/17,2017-03-09,"Kensington Oval, Bridgetown",2,19.3,West Indies,England,JL Carter,CR Brathwaite,MM Ali,0,0,,,,,,,,,
1027319,2016/17,2017-03-09,"Kensington Oval, Bridgetown",2,19.4,West Indies,England,JL Carter,CR Brathwaite,MM Ali,4,0,,,,,,,,,
1027319,2016/17,2017-03-09,"Kensington Oval, Bridgetown",2,19.5,West Indies,England,JL Carter,CR Brathwaite,MM Ali,1,0,,,,,,,,,
1027319,2016/17,2017-03-09,"Kensington Oval, Bridgetown",2,19.6,West Indies,England,CR Brathwaite,JL Carter,MM Ali,0,0,,,,,,,,,
1027319,2016/17,2017-03-09,"Kensington Oval, Bridgetown",2,20.1,West Indies,England,JL Carter,CR Brathwaite,ST Finn,0,0,,,,,,,,,
1027319,2016/17,2017-03-09,"Kensington Oval, Bridgetown",2,20.2,West Indies,England,JL Carter,CR Brathwaite,ST Finn,2,0,,,,,,,,,
1027319,2016/17,2017-03-09,"Kensington Oval, Bridgetown",2,20.3,West Indies,England,JL Carter,CR Brathwaite,ST Finn,0,0,,,,,,,,,
1027319,2016/17,2017-03-09,"Kensington Oval, Bridgetown",2,20.4,West Indies,England,JL Carter,CR Brathwaite,ST Finn,0,0,,,,,,,,,
1027319,2016/17,2017-03-09,"Kensington Oval, Bridgetown",2,20.5,West Indies,England,JL Carter,CR Brathwaite,ST Finn,0,0,,,,,,,,,
1027319,2016/17,2017-03-09,"Kensington Oval, Bridgetown",2,20.6,West Indies,England,JL Carter,CR Brathwaite,ST Finn,0,0,,,,,,,,,
1027319,2016/17,2017-03-09,"Kensington Oval, Bridgetown",2,21.1,West Indies,England,CR Brathwaite,JL Carter,MM Ali,2,0,,,,,,,,,
1027319,2016/17,2017-03-09,"Kensington Oval, Bridgetown",2,21.2,West Indies,England,CR Brathwaite,JL Carter,MM Ali,0,0,,,,,,,,,
1027319,2016/17,2017-03-09,"Kensington Oval, Bridgetown",2,21.3,West Indies,England,CR Brathwaite,JL Carter,MM Ali,0,0,,,,,,,,,
1027319,2016/17,2017-03-09,"Kensington Oval, Bridgetown",2,21.4,West Indies,England,CR Brathwaite,JL Carter,MM Ali,0,0,,,,,,,,,
1027319,2016/17,2017-03-09,"Kensington Oval, Bridgetown",2,21.5,West Indies,England,CR Brathwaite,JL Carter,MM Ali,1,0,,,,,,,,,
1027319,2016/17,2017-03-09,"Kensington Oval, Bridgetown",2,21.6,West Indies,England,JL Carter,CR Brathwaite,MM Ali,0,0,,,,,,,,,
1027319,2016/17,2017-03-09,"Kensington Oval, Bridgetown",2,22.1,West Indies,England,CR Brathwaite,JL Carter,ST Finn,0,0,,,,,,,,,
1027319,2016/17,2017-03-09,"Kensington Oval, Bridgetown",2,22.2,West Indies,England,CR Brathwaite,JL Carter,ST Finn,1,0,,,,,,,,,
1027319,2016/17,2017-03-09,"Kensington Oval, Bridgetown",2,22.3,West Indies,England,JL Carter,CR Brathwaite,ST Finn,0,0,,,,,,,,,
1027319,2016/17,2017-03-09,"Kensington Oval, Bridgetown",2,22.4,West Indies,England,JL Carter,CR Brathwaite,ST Finn,0,0,,,,,,,,,
1027319,2016/17,2017-03-09,"Kensington Oval, Bridgetown",2,22.5,West Indies,England,JL Carter,CR Brathwaite,ST Finn,0,0,,,,,,,,,
1027319,2016/17,2017-03-09,"Kensington Oval, Bridgetown",2,22.6,West Indies,England,JL Carter,CR Brathwaite,ST Finn,0,0,,,,,,,,,
1027319,2016/17,2017-03-09,"Kensington Oval, Bridgetown",2,23.1,West Indies,England,CR Brathwaite,JL Carter,MM Ali,1,0,,,,,,,,,
1027319,2016/17,2017-03-09,"Kensington Oval, Bridgetown",2,23.2,West Indies,England,JL Carter,CR Brathwaite,MM Ali,0,0,,,,,,,,,
1027319,2016/17,2017-03-09,"Kensington Oval, Bridgetown",2,23.3,West Indies,England,JL Carter,CR Brathwaite,MM Ali,1,0,,,,,,,,,
1027319,2016/17,2017-03-09,"Kensington Oval, Bridgetown",2,23.4,West Indies,England,CR Brathwaite,JL Carter,MM Ali,1,0,,,,,,,,,
1027319,2016/17,2017-03-09,"Kensington Oval, Bridgetown",2,23.5,West Indies,England,JL Carter,CR Brathwaite,MM Ali,1,0,,,,,,,,,
1027319,2016/17,2017-03-09,"Kensington Oval, Bridgetown",2,23.6,West Indies,England,CR Brathwaite,JL Carter,MM Ali,0,0,,,,,,,,,
1027319,2016/17,2017-03-09,"Kensington Oval, Bridgetown",2,24.1,West Indies,England,JL Carter,CR Brathwaite,ST Finn,0,0,,,,,,,,,
1027319,2016/17,2017-03-09,"Kensington Oval, Bridgetown",2,24.2,West Indies,England,JL Carter,CR Brathwaite,ST Finn,0,0,,,,,,,,,
1027319,2016/17,2017-03-09,"Kensington Oval, Bridgetown",2,24.3,West Indies,England,JL Carter,CR Brathwaite,ST Finn,0,0,,,,,,,,,
1027319,2016/17,2017-03-09,"Kensington Oval, Bridgetown",2,24.4,West Indies,England,JL Carter,CR Brathwaite,ST Finn,0,0,,,,,,,,,
1027319,2016/17,2017-03-09,"Kensington Oval, Bridgetown",2,24.5,West Indies,England,JL Carter,CR Brathwaite,ST Finn,2,0,,,,,,,,,
1027319,2016/17,2017-03-09,"Kensington Oval, Bridgetown",2,24.6,West Indies,England,JL Carter,CR Brathwaite,ST Finn,2,0,,,,,,,,,
1027319,2016/17,2017-03-09,"Kensington Oval, Bridgetown",2,25.1,West Indies,England,CR Brathwaite,JL Carter,BA Stokes,0,0,,,,,,lbw,CR Brathwaite,,
1027319,2016/17,2017-03-09,"Kensington Oval, Bridgetown",2,25.2,West Indies,England,AR Nurse,JL Carter,BA Stokes,0,0,,,,,,,,,
1027319,2016/17,2017-03-09,"Kensington Oval, Bridgetown",2,25.3,West Indies,England,AR Nurse,JL Carter,BA Stokes,4,0,,,,,,,,,
1027319,2016/17,2017-03-09,"Kensington Oval, Bridgetown",2,25.4,West Indies,England,AR Nurse,JL Carter,BA Stokes,0,0,,,,,,,,,
1027319,2016/17,2017-03-09,"Kensington Oval, Bridgetown",2,25.5,West Indies,England,AR Nurse,JL Carter,BA Stokes,0,0,,,,,,,,,
1027319,2016/17,2017-03-09,"Kensington Oval, Bridgetown",2,25.6,West Indies,England,AR Nurse,JL Carter,BA Stokes,0,0,,,,,,,,,
1027319,2016/17,2017-03-09,"Kensington Oval, Bridgetown",2,26.1,West Indies,England,JL Carter,AR Nurse,CR Woakes,0,0,,,,,,,,,
1027319,2016/17,2017-03-09,"Kensington Oval, Bridgetown",2,26.2,West Indies,England,JL Carter,AR Nurse,CR Woakes,0,0,,,,,,,,,
1027319,2016/17,2017-03-09,"Kensington Oval, Bridgetown",2,26.3,West Indies,England,JL Carter,AR Nurse,CR Woakes,0,0,,,,,,,,,
1027319,2016/17,2017-03-09,"Kensington Oval, Bridgetown",2,26.4,West Indies,England,JL Carter,AR Nurse,CR Woakes,0,0,,,,,,,,,
1027319,2016/17,2017-03-09,"Kensington Oval, Bridgetown",2,26.5,West Indies,England,JL Carter,AR Nurse,CR Woakes,0,0,,,,,,,,,
1027319,2016/17,2017-03-09,"Kensington Oval, Bridgetown",2,26.6,West Indies,England,JL Carter,AR Nurse,CR Woakes,0,0,,,,,,,,,
1027319,2016/17,2017-03-09,"Kensington Oval, Bridgetown",2,27.1,West Indies,England,AR Nurse,JL Carter,BA Stokes,1,0,,,,,,,,,
1027319,2016/17,2017-03-09,"Kensington Oval, Bridgetown",2,27.2,West Indies,England,JL Carter,AR Nurse,BA Stokes,0,0,,,,,,,,,
1027319,2016/17,2017-03-09,"Kensington Oval, Bridgetown",2,27.3,West Indies,England,JL Carter,AR Nurse,BA Stokes,0,0,,,,,,,,,
1027319,2016/17,2017-03-09,"Kensington Oval, Bridgetown",2,27.4,West Indies,England,JL Carter,AR Nurse,BA Stokes,4,0,,,,,,,,,
1027319,2016/17,2017-03-09,"Kensington Oval, Bridgetown",2,27.5,West Indies,England,JL Carter,AR Nurse,BA Stokes,1,0,,,,,,,,,
1027319,2016/17,2017-03-09,"Kensington Oval, Bridgetown",2,27.6,West Indies,England,AR Nurse,JL Carter,BA Stokes,0,1,1,,,,,,,,
1027319,2016/17,2017-03-09,"Kensington Oval, Bridgetown",2,27.7,West Indies,England,AR Nurse,JL Carter,BA Stokes,1,0,,,,,,,,,
1027319,2016/17,2017-03-09,"Kensington Oval, Bridgetown",2,28.1,West Indies,England,AR Nurse,JL Carter,CR Woakes,0,0,,,,,,,,,
1027319,2016/17,2017-03-09,"Kensington Oval, Bridgetown",2,28.2,West Indies,England,AR Nurse,JL Carter,CR Woakes,0,0,,,,,,caught,AR Nurse,,
1027319,2016/17,2017-03-09,"Kensington Oval, Bridgetown",2,28.3,West Indies,England,JL Carter,D Bishoo,CR Woakes,0,0,,,,,,,,,
1027319,2016/17,2017-03-09,"Kensington Oval, Bridgetown",2,28.4,West Indies,England,JL Carter,D Bishoo,CR Woakes,0,0,,,,,,,,,
1027319,2016/17,2017-03-09,"Kensington Oval, Bridgetown",2,28.5,West Indies,England,JL Carter,D Bishoo,CR Woakes,0,1,1,,,,,,,,
1027319,2016/17,2017-03-09,"Kensington Oval, Bridgetown",2,28.6,West Indies,England,JL Carter,D Bishoo,CR Woakes,1,0,,,,,,,,,
1027319,2016/17,2017-03-09,"Kensington Oval, Bridgetown",2,28.7,West Indies,England,D Bishoo,JL Carter,CR Woakes,0,0,,,,,,,,,
1027319,2016/17,2017-03-09,"Kensington Oval, Bridgetown",2,29.1,West Indies,England,JL Carter,D Bishoo,BA Stokes,0,0,,,,,,,,,
1027319,2016/17,2017-03-09,"Kensington Oval, Bridgetown",2,29.2,West Indies,England,JL Carter,D Bishoo,BA Stokes,0,1,1,,,,,,,,
1027319,2016/17,2017-03-09,"Kensington Oval, Bridgetown",2,29.3,West Indies,England,JL Carter,D Bishoo,BA Stokes,0,1,1,,,,,,,,
1027319,2016/17,2017-03-09,"Kensington Oval, Bridgetown",2,29.4,West Indies,England,JL Carter,D Bishoo,BA Stokes,4,0,,,,,,,,,
1027319,2016/17,2017-03-09,"Kensington Oval, Bridgetown",2,29.5,West Indies,England,JL Carter,D Bishoo,BA Stokes,0,0,,,,,,,,,
1027319,2016/17,2017-03-09,"Kensington Oval, Bridgetown",2,29.6,West Indies,England,JL Carter,D Bishoo,BA Stokes,0,1,1,,,,,,,,
1027319,2016/17,2017-03-09,"Kensington Oval, Bridgetown",2,29.7,West Indies,England,JL Carter,D Bishoo,BA Stokes,0,0,,,,,,,,,
1027319,2016/17,2017-03-09,"Kensington Oval, Bridgetown",2,29.8,West Indies,England,JL Carter,D Bishoo,BA Stokes,0,0,,,,,,,,,
1027319,2016/17,2017-03-09,"Kensington Oval, Bridgetown",2,29.9,West Indies,England,JL Carter,D Bishoo,BA Stokes,0,0,,,,,,,,,
1027319,2016/17,2017-03-09,"Kensington Oval, Bridgetown",2,30.1,West Indies,England,D Bishoo,JL Carter,CR Woakes,0,0,,,,,,,,,
1027319,2016/17,2017-03-09,"Kensington Oval, Bridgetown",2,30.2,West Indies,England,D Bishoo,JL Carter,CR Woakes,0,0,,,,,,,,,
1027319,2016/17,2017-03-09,"Kensington Oval, Bridgetown",2,30.3,West Indies,England,D Bishoo,JL Carter,CR Woakes,0,0,,,,,,,,,
1027319,2016/17,2017-03-09,"Kensington Oval, Bridgetown",2,30.4,West Indies,England,D Bishoo,JL Carter,CR Woakes,0,0,,,,,,,,,
1027319,2016/17,2017-03-09,"Kensington Oval, Bridgetown",2,30.5,West Indies,England,D Bishoo,JL Carter,CR Woakes,1,0,,,,,,,,,
1027319,2016/17,2017-03-09,"Kensington Oval, Bridgetown",2,30.6,West Indies,England,JL Carter,D Bishoo,CR Woakes,0,0,,,,,,,,,
1027319,2016/17,2017-03-09,"Kensington Oval, Bridgetown",2,31.1,West Indies,England,D Bishoo,JL Carter,BA Stokes,0,0,,,,,,,,,
1027319,2016/17,2017-03-09,"Kensington Oval, Bridgetown",2,31.2,West Indies,England,D Bishoo,JL Carter,BA Stokes,0,0,,,,,,,,,
1027319,2016/17,2017-03-09,"Kensington Oval, Bridgetown",2,31.3,West Indies,England,D Bishoo,JL Carter,BA Stokes,0,0,,,,,,,,,
1027319,2016/17,2017-03-09,"Kensington Oval, Bridgetown",2,31.4,West Indies,England,D Bishoo,JL Carter,BA Stokes,0,0,,,,,,,,,
1027319,2016/17,2017-03-09,"Kensington Oval, Bridgetown",2,31.5,West Indies,England,D Bishoo,JL Carter,BA Stokes,0,0,,,,,,,,,
1027319,2016/17,2017-03-09,"Kensington Oval, Bridgetown",2,31.6,West Indies,England,D Bishoo,JL Carter,BA Stokes,0,0,,,,,,,,,
1027319,2016/17,2017-03-09,"Kensington Oval, Bridgetown",2,32.1,West Indies,England,JL Carter,D Bishoo,CR Woakes,0,0,,,,,,,,,
1027319,2016/17,2017-03-09,"Kensington Oval, Bridgetown",2,32.2,West Indies,England,JL Carter,D Bishoo,CR Woakes,0,0,,,,,,,,,
1027319,2016/17,2017-03-09,"Kensington Oval, Bridgetown",2,32.3,West Indies,England,JL Carter,D Bishoo,CR Woakes,4,0,,,,,,,,,
1027319,2016/17,2017-03-09,"Kensington Oval, Bridgetown",2,32.4,West Indies,England,JL Carter,D Bishoo,CR Woakes,0,0,,,,,,,,,
1027319,2016/17,2017-03-09,"Kensington Oval, Bridgetown",2,32.5,West Indies,England,JL Carter,D Bishoo,CR Woakes,0,0,,,,,,,,,
1027319,2016/17,2017-03-09,"Kensington Oval, Bridgetown",2,32.6,West Indies,England,JL Carter,D Bishoo,CR Woakes,0,0,,,,,,,,,
1027319,2016/17,2017-03-09,"Kensington Oval, Bridgetown",2,33.1,West Indies,England,D Bishoo,JL Carter,ST Finn,0,0,,,,,,,,,
1027319,2016/17,2017-03-09,"Kensington Oval, Bridgetown",2,33.2,West Indies,England,D Bishoo,JL Carter,ST Finn,0,0,,,,,,,,,
1027319,2016/17,2017-03-09,"Kensington Oval, Bridgetown",2,33.3,West Indies,England,D Bishoo,JL Carter,ST Finn,1,0,,,,,,,,,
1027319,2016/17,2017-03-09,"Kensington Oval, Bridgetown",2,33.4,West Indies,England,JL Carter,D Bishoo,ST Finn,0,0,,,,,,,,,
1027319,2016/17,2017-03-09,"Kensington Oval, Bridgetown",2,33.5,West Indies,England,JL Carter,D Bishoo,ST Finn,0,0,,,,,,,,,
1027319,2016/17,2017-03-09,"Kensington Oval, Bridgetown",2,33.6,West Indies,England,JL Carter,D Bishoo,ST Finn,0,1,1,,,,,,,,
1027319,2016/17,2017-03-09,"Kensington Oval, Bridgetown",2,33.7,West Indies,England,JL Carter,D Bishoo,ST Finn,1,0,,,,,,,,,
1027319,2016/17,2017-03-09,"Kensington Oval, Bridgetown",2,34.1,West Indies,England,JL Carter,D Bishoo,LE Plunkett,0,0,,,,,,,,,
1027319,2016/17,2017-03-09,"Kensington Oval, Bridgetown",2,34.2,West Indies,England,JL Carter,D Bishoo,LE Plunkett,0,0,,,,,,,,,
1027319,2016/17,2017-03-09,"Kensington Oval, Bridgetown",2,34.3,West Indies,England,JL Carter,D Bishoo,LE Plunkett,0,4,,,4,,,,,,
1027319,2016/17,2017-03-09,"Kensington Oval, Bridgetown",2,34.4,West Indies,England,JL Carter,D Bishoo,LE Plunkett,4,0,,,,,,,,,
1027319,2016/17,2017-03-09,"Kensington Oval, Bridgetown",2,34.5,West Indies,England,JL Carter,D Bishoo,LE Plunkett,0,0,,,,,,,,,
1027319,2016/17,2017-03-09,"Kensington Oval, Bridgetown",2,34.6,West Indies,England,JL Carter,D Bishoo,LE Plunkett,0,0,,,,,,,,,
1027319,2016/17,2017-03-09,"Kensington Oval, Bridgetown",2,35.1,West Indies,England,D Bishoo,JL Carter,ST Finn,0,0,,,,,,,,,
1027319,2016/17,2017-03-09,"Kensington Oval, Bridgetown",2,35.2,West Indies,England,D Bishoo,JL Carter,ST Finn,1,0,,,,,,,,,
1027319,2016/17,2017-03-09,"Kensington Oval, Bridgetown",2,35.3,West Indies,England,JL Carter,D Bishoo,ST Finn,0,0,,,,,,caught,JL Carter,,
1027319,2016/17,2017-03-09,"Kensington Oval, Bridgetown",2,35.4,West Indies,England,AS Joseph,D Bishoo,ST Finn,0,0,,,,,,,,,
1027319,2016/17,2017-03-09,"Kensington Oval, Bridgetown",2,35.5,West Indies,England,AS Joseph,D Bishoo,ST Finn,4,0,,,,,,,,,
1027319,2016/17,2017-03-09,"Kensington Oval, Bridgetown",2,35.6,West Indies,England,AS Joseph,D Bishoo,ST Finn,2,0,,,,,,,,,
1027319,2016/17,2017-03-09,"Kensington Oval, Bridgetown",2,36.1,West Indies,England,D Bishoo,AS Joseph,LE Plunkett,0,0,,,,,,,,,
1027319,2016/17,2017-03-09,"Kensington Oval, Bridgetown",2,36.2,West Indies,England,D Bishoo,AS Joseph,LE Plunkett,0,0,,,,,,,,,
1027319,2016/17,2017-03-09,"Kensington Oval, Bridgetown",2,36.3,West Indies,England,D Bishoo,AS Joseph,LE Plunkett,0,0,,,,,,,,,
1027319,2016/17,2017-03-09,"Kensington Oval, Bridgetown",2,36.4,West Indies,England,D Bishoo,AS Joseph,LE Plunkett,0,0,,,,,,,,,
1027319,2016/17,2017-03-09,"Kensington Oval, Bridgetown",2,36.5,West Indies,England,D Bishoo,AS Joseph,LE Plunkett,4,0,,,,,,,,,
1027319,2016/17,2017-03-09,"Kensington Oval, Bridgetown",2,36.6,West Indies,England,D Bishoo,AS Joseph,LE Plunkett,1,0,,,,,,,,,
1027319,2016/17,2017-03-09,"Kensington Oval, Bridgetown",2,37.1,West Indies,England,D Bishoo,AS Joseph,AU Rashid,1,0,,,,,,,,,
1027319,2016/17,2017-03-09,"Kensington Oval, Bridgetown",2,37.2,West Indies,England,AS Joseph,D Bishoo,AU Rashid,0,0,,,,,,,,,
1027319,2016/17,2017-03-09,"Kensington Oval, Bridgetown",2,37.3,West Indies,England,AS Joseph,D Bishoo,AU Rashid,1,0,,,,,,,,,
1027319,2016/17,2017-03-09,"Kensington Oval, Bridgetown",2,37.4,West Indies,England,D Bishoo,AS Joseph,AU Rashid,1,0,,,,,,,,,
1027319,2016/17,2017-03-09,"Kensington Oval, Bridgetown",2,37.5,West Indies,England,AS Joseph,D Bishoo,AU Rashid,0,0,,,,,,,,,
1027319,2016/17,2017-03-09,"Kensington Oval, Bridgetown",2,37.6,West Indies,England,AS Joseph,D Bishoo,AU Rashid,1,0,,,,,,,,,
1027319,2016/17,2017-03-09,"Kensington Oval, Bridgetown",2,38.1,West Indies,England,AS Joseph,D Bishoo,LE Plunkett,6,0,,,,,,,,,
1027319,2016/17,2017-03-09,"Kensington Oval, Bridgetown",2,38.2,West Indies,England,AS Joseph,D Bishoo,LE Plunkett,4,0,,,,,,,,,
1027319,2016/17,2017-03-09,"Kensington Oval, Bridgetown",2,38.3,West Indies,England,AS Joseph,D Bishoo,LE Plunkett,2,0,,,,,,,,,
1027319,2016/17,2017-03-09,"Kensington Oval, Bridgetown",2,38.4,West Indies,England,AS Joseph,D Bishoo,LE Plunkett,0,0,,,,,,,,,
1027319,2016/17,2017-03-09,"Kensington Oval, Bridgetown",2,38.5,West Indies,England,AS Joseph,D Bishoo,LE Plunkett,1,0,,,,,,,,,
1027319,2016/17,2017-03-09,"Kensington Oval, Bridgetown",2,38.6,West Indies,England,D Bishoo,AS Joseph,LE Plunkett,0,0,,,,,,,,,
1027319,2016/17,2017-03-09,"Kensington Oval, Bridgetown",2,39.1,West Indies,England,AS Joseph,D Bishoo,AU Rashid,1,0,,,,,,,,,
1027319,2016/17,2017-03-09,"Kensington Oval, Bridgetown",2,39.2,West Indies,England,D Bishoo,AS Joseph,AU Rashid,0,0,,,,,,caught,D Bishoo,,
