match_id,season,start_date,venue,innings,ball,batting_team,bowling_team,striker,non_striker,bowler,runs_off_bat,extras,wides,noballs,byes,legbyes,penalty,wicket_type,player_dismissed,other_wicket_type,other_player_dismissed
1030223,2016/17,2016-10-23,"Punjab Cricket Association Stadium, Mohali",1,0.1,New Zealand,India,MJ Guptill,TWM Latham,UT Yadav,0,0,,,,,,,,,
1030223,2016/17,2016-10-23,"Punjab Cricket Association Stadium, Mohali",1,0.2,New Zealand,India,MJ Guptill,TWM Latham,UT Yadav,0,0,,,,,,,,,
1030223,2016/17,2016-10-23,"Punjab Cricket Association Stadium, Mohali",1,0.3,New Zealand,India,MJ Guptill,TWM Latham,UT Yadav,1,0,,,,,,,,,
1030223,2016/17,2016-10-23,"Punjab Cricket Association Stadium, Mohali",1,0.4,New Zealand,India,TWM Latham,MJ Guptill,UT Yadav,0,0,,,,,,,,,
1030223,2016/17,2016-10-23,"Punjab Cricket Association Stadium, Mohali",1,0.5,New Zealand,India,TWM Latham,MJ Guptill,UT Yadav,0,0,,,,,,,,,
1030223,2016/17,2016-10-23,"Punjab Cricket Association Stadium, Mohali",1,0.6,New Zealand,India,TWM Latham,MJ Guptill,UT Yadav,1,0,,,,,,,,,
1030223,2016/17,2016-10-23,"Punjab Cricket Association Stadium, Mohali",1,1.1,New Zealand,India,TWM Latham,MJ Guptill,HH Pandya,0,0,,,,,,,,,
1030223,2016/17,2016-10-23,"Punjab Cricket Association Stadium, Mohali",1,1.2,New Zealand,India,TWM Latham,MJ Guptill,HH Pandya,0,0,,,,,,,,,
1030223,2016/17,2016-10-23,"Punjab Cricket Association Stadium, Mohali",1,1.3,New Zealand,India,TWM Latham,MJ Guptill,HH Pandya,0,1,1,,,,,,,,
1030223,2016/17,2016-10-23,"Punjab Cricket Association Stadium, Mohali",1,1.4,New Zealand,India,TWM Latham,MJ Guptill,HH Pandya,0,0,,,,,,,,,
1030223,2016/17,2016-10-23,"Punjab Cricket Association Stadium, Mohali",1,1.5,New Zealand,India,TWM Latham,MJ Guptill,HH Pandya,0,0,,,,,,,,,
1030223,2016/17,2016-10-23,"Punjab Cricket Association Stadium, Mohali",1,1.6,New Zealand,India,TWM Latham,MJ Guptill,HH Pandya,1,0,,,,,,,,,
1030223,2016/17,2016-10-23,"Punjab Cricket Association Stadium, Mohali",1,1.7,New Zealand,India,MJ Guptill,TWM Latham,HH Pandya,1,0,,,,,,,,,
1030223,2016/17,2016-10-23,"Punjab Cricket Association Stadium, Mohali",1,2.1,New Zealand,India,MJ Guptill,TWM Latham,UT Yadav,4,0,,,,,,,,,
1030223,2016/17,2016-10-23,"Punjab Cricket Association Stadium, Mohali",1,2.2,New Zealand,India,MJ Guptill,TWM Latham,UT Yadav,0,0,,,,,,,,,
1030223,2016/17,2016-10-23,"Punjab Cricket Association Stadium, Mohali",1,2.3,New Zealand,India,MJ Guptill,TWM Latham,UT Yadav,0,0,,,,,,,,,
1030223,2016/17,2016-10-23,"Punjab Cricket Association Stadium, Mohali",1,2.4,New Zealand,India,MJ Guptill,TWM Latham,UT Yadav,1,0,,,,,,,,,
1030223,2016/17,2016-10-23,"Punjab Cricket Association Stadium, Mohali",1,2.5,New Zealand,India,TWM Latham,MJ Guptill,UT Yadav,1,0,,,,,,,,,
1030223,2016/17,2016-10-23,"Punjab Cricket Association Stadium, Mohali",1,2.6,New Zealand,India,MJ Guptill,TWM Latham,UT Yadav,1,0,,,,,,,,,
1030223,2016/17,2016-10-23,"Punjab Cricket Association Stadium, Mohali",1,3.1,New Zealand,India,MJ Guptill,TWM Latham,HH Pandya,6,0,,,,,,,,,
1030223,2016/17,2016-10-23,"Punjab Cricket Association Stadium, Mohali",1,3.2,New Zealand,India,MJ Guptill,TWM Latham,HH Pandya,0,0,,,,,,,,,
1030223,2016/17,2016-10-23,"Punjab Cricket Association Stadium, Mohali",1,3.3,New Zealand,India,MJ Guptill,TWM Latham,HH Pandya,1,0,,,,,,,,,
1030223,2016/17,2016-10-23,"Punjab Cricket Association Stadium, Mohali",1,3.4,New Zealand,India,TWM Latham,MJ Guptill,HH Pandya,1,0,,,,,,,,,
1030223,2016/17,2016-10-23,"Punjab Cricket Association Stadium, Mohali",1,3.5,New Zealand,India,MJ Guptill,TWM Latham,HH Pandya,0,0,,,,,,,,,
1030223,2016/17,2016-10-23,"Punjab Cricket Association Stadium, Mohali",1,3.6,New Zealand,India,MJ Guptill,TWM Latham,HH Pandya,0,0,,,,,,,,,
1030223,2016/17,2016-10-23,"Punjab Cricket Association Stadium, Mohali",1,4.1,New Zealand,India,TWM Latham,MJ Guptill,UT Yadav,0,0,,,,,,,,,
1030223,2016/17,2016-10-23,"Punjab Cricket Association Stadium, Mohali",1,4.2,New Zealand,India,TWM Latham,MJ Guptill,UT Yadav,4,0,,,,,,,,,
1030223,2016/17,2016-10-23,"Punjab Cricket Association Stadium, Mohali",1,4.3,New Zealand,India,TWM Latham,MJ Guptill,UT Yadav,0,0,,,,,,,,,
1030223,2016/17,2016-10-23,"Punjab Cricket Association Stadium, Mohali",1,4.4,New Zealand,India,TWM Latham,MJ Guptill,UT Yadav,0,0,,,,,,,,,
1030223,2016/17,2016-10-23,"Punjab Cricket Association Stadium, Mohali",1,4.5,New Zealand,India,TWM Latham,MJ Guptill,UT Yadav,2,0,,,,,,,,,
1030223,2016/17,2016-10-23,"Punjab Cricket Association Stadium, Mohali",1,4.6,New Zealand,India,TWM Latham,MJ Guptill,UT Yadav,0,0,,,,,,,,,
1030223,2016/17,2016-10-23,"Punjab Cricket Association Stadium, Mohali",1,5.1,New Zealand,India,MJ Guptill,TWM Latham,HH Pandya,0,0,,,,,,,,,
1030223,2016/17,2016-10-23,"Punjab Cricket Association Stadium, Mohali",1,5.2,New Zealand,India,MJ Guptill,TWM Latham,HH Pandya,4,0,,,,,,,,,
1030223,2016/17,2016-10-23,"Punjab Cricket Association Stadium, Mohali",1,5.3,New Zealand,India,MJ Guptill,TWM Latham,HH Pandya,0,0,,,,,,,,,
1030223,2016/17,2016-10-23,"Punjab Cricket Association Stadium, Mohali",1,5.4,New Zealand,India,MJ Guptill,TWM Latham,HH Pandya,2,0,,,,,,,,,
1030223,2016/17,2016-10-23,"Punjab Cricket Association Stadium, Mohali",1,5.5,New Zealand,India,MJ Guptill,TWM Latham,HH Pandya,0,0,,,,,,,,,
1030223,2016/17,2016-10-23,"Punjab Cricket Association Stadium, Mohali",1,5.6,New Zealand,India,MJ Guptill,TWM Latham,HH Pandya,6,0,,,,,,,,,
1030223,2016/17,2016-10-23,"Punjab Cricket Association Stadium, Mohali",1,6.1,New Zealand,India,TWM Latham,MJ Guptill,UT Yadav,0,0,,,,,,,,,
1030223,2016/17,2016-10-23,"Punjab Cricket Association Stadium, Mohali",1,6.2,New Zealand,India,TWM Latham,MJ Guptill,UT Yadav,6,0,,,,,,,,,
1030223,2016/17,2016-10-23,"Punjab Cricket Association Stadium, Mohali",1,6.3,New Zealand,India,TWM Latham,MJ Guptill,UT Yadav,1,0,,,,,,,,,
1030223,2016/17,2016-10-23,"Punjab Cricket Association Stadium, Mohali",1,6.4,New Zealand,India,MJ Guptill,TWM Latham,UT Yadav,0,1,1,,,,,,,,
1030223,2016/17,2016-10-23,"Punjab Cricket Association Stadium, Mohali",1,6.5,New Zealand,India,MJ Guptill,TWM Latham,UT Yadav,0,0,,,,,,lbw,MJ Guptill,,
1030223,2016/17,2016-10-23,"Punjab Cricket Association Stadium, Mohali",1,6.6,New Zealand,India,KS Williamson,TWM Latham,UT Yadav,0,0,,,,,,,,,
1030223,2016/17,2016-10-23,"Punjab Cricket Association Stadium, Mohali",1,6.7,New Zealand,India,KS Williamson,TWM Latham,UT Yadav,4,0,,,,,,,,,
1030223,2016/17,2016-10-23,"Punjab Cricket Association Stadium, Mohali",1,7.1,New Zealand,India,TWM Latham,KS Williamson,JJ Bumrah,1,0,,,,,,,,,
1030223,2016/17,2016-10-23,"Punjab Cricket Association Stadium, Mohali",1,7.2,New Zealand,India,KS Williamson,TWM Latham,JJ Bumrah,2,0,,,,,,,,,
1030223,2016/17,2016-10-23,"Punjab Cricket Association Stadium, Mohali",1,7.3,New Zealand,India,KS Williamson,TWM Latham,JJ Bumrah,0,0,,,,,,,,,
1030223,2016/17,2016-10-23,"Punjab Cricket Association Stadium, Mohali",1,7.4,New Zealand,India,KS Williamson,TWM Latham,JJ Bumrah,0,0,,,,,,,,,
1030223,2016/17,2016-10-23,"Punjab Cricket Association Stadium, Mohali",1,7.5,New Zealand,India,KS Williamson,TWM Latham,JJ Bumrah,0,0,,,,,,,,,
1030223,2016/17,2016-10-23,"Punjab Cricket Association Stadium, Mohali",1,7.6,New Zealand,India,KS Williamson,TWM Latham,JJ Bumrah,1,0,,,,,,,,,
1030223,2016/17,2016-10-23,"Punjab Cricket Association Stadium, Mohali",1,8.1,New Zealand,India,KS Williamson,TWM Latham,UT Yadav,0,0,,,,,,,,,
1030223,2016/17,2016-10-23,"Punjab Cricket Association Stadium, Mohali",1,8.2,New Zealand,India,KS Williamson,TWM Latham,UT Yadav,0,0,,,,,,,,,
1030223,2016/17,2016-10-23,"Punjab Cricket Association Stadium, Mohali",1,8.3,New Zealand,India,KS Williamson,TWM Latham,UT Yadav,0,0,,,,,,,,,
1030223,2016/17,2016-10-23,"Punjab Cricket Association Stadium, Mohali",1,8.4,New Zealand,India,KS Williamson,TWM Latham,UT Yadav,0,0,,,,,,,,,
1030223,2016/17,2016-10-23,"Punjab Cricket Association Stadium, Mohali",1,8.5,New Zealand,India,KS Williamson,TWM Latham,UT Yadav,4,0,,,,,,,,,
1030223,2016/17,2016-10-23,"Punjab Cricket Association Stadium, Mohali",1,8.6,New Zealand,India,KS Williamson,TWM Latham,UT Yadav,1,0,,,,,,,,,
1030223,2016/17,2016-10-23,"Punjab Cricket Association Stadium, Mohali",1,9.1,New Zealand,India,KS Williamson,TWM Latham,JJ Bumrah,0,0,,,,,,,,,
1030223,2016/17,2016-10-23,"Punjab Cricket Association Stadium, Mohali",1,9.2,New Zealand,India,KS Williamson,TWM Latham,JJ Bumrah,0,0,,,,,,,,,
1030223,2016/17,2016-10-23,"Punjab Cricket Association Stadium, Mohali",1,9.3,New Zealand,India,KS Williamson,TWM Latham,JJ Bumrah,4,0,,,,,,,,,
1030223,2016/17,2016-10-23,"Punjab Cricket Association Stadium, Mohali",1,9.4,New Zealand,India,KS Williamson,TWM Latham,JJ Bumrah,1,0,,,,,,,,,
1030223,2016/17,2016-10-23,"Punjab Cricket Association Stadium, Mohali",1,9.5,New Zealand,India,TWM Latham,KS Williamson,JJ Bumrah,0,0,,,,,,,,,
1030223,2016/17,2016-10-23,"Punjab Cricket Association Stadium, Mohali",1,9.6,New Zealand,India,TWM Latham,KS Williamson,JJ Bumrah,0,0,,,,,,,,,
1030223,2016/17,2016-10-23,"Punjab Cricket Association Stadium, Mohali",1,10.1,New Zealand,India,KS Williamson,TWM Latham,KM Jadhav,1,0,,,,,,,,,
1030223,2016/17,2016-10-23,"Punjab Cricket Association Stadium, Mohali",1,10.2,New Zealand,India,TWM Latham,KS Williamson,KM Jadhav,1,0,,,,,,,,,
1030223,2016/17,2016-10-23,"Punjab Cricket Association Stadium, Mohali",1,10.3,New Zealand,India,KS Williamson,TWM Latham,KM Jadhav,1,0,,,,,,,,,
1030223,2016/17,2016-10-23,"Punjab Cricket Association Stadium, Mohali",1,10.4,New Zealand,India,TWM Latham,KS Williamson,KM Jadhav,0,1,1,,,,,,,,
1030223,2016/17,2016-10-23,"Punjab Cricket Association Stadium, Mohali",1,10.5,New Zealand,India,TWM Latham,KS Williamson,KM Jadhav,1,0,,,,,,,,,
1030223,2016/17,2016-10-23,"Punjab Cricket Association Stadium, Mohali",1,10.6,New Zealand,India,KS Williamson,TWM Latham,KM Jadhav,0,0,,,,,,,,,
1030223,2016/17,2016-10-23,"Punjab Cricket Association Stadium, Mohali",1,10.7,New Zealand,India,KS Williamson,TWM Latham,KM Jadhav,1,0,,,,,,,,,
1030223,2016/17,2016-10-23,"Punjab Cricket Association Stadium, Mohali",1,11.1,New Zealand,India,KS Williamson,TWM Latham,JJ Bumrah,0,0,,,,,,,,,
1030223,2016/17,2016-10-23,"Punjab Cricket Association Stadium, Mohali",1,11.2,New Zealand,India,KS Williamson,TWM Latham,JJ Bumrah,0,0,,,,,,,,,
1030223,2016/17,2016-10-23,"Punjab Cricket Association Stadium, Mohali",1,11.3,New Zealand,India,KS Williamson,TWM Latham,JJ Bumrah,0,0,,,,,,,,,
1030223,2016/17,2016-10-23,"Punjab Cricket Association Stadium, Mohali",1,11.4,New Zealand,India,KS Williamson,TWM Latham,JJ Bumrah,1,0,,,,,,,,,
1030223,2016/17,2016-10-23,"Punjab Cricket Association Stadium, Mohali",1,11.5,New Zealand,India,TWM Latham,KS Williamson,JJ Bumrah,2,0,,,,,,,,,
1030223,2016/17,2016-10-23,"Punjab Cricket Association Stadium, Mohali",1,11.6,New Zealand,India,TWM Latham,KS Williamson,JJ Bumrah,0,0,,,,,,,,,
1030223,2016/17,2016-10-23,"Punjab Cricket Association Stadium, Mohali",1,12.1,New Zealand,India,KS Williamson,TWM Latham,KM Jadhav,1,0,,,,,,,,,
1030223,2016/17,2016-10-23,"Punjab Cricket Association Stadium, Mohali",1,12.2,New Zealand,India,TWM Latham,KS Williamson,KM Jadhav,0,0,,,,,,,,,
1030223,2016/17,2016-10-23,"Punjab Cricket Association Stadium, Mohali",1,12.3,New Zealand,India,TWM Latham,KS Williamson,KM Jadhav,0,0,,,,,,,,,
1030223,2016/17,2016-10-23,"Punjab Cricket Association Stadium, Mohali",1,12.4,New Zealand,India,TWM Latham,KS Williamson,KM Jadhav,0,1,1,,,,,,,,
1030223,2016/17,2016-10-23,"Punjab Cricket Association Stadium, Mohali",1,12.5,New Zealand,India,TWM Latham,KS Williamson,KM Jadhav,4,0,,,,,,,,,
1030223,2016/17,2016-10-23,"Punjab Cricket Association Stadium, Mohali",1,12.6,New Zealand,India,TWM Latham,KS Williamson,KM Jadhav,1,0,,,,,,,,,
1030223,2016/17,2016-10-23,"Punjab Cricket Association Stadium, Mohali",1,12.7,New Zealand,India,KS Williamson,TWM Latham,KM Jadhav,0,0,,,,,,lbw,KS Williamson,,
1030223,2016/17,2016-10-23,"Punjab Cricket Association Stadium, Mohali",1,13.1,New Zealand,India,TWM Latham,LRPL Taylor,AR Patel,1,0,,,,,,,,,
1030223,2016/17,2016-10-23,"Punjab Cricket Association Stadium, Mohali",1,13.2,New Zealand,India,LRPL Taylor,TWM Latham,AR Patel,0,0,,,,,,,,,
1030223,2016/17,2016-10-23,"Punjab Cricket Association Stadium, Mohali",1,13.3,New Zealand,India,LRPL Taylor,TWM Latham,AR Patel,1,0,,,,,,,,,
1030223,2016/17,2016-10-23,"Punjab Cricket Association Stadium, Mohali",1,13.4,New Zealand,India,TWM Latham,LRPL Taylor,AR Patel,1,0,,,,,,,,,
1030223,2016/17,2016-10-23,"Punjab Cricket Association Stadium, Mohali",1,13.5,New Zealand,India,LRPL Taylor,TWM Latham,AR Patel,0,0,,,,,,,,,
1030223,2016/17,2016-10-23,"Punjab Cricket Association Stadium, Mohali",1,13.6,New Zealand,India,LRPL Taylor,TWM Latham,AR Patel,1,0,,,,,,,,,
1030223,2016/17,2016-10-23,"Punjab Cricket Association Stadium, Mohali",1,14.1,New Zealand,India,LRPL Taylor,TWM Latham,A Mishra,0,0,,,,,,,,,
1030223,2016/17,2016-10-23,"Punjab Cricket Association Stadium, Mohali",1,14.2,New Zealand,India,LRPL Taylor,TWM Latham,A Mishra,0,0,,,,,,,,,
1030223,2016/17,2016-10-23,"Punjab Cricket Association Stadium, Mohali",1,14.3,New Zealand,India,LRPL Taylor,TWM Latham,A Mishra,1,0,,,,,,,,,
1030223,2016/17,2016-10-23,"Punjab Cricket Association Stadium, Mohali",1,14.4,New Zealand,India,TWM Latham,LRPL Taylor,A Mishra,0,0,,,,,,,,,
1030223,2016/17,2016-10-23,"Punjab Cricket Association Stadium, Mohali",1,14.5,New Zealand,India,TWM Latham,LRPL Taylor,A Mishra,2,0,,,,,,,,,
1030223,2016/17,2016-10-23,"Punjab Cricket Association Stadium, Mohali",1,14.6,New Zealand,India,TWM Latham,LRPL Taylor,A Mishra,1,0,,,,,,,,,
1030223,2016/17,2016-10-23,"Punjab Cricket Association Stadium, Mohali",1,15.1,New Zealand,India,TWM Latham,LRPL Taylor,AR Patel,1,0,,,,,,,,,
1030223,2016/17,2016-10-23,"Punjab Cricket Association Stadium, Mohali",1,15.2,New Zealand,India,LRPL Taylor,TWM Latham,AR Patel,0,0,,,,,,,,,
1030223,2016/17,2016-10-23,"Punjab Cricket Association Stadium, Mohali",1,15.3,New Zealand,India,LRPL Taylor,TWM Latham,AR Patel,0,0,,,,,,,,,
1030223,2016/17,2016-10-23,"Punjab Cricket Association Stadium, Mohali",1,15.4,New Zealand,India,LRPL Taylor,TWM Latham,AR Patel,0,0,,,,,,,,,
1030223,2016/17,2016-10-23,"Punjab Cricket Association Stadium, Mohali",1,15.5,New Zealand,India,LRPL Taylor,TWM Latham,AR Patel,1,0,,,,,,,,,
1030223,2016/17,2016-10-23,"Punjab Cricket Association Stadium, Mohali",1,15.6,New Zealand,India,TWM Latham,LRPL Taylor,AR Patel,1,0,,,,,,,,,
1030223,2016/17,2016-10-23,"Punjab Cricket Association Stadium, Mohali",1,16.1,New Zealand,India,TWM Latham,LRPL Taylor,A Mishra,1,0,,,,,,,,,
1030223,2016/17,2016-10-23,"Punjab Cricket Association Stadium, Mohali",1,16.2,New Zealand,India,LRPL Taylor,TWM Latham,A Mishra,0,0,,,,,,,,,
1030223,2016/17,2016-10-23,"Punjab Cricket Association Stadium, Mohali",1,16.3,New Zealand,India,LRPL Taylor,TWM Latham,A Mishra,0,0,,,,,,,,,
1030223,2016/17,2016-10-23,"Punjab Cricket Association Stadium, Mohali",1,16.4,New Zealand,India,LRPL Taylor,TWM Latham,A Mishra,4,0,,,,,,,,,
1030223,2016/17,2016-10-23,"Punjab Cricket Association Stadium, Mohali",1,16.5,New Zealand,India,LRPL Taylor,TWM Latham,A Mishra,0,0,,,,,,,,,
1030223,2016/17,2016-10-23,"Punjab Cricket Association Stadium, Mohali",1,16.6,New Zealand,India,LRPL Taylor,TWM Latham,A Mishra,0,0,,,,,,,,,
1030223,2016/17,2016-10-23,"Punjab Cricket Association Stadium, Mohali",1,17.1,New Zealand,India,TWM Latham,LRPL Taylor,AR Patel,0,0,,,,,,,,,
1030223,2016/17,2016-10-23,"Punjab Cricket Association Stadium, Mohali",1,17.2,New Zealand,India,TWM Latham,LRPL Taylor,AR Patel,0,0,,,,,,,,,
1030223,2016/17,2016-10-23,"Punjab Cricket Association Stadium, Mohali",1,17.3,New Zealand,India,TWM Latham,LRPL Taylor,AR Patel,0,0,,,,,,,,,
1030223,2016/17,2016-10-23,"Punjab Cricket Association Stadium, Mohali",1,17.4,New Zealand,India,TWM Latham,LRPL Taylor,AR Patel,1,0,,,,,,,,,
1030223,2016/17,2016-10-23,"Punjab Cricket Association Stadium, Mohali",1,17.5,New Zealand,India,LRPL Taylor,TWM Latham,AR Patel,0,0,,,,,,,,,
1030223,2016/17,2016-10-23,"Punjab Cricket Association Stadium, Mohali",1,17.6,New Zealand,India,LRPL Taylor,TWM Latham,AR Patel,0,0,,,,,,,,,
1030223,2016/17,2016-10-23,"Punjab Cricket Association Stadium, Mohali",1,18.1,New Zealand,India,TWM Latham,LRPL Taylor,A Mishra,1,0,,,,,,,,,
1030223,2016/17,2016-10-23,"Punjab Cricket Association Stadium, Mohali",1,18.2,New Zealand,India,LRPL Taylor,TWM Latham,A Mishra,0,0,,,,,,,,,
1030223,2016/17,2016-10-23,"Punjab Cricket Association Stadium, Mohali",1,18.3,New Zealand,India,LRPL Taylor,TWM Latham,A Mishra,0,0,,,,,,,,,
1030223,2016/17,2016-10-23,"Punjab Cricket Association Stadium, Mohali",1,18.4,New Zealand,India,LRPL Taylor,TWM Latham,A Mishra,1,0,,,,,,,,,
1030223,2016/17,2016-10-23,"Punjab Cricket Association Stadium, Mohali",1,18.5,New Zealand,India,TWM Latham,LRPL Taylor,A Mishra,1,0,,,,,,,,,
1030223,2016/17,2016-10-23,"Punjab Cricket Association Stadium, Mohali",1,18.6,New Zealand,India,LRPL Taylor,TWM Latham,A Mishra,1,0,,,,,,,,,
1030223,2016/17,2016-10-23,"Punjab Cricket Association Stadium, Mohali",1,19.1,New Zealand,India,LRPL Taylor,TWM Latham,AR Patel,0,0,,,,,,,,,
1030223,2016/17,2016-10-23,"Punjab Cricket Association Stadium, Mohali",1,19.2,New Zealand,India,LRPL Taylor,TWM Latham,AR Patel,0,0,,,,,,,,,
1030223,2016/17,2016-10-23,"Punjab Cricket Association Stadium, Mohali",1,19.3,New Zealand,India,LRPL Taylor,TWM Latham,AR Patel,0,0,,,,,,,,,
1030223,2016/17,2016-10-23,"Punjab Cricket Association Stadium, Mohali",1,19.4,New Zealand,India,LRPL Taylor,TWM Latham,AR Patel,1,0,,,,,,,,,
1030223,2016/17,2016-10-23,"Punjab Cricket Association Stadium, Mohali",1,19.5,New Zealand,India,TWM Latham,LRPL Taylor,AR Patel,1,0,,,,,,,,,
1030223,2016/17,2016-10-23,"Punjab Cricket Association Stadium, Mohali",1,19.6,New Zealand,India,LRPL Taylor,TWM Latham,AR Patel,2,0,,,,,,,,,
1030223,2016/17,2016-10-23,"Punjab Cricket Association Stadium, Mohali",1,20.1,New Zealand,India,TWM Latham,LRPL Taylor,A Mishra,0,0,,,,,,,,,
1030223,2016/17,2016-10-23,"Punjab Cricket Association Stadium, Mohali",1,20.2,New Zealand,India,TWM Latham,LRPL Taylor,A Mishra,1,0,,,,,,,,,
1030223,2016/17,2016-10-23,"Punjab Cricket Association Stadium, Mohali",1,20.3,New Zealand,India,LRPL Taylor,TWM Latham,A Mishra,1,0,,,,,,,,,
1030223,2016/17,2016-10-23,"Punjab Cricket Association Stadium, Mohali",1,20.4,New Zealand,India,TWM Latham,LRPL Taylor,A Mishra,4,0,,,,,,,,,
1030223,2016/17,2016-10-23,"Punjab Cricket Association Stadium, Mohali",1,20.5,New Zealand,India,TWM Latham,LRPL Taylor,A Mishra,0,0,,,,,,,,,
1030223,2016/17,2016-10-23,"Punjab Cricket Association Stadium, Mohali",1,20.6,New Zealand,India,TWM Latham,LRPL Taylor,A Mishra,1,0,,,,,,,,,
1030223,2016/17,2016-10-23,"Punjab Cricket Association Stadium, Mohali",1,21.1,New Zealand,India,TWM Latham,LRPL Taylor,AR Patel,0,0,,,,,,,,,
1030223,2016/17,2016-10-23,"Punjab Cricket Association Stadium, Mohali",1,21.2,New Zealand,India,TWM Latham,LRPL Taylor,AR Patel,0,0,,,,,,,,,
1030223,2016/17,2016-10-23,"Punjab Cricket Association Stadium, Mohali",1,21.3,New Zealand,India,TWM Latham,LRPL Taylor,AR Patel,1,0,,,,,,,,,
1030223,2016/17,2016-10-23,"Punjab Cricket Association Stadium, Mohali",1,21.4,New Zealand,India,LRPL Taylor,TWM Latham,AR Patel,4,0,,,,,,,,,
1030223,2016/17,2016-10-23,"Punjab Cricket Association Stadium, Mohali",1,21.5,New Zealand,India,LRPL Taylor,TWM Latham,AR Patel,1,0,,,,,,,,,
1030223,2016/17,2016-10-23,"Punjab Cricket Association Stadium, Mohali",1,21.6,New Zealand,India,TWM Latham,LRPL Taylor,AR Patel,1,0,,,,,,,,,
1030223,2016/17,2016-10-23,"Punjab Cricket Association Stadium, Mohali",1,22.1,New Zealand,India,TWM Latham,LRPL Taylor,A Mishra,1,0,,,,,,,,,
1030223,2016/17,2016-10-23,"Punjab Cricket Association Stadium, Mohali",1,22.2,New Zealand,India,LRPL Taylor,TWM Latham,A Mishra,0,0,,,,,,,,,
1030223,2016/17,2016-10-23,"Punjab Cricket Association Stadium, Mohali",1,22.3,New Zealand,India,LRPL Taylor,TWM Latham,A Mishra,2,0,,,,,,,,,
1030223,2016/17,2016-10-23,"Punjab Cricket Association Stadium, Mohali",1,22.4,New Zealand,India,LRPL Taylor,TWM Latham,A Mishra,0,0,,,,,,,,,
1030223,2016/17,2016-10-23,"Punjab Cricket Association Stadium, Mohali",1,22.5,New Zealand,India,LRPL Taylor,TWM Latham,A Mishra,1,0,,,,,,,,,
1030223,2016/17,2016-10-23,"Punjab Cricket Association Stadium, Mohali",1,22.6,New Zealand,India,TWM Latham,LRPL Taylor,A Mishra,0,0,,,,,,,,,
1030223,2016/17,2016-10-23,"Punjab Cricket Association Stadium, Mohali",1,23.1,New Zealand,India,LRPL Taylor,TWM Latham,AR Patel,0,0,,,,,,,,,
1030223,2016/17,2016-10-23,"Punjab Cricket Association Stadium, Mohali",1,23.2,New Zealand,India,LRPL Taylor,TWM Latham,AR Patel,2,0,,,,,,,,,
1030223,2016/17,2016-10-23,"Punjab Cricket Association Stadium, Mohali",1,23.3,New Zealand,India,LRPL Taylor,TWM Latham,AR Patel,0,0,,,,,,,,,
1030223,2016/17,2016-10-23,"Punjab Cricket Association Stadium, Mohali",1,23.4,New Zealand,India,LRPL Taylor,TWM Latham,AR Patel,0,0,,,,,,,,,
1030223,2016/17,2016-10-23,"Punjab Cricket Association Stadium, Mohali",1,23.5,New Zealand,India,LRPL Taylor,TWM Latham,AR Patel,1,0,,,,,,,,,
1030223,2016/17,2016-10-23,"Punjab Cricket Association Stadium, Mohali",1,23.6,New Zealand,India,TWM Latham,LRPL Taylor,AR Patel,0,0,,,,,,,,,
1030223,2016/17,2016-10-23,"Punjab Cricket Association Stadium, Mohali",1,24.1,New Zealand,India,LRPL Taylor,TWM Latham,HH Pandya,4,0,,,,,,,,,
1030223,2016/17,2016-10-23,"Punjab Cricket Association Stadium, Mohali",1,24.2,New Zealand,India,LRPL Taylor,TWM Latham,HH Pandya,0,0,,,,,,,,,
1030223,2016/17,2016-10-23,"Punjab Cricket Association Stadium, Mohali",1,24.3,New Zealand,India,LRPL Taylor,TWM Latham,HH Pandya,1,0,,,,,,,,,
1030223,2016/17,2016-10-23,"Punjab Cricket Association Stadium, Mohali",1,24.4,New Zealand,India,TWM Latham,LRPL Taylor,HH Pandya,1,0,,,,,,,,,
1030223,2016/17,2016-10-23,"Punjab Cricket Association Stadium, Mohali",1,24.5,New Zealand,India,LRPL Taylor,TWM Latham,HH Pandya,0,0,,,,,,,,,
1030223,2016/17,2016-10-23,"Punjab Cricket Association Stadium, Mohali",1,24.6,New Zealand,India,LRPL Taylor,TWM Latham,HH Pandya,0,0,,,,,,,,,
1030223,2016/17,2016-10-23,"Punjab Cricket Association Stadium, Mohali",1,25.1,New Zealand,India,TWM Latham,LRPL Taylor,AR Patel,1,0,,,,,,,,,
1030223,2016/17,2016-10-23,"Punjab Cricket Association Stadium, Mohali",1,25.2,New Zealand,India,LRPL Taylor,TWM Latham,AR Patel,0,0,,,,,,,,,
1030223,2016/17,2016-10-23,"Punjab Cricket Association Stadium, Mohali",1,25.3,New Zealand,India,LRPL Taylor,TWM Latham,AR Patel,4,0,,,,,,,,,
1030223,2016/17,2016-10-23,"Punjab Cricket Association Stadium, Mohali",1,25.4,New Zealand,India,LRPL Taylor,TWM Latham,AR Patel,0,0,,,,,,,,,
1030223,2016/17,2016-10-23,"Punjab Cricket Association Stadium, Mohali",1,25.5,New Zealand,India,LRPL Taylor,TWM Latham,AR Patel,0,0,,,,,,,,,
1030223,2016/17,2016-10-23,"Punjab Cricket Association Stadium, Mohali",1,25.6,New Zealand,India,LRPL Taylor,TWM Latham,AR Patel,0,0,,,,,,,,,
1030223,2016/17,2016-10-23,"Punjab Cricket Association Stadium, Mohali",1,26.1,New Zealand,India,TWM Latham,LRPL Taylor,HH Pandya,0,0,,,,,,,,,
1030223,2016/17,2016-10-23,"Punjab Cricket Association Stadium, Mohali",1,26.2,New Zealand,India,TWM Latham,LRPL Taylor,HH Pandya,0,0,,,,,,,,,
1030223,2016/17,2016-10-23,"Punjab Cricket Association Stadium, Mohali",1,26.3,New Zealand,India,TWM Latham,LRPL Taylor,HH Pandya,1,0,,,,,,,,,
1030223,2016/17,2016-10-23,"Punjab Cricket Association Stadium, Mohali",1,26.4,New Zealand,India,LRPL Taylor,TWM Latham,HH Pandya,0,1,1,,,,,,,,
1030223,2016/17,2016-10-23,"Punjab Cricket Association Stadium, Mohali",1,26.5,New Zealand,India,LRPL Taylor,TWM Latham,HH Pandya,2,0,,,,,,,,,
1030223,2016/17,2016-10-23,"Punjab Cricket Association Stadium, Mohali",1,26.6,New Zealand,India,LRPL Taylor,TWM Latham,HH Pandya,1,0,,,,,,,,,
1030223,2016/17,2016-10-23,"Punjab Cricket Association Stadium, Mohali",1,26.7,New Zealand,India,TWM Latham,LRPL Taylor,HH Pandya,0,0,,,,,,,,,
1030223,2016/17,2016-10-23,"Punjab Cricket Association Stadium, Mohali",1,27.1,New Zealand,India,LRPL Taylor,TWM Latham,AR Patel,0,0,,,,,,,,,
1030223,2016/17,2016-10-23,"Punjab Cricket Association Stadium, Mohali",1,27.2,New Zealand,India,LRPL Taylor,TWM Latham,AR Patel,0,0,,,,,,,,,
1030223,2016/17,2016-10-23,"Punjab Cricket Association Stadium, Mohali",1,27.3,New Zealand,India,LRPL Taylor,TWM Latham,AR Patel,1,0,,,,,,,,,
1030223,2016/17,2016-10-23,"Punjab Cricket Association Stadium, Mohali",1,27.4,New Zealand,India,TWM Latham,LRPL Taylor,AR Patel,1,0,,,,,,,,,
1030223,2016/17,2016-10-23,"Punjab Cricket Association Stadium, Mohali",1,27.5,New Zealand,India,LRPL Taylor,TWM Latham,AR Patel,0,0,,,,,,,,,
1030223,2016/17,2016-10-23,"Punjab Cricket Association Stadium, Mohali",1,27.6,New Zealand,India,LRPL Taylor,TWM Latham,AR Patel,6,0,,,,,,,,,
1030223,2016/17,2016-10-23,"Punjab Cricket Association Stadium, Mohali",1,28.1,New Zealand,India,TWM Latham,LRPL Taylor,A Mishra,2,0,,,,,,,,,
1030223,2016/17,2016-10-23,"Punjab Cricket Association Stadium, Mohali",1,28.2,New Zealand,India,TWM Latham,LRPL Taylor,A Mishra,1,0,,,,,,,,,
1030223,2016/17,2016-10-23,"Punjab Cricket Association Stadium, Mohali",1,28.3,New Zealand,India,LRPL Taylor,TWM Latham,A Mishra,0,0,,,,,,stumped,LRPL Taylor,,
1030223,2016/17,2016-10-23,"Punjab Cricket Association Stadium, Mohali",1,28.4,New Zealand,India,CJ Anderson,TWM Latham,A Mishra,0,0,,,,,,,,,
1030223,2016/17,2016-10-23,"Punjab Cricket Association Stadium, Mohali",1,28.5,New Zealand,India,CJ Anderson,TWM Latham,A Mishra,1,0,,,,,,,,,
1030223,2016/17,2016-10-23,"Punjab Cricket Association Stadium, Mohali",1,28.6,New Zealand,India,TWM Latham,CJ Anderson,A Mishra,0,0,,,,,,,,,
1030223,2016/17,2016-10-23,"Punjab Cricket Association Stadium, Mohali",1,29.1,New Zealand,India,CJ Anderson,TWM Latham,KM Jadhav,1,0,,,,,,,,,
1030223,2016/17,2016-10-23,"Punjab Cricket Association Stadium, Mohali",1,29.2,New Zealand,India,TWM Latham,CJ Anderson,KM Jadhav,1,0,,,,,,,,,
1030223,2016/17,2016-10-23,"Punjab Cricket Association Stadium, Mohali",1,29.3,New Zealand,India,CJ Anderson,TWM Latham,KM Jadhav,4,0,,,,,,,,,
1030223,2016/17,2016-10-23,"Punjab Cricket Association Stadium, Mohali",1,29.4,New Zealand,India,CJ Anderson,TWM Latham,KM Jadhav,0,0,,,,,,caught,CJ Anderson,,
1030223,2016/17,2016-10-23,"Punjab Cricket Association Stadium, Mohali",1,29.5,New Zealand,India,L Ronchi,TWM Latham,KM Jadhav,0,0,,,,,,,,,
1030223,2016/17,2016-10-23,"Punjab Cricket Association Stadium, Mohali",1,29.6,New Zealand,India,L Ronchi,TWM Latham,KM Jadhav,1,0,,,,,,,,,
1030223,2016/17,2016-10-23,"Punjab Cricket Association Stadium, Mohali",1,30.1,New Zealand,India,L Ronchi,TWM Latham,A Mishra,0,0,,,,,,,,,
1030223,2016/17,2016-10-23,"Punjab Cricket Association Stadium, Mohali",1,30.2,New Zealand,India,L Ronchi,TWM Latham,A Mishra,0,0,,,,,,stumped,L Ronchi,,
1030223,2016/17,2016-10-23,"Punjab Cricket Association Stadium, Mohali",1,30.3,New Zealand,India,JDS Neesham,TWM Latham,A Mishra,1,0,,,,,,,,,
1030223,2016/17,2016-10-23,"Punjab Cricket Association Stadium, Mohali",1,30.4,New Zealand,India,TWM Latham,JDS Neesham,A Mishra,2,0,,,,,,,,,
1030223,2016/17,2016-10-23,"Punjab Cricket Association Stadium, Mohali",1,30.5,New Zealand,India,TWM Latham,JDS Neesham,A Mishra,1,0,,,,,,,,,
1030223,2016/17,2016-10-23,"Punjab Cricket Association Stadium, Mohali",1,30.6,New Zealand,India,JDS Neesham,TWM Latham,A Mishra,1,0,,,,,,,,,
1030223,2016/17,2016-10-23,"Punjab Cricket Association Stadium, Mohali",1,31.1,New Zealand,India,JDS Neesham,TWM Latham,KM Jadhav,0,0,,,,,,,,,
1030223,2016/17,2016-10-23,"Punjab Cricket Association Stadium, Mohali",1,31.2,New Zealand,India,JDS Neesham,TWM Latham,KM Jadhav,0,0,,,,,,,,,
1030223,2016/17,2016-10-23,"Punjab Cricket Association Stadium, Mohali",1,31.3,New Zealand,India,JDS Neesham,TWM Latham,KM Jadhav,1,0,,,,,,,,,
1030223,2016/17,2016-10-23,"Punjab Cricket Association Stadium, Mohali",1,31.4,New Zealand,India,TWM Latham,JDS Neesham,KM Jadhav,2,0,,,,,,,,,
1030223,2016/17,2016-10-23,"Punjab Cricket Association Stadium, Mohali",1,31.5,New Zealand,India,TWM Latham,JDS Neesham,KM Jadhav,0,0,,,,,,caught,TWM Latham,,
1030223,2016/17,2016-10-23,"Punjab Cricket Association Stadium, Mohali",1,31.6,New Zealand,India,MJ Santner,JDS Neesham,KM Jadhav,1,0,,,,,,,,,
1030223,2016/17,2016-10-23,"Punjab Cricket Association Stadium, Mohali",1,32.1,New Zealand,India,MJ Santner,JDS Neesham,JJ Bumrah,0,0,,,,,,,,,
1030223,2016/17,2016-10-23,"Punjab Cricket Association Stadium, Mohali",1,32.2,New Zealand,India,MJ Santner,JDS Neesham,JJ Bumrah,0,0,,,,,,,,,
1030223,2016/17,2016-10-23,"Punjab Cricket Association Stadium, Mohali",1,32.3,New Zealand,India,MJ Santner,JDS Neesham,JJ Bumrah,0,0,,,,,,,,,
1030223,2016/17,2016-10-23,"Punjab Cricket Association Stadium, Mohali",1,32.4,New Zealand,India,MJ Santner,JDS Neesham,JJ Bumrah,1,0,,,,,,,,,
1030223,2016/17,2016-10-23,"Punjab Cricket Association Stadium, Mohali",1,32.5,New Zealand,India,JDS Neesham,MJ Santner,JJ Bumrah,4,0,,,,,,,,,
1030223,2016/17,2016-10-23,"Punjab Cricket Association Stadium, Mohali",1,32.6,New Zealand,India,JDS Neesham,MJ Santner,JJ Bumrah,0,0,,,,,,,,,
1030223,2016/17,2016-10-23,"Punjab Cricket Association Stadium, Mohali",1,33.1,New Zealand,India,MJ Santner,JDS Neesham,KM Jadhav,0,0,,,,,,,,,
1030223,2016/17,2016-10-23,"Punjab Cricket Association Stadium, Mohali",1,33.2,New Zealand,India,MJ Santner,JDS Neesham,KM Jadhav,0,0,,,,,,,,,
1030223,2016/17,2016-10-23,"Punjab Cricket Association Stadium, Mohali",1,33.3,New Zealand,India,MJ Santner,JDS Neesham,KM Jadhav,0,0,,,,,,,,,
1030223,2016/17,2016-10-23,"Punjab Cricket Association Stadium, Mohali",1,33.4,New Zealand,India,MJ Santner,JDS Neesham,KM Jadhav,2,0,,,,,,,,,
1030223,2016/17,2016-10-23,"Punjab Cricket Association Stadium, Mohali",1,33.5,New Zealand,India,MJ Santner,JDS Neesham,KM Jadhav,2,0,,,,,,,,,
1030223,2016/17,2016-10-23,"Punjab Cricket Association Stadium, Mohali",1,33.6,New Zealand,India,MJ Santner,JDS Neesham,KM Jadhav,1,0,,,,,,,,,
1030223,2016/17,2016-10-23,"Punjab Cricket Association Stadium, Mohali",1,34.1,New Zealand,India,MJ Santner,JDS Neesham,JJ Bumrah,0,0,,,,,,,,,
1030223,2016/17,2016-10-23,"Punjab Cricket Association Stadium, Mohali",1,34.2,New Zealand,India,MJ Santner,JDS Neesham,JJ Bumrah,0,0,,,,,,caught,MJ Santner,,
1030223,2016/17,2016-10-23,"Punjab Cricket Association Stadium, Mohali",1,34.3,New Zealand,India,TG Southee,JDS Neesham,JJ Bumrah,2,0,,,,,,,,,
1030223,2016/17,2016-10-23,"Punjab Cricket Association Stadium, Mohali",1,34.4,New Zealand,India,TG Southee,JDS Neesham,JJ Bumrah,4,0,,,,,,,,,
1030223,2016/17,2016-10-23,"Punjab Cricket Association Stadium, Mohali",1,34.5,New Zealand,India,TG Southee,JDS Neesham,JJ Bumrah,4,0,,,,,,,,,
1030223,2016/17,2016-10-23,"Punjab Cricket Association Stadium, Mohali",1,34.6,New Zealand,India,TG Southee,JDS Neesham,JJ Bumrah,0,0,,,,,,,,,
1030223,2016/17,2016-10-23,"Punjab Cricket Association Stadium, Mohali",1,35.1,New Zealand,India,JDS Neesham,TG Southee,A Mishra,0,0,,,,,,,,,
1030223,2016/17,2016-10-23,"Punjab Cricket Association Stadium, Mohali",1,35.2,New Zealand,India,JDS Neesham,TG Southee,A Mishra,1,0,,,,,,,,,
1030223,2016/17,2016-10-23,"Punjab Cricket Association Stadium, Mohali",1,35.3,New Zealand,India,TG Southee,JDS Neesham,A Mishra,1,0,,,,,,,,,
1030223,2016/17,2016-10-23,"Punjab Cricket Association Stadium, Mohali",1,35.4,New Zealand,India,JDS Neesham,TG Southee,A Mishra,0,0,,,,,,,,,
1030223,2016/17,2016-10-23,"Punjab Cricket Association Stadium, Mohali",1,35.5,New Zealand,India,JDS Neesham,TG Southee,A Mishra,0,0,,,,,,,,,
1030223,2016/17,2016-10-23,"Punjab Cricket Association Stadium, Mohali",1,35.6,New Zealand,India,JDS Neesham,TG Southee,A Mishra,0,0,,,,,,,,,
1030223,2016/17,2016-10-23,"Punjab Cricket Association Stadium, Mohali",1,36.1,New Zealand,India,TG Southee,JDS Neesham,JJ Bumrah,1,0,,,,,,,,,
1030223,2016/17,2016-10-23,"Punjab Cricket Association Stadium, Mohali",1,36.2,New Zealand,India,JDS Neesham,TG Southee,JJ Bumrah,1,0,,,,,,,,,
1030223,2016/17,2016-10-23,"Punjab Cricket Association Stadium, Mohali",1,36.3,New Zealand,India,TG Southee,JDS Neesham,JJ Bumrah,1,0,,,,,,,,,
1030223,2016/17,2016-10-23,"Punjab Cricket Association Stadium, Mohali",1,36.4,New Zealand,India,JDS Neesham,TG Southee,JJ Bumrah,1,0,,,,,,,,,
1030223,2016/17,2016-10-23,"Punjab Cricket Association Stadium, Mohali",1,36.5,New Zealand,India,TG Southee,JDS Neesham,JJ Bumrah,0,0,,,,,,,,,
1030223,2016/17,2016-10-23,"Punjab Cricket Association Stadium, Mohali",1,36.6,New Zealand,India,TG Southee,JDS Neesham,JJ Bumrah,0,0,,,,,,,,,
1030223,2016/17,2016-10-23,"Punjab Cricket Association Stadium, Mohali",1,37.1,New Zealand,India,JDS Neesham,TG Southee,UT Yadav,2,0,,,,,,,,,
1030223,2016/17,2016-10-23,"Punjab Cricket Association Stadium, Mohali",1,37.2,New Zealand,India,JDS Neesham,TG Southee,UT Yadav,1,0,,,,,,,,,
1030223,2016/17,2016-10-23,"Punjab Cricket Association Stadium, Mohali",1,37.3,New Zealand,India,TG Southee,JDS Neesham,UT Yadav,0,0,,,,,,,,,
1030223,2016/17,2016-10-23,"Punjab Cricket Association Stadium, Mohali",1,37.4,New Zealand,India,TG Southee,JDS Neesham,UT Yadav,0,0,,,,,,,,,
1030223,2016/17,2016-10-23,"Punjab Cricket Association Stadium, Mohali",1,37.5,New Zealand,India,TG Southee,JDS Neesham,UT Yadav,0,0,,,,,,bowled,TG Southee,,
1030223,2016/17,2016-10-23,"Punjab Cricket Association Stadium, Mohali",1,37.6,New Zealand,India,MJ Henry,JDS Neesham,UT Yadav,0,0,,,,,,,,,
1030223,2016/17,2016-10-23,"Punjab Cricket Association Stadium, Mohali",1,38.1,New Zealand,India,JDS Neesham,MJ Henry,JJ Bumrah,4,0,,,,,,,,,
1030223,2016/17,2016-10-23,"Punjab Cricket Association Stadium, Mohali",1,38.2,New Zealand,India,JDS Neesham,MJ Henry,JJ Bumrah,0,0,,,,,,,,,
1030223,2016/17,2016-10-23,"Punjab Cricket Association Stadium, Mohali",1,38.3,New Zealand,India,JDS Neesham,MJ Henry,JJ Bumrah,1,0,,,,,,,,,
1030223,2016/17,2016-10-23,"Punjab Cricket Association Stadium, Mohali",1,38.4,New Zealand,India,MJ Henry,JDS Neesham,JJ Bumrah,0,0,,,,,,,,,
1030223,2016/17,2016-10-23,"Punjab Cricket Association Stadium, Mohali",1,38.5,New Zealand,India,MJ Henry,JDS Neesham,JJ Bumrah,0,0,,,,,,,,,
1030223,2016/17,2016-10-23,"Punjab Cricket Association Stadium, Mohali",1,38.6,New Zealand,India,MJ Henry,JDS Neesham,JJ Bumrah,1,0,,,,,,,,,
1030223,2016/17,2016-10-23,"Punjab Cricket Association Stadium, Mohali",1,39.1,New Zealand,India,MJ Henry,JDS Neesham,UT Yadav,0,0,,,,,,,,,
1030223,2016/17,2016-10-23,"Punjab Cricket Association Stadium, Mohali",1,39.2,New Zealand,India,MJ Henry,JDS Neesham,UT Yadav,1,0,,,,,,,,,
1030223,2016/17,2016-10-23,"Punjab Cricket Association Stadium, Mohali",1,39.3,New Zealand,India,JDS Neesham,MJ Henry,UT Yadav,1,0,,,,,,,,,
1030223,2016/17,2016-10-23,"Punjab Cricket Association Stadium, Mohali",1,39.4,New Zealand,India,MJ Henry,JDS Neesham,UT Yadav,0,0,,,,,,,,,
1030223,2016/17,2016-10-23,"Punjab Cricket Association Stadium, Mohali",1,39.5,New Zealand,India,MJ Henry,JDS Neesham,UT Yadav,4,0,,,,,,,,,
1030223,2016/17,2016-10-23,"Punjab Cricket Association Stadium, Mohali",1,39.6,New Zealand,India,MJ Henry,JDS Neesham,UT Yadav,0,0,,,,,,,,,
1030223,2016/17,2016-10-23,"Punjab Cricket Association Stadium, Mohali",1,40.1,New Zealand,India,JDS Neesham,MJ Henry,A Mishra,0,0,,,,,,,,,
1030223,2016/17,2016-10-23,"Punjab Cricket Association Stadium, Mohali",1,40.2,New Zealand,India,JDS Neesham,MJ Henry,A Mishra,1,0,,,,,,,,,
1030223,2016/17,2016-10-23,"Punjab Cricket Association Stadium, Mohali",1,40.3,New Zealand,India,MJ Henry,JDS Neesham,A Mishra,1,0,,,,,,,,,
1030223,2016/17,2016-10-23,"Punjab Cricket Association Stadium, Mohali",1,40.4,New Zealand,India,JDS Neesham,MJ Henry,A Mishra,0,0,,,,,,,,,
1030223,2016/17,2016-10-23,"Punjab Cricket Association Stadium, Mohali",1,40.5,New Zealand,India,JDS Neesham,MJ Henry,A Mishra,0,0,,,,,,,,,
1030223,2016/17,2016-10-23,"Punjab Cricket Association Stadium, Mohali",1,40.6,New Zealand,India,JDS Neesham,MJ Henry,A Mishra,0,0,,,,,,,,,
1030223,2016/17,2016-10-23,"Punjab Cricket Association Stadium, Mohali",1,41.1,New Zealand,India,MJ Henry,JDS Neesham,UT Yadav,0,0,,,,,,,,,
1030223,2016/17,2016-10-23,"Punjab Cricket Association Stadium, Mohali",1,41.2,New Zealand,India,MJ Henry,JDS Neesham,UT Yadav,0,1,1,,,,,,,,
1030223,2016/17,2016-10-23,"Punjab Cricket Association Stadium, Mohali",1,41.3,New Zealand,India,MJ Henry,JDS Neesham,UT Yadav,4,0,,,,,,,,,
1030223,2016/17,2016-10-23,"Punjab Cricket Association Stadium, Mohali",1,41.4,New Zealand,India,MJ Henry,JDS Neesham,UT Yadav,0,0,,,,,,,,,
1030223,2016/17,2016-10-23,"Punjab Cricket Association Stadium, Mohali",1,41.5,New Zealand,India,MJ Henry,JDS Neesham,UT Yadav,0,0,,,,,,,,,
1030223,2016/17,2016-10-23,"Punjab Cricket Association Stadium, Mohali",1,41.6,New Zealand,India,MJ Henry,JDS Neesham,UT Yadav,0,0,,,,,,,,,
1030223,2016/17,2016-10-23,"Punjab Cricket Association Stadium, Mohali",1,41.7,New Zealand,India,MJ Henry,JDS Neesham,UT Yadav,0,1,1,,,,,,,,
1030223,2016/17,2016-10-23,"Punjab Cricket Association Stadium, Mohali",1,41.8,New Zealand,India,MJ Henry,JDS Neesham,UT Yadav,1,0,,,,,,,,,
1030223,2016/17,2016-10-23,"Punjab Cricket Association Stadium, Mohali",1,42.1,New Zealand,India,MJ Henry,JDS Neesham,AR Patel,0,0,,,,,,,,,
1030223,2016/17,2016-10-23,"Punjab Cricket Association Stadium, Mohali",1,42.2,New Zealand,India,MJ Henry,JDS Neesham,AR Patel,0,0,,,,,,,,,
1030223,2016/17,2016-10-23,"Punjab Cricket Association Stadium, Mohali",1,42.3,New Zealand,India,MJ Henry,JDS Neesham,AR Patel,2,0,,,,,,,,,
1030223,2016/17,2016-10-23,"Punjab Cricket Association Stadium, Mohali",1,42.4,New Zealand,India,MJ Henry,JDS Neesham,AR Patel,1,0,,,,,,,,,
1030223,2016/17,2016-10-23,"Punjab Cricket Association Stadium, Mohali",1,42.5,New Zealand,India,JDS Neesham,MJ Henry,AR Patel,1,0,,,,,,,,,
1030223,2016/17,2016-10-23,"Punjab Cricket Association Stadium, Mohali",1,42.6,New Zealand,India,MJ Henry,JDS Neesham,AR Patel,0,0,,,,,,,,,
1030223,2016/17,2016-10-23,"Punjab Cricket Association Stadium, Mohali",1,43.1,New Zealand,India,JDS Neesham,MJ Henry,A Mishra,0,0,,,,,,,,,
1030223,2016/17,2016-10-23,"Punjab Cricket Association Stadium, Mohali",1,43.2,New Zealand,India,JDS Neesham,MJ Henry,A Mishra,2,0,,,,,,,,,
1030223,2016/17,2016-10-23,"Punjab Cricket Association Stadium, Mohali",1,43.3,New Zealand,India,JDS Neesham,MJ Henry,A Mishra,1,0,,,,,,,,,
1030223,2016/17,2016-10-23,"Punjab Cricket Association Stadium, Mohali",1,43.4,New Zealand,India,MJ Henry,JDS Neesham,A Mishra,1,0,,,,,,,,,
1030223,2016/17,2016-10-23,"Punjab Cricket Association Stadium, Mohali",1,43.5,New Zealand,India,JDS Neesham,MJ Henry,A Mishra,4,0,,,,,,,,,
1030223,2016/17,2016-10-23,"Punjab Cricket Association Stadium, Mohali",1,43.6,New Zealand,India,JDS Neesham,MJ Henry,A Mishra,1,0,,,,,,,,,
1030223,2016/17,2016-10-23,"Punjab Cricket Association Stadium, Mohali",1,44.1,New Zealand,India,JDS Neesham,MJ Henry,AR Patel,0,0,,,,,,,,,
1030223,2016/17,2016-10-23,"Punjab Cricket Association Stadium, Mohali",1,44.2,New Zealand,India,JDS Neesham,MJ Henry,AR Patel,2,0,,,,,,,,,
1030223,2016/17,2016-10-23,"Punjab Cricket Association Stadium, Mohali",1,44.3,New Zealand,India,JDS Neesham,MJ Henry,AR Patel,4,0,,,,,,,,,
1030223,2016/17,2016-10-23,"Punjab Cricket Association Stadium, Mohali",1,44.4,New Zealand,India,JDS Neesham,MJ Henry,AR Patel,2,0,,,,,,,,,
1030223,2016/17,2016-10-23,"Punjab Cricket Association Stadium, Mohali",1,44.5,New Zealand,India,JDS Neesham,MJ Henry,AR Patel,2,0,,,,,,,,,
1030223,2016/17,2016-10-23,"Punjab Cricket Association Stadium, Mohali",1,44.6,New Zealand,India,JDS Neesham,MJ Henry,AR Patel,0,0,,,,,,,,,
1030223,2016/17,2016-10-23,"Punjab Cricket Association Stadium, Mohali",1,45.1,New Zealand,India,MJ Henry,JDS Neesham,JJ Bumrah,0,0,,,,,,,,,
1030223,2016/17,2016-10-23,"Punjab Cricket Association Stadium, Mohali",1,45.2,New Zealand,India,MJ Henry,JDS Neesham,JJ Bumrah,1,0,,,,,,,,,
1030223,2016/17,2016-10-23,"Punjab Cricket Association Stadium, Mohali",1,45.3,New Zealand,India,JDS Neesham,MJ Henry,JJ Bumrah,1,0,,,,,,,,,
1030223,2016/17,2016-10-23,"Punjab Cricket Association Stadium, Mohali",1,45.4,New Zealand,India,MJ Henry,JDS Neesham,JJ Bumrah,0,0,,,,,,,,,
1030223,2016/17,2016-10-23,"Punjab Cricket Association Stadium, Mohali",1,45.5,New Zealand,India,MJ Henry,JDS Neesham,JJ Bumrah,1,0,,,,,,,,,
1030223,2016/17,2016-10-23,"Punjab Cricket Association Stadium, Mohali",1,45.6,New Zealand,India,JDS Neesham,MJ Henry,JJ Bumrah,1,0,,,,,,,,,
1030223,2016/17,2016-10-23,"Punjab Cricket Association Stadium, Mohali",1,46.1,New Zealand,India,JDS Neesham,MJ Henry,UT Yadav,1,0,,,,,,,,,
1030223,2016/17,2016-10-23,"Punjab Cricket Association Stadium, Mohali",1,46.2,New Zealand,India,MJ Henry,JDS Neesham,UT Yadav,1,0,,,,,,,,,
1030223,2016/17,2016-10-23,"Punjab Cricket Association Stadium, Mohali",1,46.3,New Zealand,India,JDS Neesham,MJ Henry,UT Yadav,4,0,,,,,,,,,
1030223,2016/17,2016-10-23,"Punjab Cricket Association Stadium, Mohali",1,46.4,New Zealand,India,JDS Neesham,MJ Henry,UT Yadav,2,0,,,,,,,,,
1030223,2016/17,2016-10-23,"Punjab Cricket Association Stadium, Mohali",1,46.5,New Zealand,India,JDS Neesham,MJ Henry,UT Yadav,0,0,,,,,,,,,
1030223,2016/17,2016-10-23,"Punjab Cricket Association Stadium, Mohali",1,46.6,New Zealand,India,JDS Neesham,MJ Henry,UT Yadav,4,0,,,,,,,,,
1030223,2016/17,2016-10-23,"Punjab Cricket Association Stadium, Mohali",1,47.1,New Zealand,India,MJ Henry,JDS Neesham,JJ Bumrah,1,0,,,,,,,,,
1030223,2016/17,2016-10-23,"Punjab Cricket Association Stadium, Mohali",1,47.2,New Zealand,India,JDS Neesham,MJ Henry,JJ Bumrah,4,0,,,,,,,,,
1030223,2016/17,2016-10-23,"Punjab Cricket Association Stadium, Mohali",1,47.3,New Zealand,India,JDS Neesham,MJ Henry,JJ Bumrah,1,0,,,,,,,,,
1030223,2016/17,2016-10-23,"Punjab Cricket Association Stadium, Mohali",1,47.4,New Zealand,India,MJ Henry,JDS Neesham,JJ Bumrah,2,0,,,,,,,,,
1030223,2016/17,2016-10-23,"Punjab Cricket Association Stadium, Mohali",1,47.5,New Zealand,India,MJ Henry,JDS Neesham,JJ Bumrah,0,0,,,,,,,,,
1030223,2016/17,2016-10-23,"Punjab Cricket Association Stadium, Mohali",1,47.6,New Zealand,India,MJ Henry,JDS Neesham,JJ Bumrah,1,0,,,,,,,,,
1030223,2016/17,2016-10-23,"Punjab Cricket Association Stadium, Mohali",1,48.1,New Zealand,India,MJ Henry,JDS Neesham,UT Yadav,0,0,,,,,,,,,
1030223,2016/17,2016-10-23,"Punjab Cricket Association Stadium, Mohali",1,48.2,New Zealand,India,MJ Henry,JDS Neesham,UT Yadav,6,0,,,,,,,,,
1030223,2016/17,2016-10-23,"Punjab Cricket Association Stadium, Mohali",1,48.3,New Zealand,India,MJ Henry,JDS Neesham,UT Yadav,4,0,,,,,,,,,
1030223,2016/17,2016-10-23,"Punjab Cricket Association Stadium, Mohali",1,48.4,New Zealand,India,MJ Henry,JDS Neesham,UT Yadav,4,0,,,,,,,,,
1030223,2016/17,2016-10-23,"Punjab Cricket Association Stadium, Mohali",1,48.5,New Zealand,India,MJ Henry,JDS Neesham,UT Yadav,1,0,,,,,,,,,
1030223,2016/17,2016-10-23,"Punjab Cricket Association Stadium, Mohali",1,48.6,New Zealand,India,JDS Neesham,MJ Henry,UT Yadav,0,0,,,,,,caught,JDS Neesham,,
1030223,2016/17,2016-10-23,"Punjab Cricket Association Stadium, Mohali",1,49.1,New Zealand,India,TA Boult,MJ Henry,JJ Bumrah,0,0,,,,,,,,,
1030223,2016/17,2016-10-23,"Punjab Cricket Association Stadium, Mohali",1,49.2,New Zealand,India,TA Boult,MJ Henry,JJ Bumrah,1,0,,,,,,,,,
1030223,2016/17,2016-10-23,"Punjab Cricket Association Stadium, Mohali",1,49.3,New Zealand,India,MJ Henry,TA Boult,JJ Bumrah,1,0,,,,,,,,,
1030223,2016/17,2016-10-23,"Punjab Cricket Association Stadium, Mohali",1,49.4,New Zealand,India,TA Boult,MJ Henry,JJ Bumrah,0,0,,,,,,bowled,TA Boult,,
1030223,2016/17,2016-10-23,"Punjab Cricket Association Stadium, Mohali",2,0.1,India,New Zealand,RG Sharma,AM Rahane,MJ Henry,0,0,,,,,,,,,
1030223,2016/17,2016-10-23,"Punjab Cricket Association Stadium, Mohali",2,0.2,India,New Zealand,RG Sharma,AM Rahane,MJ Henry,0,0,,,,,,,,,
1030223,2016/17,2016-10-23,"Punjab Cricket Association Stadium, Mohali",2,0.3,India,New Zealand,RG Sharma,AM Rahane,MJ Henry,0,0,,,,,,,,,
1030223,2016/17,2016-10-23,"Punjab Cricket Association Stadium, Mohali",2,0.4,India,New Zealand,RG Sharma,AM Rahane,MJ Henry,4,0,,,,,,,,,
1030223,2016/17,2016-10-23,"Punjab Cricket Association Stadium, Mohali",2,0.5,India,New Zealand,RG Sharma,AM Rahane,MJ Henry,0,0,,,,,,,,,
1030223,2016/17,2016-10-23,"Punjab Cricket Association Stadium, Mohali",2,0.6,India,New Zealand,RG Sharma,AM Rahane,MJ Henry,4,0,,,,,,,,,
1030223,2016/17,2016-10-23,"Punjab Cricket Association Stadium, Mohali",2,1.1,India,New Zealand,AM Rahane,RG Sharma,TA Boult,0,0,,,,,,,,,
1030223,2016/17,2016-10-23,"Punjab Cricket Association Stadium, Mohali",2,1.2,India,New Zealand,AM Rahane,RG Sharma,TA Boult,0,0,,,,,,,,,
1030223,2016/17,2016-10-23,"Punjab Cricket Association Stadium, Mohali",2,1.3,India,New Zealand,AM Rahane,RG Sharma,TA Boult,0,0,,,,,,,,,
1030223,2016/17,2016-10-23,"Punjab Cricket Association Stadium, Mohali",2,1.4,India,New Zealand,AM Rahane,RG Sharma,TA Boult,0,0,,,,,,,,,
1030223,2016/17,2016-10-23,"Punjab Cricket Association Stadium, Mohali",2,1.5,India,New Zealand,AM Rahane,RG Sharma,TA Boult,1,0,,,,,,,,,
1030223,2016/17,2016-10-23,"Punjab Cricket Association Stadium, Mohali",2,1.6,India,New Zealand,RG Sharma,AM Rahane,TA Boult,0,0,,,,,,,,,
1030223,2016/17,2016-10-23,"Punjab Cricket Association Stadium, Mohali",2,2.1,India,New Zealand,AM Rahane,RG Sharma,MJ Henry,0,0,,,,,,,,,
1030223,2016/17,2016-10-23,"Punjab Cricket Association Stadium, Mohali",2,2.2,India,New Zealand,AM Rahane,RG Sharma,MJ Henry,0,0,,,,,,,,,
1030223,2016/17,2016-10-23,"Punjab Cricket Association Stadium, Mohali",2,2.3,India,New Zealand,AM Rahane,RG Sharma,MJ Henry,0,0,,,,,,,,,
1030223,2016/17,2016-10-23,"Punjab Cricket Association Stadium, Mohali",2,2.4,India,New Zealand,AM Rahane,RG Sharma,MJ Henry,4,0,,,,,,,,,
1030223,2016/17,2016-10-23,"Punjab Cricket Association Stadium, Mohali",2,2.5,India,New Zealand,AM Rahane,RG Sharma,MJ Henry,0,0,,,,,,caught,AM Rahane,,
1030223,2016/17,2016-10-23,"Punjab Cricket Association Stadium, Mohali",2,2.6,India,New Zealand,V Kohli,RG Sharma,MJ Henry,0,0,,,,,,,,,
1030223,2016/17,2016-10-23,"Punjab Cricket Association Stadium, Mohali",2,3.1,India,New Zealand,RG Sharma,V Kohli,TA Boult,1,0,,,,,,,,,
1030223,2016/17,2016-10-23,"Punjab Cricket Association Stadium, Mohali",2,3.2,India,New Zealand,V Kohli,RG Sharma,TA Boult,1,0,,,,,,,,,
1030223,2016/17,2016-10-23,"Punjab Cricket Association Stadium, Mohali",2,3.3,India,New Zealand,RG Sharma,V Kohli,TA Boult,1,0,,,,,,,,,
1030223,2016/17,2016-10-23,"Punjab Cricket Association Stadium, Mohali",2,3.4,India,New Zealand,V Kohli,RG Sharma,TA Boult,0,0,,,,,,,,,
1030223,2016/17,2016-10-23,"Punjab Cricket Association Stadium, Mohali",2,3.5,India,New Zealand,V Kohli,RG Sharma,TA Boult,1,0,,,,,,,,,
1030223,2016/17,2016-10-23,"Punjab Cricket Association Stadium, Mohali",2,3.6,India,New Zealand,RG Sharma,V Kohli,TA Boult,1,0,,,,,,,,,
1030223,2016/17,2016-10-23,"Punjab Cricket Association Stadium, Mohali",2,4.1,India,New Zealand,RG Sharma,V Kohli,MJ Henry,1,0,,,,,,,,,
1030223,2016/17,2016-10-23,"Punjab Cricket Association Stadium, Mohali",2,4.2,India,New Zealand,V Kohli,RG Sharma,MJ Henry,0,0,,,,,,,,,
1030223,2016/17,2016-10-23,"Punjab Cricket Association Stadium, Mohali",2,4.3,India,New Zealand,V Kohli,RG Sharma,MJ Henry,4,0,,,,,,,,,
1030223,2016/17,2016-10-23,"Punjab Cricket Association Stadium, Mohali",2,4.4,India,New Zealand,V Kohli,RG Sharma,MJ Henry,0,0,,,,,,,,,
1030223,2016/17,2016-10-23,"Punjab Cricket Association Stadium, Mohali",2,4.5,India,New Zealand,V Kohli,RG Sharma,MJ Henry,0,0,,,,,,,,,
1030223,2016/17,2016-10-23,"Punjab Cricket Association Stadium, Mohali",2,4.6,India,New Zealand,V Kohli,RG Sharma,MJ Henry,2,0,,,,,,,,,
1030223,2016/17,2016-10-23,"Punjab Cricket Association Stadium, Mohali",2,5.1,India,New Zealand,RG Sharma,V Kohli,TA Boult,0,0,,,,,,,,,
1030223,2016/17,2016-10-23,"Punjab Cricket Association Stadium, Mohali",2,5.2,India,New Zealand,RG Sharma,V Kohli,TA Boult,0,0,,,,,,,,,
1030223,2016/17,2016-10-23,"Punjab Cricket Association Stadium, Mohali",2,5.3,India,New Zealand,RG Sharma,V Kohli,TA Boult,1,0,,,,,,,,,
1030223,2016/17,2016-10-23,"Punjab Cricket Association Stadium, Mohali",2,5.4,India,New Zealand,V Kohli,RG Sharma,TA Boult,0,0,,,,,,,,,
1030223,2016/17,2016-10-23,"Punjab Cricket Association Stadium, Mohali",2,5.5,India,New Zealand,V Kohli,RG Sharma,TA Boult,0,1,1,,,,,,,,
1030223,2016/17,2016-10-23,"Punjab Cricket Association Stadium, Mohali",2,5.6,India,New Zealand,V Kohli,RG Sharma,TA Boult,0,0,,,,,,,,,
1030223,2016/17,2016-10-23,"Punjab Cricket Association Stadium, Mohali",2,5.7,India,New Zealand,V Kohli,RG Sharma,TA Boult,0,0,,,,,,,,,
1030223,2016/17,2016-10-23,"Punjab Cricket Association Stadium, Mohali",2,6.1,India,New Zealand,RG Sharma,V Kohli,TG Southee,0,1,,,,1,,,,,
1030223,2016/17,2016-10-23,"Punjab Cricket Association Stadium, Mohali",2,6.2,India,New Zealand,V Kohli,RG Sharma,TG Southee,2,0,,,,,,,,,
1030223,2016/17,2016-10-23,"Punjab Cricket Association Stadium, Mohali",2,6.3,India,New Zealand,V Kohli,RG Sharma,TG Southee,1,0,,,,,,,,,
1030223,2016/17,2016-10-23,"Punjab Cricket Association Stadium, Mohali",2,6.4,India,New Zealand,RG Sharma,V Kohli,TG Southee,0,0,,,,,,,,,
1030223,2016/17,2016-10-23,"Punjab Cricket Association Stadium, Mohali",2,6.5,India,New Zealand,RG Sharma,V Kohli,TG Southee,0,0,,,,,,,,,
1030223,2016/17,2016-10-23,"Punjab Cricket Association Stadium, Mohali",2,6.6,India,New Zealand,RG Sharma,V Kohli,TG Southee,0,0,,,,,,,,,
1030223,2016/17,2016-10-23,"Punjab Cricket Association Stadium, Mohali",2,7.1,India,New Zealand,V Kohli,RG Sharma,TA Boult,0,0,,,,,,,,,
1030223,2016/17,2016-10-23,"Punjab Cricket Association Stadium, Mohali",2,7.2,India,New Zealand,V Kohli,RG Sharma,TA Boult,4,0,,,,,,,,,
1030223,2016/17,2016-10-23,"Punjab Cricket Association Stadium, Mohali",2,7.3,India,New Zealand,V Kohli,RG Sharma,TA Boult,0,0,,,,,,,,,
1030223,2016/17,2016-10-23,"Punjab Cricket Association Stadium, Mohali",2,7.4,India,New Zealand,V Kohli,RG Sharma,TA Boult,4,0,,,,,,,,,
1030223,2016/17,2016-10-23,"Punjab Cricket Association Stadium, Mohali",2,7.5,India,New Zealand,V Kohli,RG Sharma,TA Boult,1,0,,,,,,,,,
1030223,2016/17,2016-10-23,"Punjab Cricket Association Stadium, Mohali",2,7.6,India,New Zealand,RG Sharma,V Kohli,TA Boult,0,0,,,,,,,,,
1030223,2016/17,2016-10-23,"Punjab Cricket Association Stadium, Mohali",2,8.1,India,New Zealand,V Kohli,RG Sharma,TG Southee,0,0,,,,,,,,,
1030223,2016/17,2016-10-23,"Punjab Cricket Association Stadium, Mohali",2,8.2,India,New Zealand,V Kohli,RG Sharma,TG Southee,1,0,,,,,,,,,
1030223,2016/17,2016-10-23,"Punjab Cricket Association Stadium, Mohali",2,8.3,India,New Zealand,RG Sharma,V Kohli,TG Southee,0,0,,,,,,,,,
1030223,2016/17,2016-10-23,"Punjab Cricket Association Stadium, Mohali",2,8.4,India,New Zealand,RG Sharma,V Kohli,TG Southee,0,0,,,,,,lbw,RG Sharma,,
1030223,2016/17,2016-10-23,"Punjab Cricket Association Stadium, Mohali",2,8.5,India,New Zealand,MS Dhoni,V Kohli,TG Southee,1,0,,,,,,,,,
1030223,2016/17,2016-10-23,"Punjab Cricket Association Stadium, Mohali",2,8.6,India,New Zealand,V Kohli,MS Dhoni,TG Southee,0,0,,,,,,,,,
1030223,2016/17,2016-10-23,"Punjab Cricket Association Stadium, Mohali",2,9.1,India,New Zealand,MS Dhoni,V Kohli,TA Boult,0,0,,,,,,,,,
1030223,2016/17,2016-10-23,"Punjab Cricket Association Stadium, Mohali",2,9.2,India,New Zealand,MS Dhoni,V Kohli,TA Boult,0,1,,,,1,,,,,
1030223,2016/17,2016-10-23,"Punjab Cricket Association Stadium, Mohali",2,9.3,India,New Zealand,V Kohli,MS Dhoni,TA Boult,0,0,,,,,,,,,
1030223,2016/17,2016-10-23,"Punjab Cricket Association Stadium, Mohali",2,9.4,India,New Zealand,V Kohli,MS Dhoni,TA Boult,0,0,,,,,,,,,
1030223,2016/17,2016-10-23,"Punjab Cricket Association Stadium, Mohali",2,9.5,India,New Zealand,V Kohli,MS Dhoni,TA Boult,1,0,,,,,,,,,
1030223,2016/17,2016-10-23,"Punjab Cricket Association Stadium, Mohali",2,9.6,India,New Zealand,MS Dhoni,V Kohli,TA Boult,1,0,,,,,,,,,
1030223,2016/17,2016-10-23,"Punjab Cricket Association Stadium, Mohali",2,10.1,India,New Zealand,MS Dhoni,V Kohli,TG Southee,0,0,,,,,,,,,
1030223,2016/17,2016-10-23,"Punjab Cricket Association Stadium, Mohali",2,10.2,India,New Zealand,MS Dhoni,V Kohli,TG Southee,4,0,,,,,,,,,
1030223,2016/17,2016-10-23,"Punjab Cricket Association Stadium, Mohali",2,10.3,India,New Zealand,MS Dhoni,V Kohli,TG Southee,1,0,,,,,,,,,
1030223,2016/17,2016-10-23,"Punjab Cricket Association Stadium, Mohali",2,10.4,India,New Zealand,V Kohli,MS Dhoni,TG Southee,0,0,,,,,,,,,
1030223,2016/17,2016-10-23,"Punjab Cricket Association Stadium, Mohali",2,10.5,India,New Zealand,V Kohli,MS Dhoni,TG Southee,0,0,,,,,,,,,
1030223,2016/17,2016-10-23,"Punjab Cricket Association Stadium, Mohali",2,10.6,India,New Zealand,V Kohli,MS Dhoni,TG Southee,2,0,,,,,,,,,
1030223,2016/17,2016-10-23,"Punjab Cricket Association Stadium, Mohali",2,11.1,India,New Zealand,MS Dhoni,V Kohli,MJ Henry,0,0,,,,,,,,,
1030223,2016/17,2016-10-23,"Punjab Cricket Association Stadium, Mohali",2,11.2,India,New Zealand,MS Dhoni,V Kohli,MJ Henry,0,0,,,,,,,,,
1030223,2016/17,2016-10-23,"Punjab Cricket Association Stadium, Mohali",2,11.3,India,New Zealand,MS Dhoni,V Kohli,MJ Henry,2,0,,,,,,,,,
1030223,2016/17,2016-10-23,"Punjab Cricket Association Stadium, Mohali",2,11.4,India,New Zealand,MS Dhoni,V Kohli,MJ Henry,1,0,,,,,,,,,
1030223,2016/17,2016-10-23,"Punjab Cricket Association Stadium, Mohali",2,11.5,India,New Zealand,V Kohli,MS Dhoni,MJ Henry,1,0,,,,,,,,,
1030223,2016/17,2016-10-23,"Punjab Cricket Association Stadium, Mohali",2,11.6,India,New Zealand,MS Dhoni,V Kohli,MJ Henry,0,0,,,,,,,,,
1030223,2016/17,2016-10-23,"Punjab Cricket Association Stadium, Mohali",2,12.1,India,New Zealand,V Kohli,MS Dhoni,MJ Santner,0,0,,,,,,,,,
1030223,2016/17,2016-10-23,"Punjab Cricket Association Stadium, Mohali",2,12.2,India,New Zealand,V Kohli,MS Dhoni,MJ Santner,1,0,,,,,,,,,
1030223,2016/17,2016-10-23,"Punjab Cricket Association Stadium, Mohali",2,12.3,India,New Zealand,MS Dhoni,V Kohli,MJ Santner,0,0,,,,,,,,,
1030223,2016/17,2016-10-23,"Punjab Cricket Association Stadium, Mohali",2,12.4,India,New Zealand,MS Dhoni,V Kohli,MJ Santner,1,0,,,,,,,,,
1030223,2016/17,2016-10-23,"Punjab Cricket Association Stadium, Mohali",2,12.5,India,New Zealand,V Kohli,MS Dhoni,MJ Santner,1,0,,,,,,,,,
1030223,2016/17,2016-10-23,"Punjab Cricket Association Stadium, Mohali",2,12.6,India,New Zealand,MS Dhoni,V Kohli,MJ Santner,1,0,,,,,,,,,
1030223,2016/17,2016-10-23,"Punjab Cricket Association Stadium, Mohali",2,13.1,India,New Zealand,MS Dhoni,V Kohli,JDS Neesham,0,0,,,,,,,,,
1030223,2016/17,2016-10-23,"Punjab Cricket Association Stadium, Mohali",2,13.2,India,New Zealand,MS Dhoni,V Kohli,JDS Neesham,0,0,,,,,,,,,
1030223,2016/17,2016-10-23,"Punjab Cricket Association Stadium, Mohali",2,13.3,India,New Zealand,MS Dhoni,V Kohli,JDS Neesham,0,0,,,,,,,,,
1030223,2016/17,2016-10-23,"Punjab Cricket Association Stadium, Mohali",2,13.4,India,New Zealand,MS Dhoni,V Kohli,JDS Neesham,1,0,,,,,,,,,
1030223,2016/17,2016-10-23,"Punjab Cricket Association Stadium, Mohali",2,13.5,India,New Zealand,V Kohli,MS Dhoni,JDS Neesham,1,0,,,,,,,,,
1030223,2016/17,2016-10-23,"Punjab Cricket Association Stadium, Mohali",2,13.6,India,New Zealand,MS Dhoni,V Kohli,JDS Neesham,0,0,,,,,,,,,
1030223,2016/17,2016-10-23,"Punjab Cricket Association Stadium, Mohali",2,14.1,India,New Zealand,V Kohli,MS Dhoni,MJ Santner,4,0,,,,,,,,,
1030223,2016/17,2016-10-23,"Punjab Cricket Association Stadium, Mohali",2,14.2,India,New Zealand,V Kohli,MS Dhoni,MJ Santner,1,0,,,,,,,,,
1030223,2016/17,2016-10-23,"Punjab Cricket Association Stadium, Mohali",2,14.3,India,New Zealand,MS Dhoni,V Kohli,MJ Santner,0,0,,,,,,,,,
1030223,2016/17,2016-10-23,"Punjab Cricket Association Stadium, Mohali",2,14.4,India,New Zealand,MS Dhoni,V Kohli,MJ Santner,0,0,,,,,,,,,
1030223,2016/17,2016-10-23,"Punjab Cricket Association Stadium, Mohali",2,14.5,India,New Zealand,MS Dhoni,V Kohli,MJ Santner,0,0,,,,,,,,,
1030223,2016/17,2016-10-23,"Punjab Cricket Association Stadium, Mohali",2,14.6,India,New Zealand,MS Dhoni,V Kohli,MJ Santner,0,0,,,,,,,,,
1030223,2016/17,2016-10-23,"Punjab Cricket Association Stadium, Mohali",2,15.1,India,New Zealand,V Kohli,MS Dhoni,JDS Neesham,1,0,,,,,,,,,
1030223,2016/17,2016-10-23,"Punjab Cricket Association Stadium, Mohali",2,15.2,India,New Zealand,MS Dhoni,V Kohli,JDS Neesham,4,0,,,,,,,,,
1030223,2016/17,2016-10-23,"Punjab Cricket Association Stadium, Mohali",2,15.3,India,New Zealand,MS Dhoni,V Kohli,JDS Neesham,1,0,,,,,,,,,
1030223,2016/17,2016-10-23,"Punjab Cricket Association Stadium, Mohali",2,15.4,India,New Zealand,V Kohli,MS Dhoni,JDS Neesham,1,0,,,,,,,,,
1030223,2016/17,2016-10-23,"Punjab Cricket Association Stadium, Mohali",2,15.5,India,New Zealand,MS Dhoni,V Kohli,JDS Neesham,0,0,,,,,,,,,
1030223,2016/17,2016-10-23,"Punjab Cricket Association Stadium, Mohali",2,15.6,India,New Zealand,MS Dhoni,V Kohli,JDS Neesham,2,0,,,,,,,,,
1030223,2016/17,2016-10-23,"Punjab Cricket Association Stadium, Mohali",2,16.1,India,New Zealand,V Kohli,MS Dhoni,MJ Santner,2,0,,,,,,,,,
1030223,2016/17,2016-10-23,"Punjab Cricket Association Stadium, Mohali",2,16.2,India,New Zealand,V Kohli,MS Dhoni,MJ Santner,1,0,,,,,,,,,
1030223,2016/17,2016-10-23,"Punjab Cricket Association Stadium, Mohali",2,16.3,India,New Zealand,MS Dhoni,V Kohli,MJ Santner,0,0,,,,,,,,,
1030223,2016/17,2016-10-23,"Punjab Cricket Association Stadium, Mohali",2,16.4,India,New Zealand,MS Dhoni,V Kohli,MJ Santner,0,0,,,,,,,,,
1030223,2016/17,2016-10-23,"Punjab Cricket Association Stadium, Mohali",2,16.5,India,New Zealand,MS Dhoni,V Kohli,MJ Santner,6,0,,,,,,,,,
1030223,2016/17,2016-10-23,"Punjab Cricket Association Stadium, Mohali",2,16.6,India,New Zealand,MS Dhoni,V Kohli,MJ Santner,0,0,,,,,,,,,
1030223,2016/17,2016-10-23,"Punjab Cricket Association Stadium, Mohali",2,17.1,India,New Zealand,V Kohli,MS Dhoni,JDS Neesham,0,0,,,,,,,,,
1030223,2016/17,2016-10-23,"Punjab Cricket Association Stadium, Mohali",2,17.2,India,New Zealand,V Kohli,MS Dhoni,JDS Neesham,4,0,,,,,,,,,
1030223,2016/17,2016-10-23,"Punjab Cricket Association Stadium, Mohali",2,17.3,India,New Zealand,V Kohli,MS Dhoni,JDS Neesham,1,0,,,,,,,,,
1030223,2016/17,2016-10-23,"Punjab Cricket Association Stadium, Mohali",2,17.4,India,New Zealand,MS Dhoni,V Kohli,JDS Neesham,4,0,,,,,,,,,
1030223,2016/17,2016-10-23,"Punjab Cricket Association Stadium, Mohali",2,17.5,India,New Zealand,MS Dhoni,V Kohli,JDS Neesham,0,0,,,,,,,,,
1030223,2016/17,2016-10-23,"Punjab Cricket Association Stadium, Mohali",2,17.6,India,New Zealand,MS Dhoni,V Kohli,JDS Neesham,0,0,,,,,,,,,
1030223,2016/17,2016-10-23,"Punjab Cricket Association Stadium, Mohali",2,18.1,India,New Zealand,V Kohli,MS Dhoni,MJ Santner,1,0,,,,,,,,,
1030223,2016/17,2016-10-23,"Punjab Cricket Association Stadium, Mohali",2,18.2,India,New Zealand,MS Dhoni,V Kohli,MJ Santner,1,0,,,,,,,,,
1030223,2016/17,2016-10-23,"Punjab Cricket Association Stadium, Mohali",2,18.3,India,New Zealand,V Kohli,MS Dhoni,MJ Santner,0,0,,,,,,,,,
1030223,2016/17,2016-10-23,"Punjab Cricket Association Stadium, Mohali",2,18.4,India,New Zealand,V Kohli,MS Dhoni,MJ Santner,1,0,,,,,,,,,
1030223,2016/17,2016-10-23,"Punjab Cricket Association Stadium, Mohali",2,18.5,India,New Zealand,MS Dhoni,V Kohli,MJ Santner,0,0,,,,,,,,,
1030223,2016/17,2016-10-23,"Punjab Cricket Association Stadium, Mohali",2,18.6,India,New Zealand,MS Dhoni,V Kohli,MJ Santner,0,0,,,,,,,,,
1030223,2016/17,2016-10-23,"Punjab Cricket Association Stadium, Mohali",2,19.1,India,New Zealand,V Kohli,MS Dhoni,TG Southee,0,0,,,,,,,,,
1030223,2016/17,2016-10-23,"Punjab Cricket Association Stadium, Mohali",2,19.2,India,New Zealand,V Kohli,MS Dhoni,TG Southee,1,0,,,,,,,,,
1030223,2016/17,2016-10-23,"Punjab Cricket Association Stadium, Mohali",2,19.3,India,New Zealand,MS Dhoni,V Kohli,TG Southee,0,0,,,,,,,,,
1030223,2016/17,2016-10-23,"Punjab Cricket Association Stadium, Mohali",2,19.4,India,New Zealand,MS Dhoni,V Kohli,TG Southee,1,0,,,,,,,,,
1030223,2016/17,2016-10-23,"Punjab Cricket Association Stadium, Mohali",2,19.5,India,New Zealand,V Kohli,MS Dhoni,TG Southee,0,0,,,,,,,,,
1030223,2016/17,2016-10-23,"Punjab Cricket Association Stadium, Mohali",2,19.6,India,New Zealand,V Kohli,MS Dhoni,TG Southee,4,0,,,,,,,,,
1030223,2016/17,2016-10-23,"Punjab Cricket Association Stadium, Mohali",2,20.1,India,New Zealand,MS Dhoni,V Kohli,MJ Santner,1,0,,,,,,,,,
1030223,2016/17,2016-10-23,"Punjab Cricket Association Stadium, Mohali",2,20.2,India,New Zealand,V Kohli,MS Dhoni,MJ Santner,1,0,,,,,,,,,
1030223,2016/17,2016-10-23,"Punjab Cricket Association Stadium, Mohali",2,20.3,India,New Zealand,MS Dhoni,V Kohli,MJ Santner,0,0,,,,,,,,,
1030223,2016/17,2016-10-23,"Punjab Cricket Association Stadium, Mohali",2,20.4,India,New Zealand,MS Dhoni,V Kohli,MJ Santner,6,0,,,,,,,,,
1030223,2016/17,2016-10-23,"Punjab Cricket Association Stadium, Mohali",2,20.5,India,New Zealand,MS Dhoni,V Kohli,MJ Santner,0,0,,,,,,,,,
1030223,2016/17,2016-10-23,"Punjab Cricket Association Stadium, Mohali",2,20.6,India,New Zealand,MS Dhoni,V Kohli,MJ Santner,0,0,,,,,,,,,
1030223,2016/17,2016-10-23,"Punjab Cricket Association Stadium, Mohali",2,21.1,India,New Zealand,V Kohli,MS Dhoni,TG Southee,0,0,,,,,,,,,
1030223,2016/17,2016-10-23,"Punjab Cricket Association Stadium, Mohali",2,21.2,India,New Zealand,V Kohli,MS Dhoni,TG Southee,0,0,,,,,,,,,
1030223,2016/17,2016-10-23,"Punjab Cricket Association Stadium, Mohali",2,21.3,India,New Zealand,V Kohli,MS Dhoni,TG Southee,1,0,,,,,,,,,
1030223,2016/17,2016-10-23,"Punjab Cricket Association Stadium, Mohali",2,21.4,India,New Zealand,MS Dhoni,V Kohli,TG Southee,1,0,,,,,,,,,
1030223,2016/17,2016-10-23,"Punjab Cricket Association Stadium, Mohali",2,21.5,India,New Zealand,V Kohli,MS Dhoni,TG Southee,1,0,,,,,,,,,
1030223,2016/17,2016-10-23,"Punjab Cricket Association Stadium, Mohali",2,21.6,India,New Zealand,MS Dhoni,V Kohli,TG Southee,0,1,1,,,,,,,,
1030223,2016/17,2016-10-23,"Punjab Cricket Association Stadium, Mohali",2,21.7,India,New Zealand,MS Dhoni,V Kohli,TG Southee,0,1,1,,,,,,,,
1030223,2016/17,2016-10-23,"Punjab Cricket Association Stadium, Mohali",2,21.8,India,New Zealand,MS Dhoni,V Kohli,TG Southee,0,0,,,,,,,,,
1030223,2016/17,2016-10-23,"Punjab Cricket Association Stadium, Mohali",2,22.1,India,New Zealand,V Kohli,MS Dhoni,MJ Santner,0,0,,,,,,,,,
1030223,2016/17,2016-10-23,"Punjab Cricket Association Stadium, Mohali",2,22.2,India,New Zealand,V Kohli,MS Dhoni,MJ Santner,1,0,,,,,,,,,
1030223,2016/17,2016-10-23,"Punjab Cricket Association Stadium, Mohali",2,22.3,India,New Zealand,MS Dhoni,V Kohli,MJ Santner,1,0,,,,,,,,,
1030223,2016/17,2016-10-23,"Punjab Cricket Association Stadium, Mohali",2,22.4,India,New Zealand,V Kohli,MS Dhoni,MJ Santner,0,0,,,,,,,,,
1030223,2016/17,2016-10-23,"Punjab Cricket Association Stadium, Mohali",2,22.5,India,New Zealand,V Kohli,MS Dhoni,MJ Santner,1,0,,,,,,,,,
1030223,2016/17,2016-10-23,"Punjab Cricket Association Stadium, Mohali",2,22.6,India,New Zealand,MS Dhoni,V Kohli,MJ Santner,1,0,,,,,,,,,
1030223,2016/17,2016-10-23,"Punjab Cricket Association Stadium, Mohali",2,23.1,India,New Zealand,MS Dhoni,V Kohli,MJ Henry,0,0,,,,,,,,,
1030223,2016/17,2016-10-23,"Punjab Cricket Association Stadium, Mohali",2,23.2,India,New Zealand,MS Dhoni,V Kohli,MJ Henry,0,0,,,,,,,,,
1030223,2016/17,2016-10-23,"Punjab Cricket Association Stadium, Mohali",2,23.3,India,New Zealand,MS Dhoni,V Kohli,MJ Henry,1,0,,,,,,,,,
1030223,2016/17,2016-10-23,"Punjab Cricket Association Stadium, Mohali",2,23.4,India,New Zealand,V Kohli,MS Dhoni,MJ Henry,1,0,,,,,,,,,
1030223,2016/17,2016-10-23,"Punjab Cricket Association Stadium, Mohali",2,23.5,India,New Zealand,MS Dhoni,V Kohli,MJ Henry,0,0,,,,,,,,,
1030223,2016/17,2016-10-23,"Punjab Cricket Association Stadium, Mohali",2,23.6,India,New Zealand,MS Dhoni,V Kohli,MJ Henry,4,0,,,,,,,,,
1030223,2016/17,2016-10-23,"Punjab Cricket Association Stadium, Mohali",2,24.1,India,New Zealand,V Kohli,MS Dhoni,MJ Santner,0,0,,,,,,,,,
1030223,2016/17,2016-10-23,"Punjab Cricket Association Stadium, Mohali",2,24.2,India,New Zealand,V Kohli,MS Dhoni,MJ Santner,1,0,,,,,,,,,
1030223,2016/17,2016-10-23,"Punjab Cricket Association Stadium, Mohali",2,24.3,India,New Zealand,MS Dhoni,V Kohli,MJ Santner,0,0,,,,,,,,,
1030223,2016/17,2016-10-23,"Punjab Cricket Association Stadium, Mohali",2,24.4,India,New Zealand,MS Dhoni,V Kohli,MJ Santner,1,0,,,,,,,,,
1030223,2016/17,2016-10-23,"Punjab Cricket Association Stadium, Mohali",2,24.5,India,New Zealand,V Kohli,MS Dhoni,MJ Santner,1,0,,,,,,,,,
1030223,2016/17,2016-10-23,"Punjab Cricket Association Stadium, Mohali",2,24.6,India,New Zealand,MS Dhoni,V Kohli,MJ Santner,1,0,,,,,,,,,
1030223,2016/17,2016-10-23,"Punjab Cricket Association Stadium, Mohali",2,25.1,India,New Zealand,MS Dhoni,V Kohli,MJ Henry,0,0,,,,,,,,,
1030223,2016/17,2016-10-23,"Punjab Cricket Association Stadium, Mohali",2,25.2,India,New Zealand,MS Dhoni,V Kohli,MJ Henry,1,0,,,,,,,,,
1030223,2016/17,2016-10-23,"Punjab Cricket Association Stadium, Mohali",2,25.3,India,New Zealand,V Kohli,MS Dhoni,MJ Henry,1,0,,,,,,,,,
1030223,2016/17,2016-10-23,"Punjab Cricket Association Stadium, Mohali",2,25.4,India,New Zealand,MS Dhoni,V Kohli,MJ Henry,1,0,,,,,,,,,
1030223,2016/17,2016-10-23,"Punjab Cricket Association Stadium, Mohali",2,25.5,India,New Zealand,V Kohli,MS Dhoni,MJ Henry,0,0,,,,,,,,,
1030223,2016/17,2016-10-23,"Punjab Cricket Association Stadium, Mohali",2,25.6,India,New Zealand,V Kohli,MS Dhoni,MJ Henry,0,0,,,,,,,,,
1030223,2016/17,2016-10-23,"Punjab Cricket Association Stadium, Mohali",2,26.1,India,New Zealand,MS Dhoni,V Kohli,JDS Neesham,0,1,1,,,,,,,,
1030223,2016/17,2016-10-23,"Punjab Cricket Association Stadium, Mohali",2,26.2,India,New Zealand,MS Dhoni,V Kohli,JDS Neesham,1,0,,,,,,,,,
1030223,2016/17,2016-10-23,"Punjab Cricket Association Stadium, Mohali",2,26.3,India,New Zealand,V Kohli,MS Dhoni,JDS Neesham,0,0,,,,,,,,,
1030223,2016/17,2016-10-23,"Punjab Cricket Association Stadium, Mohali",2,26.4,India,New Zealand,V Kohli,MS Dhoni,JDS Neesham,0,0,,,,,,,,,
1030223,2016/17,2016-10-23,"Punjab Cricket Association Stadium, Mohali",2,26.5,India,New Zealand,V Kohli,MS Dhoni,JDS Neesham,1,0,,,,,,,,,
1030223,2016/17,2016-10-23,"Punjab Cricket Association Stadium, Mohali",2,26.6,India,New Zealand,MS Dhoni,V Kohli,JDS Neesham,6,0,,,,,,,,,
1030223,2016/17,2016-10-23,"Punjab Cricket Association Stadium, Mohali",2,26.7,India,New Zealand,MS Dhoni,V Kohli,JDS Neesham,1,0,,,,,,,,,
1030223,2016/17,2016-10-23,"Punjab Cricket Association Stadium, Mohali",2,27.1,India,New Zealand,MS Dhoni,V Kohli,TA Boult,1,0,,,,,,,,,
1030223,2016/17,2016-10-23,"Punjab Cricket Association Stadium, Mohali",2,27.2,India,New Zealand,V Kohli,MS Dhoni,TA Boult,1,0,,,,,,,,,
1030223,2016/17,2016-10-23,"Punjab Cricket Association Stadium, Mohali",2,27.3,India,New Zealand,MS Dhoni,V Kohli,TA Boult,4,0,,,,,,,,,
1030223,2016/17,2016-10-23,"Punjab Cricket Association Stadium, Mohali",2,27.4,India,New Zealand,MS Dhoni,V Kohli,TA Boult,1,0,,,,,,,,,
1030223,2016/17,2016-10-23,"Punjab Cricket Association Stadium, Mohali",2,27.5,India,New Zealand,V Kohli,MS Dhoni,TA Boult,1,0,,,,,,,,,
1030223,2016/17,2016-10-23,"Punjab Cricket Association Stadium, Mohali",2,27.6,India,New Zealand,MS Dhoni,V Kohli,TA Boult,1,0,,,,,,,,,
1030223,2016/17,2016-10-23,"Punjab Cricket Association Stadium, Mohali",2,28.1,India,New Zealand,MS Dhoni,V Kohli,JDS Neesham,0,0,,,,,,,,,
1030223,2016/17,2016-10-23,"Punjab Cricket Association Stadium, Mohali",2,28.2,India,New Zealand,MS Dhoni,V Kohli,JDS Neesham,0,0,,,,,,,,,
1030223,2016/17,2016-10-23,"Punjab Cricket Association Stadium, Mohali",2,28.3,India,New Zealand,MS Dhoni,V Kohli,JDS Neesham,0,0,,,,,,,,,
1030223,2016/17,2016-10-23,"Punjab Cricket Association Stadium, Mohali",2,28.4,India,New Zealand,MS Dhoni,V Kohli,JDS Neesham,0,0,,,,,,,,,
1030223,2016/17,2016-10-23,"Punjab Cricket Association Stadium, Mohali",2,28.5,India,New Zealand,MS Dhoni,V Kohli,JDS Neesham,2,0,,,,,,,,,
1030223,2016/17,2016-10-23,"Punjab Cricket Association Stadium, Mohali",2,28.6,India,New Zealand,MS Dhoni,V Kohli,JDS Neesham,0,0,,,,,,,,,
1030223,2016/17,2016-10-23,"Punjab Cricket Association Stadium, Mohali",2,29.1,India,New Zealand,V Kohli,MS Dhoni,TA Boult,0,0,,,,,,,,,
1030223,2016/17,2016-10-23,"Punjab Cricket Association Stadium, Mohali",2,29.2,India,New Zealand,V Kohli,MS Dhoni,TA Boult,4,0,,,,,,,,,
1030223,2016/17,2016-10-23,"Punjab Cricket Association Stadium, Mohali",2,29.3,India,New Zealand,V Kohli,MS Dhoni,TA Boult,1,0,,,,,,,,,
1030223,2016/17,2016-10-23,"Punjab Cricket Association Stadium, Mohali",2,29.4,India,New Zealand,MS Dhoni,V Kohli,TA Boult,0,0,,,,,,,,,
1030223,2016/17,2016-10-23,"Punjab Cricket Association Stadium, Mohali",2,29.5,India,New Zealand,MS Dhoni,V Kohli,TA Boult,0,0,,,,,,,,,
1030223,2016/17,2016-10-23,"Punjab Cricket Association Stadium, Mohali",2,29.6,India,New Zealand,MS Dhoni,V Kohli,TA Boult,0,0,,,,,,,,,
1030223,2016/17,2016-10-23,"Punjab Cricket Association Stadium, Mohali",2,30.1,India,New Zealand,V Kohli,MS Dhoni,JDS Neesham,1,0,,,,,,,,,
1030223,2016/17,2016-10-23,"Punjab Cricket Association Stadium, Mohali",2,30.2,India,New Zealand,MS Dhoni,V Kohli,JDS Neesham,1,0,,,,,,,,,
1030223,2016/17,2016-10-23,"Punjab Cricket Association Stadium, Mohali",2,30.3,India,New Zealand,V Kohli,MS Dhoni,JDS Neesham,0,0,,,,,,,,,
1030223,2016/17,2016-10-23,"Punjab Cricket Association Stadium, Mohali",2,30.4,India,New Zealand,V Kohli,MS Dhoni,JDS Neesham,0,0,,,,,,,,,
1030223,2016/17,2016-10-23,"Punjab Cricket Association Stadium, Mohali",2,30.5,India,New Zealand,V Kohli,MS Dhoni,JDS Neesham,1,0,,,,,,,,,
1030223,2016/17,2016-10-23,"Punjab Cricket Association Stadium, Mohali",2,30.6,India,New Zealand,MS Dhoni,V Kohli,JDS Neesham,1,0,,,,,,,,,
1030223,2016/17,2016-10-23,"Punjab Cricket Association Stadium, Mohali",2,31.1,India,New Zealand,MS Dhoni,V Kohli,TG Southee,1,0,,,,,,,,,
1030223,2016/17,2016-10-23,"Punjab Cricket Association Stadium, Mohali",2,31.2,India,New Zealand,V Kohli,MS Dhoni,TG Southee,1,0,,,,,,,,,
1030223,2016/17,2016-10-23,"Punjab Cricket Association Stadium, Mohali",2,31.3,India,New Zealand,MS Dhoni,V Kohli,TG Southee,1,0,,,,,,,,,
1030223,2016/17,2016-10-23,"Punjab Cricket Association Stadium, Mohali",2,31.4,India,New Zealand,V Kohli,MS Dhoni,TG Southee,2,0,,,,,,,,,
1030223,2016/17,2016-10-23,"Punjab Cricket Association Stadium, Mohali",2,31.5,India,New Zealand,V Kohli,MS Dhoni,TG Southee,0,0,,,,,,,,,
1030223,2016/17,2016-10-23,"Punjab Cricket Association Stadium, Mohali",2,31.6,India,New Zealand,V Kohli,MS Dhoni,TG Southee,1,0,,,,,,,,,
1030223,2016/17,2016-10-23,"Punjab Cricket Association Stadium, Mohali",2,32.1,India,New Zealand,V Kohli,MS Dhoni,JDS Neesham,1,0,,,,,,,,,
1030223,2016/17,2016-10-23,"Punjab Cricket Association Stadium, Mohali",2,32.2,India,New Zealand,MS Dhoni,V Kohli,JDS Neesham,1,0,,,,,,,,,
1030223,2016/17,2016-10-23,"Punjab Cricket Association Stadium, Mohali",2,32.3,India,New Zealand,V Kohli,MS Dhoni,JDS Neesham,1,0,,,,,,,,,
1030223,2016/17,2016-10-23,"Punjab Cricket Association Stadium, Mohali",2,32.4,India,New Zealand,MS Dhoni,V Kohli,JDS Neesham,0,1,1,,,,,,,,
1030223,2016/17,2016-10-23,"Punjab Cricket Association Stadium, Mohali",2,32.5,India,New Zealand,MS Dhoni,V Kohli,JDS Neesham,1,0,,,,,,,,,
1030223,2016/17,2016-10-23,"Punjab Cricket Association Stadium, Mohali",2,32.6,India,New Zealand,V Kohli,MS Dhoni,JDS Neesham,0,0,,,,,,,,,
1030223,2016/17,2016-10-23,"Punjab Cricket Association Stadium, Mohali",2,32.7,India,New Zealand,V Kohli,MS Dhoni,JDS Neesham,4,0,,,,,,,,,
1030223,2016/17,2016-10-23,"Punjab Cricket Association Stadium, Mohali",2,33.1,India,New Zealand,MS Dhoni,V Kohli,TG Southee,1,0,,,,,,,,,
1030223,2016/17,2016-10-23,"Punjab Cricket Association Stadium, Mohali",2,33.2,India,New Zealand,V Kohli,MS Dhoni,TG Southee,0,0,,,,,,,,,
1030223,2016/17,2016-10-23,"Punjab Cricket Association Stadium, Mohali",2,33.3,India,New Zealand,V Kohli,MS Dhoni,TG Southee,0,0,,,,,,,,,
1030223,2016/17,2016-10-23,"Punjab Cricket Association Stadium, Mohali",2,33.4,India,New Zealand,V Kohli,MS Dhoni,TG Southee,4,0,,,,,,,,,
1030223,2016/17,2016-10-23,"Punjab Cricket Association Stadium, Mohali",2,33.5,India,New Zealand,V Kohli,MS Dhoni,TG Southee,1,0,,,,,,,,,
1030223,2016/17,2016-10-23,"Punjab Cricket Association Stadium, Mohali",2,33.6,India,New Zealand,MS Dhoni,V Kohli,TG Southee,0,0,,,,,,,,,
1030223,2016/17,2016-10-23,"Punjab Cricket Association Stadium, Mohali",2,34.1,India,New Zealand,V Kohli,MS Dhoni,MJ Santner,0,0,,,,,,,,,
1030223,2016/17,2016-10-23,"Punjab Cricket Association Stadium, Mohali",2,34.2,India,New Zealand,V Kohli,MS Dhoni,MJ Santner,1,0,,,,,,,,,
1030223,2016/17,2016-10-23,"Punjab Cricket Association Stadium, Mohali",2,34.3,India,New Zealand,MS Dhoni,V Kohli,MJ Santner,0,0,,,,,,,,,
1030223,2016/17,2016-10-23,"Punjab Cricket Association Stadium, Mohali",2,34.4,India,New Zealand,MS Dhoni,V Kohli,MJ Santner,0,0,,,,,,,,,
1030223,2016/17,2016-10-23,"Punjab Cricket Association Stadium, Mohali",2,34.5,India,New Zealand,MS Dhoni,V Kohli,MJ Santner,1,0,,,,,,,,,
1030223,2016/17,2016-10-23,"Punjab Cricket Association Stadium, Mohali",2,34.6,India,New Zealand,V Kohli,MS Dhoni,MJ Santner,1,0,,,,,,,,,
1030223,2016/17,2016-10-23,"Punjab Cricket Association Stadium, Mohali",2,35.1,India,New Zealand,V Kohli,MS Dhoni,MJ Henry,1,0,,,,,,,,,
1030223,2016/17,2016-10-23,"Punjab Cricket Association Stadium, Mohali",2,35.2,India,New Zealand,MS Dhoni,V Kohli,MJ Henry,0,0,,,,,,,,,
1030223,2016/17,2016-10-23,"Punjab Cricket Association Stadium, Mohali",2,35.3,India,New Zealand,MS Dhoni,V Kohli,MJ Henry,4,0,,,,,,,,,
1030223,2016/17,2016-10-23,"Punjab Cricket Association Stadium, Mohali",2,35.4,India,New Zealand,MS Dhoni,V Kohli,MJ Henry,0,0,,,,,,,,,
1030223,2016/17,2016-10-23,"Punjab Cricket Association Stadium, Mohali",2,35.5,India,New Zealand,MS Dhoni,V Kohli,MJ Henry,0,0,,,,,,caught,MS Dhoni,,
1030223,2016/17,2016-10-23,"Punjab Cricket Association Stadium, Mohali",2,35.6,India,New Zealand,MK Pandey,V Kohli,MJ Henry,0,0,,,,,,,,,
1030223,2016/17,2016-10-23,"Punjab Cricket Association Stadium, Mohali",2,36.1,India,New Zealand,V Kohli,MK Pandey,MJ Santner,1,0,,,,,,,,,
1030223,2016/17,2016-10-23,"Punjab Cricket Association Stadium, Mohali",2,36.2,India,New Zealand,MK Pandey,V Kohli,MJ Santner,0,0,,,,,,,,,
1030223,2016/17,2016-10-23,"Punjab Cricket Association Stadium, Mohali",2,36.3,India,New Zealand,MK Pandey,V Kohli,MJ Santner,0,0,,,,,,,,,
1030223,2016/17,2016-10-23,"Punjab Cricket Association Stadium, Mohali",2,36.4,India,New Zealand,MK Pandey,V Kohli,MJ Santner,0,0,,,,,,,,,
1030223,2016/17,2016-10-23,"Punjab Cricket Association Stadium, Mohali",2,36.5,India,New Zealand,MK Pandey,V Kohli,MJ Santner,0,0,,,,,,,,,
1030223,2016/17,2016-10-23,"Punjab Cricket Association Stadium, Mohali",2,36.6,India,New Zealand,MK Pandey,V Kohli,MJ Santner,0,0,,,,,,,,,
1030223,2016/17,2016-10-23,"Punjab Cricket Association Stadium, Mohali",2,37.1,India,New Zealand,V Kohli,MK Pandey,MJ Henry,1,0,,,,,,,,,
1030223,2016/17,2016-10-23,"Punjab Cricket Association Stadium, Mohali",2,37.2,India,New Zealand,MK Pandey,V Kohli,MJ Henry,4,0,,,,,,,,,
1030223,2016/17,2016-10-23,"Punjab Cricket Association Stadium, Mohali",2,37.3,India,New Zealand,MK Pandey,V Kohli,MJ Henry,0,1,1,,,,,,,,
1030223,2016/17,2016-10-23,"Punjab Cricket Association Stadium, Mohali",2,37.4,India,New Zealand,MK Pandey,V Kohli,MJ Henry,1,0,,,,,,,,,
1030223,2016/17,2016-10-23,"Punjab Cricket Association Stadium, Mohali",2,37.5,India,New Zealand,V Kohli,MK Pandey,MJ Henry,1,0,,,,,,,,,
1030223,2016/17,2016-10-23,"Punjab Cricket Association Stadium, Mohali",2,37.6,India,New Zealand,MK Pandey,V Kohli,MJ Henry,0,0,,,,,,,,,
1030223,2016/17,2016-10-23,"Punjab Cricket Association Stadium, Mohali",2,37.7,India,New Zealand,MK Pandey,V Kohli,MJ Henry,1,0,,,,,,,,,
1030223,2016/17,2016-10-23,"Punjab Cricket Association Stadium, Mohali",2,38.1,India,New Zealand,MK Pandey,V Kohli,MJ Santner,0,0,,,,,,,,,
1030223,2016/17,2016-10-23,"Punjab Cricket Association Stadium, Mohali",2,38.2,India,New Zealand,MK Pandey,V Kohli,MJ Santner,0,0,,,,,,,,,
1030223,2016/17,2016-10-23,"Punjab Cricket Association Stadium, Mohali",2,38.3,India,New Zealand,MK Pandey,V Kohli,MJ Santner,1,0,,,,,,,,,
1030223,2016/17,2016-10-23,"Punjab Cricket Association Stadium, Mohali",2,38.4,India,New Zealand,V Kohli,MK Pandey,MJ Santner,0,0,,,,,,,,,
1030223,2016/17,2016-10-23,"Punjab Cricket Association Stadium, Mohali",2,38.5,India,New Zealand,V Kohli,MK Pandey,MJ Santner,1,0,,,,,,,,,
1030223,2016/17,2016-10-23,"Punjab Cricket Association Stadium, Mohali",2,38.6,India,New Zealand,MK Pandey,V Kohli,MJ Santner,0,0,,,,,,,,,
1030223,2016/17,2016-10-23,"Punjab Cricket Association Stadium, Mohali",2,39.1,India,New Zealand,V Kohli,MK Pandey,TG Southee,0,0,,,,,,,,,
1030223,2016/17,2016-10-23,"Punjab Cricket Association Stadium, Mohali",2,39.2,India,New Zealand,V Kohli,MK Pandey,TG Southee,1,0,,,,,,,,,
1030223,2016/17,2016-10-23,"Punjab Cricket Association Stadium, Mohali",2,39.3,India,New Zealand,MK Pandey,V Kohli,TG Southee,1,0,,,,,,,,,
1030223,2016/17,2016-10-23,"Punjab Cricket Association Stadium, Mohali",2,39.4,India,New Zealand,V Kohli,MK Pandey,TG Southee,2,0,,,,,,,,,
1030223,2016/17,2016-10-23,"Punjab Cricket Association Stadium, Mohali",2,39.5,India,New Zealand,V Kohli,MK Pandey,TG Southee,4,0,,,,,,,,,
1030223,2016/17,2016-10-23,"Punjab Cricket Association Stadium, Mohali",2,39.6,India,New Zealand,V Kohli,MK Pandey,TG Southee,1,0,,,,,,,,,
1030223,2016/17,2016-10-23,"Punjab Cricket Association Stadium, Mohali",2,40.1,India,New Zealand,V Kohli,MK Pandey,JDS Neesham,1,0,,,,,,,,,
1030223,2016/17,2016-10-23,"Punjab Cricket Association Stadium, Mohali",2,40.2,India,New Zealand,MK Pandey,V Kohli,JDS Neesham,4,0,,,,,,,,,
1030223,2016/17,2016-10-23,"Punjab Cricket Association Stadium, Mohali",2,40.3,India,New Zealand,MK Pandey,V Kohli,JDS Neesham,0,0,,,,,,,,,
1030223,2016/17,2016-10-23,"Punjab Cricket Association Stadium, Mohali",2,40.4,India,New Zealand,MK Pandey,V Kohli,JDS Neesham,1,0,,,,,,,,,
1030223,2016/17,2016-10-23,"Punjab Cricket Association Stadium, Mohali",2,40.5,India,New Zealand,V Kohli,MK Pandey,JDS Neesham,1,0,,,,,,,,,
1030223,2016/17,2016-10-23,"Punjab Cricket Association Stadium, Mohali",2,40.6,India,New Zealand,MK Pandey,V Kohli,JDS Neesham,1,0,,,,,,,,,
1030223,2016/17,2016-10-23,"Punjab Cricket Association Stadium, Mohali",2,41.1,India,New Zealand,MK Pandey,V Kohli,TA Boult,1,0,,,,,,,,,
1030223,2016/17,2016-10-23,"Punjab Cricket Association Stadium, Mohali",2,41.2,India,New Zealand,V Kohli,MK Pandey,TA Boult,4,0,,,,,,,,,
1030223,2016/17,2016-10-23,"Punjab Cricket Association Stadium, Mohali",2,41.3,India,New Zealand,V Kohli,MK Pandey,TA Boult,1,0,,,,,,,,,
1030223,2016/17,2016-10-23,"Punjab Cricket Association Stadium, Mohali",2,41.4,India,New Zealand,MK Pandey,V Kohli,TA Boult,1,0,,,,,,,,,
1030223,2016/17,2016-10-23,"Punjab Cricket Association Stadium, Mohali",2,41.5,India,New Zealand,V Kohli,MK Pandey,TA Boult,1,0,,,,,,,,,
1030223,2016/17,2016-10-23,"Punjab Cricket Association Stadium, Mohali",2,41.6,India,New Zealand,MK Pandey,V Kohli,TA Boult,0,1,1,,,,,,,,
1030223,2016/17,2016-10-23,"Punjab Cricket Association Stadium, Mohali",2,41.7,India,New Zealand,MK Pandey,V Kohli,TA Boult,1,0,,,,,,,,,
1030223,2016/17,2016-10-23,"Punjab Cricket Association Stadium, Mohali",2,42.1,India,New Zealand,MK Pandey,V Kohli,MJ Henry,0,0,,,,,,,,,
1030223,2016/17,2016-10-23,"Punjab Cricket Association Stadium, Mohali",2,42.2,India,New Zealand,MK Pandey,V Kohli,MJ Henry,1,0,,,,,,,,,
1030223,2016/17,2016-10-23,"Punjab Cricket Association Stadium, Mohali",2,42.3,India,New Zealand,V Kohli,MK Pandey,MJ Henry,0,0,,,,,,,,,
1030223,2016/17,2016-10-23,"Punjab Cricket Association Stadium, Mohali",2,42.4,India,New Zealand,V Kohli,MK Pandey,MJ Henry,2,0,,,,,,,,,
1030223,2016/17,2016-10-23,"Punjab Cricket Association Stadium, Mohali",2,42.5,India,New Zealand,V Kohli,MK Pandey,MJ Henry,2,0,,,,,,,,,
1030223,2016/17,2016-10-23,"Punjab Cricket Association Stadium, Mohali",2,42.6,India,New Zealand,V Kohli,MK Pandey,MJ Henry,1,0,,,,,,,,,
1030223,2016/17,2016-10-23,"Punjab Cricket Association Stadium, Mohali",2,43.1,India,New Zealand,V Kohli,MK Pandey,TA Boult,4,0,,,,,,,,,
1030223,2016/17,2016-10-23,"Punjab Cricket Association Stadium, Mohali",2,43.2,India,New Zealand,V Kohli,MK Pandey,TA Boult,1,0,,,,,,,,,
1030223,2016/17,2016-10-23,"Punjab Cricket Association Stadium, Mohali",2,43.3,India,New Zealand,MK Pandey,V Kohli,TA Boult,1,0,,,,,,,,,
1030223,2016/17,2016-10-23,"Punjab Cricket Association Stadium, Mohali",2,43.4,India,New Zealand,V Kohli,MK Pandey,TA Boult,0,0,,,,,,,,,
1030223,2016/17,2016-10-23,"Punjab Cricket Association Stadium, Mohali",2,43.5,India,New Zealand,V Kohli,MK Pandey,TA Boult,0,0,,,,,,,,,
1030223,2016/17,2016-10-23,"Punjab Cricket Association Stadium, Mohali",2,43.6,India,New Zealand,V Kohli,MK Pandey,TA Boult,2,0,,,,,,,,,
1030223,2016/17,2016-10-23,"Punjab Cricket Association Stadium, Mohali",2,44.1,India,New Zealand,MK Pandey,V Kohli,TG Southee,1,0,,,,,,,,,
1030223,2016/17,2016-10-23,"Punjab Cricket Association Stadium, Mohali",2,44.2,India,New Zealand,V Kohli,MK Pandey,TG Southee,1,0,,,,,,,,,
1030223,2016/17,2016-10-23,"Punjab Cricket Association Stadium, Mohali",2,44.3,India,New Zealand,MK Pandey,V Kohli,TG Southee,1,0,,,,,,,,,
1030223,2016/17,2016-10-23,"Punjab Cricket Association Stadium, Mohali",2,44.4,India,New Zealand,V Kohli,MK Pandey,TG Southee,1,0,,,,,,,,,
1030223,2016/17,2016-10-23,"Punjab Cricket Association Stadium, Mohali",2,44.5,India,New Zealand,MK Pandey,V Kohli,TG Southee,1,0,,,,,,,,,
1030223,2016/17,2016-10-23,"Punjab Cricket Association Stadium, Mohali",2,44.6,India,New Zealand,V Kohli,MK Pandey,TG Southee,1,0,,,,,,,,,
1030223,2016/17,2016-10-23,"Punjab Cricket Association Stadium, Mohali",2,45.1,India,New Zealand,V Kohli,MK Pandey,JDS Neesham,1,0,,,,,,,,,
1030223,2016/17,2016-10-23,"Punjab Cricket Association Stadium, Mohali",2,45.2,India,New Zealand,MK Pandey,V Kohli,JDS Neesham,0,0,,,,,,,,,
1030223,2016/17,2016-10-23,"Punjab Cricket Association Stadium, Mohali",2,45.3,India,New Zealand,MK Pandey,V Kohli,JDS Neesham,1,0,,,,,,,,,
1030223,2016/17,2016-10-23,"Punjab Cricket Association Stadium, Mohali",2,45.4,India,New Zealand,V Kohli,MK Pandey,JDS Neesham,4,0,,,,,,,,,
1030223,2016/17,2016-10-23,"Punjab Cricket Association Stadium, Mohali",2,45.5,India,New Zealand,V Kohli,MK Pandey,JDS Neesham,0,0,,,,,,,,,
1030223,2016/17,2016-10-23,"Punjab Cricket Association Stadium, Mohali",2,45.6,India,New Zealand,V Kohli,MK Pandey,JDS Neesham,1,0,,,,,,,,,
1030223,2016/17,2016-10-23,"Punjab Cricket Association Stadium, Mohali",2,46.1,India,New Zealand,V Kohli,MK Pandey,TG Southee,2,0,,,,,,,,,
1030223,2016/17,2016-10-23,"Punjab Cricket Association Stadium, Mohali",2,46.2,India,New Zealand,V Kohli,MK Pandey,TG Southee,0,0,,,,,,,,,
1030223,2016/17,2016-10-23,"Punjab Cricket Association Stadium, Mohali",2,46.3,India,New Zealand,V Kohli,MK Pandey,TG Southee,1,0,,,,,,,,,
1030223,2016/17,2016-10-23,"Punjab Cricket Association Stadium, Mohali",2,46.4,India,New Zealand,MK Pandey,V Kohli,TG Southee,0,0,,,,,,,,,
1030223,2016/17,2016-10-23,"Punjab Cricket Association Stadium, Mohali",2,46.5,India,New Zealand,MK Pandey,V Kohli,TG Southee,1,0,,,,,,,,,
1030223,2016/17,2016-10-23,"Punjab Cricket Association Stadium, Mohali",2,46.6,India,New Zealand,V Kohli,MK Pandey,TG Southee,1,0,,,,,,,,,
1030223,2016/17,2016-10-23,"Punjab Cricket Association Stadium, Mohali",2,47.1,India,New Zealand,V Kohli,MK Pandey,TA Boult,4,0,,,,,,,,,
1030223,2016/17,2016-10-23,"Punjab Cricket Association Stadium, Mohali",2,47.2,India,New Zealand,V Kohli,MK Pandey,TA Boult,2,0,,,,,,,,,
1030223,2016/17,2016-10-23,"Punjab Cricket Association Stadium, Mohali",2,47.3,India,New Zealand,V Kohli,MK Pandey,TA Boult,4,0,,,,,,,,,
1030223,2016/17,2016-10-23,"Punjab Cricket Association Stadium, Mohali",2,47.4,India,New Zealand,V Kohli,MK Pandey,TA Boult,6,0,,,,,,,,,
1030223,2016/17,2016-10-23,"Punjab Cricket Association Stadium, Mohali",2,47.5,India,New Zealand,V Kohli,MK Pandey,TA Boult,2,0,,,,,,,,,
1030223,2016/17,2016-10-23,"Punjab Cricket Association Stadium, Mohali",2,47.6,India,New Zealand,V Kohli,MK Pandey,TA Boult,4,0,,,,,,,,,
1030223,2016/17,2016-10-23,"Punjab Cricket Association Stadium, Mohali",2,48.1,India,New Zealand,MK Pandey,V Kohli,MJ Henry,0,0,,,,,,,,,
1030223,2016/17,2016-10-23,"Punjab Cricket Association Stadium, Mohali",2,48.2,India,New Zealand,MK Pandey,V Kohli,MJ Henry,4,0,,,,,,,,,
