version,2.1.0
info,balls_per_over,6
info,team,India
info,team,England
info,gender,male
info,season,2016/17
info,date,2017/01/15
info,event,England in India ODI Series
info,match_number,1
info,venue,Maharashtra Cricket Association Stadium
info,city,Pune
info,toss_winner,India
info,toss_decision,field
info,player_of_match,KM Jadhav
info,umpire,HDPK Dharmasena
info,umpire,CK Nandan
info,reserve_umpire,NN Menon
info,tv_umpire,RSA Palliyaguruge
info,match_referee,AJ Pycroft
info,winner,India
info,winner_wickets,3
info,player,England,JJ Roy
info,player,England,AD Hales
info,player,England,JE Root
info,player,England,EJG Morgan
info,player,England,JC Buttler
info,player,England,BA Stokes
info,player,England,MM Ali
info,player,England,CR Woakes
info,player,England,DJ Willey
info,player,England,AU Rashid
info,player,England,JT Ball
info,player,India,KL Rahul
info,player,India,S Dhawan
info,player,India,V Kohli
info,player,India,Yuvraj Singh
info,player,India,MS Dhoni
info,player,India,KM Jadhav
info,player,India,HH Pandya
info,player,India,RA Jadeja
info,player,India,R Ashwin
info,player,India,JJ Bumrah
info,player,India,UT Yadav
info,registry,people,AD Hales,92aeac25
info,registry,people,AJ Pycroft,685d3f80
info,registry,people,AU Rashid,249d60c9
info,registry,people,BA Stokes,e087956b
info,registry,people,CK Nandan,012de9c4
info,registry,people,CR Woakes,4c5d73db
info,registry,people,DJ Willey,7f048519
info,registry,people,EJG Morgan,d2a6c0e6
info,registry,people,HDPK Dharmasena,323e4c16
info,registry,people,HH Pandya,dbe50b21
info,registry,people,JC Buttler,99b75528
info,registry,people,JE Root,a343262c
info,registry,people,JJ Bumrah,462411b3
info,registry,people,JJ Roy,d1c36f5c
info,registry,people,JT Ball,3d0ed2f9
info,registry,people,KL Rahul,b17e2f24
info,registry,people,KM Jadhav,99d63244
info,registry,people,MM Ali,bb351c23
info,registry,people,MS Dhoni,4a8a2e3b
info,registry,people,NN Menon,d7867306
info,registry,people,R Ashwin,495d42a5
info,registry,people,RA Jadeja,fe93fd9d
info,registry,people,RSA Palliyaguruge,4339c19d
info,registry,people,S Dhawan,0a476045
info,registry,people,UT Yadav,cc1e8c68
info,registry,people,V Kohli,ba607b88
info,registry,people,Yuvraj Singh,1c914163
