match_id,season,start_date,venue,innings,ball,batting_team,bowling_team,striker,non_striker,bowler,runs_off_bat,extras,wides,noballs,byes,legbyes,penalty,wicket_type,player_dismissed,other_wicket_type,other_player_dismissed
1059714,2016/17,2016-11-23,Queens Sports Club,1,0.1,Sri Lanka,West Indies,DM de Silva,MDKJ Perera,ST Gabriel,1,0,,,,,,,,,
1059714,2016/17,2016-11-23,Queens Sports Club,1,0.2,Sri Lanka,West Indies,MDKJ Perera,DM de Silva,ST Gabriel,1,0,,,,,,,,,
1059714,2016/17,2016-11-23,Queens Sports Club,1,0.3,Sri Lanka,West Indies,DM de Silva,MDKJ Perera,ST Gabriel,1,0,,,,,,,,,
1059714,2016/17,2016-11-23,Queens Sports Club,1,0.4,Sri Lanka,West Indies,MDKJ Perera,DM de Silva,ST Gabriel,0,0,,,,,,,,,
1059714,2016/17,2016-11-23,Queens Sports Club,1,0.5,Sri Lanka,West Indies,MDKJ Perera,DM de Silva,ST Gabriel,1,0,,,,,,,,,
1059714,2016/17,2016-11-23,Queens Sports Club,1,0.6,Sri Lanka,West Indies,DM de Silva,MDKJ Perera,ST Gabriel,0,1,1,,,,,,,,
1059714,2016/17,2016-11-23,Queens Sports Club,1,0.7,Sri Lanka,West Indies,DM de Silva,MDKJ Perera,ST Gabriel,0,0,,,,,,,,,
1059714,2016/17,2016-11-23,Queens Sports Club,1,1.1,Sri Lanka,West Indies,MDKJ Perera,DM de Silva,JO Holder,1,0,,,,,,,,,
1059714,2016/17,2016-11-23,Queens Sports Club,1,1.2,Sri Lanka,West Indies,DM de Silva,MDKJ Perera,JO Holder,4,0,,,,,,,,,
1059714,2016/17,2016-11-23,Queens Sports Club,1,1.3,Sri Lanka,West Indies,DM de Silva,MDKJ Perera,JO Holder,2,0,,,,,,,,,
1059714,2016/17,2016-11-23,Queens Sports Club,1,1.4,Sri Lanka,West Indies,DM de Silva,MDKJ Perera,JO Holder,0,0,,,,,,,,,
1059714,2016/17,2016-11-23,Queens Sports Club,1,1.5,Sri Lanka,West Indies,DM de Silva,MDKJ Perera,JO Holder,0,0,,,,,,,,,
1059714,2016/17,2016-11-23,Queens Sports Club,1,1.6,Sri Lanka,West Indies,DM de Silva,MDKJ Perera,JO Holder,0,0,,,,,,,,,
1059714,2016/17,2016-11-23,Queens Sports Club,1,2.1,Sri Lanka,West Indies,MDKJ Perera,DM de Silva,ST Gabriel,0,1,,,,1,,,,,
1059714,2016/17,2016-11-23,Queens Sports Club,1,2.2,Sri Lanka,West Indies,DM de Silva,MDKJ Perera,ST Gabriel,1,0,,,,,,,,,
1059714,2016/17,2016-11-23,Queens Sports Club,1,2.3,Sri Lanka,West Indies,MDKJ Perera,DM de Silva,ST Gabriel,4,0,,,,,,,,,
1059714,2016/17,2016-11-23,Queens Sports Club,1,2.4,Sri Lanka,West Indies,MDKJ Perera,DM de Silva,ST Gabriel,0,0,,,,,,bowled,MDKJ Perera,,
1059714,2016/17,2016-11-23,Queens Sports Club,1,2.5,Sri Lanka,West Indies,N Dickwella,DM de Silva,ST Gabriel,0,0,,,,,,,,,
1059714,2016/17,2016-11-23,Queens Sports Club,1,2.6,Sri Lanka,West Indies,N Dickwella,DM de Silva,ST Gabriel,4,0,,,,,,,,,
1059714,2016/17,2016-11-23,Queens Sports Club,1,3.1,Sri Lanka,West Indies,DM de Silva,N Dickwella,JO Holder,0,0,,,,,,,,,
1059714,2016/17,2016-11-23,Queens Sports Club,1,3.2,Sri Lanka,West Indies,DM de Silva,N Dickwella,JO Holder,0,0,,,,,,,,,
1059714,2016/17,2016-11-23,Queens Sports Club,1,3.3,Sri Lanka,West Indies,DM de Silva,N Dickwella,JO Holder,0,0,,,,,,,,,
1059714,2016/17,2016-11-23,Queens Sports Club,1,3.4,Sri Lanka,West Indies,DM de Silva,N Dickwella,JO Holder,1,0,,,,,,,,,
1059714,2016/17,2016-11-23,Queens Sports Club,1,3.5,Sri Lanka,West Indies,N Dickwella,DM de Silva,JO Holder,2,0,,,,,,,,,
1059714,2016/17,2016-11-23,Queens Sports Club,1,3.6,Sri Lanka,West Indies,N Dickwella,DM de Silva,JO Holder,0,0,,,,,,,,,
1059714,2016/17,2016-11-23,Queens Sports Club,1,4.1,Sri Lanka,West Indies,DM de Silva,N Dickwella,CR Brathwaite,0,0,,,,,,,,,
1059714,2016/17,2016-11-23,Queens Sports Club,1,4.2,Sri Lanka,West Indies,DM de Silva,N Dickwella,CR Brathwaite,0,0,,,,,,,,,
1059714,2016/17,2016-11-23,Queens Sports Club,1,4.3,Sri Lanka,West Indies,DM de Silva,N Dickwella,CR Brathwaite,4,0,,,,,,,,,
1059714,2016/17,2016-11-23,Queens Sports Club,1,4.4,Sri Lanka,West Indies,DM de Silva,N Dickwella,CR Brathwaite,0,0,,,,,,,,,
1059714,2016/17,2016-11-23,Queens Sports Club,1,4.5,Sri Lanka,West Indies,DM de Silva,N Dickwella,CR Brathwaite,0,0,,,,,,,,,
1059714,2016/17,2016-11-23,Queens Sports Club,1,4.6,Sri Lanka,West Indies,DM de Silva,N Dickwella,CR Brathwaite,0,0,,,,,,,,,
1059714,2016/17,2016-11-23,Queens Sports Club,1,5.1,Sri Lanka,West Indies,N Dickwella,DM de Silva,JO Holder,0,0,,,,,,,,,
1059714,2016/17,2016-11-23,Queens Sports Club,1,5.2,Sri Lanka,West Indies,N Dickwella,DM de Silva,JO Holder,0,0,,,,,,,,,
1059714,2016/17,2016-11-23,Queens Sports Club,1,5.3,Sri Lanka,West Indies,N Dickwella,DM de Silva,JO Holder,0,0,,,,,,,,,
1059714,2016/17,2016-11-23,Queens Sports Club,1,5.4,Sri Lanka,West Indies,N Dickwella,DM de Silva,JO Holder,3,0,,,,,,,,,
1059714,2016/17,2016-11-23,Queens Sports Club,1,5.5,Sri Lanka,West Indies,DM de Silva,N Dickwella,JO Holder,0,0,,,,,,,,,
1059714,2016/17,2016-11-23,Queens Sports Club,1,5.6,Sri Lanka,West Indies,DM de Silva,N Dickwella,JO Holder,4,0,,,,,,,,,
1059714,2016/17,2016-11-23,Queens Sports Club,1,6.1,Sri Lanka,West Indies,N Dickwella,DM de Silva,CR Brathwaite,2,0,,,,,,,,,
1059714,2016/17,2016-11-23,Queens Sports Club,1,6.2,Sri Lanka,West Indies,N Dickwella,DM de Silva,CR Brathwaite,2,0,,,,,,,,,
1059714,2016/17,2016-11-23,Queens Sports Club,1,6.3,Sri Lanka,West Indies,N Dickwella,DM de Silva,CR Brathwaite,4,0,,,,,,,,,
1059714,2016/17,2016-11-23,Queens Sports Club,1,6.4,Sri Lanka,West Indies,N Dickwella,DM de Silva,CR Brathwaite,0,0,,,,,,,,,
1059714,2016/17,2016-11-23,Queens Sports Club,1,6.5,Sri Lanka,West Indies,N Dickwella,DM de Silva,CR Brathwaite,0,0,,,,,,,,,
1059714,2016/17,2016-11-23,Queens Sports Club,1,6.6,Sri Lanka,West Indies,N Dickwella,DM de Silva,CR Brathwaite,6,0,,,,,,,,,
1059714,2016/17,2016-11-23,Queens Sports Club,1,7.1,Sri Lanka,West Indies,DM de Silva,N Dickwella,JO Holder,0,0,,,,,,,,,
1059714,2016/17,2016-11-23,Queens Sports Club,1,7.2,Sri Lanka,West Indies,DM de Silva,N Dickwella,JO Holder,1,0,,,,,,,,,
1059714,2016/17,2016-11-23,Queens Sports Club,1,7.3,Sri Lanka,West Indies,N Dickwella,DM de Silva,JO Holder,4,0,,,,,,,,,
1059714,2016/17,2016-11-23,Queens Sports Club,1,7.4,Sri Lanka,West Indies,N Dickwella,DM de Silva,JO Holder,1,0,,,,,,,,,
1059714,2016/17,2016-11-23,Queens Sports Club,1,7.5,Sri Lanka,West Indies,DM de Silva,N Dickwella,JO Holder,0,0,,,,,,,,,
1059714,2016/17,2016-11-23,Queens Sports Club,1,7.6,Sri Lanka,West Indies,DM de Silva,N Dickwella,JO Holder,2,0,,,,,,,,,
1059714,2016/17,2016-11-23,Queens Sports Club,1,8.1,Sri Lanka,West Indies,N Dickwella,DM de Silva,CR Brathwaite,0,0,,,,,,,,,
1059714,2016/17,2016-11-23,Queens Sports Club,1,8.2,Sri Lanka,West Indies,N Dickwella,DM de Silva,CR Brathwaite,0,0,,,,,,,,,
1059714,2016/17,2016-11-23,Queens Sports Club,1,8.3,Sri Lanka,West Indies,N Dickwella,DM de Silva,CR Brathwaite,1,0,,,,,,,,,
1059714,2016/17,2016-11-23,Queens Sports Club,1,8.4,Sri Lanka,West Indies,DM de Silva,N Dickwella,CR Brathwaite,4,0,,,,,,,,,
1059714,2016/17,2016-11-23,Queens Sports Club,1,8.5,Sri Lanka,West Indies,DM de Silva,N Dickwella,CR Brathwaite,4,0,,,,,,,,,
1059714,2016/17,2016-11-23,Queens Sports Club,1,8.6,Sri Lanka,West Indies,DM de Silva,N Dickwella,CR Brathwaite,0,0,,,,,,,,,
1059714,2016/17,2016-11-23,Queens Sports Club,1,9.1,Sri Lanka,West Indies,N Dickwella,DM de Silva,AR Nurse,1,0,,,,,,,,,
1059714,2016/17,2016-11-23,Queens Sports Club,1,9.2,Sri Lanka,West Indies,DM de Silva,N Dickwella,AR Nurse,1,0,,,,,,,,,
1059714,2016/17,2016-11-23,Queens Sports Club,1,9.3,Sri Lanka,West Indies,N Dickwella,DM de Silva,AR Nurse,1,0,,,,,,,,,
1059714,2016/17,2016-11-23,Queens Sports Club,1,9.4,Sri Lanka,West Indies,DM de Silva,N Dickwella,AR Nurse,0,0,,,,,,,,,
1059714,2016/17,2016-11-23,Queens Sports Club,1,9.5,Sri Lanka,West Indies,DM de Silva,N Dickwella,AR Nurse,0,0,,,,,,,,,
1059714,2016/17,2016-11-23,Queens Sports Club,1,9.6,Sri Lanka,West Indies,DM de Silva,N Dickwella,AR Nurse,1,0,,,,,,,,,
1059714,2016/17,2016-11-23,Queens Sports Club,1,10.1,Sri Lanka,West Indies,DM de Silva,N Dickwella,KC Brathwaite,1,0,,,,,,,,,
1059714,2016/17,2016-11-23,Queens Sports Club,1,10.2,Sri Lanka,West Indies,N Dickwella,DM de Silva,KC Brathwaite,1,0,,,,,,,,,
1059714,2016/17,2016-11-23,Queens Sports Club,1,10.3,Sri Lanka,West Indies,DM de Silva,N Dickwella,KC Brathwaite,1,0,,,,,,,,,
1059714,2016/17,2016-11-23,Queens Sports Club,1,10.4,Sri Lanka,West Indies,N Dickwella,DM de Silva,KC Brathwaite,0,0,,,,,,,,,
1059714,2016/17,2016-11-23,Queens Sports Club,1,10.5,Sri Lanka,West Indies,N Dickwella,DM de Silva,KC Brathwaite,0,0,,,,,,,,,
1059714,2016/17,2016-11-23,Queens Sports Club,1,10.6,Sri Lanka,West Indies,N Dickwella,DM de Silva,KC Brathwaite,0,0,,,,,,,,,
1059714,2016/17,2016-11-23,Queens Sports Club,1,11.1,Sri Lanka,West Indies,DM de Silva,N Dickwella,AR Nurse,0,0,,,,,,,,,
1059714,2016/17,2016-11-23,Queens Sports Club,1,11.2,Sri Lanka,West Indies,DM de Silva,N Dickwella,AR Nurse,1,0,,,,,,,,,
1059714,2016/17,2016-11-23,Queens Sports Club,1,11.3,Sri Lanka,West Indies,N Dickwella,DM de Silva,AR Nurse,4,0,,,,,,,,,
1059714,2016/17,2016-11-23,Queens Sports Club,1,11.4,Sri Lanka,West Indies,N Dickwella,DM de Silva,AR Nurse,0,0,,,,,,,,,
1059714,2016/17,2016-11-23,Queens Sports Club,1,11.5,Sri Lanka,West Indies,N Dickwella,DM de Silva,AR Nurse,1,0,,,,,,,,,
1059714,2016/17,2016-11-23,Queens Sports Club,1,11.6,Sri Lanka,West Indies,DM de Silva,N Dickwella,AR Nurse,2,0,,,,,,,,,
1059714,2016/17,2016-11-23,Queens Sports Club,1,12.1,Sri Lanka,West Indies,N Dickwella,DM de Silva,KC Brathwaite,1,0,,,,,,,,,
1059714,2016/17,2016-11-23,Queens Sports Club,1,12.2,Sri Lanka,West Indies,DM de Silva,N Dickwella,KC Brathwaite,0,0,,,,,,,,,
1059714,2016/17,2016-11-23,Queens Sports Club,1,12.3,Sri Lanka,West Indies,DM de Silva,N Dickwella,KC Brathwaite,0,0,,,,,,,,,
1059714,2016/17,2016-11-23,Queens Sports Club,1,12.4,Sri Lanka,West Indies,DM de Silva,N Dickwella,KC Brathwaite,0,0,,,,,,,,,
1059714,2016/17,2016-11-23,Queens Sports Club,1,12.5,Sri Lanka,West Indies,DM de Silva,N Dickwella,KC Brathwaite,1,0,,,,,,,,,
1059714,2016/17,2016-11-23,Queens Sports Club,1,12.6,Sri Lanka,West Indies,N Dickwella,DM de Silva,KC Brathwaite,1,0,,,,,,,,,
1059714,2016/17,2016-11-23,Queens Sports Club,1,13.1,Sri Lanka,West Indies,N Dickwella,DM de Silva,AR Nurse,0,0,,,,,,,,,
1059714,2016/17,2016-11-23,Queens Sports Club,1,13.2,Sri Lanka,West Indies,N Dickwella,DM de Silva,AR Nurse,0,0,,,,,,,,,
1059714,2016/17,2016-11-23,Queens Sports Club,1,13.3,Sri Lanka,West Indies,N Dickwella,DM de Silva,AR Nurse,0,0,,,,,,,,,
1059714,2016/17,2016-11-23,Queens Sports Club,1,13.4,Sri Lanka,West Indies,N Dickwella,DM de Silva,AR Nurse,1,0,,,,,,,,,
1059714,2016/17,2016-11-23,Queens Sports Club,1,13.5,Sri Lanka,West Indies,DM de Silva,N Dickwella,AR Nurse,1,0,,,,,,,,,
1059714,2016/17,2016-11-23,Queens Sports Club,1,13.6,Sri Lanka,West Indies,N Dickwella,DM de Silva,AR Nurse,1,0,,,,,,,,,
1059714,2016/17,2016-11-23,Queens Sports Club,1,14.1,Sri Lanka,West Indies,N Dickwella,DM de Silva,KC Brathwaite,0,0,,,,,,,,,
1059714,2016/17,2016-11-23,Queens Sports Club,1,14.2,Sri Lanka,West Indies,N Dickwella,DM de Silva,KC Brathwaite,1,0,,,,,,,,,
1059714,2016/17,2016-11-23,Queens Sports Club,1,14.3,Sri Lanka,West Indies,DM de Silva,N Dickwella,KC Brathwaite,2,0,,,,,,,,,
1059714,2016/17,2016-11-23,Queens Sports Club,1,14.4,Sri Lanka,West Indies,DM de Silva,N Dickwella,KC Brathwaite,1,0,,,,,,,,,
1059714,2016/17,2016-11-23,Queens Sports Club,1,14.5,Sri Lanka,West Indies,N Dickwella,DM de Silva,KC Brathwaite,0,0,,,,,,,,,
1059714,2016/17,2016-11-23,Queens Sports Club,1,14.6,Sri Lanka,West Indies,N Dickwella,DM de Silva,KC Brathwaite,1,0,,,,,,,,,
1059714,2016/17,2016-11-23,Queens Sports Club,1,15.1,Sri Lanka,West Indies,N Dickwella,DM de Silva,AR Nurse,0,0,,,,,,,,,
1059714,2016/17,2016-11-23,Queens Sports Club,1,15.2,Sri Lanka,West Indies,N Dickwella,DM de Silva,AR Nurse,0,0,,,,,,,,,
1059714,2016/17,2016-11-23,Queens Sports Club,1,15.3,Sri Lanka,West Indies,N Dickwella,DM de Silva,AR Nurse,4,0,,,,,,,,,
1059714,2016/17,2016-11-23,Queens Sports Club,1,15.4,Sri Lanka,West Indies,N Dickwella,DM de Silva,AR Nurse,0,0,,,,,,,,,
1059714,2016/17,2016-11-23,Queens Sports Club,1,15.5,Sri Lanka,West Indies,N Dickwella,DM de Silva,AR Nurse,1,0,,,,,,,,,
1059714,2016/17,2016-11-23,Queens Sports Club,1,15.6,Sri Lanka,West Indies,DM de Silva,N Dickwella,AR Nurse,1,0,,,,,,,,,
1059714,2016/17,2016-11-23,Queens Sports Club,1,16.1,Sri Lanka,West Indies,DM de Silva,N Dickwella,KC Brathwaite,2,0,,,,,,,,,
1059714,2016/17,2016-11-23,Queens Sports Club,1,16.2,Sri Lanka,West Indies,DM de Silva,N Dickwella,KC Brathwaite,1,0,,,,,,,,,
1059714,2016/17,2016-11-23,Queens Sports Club,1,16.3,Sri Lanka,West Indies,N Dickwella,DM de Silva,KC Brathwaite,0,0,,,,,,,,,
1059714,2016/17,2016-11-23,Queens Sports Club,1,16.4,Sri Lanka,West Indies,N Dickwella,DM de Silva,KC Brathwaite,0,0,,,,,,,,,
1059714,2016/17,2016-11-23,Queens Sports Club,1,16.5,Sri Lanka,West Indies,N Dickwella,DM de Silva,KC Brathwaite,1,0,,,,,,,,,
1059714,2016/17,2016-11-23,Queens Sports Club,1,16.6,Sri Lanka,West Indies,DM de Silva,N Dickwella,KC Brathwaite,0,0,,,,,,,,,
1059714,2016/17,2016-11-23,Queens Sports Club,1,17.1,Sri Lanka,West Indies,N Dickwella,DM de Silva,AR Nurse,0,0,,,,,,,,,
1059714,2016/17,2016-11-23,Queens Sports Club,1,17.2,Sri Lanka,West Indies,N Dickwella,DM de Silva,AR Nurse,0,0,,,,,,,,,
1059714,2016/17,2016-11-23,Queens Sports Club,1,17.3,Sri Lanka,West Indies,N Dickwella,DM de Silva,AR Nurse,1,0,,,,,,,,,
1059714,2016/17,2016-11-23,Queens Sports Club,1,17.4,Sri Lanka,West Indies,DM de Silva,N Dickwella,AR Nurse,0,0,,,,,,,,,
1059714,2016/17,2016-11-23,Queens Sports Club,1,17.5,Sri Lanka,West Indies,DM de Silva,N Dickwella,AR Nurse,1,0,,,,,,,,,
1059714,2016/17,2016-11-23,Queens Sports Club,1,17.6,Sri Lanka,West Indies,N Dickwella,DM de Silva,AR Nurse,0,0,,,,,,,,,
1059714,2016/17,2016-11-23,Queens Sports Club,1,18.1,Sri Lanka,West Indies,DM de Silva,N Dickwella,KC Brathwaite,1,0,,,,,,,,,
1059714,2016/17,2016-11-23,Queens Sports Club,1,18.2,Sri Lanka,West Indies,N Dickwella,DM de Silva,KC Brathwaite,0,0,,,,,,,,,
1059714,2016/17,2016-11-23,Queens Sports Club,1,18.3,Sri Lanka,West Indies,N Dickwella,DM de Silva,KC Brathwaite,1,0,,,,,,,,,
1059714,2016/17,2016-11-23,Queens Sports Club,1,18.4,Sri Lanka,West Indies,DM de Silva,N Dickwella,KC Brathwaite,4,0,,,,,,,,,
1059714,2016/17,2016-11-23,Queens Sports Club,1,18.5,Sri Lanka,West Indies,DM de Silva,N Dickwella,KC Brathwaite,1,0,,,,,,,,,
1059714,2016/17,2016-11-23,Queens Sports Club,1,18.6,Sri Lanka,West Indies,N Dickwella,DM de Silva,KC Brathwaite,1,0,,,,,,,,,
1059714,2016/17,2016-11-23,Queens Sports Club,1,19.1,Sri Lanka,West Indies,N Dickwella,DM de Silva,AR Nurse,0,0,,,,,,,,,
1059714,2016/17,2016-11-23,Queens Sports Club,1,19.2,Sri Lanka,West Indies,N Dickwella,DM de Silva,AR Nurse,1,0,,,,,,,,,
1059714,2016/17,2016-11-23,Queens Sports Club,1,19.3,Sri Lanka,West Indies,DM de Silva,N Dickwella,AR Nurse,4,0,,,,,,,,,
1059714,2016/17,2016-11-23,Queens Sports Club,1,19.4,Sri Lanka,West Indies,DM de Silva,N Dickwella,AR Nurse,0,0,,,,,,,,,
1059714,2016/17,2016-11-23,Queens Sports Club,1,19.5,Sri Lanka,West Indies,DM de Silva,N Dickwella,AR Nurse,1,0,,,,,,,,,
1059714,2016/17,2016-11-23,Queens Sports Club,1,19.6,Sri Lanka,West Indies,N Dickwella,DM de Silva,AR Nurse,1,0,,,,,,,,,
1059714,2016/17,2016-11-23,Queens Sports Club,1,20.1,Sri Lanka,West Indies,N Dickwella,DM de Silva,KC Brathwaite,1,0,,,,,,,,,
1059714,2016/17,2016-11-23,Queens Sports Club,1,20.2,Sri Lanka,West Indies,DM de Silva,N Dickwella,KC Brathwaite,0,0,,,,,,,,,
1059714,2016/17,2016-11-23,Queens Sports Club,1,20.3,Sri Lanka,West Indies,DM de Silva,N Dickwella,KC Brathwaite,0,0,,,,,,,,,
1059714,2016/17,2016-11-23,Queens Sports Club,1,20.4,Sri Lanka,West Indies,DM de Silva,N Dickwella,KC Brathwaite,1,0,,,,,,,,,
1059714,2016/17,2016-11-23,Queens Sports Club,1,20.5,Sri Lanka,West Indies,N Dickwella,DM de Silva,KC Brathwaite,1,0,,,,,,,,,
1059714,2016/17,2016-11-23,Queens Sports Club,1,20.6,Sri Lanka,West Indies,DM de Silva,N Dickwella,KC Brathwaite,0,0,,,,,,caught and bowled,DM de Silva,,
1059714,2016/17,2016-11-23,Queens Sports Club,1,21.1,Sri Lanka,West Indies,N Dickwella,BKG Mendis,SJ Benn,3,0,,,,,,,,,
1059714,2016/17,2016-11-23,Queens Sports Club,1,21.2,Sri Lanka,West Indies,BKG Mendis,N Dickwella,SJ Benn,0,0,,,,,,,,,
1059714,2016/17,2016-11-23,Queens Sports Club,1,21.3,Sri Lanka,West Indies,BKG Mendis,N Dickwella,SJ Benn,0,0,,,,,,,,,
1059714,2016/17,2016-11-23,Queens Sports Club,1,21.4,Sri Lanka,West Indies,BKG Mendis,N Dickwella,SJ Benn,0,0,,,,,,,,,
1059714,2016/17,2016-11-23,Queens Sports Club,1,21.5,Sri Lanka,West Indies,BKG Mendis,N Dickwella,SJ Benn,1,0,,,,,,,,,
1059714,2016/17,2016-11-23,Queens Sports Club,1,21.6,Sri Lanka,West Indies,N Dickwella,BKG Mendis,SJ Benn,0,0,,,,,,,,,
1059714,2016/17,2016-11-23,Queens Sports Club,1,22.1,Sri Lanka,West Indies,BKG Mendis,N Dickwella,KC Brathwaite,1,0,,,,,,,,,
1059714,2016/17,2016-11-23,Queens Sports Club,1,22.2,Sri Lanka,West Indies,N Dickwella,BKG Mendis,KC Brathwaite,0,0,,,,,,,,,
1059714,2016/17,2016-11-23,Queens Sports Club,1,22.3,Sri Lanka,West Indies,N Dickwella,BKG Mendis,KC Brathwaite,0,0,,,,,,,,,
1059714,2016/17,2016-11-23,Queens Sports Club,1,22.4,Sri Lanka,West Indies,N Dickwella,BKG Mendis,KC Brathwaite,1,0,,,,,,,,,
1059714,2016/17,2016-11-23,Queens Sports Club,1,22.5,Sri Lanka,West Indies,BKG Mendis,N Dickwella,KC Brathwaite,1,0,,,,,,,,,
1059714,2016/17,2016-11-23,Queens Sports Club,1,22.6,Sri Lanka,West Indies,N Dickwella,BKG Mendis,KC Brathwaite,0,0,,,,,,,,,
1059714,2016/17,2016-11-23,Queens Sports Club,1,23.1,Sri Lanka,West Indies,BKG Mendis,N Dickwella,SJ Benn,1,0,,,,,,,,,
1059714,2016/17,2016-11-23,Queens Sports Club,1,23.2,Sri Lanka,West Indies,N Dickwella,BKG Mendis,SJ Benn,0,0,,,,,,,,,
1059714,2016/17,2016-11-23,Queens Sports Club,1,23.3,Sri Lanka,West Indies,N Dickwella,BKG Mendis,SJ Benn,0,0,,,,,,,,,
1059714,2016/17,2016-11-23,Queens Sports Club,1,23.4,Sri Lanka,West Indies,N Dickwella,BKG Mendis,SJ Benn,0,0,,,,,,,,,
1059714,2016/17,2016-11-23,Queens Sports Club,1,23.5,Sri Lanka,West Indies,N Dickwella,BKG Mendis,SJ Benn,0,0,,,,,,,,,
1059714,2016/17,2016-11-23,Queens Sports Club,1,23.6,Sri Lanka,West Indies,N Dickwella,BKG Mendis,SJ Benn,1,0,,,,,,,,,
1059714,2016/17,2016-11-23,Queens Sports Club,1,24.1,Sri Lanka,West Indies,N Dickwella,BKG Mendis,KC Brathwaite,1,0,,,,,,,,,
1059714,2016/17,2016-11-23,Queens Sports Club,1,24.2,Sri Lanka,West Indies,BKG Mendis,N Dickwella,KC Brathwaite,0,1,1,,,,,,,,
1059714,2016/17,2016-11-23,Queens Sports Club,1,24.3,Sri Lanka,West Indies,BKG Mendis,N Dickwella,KC Brathwaite,0,0,,,,,,,,,
1059714,2016/17,2016-11-23,Queens Sports Club,1,24.4,Sri Lanka,West Indies,BKG Mendis,N Dickwella,KC Brathwaite,4,0,,,,,,,,,
1059714,2016/17,2016-11-23,Queens Sports Club,1,24.5,Sri Lanka,West Indies,BKG Mendis,N Dickwella,KC Brathwaite,1,0,,,,,,,,,
1059714,2016/17,2016-11-23,Queens Sports Club,1,24.6,Sri Lanka,West Indies,N Dickwella,BKG Mendis,KC Brathwaite,1,0,,,,,,,,,
1059714,2016/17,2016-11-23,Queens Sports Club,1,24.7,Sri Lanka,West Indies,BKG Mendis,N Dickwella,KC Brathwaite,1,0,,,,,,,,,
1059714,2016/17,2016-11-23,Queens Sports Club,1,25.1,Sri Lanka,West Indies,BKG Mendis,N Dickwella,SJ Benn,0,0,,,,,,,,,
1059714,2016/17,2016-11-23,Queens Sports Club,1,25.2,Sri Lanka,West Indies,BKG Mendis,N Dickwella,SJ Benn,1,0,,,,,,,,,
1059714,2016/17,2016-11-23,Queens Sports Club,1,25.3,Sri Lanka,West Indies,N Dickwella,BKG Mendis,SJ Benn,1,0,,,,,,,,,
1059714,2016/17,2016-11-23,Queens Sports Club,1,25.4,Sri Lanka,West Indies,BKG Mendis,N Dickwella,SJ Benn,1,0,,,,,,,,,
1059714,2016/17,2016-11-23,Queens Sports Club,1,25.5,Sri Lanka,West Indies,N Dickwella,BKG Mendis,SJ Benn,1,0,,,,,,,,,
1059714,2016/17,2016-11-23,Queens Sports Club,1,25.6,Sri Lanka,West Indies,BKG Mendis,N Dickwella,SJ Benn,2,0,,,,,,,,,
1059714,2016/17,2016-11-23,Queens Sports Club,1,26.1,Sri Lanka,West Indies,N Dickwella,BKG Mendis,KC Brathwaite,1,0,,,,,,,,,
1059714,2016/17,2016-11-23,Queens Sports Club,1,26.2,Sri Lanka,West Indies,BKG Mendis,N Dickwella,KC Brathwaite,4,0,,,,,,,,,
1059714,2016/17,2016-11-23,Queens Sports Club,1,26.3,Sri Lanka,West Indies,BKG Mendis,N Dickwella,KC Brathwaite,0,0,,,,,,,,,
1059714,2016/17,2016-11-23,Queens Sports Club,1,26.4,Sri Lanka,West Indies,BKG Mendis,N Dickwella,KC Brathwaite,1,0,,,,,,,,,
1059714,2016/17,2016-11-23,Queens Sports Club,1,26.5,Sri Lanka,West Indies,N Dickwella,BKG Mendis,KC Brathwaite,1,0,,,,,,,,,
1059714,2016/17,2016-11-23,Queens Sports Club,1,26.6,Sri Lanka,West Indies,BKG Mendis,N Dickwella,KC Brathwaite,1,0,,,,,,,,,
1059714,2016/17,2016-11-23,Queens Sports Club,1,27.1,Sri Lanka,West Indies,BKG Mendis,N Dickwella,SJ Benn,0,0,,,,,,,,,
1059714,2016/17,2016-11-23,Queens Sports Club,1,27.2,Sri Lanka,West Indies,BKG Mendis,N Dickwella,SJ Benn,1,0,,,,,,,,,
1059714,2016/17,2016-11-23,Queens Sports Club,1,27.3,Sri Lanka,West Indies,N Dickwella,BKG Mendis,SJ Benn,1,0,,,,,,,,,
1059714,2016/17,2016-11-23,Queens Sports Club,1,27.4,Sri Lanka,West Indies,BKG Mendis,N Dickwella,SJ Benn,1,0,,,,,,,,,
1059714,2016/17,2016-11-23,Queens Sports Club,1,27.5,Sri Lanka,West Indies,N Dickwella,BKG Mendis,SJ Benn,1,0,,,,,,,,,
1059714,2016/17,2016-11-23,Queens Sports Club,1,27.6,Sri Lanka,West Indies,BKG Mendis,N Dickwella,SJ Benn,0,0,,,,,,,,,
1059714,2016/17,2016-11-23,Queens Sports Club,1,28.1,Sri Lanka,West Indies,N Dickwella,BKG Mendis,KC Brathwaite,2,0,,,,,,,,,
1059714,2016/17,2016-11-23,Queens Sports Club,1,28.2,Sri Lanka,West Indies,N Dickwella,BKG Mendis,KC Brathwaite,1,0,,,,,,,,,
1059714,2016/17,2016-11-23,Queens Sports Club,1,28.3,Sri Lanka,West Indies,BKG Mendis,N Dickwella,KC Brathwaite,1,0,,,,,,,,,
1059714,2016/17,2016-11-23,Queens Sports Club,1,28.4,Sri Lanka,West Indies,N Dickwella,BKG Mendis,KC Brathwaite,1,0,,,,,,,,,
1059714,2016/17,2016-11-23,Queens Sports Club,1,28.5,Sri Lanka,West Indies,BKG Mendis,N Dickwella,KC Brathwaite,4,0,,,,,,,,,
1059714,2016/17,2016-11-23,Queens Sports Club,1,28.6,Sri Lanka,West Indies,BKG Mendis,N Dickwella,KC Brathwaite,1,0,,,,,,,,,
1059714,2016/17,2016-11-23,Queens Sports Club,1,29.1,Sri Lanka,West Indies,BKG Mendis,N Dickwella,SJ Benn,1,0,,,,,,,,,
1059714,2016/17,2016-11-23,Queens Sports Club,1,29.2,Sri Lanka,West Indies,N Dickwella,BKG Mendis,SJ Benn,0,0,,,,,,,,,
1059714,2016/17,2016-11-23,Queens Sports Club,1,29.3,Sri Lanka,West Indies,N Dickwella,BKG Mendis,SJ Benn,2,0,,,,,,,,,
1059714,2016/17,2016-11-23,Queens Sports Club,1,29.4,Sri Lanka,West Indies,N Dickwella,BKG Mendis,SJ Benn,1,0,,,,,,,,,
1059714,2016/17,2016-11-23,Queens Sports Club,1,29.5,Sri Lanka,West Indies,BKG Mendis,N Dickwella,SJ Benn,0,0,,,,,,,,,
1059714,2016/17,2016-11-23,Queens Sports Club,1,29.6,Sri Lanka,West Indies,BKG Mendis,N Dickwella,SJ Benn,1,0,,,,,,,,,
1059714,2016/17,2016-11-23,Queens Sports Club,1,30.1,Sri Lanka,West Indies,BKG Mendis,N Dickwella,ST Gabriel,0,0,,,,,,,,,
1059714,2016/17,2016-11-23,Queens Sports Club,1,30.2,Sri Lanka,West Indies,BKG Mendis,N Dickwella,ST Gabriel,4,0,,,,,,,,,
1059714,2016/17,2016-11-23,Queens Sports Club,1,30.3,Sri Lanka,West Indies,BKG Mendis,N Dickwella,ST Gabriel,1,0,,,,,,,,,
1059714,2016/17,2016-11-23,Queens Sports Club,1,30.4,Sri Lanka,West Indies,N Dickwella,BKG Mendis,ST Gabriel,0,0,,,,,,,,,
1059714,2016/17,2016-11-23,Queens Sports Club,1,30.5,Sri Lanka,West Indies,N Dickwella,BKG Mendis,ST Gabriel,0,0,,,,,,,,,
1059714,2016/17,2016-11-23,Queens Sports Club,1,30.6,Sri Lanka,West Indies,N Dickwella,BKG Mendis,ST Gabriel,0,0,,,,,,,,,
1059714,2016/17,2016-11-23,Queens Sports Club,1,31.1,Sri Lanka,West Indies,BKG Mendis,N Dickwella,SJ Benn,0,0,,,,,,,,,
1059714,2016/17,2016-11-23,Queens Sports Club,1,31.2,Sri Lanka,West Indies,BKG Mendis,N Dickwella,SJ Benn,1,0,,,,,,,,,
1059714,2016/17,2016-11-23,Queens Sports Club,1,31.3,Sri Lanka,West Indies,N Dickwella,BKG Mendis,SJ Benn,1,0,,,,,,,,,
1059714,2016/17,2016-11-23,Queens Sports Club,1,31.4,Sri Lanka,West Indies,BKG Mendis,N Dickwella,SJ Benn,0,0,,,,,,,,,
1059714,2016/17,2016-11-23,Queens Sports Club,1,31.5,Sri Lanka,West Indies,BKG Mendis,N Dickwella,SJ Benn,4,0,,,,,,,,,
1059714,2016/17,2016-11-23,Queens Sports Club,1,31.6,Sri Lanka,West Indies,BKG Mendis,N Dickwella,SJ Benn,0,0,,,,,,,,,
1059714,2016/17,2016-11-23,Queens Sports Club,1,32.1,Sri Lanka,West Indies,N Dickwella,BKG Mendis,ST Gabriel,0,0,,,,,,,,,
1059714,2016/17,2016-11-23,Queens Sports Club,1,32.2,Sri Lanka,West Indies,N Dickwella,BKG Mendis,ST Gabriel,0,0,,,,,,,,,
1059714,2016/17,2016-11-23,Queens Sports Club,1,32.3,Sri Lanka,West Indies,N Dickwella,BKG Mendis,ST Gabriel,1,0,,,,,,,,,
1059714,2016/17,2016-11-23,Queens Sports Club,1,32.4,Sri Lanka,West Indies,BKG Mendis,N Dickwella,ST Gabriel,0,0,,,,,,,,,
1059714,2016/17,2016-11-23,Queens Sports Club,1,32.5,Sri Lanka,West Indies,BKG Mendis,N Dickwella,ST Gabriel,0,0,,,,,,,,,
1059714,2016/17,2016-11-23,Queens Sports Club,1,32.6,Sri Lanka,West Indies,BKG Mendis,N Dickwella,ST Gabriel,1,0,,,,,,,,,
1059714,2016/17,2016-11-23,Queens Sports Club,1,33.1,Sri Lanka,West Indies,BKG Mendis,N Dickwella,SJ Benn,0,0,,,,,,,,,
1059714,2016/17,2016-11-23,Queens Sports Club,1,33.2,Sri Lanka,West Indies,BKG Mendis,N Dickwella,SJ Benn,0,0,,,,,,,,,
1059714,2016/17,2016-11-23,Queens Sports Club,1,33.3,Sri Lanka,West Indies,BKG Mendis,N Dickwella,SJ Benn,4,0,,,,,,,,,
1059714,2016/17,2016-11-23,Queens Sports Club,1,33.4,Sri Lanka,West Indies,BKG Mendis,N Dickwella,SJ Benn,0,0,,,,,,,,,
1059714,2016/17,2016-11-23,Queens Sports Club,1,33.5,Sri Lanka,West Indies,BKG Mendis,N Dickwella,SJ Benn,0,0,,,,,,,,,
1059714,2016/17,2016-11-23,Queens Sports Club,1,33.6,Sri Lanka,West Indies,BKG Mendis,N Dickwella,SJ Benn,1,0,,,,,,,,,
1059714,2016/17,2016-11-23,Queens Sports Club,1,34.1,Sri Lanka,West Indies,BKG Mendis,N Dickwella,ST Gabriel,4,0,,,,,,,,,
1059714,2016/17,2016-11-23,Queens Sports Club,1,34.2,Sri Lanka,West Indies,BKG Mendis,N Dickwella,ST Gabriel,1,0,,,,,,,,,
1059714,2016/17,2016-11-23,Queens Sports Club,1,34.3,Sri Lanka,West Indies,N Dickwella,BKG Mendis,ST Gabriel,2,0,,,,,,,,,
1059714,2016/17,2016-11-23,Queens Sports Club,1,34.4,Sri Lanka,West Indies,N Dickwella,BKG Mendis,ST Gabriel,0,0,,,,,,,,,
1059714,2016/17,2016-11-23,Queens Sports Club,1,34.5,Sri Lanka,West Indies,N Dickwella,BKG Mendis,ST Gabriel,1,0,,,,,,,,,
1059714,2016/17,2016-11-23,Queens Sports Club,1,34.6,Sri Lanka,West Indies,BKG Mendis,N Dickwella,ST Gabriel,0,0,,,,,,,,,
1059714,2016/17,2016-11-23,Queens Sports Club,1,35.1,Sri Lanka,West Indies,N Dickwella,BKG Mendis,SJ Benn,0,0,,,,,,,,,
1059714,2016/17,2016-11-23,Queens Sports Club,1,35.2,Sri Lanka,West Indies,N Dickwella,BKG Mendis,SJ Benn,4,0,,,,,,,,,
1059714,2016/17,2016-11-23,Queens Sports Club,1,35.3,Sri Lanka,West Indies,N Dickwella,BKG Mendis,SJ Benn,0,0,,,,,,,,,
1059714,2016/17,2016-11-23,Queens Sports Club,1,35.4,Sri Lanka,West Indies,N Dickwella,BKG Mendis,SJ Benn,1,0,,,,,,,,,
1059714,2016/17,2016-11-23,Queens Sports Club,1,35.5,Sri Lanka,West Indies,BKG Mendis,N Dickwella,SJ Benn,1,0,,,,,,,,,
1059714,2016/17,2016-11-23,Queens Sports Club,1,35.6,Sri Lanka,West Indies,N Dickwella,BKG Mendis,SJ Benn,0,1,1,,,,,,,,
1059714,2016/17,2016-11-23,Queens Sports Club,1,35.7,Sri Lanka,West Indies,N Dickwella,BKG Mendis,SJ Benn,0,0,,,,,,,,,
1059714,2016/17,2016-11-23,Queens Sports Club,1,36.1,Sri Lanka,West Indies,BKG Mendis,N Dickwella,JO Holder,1,0,,,,,,,,,
1059714,2016/17,2016-11-23,Queens Sports Club,1,36.2,Sri Lanka,West Indies,N Dickwella,BKG Mendis,JO Holder,1,0,,,,,,,,,
1059714,2016/17,2016-11-23,Queens Sports Club,1,36.3,Sri Lanka,West Indies,BKG Mendis,N Dickwella,JO Holder,1,0,,,,,,,,,
1059714,2016/17,2016-11-23,Queens Sports Club,1,36.4,Sri Lanka,West Indies,N Dickwella,BKG Mendis,JO Holder,0,0,,,,,,,,,
1059714,2016/17,2016-11-23,Queens Sports Club,1,36.5,Sri Lanka,West Indies,N Dickwella,BKG Mendis,JO Holder,4,0,,,,,,,,,
1059714,2016/17,2016-11-23,Queens Sports Club,1,36.6,Sri Lanka,West Indies,N Dickwella,BKG Mendis,JO Holder,0,4,,,,4,,,,,
1059714,2016/17,2016-11-23,Queens Sports Club,1,37.1,Sri Lanka,West Indies,BKG Mendis,N Dickwella,SJ Benn,1,0,,,,,,,,,
1059714,2016/17,2016-11-23,Queens Sports Club,1,37.2,Sri Lanka,West Indies,N Dickwella,BKG Mendis,SJ Benn,2,0,,,,,,,,,
1059714,2016/17,2016-11-23,Queens Sports Club,1,37.3,Sri Lanka,West Indies,N Dickwella,BKG Mendis,SJ Benn,1,0,,,,,,,,,
1059714,2016/17,2016-11-23,Queens Sports Club,1,37.4,Sri Lanka,West Indies,BKG Mendis,N Dickwella,SJ Benn,6,0,,,,,,,,,
1059714,2016/17,2016-11-23,Queens Sports Club,1,37.5,Sri Lanka,West Indies,BKG Mendis,N Dickwella,SJ Benn,0,0,,,,,,,,,
1059714,2016/17,2016-11-23,Queens Sports Club,1,37.6,Sri Lanka,West Indies,BKG Mendis,N Dickwella,SJ Benn,1,0,,,,,,,,,
1059714,2016/17,2016-11-23,Queens Sports Club,1,38.1,Sri Lanka,West Indies,BKG Mendis,N Dickwella,JO Holder,1,0,,,,,,,,,
1059714,2016/17,2016-11-23,Queens Sports Club,1,38.2,Sri Lanka,West Indies,N Dickwella,BKG Mendis,JO Holder,0,0,,,,,,lbw,N Dickwella,,
1059714,2016/17,2016-11-23,Queens Sports Club,1,38.3,Sri Lanka,West Indies,GSNFG Jayasuriya,BKG Mendis,JO Holder,0,0,,,,,,,,,
1059714,2016/17,2016-11-23,Queens Sports Club,1,38.4,Sri Lanka,West Indies,GSNFG Jayasuriya,BKG Mendis,JO Holder,1,0,,,,,,,,,
1059714,2016/17,2016-11-23,Queens Sports Club,1,38.5,Sri Lanka,West Indies,BKG Mendis,GSNFG Jayasuriya,JO Holder,0,0,,,,,,,,,
1059714,2016/17,2016-11-23,Queens Sports Club,1,38.6,Sri Lanka,West Indies,BKG Mendis,GSNFG Jayasuriya,JO Holder,0,0,,,,,,,,,
1059714,2016/17,2016-11-23,Queens Sports Club,1,39.1,Sri Lanka,West Indies,GSNFG Jayasuriya,BKG Mendis,SJ Benn,0,0,,,,,,,,,
1059714,2016/17,2016-11-23,Queens Sports Club,1,39.2,Sri Lanka,West Indies,GSNFG Jayasuriya,BKG Mendis,SJ Benn,1,0,,,,,,,,,
1059714,2016/17,2016-11-23,Queens Sports Club,1,39.3,Sri Lanka,West Indies,BKG Mendis,GSNFG Jayasuriya,SJ Benn,0,0,,,,,,,,,
1059714,2016/17,2016-11-23,Queens Sports Club,1,39.4,Sri Lanka,West Indies,BKG Mendis,GSNFG Jayasuriya,SJ Benn,0,0,,,,,,,,,
1059714,2016/17,2016-11-23,Queens Sports Club,1,39.5,Sri Lanka,West Indies,BKG Mendis,GSNFG Jayasuriya,SJ Benn,2,0,,,,,,,,,
1059714,2016/17,2016-11-23,Queens Sports Club,1,39.6,Sri Lanka,West Indies,BKG Mendis,GSNFG Jayasuriya,SJ Benn,6,0,,,,,,,,,
1059714,2016/17,2016-11-23,Queens Sports Club,1,40.1,Sri Lanka,West Indies,GSNFG Jayasuriya,BKG Mendis,JO Holder,0,1,,,,1,,,,,
1059714,2016/17,2016-11-23,Queens Sports Club,1,40.2,Sri Lanka,West Indies,BKG Mendis,GSNFG Jayasuriya,JO Holder,0,0,,,,,,,,,
1059714,2016/17,2016-11-23,Queens Sports Club,1,40.3,Sri Lanka,West Indies,BKG Mendis,GSNFG Jayasuriya,JO Holder,1,0,,,,,,,,,
1059714,2016/17,2016-11-23,Queens Sports Club,1,40.4,Sri Lanka,West Indies,GSNFG Jayasuriya,BKG Mendis,JO Holder,0,0,,,,,,,,,
1059714,2016/17,2016-11-23,Queens Sports Club,1,40.5,Sri Lanka,West Indies,GSNFG Jayasuriya,BKG Mendis,JO Holder,2,0,,,,,,,,,
1059714,2016/17,2016-11-23,Queens Sports Club,1,40.6,Sri Lanka,West Indies,GSNFG Jayasuriya,BKG Mendis,JO Holder,1,0,,,,,,,,,
1059714,2016/17,2016-11-23,Queens Sports Club,1,41.1,Sri Lanka,West Indies,GSNFG Jayasuriya,BKG Mendis,AR Nurse,2,0,,,,,,,,,
1059714,2016/17,2016-11-23,Queens Sports Club,1,41.2,Sri Lanka,West Indies,GSNFG Jayasuriya,BKG Mendis,AR Nurse,1,0,,,,,,,,,
1059714,2016/17,2016-11-23,Queens Sports Club,1,41.3,Sri Lanka,West Indies,BKG Mendis,GSNFG Jayasuriya,AR Nurse,6,0,,,,,,,,,
1059714,2016/17,2016-11-23,Queens Sports Club,1,41.4,Sri Lanka,West Indies,BKG Mendis,GSNFG Jayasuriya,AR Nurse,1,0,,,,,,,,,
1059714,2016/17,2016-11-23,Queens Sports Club,1,41.5,Sri Lanka,West Indies,GSNFG Jayasuriya,BKG Mendis,AR Nurse,1,0,,,,,,,,,
1059714,2016/17,2016-11-23,Queens Sports Club,1,41.6,Sri Lanka,West Indies,BKG Mendis,GSNFG Jayasuriya,AR Nurse,2,0,,,,,,,,,
1059714,2016/17,2016-11-23,Queens Sports Club,1,42.1,Sri Lanka,West Indies,GSNFG Jayasuriya,BKG Mendis,CR Brathwaite,0,0,,,,,,bowled,GSNFG Jayasuriya,,
1059714,2016/17,2016-11-23,Queens Sports Club,1,42.2,Sri Lanka,West Indies,WU Tharanga,BKG Mendis,CR Brathwaite,0,1,1,,,,,,,,
1059714,2016/17,2016-11-23,Queens Sports Club,1,42.3,Sri Lanka,West Indies,WU Tharanga,BKG Mendis,CR Brathwaite,1,0,,,,,,,,,
1059714,2016/17,2016-11-23,Queens Sports Club,1,42.4,Sri Lanka,West Indies,BKG Mendis,WU Tharanga,CR Brathwaite,0,0,,,,,,,,,
1059714,2016/17,2016-11-23,Queens Sports Club,1,42.5,Sri Lanka,West Indies,BKG Mendis,WU Tharanga,CR Brathwaite,1,0,,,,,,,,,
1059714,2016/17,2016-11-23,Queens Sports Club,1,42.6,Sri Lanka,West Indies,WU Tharanga,BKG Mendis,CR Brathwaite,4,0,,,,,,,,,
1059714,2016/17,2016-11-23,Queens Sports Club,1,42.7,Sri Lanka,West Indies,WU Tharanga,BKG Mendis,CR Brathwaite,0,0,,,,,,,,,
1059714,2016/17,2016-11-23,Queens Sports Club,1,43.1,Sri Lanka,West Indies,BKG Mendis,WU Tharanga,AR Nurse,6,0,,,,,,,,,
1059714,2016/17,2016-11-23,Queens Sports Club,1,43.2,Sri Lanka,West Indies,BKG Mendis,WU Tharanga,AR Nurse,6,0,,,,,,,,,
1059714,2016/17,2016-11-23,Queens Sports Club,1,43.3,Sri Lanka,West Indies,BKG Mendis,WU Tharanga,AR Nurse,0,0,,,,,,caught,BKG Mendis,,
1059714,2016/17,2016-11-23,Queens Sports Club,1,43.4,Sri Lanka,West Indies,DAS Gunaratne,WU Tharanga,AR Nurse,1,0,,,,,,,,,
1059714,2016/17,2016-11-23,Queens Sports Club,1,43.5,Sri Lanka,West Indies,WU Tharanga,DAS Gunaratne,AR Nurse,1,0,,,,,,,,,
1059714,2016/17,2016-11-23,Queens Sports Club,1,43.6,Sri Lanka,West Indies,DAS Gunaratne,WU Tharanga,AR Nurse,1,0,,,,,,,,,
1059714,2016/17,2016-11-23,Queens Sports Club,1,44.1,Sri Lanka,West Indies,DAS Gunaratne,WU Tharanga,CR Brathwaite,1,0,,,,,,,,,
1059714,2016/17,2016-11-23,Queens Sports Club,1,44.2,Sri Lanka,West Indies,WU Tharanga,DAS Gunaratne,CR Brathwaite,0,0,,,,,,,,,
1059714,2016/17,2016-11-23,Queens Sports Club,1,44.3,Sri Lanka,West Indies,WU Tharanga,DAS Gunaratne,CR Brathwaite,1,0,,,,,,,,,
1059714,2016/17,2016-11-23,Queens Sports Club,1,44.4,Sri Lanka,West Indies,DAS Gunaratne,WU Tharanga,CR Brathwaite,1,0,,,,,,,,,
1059714,2016/17,2016-11-23,Queens Sports Club,1,44.5,Sri Lanka,West Indies,WU Tharanga,DAS Gunaratne,CR Brathwaite,1,0,,,,,,,,,
1059714,2016/17,2016-11-23,Queens Sports Club,1,44.6,Sri Lanka,West Indies,DAS Gunaratne,WU Tharanga,CR Brathwaite,1,0,,,,,,,,,
1059714,2016/17,2016-11-23,Queens Sports Club,1,45.1,Sri Lanka,West Indies,DAS Gunaratne,WU Tharanga,JO Holder,1,0,,,,,,,,,
1059714,2016/17,2016-11-23,Queens Sports Club,1,45.2,Sri Lanka,West Indies,WU Tharanga,DAS Gunaratne,JO Holder,4,0,,,,,,,,,
1059714,2016/17,2016-11-23,Queens Sports Club,1,45.3,Sri Lanka,West Indies,WU Tharanga,DAS Gunaratne,JO Holder,1,0,,,,,,,,,
1059714,2016/17,2016-11-23,Queens Sports Club,1,45.4,Sri Lanka,West Indies,DAS Gunaratne,WU Tharanga,JO Holder,0,0,,,,,,caught,DAS Gunaratne,,
1059714,2016/17,2016-11-23,Queens Sports Club,1,45.5,Sri Lanka,West Indies,WU Tharanga,SS Pathirana,JO Holder,1,0,,,,,,,,,
1059714,2016/17,2016-11-23,Queens Sports Club,1,45.6,Sri Lanka,West Indies,SS Pathirana,WU Tharanga,JO Holder,0,0,,,,,,,,,
1059714,2016/17,2016-11-23,Queens Sports Club,1,46.1,Sri Lanka,West Indies,WU Tharanga,SS Pathirana,CR Brathwaite,1,0,,,,,,,,,
1059714,2016/17,2016-11-23,Queens Sports Club,1,46.2,Sri Lanka,West Indies,SS Pathirana,WU Tharanga,CR Brathwaite,1,0,,,,,,,,,
1059714,2016/17,2016-11-23,Queens Sports Club,1,46.3,Sri Lanka,West Indies,WU Tharanga,SS Pathirana,CR Brathwaite,1,0,,,,,,,,,
1059714,2016/17,2016-11-23,Queens Sports Club,1,46.4,Sri Lanka,West Indies,SS Pathirana,WU Tharanga,CR Brathwaite,2,0,,,,,,,,,
1059714,2016/17,2016-11-23,Queens Sports Club,1,46.5,Sri Lanka,West Indies,SS Pathirana,WU Tharanga,CR Brathwaite,4,0,,,,,,,,,
1059714,2016/17,2016-11-23,Queens Sports Club,1,46.6,Sri Lanka,West Indies,SS Pathirana,WU Tharanga,CR Brathwaite,4,0,,,,,,,,,
1059714,2016/17,2016-11-23,Queens Sports Club,1,47.1,Sri Lanka,West Indies,WU Tharanga,SS Pathirana,JO Holder,2,0,,,,,,,,,
1059714,2016/17,2016-11-23,Queens Sports Club,1,47.2,Sri Lanka,West Indies,WU Tharanga,SS Pathirana,JO Holder,2,0,,,,,,,,,
1059714,2016/17,2016-11-23,Queens Sports Club,1,47.3,Sri Lanka,West Indies,WU Tharanga,SS Pathirana,JO Holder,1,0,,,,,,,,,
1059714,2016/17,2016-11-23,Queens Sports Club,1,47.4,Sri Lanka,West Indies,SS Pathirana,WU Tharanga,JO Holder,2,0,,,,,,,,,
1059714,2016/17,2016-11-23,Queens Sports Club,1,47.5,Sri Lanka,West Indies,SS Pathirana,WU Tharanga,JO Holder,2,0,,,,,,,,,
1059714,2016/17,2016-11-23,Queens Sports Club,1,47.6,Sri Lanka,West Indies,SS Pathirana,WU Tharanga,JO Holder,1,0,,,,,,,,,
1059714,2016/17,2016-11-23,Queens Sports Club,1,48.1,Sri Lanka,West Indies,SS Pathirana,WU Tharanga,CR Brathwaite,4,0,,,,,,,,,
1059714,2016/17,2016-11-23,Queens Sports Club,1,48.2,Sri Lanka,West Indies,SS Pathirana,WU Tharanga,CR Brathwaite,1,0,,,,,,,,,
1059714,2016/17,2016-11-23,Queens Sports Club,1,48.3,Sri Lanka,West Indies,WU Tharanga,SS Pathirana,CR Brathwaite,1,0,,,,,,,,,
1059714,2016/17,2016-11-23,Queens Sports Club,1,48.4,Sri Lanka,West Indies,SS Pathirana,WU Tharanga,CR Brathwaite,0,1,1,,,,,,,,
1059714,2016/17,2016-11-23,Queens Sports Club,1,48.5,Sri Lanka,West Indies,SS Pathirana,WU Tharanga,CR Brathwaite,0,0,,,,,,,,,
1059714,2016/17,2016-11-23,Queens Sports Club,1,48.6,Sri Lanka,West Indies,SS Pathirana,WU Tharanga,CR Brathwaite,1,0,,,,,,,,,
1059714,2016/17,2016-11-23,Queens Sports Club,1,48.7,Sri Lanka,West Indies,WU Tharanga,SS Pathirana,CR Brathwaite,4,0,,,,,,,,,
1059714,2016/17,2016-11-23,Queens Sports Club,1,49.1,Sri Lanka,West Indies,SS Pathirana,WU Tharanga,JO Holder,0,0,,,,,,,,,
1059714,2016/17,2016-11-23,Queens Sports Club,1,49.2,Sri Lanka,West Indies,SS Pathirana,WU Tharanga,JO Holder,0,0,,,,,,,,,
1059714,2016/17,2016-11-23,Queens Sports Club,1,49.3,Sri Lanka,West Indies,SS Pathirana,WU Tharanga,JO Holder,1,0,,,,,,,,,
1059714,2016/17,2016-11-23,Queens Sports Club,1,49.4,Sri Lanka,West Indies,WU Tharanga,SS Pathirana,JO Holder,0,1,,,,1,,,,,
1059714,2016/17,2016-11-23,Queens Sports Club,1,49.5,Sri Lanka,West Indies,SS Pathirana,WU Tharanga,JO Holder,1,0,,,,,,,,,
1059714,2016/17,2016-11-23,Queens Sports Club,1,49.6,Sri Lanka,West Indies,WU Tharanga,SS Pathirana,JO Holder,0,0,,,,,,caught,WU Tharanga,,
1059714,2016/17,2016-11-23,Queens Sports Club,2,0.1,West Indies,Sri Lanka,J Charles,E Lewis,KMDN Kulasekara,0,1,,,,1,,,,,
1059714,2016/17,2016-11-23,Queens Sports Club,2,0.2,West Indies,Sri Lanka,E Lewis,J Charles,KMDN Kulasekara,0,0,,,,,,,,,
1059714,2016/17,2016-11-23,Queens Sports Club,2,0.3,West Indies,Sri Lanka,E Lewis,J Charles,KMDN Kulasekara,0,5,5,,,,,,,,
1059714,2016/17,2016-11-23,Queens Sports Club,2,0.4,West Indies,Sri Lanka,E Lewis,J Charles,KMDN Kulasekara,0,0,,,,,,,,,
1059714,2016/17,2016-11-23,Queens Sports Club,2,0.5,West Indies,Sri Lanka,E Lewis,J Charles,KMDN Kulasekara,0,0,,,,,,,,,
1059714,2016/17,2016-11-23,Queens Sports Club,2,0.6,West Indies,Sri Lanka,E Lewis,J Charles,KMDN Kulasekara,4,0,,,,,,,,,
1059714,2016/17,2016-11-23,Queens Sports Club,2,0.7,West Indies,Sri Lanka,E Lewis,J Charles,KMDN Kulasekara,1,0,,,,,,,,,
1059714,2016/17,2016-11-23,Queens Sports Club,2,1.1,West Indies,Sri Lanka,E Lewis,J Charles,RAS Lakmal,4,0,,,,,,,,,
1059714,2016/17,2016-11-23,Queens Sports Club,2,1.2,West Indies,Sri Lanka,E Lewis,J Charles,RAS Lakmal,0,0,,,,,,,,,
1059714,2016/17,2016-11-23,Queens Sports Club,2,1.3,West Indies,Sri Lanka,E Lewis,J Charles,RAS Lakmal,1,0,,,,,,,,,
1059714,2016/17,2016-11-23,Queens Sports Club,2,1.4,West Indies,Sri Lanka,J Charles,E Lewis,RAS Lakmal,0,0,,,,,,,,,
1059714,2016/17,2016-11-23,Queens Sports Club,2,1.5,West Indies,Sri Lanka,J Charles,E Lewis,RAS Lakmal,0,0,,,,,,,,,
1059714,2016/17,2016-11-23,Queens Sports Club,2,1.6,West Indies,Sri Lanka,J Charles,E Lewis,RAS Lakmal,0,0,,,,,,,,,
1059714,2016/17,2016-11-23,Queens Sports Club,2,2.1,West Indies,Sri Lanka,E Lewis,J Charles,KMDN Kulasekara,0,0,,,,,,,,,
1059714,2016/17,2016-11-23,Queens Sports Club,2,2.2,West Indies,Sri Lanka,E Lewis,J Charles,KMDN Kulasekara,1,0,,,,,,,,,
1059714,2016/17,2016-11-23,Queens Sports Club,2,2.3,West Indies,Sri Lanka,J Charles,E Lewis,KMDN Kulasekara,0,0,,,,,,,,,
1059714,2016/17,2016-11-23,Queens Sports Club,2,2.4,West Indies,Sri Lanka,J Charles,E Lewis,KMDN Kulasekara,0,0,,,,,,,,,
1059714,2016/17,2016-11-23,Queens Sports Club,2,2.5,West Indies,Sri Lanka,J Charles,E Lewis,KMDN Kulasekara,0,0,,,,,,,,,
1059714,2016/17,2016-11-23,Queens Sports Club,2,2.6,West Indies,Sri Lanka,J Charles,E Lewis,KMDN Kulasekara,0,0,,,,,,,,,
1059714,2016/17,2016-11-23,Queens Sports Club,2,3.1,West Indies,Sri Lanka,E Lewis,J Charles,RAS Lakmal,0,0,,,,,,,,,
1059714,2016/17,2016-11-23,Queens Sports Club,2,3.2,West Indies,Sri Lanka,E Lewis,J Charles,RAS Lakmal,0,0,,,,,,,,,
1059714,2016/17,2016-11-23,Queens Sports Club,2,3.3,West Indies,Sri Lanka,E Lewis,J Charles,RAS Lakmal,2,0,,,,,,,,,
1059714,2016/17,2016-11-23,Queens Sports Club,2,3.4,West Indies,Sri Lanka,E Lewis,J Charles,RAS Lakmal,0,0,,,,,,,,,
1059714,2016/17,2016-11-23,Queens Sports Club,2,3.5,West Indies,Sri Lanka,E Lewis,J Charles,RAS Lakmal,4,0,,,,,,,,,
1059714,2016/17,2016-11-23,Queens Sports Club,2,3.6,West Indies,Sri Lanka,E Lewis,J Charles,RAS Lakmal,4,0,,,,,,,,,
1059714,2016/17,2016-11-23,Queens Sports Club,2,4.1,West Indies,Sri Lanka,J Charles,E Lewis,KMDN Kulasekara,1,0,,,,,,,,,
1059714,2016/17,2016-11-23,Queens Sports Club,2,4.2,West Indies,Sri Lanka,E Lewis,J Charles,KMDN Kulasekara,0,0,,,,,,,,,
1059714,2016/17,2016-11-23,Queens Sports Club,2,4.3,West Indies,Sri Lanka,E Lewis,J Charles,KMDN Kulasekara,4,0,,,,,,,,,
1059714,2016/17,2016-11-23,Queens Sports Club,2,4.4,West Indies,Sri Lanka,E Lewis,J Charles,KMDN Kulasekara,1,0,,,,,,,,,
1059714,2016/17,2016-11-23,Queens Sports Club,2,4.5,West Indies,Sri Lanka,J Charles,E Lewis,KMDN Kulasekara,1,0,,,,,,,,,
1059714,2016/17,2016-11-23,Queens Sports Club,2,4.6,West Indies,Sri Lanka,E Lewis,J Charles,KMDN Kulasekara,0,0,,,,,,,,,
1059714,2016/17,2016-11-23,Queens Sports Club,2,5.1,West Indies,Sri Lanka,J Charles,E Lewis,RAS Lakmal,0,0,,,,,,,,,
1059714,2016/17,2016-11-23,Queens Sports Club,2,5.2,West Indies,Sri Lanka,J Charles,E Lewis,RAS Lakmal,4,0,,,,,,,,,
1059714,2016/17,2016-11-23,Queens Sports Club,2,5.3,West Indies,Sri Lanka,J Charles,E Lewis,RAS Lakmal,0,0,,,,,,,,,
1059714,2016/17,2016-11-23,Queens Sports Club,2,5.4,West Indies,Sri Lanka,J Charles,E Lewis,RAS Lakmal,1,0,,,,,,,,,
1059714,2016/17,2016-11-23,Queens Sports Club,2,5.5,West Indies,Sri Lanka,E Lewis,J Charles,RAS Lakmal,0,0,,,,,,,,,
1059714,2016/17,2016-11-23,Queens Sports Club,2,5.6,West Indies,Sri Lanka,E Lewis,J Charles,RAS Lakmal,0,0,,,,,,,,,
1059714,2016/17,2016-11-23,Queens Sports Club,2,6.1,West Indies,Sri Lanka,J Charles,E Lewis,KMDN Kulasekara,0,1,1,,,,,,,,
1059714,2016/17,2016-11-23,Queens Sports Club,2,6.2,West Indies,Sri Lanka,J Charles,E Lewis,KMDN Kulasekara,4,0,,,,,,,,,
1059714,2016/17,2016-11-23,Queens Sports Club,2,6.3,West Indies,Sri Lanka,J Charles,E Lewis,KMDN Kulasekara,6,0,,,,,,,,,
1059714,2016/17,2016-11-23,Queens Sports Club,2,6.4,West Indies,Sri Lanka,J Charles,E Lewis,KMDN Kulasekara,0,0,,,,,,,,,
1059714,2016/17,2016-11-23,Queens Sports Club,2,6.5,West Indies,Sri Lanka,J Charles,E Lewis,KMDN Kulasekara,1,0,,,,,,,,,
1059714,2016/17,2016-11-23,Queens Sports Club,2,6.6,West Indies,Sri Lanka,E Lewis,J Charles,KMDN Kulasekara,3,0,,,,,,,,,
1059714,2016/17,2016-11-23,Queens Sports Club,2,6.7,West Indies,Sri Lanka,J Charles,E Lewis,KMDN Kulasekara,0,0,,,,,,,,,
1059714,2016/17,2016-11-23,Queens Sports Club,2,7.1,West Indies,Sri Lanka,E Lewis,J Charles,RAS Lakmal,1,0,,,,,,,,,
1059714,2016/17,2016-11-23,Queens Sports Club,2,7.2,West Indies,Sri Lanka,J Charles,E Lewis,RAS Lakmal,0,0,,,,,,,,,
1059714,2016/17,2016-11-23,Queens Sports Club,2,7.3,West Indies,Sri Lanka,J Charles,E Lewis,RAS Lakmal,0,0,,,,,,,,,
1059714,2016/17,2016-11-23,Queens Sports Club,2,7.4,West Indies,Sri Lanka,J Charles,E Lewis,RAS Lakmal,4,0,,,,,,,,,
1059714,2016/17,2016-11-23,Queens Sports Club,2,7.5,West Indies,Sri Lanka,J Charles,E Lewis,RAS Lakmal,4,0,,,,,,,,,
1059714,2016/17,2016-11-23,Queens Sports Club,2,7.6,West Indies,Sri Lanka,J Charles,E Lewis,RAS Lakmal,0,0,,,,,,caught,J Charles,,
1059714,2016/17,2016-11-23,Queens Sports Club,2,8.1,West Indies,Sri Lanka,E Lewis,KC Brathwaite,KMDN Kulasekara,6,0,,,,,,,,,
1059714,2016/17,2016-11-23,Queens Sports Club,2,8.2,West Indies,Sri Lanka,E Lewis,KC Brathwaite,KMDN Kulasekara,4,0,,,,,,,,,
1059714,2016/17,2016-11-23,Queens Sports Club,2,8.3,West Indies,Sri Lanka,E Lewis,KC Brathwaite,KMDN Kulasekara,0,0,,,,,,,,,
1059714,2016/17,2016-11-23,Queens Sports Club,2,8.4,West Indies,Sri Lanka,E Lewis,KC Brathwaite,KMDN Kulasekara,1,0,,,,,,,,,
1059714,2016/17,2016-11-23,Queens Sports Club,2,8.5,West Indies,Sri Lanka,KC Brathwaite,E Lewis,KMDN Kulasekara,0,0,,,,,,,,,
1059714,2016/17,2016-11-23,Queens Sports Club,2,8.6,West Indies,Sri Lanka,KC Brathwaite,E Lewis,KMDN Kulasekara,0,0,,,,,,,,,
1059714,2016/17,2016-11-23,Queens Sports Club,2,9.1,West Indies,Sri Lanka,E Lewis,KC Brathwaite,RAS Lakmal,4,0,,,,,,,,,
1059714,2016/17,2016-11-23,Queens Sports Club,2,9.2,West Indies,Sri Lanka,E Lewis,KC Brathwaite,RAS Lakmal,0,0,,,,,,,,,
1059714,2016/17,2016-11-23,Queens Sports Club,2,9.3,West Indies,Sri Lanka,E Lewis,KC Brathwaite,RAS Lakmal,0,0,,,,,,,,,
1059714,2016/17,2016-11-23,Queens Sports Club,2,9.4,West Indies,Sri Lanka,E Lewis,KC Brathwaite,RAS Lakmal,0,0,,,,,,,,,
1059714,2016/17,2016-11-23,Queens Sports Club,2,9.5,West Indies,Sri Lanka,E Lewis,KC Brathwaite,RAS Lakmal,1,0,,,,,,,,,
1059714,2016/17,2016-11-23,Queens Sports Club,2,9.6,West Indies,Sri Lanka,KC Brathwaite,E Lewis,RAS Lakmal,0,0,,,,,,,,,
1059714,2016/17,2016-11-23,Queens Sports Club,2,10.1,West Indies,Sri Lanka,E Lewis,KC Brathwaite,GSNFG Jayasuriya,0,1,1,,,,,,,,
1059714,2016/17,2016-11-23,Queens Sports Club,2,10.2,West Indies,Sri Lanka,E Lewis,KC Brathwaite,GSNFG Jayasuriya,0,0,,,,,,,,,
1059714,2016/17,2016-11-23,Queens Sports Club,2,10.3,West Indies,Sri Lanka,E Lewis,KC Brathwaite,GSNFG Jayasuriya,0,0,,,,,,,,,
1059714,2016/17,2016-11-23,Queens Sports Club,2,10.4,West Indies,Sri Lanka,E Lewis,KC Brathwaite,GSNFG Jayasuriya,0,0,,,,,,,,,
1059714,2016/17,2016-11-23,Queens Sports Club,2,10.5,West Indies,Sri Lanka,E Lewis,KC Brathwaite,GSNFG Jayasuriya,0,0,,,,,,,,,
1059714,2016/17,2016-11-23,Queens Sports Club,2,10.6,West Indies,Sri Lanka,E Lewis,KC Brathwaite,GSNFG Jayasuriya,2,0,,,,,,,,,
1059714,2016/17,2016-11-23,Queens Sports Club,2,10.7,West Indies,Sri Lanka,E Lewis,KC Brathwaite,GSNFG Jayasuriya,1,0,,,,,,,,,
1059714,2016/17,2016-11-23,Queens Sports Club,2,11.1,West Indies,Sri Lanka,E Lewis,KC Brathwaite,N Pradeep,0,0,,,,,,,,,
1059714,2016/17,2016-11-23,Queens Sports Club,2,11.2,West Indies,Sri Lanka,E Lewis,KC Brathwaite,N Pradeep,1,0,,,,,,,,,
1059714,2016/17,2016-11-23,Queens Sports Club,2,11.3,West Indies,Sri Lanka,KC Brathwaite,E Lewis,N Pradeep,1,0,,,,,,,,,
1059714,2016/17,2016-11-23,Queens Sports Club,2,11.4,West Indies,Sri Lanka,E Lewis,KC Brathwaite,N Pradeep,0,0,,,,,,,,,
1059714,2016/17,2016-11-23,Queens Sports Club,2,11.5,West Indies,Sri Lanka,E Lewis,KC Brathwaite,N Pradeep,0,0,,,,,,,,,
1059714,2016/17,2016-11-23,Queens Sports Club,2,11.6,West Indies,Sri Lanka,E Lewis,KC Brathwaite,N Pradeep,2,0,,,,,,,,,
1059714,2016/17,2016-11-23,Queens Sports Club,2,12.1,West Indies,Sri Lanka,KC Brathwaite,E Lewis,GSNFG Jayasuriya,2,0,,,,,,,,,
1059714,2016/17,2016-11-23,Queens Sports Club,2,12.2,West Indies,Sri Lanka,KC Brathwaite,E Lewis,GSNFG Jayasuriya,1,0,,,,,,,,,
1059714,2016/17,2016-11-23,Queens Sports Club,2,12.3,West Indies,Sri Lanka,E Lewis,KC Brathwaite,GSNFG Jayasuriya,0,0,,,,,,,,,
1059714,2016/17,2016-11-23,Queens Sports Club,2,12.4,West Indies,Sri Lanka,E Lewis,KC Brathwaite,GSNFG Jayasuriya,1,0,,,,,,,,,
1059714,2016/17,2016-11-23,Queens Sports Club,2,12.5,West Indies,Sri Lanka,KC Brathwaite,E Lewis,GSNFG Jayasuriya,0,0,,,,,,,,,
1059714,2016/17,2016-11-23,Queens Sports Club,2,12.6,West Indies,Sri Lanka,KC Brathwaite,E Lewis,GSNFG Jayasuriya,1,0,,,,,,,,,
1059714,2016/17,2016-11-23,Queens Sports Club,2,13.1,West Indies,Sri Lanka,KC Brathwaite,E Lewis,N Pradeep,1,0,,,,,,,,,
1059714,2016/17,2016-11-23,Queens Sports Club,2,13.2,West Indies,Sri Lanka,E Lewis,KC Brathwaite,N Pradeep,0,0,,,,,,,,,
1059714,2016/17,2016-11-23,Queens Sports Club,2,13.3,West Indies,Sri Lanka,E Lewis,KC Brathwaite,N Pradeep,0,0,,,,,,,,,
1059714,2016/17,2016-11-23,Queens Sports Club,2,13.4,West Indies,Sri Lanka,E Lewis,KC Brathwaite,N Pradeep,0,0,,,,,,,,,
1059714,2016/17,2016-11-23,Queens Sports Club,2,13.5,West Indies,Sri Lanka,E Lewis,KC Brathwaite,N Pradeep,2,0,,,,,,,,,
1059714,2016/17,2016-11-23,Queens Sports Club,2,13.6,West Indies,Sri Lanka,E Lewis,KC Brathwaite,N Pradeep,1,0,,,,,,,,,
1059714,2016/17,2016-11-23,Queens Sports Club,2,14.1,West Indies,Sri Lanka,E Lewis,KC Brathwaite,GSNFG Jayasuriya,1,0,,,,,,,,,
1059714,2016/17,2016-11-23,Queens Sports Club,2,14.2,West Indies,Sri Lanka,KC Brathwaite,E Lewis,GSNFG Jayasuriya,0,0,,,,,,,,,
1059714,2016/17,2016-11-23,Queens Sports Club,2,14.3,West Indies,Sri Lanka,KC Brathwaite,E Lewis,GSNFG Jayasuriya,1,0,,,,,,,,,
1059714,2016/17,2016-11-23,Queens Sports Club,2,14.4,West Indies,Sri Lanka,E Lewis,KC Brathwaite,GSNFG Jayasuriya,1,0,,,,,,,,,
1059714,2016/17,2016-11-23,Queens Sports Club,2,14.5,West Indies,Sri Lanka,KC Brathwaite,E Lewis,GSNFG Jayasuriya,0,0,,,,,,,,,
1059714,2016/17,2016-11-23,Queens Sports Club,2,14.6,West Indies,Sri Lanka,KC Brathwaite,E Lewis,GSNFG Jayasuriya,1,0,,,,,,,,,
1059714,2016/17,2016-11-23,Queens Sports Club,2,15.1,West Indies,Sri Lanka,KC Brathwaite,E Lewis,N Pradeep,1,0,,,,,,,,,
1059714,2016/17,2016-11-23,Queens Sports Club,2,15.2,West Indies,Sri Lanka,E Lewis,KC Brathwaite,N Pradeep,1,0,,,,,,,,,
1059714,2016/17,2016-11-23,Queens Sports Club,2,15.3,West Indies,Sri Lanka,KC Brathwaite,E Lewis,N Pradeep,1,0,,,,,,,,,
1059714,2016/17,2016-11-23,Queens Sports Club,2,15.4,West Indies,Sri Lanka,E Lewis,KC Brathwaite,N Pradeep,0,0,,,,,,,,,
1059714,2016/17,2016-11-23,Queens Sports Club,2,15.5,West Indies,Sri Lanka,E Lewis,KC Brathwaite,N Pradeep,4,0,,,,,,,,,
1059714,2016/17,2016-11-23,Queens Sports Club,2,15.6,West Indies,Sri Lanka,E Lewis,KC Brathwaite,N Pradeep,1,0,,,,,,,,,
1059714,2016/17,2016-11-23,Queens Sports Club,2,16.1,West Indies,Sri Lanka,E Lewis,KC Brathwaite,GSNFG Jayasuriya,4,0,,,,,,,,,
1059714,2016/17,2016-11-23,Queens Sports Club,2,16.2,West Indies,Sri Lanka,E Lewis,KC Brathwaite,GSNFG Jayasuriya,1,0,,,,,,,,,
1059714,2016/17,2016-11-23,Queens Sports Club,2,16.3,West Indies,Sri Lanka,KC Brathwaite,E Lewis,GSNFG Jayasuriya,1,0,,,,,,,,,
1059714,2016/17,2016-11-23,Queens Sports Club,2,16.4,West Indies,Sri Lanka,E Lewis,KC Brathwaite,GSNFG Jayasuriya,0,0,,,,,,,,,
1059714,2016/17,2016-11-23,Queens Sports Club,2,16.5,West Indies,Sri Lanka,E Lewis,KC Brathwaite,GSNFG Jayasuriya,0,0,,,,,,,,,
1059714,2016/17,2016-11-23,Queens Sports Club,2,16.6,West Indies,Sri Lanka,E Lewis,KC Brathwaite,GSNFG Jayasuriya,1,0,,,,,,,,,
1059714,2016/17,2016-11-23,Queens Sports Club,2,17.1,West Indies,Sri Lanka,E Lewis,KC Brathwaite,N Pradeep,0,0,,,,,,,,,
1059714,2016/17,2016-11-23,Queens Sports Club,2,17.2,West Indies,Sri Lanka,E Lewis,KC Brathwaite,N Pradeep,1,0,,,,,,,,,
1059714,2016/17,2016-11-23,Queens Sports Club,2,17.3,West Indies,Sri Lanka,KC Brathwaite,E Lewis,N Pradeep,0,0,,,,,,,,,
1059714,2016/17,2016-11-23,Queens Sports Club,2,17.4,West Indies,Sri Lanka,KC Brathwaite,E Lewis,N Pradeep,0,0,,,,,,,,,
1059714,2016/17,2016-11-23,Queens Sports Club,2,17.5,West Indies,Sri Lanka,KC Brathwaite,E Lewis,N Pradeep,0,0,,,,,,,,,
1059714,2016/17,2016-11-23,Queens Sports Club,2,17.6,West Indies,Sri Lanka,KC Brathwaite,E Lewis,N Pradeep,0,0,,,,,,,,,
1059714,2016/17,2016-11-23,Queens Sports Club,2,18.1,West Indies,Sri Lanka,E Lewis,KC Brathwaite,SS Pathirana,1,0,,,,,,,,,
1059714,2016/17,2016-11-23,Queens Sports Club,2,18.2,West Indies,Sri Lanka,KC Brathwaite,E Lewis,SS Pathirana,1,0,,,,,,,,,
1059714,2016/17,2016-11-23,Queens Sports Club,2,18.3,West Indies,Sri Lanka,E Lewis,KC Brathwaite,SS Pathirana,1,0,,,,,,,,,
1059714,2016/17,2016-11-23,Queens Sports Club,2,18.4,West Indies,Sri Lanka,KC Brathwaite,E Lewis,SS Pathirana,1,0,,,,,,,,,
1059714,2016/17,2016-11-23,Queens Sports Club,2,18.5,West Indies,Sri Lanka,E Lewis,KC Brathwaite,SS Pathirana,1,0,,,,,,,,,
1059714,2016/17,2016-11-23,Queens Sports Club,2,18.6,West Indies,Sri Lanka,KC Brathwaite,E Lewis,SS Pathirana,0,0,,,,,,,,,
1059714,2016/17,2016-11-23,Queens Sports Club,2,19.1,West Indies,Sri Lanka,E Lewis,KC Brathwaite,N Pradeep,1,0,,,,,,,,,
1059714,2016/17,2016-11-23,Queens Sports Club,2,19.2,West Indies,Sri Lanka,KC Brathwaite,E Lewis,N Pradeep,0,0,,,,,,,,,
1059714,2016/17,2016-11-23,Queens Sports Club,2,19.3,West Indies,Sri Lanka,KC Brathwaite,E Lewis,N Pradeep,0,1,1,,,,,,,,
1059714,2016/17,2016-11-23,Queens Sports Club,2,19.4,West Indies,Sri Lanka,KC Brathwaite,E Lewis,N Pradeep,1,0,,,,,,,,,
1059714,2016/17,2016-11-23,Queens Sports Club,2,19.5,West Indies,Sri Lanka,E Lewis,KC Brathwaite,N Pradeep,0,0,,,,,,,,,
1059714,2016/17,2016-11-23,Queens Sports Club,2,19.6,West Indies,Sri Lanka,E Lewis,KC Brathwaite,N Pradeep,4,0,,,,,,,,,
1059714,2016/17,2016-11-23,Queens Sports Club,2,19.7,West Indies,Sri Lanka,E Lewis,KC Brathwaite,N Pradeep,2,0,,,,,,,,,
1059714,2016/17,2016-11-23,Queens Sports Club,2,20.1,West Indies,Sri Lanka,KC Brathwaite,E Lewis,SS Pathirana,0,0,,,,,,,,,
1059714,2016/17,2016-11-23,Queens Sports Club,2,20.2,West Indies,Sri Lanka,KC Brathwaite,E Lewis,SS Pathirana,0,0,,,,,,,,,
1059714,2016/17,2016-11-23,Queens Sports Club,2,20.3,West Indies,Sri Lanka,KC Brathwaite,E Lewis,SS Pathirana,0,0,,,,,,,,,
1059714,2016/17,2016-11-23,Queens Sports Club,2,20.4,West Indies,Sri Lanka,KC Brathwaite,E Lewis,SS Pathirana,0,0,,,,,,,,,
1059714,2016/17,2016-11-23,Queens Sports Club,2,20.5,West Indies,Sri Lanka,KC Brathwaite,E Lewis,SS Pathirana,0,0,,,,,,,,,
1059714,2016/17,2016-11-23,Queens Sports Club,2,20.6,West Indies,Sri Lanka,KC Brathwaite,E Lewis,SS Pathirana,1,0,,,,,,,,,
1059714,2016/17,2016-11-23,Queens Sports Club,2,21.1,West Indies,Sri Lanka,KC Brathwaite,E Lewis,DAS Gunaratne,1,0,,,,,,,,,
1059714,2016/17,2016-11-23,Queens Sports Club,2,21.2,West Indies,Sri Lanka,E Lewis,KC Brathwaite,DAS Gunaratne,1,0,,,,,,,,,
1059714,2016/17,2016-11-23,Queens Sports Club,2,21.3,West Indies,Sri Lanka,KC Brathwaite,E Lewis,DAS Gunaratne,0,0,,,,,,bowled,KC Brathwaite,,
1059714,2016/17,2016-11-23,Queens Sports Club,2,21.4,West Indies,Sri Lanka,SD Hope,E Lewis,DAS Gunaratne,0,0,,,,,,,,,
1059714,2016/17,2016-11-23,Queens Sports Club,2,21.5,West Indies,Sri Lanka,SD Hope,E Lewis,DAS Gunaratne,0,0,,,,,,,,,
1059714,2016/17,2016-11-23,Queens Sports Club,2,21.6,West Indies,Sri Lanka,SD Hope,E Lewis,DAS Gunaratne,1,0,,,,,,,,,
1059714,2016/17,2016-11-23,Queens Sports Club,2,22.1,West Indies,Sri Lanka,SD Hope,E Lewis,SS Pathirana,0,0,,,,,,,,,
1059714,2016/17,2016-11-23,Queens Sports Club,2,22.2,West Indies,Sri Lanka,SD Hope,E Lewis,SS Pathirana,2,0,,,,,,,,,
1059714,2016/17,2016-11-23,Queens Sports Club,2,22.3,West Indies,Sri Lanka,SD Hope,E Lewis,SS Pathirana,1,0,,,,,,,,,
1059714,2016/17,2016-11-23,Queens Sports Club,2,22.4,West Indies,Sri Lanka,E Lewis,SD Hope,SS Pathirana,2,0,,,,,,,,,
1059714,2016/17,2016-11-23,Queens Sports Club,2,22.5,West Indies,Sri Lanka,E Lewis,SD Hope,SS Pathirana,1,0,,,,,,,,,
1059714,2016/17,2016-11-23,Queens Sports Club,2,22.6,West Indies,Sri Lanka,SD Hope,E Lewis,SS Pathirana,1,0,,,,,,,,,
1059714,2016/17,2016-11-23,Queens Sports Club,2,23.1,West Indies,Sri Lanka,SD Hope,E Lewis,DAS Gunaratne,0,0,,,,,,,,,
1059714,2016/17,2016-11-23,Queens Sports Club,2,23.2,West Indies,Sri Lanka,SD Hope,E Lewis,DAS Gunaratne,1,0,,,,,,,,,
1059714,2016/17,2016-11-23,Queens Sports Club,2,23.3,West Indies,Sri Lanka,E Lewis,SD Hope,DAS Gunaratne,1,0,,,,,,,,,
1059714,2016/17,2016-11-23,Queens Sports Club,2,23.4,West Indies,Sri Lanka,SD Hope,E Lewis,DAS Gunaratne,2,0,,,,,,,,,
1059714,2016/17,2016-11-23,Queens Sports Club,2,23.5,West Indies,Sri Lanka,SD Hope,E Lewis,DAS Gunaratne,0,0,,,,,,,,,
1059714,2016/17,2016-11-23,Queens Sports Club,2,23.6,West Indies,Sri Lanka,SD Hope,E Lewis,DAS Gunaratne,0,0,,,,,,,,,
1059714,2016/17,2016-11-23,Queens Sports Club,2,24.1,West Indies,Sri Lanka,E Lewis,SD Hope,SS Pathirana,0,0,,,,,,,,,
1059714,2016/17,2016-11-23,Queens Sports Club,2,24.2,West Indies,Sri Lanka,E Lewis,SD Hope,SS Pathirana,1,0,,,,,,,,,
1059714,2016/17,2016-11-23,Queens Sports Club,2,24.3,West Indies,Sri Lanka,SD Hope,E Lewis,SS Pathirana,1,0,,,,,,,,,
1059714,2016/17,2016-11-23,Queens Sports Club,2,24.4,West Indies,Sri Lanka,E Lewis,SD Hope,SS Pathirana,0,0,,,,,,,,,
1059714,2016/17,2016-11-23,Queens Sports Club,2,24.5,West Indies,Sri Lanka,E Lewis,SD Hope,SS Pathirana,0,0,,,,,,,,,
1059714,2016/17,2016-11-23,Queens Sports Club,2,24.6,West Indies,Sri Lanka,E Lewis,SD Hope,SS Pathirana,4,0,,,,,,,,,
1059714,2016/17,2016-11-23,Queens Sports Club,2,25.1,West Indies,Sri Lanka,SD Hope,E Lewis,DAS Gunaratne,0,0,,,,,,,,,
1059714,2016/17,2016-11-23,Queens Sports Club,2,25.2,West Indies,Sri Lanka,SD Hope,E Lewis,DAS Gunaratne,0,0,,,,,,,,,
1059714,2016/17,2016-11-23,Queens Sports Club,2,25.3,West Indies,Sri Lanka,SD Hope,E Lewis,DAS Gunaratne,0,0,,,,,,,,,
1059714,2016/17,2016-11-23,Queens Sports Club,2,25.4,West Indies,Sri Lanka,SD Hope,E Lewis,DAS Gunaratne,0,0,,,,,,,,,
1059714,2016/17,2016-11-23,Queens Sports Club,2,25.5,West Indies,Sri Lanka,SD Hope,E Lewis,DAS Gunaratne,1,0,,,,,,,,,
1059714,2016/17,2016-11-23,Queens Sports Club,2,25.6,West Indies,Sri Lanka,E Lewis,SD Hope,DAS Gunaratne,1,0,,,,,,,,,
1059714,2016/17,2016-11-23,Queens Sports Club,2,26.1,West Indies,Sri Lanka,E Lewis,SD Hope,SS Pathirana,0,0,,,,,,,,,
1059714,2016/17,2016-11-23,Queens Sports Club,2,26.2,West Indies,Sri Lanka,E Lewis,SD Hope,SS Pathirana,1,0,,,,,,,,,
1059714,2016/17,2016-11-23,Queens Sports Club,2,26.3,West Indies,Sri Lanka,SD Hope,E Lewis,SS Pathirana,4,0,,,,,,,,,
1059714,2016/17,2016-11-23,Queens Sports Club,2,26.4,West Indies,Sri Lanka,SD Hope,E Lewis,SS Pathirana,1,0,,,,,,,,,
1059714,2016/17,2016-11-23,Queens Sports Club,2,26.5,West Indies,Sri Lanka,E Lewis,SD Hope,SS Pathirana,4,0,,,,,,,,,
1059714,2016/17,2016-11-23,Queens Sports Club,2,26.6,West Indies,Sri Lanka,E Lewis,SD Hope,SS Pathirana,0,0,,,,,,,,,
1059714,2016/17,2016-11-23,Queens Sports Club,2,27.1,West Indies,Sri Lanka,SD Hope,E Lewis,DAS Gunaratne,2,0,,,,,,,,,
1059714,2016/17,2016-11-23,Queens Sports Club,2,27.2,West Indies,Sri Lanka,SD Hope,E Lewis,DAS Gunaratne,0,0,,,,,,,,,
1059714,2016/17,2016-11-23,Queens Sports Club,2,27.3,West Indies,Sri Lanka,SD Hope,E Lewis,DAS Gunaratne,0,0,,,,,,,,,
1059714,2016/17,2016-11-23,Queens Sports Club,2,27.4,West Indies,Sri Lanka,SD Hope,E Lewis,DAS Gunaratne,1,0,,,,,,,,,
1059714,2016/17,2016-11-23,Queens Sports Club,2,27.5,West Indies,Sri Lanka,E Lewis,SD Hope,DAS Gunaratne,0,0,,,,,,,,,
1059714,2016/17,2016-11-23,Queens Sports Club,2,27.6,West Indies,Sri Lanka,E Lewis,SD Hope,DAS Gunaratne,0,0,,,,,,,,,
1059714,2016/17,2016-11-23,Queens Sports Club,2,28.1,West Indies,Sri Lanka,SD Hope,E Lewis,RAS Lakmal,0,0,,,,,,,,,
1059714,2016/17,2016-11-23,Queens Sports Club,2,28.2,West Indies,Sri Lanka,SD Hope,E Lewis,RAS Lakmal,0,0,,,,,,,,,
1059714,2016/17,2016-11-23,Queens Sports Club,2,28.3,West Indies,Sri Lanka,SD Hope,E Lewis,RAS Lakmal,0,0,,,,,,,,,
1059714,2016/17,2016-11-23,Queens Sports Club,2,28.4,West Indies,Sri Lanka,SD Hope,E Lewis,RAS Lakmal,4,0,,,,,,,,,
1059714,2016/17,2016-11-23,Queens Sports Club,2,28.5,West Indies,Sri Lanka,SD Hope,E Lewis,RAS Lakmal,0,0,,,,,,,,,
1059714,2016/17,2016-11-23,Queens Sports Club,2,28.6,West Indies,Sri Lanka,SD Hope,E Lewis,RAS Lakmal,1,0,,,,,,,,,
1059714,2016/17,2016-11-23,Queens Sports Club,2,29.1,West Indies,Sri Lanka,SD Hope,E Lewis,DAS Gunaratne,1,0,,,,,,,,,
1059714,2016/17,2016-11-23,Queens Sports Club,2,29.2,West Indies,Sri Lanka,E Lewis,SD Hope,DAS Gunaratne,1,0,,,,,,,,,
1059714,2016/17,2016-11-23,Queens Sports Club,2,29.3,West Indies,Sri Lanka,SD Hope,E Lewis,DAS Gunaratne,1,0,,,,,,,,,
1059714,2016/17,2016-11-23,Queens Sports Club,2,29.4,West Indies,Sri Lanka,E Lewis,SD Hope,DAS Gunaratne,1,0,,,,,,run out,SD Hope,,
1059714,2016/17,2016-11-23,Queens Sports Club,2,29.5,West Indies,Sri Lanka,E Lewis,JL Carter,DAS Gunaratne,0,0,,,,,,,,,
1059714,2016/17,2016-11-23,Queens Sports Club,2,29.6,West Indies,Sri Lanka,E Lewis,JL Carter,DAS Gunaratne,0,1,1,,,,,,,,
1059714,2016/17,2016-11-23,Queens Sports Club,2,29.7,West Indies,Sri Lanka,E Lewis,JL Carter,DAS Gunaratne,1,0,,,,,,,,,
1059714,2016/17,2016-11-23,Queens Sports Club,2,30.1,West Indies,Sri Lanka,E Lewis,JL Carter,RAS Lakmal,0,1,,,,1,,,,,
1059714,2016/17,2016-11-23,Queens Sports Club,2,30.2,West Indies,Sri Lanka,JL Carter,E Lewis,RAS Lakmal,1,0,,,,,,,,,
1059714,2016/17,2016-11-23,Queens Sports Club,2,30.3,West Indies,Sri Lanka,E Lewis,JL Carter,RAS Lakmal,0,0,,,,,,,,,
1059714,2016/17,2016-11-23,Queens Sports Club,2,30.4,West Indies,Sri Lanka,E Lewis,JL Carter,RAS Lakmal,1,0,,,,,,,,,
1059714,2016/17,2016-11-23,Queens Sports Club,2,30.5,West Indies,Sri Lanka,JL Carter,E Lewis,RAS Lakmal,2,0,,,,,,,,,
1059714,2016/17,2016-11-23,Queens Sports Club,2,30.6,West Indies,Sri Lanka,JL Carter,E Lewis,RAS Lakmal,2,0,,,,,,,,,
1059714,2016/17,2016-11-23,Queens Sports Club,2,31.1,West Indies,Sri Lanka,E Lewis,JL Carter,DAS Gunaratne,1,0,,,,,,,,,
1059714,2016/17,2016-11-23,Queens Sports Club,2,31.2,West Indies,Sri Lanka,JL Carter,E Lewis,DAS Gunaratne,0,0,,,,,,,,,
1059714,2016/17,2016-11-23,Queens Sports Club,2,31.3,West Indies,Sri Lanka,JL Carter,E Lewis,DAS Gunaratne,1,0,,,,,,,,,
1059714,2016/17,2016-11-23,Queens Sports Club,2,31.4,West Indies,Sri Lanka,E Lewis,JL Carter,DAS Gunaratne,4,0,,,,,,,,,
1059714,2016/17,2016-11-23,Queens Sports Club,2,31.5,West Indies,Sri Lanka,E Lewis,JL Carter,DAS Gunaratne,0,0,,,,,,,,,
1059714,2016/17,2016-11-23,Queens Sports Club,2,31.6,West Indies,Sri Lanka,E Lewis,JL Carter,DAS Gunaratne,1,0,,,,,,,,,
1059714,2016/17,2016-11-23,Queens Sports Club,2,32.1,West Indies,Sri Lanka,E Lewis,JL Carter,N Pradeep,0,1,1,,,,,,,,
1059714,2016/17,2016-11-23,Queens Sports Club,2,32.2,West Indies,Sri Lanka,E Lewis,JL Carter,N Pradeep,6,0,,,,,,,,,
1059714,2016/17,2016-11-23,Queens Sports Club,2,32.3,West Indies,Sri Lanka,E Lewis,JL Carter,N Pradeep,0,0,,,,,,run out,JL Carter,,
1059714,2016/17,2016-11-23,Queens Sports Club,2,32.4,West Indies,Sri Lanka,E Lewis,R Powell,N Pradeep,1,0,,,,,,,,,
1059714,2016/17,2016-11-23,Queens Sports Club,2,32.5,West Indies,Sri Lanka,R Powell,E Lewis,N Pradeep,0,0,,,,,,,,,
1059714,2016/17,2016-11-23,Queens Sports Club,2,32.6,West Indies,Sri Lanka,R Powell,E Lewis,N Pradeep,4,0,,,,,,,,,
1059714,2016/17,2016-11-23,Queens Sports Club,2,32.7,West Indies,Sri Lanka,R Powell,E Lewis,N Pradeep,1,0,,,,,,,,,
1059714,2016/17,2016-11-23,Queens Sports Club,2,33.1,West Indies,Sri Lanka,R Powell,E Lewis,DAS Gunaratne,0,2,,,,2,,,,,
1059714,2016/17,2016-11-23,Queens Sports Club,2,33.2,West Indies,Sri Lanka,R Powell,E Lewis,DAS Gunaratne,1,0,,,,,,,,,
1059714,2016/17,2016-11-23,Queens Sports Club,2,33.3,West Indies,Sri Lanka,E Lewis,R Powell,DAS Gunaratne,4,0,,,,,,,,,
1059714,2016/17,2016-11-23,Queens Sports Club,2,33.4,West Indies,Sri Lanka,E Lewis,R Powell,DAS Gunaratne,2,0,,,,,,,,,
1059714,2016/17,2016-11-23,Queens Sports Club,2,33.5,West Indies,Sri Lanka,E Lewis,R Powell,DAS Gunaratne,4,0,,,,,,,,,
1059714,2016/17,2016-11-23,Queens Sports Club,2,33.6,West Indies,Sri Lanka,E Lewis,R Powell,DAS Gunaratne,1,0,,,,,,,,,
1059714,2016/17,2016-11-23,Queens Sports Club,2,34.1,West Indies,Sri Lanka,E Lewis,R Powell,N Pradeep,1,0,,,,,,,,,
1059714,2016/17,2016-11-23,Queens Sports Club,2,34.2,West Indies,Sri Lanka,R Powell,E Lewis,N Pradeep,0,0,,,,,,,,,
1059714,2016/17,2016-11-23,Queens Sports Club,2,34.3,West Indies,Sri Lanka,R Powell,E Lewis,N Pradeep,0,0,,,,,,,,,
1059714,2016/17,2016-11-23,Queens Sports Club,2,34.4,West Indies,Sri Lanka,R Powell,E Lewis,N Pradeep,0,0,,,,,,,,,
1059714,2016/17,2016-11-23,Queens Sports Club,2,34.5,West Indies,Sri Lanka,R Powell,E Lewis,N Pradeep,1,0,,,,,,,,,
1059714,2016/17,2016-11-23,Queens Sports Club,2,34.6,West Indies,Sri Lanka,E Lewis,R Powell,N Pradeep,0,0,,,,,,,,,
1059714,2016/17,2016-11-23,Queens Sports Club,2,35.1,West Indies,Sri Lanka,R Powell,E Lewis,KMDN Kulasekara,2,0,,,,,,,,,
1059714,2016/17,2016-11-23,Queens Sports Club,2,35.2,West Indies,Sri Lanka,R Powell,E Lewis,KMDN Kulasekara,1,0,,,,,,,,,
1059714,2016/17,2016-11-23,Queens Sports Club,2,35.3,West Indies,Sri Lanka,E Lewis,R Powell,KMDN Kulasekara,1,0,,,,,,,,,
1059714,2016/17,2016-11-23,Queens Sports Club,2,35.4,West Indies,Sri Lanka,R Powell,E Lewis,KMDN Kulasekara,0,0,,,,,,,,,
1059714,2016/17,2016-11-23,Queens Sports Club,2,35.5,West Indies,Sri Lanka,R Powell,E Lewis,KMDN Kulasekara,0,0,,,,,,lbw,R Powell,,
1059714,2016/17,2016-11-23,Queens Sports Club,2,35.6,West Indies,Sri Lanka,JO Holder,E Lewis,KMDN Kulasekara,1,0,,,,,,,,,
1059714,2016/17,2016-11-23,Queens Sports Club,2,36.1,West Indies,Sri Lanka,JO Holder,E Lewis,SS Pathirana,0,0,,,,,,,,,
1059714,2016/17,2016-11-23,Queens Sports Club,2,36.2,West Indies,Sri Lanka,JO Holder,E Lewis,SS Pathirana,1,0,,,,,,,,,
1059714,2016/17,2016-11-23,Queens Sports Club,2,36.3,West Indies,Sri Lanka,E Lewis,JO Holder,SS Pathirana,1,0,,,,,,,,,
1059714,2016/17,2016-11-23,Queens Sports Club,2,36.4,West Indies,Sri Lanka,JO Holder,E Lewis,SS Pathirana,0,0,,,,,,,,,
1059714,2016/17,2016-11-23,Queens Sports Club,2,36.5,West Indies,Sri Lanka,JO Holder,E Lewis,SS Pathirana,0,0,,,,,,,,,
1059714,2016/17,2016-11-23,Queens Sports Club,2,36.6,West Indies,Sri Lanka,JO Holder,E Lewis,SS Pathirana,4,0,,,,,,,,,
1059714,2016/17,2016-11-23,Queens Sports Club,2,37.1,West Indies,Sri Lanka,E Lewis,JO Holder,KMDN Kulasekara,0,0,,,,,,,,,
1059714,2016/17,2016-11-23,Queens Sports Club,2,37.2,West Indies,Sri Lanka,E Lewis,JO Holder,KMDN Kulasekara,1,0,,,,,,,,,
1059714,2016/17,2016-11-23,Queens Sports Club,2,37.3,West Indies,Sri Lanka,JO Holder,E Lewis,KMDN Kulasekara,1,0,,,,,,,,,
1059714,2016/17,2016-11-23,Queens Sports Club,2,37.4,West Indies,Sri Lanka,E Lewis,JO Holder,KMDN Kulasekara,0,0,,,,,,,,,
1059714,2016/17,2016-11-23,Queens Sports Club,2,37.5,West Indies,Sri Lanka,E Lewis,JO Holder,KMDN Kulasekara,1,0,,,,,,,,,
1059714,2016/17,2016-11-23,Queens Sports Club,2,37.6,West Indies,Sri Lanka,JO Holder,E Lewis,KMDN Kulasekara,0,0,,,,,,,,,
1059714,2016/17,2016-11-23,Queens Sports Club,2,38.1,West Indies,Sri Lanka,E Lewis,JO Holder,SS Pathirana,6,0,,,,,,,,,
1059714,2016/17,2016-11-23,Queens Sports Club,2,38.2,West Indies,Sri Lanka,E Lewis,JO Holder,SS Pathirana,0,0,,,,,,,,,
1059714,2016/17,2016-11-23,Queens Sports Club,2,38.3,West Indies,Sri Lanka,E Lewis,JO Holder,SS Pathirana,2,0,,,,,,,,,
1059714,2016/17,2016-11-23,Queens Sports Club,2,38.4,West Indies,Sri Lanka,E Lewis,JO Holder,SS Pathirana,1,0,,,,,,,,,
1059714,2016/17,2016-11-23,Queens Sports Club,2,38.5,West Indies,Sri Lanka,JO Holder,E Lewis,SS Pathirana,1,0,,,,,,,,,
1059714,2016/17,2016-11-23,Queens Sports Club,2,38.6,West Indies,Sri Lanka,E Lewis,JO Holder,SS Pathirana,6,0,,,,,,,,,
1059714,2016/17,2016-11-23,Queens Sports Club,2,39.1,West Indies,Sri Lanka,JO Holder,E Lewis,N Pradeep,0,0,,,,,,,,,
1059714,2016/17,2016-11-23,Queens Sports Club,2,39.2,West Indies,Sri Lanka,JO Holder,E Lewis,N Pradeep,2,0,,,,,,,,,
1059714,2016/17,2016-11-23,Queens Sports Club,2,39.3,West Indies,Sri Lanka,JO Holder,E Lewis,N Pradeep,1,0,,,,,,,,,
1059714,2016/17,2016-11-23,Queens Sports Club,2,39.4,West Indies,Sri Lanka,E Lewis,JO Holder,N Pradeep,1,0,,,,,,,,,
1059714,2016/17,2016-11-23,Queens Sports Club,2,39.5,West Indies,Sri Lanka,JO Holder,E Lewis,N Pradeep,0,0,,,,,,,,,
1059714,2016/17,2016-11-23,Queens Sports Club,2,39.6,West Indies,Sri Lanka,JO Holder,E Lewis,N Pradeep,6,0,,,,,,,,,
1059714,2016/17,2016-11-23,Queens Sports Club,2,40.1,West Indies,Sri Lanka,E Lewis,JO Holder,DAS Gunaratne,2,0,,,,,,,,,
1059714,2016/17,2016-11-23,Queens Sports Club,2,40.2,West Indies,Sri Lanka,E Lewis,JO Holder,DAS Gunaratne,0,0,,,,,,,,,
1059714,2016/17,2016-11-23,Queens Sports Club,2,40.3,West Indies,Sri Lanka,E Lewis,JO Holder,DAS Gunaratne,0,0,,,,,,run out,E Lewis,,
1059714,2016/17,2016-11-23,Queens Sports Club,2,40.4,West Indies,Sri Lanka,CR Brathwaite,JO Holder,DAS Gunaratne,1,0,,,,,,,,,
1059714,2016/17,2016-11-23,Queens Sports Club,2,40.5,West Indies,Sri Lanka,JO Holder,CR Brathwaite,DAS Gunaratne,0,0,,,,,,,,,
1059714,2016/17,2016-11-23,Queens Sports Club,2,40.6,West Indies,Sri Lanka,JO Holder,CR Brathwaite,DAS Gunaratne,1,0,,,,,,,,,
1059714,2016/17,2016-11-23,Queens Sports Club,2,41.1,West Indies,Sri Lanka,JO Holder,CR Brathwaite,RAS Lakmal,0,0,,,,,,,,,
1059714,2016/17,2016-11-23,Queens Sports Club,2,41.2,West Indies,Sri Lanka,JO Holder,CR Brathwaite,RAS Lakmal,0,0,,,,,,,,,
1059714,2016/17,2016-11-23,Queens Sports Club,2,41.3,West Indies,Sri Lanka,JO Holder,CR Brathwaite,RAS Lakmal,0,1,1,,,,,,,,
1059714,2016/17,2016-11-23,Queens Sports Club,2,41.4,West Indies,Sri Lanka,JO Holder,CR Brathwaite,RAS Lakmal,0,1,1,,,,,,,,
1059714,2016/17,2016-11-23,Queens Sports Club,2,41.5,West Indies,Sri Lanka,JO Holder,CR Brathwaite,RAS Lakmal,1,0,,,,,,,,,
1059714,2016/17,2016-11-23,Queens Sports Club,2,41.6,West Indies,Sri Lanka,CR Brathwaite,JO Holder,RAS Lakmal,1,0,,,,,,,,,
1059714,2016/17,2016-11-23,Queens Sports Club,2,41.7,West Indies,Sri Lanka,JO Holder,CR Brathwaite,RAS Lakmal,1,0,,,,,,,,,
1059714,2016/17,2016-11-23,Queens Sports Club,2,41.8,West Indies,Sri Lanka,CR Brathwaite,JO Holder,RAS Lakmal,1,0,,,,,,,,,
1059714,2016/17,2016-11-23,Queens Sports Club,2,42.1,West Indies,Sri Lanka,CR Brathwaite,JO Holder,DAS Gunaratne,1,0,,,,,,,,,
1059714,2016/17,2016-11-23,Queens Sports Club,2,42.2,West Indies,Sri Lanka,JO Holder,CR Brathwaite,DAS Gunaratne,1,0,,,,,,,,,
1059714,2016/17,2016-11-23,Queens Sports Club,2,42.3,West Indies,Sri Lanka,CR Brathwaite,JO Holder,DAS Gunaratne,1,0,,,,,,,,,
1059714,2016/17,2016-11-23,Queens Sports Club,2,42.4,West Indies,Sri Lanka,JO Holder,CR Brathwaite,DAS Gunaratne,1,0,,,,,,,,,
1059714,2016/17,2016-11-23,Queens Sports Club,2,42.5,West Indies,Sri Lanka,CR Brathwaite,JO Holder,DAS Gunaratne,1,0,,,,,,,,,
1059714,2016/17,2016-11-23,Queens Sports Club,2,42.6,West Indies,Sri Lanka,JO Holder,CR Brathwaite,DAS Gunaratne,1,0,,,,,,,,,
1059714,2016/17,2016-11-23,Queens Sports Club,2,43.1,West Indies,Sri Lanka,JO Holder,CR Brathwaite,KMDN Kulasekara,1,0,,,,,,,,,
1059714,2016/17,2016-11-23,Queens Sports Club,2,43.2,West Indies,Sri Lanka,CR Brathwaite,JO Holder,KMDN Kulasekara,6,0,,,,,,,,,
1059714,2016/17,2016-11-23,Queens Sports Club,2,43.3,West Indies,Sri Lanka,CR Brathwaite,JO Holder,KMDN Kulasekara,0,1,1,,,,,,,,
1059714,2016/17,2016-11-23,Queens Sports Club,2,43.4,West Indies,Sri Lanka,CR Brathwaite,JO Holder,KMDN Kulasekara,2,0,,,,,,,,,
1059714,2016/17,2016-11-23,Queens Sports Club,2,43.5,West Indies,Sri Lanka,CR Brathwaite,JO Holder,KMDN Kulasekara,0,0,,,,,,,,,
1059714,2016/17,2016-11-23,Queens Sports Club,2,43.6,West Indies,Sri Lanka,CR Brathwaite,JO Holder,KMDN Kulasekara,1,0,,,,,,,,,
1059714,2016/17,2016-11-23,Queens Sports Club,2,43.7,West Indies,Sri Lanka,JO Holder,CR Brathwaite,KMDN Kulasekara,1,0,,,,,,,,,
1059714,2016/17,2016-11-23,Queens Sports Club,2,44.1,West Indies,Sri Lanka,JO Holder,CR Brathwaite,N Pradeep,2,0,,,,,,,,,
1059714,2016/17,2016-11-23,Queens Sports Club,2,44.2,West Indies,Sri Lanka,JO Holder,CR Brathwaite,N Pradeep,1,0,,,,,,,,,
1059714,2016/17,2016-11-23,Queens Sports Club,2,44.3,West Indies,Sri Lanka,CR Brathwaite,JO Holder,N Pradeep,0,1,1,,,,,,,,
1059714,2016/17,2016-11-23,Queens Sports Club,2,44.4,West Indies,Sri Lanka,CR Brathwaite,JO Holder,N Pradeep,0,0,,,,,,,,,
1059714,2016/17,2016-11-23,Queens Sports Club,2,44.5,West Indies,Sri Lanka,CR Brathwaite,JO Holder,N Pradeep,1,0,,,,,,,,,
1059714,2016/17,2016-11-23,Queens Sports Club,2,44.6,West Indies,Sri Lanka,JO Holder,CR Brathwaite,N Pradeep,0,0,,,,,,,,,
1059714,2016/17,2016-11-23,Queens Sports Club,2,44.7,West Indies,Sri Lanka,JO Holder,CR Brathwaite,N Pradeep,1,0,,,,,,,,,
1059714,2016/17,2016-11-23,Queens Sports Club,2,45.1,West Indies,Sri Lanka,JO Holder,CR Brathwaite,KMDN Kulasekara,1,0,,,,,,,,,
1059714,2016/17,2016-11-23,Queens Sports Club,2,45.2,West Indies,Sri Lanka,CR Brathwaite,JO Holder,KMDN Kulasekara,1,0,,,,,,,,,
1059714,2016/17,2016-11-23,Queens Sports Club,2,45.3,West Indies,Sri Lanka,JO Holder,CR Brathwaite,KMDN Kulasekara,0,0,,,,,,,,,
1059714,2016/17,2016-11-23,Queens Sports Club,2,45.4,West Indies,Sri Lanka,JO Holder,CR Brathwaite,KMDN Kulasekara,0,0,,,,,,,,,
1059714,2016/17,2016-11-23,Queens Sports Club,2,45.5,West Indies,Sri Lanka,JO Holder,CR Brathwaite,KMDN Kulasekara,2,0,,,,,,,,,
1059714,2016/17,2016-11-23,Queens Sports Club,2,45.6,West Indies,Sri Lanka,JO Holder,CR Brathwaite,KMDN Kulasekara,1,0,,,,,,,,,
1059714,2016/17,2016-11-23,Queens Sports Club,2,46.1,West Indies,Sri Lanka,JO Holder,CR Brathwaite,RAS Lakmal,2,0,,,,,,,,,
1059714,2016/17,2016-11-23,Queens Sports Club,2,46.2,West Indies,Sri Lanka,JO Holder,CR Brathwaite,RAS Lakmal,1,0,,,,,,,,,
1059714,2016/17,2016-11-23,Queens Sports Club,2,46.3,West Indies,Sri Lanka,CR Brathwaite,JO Holder,RAS Lakmal,1,0,,,,,,,,,
1059714,2016/17,2016-11-23,Queens Sports Club,2,46.4,West Indies,Sri Lanka,JO Holder,CR Brathwaite,RAS Lakmal,1,0,,,,,,,,,
1059714,2016/17,2016-11-23,Queens Sports Club,2,46.5,West Indies,Sri Lanka,CR Brathwaite,JO Holder,RAS Lakmal,1,0,,,,,,,,,
1059714,2016/17,2016-11-23,Queens Sports Club,2,46.6,West Indies,Sri Lanka,JO Holder,CR Brathwaite,RAS Lakmal,1,0,,,,,,,,,
1059714,2016/17,2016-11-23,Queens Sports Club,2,47.1,West Indies,Sri Lanka,JO Holder,CR Brathwaite,KMDN Kulasekara,1,0,,,,,,,,,
1059714,2016/17,2016-11-23,Queens Sports Club,2,47.2,West Indies,Sri Lanka,CR Brathwaite,JO Holder,KMDN Kulasekara,0,0,,,,,,bowled,CR Brathwaite,,
1059714,2016/17,2016-11-23,Queens Sports Club,2,47.3,West Indies,Sri Lanka,AR Nurse,JO Holder,KMDN Kulasekara,0,1,,,,1,,,,,
1059714,2016/17,2016-11-23,Queens Sports Club,2,47.4,West Indies,Sri Lanka,JO Holder,AR Nurse,KMDN Kulasekara,0,0,,,,,,,,,
1059714,2016/17,2016-11-23,Queens Sports Club,2,47.5,West Indies,Sri Lanka,JO Holder,AR Nurse,KMDN Kulasekara,1,0,,,,,,,,,
1059714,2016/17,2016-11-23,Queens Sports Club,2,47.6,West Indies,Sri Lanka,AR Nurse,JO Holder,KMDN Kulasekara,2,0,,,,,,,,,
1059714,2016/17,2016-11-23,Queens Sports Club,2,48.1,West Indies,Sri Lanka,JO Holder,AR Nurse,RAS Lakmal,0,1,,,,1,,,,,
1059714,2016/17,2016-11-23,Queens Sports Club,2,48.2,West Indies,Sri Lanka,AR Nurse,JO Holder,RAS Lakmal,0,0,,,,,,caught,AR Nurse,,
1059714,2016/17,2016-11-23,Queens Sports Club,2,48.3,West Indies,Sri Lanka,SJ Benn,JO Holder,RAS Lakmal,4,0,,,,,,,,,
1059714,2016/17,2016-11-23,Queens Sports Club,2,48.4,West Indies,Sri Lanka,SJ Benn,JO Holder,RAS Lakmal,1,0,,,,,,,,,
1059714,2016/17,2016-11-23,Queens Sports Club,2,48.5,West Indies,Sri Lanka,JO Holder,SJ Benn,RAS Lakmal,2,0,,,,,,,,,
1059714,2016/17,2016-11-23,Queens Sports Club,2,48.6,West Indies,Sri Lanka,JO Holder,SJ Benn,RAS Lakmal,0,1,1,,,,,,,,
1059714,2016/17,2016-11-23,Queens Sports Club,2,48.7,West Indies,Sri Lanka,JO Holder,SJ Benn,RAS Lakmal,1,0,,,,,,,,,
1059714,2016/17,2016-11-23,Queens Sports Club,2,49.1,West Indies,Sri Lanka,JO Holder,SJ Benn,N Pradeep,1,0,,,,,,,,,
1059714,2016/17,2016-11-23,Queens Sports Club,2,49.2,West Indies,Sri Lanka,SJ Benn,JO Holder,N Pradeep,0,0,,,,,,,,,
1059714,2016/17,2016-11-23,Queens Sports Club,2,49.3,West Indies,Sri Lanka,SJ Benn,JO Holder,N Pradeep,6,0,,,,,,,,,
1059714,2016/17,2016-11-23,Queens Sports Club,2,49.4,West Indies,Sri Lanka,SJ Benn,JO Holder,N Pradeep,0,0,,,,,,,,,
1059714,2016/17,2016-11-23,Queens Sports Club,2,49.5,West Indies,Sri Lanka,SJ Benn,JO Holder,N Pradeep,0,0,,,,,,caught,SJ Benn,,
1059714,2016/17,2016-11-23,Queens Sports Club,2,49.6,West Indies,Sri Lanka,JO Holder,ST Gabriel,N Pradeep,1,0,,,,,,,,,
