match_id,season,start_date,venue,innings,ball,batting_team,bowling_team,striker,non_striker,bowler,runs_off_bat,extras,wides,noballs,byes,legbyes,penalty,wicket_type,player_dismissed,other_wicket_type,other_player_dismissed
1059716,2016/17,2016-11-27,Queens Sports Club,1,0.1,Zimbabwe,Sri Lanka,H Masakadza,PJ Moor,KMDN Kulasekara,0,0,,,,,,,,,
1059716,2016/17,2016-11-27,Queens Sports Club,1,0.2,Zimbabwe,Sri Lanka,H Masakadza,PJ Moor,KMDN Kulasekara,0,0,,,,,,,,,
1059716,2016/17,2016-11-27,Queens Sports Club,1,0.3,Zimbabwe,Sri Lanka,H Masakadza,PJ Moor,KMDN Kulasekara,0,0,,,,,,,,,
1059716,2016/17,2016-11-27,Queens Sports Club,1,0.4,Zimbabwe,Sri Lanka,H Masakadza,PJ Moor,KMDN Kulasekara,1,0,,,,,,,,,
1059716,2016/17,2016-11-27,Queens Sports Club,1,0.5,Zimbabwe,Sri Lanka,PJ Moor,H Masakadza,KMDN Kulasekara,0,1,1,,,,,,,,
1059716,2016/17,2016-11-27,Queens Sports Club,1,0.6,Zimbabwe,Sri Lanka,PJ Moor,H Masakadza,KMDN Kulasekara,0,0,,,,,,,,,
1059716,2016/17,2016-11-27,Queens Sports Club,1,0.7,Zimbabwe,Sri Lanka,PJ Moor,H Masakadza,KMDN Kulasekara,0,0,,,,,,,,,
1059716,2016/17,2016-11-27,Queens Sports Club,1,1.1,Zimbabwe,Sri Lanka,H Masakadza,PJ Moor,RAS Lakmal,4,0,,,,,,,,,
1059716,2016/17,2016-11-27,Queens Sports Club,1,1.2,Zimbabwe,Sri Lanka,H Masakadza,PJ Moor,RAS Lakmal,0,0,,,,,,,,,
1059716,2016/17,2016-11-27,Queens Sports Club,1,1.3,Zimbabwe,Sri Lanka,H Masakadza,PJ Moor,RAS Lakmal,0,0,,,,,,,,,
1059716,2016/17,2016-11-27,Queens Sports Club,1,1.4,Zimbabwe,Sri Lanka,H Masakadza,PJ Moor,RAS Lakmal,0,0,,,,,,,,,
1059716,2016/17,2016-11-27,Queens Sports Club,1,1.5,Zimbabwe,Sri Lanka,H Masakadza,PJ Moor,RAS Lakmal,0,1,1,,,,,,,,
1059716,2016/17,2016-11-27,Queens Sports Club,1,1.6,Zimbabwe,Sri Lanka,H Masakadza,PJ Moor,RAS Lakmal,0,0,,,,,,,,,
1059716,2016/17,2016-11-27,Queens Sports Club,1,1.7,Zimbabwe,Sri Lanka,H Masakadza,PJ Moor,RAS Lakmal,0,0,,,,,,,,,
1059716,2016/17,2016-11-27,Queens Sports Club,1,2.1,Zimbabwe,Sri Lanka,PJ Moor,H Masakadza,KMDN Kulasekara,0,0,,,,,,,,,
1059716,2016/17,2016-11-27,Queens Sports Club,1,2.2,Zimbabwe,Sri Lanka,PJ Moor,H Masakadza,KMDN Kulasekara,0,0,,,,,,,,,
1059716,2016/17,2016-11-27,Queens Sports Club,1,2.3,Zimbabwe,Sri Lanka,PJ Moor,H Masakadza,KMDN Kulasekara,0,0,,,,,,,,,
1059716,2016/17,2016-11-27,Queens Sports Club,1,2.4,Zimbabwe,Sri Lanka,PJ Moor,H Masakadza,KMDN Kulasekara,1,0,,,,,,,,,
1059716,2016/17,2016-11-27,Queens Sports Club,1,2.5,Zimbabwe,Sri Lanka,H Masakadza,PJ Moor,KMDN Kulasekara,0,0,,,,,,,,,
1059716,2016/17,2016-11-27,Queens Sports Club,1,2.6,Zimbabwe,Sri Lanka,H Masakadza,PJ Moor,KMDN Kulasekara,0,0,,,,,,,,,
1059716,2016/17,2016-11-27,Queens Sports Club,1,3.1,Zimbabwe,Sri Lanka,PJ Moor,H Masakadza,RAS Lakmal,0,0,,,,,,caught,PJ Moor,,
1059716,2016/17,2016-11-27,Queens Sports Club,1,3.2,Zimbabwe,Sri Lanka,TK Musakanda,H Masakadza,RAS Lakmal,0,0,,,,,,,,,
1059716,2016/17,2016-11-27,Queens Sports Club,1,3.3,Zimbabwe,Sri Lanka,TK Musakanda,H Masakadza,RAS Lakmal,3,0,,,,,,,,,
1059716,2016/17,2016-11-27,Queens Sports Club,1,3.4,Zimbabwe,Sri Lanka,H Masakadza,TK Musakanda,RAS Lakmal,1,0,,,,,,,,,
1059716,2016/17,2016-11-27,Queens Sports Club,1,3.5,Zimbabwe,Sri Lanka,TK Musakanda,H Masakadza,RAS Lakmal,0,0,,,,,,,,,
1059716,2016/17,2016-11-27,Queens Sports Club,1,3.6,Zimbabwe,Sri Lanka,TK Musakanda,H Masakadza,RAS Lakmal,1,0,,,,,,,,,
1059716,2016/17,2016-11-27,Queens Sports Club,1,4.1,Zimbabwe,Sri Lanka,TK Musakanda,H Masakadza,KMDN Kulasekara,0,1,1,,,,,,,,
1059716,2016/17,2016-11-27,Queens Sports Club,1,4.2,Zimbabwe,Sri Lanka,TK Musakanda,H Masakadza,KMDN Kulasekara,0,0,,,,,,,,,
1059716,2016/17,2016-11-27,Queens Sports Club,1,4.3,Zimbabwe,Sri Lanka,TK Musakanda,H Masakadza,KMDN Kulasekara,1,0,,,,,,,,,
1059716,2016/17,2016-11-27,Queens Sports Club,1,4.4,Zimbabwe,Sri Lanka,H Masakadza,TK Musakanda,KMDN Kulasekara,0,0,,,,,,,,,
1059716,2016/17,2016-11-27,Queens Sports Club,1,4.5,Zimbabwe,Sri Lanka,H Masakadza,TK Musakanda,KMDN Kulasekara,0,0,,,,,,,,,
1059716,2016/17,2016-11-27,Queens Sports Club,1,4.6,Zimbabwe,Sri Lanka,H Masakadza,TK Musakanda,KMDN Kulasekara,4,0,,,,,,,,,
1059716,2016/17,2016-11-27,Queens Sports Club,1,4.7,Zimbabwe,Sri Lanka,H Masakadza,TK Musakanda,KMDN Kulasekara,0,0,,,,,,lbw,H Masakadza,,
1059716,2016/17,2016-11-27,Queens Sports Club,1,5.1,Zimbabwe,Sri Lanka,TK Musakanda,CR Ervine,RAS Lakmal,1,0,,,,,,,,,
1059716,2016/17,2016-11-27,Queens Sports Club,1,5.2,Zimbabwe,Sri Lanka,CR Ervine,TK Musakanda,RAS Lakmal,1,0,,,,,,,,,
1059716,2016/17,2016-11-27,Queens Sports Club,1,5.3,Zimbabwe,Sri Lanka,TK Musakanda,CR Ervine,RAS Lakmal,0,0,,,,,,,,,
1059716,2016/17,2016-11-27,Queens Sports Club,1,5.4,Zimbabwe,Sri Lanka,TK Musakanda,CR Ervine,RAS Lakmal,0,1,,,,1,,,,,
1059716,2016/17,2016-11-27,Queens Sports Club,1,5.5,Zimbabwe,Sri Lanka,CR Ervine,TK Musakanda,RAS Lakmal,0,0,,,,,,,,,
1059716,2016/17,2016-11-27,Queens Sports Club,1,5.6,Zimbabwe,Sri Lanka,CR Ervine,TK Musakanda,RAS Lakmal,0,0,,,,,,,,,
1059716,2016/17,2016-11-27,Queens Sports Club,1,6.1,Zimbabwe,Sri Lanka,TK Musakanda,CR Ervine,KMDN Kulasekara,1,0,,,,,,,,,
1059716,2016/17,2016-11-27,Queens Sports Club,1,6.2,Zimbabwe,Sri Lanka,CR Ervine,TK Musakanda,KMDN Kulasekara,2,0,,,,,,,,,
1059716,2016/17,2016-11-27,Queens Sports Club,1,6.3,Zimbabwe,Sri Lanka,CR Ervine,TK Musakanda,KMDN Kulasekara,0,1,1,,,,,,,,
1059716,2016/17,2016-11-27,Queens Sports Club,1,6.4,Zimbabwe,Sri Lanka,CR Ervine,TK Musakanda,KMDN Kulasekara,0,0,,,,,,,,,
1059716,2016/17,2016-11-27,Queens Sports Club,1,6.5,Zimbabwe,Sri Lanka,CR Ervine,TK Musakanda,KMDN Kulasekara,0,0,,,,,,,,,
1059716,2016/17,2016-11-27,Queens Sports Club,1,6.6,Zimbabwe,Sri Lanka,CR Ervine,TK Musakanda,KMDN Kulasekara,4,0,,,,,,,,,
1059716,2016/17,2016-11-27,Queens Sports Club,1,6.7,Zimbabwe,Sri Lanka,CR Ervine,TK Musakanda,KMDN Kulasekara,0,0,,,,,,,,,
1059716,2016/17,2016-11-27,Queens Sports Club,1,7.1,Zimbabwe,Sri Lanka,TK Musakanda,CR Ervine,RAS Lakmal,0,0,,,,,,,,,
1059716,2016/17,2016-11-27,Queens Sports Club,1,7.2,Zimbabwe,Sri Lanka,TK Musakanda,CR Ervine,RAS Lakmal,0,0,,,,,,,,,
1059716,2016/17,2016-11-27,Queens Sports Club,1,7.3,Zimbabwe,Sri Lanka,TK Musakanda,CR Ervine,RAS Lakmal,0,0,,,,,,,,,
1059716,2016/17,2016-11-27,Queens Sports Club,1,7.4,Zimbabwe,Sri Lanka,TK Musakanda,CR Ervine,RAS Lakmal,0,0,,,,,,,,,
1059716,2016/17,2016-11-27,Queens Sports Club,1,7.5,Zimbabwe,Sri Lanka,TK Musakanda,CR Ervine,RAS Lakmal,1,0,,,,,,,,,
1059716,2016/17,2016-11-27,Queens Sports Club,1,7.6,Zimbabwe,Sri Lanka,CR Ervine,TK Musakanda,RAS Lakmal,0,0,,,,,,,,,
1059716,2016/17,2016-11-27,Queens Sports Club,1,8.1,Zimbabwe,Sri Lanka,TK Musakanda,CR Ervine,KMDN Kulasekara,0,1,1,,,,,,,,
1059716,2016/17,2016-11-27,Queens Sports Club,1,8.2,Zimbabwe,Sri Lanka,TK Musakanda,CR Ervine,KMDN Kulasekara,4,0,,,,,,,,,
1059716,2016/17,2016-11-27,Queens Sports Club,1,8.3,Zimbabwe,Sri Lanka,TK Musakanda,CR Ervine,KMDN Kulasekara,1,0,,,,,,,,,
1059716,2016/17,2016-11-27,Queens Sports Club,1,8.4,Zimbabwe,Sri Lanka,CR Ervine,TK Musakanda,KMDN Kulasekara,0,0,,,,,,,,,
1059716,2016/17,2016-11-27,Queens Sports Club,1,8.5,Zimbabwe,Sri Lanka,CR Ervine,TK Musakanda,KMDN Kulasekara,0,0,,,,,,,,,
1059716,2016/17,2016-11-27,Queens Sports Club,1,8.6,Zimbabwe,Sri Lanka,CR Ervine,TK Musakanda,KMDN Kulasekara,0,0,,,,,,,,,
1059716,2016/17,2016-11-27,Queens Sports Club,1,8.7,Zimbabwe,Sri Lanka,CR Ervine,TK Musakanda,KMDN Kulasekara,1,0,,,,,,,,,
1059716,2016/17,2016-11-27,Queens Sports Club,1,9.1,Zimbabwe,Sri Lanka,CR Ervine,TK Musakanda,RAS Lakmal,0,0,,,,,,,,,
1059716,2016/17,2016-11-27,Queens Sports Club,1,9.2,Zimbabwe,Sri Lanka,CR Ervine,TK Musakanda,RAS Lakmal,1,0,,,,,,,,,
1059716,2016/17,2016-11-27,Queens Sports Club,1,9.3,Zimbabwe,Sri Lanka,TK Musakanda,CR Ervine,RAS Lakmal,3,0,,,,,,,,,
1059716,2016/17,2016-11-27,Queens Sports Club,1,9.4,Zimbabwe,Sri Lanka,CR Ervine,TK Musakanda,RAS Lakmal,1,0,,,,,,,,,
1059716,2016/17,2016-11-27,Queens Sports Club,1,9.5,Zimbabwe,Sri Lanka,TK Musakanda,CR Ervine,RAS Lakmal,0,0,,,,,,,,,
1059716,2016/17,2016-11-27,Queens Sports Club,1,9.6,Zimbabwe,Sri Lanka,TK Musakanda,CR Ervine,RAS Lakmal,0,0,,,,,,,,,
1059716,2016/17,2016-11-27,Queens Sports Club,1,10.1,Zimbabwe,Sri Lanka,CR Ervine,TK Musakanda,SS Pathirana,0,0,,,,,,,,,
1059716,2016/17,2016-11-27,Queens Sports Club,1,10.2,Zimbabwe,Sri Lanka,CR Ervine,TK Musakanda,SS Pathirana,0,0,,,,,,,,,
1059716,2016/17,2016-11-27,Queens Sports Club,1,10.3,Zimbabwe,Sri Lanka,CR Ervine,TK Musakanda,SS Pathirana,0,0,,,,,,,,,
1059716,2016/17,2016-11-27,Queens Sports Club,1,10.4,Zimbabwe,Sri Lanka,CR Ervine,TK Musakanda,SS Pathirana,1,0,,,,,,,,,
1059716,2016/17,2016-11-27,Queens Sports Club,1,10.5,Zimbabwe,Sri Lanka,TK Musakanda,CR Ervine,SS Pathirana,1,0,,,,,,,,,
1059716,2016/17,2016-11-27,Queens Sports Club,1,10.6,Zimbabwe,Sri Lanka,CR Ervine,TK Musakanda,SS Pathirana,0,0,,,,,,,,,
1059716,2016/17,2016-11-27,Queens Sports Club,1,11.1,Zimbabwe,Sri Lanka,TK Musakanda,CR Ervine,MD Shanaka,0,0,,,,,,,,,
1059716,2016/17,2016-11-27,Queens Sports Club,1,11.2,Zimbabwe,Sri Lanka,TK Musakanda,CR Ervine,MD Shanaka,0,0,,,,,,,,,
1059716,2016/17,2016-11-27,Queens Sports Club,1,11.3,Zimbabwe,Sri Lanka,TK Musakanda,CR Ervine,MD Shanaka,0,0,,,,,,,,,
1059716,2016/17,2016-11-27,Queens Sports Club,1,11.4,Zimbabwe,Sri Lanka,TK Musakanda,CR Ervine,MD Shanaka,4,0,,,,,,,,,
1059716,2016/17,2016-11-27,Queens Sports Club,1,11.5,Zimbabwe,Sri Lanka,TK Musakanda,CR Ervine,MD Shanaka,2,0,,,,,,,,,
1059716,2016/17,2016-11-27,Queens Sports Club,1,11.6,Zimbabwe,Sri Lanka,TK Musakanda,CR Ervine,MD Shanaka,0,0,,,,,,,,,
1059716,2016/17,2016-11-27,Queens Sports Club,1,12.1,Zimbabwe,Sri Lanka,CR Ervine,TK Musakanda,SS Pathirana,1,0,,,,,,,,,
1059716,2016/17,2016-11-27,Queens Sports Club,1,12.2,Zimbabwe,Sri Lanka,TK Musakanda,CR Ervine,SS Pathirana,1,0,,,,,,,,,
1059716,2016/17,2016-11-27,Queens Sports Club,1,12.3,Zimbabwe,Sri Lanka,CR Ervine,TK Musakanda,SS Pathirana,0,0,,,,,,,,,
1059716,2016/17,2016-11-27,Queens Sports Club,1,12.4,Zimbabwe,Sri Lanka,CR Ervine,TK Musakanda,SS Pathirana,0,0,,,,,,,,,
1059716,2016/17,2016-11-27,Queens Sports Club,1,12.5,Zimbabwe,Sri Lanka,CR Ervine,TK Musakanda,SS Pathirana,1,0,,,,,,,,,
1059716,2016/17,2016-11-27,Queens Sports Club,1,12.6,Zimbabwe,Sri Lanka,TK Musakanda,CR Ervine,SS Pathirana,0,0,,,,,,,,,
1059716,2016/17,2016-11-27,Queens Sports Club,1,13.1,Zimbabwe,Sri Lanka,CR Ervine,TK Musakanda,MD Shanaka,4,0,,,,,,,,,
1059716,2016/17,2016-11-27,Queens Sports Club,1,13.2,Zimbabwe,Sri Lanka,CR Ervine,TK Musakanda,MD Shanaka,1,0,,,,,,,,,
1059716,2016/17,2016-11-27,Queens Sports Club,1,13.3,Zimbabwe,Sri Lanka,TK Musakanda,CR Ervine,MD Shanaka,1,0,,,,,,,,,
1059716,2016/17,2016-11-27,Queens Sports Club,1,13.4,Zimbabwe,Sri Lanka,CR Ervine,TK Musakanda,MD Shanaka,4,0,,,,,,,,,
1059716,2016/17,2016-11-27,Queens Sports Club,1,13.5,Zimbabwe,Sri Lanka,CR Ervine,TK Musakanda,MD Shanaka,0,0,,,,,,,,,
1059716,2016/17,2016-11-27,Queens Sports Club,1,13.6,Zimbabwe,Sri Lanka,CR Ervine,TK Musakanda,MD Shanaka,2,0,,,,,,,,,
1059716,2016/17,2016-11-27,Queens Sports Club,1,14.1,Zimbabwe,Sri Lanka,TK Musakanda,CR Ervine,SS Pathirana,0,0,,,,,,,,,
1059716,2016/17,2016-11-27,Queens Sports Club,1,14.2,Zimbabwe,Sri Lanka,TK Musakanda,CR Ervine,SS Pathirana,4,0,,,,,,,,,
1059716,2016/17,2016-11-27,Queens Sports Club,1,14.3,Zimbabwe,Sri Lanka,TK Musakanda,CR Ervine,SS Pathirana,0,0,,,,,,,,,
1059716,2016/17,2016-11-27,Queens Sports Club,1,14.4,Zimbabwe,Sri Lanka,TK Musakanda,CR Ervine,SS Pathirana,1,0,,,,,,,,,
1059716,2016/17,2016-11-27,Queens Sports Club,1,14.5,Zimbabwe,Sri Lanka,CR Ervine,TK Musakanda,SS Pathirana,1,0,,,,,,,,,
1059716,2016/17,2016-11-27,Queens Sports Club,1,14.6,Zimbabwe,Sri Lanka,TK Musakanda,CR Ervine,SS Pathirana,0,0,,,,,,,,,
1059716,2016/17,2016-11-27,Queens Sports Club,1,15.1,Zimbabwe,Sri Lanka,CR Ervine,TK Musakanda,JDF Vandersay,0,0,,,,,,,,,
1059716,2016/17,2016-11-27,Queens Sports Club,1,15.2,Zimbabwe,Sri Lanka,CR Ervine,TK Musakanda,JDF Vandersay,0,0,,,,,,caught and bowled,CR Ervine,,
1059716,2016/17,2016-11-27,Queens Sports Club,1,15.3,Zimbabwe,Sri Lanka,Sikandar Raza,TK Musakanda,JDF Vandersay,0,2,,,,2,,,,,
1059716,2016/17,2016-11-27,Queens Sports Club,1,15.4,Zimbabwe,Sri Lanka,Sikandar Raza,TK Musakanda,JDF Vandersay,0,0,,,,,,,,,
1059716,2016/17,2016-11-27,Queens Sports Club,1,15.5,Zimbabwe,Sri Lanka,Sikandar Raza,TK Musakanda,JDF Vandersay,0,0,,,,,,,,,
1059716,2016/17,2016-11-27,Queens Sports Club,1,15.6,Zimbabwe,Sri Lanka,Sikandar Raza,TK Musakanda,JDF Vandersay,1,0,,,,,,,,,
1059716,2016/17,2016-11-27,Queens Sports Club,1,16.1,Zimbabwe,Sri Lanka,Sikandar Raza,TK Musakanda,SS Pathirana,0,0,,,,,,,,,
1059716,2016/17,2016-11-27,Queens Sports Club,1,16.2,Zimbabwe,Sri Lanka,Sikandar Raza,TK Musakanda,SS Pathirana,0,0,,,,,,,,,
1059716,2016/17,2016-11-27,Queens Sports Club,1,16.3,Zimbabwe,Sri Lanka,Sikandar Raza,TK Musakanda,SS Pathirana,0,0,,,,,,,,,
1059716,2016/17,2016-11-27,Queens Sports Club,1,16.4,Zimbabwe,Sri Lanka,Sikandar Raza,TK Musakanda,SS Pathirana,0,0,,,,,,,,,
1059716,2016/17,2016-11-27,Queens Sports Club,1,16.5,Zimbabwe,Sri Lanka,Sikandar Raza,TK Musakanda,SS Pathirana,0,0,,,,,,,,,
1059716,2016/17,2016-11-27,Queens Sports Club,1,16.6,Zimbabwe,Sri Lanka,Sikandar Raza,TK Musakanda,SS Pathirana,4,0,,,,,,,,,
1059716,2016/17,2016-11-27,Queens Sports Club,1,17.1,Zimbabwe,Sri Lanka,TK Musakanda,Sikandar Raza,JDF Vandersay,6,0,,,,,,,,,
1059716,2016/17,2016-11-27,Queens Sports Club,1,17.2,Zimbabwe,Sri Lanka,TK Musakanda,Sikandar Raza,JDF Vandersay,0,0,,,,,,caught,TK Musakanda,,
1059716,2016/17,2016-11-27,Queens Sports Club,1,17.3,Zimbabwe,Sri Lanka,SC Williams,Sikandar Raza,JDF Vandersay,2,0,,,,,,,,,
1059716,2016/17,2016-11-27,Queens Sports Club,1,17.4,Zimbabwe,Sri Lanka,SC Williams,Sikandar Raza,JDF Vandersay,0,0,,,,,,,,,
1059716,2016/17,2016-11-27,Queens Sports Club,1,17.5,Zimbabwe,Sri Lanka,SC Williams,Sikandar Raza,JDF Vandersay,0,0,,,,,,,,,
1059716,2016/17,2016-11-27,Queens Sports Club,1,17.6,Zimbabwe,Sri Lanka,SC Williams,Sikandar Raza,JDF Vandersay,1,0,,,,,,,,,
1059716,2016/17,2016-11-27,Queens Sports Club,1,18.1,Zimbabwe,Sri Lanka,SC Williams,Sikandar Raza,SS Pathirana,0,0,,,,,,,,,
1059716,2016/17,2016-11-27,Queens Sports Club,1,18.2,Zimbabwe,Sri Lanka,SC Williams,Sikandar Raza,SS Pathirana,0,0,,,,,,,,,
1059716,2016/17,2016-11-27,Queens Sports Club,1,18.3,Zimbabwe,Sri Lanka,SC Williams,Sikandar Raza,SS Pathirana,1,0,,,,,,,,,
1059716,2016/17,2016-11-27,Queens Sports Club,1,18.4,Zimbabwe,Sri Lanka,Sikandar Raza,SC Williams,SS Pathirana,0,0,,,,,,lbw,Sikandar Raza,,
1059716,2016/17,2016-11-27,Queens Sports Club,1,18.5,Zimbabwe,Sri Lanka,MN Waller,SC Williams,SS Pathirana,1,0,,,,,,,,,
1059716,2016/17,2016-11-27,Queens Sports Club,1,18.6,Zimbabwe,Sri Lanka,SC Williams,MN Waller,SS Pathirana,1,0,,,,,,,,,
1059716,2016/17,2016-11-27,Queens Sports Club,1,19.1,Zimbabwe,Sri Lanka,SC Williams,MN Waller,JDF Vandersay,1,0,,,,,,,,,
1059716,2016/17,2016-11-27,Queens Sports Club,1,19.2,Zimbabwe,Sri Lanka,MN Waller,SC Williams,JDF Vandersay,4,0,,,,,,,,,
1059716,2016/17,2016-11-27,Queens Sports Club,1,19.3,Zimbabwe,Sri Lanka,MN Waller,SC Williams,JDF Vandersay,1,0,,,,,,,,,
1059716,2016/17,2016-11-27,Queens Sports Club,1,19.4,Zimbabwe,Sri Lanka,SC Williams,MN Waller,JDF Vandersay,0,1,1,,,,,,,,
1059716,2016/17,2016-11-27,Queens Sports Club,1,19.5,Zimbabwe,Sri Lanka,SC Williams,MN Waller,JDF Vandersay,1,0,,,,,,,,,
1059716,2016/17,2016-11-27,Queens Sports Club,1,19.6,Zimbabwe,Sri Lanka,MN Waller,SC Williams,JDF Vandersay,0,0,,,,,,,,,
1059716,2016/17,2016-11-27,Queens Sports Club,1,19.7,Zimbabwe,Sri Lanka,MN Waller,SC Williams,JDF Vandersay,1,0,,,,,,,,,
1059716,2016/17,2016-11-27,Queens Sports Club,1,20.1,Zimbabwe,Sri Lanka,MN Waller,SC Williams,SS Pathirana,0,0,,,,,,,,,
1059716,2016/17,2016-11-27,Queens Sports Club,1,20.2,Zimbabwe,Sri Lanka,MN Waller,SC Williams,SS Pathirana,0,0,,,,,,,,,
1059716,2016/17,2016-11-27,Queens Sports Club,1,20.3,Zimbabwe,Sri Lanka,MN Waller,SC Williams,SS Pathirana,1,0,,,,,,,,,
1059716,2016/17,2016-11-27,Queens Sports Club,1,20.4,Zimbabwe,Sri Lanka,SC Williams,MN Waller,SS Pathirana,1,0,,,,,,,,,
1059716,2016/17,2016-11-27,Queens Sports Club,1,20.5,Zimbabwe,Sri Lanka,MN Waller,SC Williams,SS Pathirana,1,0,,,,,,,,,
1059716,2016/17,2016-11-27,Queens Sports Club,1,20.6,Zimbabwe,Sri Lanka,SC Williams,MN Waller,SS Pathirana,0,0,,,,,,,,,
1059716,2016/17,2016-11-27,Queens Sports Club,1,21.1,Zimbabwe,Sri Lanka,MN Waller,SC Williams,JDF Vandersay,0,0,,,,,,,,,
1059716,2016/17,2016-11-27,Queens Sports Club,1,21.2,Zimbabwe,Sri Lanka,MN Waller,SC Williams,JDF Vandersay,4,0,,,,,,,,,
1059716,2016/17,2016-11-27,Queens Sports Club,1,21.3,Zimbabwe,Sri Lanka,MN Waller,SC Williams,JDF Vandersay,1,0,,,,,,,,,
1059716,2016/17,2016-11-27,Queens Sports Club,1,21.4,Zimbabwe,Sri Lanka,SC Williams,MN Waller,JDF Vandersay,0,0,,,,,,,,,
1059716,2016/17,2016-11-27,Queens Sports Club,1,21.5,Zimbabwe,Sri Lanka,SC Williams,MN Waller,JDF Vandersay,0,0,,,,,,,,,
1059716,2016/17,2016-11-27,Queens Sports Club,1,21.6,Zimbabwe,Sri Lanka,SC Williams,MN Waller,JDF Vandersay,0,0,,,,,,,,,
1059716,2016/17,2016-11-27,Queens Sports Club,1,22.1,Zimbabwe,Sri Lanka,MN Waller,SC Williams,SS Pathirana,0,0,,,,,,caught and bowled,MN Waller,,
1059716,2016/17,2016-11-27,Queens Sports Club,1,22.2,Zimbabwe,Sri Lanka,SC Williams,AG Cremer,SS Pathirana,1,0,,,,,,,,,
1059716,2016/17,2016-11-27,Queens Sports Club,1,22.3,Zimbabwe,Sri Lanka,AG Cremer,SC Williams,SS Pathirana,1,0,,,,,,,,,
1059716,2016/17,2016-11-27,Queens Sports Club,1,22.4,Zimbabwe,Sri Lanka,SC Williams,AG Cremer,SS Pathirana,1,0,,,,,,,,,
1059716,2016/17,2016-11-27,Queens Sports Club,1,22.5,Zimbabwe,Sri Lanka,AG Cremer,SC Williams,SS Pathirana,1,0,,,,,,,,,
1059716,2016/17,2016-11-27,Queens Sports Club,1,22.6,Zimbabwe,Sri Lanka,SC Williams,AG Cremer,SS Pathirana,1,0,,,,,,,,,
1059716,2016/17,2016-11-27,Queens Sports Club,1,23.1,Zimbabwe,Sri Lanka,SC Williams,AG Cremer,JDF Vandersay,0,0,,,,,,,,,
1059716,2016/17,2016-11-27,Queens Sports Club,1,23.2,Zimbabwe,Sri Lanka,SC Williams,AG Cremer,JDF Vandersay,0,0,,,,,,,,,
1059716,2016/17,2016-11-27,Queens Sports Club,1,23.3,Zimbabwe,Sri Lanka,SC Williams,AG Cremer,JDF Vandersay,1,0,,,,,,,,,
1059716,2016/17,2016-11-27,Queens Sports Club,1,23.4,Zimbabwe,Sri Lanka,AG Cremer,SC Williams,JDF Vandersay,0,0,,,,,,,,,
1059716,2016/17,2016-11-27,Queens Sports Club,1,23.5,Zimbabwe,Sri Lanka,AG Cremer,SC Williams,JDF Vandersay,1,0,,,,,,,,,
1059716,2016/17,2016-11-27,Queens Sports Club,1,23.6,Zimbabwe,Sri Lanka,SC Williams,AG Cremer,JDF Vandersay,0,0,,,,,,,,,
1059716,2016/17,2016-11-27,Queens Sports Club,1,24.1,Zimbabwe,Sri Lanka,AG Cremer,SC Williams,KMDN Kulasekara,1,0,,,,,,,,,
1059716,2016/17,2016-11-27,Queens Sports Club,1,24.2,Zimbabwe,Sri Lanka,SC Williams,AG Cremer,KMDN Kulasekara,0,0,,,,,,,,,
1059716,2016/17,2016-11-27,Queens Sports Club,1,24.3,Zimbabwe,Sri Lanka,SC Williams,AG Cremer,KMDN Kulasekara,0,0,,,,,,,,,
1059716,2016/17,2016-11-27,Queens Sports Club,1,24.4,Zimbabwe,Sri Lanka,SC Williams,AG Cremer,KMDN Kulasekara,0,0,,,,,,,,,
1059716,2016/17,2016-11-27,Queens Sports Club,1,24.5,Zimbabwe,Sri Lanka,SC Williams,AG Cremer,KMDN Kulasekara,0,0,,,,,,,,,
1059716,2016/17,2016-11-27,Queens Sports Club,1,24.6,Zimbabwe,Sri Lanka,SC Williams,AG Cremer,KMDN Kulasekara,1,0,,,,,,,,,
1059716,2016/17,2016-11-27,Queens Sports Club,1,25.1,Zimbabwe,Sri Lanka,SC Williams,AG Cremer,JDF Vandersay,1,0,,,,,,,,,
1059716,2016/17,2016-11-27,Queens Sports Club,1,25.2,Zimbabwe,Sri Lanka,AG Cremer,SC Williams,JDF Vandersay,0,0,,,,,,,,,
1059716,2016/17,2016-11-27,Queens Sports Club,1,25.3,Zimbabwe,Sri Lanka,AG Cremer,SC Williams,JDF Vandersay,0,0,,,,,,,,,
1059716,2016/17,2016-11-27,Queens Sports Club,1,25.4,Zimbabwe,Sri Lanka,AG Cremer,SC Williams,JDF Vandersay,1,0,,,,,,,,,
1059716,2016/17,2016-11-27,Queens Sports Club,1,25.5,Zimbabwe,Sri Lanka,SC Williams,AG Cremer,JDF Vandersay,1,0,,,,,,,,,
1059716,2016/17,2016-11-27,Queens Sports Club,1,25.6,Zimbabwe,Sri Lanka,AG Cremer,SC Williams,JDF Vandersay,0,0,,,,,,,,,
1059716,2016/17,2016-11-27,Queens Sports Club,1,26.1,Zimbabwe,Sri Lanka,SC Williams,AG Cremer,KMDN Kulasekara,2,0,,,,,,,,,
1059716,2016/17,2016-11-27,Queens Sports Club,1,26.2,Zimbabwe,Sri Lanka,SC Williams,AG Cremer,KMDN Kulasekara,1,0,,,,,,,,,
1059716,2016/17,2016-11-27,Queens Sports Club,1,26.3,Zimbabwe,Sri Lanka,AG Cremer,SC Williams,KMDN Kulasekara,0,0,,,,,,,,,
1059716,2016/17,2016-11-27,Queens Sports Club,1,26.4,Zimbabwe,Sri Lanka,AG Cremer,SC Williams,KMDN Kulasekara,0,0,,,,,,,,,
1059716,2016/17,2016-11-27,Queens Sports Club,1,26.5,Zimbabwe,Sri Lanka,AG Cremer,SC Williams,KMDN Kulasekara,0,0,,,,,,,,,
1059716,2016/17,2016-11-27,Queens Sports Club,1,26.6,Zimbabwe,Sri Lanka,AG Cremer,SC Williams,KMDN Kulasekara,1,0,,,,,,,,,
1059716,2016/17,2016-11-27,Queens Sports Club,1,27.1,Zimbabwe,Sri Lanka,AG Cremer,SC Williams,JDF Vandersay,1,0,,,,,,,,,
1059716,2016/17,2016-11-27,Queens Sports Club,1,27.2,Zimbabwe,Sri Lanka,SC Williams,AG Cremer,JDF Vandersay,1,1,,1,,,,,,,
1059716,2016/17,2016-11-27,Queens Sports Club,1,27.3,Zimbabwe,Sri Lanka,AG Cremer,SC Williams,JDF Vandersay,0,0,,,,,,,,,
1059716,2016/17,2016-11-27,Queens Sports Club,1,27.4,Zimbabwe,Sri Lanka,AG Cremer,SC Williams,JDF Vandersay,1,0,,,,,,,,,
1059716,2016/17,2016-11-27,Queens Sports Club,1,27.5,Zimbabwe,Sri Lanka,SC Williams,AG Cremer,JDF Vandersay,1,0,,,,,,,,,
1059716,2016/17,2016-11-27,Queens Sports Club,1,27.6,Zimbabwe,Sri Lanka,AG Cremer,SC Williams,JDF Vandersay,0,0,,,,,,,,,
1059716,2016/17,2016-11-27,Queens Sports Club,1,27.7,Zimbabwe,Sri Lanka,AG Cremer,SC Williams,JDF Vandersay,0,0,,,,,,,,,
1059716,2016/17,2016-11-27,Queens Sports Club,1,28.1,Zimbabwe,Sri Lanka,SC Williams,AG Cremer,DAS Gunaratne,0,0,,,,,,,,,
1059716,2016/17,2016-11-27,Queens Sports Club,1,28.2,Zimbabwe,Sri Lanka,SC Williams,AG Cremer,DAS Gunaratne,2,0,,,,,,,,,
1059716,2016/17,2016-11-27,Queens Sports Club,1,28.3,Zimbabwe,Sri Lanka,SC Williams,AG Cremer,DAS Gunaratne,0,0,,,,,,,,,
1059716,2016/17,2016-11-27,Queens Sports Club,1,28.4,Zimbabwe,Sri Lanka,SC Williams,AG Cremer,DAS Gunaratne,0,0,,,,,,,,,
1059716,2016/17,2016-11-27,Queens Sports Club,1,28.5,Zimbabwe,Sri Lanka,SC Williams,AG Cremer,DAS Gunaratne,1,0,,,,,,,,,
1059716,2016/17,2016-11-27,Queens Sports Club,1,28.6,Zimbabwe,Sri Lanka,AG Cremer,SC Williams,DAS Gunaratne,1,0,,,,,,,,,
1059716,2016/17,2016-11-27,Queens Sports Club,1,29.1,Zimbabwe,Sri Lanka,AG Cremer,SC Williams,JDF Vandersay,0,0,,,,,,,,,
1059716,2016/17,2016-11-27,Queens Sports Club,1,29.2,Zimbabwe,Sri Lanka,AG Cremer,SC Williams,JDF Vandersay,0,0,,,,,,,,,
1059716,2016/17,2016-11-27,Queens Sports Club,1,29.3,Zimbabwe,Sri Lanka,AG Cremer,SC Williams,JDF Vandersay,0,0,,,,,,caught,AG Cremer,,
1059716,2016/17,2016-11-27,Queens Sports Club,1,29.4,Zimbabwe,Sri Lanka,DT Tiripano,SC Williams,JDF Vandersay,0,0,,,,,,,,,
1059716,2016/17,2016-11-27,Queens Sports Club,1,29.5,Zimbabwe,Sri Lanka,DT Tiripano,SC Williams,JDF Vandersay,3,0,,,,,,,,,
1059716,2016/17,2016-11-27,Queens Sports Club,1,29.6,Zimbabwe,Sri Lanka,SC Williams,DT Tiripano,JDF Vandersay,1,0,,,,,,,,,
1059716,2016/17,2016-11-27,Queens Sports Club,1,30.1,Zimbabwe,Sri Lanka,SC Williams,DT Tiripano,DAS Gunaratne,1,0,,,,,,,,,
1059716,2016/17,2016-11-27,Queens Sports Club,1,30.2,Zimbabwe,Sri Lanka,DT Tiripano,SC Williams,DAS Gunaratne,0,0,,,,,,,,,
1059716,2016/17,2016-11-27,Queens Sports Club,1,30.3,Zimbabwe,Sri Lanka,DT Tiripano,SC Williams,DAS Gunaratne,0,0,,,,,,,,,
1059716,2016/17,2016-11-27,Queens Sports Club,1,30.4,Zimbabwe,Sri Lanka,DT Tiripano,SC Williams,DAS Gunaratne,1,0,,,,,,,,,
1059716,2016/17,2016-11-27,Queens Sports Club,1,30.5,Zimbabwe,Sri Lanka,SC Williams,DT Tiripano,DAS Gunaratne,0,0,,,,,,,,,
1059716,2016/17,2016-11-27,Queens Sports Club,1,30.6,Zimbabwe,Sri Lanka,SC Williams,DT Tiripano,DAS Gunaratne,1,0,,,,,,,,,
1059716,2016/17,2016-11-27,Queens Sports Club,1,31.1,Zimbabwe,Sri Lanka,SC Williams,DT Tiripano,JDF Vandersay,0,0,,,,,,,,,
1059716,2016/17,2016-11-27,Queens Sports Club,1,31.2,Zimbabwe,Sri Lanka,SC Williams,DT Tiripano,JDF Vandersay,0,0,,,,,,,,,
1059716,2016/17,2016-11-27,Queens Sports Club,1,31.3,Zimbabwe,Sri Lanka,SC Williams,DT Tiripano,JDF Vandersay,1,0,,,,,,,,,
1059716,2016/17,2016-11-27,Queens Sports Club,1,31.4,Zimbabwe,Sri Lanka,DT Tiripano,SC Williams,JDF Vandersay,2,0,,,,,,,,,
1059716,2016/17,2016-11-27,Queens Sports Club,1,31.5,Zimbabwe,Sri Lanka,DT Tiripano,SC Williams,JDF Vandersay,0,0,,,,,,,,,
1059716,2016/17,2016-11-27,Queens Sports Club,1,31.6,Zimbabwe,Sri Lanka,DT Tiripano,SC Williams,JDF Vandersay,2,0,,,,,,,,,
1059716,2016/17,2016-11-27,Queens Sports Club,1,32.1,Zimbabwe,Sri Lanka,SC Williams,DT Tiripano,DAS Gunaratne,1,0,,,,,,,,,
1059716,2016/17,2016-11-27,Queens Sports Club,1,32.2,Zimbabwe,Sri Lanka,DT Tiripano,SC Williams,DAS Gunaratne,0,0,,,,,,,,,
1059716,2016/17,2016-11-27,Queens Sports Club,1,32.3,Zimbabwe,Sri Lanka,DT Tiripano,SC Williams,DAS Gunaratne,0,0,,,,,,,,,
1059716,2016/17,2016-11-27,Queens Sports Club,1,32.4,Zimbabwe,Sri Lanka,DT Tiripano,SC Williams,DAS Gunaratne,0,0,,,,,,,,,
1059716,2016/17,2016-11-27,Queens Sports Club,1,32.5,Zimbabwe,Sri Lanka,DT Tiripano,SC Williams,DAS Gunaratne,0,0,,,,,,,,,
1059716,2016/17,2016-11-27,Queens Sports Club,1,32.6,Zimbabwe,Sri Lanka,DT Tiripano,SC Williams,DAS Gunaratne,0,0,,,,,,,,,
1059716,2016/17,2016-11-27,Queens Sports Club,1,33.1,Zimbabwe,Sri Lanka,SC Williams,DT Tiripano,JDF Vandersay,1,0,,,,,,,,,
1059716,2016/17,2016-11-27,Queens Sports Club,1,33.2,Zimbabwe,Sri Lanka,DT Tiripano,SC Williams,JDF Vandersay,0,0,,,,,,,,,
1059716,2016/17,2016-11-27,Queens Sports Club,1,33.3,Zimbabwe,Sri Lanka,DT Tiripano,SC Williams,JDF Vandersay,0,0,,,,,,,,,
1059716,2016/17,2016-11-27,Queens Sports Club,1,33.4,Zimbabwe,Sri Lanka,DT Tiripano,SC Williams,JDF Vandersay,1,0,,,,,,,,,
1059716,2016/17,2016-11-27,Queens Sports Club,1,33.5,Zimbabwe,Sri Lanka,SC Williams,DT Tiripano,JDF Vandersay,4,0,,,,,,,,,
1059716,2016/17,2016-11-27,Queens Sports Club,1,33.6,Zimbabwe,Sri Lanka,SC Williams,DT Tiripano,JDF Vandersay,1,0,,,,,,,,,
1059716,2016/17,2016-11-27,Queens Sports Club,1,34.1,Zimbabwe,Sri Lanka,SC Williams,DT Tiripano,DAS Gunaratne,0,0,,,,,,,,,
1059716,2016/17,2016-11-27,Queens Sports Club,1,34.2,Zimbabwe,Sri Lanka,SC Williams,DT Tiripano,DAS Gunaratne,1,0,,,,,,,,,
1059716,2016/17,2016-11-27,Queens Sports Club,1,34.3,Zimbabwe,Sri Lanka,DT Tiripano,SC Williams,DAS Gunaratne,1,0,,,,,,,,,
1059716,2016/17,2016-11-27,Queens Sports Club,1,34.4,Zimbabwe,Sri Lanka,SC Williams,DT Tiripano,DAS Gunaratne,0,0,,,,,,,,,
1059716,2016/17,2016-11-27,Queens Sports Club,1,34.5,Zimbabwe,Sri Lanka,SC Williams,DT Tiripano,DAS Gunaratne,0,0,,,,,,,,,
1059716,2016/17,2016-11-27,Queens Sports Club,1,34.6,Zimbabwe,Sri Lanka,SC Williams,DT Tiripano,DAS Gunaratne,0,0,,,,,,caught,SC Williams,,
1059716,2016/17,2016-11-27,Queens Sports Club,1,35.1,Zimbabwe,Sri Lanka,TS Chisoro,DT Tiripano,RAS Lakmal,0,0,,,,,,,,,
1059716,2016/17,2016-11-27,Queens Sports Club,1,35.2,Zimbabwe,Sri Lanka,TS Chisoro,DT Tiripano,RAS Lakmal,0,0,,,,,,,,,
1059716,2016/17,2016-11-27,Queens Sports Club,1,35.3,Zimbabwe,Sri Lanka,TS Chisoro,DT Tiripano,RAS Lakmal,4,0,,,,,,,,,
1059716,2016/17,2016-11-27,Queens Sports Club,1,35.4,Zimbabwe,Sri Lanka,TS Chisoro,DT Tiripano,RAS Lakmal,0,0,,,,,,,,,
1059716,2016/17,2016-11-27,Queens Sports Club,1,35.5,Zimbabwe,Sri Lanka,TS Chisoro,DT Tiripano,RAS Lakmal,0,0,,,,,,,,,
1059716,2016/17,2016-11-27,Queens Sports Club,1,35.6,Zimbabwe,Sri Lanka,TS Chisoro,DT Tiripano,RAS Lakmal,1,0,,,,,,,,,
1059716,2016/17,2016-11-27,Queens Sports Club,1,36.1,Zimbabwe,Sri Lanka,TS Chisoro,DT Tiripano,DAS Gunaratne,0,0,,,,,,caught,TS Chisoro,,
1059716,2016/17,2016-11-27,Queens Sports Club,1,36.2,Zimbabwe,Sri Lanka,BV Vitori,DT Tiripano,DAS Gunaratne,0,0,,,,,,,,,
1059716,2016/17,2016-11-27,Queens Sports Club,1,36.3,Zimbabwe,Sri Lanka,BV Vitori,DT Tiripano,DAS Gunaratne,0,0,,,,,,lbw,BV Vitori,,
1059716,2016/17,2016-11-27,Queens Sports Club,2,0.1,Sri Lanka,Zimbabwe,DM de Silva,MDKJ Perera,BV Vitori,0,1,1,,,,,,,,
1059716,2016/17,2016-11-27,Queens Sports Club,2,0.2,Sri Lanka,Zimbabwe,DM de Silva,MDKJ Perera,BV Vitori,0,0,,,,,,lbw,DM de Silva,,
1059716,2016/17,2016-11-27,Queens Sports Club,2,0.3,Sri Lanka,Zimbabwe,N Dickwella,MDKJ Perera,BV Vitori,0,0,,,,,,,,,
1059716,2016/17,2016-11-27,Queens Sports Club,2,0.4,Sri Lanka,Zimbabwe,N Dickwella,MDKJ Perera,BV Vitori,1,0,,,,,,,,,
1059716,2016/17,2016-11-27,Queens Sports Club,2,0.5,Sri Lanka,Zimbabwe,MDKJ Perera,N Dickwella,BV Vitori,4,0,,,,,,,,,
1059716,2016/17,2016-11-27,Queens Sports Club,2,0.6,Sri Lanka,Zimbabwe,MDKJ Perera,N Dickwella,BV Vitori,0,0,,,,,,,,,
1059716,2016/17,2016-11-27,Queens Sports Club,2,0.7,Sri Lanka,Zimbabwe,MDKJ Perera,N Dickwella,BV Vitori,2,0,,,,,,,,,
1059716,2016/17,2016-11-27,Queens Sports Club,2,1.1,Sri Lanka,Zimbabwe,N Dickwella,MDKJ Perera,DT Tiripano,0,0,,,,,,,,,
1059716,2016/17,2016-11-27,Queens Sports Club,2,1.2,Sri Lanka,Zimbabwe,N Dickwella,MDKJ Perera,DT Tiripano,0,0,,,,,,,,,
1059716,2016/17,2016-11-27,Queens Sports Club,2,1.3,Sri Lanka,Zimbabwe,N Dickwella,MDKJ Perera,DT Tiripano,2,0,,,,,,,,,
1059716,2016/17,2016-11-27,Queens Sports Club,2,1.4,Sri Lanka,Zimbabwe,N Dickwella,MDKJ Perera,DT Tiripano,2,0,,,,,,,,,
1059716,2016/17,2016-11-27,Queens Sports Club,2,1.5,Sri Lanka,Zimbabwe,N Dickwella,MDKJ Perera,DT Tiripano,0,0,,,,,,,,,
1059716,2016/17,2016-11-27,Queens Sports Club,2,1.6,Sri Lanka,Zimbabwe,N Dickwella,MDKJ Perera,DT Tiripano,1,0,,,,,,,,,
1059716,2016/17,2016-11-27,Queens Sports Club,2,2.1,Sri Lanka,Zimbabwe,N Dickwella,MDKJ Perera,BV Vitori,0,0,,,,,,,,,
1059716,2016/17,2016-11-27,Queens Sports Club,2,2.2,Sri Lanka,Zimbabwe,N Dickwella,MDKJ Perera,BV Vitori,4,0,,,,,,,,,
1059716,2016/17,2016-11-27,Queens Sports Club,2,2.3,Sri Lanka,Zimbabwe,N Dickwella,MDKJ Perera,BV Vitori,1,0,,,,,,,,,
1059716,2016/17,2016-11-27,Queens Sports Club,2,2.4,Sri Lanka,Zimbabwe,MDKJ Perera,N Dickwella,BV Vitori,2,0,,,,,,,,,
1059716,2016/17,2016-11-27,Queens Sports Club,2,2.5,Sri Lanka,Zimbabwe,MDKJ Perera,N Dickwella,BV Vitori,0,0,,,,,,,,,
1059716,2016/17,2016-11-27,Queens Sports Club,2,2.6,Sri Lanka,Zimbabwe,MDKJ Perera,N Dickwella,BV Vitori,0,0,,,,,,,,,
1059716,2016/17,2016-11-27,Queens Sports Club,2,3.1,Sri Lanka,Zimbabwe,N Dickwella,MDKJ Perera,DT Tiripano,0,0,,,,,,,,,
1059716,2016/17,2016-11-27,Queens Sports Club,2,3.2,Sri Lanka,Zimbabwe,N Dickwella,MDKJ Perera,DT Tiripano,4,0,,,,,,,,,
1059716,2016/17,2016-11-27,Queens Sports Club,2,3.3,Sri Lanka,Zimbabwe,N Dickwella,MDKJ Perera,DT Tiripano,1,0,,,,,,,,,
1059716,2016/17,2016-11-27,Queens Sports Club,2,3.4,Sri Lanka,Zimbabwe,MDKJ Perera,N Dickwella,DT Tiripano,0,0,,,,,,,,,
1059716,2016/17,2016-11-27,Queens Sports Club,2,3.5,Sri Lanka,Zimbabwe,MDKJ Perera,N Dickwella,DT Tiripano,4,0,,,,,,,,,
1059716,2016/17,2016-11-27,Queens Sports Club,2,3.6,Sri Lanka,Zimbabwe,MDKJ Perera,N Dickwella,DT Tiripano,0,0,,,,,,,,,
1059716,2016/17,2016-11-27,Queens Sports Club,2,4.1,Sri Lanka,Zimbabwe,N Dickwella,MDKJ Perera,BV Vitori,0,0,,,,,,,,,
1059716,2016/17,2016-11-27,Queens Sports Club,2,4.2,Sri Lanka,Zimbabwe,N Dickwella,MDKJ Perera,BV Vitori,0,0,,,,,,bowled,N Dickwella,,
1059716,2016/17,2016-11-27,Queens Sports Club,2,4.3,Sri Lanka,Zimbabwe,BKG Mendis,MDKJ Perera,BV Vitori,0,0,,,,,,,,,
1059716,2016/17,2016-11-27,Queens Sports Club,2,4.4,Sri Lanka,Zimbabwe,BKG Mendis,MDKJ Perera,BV Vitori,0,2,,,,2,,,,,
1059716,2016/17,2016-11-27,Queens Sports Club,2,4.5,Sri Lanka,Zimbabwe,BKG Mendis,MDKJ Perera,BV Vitori,4,0,,,,,,,,,
1059716,2016/17,2016-11-27,Queens Sports Club,2,4.6,Sri Lanka,Zimbabwe,BKG Mendis,MDKJ Perera,BV Vitori,4,0,,,,,,,,,
1059716,2016/17,2016-11-27,Queens Sports Club,2,5.1,Sri Lanka,Zimbabwe,MDKJ Perera,BKG Mendis,TS Chisoro,1,0,,,,,,,,,
1059716,2016/17,2016-11-27,Queens Sports Club,2,5.2,Sri Lanka,Zimbabwe,BKG Mendis,MDKJ Perera,TS Chisoro,0,0,,,,,,,,,
1059716,2016/17,2016-11-27,Queens Sports Club,2,5.3,Sri Lanka,Zimbabwe,BKG Mendis,MDKJ Perera,TS Chisoro,1,0,,,,,,,,,
1059716,2016/17,2016-11-27,Queens Sports Club,2,5.4,Sri Lanka,Zimbabwe,MDKJ Perera,BKG Mendis,TS Chisoro,0,0,,,,,,,,,
1059716,2016/17,2016-11-27,Queens Sports Club,2,5.5,Sri Lanka,Zimbabwe,MDKJ Perera,BKG Mendis,TS Chisoro,1,0,,,,,,,,,
1059716,2016/17,2016-11-27,Queens Sports Club,2,5.6,Sri Lanka,Zimbabwe,BKG Mendis,MDKJ Perera,TS Chisoro,0,0,,,,,,,,,
1059716,2016/17,2016-11-27,Queens Sports Club,2,6.1,Sri Lanka,Zimbabwe,MDKJ Perera,BKG Mendis,BV Vitori,0,0,,,,,,caught,MDKJ Perera,,
1059716,2016/17,2016-11-27,Queens Sports Club,2,6.2,Sri Lanka,Zimbabwe,WU Tharanga,BKG Mendis,BV Vitori,1,0,,,,,,,,,
1059716,2016/17,2016-11-27,Queens Sports Club,2,6.3,Sri Lanka,Zimbabwe,BKG Mendis,WU Tharanga,BV Vitori,0,0,,,,,,,,,
1059716,2016/17,2016-11-27,Queens Sports Club,2,6.4,Sri Lanka,Zimbabwe,BKG Mendis,WU Tharanga,BV Vitori,0,0,,,,,,,,,
1059716,2016/17,2016-11-27,Queens Sports Club,2,6.5,Sri Lanka,Zimbabwe,BKG Mendis,WU Tharanga,BV Vitori,1,0,,,,,,,,,
1059716,2016/17,2016-11-27,Queens Sports Club,2,6.6,Sri Lanka,Zimbabwe,WU Tharanga,BKG Mendis,BV Vitori,0,0,,,,,,,,,
1059716,2016/17,2016-11-27,Queens Sports Club,2,7.1,Sri Lanka,Zimbabwe,BKG Mendis,WU Tharanga,TS Chisoro,0,0,,,,,,,,,
1059716,2016/17,2016-11-27,Queens Sports Club,2,7.2,Sri Lanka,Zimbabwe,BKG Mendis,WU Tharanga,TS Chisoro,1,0,,,,,,,,,
1059716,2016/17,2016-11-27,Queens Sports Club,2,7.3,Sri Lanka,Zimbabwe,WU Tharanga,BKG Mendis,TS Chisoro,0,0,,,,,,,,,
1059716,2016/17,2016-11-27,Queens Sports Club,2,7.4,Sri Lanka,Zimbabwe,WU Tharanga,BKG Mendis,TS Chisoro,0,0,,,,,,,,,
1059716,2016/17,2016-11-27,Queens Sports Club,2,7.5,Sri Lanka,Zimbabwe,WU Tharanga,BKG Mendis,TS Chisoro,0,0,,,,,,,,,
1059716,2016/17,2016-11-27,Queens Sports Club,2,7.6,Sri Lanka,Zimbabwe,WU Tharanga,BKG Mendis,TS Chisoro,1,0,,,,,,,,,
1059716,2016/17,2016-11-27,Queens Sports Club,2,8.1,Sri Lanka,Zimbabwe,WU Tharanga,BKG Mendis,BV Vitori,1,0,,,,,,,,,
1059716,2016/17,2016-11-27,Queens Sports Club,2,8.2,Sri Lanka,Zimbabwe,BKG Mendis,WU Tharanga,BV Vitori,0,0,,,,,,,,,
1059716,2016/17,2016-11-27,Queens Sports Club,2,8.3,Sri Lanka,Zimbabwe,BKG Mendis,WU Tharanga,BV Vitori,0,0,,,,,,,,,
1059716,2016/17,2016-11-27,Queens Sports Club,2,8.4,Sri Lanka,Zimbabwe,BKG Mendis,WU Tharanga,BV Vitori,4,0,,,,,,,,,
1059716,2016/17,2016-11-27,Queens Sports Club,2,8.5,Sri Lanka,Zimbabwe,BKG Mendis,WU Tharanga,BV Vitori,4,0,,,,,,,,,
1059716,2016/17,2016-11-27,Queens Sports Club,2,8.6,Sri Lanka,Zimbabwe,BKG Mendis,WU Tharanga,BV Vitori,0,0,,,,,,,,,
1059716,2016/17,2016-11-27,Queens Sports Club,2,9.1,Sri Lanka,Zimbabwe,WU Tharanga,BKG Mendis,TS Chisoro,0,0,,,,,,,,,
1059716,2016/17,2016-11-27,Queens Sports Club,2,9.2,Sri Lanka,Zimbabwe,WU Tharanga,BKG Mendis,TS Chisoro,0,0,,,,,,,,,
1059716,2016/17,2016-11-27,Queens Sports Club,2,9.3,Sri Lanka,Zimbabwe,WU Tharanga,BKG Mendis,TS Chisoro,1,0,,,,,,,,,
1059716,2016/17,2016-11-27,Queens Sports Club,2,9.4,Sri Lanka,Zimbabwe,BKG Mendis,WU Tharanga,TS Chisoro,0,0,,,,,,,,,
1059716,2016/17,2016-11-27,Queens Sports Club,2,9.5,Sri Lanka,Zimbabwe,BKG Mendis,WU Tharanga,TS Chisoro,0,0,,,,,,,,,
1059716,2016/17,2016-11-27,Queens Sports Club,2,9.6,Sri Lanka,Zimbabwe,BKG Mendis,WU Tharanga,TS Chisoro,0,0,,,,,,,,,
1059716,2016/17,2016-11-27,Queens Sports Club,2,10.1,Sri Lanka,Zimbabwe,WU Tharanga,BKG Mendis,BV Vitori,0,0,,,,,,,,,
1059716,2016/17,2016-11-27,Queens Sports Club,2,10.2,Sri Lanka,Zimbabwe,WU Tharanga,BKG Mendis,BV Vitori,1,0,,,,,,,,,
1059716,2016/17,2016-11-27,Queens Sports Club,2,10.3,Sri Lanka,Zimbabwe,BKG Mendis,WU Tharanga,BV Vitori,0,0,,,,,,,,,
1059716,2016/17,2016-11-27,Queens Sports Club,2,10.4,Sri Lanka,Zimbabwe,BKG Mendis,WU Tharanga,BV Vitori,0,0,,,,,,,,,
1059716,2016/17,2016-11-27,Queens Sports Club,2,10.5,Sri Lanka,Zimbabwe,BKG Mendis,WU Tharanga,BV Vitori,0,0,,,,,,,,,
1059716,2016/17,2016-11-27,Queens Sports Club,2,10.6,Sri Lanka,Zimbabwe,BKG Mendis,WU Tharanga,BV Vitori,4,0,,,,,,,,,
1059716,2016/17,2016-11-27,Queens Sports Club,2,11.1,Sri Lanka,Zimbabwe,WU Tharanga,BKG Mendis,TS Chisoro,0,1,1,,,,,,,,
1059716,2016/17,2016-11-27,Queens Sports Club,2,11.2,Sri Lanka,Zimbabwe,WU Tharanga,BKG Mendis,TS Chisoro,0,0,,,,,,,,,
1059716,2016/17,2016-11-27,Queens Sports Club,2,11.3,Sri Lanka,Zimbabwe,WU Tharanga,BKG Mendis,TS Chisoro,1,0,,,,,,,,,
1059716,2016/17,2016-11-27,Queens Sports Club,2,11.4,Sri Lanka,Zimbabwe,BKG Mendis,WU Tharanga,TS Chisoro,1,0,,,,,,,,,
1059716,2016/17,2016-11-27,Queens Sports Club,2,11.5,Sri Lanka,Zimbabwe,WU Tharanga,BKG Mendis,TS Chisoro,0,0,,,,,,,,,
1059716,2016/17,2016-11-27,Queens Sports Club,2,11.6,Sri Lanka,Zimbabwe,WU Tharanga,BKG Mendis,TS Chisoro,0,0,,,,,,,,,
1059716,2016/17,2016-11-27,Queens Sports Club,2,11.7,Sri Lanka,Zimbabwe,WU Tharanga,BKG Mendis,TS Chisoro,0,1,1,,,,,,,,
1059716,2016/17,2016-11-27,Queens Sports Club,2,11.8,Sri Lanka,Zimbabwe,WU Tharanga,BKG Mendis,TS Chisoro,0,0,,,,,,,,,
1059716,2016/17,2016-11-27,Queens Sports Club,2,12.1,Sri Lanka,Zimbabwe,BKG Mendis,WU Tharanga,BV Vitori,0,0,,,,,,,,,
1059716,2016/17,2016-11-27,Queens Sports Club,2,12.2,Sri Lanka,Zimbabwe,BKG Mendis,WU Tharanga,BV Vitori,0,0,,,,,,,,,
1059716,2016/17,2016-11-27,Queens Sports Club,2,12.3,Sri Lanka,Zimbabwe,BKG Mendis,WU Tharanga,BV Vitori,0,0,,,,,,,,,
1059716,2016/17,2016-11-27,Queens Sports Club,2,12.4,Sri Lanka,Zimbabwe,BKG Mendis,WU Tharanga,BV Vitori,0,0,,,,,,,,,
1059716,2016/17,2016-11-27,Queens Sports Club,2,12.5,Sri Lanka,Zimbabwe,BKG Mendis,WU Tharanga,BV Vitori,0,0,,,,,,,,,
1059716,2016/17,2016-11-27,Queens Sports Club,2,12.6,Sri Lanka,Zimbabwe,BKG Mendis,WU Tharanga,BV Vitori,4,0,,,,,,,,,
1059716,2016/17,2016-11-27,Queens Sports Club,2,13.1,Sri Lanka,Zimbabwe,WU Tharanga,BKG Mendis,AG Cremer,1,0,,,,,,,,,
1059716,2016/17,2016-11-27,Queens Sports Club,2,13.2,Sri Lanka,Zimbabwe,BKG Mendis,WU Tharanga,AG Cremer,0,0,,,,,,,,,
1059716,2016/17,2016-11-27,Queens Sports Club,2,13.3,Sri Lanka,Zimbabwe,BKG Mendis,WU Tharanga,AG Cremer,0,0,,,,,,,,,
1059716,2016/17,2016-11-27,Queens Sports Club,2,13.4,Sri Lanka,Zimbabwe,BKG Mendis,WU Tharanga,AG Cremer,1,0,,,,,,,,,
1059716,2016/17,2016-11-27,Queens Sports Club,2,13.5,Sri Lanka,Zimbabwe,WU Tharanga,BKG Mendis,AG Cremer,0,0,,,,,,,,,
1059716,2016/17,2016-11-27,Queens Sports Club,2,13.6,Sri Lanka,Zimbabwe,WU Tharanga,BKG Mendis,AG Cremer,1,0,,,,,,,,,
1059716,2016/17,2016-11-27,Queens Sports Club,2,14.1,Sri Lanka,Zimbabwe,WU Tharanga,BKG Mendis,SC Williams,1,0,,,,,,,,,
1059716,2016/17,2016-11-27,Queens Sports Club,2,14.2,Sri Lanka,Zimbabwe,BKG Mendis,WU Tharanga,SC Williams,0,1,1,,,,,,,,
1059716,2016/17,2016-11-27,Queens Sports Club,2,14.3,Sri Lanka,Zimbabwe,BKG Mendis,WU Tharanga,SC Williams,0,0,,,,,,,,,
1059716,2016/17,2016-11-27,Queens Sports Club,2,14.4,Sri Lanka,Zimbabwe,BKG Mendis,WU Tharanga,SC Williams,1,0,,,,,,,,,
1059716,2016/17,2016-11-27,Queens Sports Club,2,14.5,Sri Lanka,Zimbabwe,WU Tharanga,BKG Mendis,SC Williams,2,0,,,,,,,,,
1059716,2016/17,2016-11-27,Queens Sports Club,2,14.6,Sri Lanka,Zimbabwe,WU Tharanga,BKG Mendis,SC Williams,4,0,,,,,,,,,
1059716,2016/17,2016-11-27,Queens Sports Club,2,14.7,Sri Lanka,Zimbabwe,WU Tharanga,BKG Mendis,SC Williams,1,0,,,,,,,,,
1059716,2016/17,2016-11-27,Queens Sports Club,2,15.1,Sri Lanka,Zimbabwe,WU Tharanga,BKG Mendis,AG Cremer,1,0,,,,,,,,,
1059716,2016/17,2016-11-27,Queens Sports Club,2,15.2,Sri Lanka,Zimbabwe,BKG Mendis,WU Tharanga,AG Cremer,0,0,,,,,,,,,
1059716,2016/17,2016-11-27,Queens Sports Club,2,15.3,Sri Lanka,Zimbabwe,BKG Mendis,WU Tharanga,AG Cremer,4,0,,,,,,,,,
1059716,2016/17,2016-11-27,Queens Sports Club,2,15.4,Sri Lanka,Zimbabwe,BKG Mendis,WU Tharanga,AG Cremer,1,0,,,,,,,,,
1059716,2016/17,2016-11-27,Queens Sports Club,2,15.5,Sri Lanka,Zimbabwe,WU Tharanga,BKG Mendis,AG Cremer,0,0,,,,,,,,,
1059716,2016/17,2016-11-27,Queens Sports Club,2,15.6,Sri Lanka,Zimbabwe,WU Tharanga,BKG Mendis,AG Cremer,0,0,,,,,,,,,
1059716,2016/17,2016-11-27,Queens Sports Club,2,16.1,Sri Lanka,Zimbabwe,BKG Mendis,WU Tharanga,SC Williams,0,0,,,,,,,,,
1059716,2016/17,2016-11-27,Queens Sports Club,2,16.2,Sri Lanka,Zimbabwe,BKG Mendis,WU Tharanga,SC Williams,0,0,,,,,,,,,
1059716,2016/17,2016-11-27,Queens Sports Club,2,16.3,Sri Lanka,Zimbabwe,BKG Mendis,WU Tharanga,SC Williams,0,0,,,,,,,,,
1059716,2016/17,2016-11-27,Queens Sports Club,2,16.4,Sri Lanka,Zimbabwe,BKG Mendis,WU Tharanga,SC Williams,0,0,,,,,,,,,
1059716,2016/17,2016-11-27,Queens Sports Club,2,16.5,Sri Lanka,Zimbabwe,BKG Mendis,WU Tharanga,SC Williams,0,0,,,,,,,,,
1059716,2016/17,2016-11-27,Queens Sports Club,2,16.6,Sri Lanka,Zimbabwe,BKG Mendis,WU Tharanga,SC Williams,0,0,,,,,,,,,
1059716,2016/17,2016-11-27,Queens Sports Club,2,17.1,Sri Lanka,Zimbabwe,WU Tharanga,BKG Mendis,AG Cremer,0,0,,,,,,,,,
1059716,2016/17,2016-11-27,Queens Sports Club,2,17.2,Sri Lanka,Zimbabwe,WU Tharanga,BKG Mendis,AG Cremer,0,0,,,,,,,,,
1059716,2016/17,2016-11-27,Queens Sports Club,2,17.3,Sri Lanka,Zimbabwe,WU Tharanga,BKG Mendis,AG Cremer,0,0,,,,,,,,,
1059716,2016/17,2016-11-27,Queens Sports Club,2,17.4,Sri Lanka,Zimbabwe,WU Tharanga,BKG Mendis,AG Cremer,0,0,,,,,,,,,
1059716,2016/17,2016-11-27,Queens Sports Club,2,17.5,Sri Lanka,Zimbabwe,WU Tharanga,BKG Mendis,AG Cremer,0,0,,,,,,,,,
1059716,2016/17,2016-11-27,Queens Sports Club,2,17.6,Sri Lanka,Zimbabwe,WU Tharanga,BKG Mendis,AG Cremer,0,0,,,,,,,,,
1059716,2016/17,2016-11-27,Queens Sports Club,2,18.1,Sri Lanka,Zimbabwe,BKG Mendis,WU Tharanga,SC Williams,4,0,,,,,,,,,
1059716,2016/17,2016-11-27,Queens Sports Club,2,18.2,Sri Lanka,Zimbabwe,BKG Mendis,WU Tharanga,SC Williams,0,0,,,,,,,,,
1059716,2016/17,2016-11-27,Queens Sports Club,2,18.3,Sri Lanka,Zimbabwe,BKG Mendis,WU Tharanga,SC Williams,0,0,,,,,,,,,
1059716,2016/17,2016-11-27,Queens Sports Club,2,18.4,Sri Lanka,Zimbabwe,BKG Mendis,WU Tharanga,SC Williams,0,0,,,,,,,,,
1059716,2016/17,2016-11-27,Queens Sports Club,2,18.5,Sri Lanka,Zimbabwe,BKG Mendis,WU Tharanga,SC Williams,0,0,,,,,,,,,
1059716,2016/17,2016-11-27,Queens Sports Club,2,18.6,Sri Lanka,Zimbabwe,BKG Mendis,WU Tharanga,SC Williams,0,0,,,,,,,,,
1059716,2016/17,2016-11-27,Queens Sports Club,2,19.1,Sri Lanka,Zimbabwe,WU Tharanga,BKG Mendis,AG Cremer,0,0,,,,,,,,,
1059716,2016/17,2016-11-27,Queens Sports Club,2,19.2,Sri Lanka,Zimbabwe,WU Tharanga,BKG Mendis,AG Cremer,0,0,,,,,,,,,
1059716,2016/17,2016-11-27,Queens Sports Club,2,19.3,Sri Lanka,Zimbabwe,WU Tharanga,BKG Mendis,AG Cremer,0,0,,,,,,,,,
1059716,2016/17,2016-11-27,Queens Sports Club,2,19.4,Sri Lanka,Zimbabwe,WU Tharanga,BKG Mendis,AG Cremer,0,0,,,,,,,,,
1059716,2016/17,2016-11-27,Queens Sports Club,2,19.5,Sri Lanka,Zimbabwe,WU Tharanga,BKG Mendis,AG Cremer,0,0,,,,,,,,,
1059716,2016/17,2016-11-27,Queens Sports Club,2,19.6,Sri Lanka,Zimbabwe,WU Tharanga,BKG Mendis,AG Cremer,0,0,,,,,,,,,
1059716,2016/17,2016-11-27,Queens Sports Club,2,20.1,Sri Lanka,Zimbabwe,BKG Mendis,WU Tharanga,SC Williams,0,0,,,,,,,,,
1059716,2016/17,2016-11-27,Queens Sports Club,2,20.2,Sri Lanka,Zimbabwe,BKG Mendis,WU Tharanga,SC Williams,0,0,,,,,,,,,
1059716,2016/17,2016-11-27,Queens Sports Club,2,20.3,Sri Lanka,Zimbabwe,BKG Mendis,WU Tharanga,SC Williams,0,0,,,,,,,,,
1059716,2016/17,2016-11-27,Queens Sports Club,2,20.4,Sri Lanka,Zimbabwe,BKG Mendis,WU Tharanga,SC Williams,1,0,,,,,,,,,
1059716,2016/17,2016-11-27,Queens Sports Club,2,20.5,Sri Lanka,Zimbabwe,WU Tharanga,BKG Mendis,SC Williams,0,0,,,,,,,,,
1059716,2016/17,2016-11-27,Queens Sports Club,2,20.6,Sri Lanka,Zimbabwe,WU Tharanga,BKG Mendis,SC Williams,0,0,,,,,,,,,
1059716,2016/17,2016-11-27,Queens Sports Club,2,21.1,Sri Lanka,Zimbabwe,BKG Mendis,WU Tharanga,AG Cremer,0,0,,,,,,,,,
1059716,2016/17,2016-11-27,Queens Sports Club,2,21.2,Sri Lanka,Zimbabwe,BKG Mendis,WU Tharanga,AG Cremer,1,0,,,,,,,,,
1059716,2016/17,2016-11-27,Queens Sports Club,2,21.3,Sri Lanka,Zimbabwe,WU Tharanga,BKG Mendis,AG Cremer,0,0,,,,,,,,,
1059716,2016/17,2016-11-27,Queens Sports Club,2,21.4,Sri Lanka,Zimbabwe,WU Tharanga,BKG Mendis,AG Cremer,0,0,,,,,,,,,
1059716,2016/17,2016-11-27,Queens Sports Club,2,21.5,Sri Lanka,Zimbabwe,WU Tharanga,BKG Mendis,AG Cremer,1,0,,,,,,,,,
1059716,2016/17,2016-11-27,Queens Sports Club,2,21.6,Sri Lanka,Zimbabwe,BKG Mendis,WU Tharanga,AG Cremer,1,0,,,,,,,,,
1059716,2016/17,2016-11-27,Queens Sports Club,2,22.1,Sri Lanka,Zimbabwe,BKG Mendis,WU Tharanga,SC Williams,1,0,,,,,,,,,
1059716,2016/17,2016-11-27,Queens Sports Club,2,22.2,Sri Lanka,Zimbabwe,WU Tharanga,BKG Mendis,SC Williams,0,0,,,,,,,,,
1059716,2016/17,2016-11-27,Queens Sports Club,2,22.3,Sri Lanka,Zimbabwe,WU Tharanga,BKG Mendis,SC Williams,0,0,,,,,,,,,
1059716,2016/17,2016-11-27,Queens Sports Club,2,22.4,Sri Lanka,Zimbabwe,WU Tharanga,BKG Mendis,SC Williams,0,0,,,,,,,,,
1059716,2016/17,2016-11-27,Queens Sports Club,2,22.5,Sri Lanka,Zimbabwe,WU Tharanga,BKG Mendis,SC Williams,1,0,,,,,,,,,
1059716,2016/17,2016-11-27,Queens Sports Club,2,22.6,Sri Lanka,Zimbabwe,BKG Mendis,WU Tharanga,SC Williams,0,0,,,,,,,,,
1059716,2016/17,2016-11-27,Queens Sports Club,2,23.1,Sri Lanka,Zimbabwe,WU Tharanga,BKG Mendis,AG Cremer,0,0,,,,,,,,,
1059716,2016/17,2016-11-27,Queens Sports Club,2,23.2,Sri Lanka,Zimbabwe,WU Tharanga,BKG Mendis,AG Cremer,0,0,,,,,,,,,
1059716,2016/17,2016-11-27,Queens Sports Club,2,23.3,Sri Lanka,Zimbabwe,WU Tharanga,BKG Mendis,AG Cremer,1,0,,,,,,,,,
1059716,2016/17,2016-11-27,Queens Sports Club,2,23.4,Sri Lanka,Zimbabwe,BKG Mendis,WU Tharanga,AG Cremer,0,0,,,,,,,,,
1059716,2016/17,2016-11-27,Queens Sports Club,2,23.5,Sri Lanka,Zimbabwe,BKG Mendis,WU Tharanga,AG Cremer,1,0,,,,,,,,,
1059716,2016/17,2016-11-27,Queens Sports Club,2,23.6,Sri Lanka,Zimbabwe,WU Tharanga,BKG Mendis,AG Cremer,0,0,,,,,,,,,
1059716,2016/17,2016-11-27,Queens Sports Club,2,24.1,Sri Lanka,Zimbabwe,BKG Mendis,WU Tharanga,SC Williams,4,0,,,,,,,,,
1059716,2016/17,2016-11-27,Queens Sports Club,2,24.2,Sri Lanka,Zimbabwe,BKG Mendis,WU Tharanga,SC Williams,1,0,,,,,,,,,
1059716,2016/17,2016-11-27,Queens Sports Club,2,24.3,Sri Lanka,Zimbabwe,WU Tharanga,BKG Mendis,SC Williams,0,0,,,,,,,,,
1059716,2016/17,2016-11-27,Queens Sports Club,2,24.4,Sri Lanka,Zimbabwe,WU Tharanga,BKG Mendis,SC Williams,0,0,,,,,,,,,
1059716,2016/17,2016-11-27,Queens Sports Club,2,24.5,Sri Lanka,Zimbabwe,WU Tharanga,BKG Mendis,SC Williams,0,0,,,,,,,,,
1059716,2016/17,2016-11-27,Queens Sports Club,2,24.6,Sri Lanka,Zimbabwe,WU Tharanga,BKG Mendis,SC Williams,0,0,,,,,,,,,
1059716,2016/17,2016-11-27,Queens Sports Club,2,25.1,Sri Lanka,Zimbabwe,BKG Mendis,WU Tharanga,AG Cremer,4,0,,,,,,,,,
1059716,2016/17,2016-11-27,Queens Sports Club,2,25.2,Sri Lanka,Zimbabwe,BKG Mendis,WU Tharanga,AG Cremer,1,0,,,,,,,,,
1059716,2016/17,2016-11-27,Queens Sports Club,2,25.3,Sri Lanka,Zimbabwe,WU Tharanga,BKG Mendis,AG Cremer,0,0,,,,,,,,,
1059716,2016/17,2016-11-27,Queens Sports Club,2,25.4,Sri Lanka,Zimbabwe,WU Tharanga,BKG Mendis,AG Cremer,0,0,,,,,,,,,
1059716,2016/17,2016-11-27,Queens Sports Club,2,25.5,Sri Lanka,Zimbabwe,WU Tharanga,BKG Mendis,AG Cremer,0,0,,,,,,,,,
1059716,2016/17,2016-11-27,Queens Sports Club,2,25.6,Sri Lanka,Zimbabwe,WU Tharanga,BKG Mendis,AG Cremer,3,0,,,,,,,,,
1059716,2016/17,2016-11-27,Queens Sports Club,2,26.1,Sri Lanka,Zimbabwe,WU Tharanga,BKG Mendis,BV Vitori,0,0,,,,,,,,,
1059716,2016/17,2016-11-27,Queens Sports Club,2,26.2,Sri Lanka,Zimbabwe,WU Tharanga,BKG Mendis,BV Vitori,1,0,,,,,,,,,
1059716,2016/17,2016-11-27,Queens Sports Club,2,26.3,Sri Lanka,Zimbabwe,BKG Mendis,WU Tharanga,BV Vitori,0,0,,,,,,,,,
1059716,2016/17,2016-11-27,Queens Sports Club,2,26.4,Sri Lanka,Zimbabwe,BKG Mendis,WU Tharanga,BV Vitori,0,0,,,,,,,,,
1059716,2016/17,2016-11-27,Queens Sports Club,2,26.5,Sri Lanka,Zimbabwe,BKG Mendis,WU Tharanga,BV Vitori,1,0,,,,,,,,,
1059716,2016/17,2016-11-27,Queens Sports Club,2,26.6,Sri Lanka,Zimbabwe,WU Tharanga,BKG Mendis,BV Vitori,0,0,,,,,,,,,
1059716,2016/17,2016-11-27,Queens Sports Club,2,27.1,Sri Lanka,Zimbabwe,BKG Mendis,WU Tharanga,AG Cremer,2,0,,,,,,,,,
1059716,2016/17,2016-11-27,Queens Sports Club,2,27.2,Sri Lanka,Zimbabwe,BKG Mendis,WU Tharanga,AG Cremer,0,0,,,,,,,,,
1059716,2016/17,2016-11-27,Queens Sports Club,2,27.3,Sri Lanka,Zimbabwe,BKG Mendis,WU Tharanga,AG Cremer,0,0,,,,,,caught,BKG Mendis,,
1059716,2016/17,2016-11-27,Queens Sports Club,2,27.4,Sri Lanka,Zimbabwe,DAS Gunaratne,WU Tharanga,AG Cremer,0,0,,,,,,,,,
1059716,2016/17,2016-11-27,Queens Sports Club,2,27.5,Sri Lanka,Zimbabwe,DAS Gunaratne,WU Tharanga,AG Cremer,1,0,,,,,,,,,
1059716,2016/17,2016-11-27,Queens Sports Club,2,27.6,Sri Lanka,Zimbabwe,WU Tharanga,DAS Gunaratne,AG Cremer,0,0,,,,,,,,,
1059716,2016/17,2016-11-27,Queens Sports Club,2,28.1,Sri Lanka,Zimbabwe,DAS Gunaratne,WU Tharanga,BV Vitori,0,0,,,,,,,,,
1059716,2016/17,2016-11-27,Queens Sports Club,2,28.2,Sri Lanka,Zimbabwe,DAS Gunaratne,WU Tharanga,BV Vitori,0,0,,,,,,,,,
1059716,2016/17,2016-11-27,Queens Sports Club,2,28.3,Sri Lanka,Zimbabwe,DAS Gunaratne,WU Tharanga,BV Vitori,4,0,,,,,,,,,
1059716,2016/17,2016-11-27,Queens Sports Club,2,28.4,Sri Lanka,Zimbabwe,DAS Gunaratne,WU Tharanga,BV Vitori,0,0,,,,,,,,,
1059716,2016/17,2016-11-27,Queens Sports Club,2,28.5,Sri Lanka,Zimbabwe,DAS Gunaratne,WU Tharanga,BV Vitori,0,0,,,,,,,,,
1059716,2016/17,2016-11-27,Queens Sports Club,2,28.6,Sri Lanka,Zimbabwe,DAS Gunaratne,WU Tharanga,BV Vitori,3,0,,,,,,,,,
1059716,2016/17,2016-11-27,Queens Sports Club,2,29.1,Sri Lanka,Zimbabwe,DAS Gunaratne,WU Tharanga,AG Cremer,0,0,,,,,,,,,
1059716,2016/17,2016-11-27,Queens Sports Club,2,29.2,Sri Lanka,Zimbabwe,DAS Gunaratne,WU Tharanga,AG Cremer,0,0,,,,,,,,,
1059716,2016/17,2016-11-27,Queens Sports Club,2,29.3,Sri Lanka,Zimbabwe,DAS Gunaratne,WU Tharanga,AG Cremer,1,0,,,,,,,,,
1059716,2016/17,2016-11-27,Queens Sports Club,2,29.4,Sri Lanka,Zimbabwe,WU Tharanga,DAS Gunaratne,AG Cremer,1,0,,,,,,,,,
1059716,2016/17,2016-11-27,Queens Sports Club,2,29.5,Sri Lanka,Zimbabwe,DAS Gunaratne,WU Tharanga,AG Cremer,0,0,,,,,,,,,
1059716,2016/17,2016-11-27,Queens Sports Club,2,29.6,Sri Lanka,Zimbabwe,DAS Gunaratne,WU Tharanga,AG Cremer,0,0,,,,,,,,,
1059716,2016/17,2016-11-27,Queens Sports Club,2,30.1,Sri Lanka,Zimbabwe,WU Tharanga,DAS Gunaratne,TS Chisoro,1,0,,,,,,,,,
1059716,2016/17,2016-11-27,Queens Sports Club,2,30.2,Sri Lanka,Zimbabwe,DAS Gunaratne,WU Tharanga,TS Chisoro,0,0,,,,,,,,,
1059716,2016/17,2016-11-27,Queens Sports Club,2,30.3,Sri Lanka,Zimbabwe,DAS Gunaratne,WU Tharanga,TS Chisoro,1,0,,,,,,,,,
1059716,2016/17,2016-11-27,Queens Sports Club,2,30.4,Sri Lanka,Zimbabwe,WU Tharanga,DAS Gunaratne,TS Chisoro,0,0,,,,,,,,,
1059716,2016/17,2016-11-27,Queens Sports Club,2,30.5,Sri Lanka,Zimbabwe,WU Tharanga,DAS Gunaratne,TS Chisoro,0,0,,,,,,,,,
1059716,2016/17,2016-11-27,Queens Sports Club,2,30.6,Sri Lanka,Zimbabwe,WU Tharanga,DAS Gunaratne,TS Chisoro,0,0,,,,,,,,,
1059716,2016/17,2016-11-27,Queens Sports Club,2,31.1,Sri Lanka,Zimbabwe,DAS Gunaratne,WU Tharanga,AG Cremer,0,0,,,,,,,,,
1059716,2016/17,2016-11-27,Queens Sports Club,2,31.2,Sri Lanka,Zimbabwe,DAS Gunaratne,WU Tharanga,AG Cremer,0,0,,,,,,,,,
1059716,2016/17,2016-11-27,Queens Sports Club,2,31.3,Sri Lanka,Zimbabwe,DAS Gunaratne,WU Tharanga,AG Cremer,3,0,,,,,,,,,
1059716,2016/17,2016-11-27,Queens Sports Club,2,31.4,Sri Lanka,Zimbabwe,WU Tharanga,DAS Gunaratne,AG Cremer,0,0,,,,,,,,,
1059716,2016/17,2016-11-27,Queens Sports Club,2,31.5,Sri Lanka,Zimbabwe,WU Tharanga,DAS Gunaratne,AG Cremer,1,0,,,,,,,,,
1059716,2016/17,2016-11-27,Queens Sports Club,2,31.6,Sri Lanka,Zimbabwe,DAS Gunaratne,WU Tharanga,AG Cremer,1,0,,,,,,,,,
1059716,2016/17,2016-11-27,Queens Sports Club,2,32.1,Sri Lanka,Zimbabwe,DAS Gunaratne,WU Tharanga,TS Chisoro,0,0,,,,,,,,,
1059716,2016/17,2016-11-27,Queens Sports Club,2,32.2,Sri Lanka,Zimbabwe,DAS Gunaratne,WU Tharanga,TS Chisoro,1,0,,,,,,,,,
1059716,2016/17,2016-11-27,Queens Sports Club,2,32.3,Sri Lanka,Zimbabwe,WU Tharanga,DAS Gunaratne,TS Chisoro,0,0,,,,,,,,,
1059716,2016/17,2016-11-27,Queens Sports Club,2,32.4,Sri Lanka,Zimbabwe,WU Tharanga,DAS Gunaratne,TS Chisoro,0,0,,,,,,,,,
1059716,2016/17,2016-11-27,Queens Sports Club,2,32.5,Sri Lanka,Zimbabwe,WU Tharanga,DAS Gunaratne,TS Chisoro,0,0,,,,,,,,,
1059716,2016/17,2016-11-27,Queens Sports Club,2,32.6,Sri Lanka,Zimbabwe,WU Tharanga,DAS Gunaratne,TS Chisoro,0,0,,,,,,,,,
1059716,2016/17,2016-11-27,Queens Sports Club,2,33.1,Sri Lanka,Zimbabwe,DAS Gunaratne,WU Tharanga,Sikandar Raza,0,0,,,,,,,,,
1059716,2016/17,2016-11-27,Queens Sports Club,2,33.2,Sri Lanka,Zimbabwe,DAS Gunaratne,WU Tharanga,Sikandar Raza,0,0,,,,,,,,,
1059716,2016/17,2016-11-27,Queens Sports Club,2,33.3,Sri Lanka,Zimbabwe,DAS Gunaratne,WU Tharanga,Sikandar Raza,1,0,,,,,,,,,
1059716,2016/17,2016-11-27,Queens Sports Club,2,33.4,Sri Lanka,Zimbabwe,WU Tharanga,DAS Gunaratne,Sikandar Raza,0,0,,,,,,,,,
1059716,2016/17,2016-11-27,Queens Sports Club,2,33.5,Sri Lanka,Zimbabwe,WU Tharanga,DAS Gunaratne,Sikandar Raza,0,0,,,,,,,,,
1059716,2016/17,2016-11-27,Queens Sports Club,2,33.6,Sri Lanka,Zimbabwe,WU Tharanga,DAS Gunaratne,Sikandar Raza,1,0,,,,,,,,,
1059716,2016/17,2016-11-27,Queens Sports Club,2,34.1,Sri Lanka,Zimbabwe,WU Tharanga,DAS Gunaratne,TS Chisoro,4,0,,,,,,,,,
1059716,2016/17,2016-11-27,Queens Sports Club,2,34.2,Sri Lanka,Zimbabwe,WU Tharanga,DAS Gunaratne,TS Chisoro,4,0,,,,,,,,,
1059716,2016/17,2016-11-27,Queens Sports Club,2,34.3,Sri Lanka,Zimbabwe,WU Tharanga,DAS Gunaratne,TS Chisoro,4,0,,,,,,,,,
1059716,2016/17,2016-11-27,Queens Sports Club,2,34.4,Sri Lanka,Zimbabwe,WU Tharanga,DAS Gunaratne,TS Chisoro,0,0,,,,,,,,,
1059716,2016/17,2016-11-27,Queens Sports Club,2,34.5,Sri Lanka,Zimbabwe,WU Tharanga,DAS Gunaratne,TS Chisoro,1,0,,,,,,,,,
1059716,2016/17,2016-11-27,Queens Sports Club,2,34.6,Sri Lanka,Zimbabwe,DAS Gunaratne,WU Tharanga,TS Chisoro,0,0,,,,,,,,,
1059716,2016/17,2016-11-27,Queens Sports Club,2,35.1,Sri Lanka,Zimbabwe,WU Tharanga,DAS Gunaratne,Sikandar Raza,0,0,,,,,,,,,
1059716,2016/17,2016-11-27,Queens Sports Club,2,35.2,Sri Lanka,Zimbabwe,WU Tharanga,DAS Gunaratne,Sikandar Raza,0,0,,,,,,,,,
1059716,2016/17,2016-11-27,Queens Sports Club,2,35.3,Sri Lanka,Zimbabwe,WU Tharanga,DAS Gunaratne,Sikandar Raza,0,0,,,,,,,,,
1059716,2016/17,2016-11-27,Queens Sports Club,2,35.4,Sri Lanka,Zimbabwe,WU Tharanga,DAS Gunaratne,Sikandar Raza,0,0,,,,,,,,,
1059716,2016/17,2016-11-27,Queens Sports Club,2,35.5,Sri Lanka,Zimbabwe,WU Tharanga,DAS Gunaratne,Sikandar Raza,0,0,,,,,,,,,
1059716,2016/17,2016-11-27,Queens Sports Club,2,35.6,Sri Lanka,Zimbabwe,WU Tharanga,DAS Gunaratne,Sikandar Raza,1,0,,,,,,,,,
1059716,2016/17,2016-11-27,Queens Sports Club,2,36.1,Sri Lanka,Zimbabwe,WU Tharanga,DAS Gunaratne,TS Chisoro,0,0,,,,,,,,,
1059716,2016/17,2016-11-27,Queens Sports Club,2,36.2,Sri Lanka,Zimbabwe,WU Tharanga,DAS Gunaratne,TS Chisoro,0,0,,,,,,,,,
1059716,2016/17,2016-11-27,Queens Sports Club,2,36.3,Sri Lanka,Zimbabwe,WU Tharanga,DAS Gunaratne,TS Chisoro,0,0,,,,,,,,,
1059716,2016/17,2016-11-27,Queens Sports Club,2,36.4,Sri Lanka,Zimbabwe,WU Tharanga,DAS Gunaratne,TS Chisoro,0,0,,,,,,,,,
1059716,2016/17,2016-11-27,Queens Sports Club,2,36.5,Sri Lanka,Zimbabwe,WU Tharanga,DAS Gunaratne,TS Chisoro,4,0,,,,,,,,,
1059716,2016/17,2016-11-27,Queens Sports Club,2,36.6,Sri Lanka,Zimbabwe,WU Tharanga,DAS Gunaratne,TS Chisoro,1,0,,,,,,,,,
1059716,2016/17,2016-11-27,Queens Sports Club,2,37.1,Sri Lanka,Zimbabwe,WU Tharanga,DAS Gunaratne,Sikandar Raza,0,0,,,,,,,,,
1059716,2016/17,2016-11-27,Queens Sports Club,2,37.2,Sri Lanka,Zimbabwe,WU Tharanga,DAS Gunaratne,Sikandar Raza,4,0,,,,,,,,,
1059716,2016/17,2016-11-27,Queens Sports Club,2,37.3,Sri Lanka,Zimbabwe,WU Tharanga,DAS Gunaratne,Sikandar Raza,6,0,,,,,,,,,
