version,2.1.0
info,balls_per_over,6
info,team,United Arab Emirates
info,team,Papua New Guinea
info,gender,male
info,season,2017
info,date,2017/04/02
info,event,ICC World Cricket League Championship
info,match_number,38
info,venue,Sheikh Zayed Stadium
info,city,Abu Dhabi
info,toss_winner,Papua New Guinea
info,toss_decision,bat
info,umpire,Akbar Ali
info,umpire,Shozab Raza
info,reserve_umpire,IJ Dixon
info,match_referee,SR Bernard
info,winner,Papua New Guinea
info,winner_runs,26
info,player,Papua New Guinea,TP Ura
info,player,Papua New Guinea,VV Morea
info,player,Papua New Guinea,L Siaka
info,player,Papua New Guinea,A Vala
info,player,Papua New Guinea,D Bau
info,player,Papua New Guinea,S Bau
info,player,Papua New Guinea,MD Dai
info,player,Papua New Guinea,JB Reva
info,player,Papua New Guinea,N Vanua
info,player,Papua New Guinea,A Nao
info,player,Papua New Guinea,WT Gavera
info,player,United Arab Emirates,Rohan Mustafa
info,player,United Arab Emirates,Mohammed Qasim
info,player,United Arab Emirates,Ghulam Shabber
info,player,United Arab Emirates,Shaiman Anwar
info,player,United Arab Emirates,Rameez Shahzad
info,player,United Arab Emirates,Muhammad Usman
info,player,United Arab Emirates,Adnan Mufti
info,player,United Arab Emirates,Mohammad Naveed
info,player,United Arab Emirates,Ahmed Raza
info,player,United Arab Emirates,Imran Haider
info,player,United Arab Emirates,Zahoor Khan
info,registry,people,A Nao,4d1ec7eb
info,registry,people,A Vala,72e60730
info,registry,people,Adnan Mufti,811425b1
info,registry,people,Ahmed Raza,79b4839e
info,registry,people,Akbar Ali,e753931d
info,registry,people,D Bau,9db20c92
info,registry,people,Ghulam Shabber,ced0ec25
info,registry,people,IJ Dixon,a6e30365
info,registry,people,Imran Haider,0226b73a
info,registry,people,JB Reva,6a685375
info,registry,people,L Siaka,6b4593ee
info,registry,people,MD Dai,5be810ba
info,registry,people,Mohammad Naveed,4861d29b
info,registry,people,Mohammed Qasim,a120e81b
info,registry,people,Muhammad Usman,45642393
info,registry,people,N Vanua,a36915ce
info,registry,people,Rameez Shahzad,e045c165
info,registry,people,Rohan Mustafa,d1988788
info,registry,people,S Bau,9a95bebb
info,registry,people,SR Bernard,800187dc
info,registry,people,Shaiman Anwar,e9630504
info,registry,people,Shozab Raza,153c67dc
info,registry,people,TP Ura,a82eb3fb
info,registry,people,VV Morea,e64c10dd
info,registry,people,WT Gavera,7516045a
info,registry,people,Zahoor Khan,f0e293b0
