match_id,season,start_date,venue,innings,ball,batting_team,bowling_team,striker,non_striker,bowler,runs_off_bat,extras,wides,noballs,byes,legbyes,penalty,wicket_type,player_dismissed,other_wicket_type,other_player_dismissed
1083446,2016/17,2017-03-25,Rangiri Dambulla International Stadium,1,0.1,Bangladesh,Sri Lanka,Tamim Iqbal,Soumya Sarkar,RAS Lakmal,0,0,,,,,,,,,
1083446,2016/17,2017-03-25,Rangiri Dambulla International Stadium,1,0.2,Bangladesh,Sri Lanka,Tamim Iqbal,Soumya Sarkar,RAS Lakmal,0,0,,,,,,,,,
1083446,2016/17,2017-03-25,Rangiri Dambulla International Stadium,1,0.3,Bangladesh,Sri Lanka,Tamim Iqbal,Soumya Sarkar,RAS Lakmal,2,0,,,,,,,,,
1083446,2016/17,2017-03-25,Rangiri Dambulla International Stadium,1,0.4,Bangladesh,Sri Lanka,Tamim Iqbal,Soumya Sarkar,RAS Lakmal,0,0,,,,,,,,,
1083446,2016/17,2017-03-25,Rangiri Dambulla International Stadium,1,0.5,Bangladesh,Sri Lanka,Tamim Iqbal,Soumya Sarkar,RAS Lakmal,0,0,,,,,,,,,
1083446,2016/17,2017-03-25,Rangiri Dambulla International Stadium,1,0.6,Bangladesh,Sri Lanka,Tamim Iqbal,Soumya Sarkar,RAS Lakmal,0,0,,,,,,,,,
1083446,2016/17,2017-03-25,Rangiri Dambulla International Stadium,1,1.1,Bangladesh,Sri Lanka,Soumya Sarkar,Tamim Iqbal,CBRLS Kumara,0,0,,,,,,,,,
1083446,2016/17,2017-03-25,Rangiri Dambulla International Stadium,1,1.2,Bangladesh,Sri Lanka,Soumya Sarkar,Tamim Iqbal,CBRLS Kumara,0,4,,,,4,,,,,
1083446,2016/17,2017-03-25,Rangiri Dambulla International Stadium,1,1.3,Bangladesh,Sri Lanka,Soumya Sarkar,Tamim Iqbal,CBRLS Kumara,0,1,,,,1,,,,,
1083446,2016/17,2017-03-25,Rangiri Dambulla International Stadium,1,1.4,Bangladesh,Sri Lanka,Tamim Iqbal,Soumya Sarkar,CBRLS Kumara,0,0,,,,,,,,,
1083446,2016/17,2017-03-25,Rangiri Dambulla International Stadium,1,1.5,Bangladesh,Sri Lanka,Tamim Iqbal,Soumya Sarkar,CBRLS Kumara,4,0,,,,,,,,,
1083446,2016/17,2017-03-25,Rangiri Dambulla International Stadium,1,1.6,Bangladesh,Sri Lanka,Tamim Iqbal,Soumya Sarkar,CBRLS Kumara,0,0,,,,,,,,,
1083446,2016/17,2017-03-25,Rangiri Dambulla International Stadium,1,2.1,Bangladesh,Sri Lanka,Soumya Sarkar,Tamim Iqbal,RAS Lakmal,0,0,,,,,,,,,
1083446,2016/17,2017-03-25,Rangiri Dambulla International Stadium,1,2.2,Bangladesh,Sri Lanka,Soumya Sarkar,Tamim Iqbal,RAS Lakmal,0,0,,,,,,,,,
1083446,2016/17,2017-03-25,Rangiri Dambulla International Stadium,1,2.3,Bangladesh,Sri Lanka,Soumya Sarkar,Tamim Iqbal,RAS Lakmal,0,0,,,,,,,,,
1083446,2016/17,2017-03-25,Rangiri Dambulla International Stadium,1,2.4,Bangladesh,Sri Lanka,Soumya Sarkar,Tamim Iqbal,RAS Lakmal,2,0,,,,,,,,,
1083446,2016/17,2017-03-25,Rangiri Dambulla International Stadium,1,2.5,Bangladesh,Sri Lanka,Soumya Sarkar,Tamim Iqbal,RAS Lakmal,4,0,,,,,,,,,
1083446,2016/17,2017-03-25,Rangiri Dambulla International Stadium,1,2.6,Bangladesh,Sri Lanka,Soumya Sarkar,Tamim Iqbal,RAS Lakmal,0,0,,,,,,,,,
1083446,2016/17,2017-03-25,Rangiri Dambulla International Stadium,1,3.1,Bangladesh,Sri Lanka,Tamim Iqbal,Soumya Sarkar,CBRLS Kumara,0,0,,,,,,,,,
1083446,2016/17,2017-03-25,Rangiri Dambulla International Stadium,1,3.2,Bangladesh,Sri Lanka,Tamim Iqbal,Soumya Sarkar,CBRLS Kumara,0,0,,,,,,,,,
1083446,2016/17,2017-03-25,Rangiri Dambulla International Stadium,1,3.3,Bangladesh,Sri Lanka,Tamim Iqbal,Soumya Sarkar,CBRLS Kumara,4,0,,,,,,,,,
1083446,2016/17,2017-03-25,Rangiri Dambulla International Stadium,1,3.4,Bangladesh,Sri Lanka,Tamim Iqbal,Soumya Sarkar,CBRLS Kumara,0,0,,,,,,,,,
1083446,2016/17,2017-03-25,Rangiri Dambulla International Stadium,1,3.5,Bangladesh,Sri Lanka,Tamim Iqbal,Soumya Sarkar,CBRLS Kumara,0,0,,,,,,,,,
1083446,2016/17,2017-03-25,Rangiri Dambulla International Stadium,1,3.6,Bangladesh,Sri Lanka,Tamim Iqbal,Soumya Sarkar,CBRLS Kumara,4,0,,,,,,,,,
1083446,2016/17,2017-03-25,Rangiri Dambulla International Stadium,1,4.1,Bangladesh,Sri Lanka,Soumya Sarkar,Tamim Iqbal,RAS Lakmal,0,0,,,,,,,,,
1083446,2016/17,2017-03-25,Rangiri Dambulla International Stadium,1,4.2,Bangladesh,Sri Lanka,Soumya Sarkar,Tamim Iqbal,RAS Lakmal,0,0,,,,,,,,,
1083446,2016/17,2017-03-25,Rangiri Dambulla International Stadium,1,4.3,Bangladesh,Sri Lanka,Soumya Sarkar,Tamim Iqbal,RAS Lakmal,4,0,,,,,,,,,
1083446,2016/17,2017-03-25,Rangiri Dambulla International Stadium,1,4.4,Bangladesh,Sri Lanka,Soumya Sarkar,Tamim Iqbal,RAS Lakmal,0,0,,,,,,caught,Soumya Sarkar,,
1083446,2016/17,2017-03-25,Rangiri Dambulla International Stadium,1,4.5,Bangladesh,Sri Lanka,Sabbir Rahman,Tamim Iqbal,RAS Lakmal,0,0,,,,,,,,,
1083446,2016/17,2017-03-25,Rangiri Dambulla International Stadium,1,4.6,Bangladesh,Sri Lanka,Sabbir Rahman,Tamim Iqbal,RAS Lakmal,0,0,,,,,,,,,
1083446,2016/17,2017-03-25,Rangiri Dambulla International Stadium,1,5.1,Bangladesh,Sri Lanka,Tamim Iqbal,Sabbir Rahman,CBRLS Kumara,2,0,,,,,,,,,
1083446,2016/17,2017-03-25,Rangiri Dambulla International Stadium,1,5.2,Bangladesh,Sri Lanka,Tamim Iqbal,Sabbir Rahman,CBRLS Kumara,1,0,,,,,,,,,
1083446,2016/17,2017-03-25,Rangiri Dambulla International Stadium,1,5.3,Bangladesh,Sri Lanka,Sabbir Rahman,Tamim Iqbal,CBRLS Kumara,0,0,,,,,,,,,
1083446,2016/17,2017-03-25,Rangiri Dambulla International Stadium,1,5.4,Bangladesh,Sri Lanka,Sabbir Rahman,Tamim Iqbal,CBRLS Kumara,0,0,,,,,,,,,
1083446,2016/17,2017-03-25,Rangiri Dambulla International Stadium,1,5.5,Bangladesh,Sri Lanka,Sabbir Rahman,Tamim Iqbal,CBRLS Kumara,0,0,,,,,,,,,
1083446,2016/17,2017-03-25,Rangiri Dambulla International Stadium,1,5.6,Bangladesh,Sri Lanka,Sabbir Rahman,Tamim Iqbal,CBRLS Kumara,0,0,,,,,,,,,
1083446,2016/17,2017-03-25,Rangiri Dambulla International Stadium,1,6.1,Bangladesh,Sri Lanka,Tamim Iqbal,Sabbir Rahman,RAS Lakmal,1,0,,,,,,,,,
1083446,2016/17,2017-03-25,Rangiri Dambulla International Stadium,1,6.2,Bangladesh,Sri Lanka,Sabbir Rahman,Tamim Iqbal,RAS Lakmal,0,0,,,,,,,,,
1083446,2016/17,2017-03-25,Rangiri Dambulla International Stadium,1,6.3,Bangladesh,Sri Lanka,Sabbir Rahman,Tamim Iqbal,RAS Lakmal,0,0,,,,,,,,,
1083446,2016/17,2017-03-25,Rangiri Dambulla International Stadium,1,6.4,Bangladesh,Sri Lanka,Sabbir Rahman,Tamim Iqbal,RAS Lakmal,4,0,,,,,,,,,
1083446,2016/17,2017-03-25,Rangiri Dambulla International Stadium,1,6.5,Bangladesh,Sri Lanka,Sabbir Rahman,Tamim Iqbal,RAS Lakmal,0,0,,,,,,,,,
1083446,2016/17,2017-03-25,Rangiri Dambulla International Stadium,1,6.6,Bangladesh,Sri Lanka,Sabbir Rahman,Tamim Iqbal,RAS Lakmal,0,0,,,,,,,,,
1083446,2016/17,2017-03-25,Rangiri Dambulla International Stadium,1,7.1,Bangladesh,Sri Lanka,Tamim Iqbal,Sabbir Rahman,NLTC Perera,0,0,,,,,,,,,
1083446,2016/17,2017-03-25,Rangiri Dambulla International Stadium,1,7.2,Bangladesh,Sri Lanka,Tamim Iqbal,Sabbir Rahman,NLTC Perera,1,0,,,,,,,,,
1083446,2016/17,2017-03-25,Rangiri Dambulla International Stadium,1,7.3,Bangladesh,Sri Lanka,Sabbir Rahman,Tamim Iqbal,NLTC Perera,0,0,,,,,,,,,
1083446,2016/17,2017-03-25,Rangiri Dambulla International Stadium,1,7.4,Bangladesh,Sri Lanka,Sabbir Rahman,Tamim Iqbal,NLTC Perera,4,0,,,,,,,,,
1083446,2016/17,2017-03-25,Rangiri Dambulla International Stadium,1,7.5,Bangladesh,Sri Lanka,Sabbir Rahman,Tamim Iqbal,NLTC Perera,4,0,,,,,,,,,
1083446,2016/17,2017-03-25,Rangiri Dambulla International Stadium,1,7.6,Bangladesh,Sri Lanka,Sabbir Rahman,Tamim Iqbal,NLTC Perera,4,0,,,,,,,,,
1083446,2016/17,2017-03-25,Rangiri Dambulla International Stadium,1,8.1,Bangladesh,Sri Lanka,Tamim Iqbal,Sabbir Rahman,RAS Lakmal,0,0,,,,,,,,,
1083446,2016/17,2017-03-25,Rangiri Dambulla International Stadium,1,8.2,Bangladesh,Sri Lanka,Tamim Iqbal,Sabbir Rahman,RAS Lakmal,0,0,,,,,,,,,
1083446,2016/17,2017-03-25,Rangiri Dambulla International Stadium,1,8.3,Bangladesh,Sri Lanka,Tamim Iqbal,Sabbir Rahman,RAS Lakmal,1,0,,,,,,,,,
1083446,2016/17,2017-03-25,Rangiri Dambulla International Stadium,1,8.4,Bangladesh,Sri Lanka,Sabbir Rahman,Tamim Iqbal,RAS Lakmal,0,0,,,,,,,,,
1083446,2016/17,2017-03-25,Rangiri Dambulla International Stadium,1,8.5,Bangladesh,Sri Lanka,Sabbir Rahman,Tamim Iqbal,RAS Lakmal,4,0,,,,,,,,,
1083446,2016/17,2017-03-25,Rangiri Dambulla International Stadium,1,8.6,Bangladesh,Sri Lanka,Sabbir Rahman,Tamim Iqbal,RAS Lakmal,0,0,,,,,,,,,
1083446,2016/17,2017-03-25,Rangiri Dambulla International Stadium,1,9.1,Bangladesh,Sri Lanka,Tamim Iqbal,Sabbir Rahman,CBRLS Kumara,4,0,,,,,,,,,
1083446,2016/17,2017-03-25,Rangiri Dambulla International Stadium,1,9.2,Bangladesh,Sri Lanka,Tamim Iqbal,Sabbir Rahman,CBRLS Kumara,0,0,,,,,,,,,
1083446,2016/17,2017-03-25,Rangiri Dambulla International Stadium,1,9.3,Bangladesh,Sri Lanka,Tamim Iqbal,Sabbir Rahman,CBRLS Kumara,0,0,,,,,,,,,
1083446,2016/17,2017-03-25,Rangiri Dambulla International Stadium,1,9.4,Bangladesh,Sri Lanka,Tamim Iqbal,Sabbir Rahman,CBRLS Kumara,0,0,,,,,,,,,
1083446,2016/17,2017-03-25,Rangiri Dambulla International Stadium,1,9.5,Bangladesh,Sri Lanka,Tamim Iqbal,Sabbir Rahman,CBRLS Kumara,1,0,,,,,,,,,
1083446,2016/17,2017-03-25,Rangiri Dambulla International Stadium,1,9.6,Bangladesh,Sri Lanka,Sabbir Rahman,Tamim Iqbal,CBRLS Kumara,4,0,,,,,,,,,
1083446,2016/17,2017-03-25,Rangiri Dambulla International Stadium,1,10.1,Bangladesh,Sri Lanka,Tamim Iqbal,Sabbir Rahman,NLTC Perera,0,0,,,,,,,,,
1083446,2016/17,2017-03-25,Rangiri Dambulla International Stadium,1,10.2,Bangladesh,Sri Lanka,Tamim Iqbal,Sabbir Rahman,NLTC Perera,0,0,,,,,,,,,
1083446,2016/17,2017-03-25,Rangiri Dambulla International Stadium,1,10.3,Bangladesh,Sri Lanka,Tamim Iqbal,Sabbir Rahman,NLTC Perera,1,0,,,,,,,,,
1083446,2016/17,2017-03-25,Rangiri Dambulla International Stadium,1,10.4,Bangladesh,Sri Lanka,Sabbir Rahman,Tamim Iqbal,NLTC Perera,0,0,,,,,,,,,
1083446,2016/17,2017-03-25,Rangiri Dambulla International Stadium,1,10.5,Bangladesh,Sri Lanka,Sabbir Rahman,Tamim Iqbal,NLTC Perera,0,0,,,,,,,,,
1083446,2016/17,2017-03-25,Rangiri Dambulla International Stadium,1,10.6,Bangladesh,Sri Lanka,Sabbir Rahman,Tamim Iqbal,NLTC Perera,0,0,,,,,,,,,
1083446,2016/17,2017-03-25,Rangiri Dambulla International Stadium,1,11.1,Bangladesh,Sri Lanka,Tamim Iqbal,Sabbir Rahman,SS Pathirana,0,0,,,,,,,,,
1083446,2016/17,2017-03-25,Rangiri Dambulla International Stadium,1,11.2,Bangladesh,Sri Lanka,Tamim Iqbal,Sabbir Rahman,SS Pathirana,1,0,,,,,,,,,
1083446,2016/17,2017-03-25,Rangiri Dambulla International Stadium,1,11.3,Bangladesh,Sri Lanka,Sabbir Rahman,Tamim Iqbal,SS Pathirana,1,0,,,,,,,,,
1083446,2016/17,2017-03-25,Rangiri Dambulla International Stadium,1,11.4,Bangladesh,Sri Lanka,Tamim Iqbal,Sabbir Rahman,SS Pathirana,0,0,,,,,,,,,
1083446,2016/17,2017-03-25,Rangiri Dambulla International Stadium,1,11.5,Bangladesh,Sri Lanka,Tamim Iqbal,Sabbir Rahman,SS Pathirana,1,0,,,,,,,,,
1083446,2016/17,2017-03-25,Rangiri Dambulla International Stadium,1,11.6,Bangladesh,Sri Lanka,Sabbir Rahman,Tamim Iqbal,SS Pathirana,0,1,1,,,,,,,,
1083446,2016/17,2017-03-25,Rangiri Dambulla International Stadium,1,11.7,Bangladesh,Sri Lanka,Sabbir Rahman,Tamim Iqbal,SS Pathirana,0,0,,,,,,,,,
1083446,2016/17,2017-03-25,Rangiri Dambulla International Stadium,1,12.1,Bangladesh,Sri Lanka,Tamim Iqbal,Sabbir Rahman,NLTC Perera,4,0,,,,,,,,,
1083446,2016/17,2017-03-25,Rangiri Dambulla International Stadium,1,12.2,Bangladesh,Sri Lanka,Tamim Iqbal,Sabbir Rahman,NLTC Perera,0,1,,,,1,,,,,
1083446,2016/17,2017-03-25,Rangiri Dambulla International Stadium,1,12.3,Bangladesh,Sri Lanka,Sabbir Rahman,Tamim Iqbal,NLTC Perera,4,0,,,,,,,,,
1083446,2016/17,2017-03-25,Rangiri Dambulla International Stadium,1,12.4,Bangladesh,Sri Lanka,Sabbir Rahman,Tamim Iqbal,NLTC Perera,1,0,,,,,,,,,
1083446,2016/17,2017-03-25,Rangiri Dambulla International Stadium,1,12.5,Bangladesh,Sri Lanka,Tamim Iqbal,Sabbir Rahman,NLTC Perera,0,0,,,,,,,,,
1083446,2016/17,2017-03-25,Rangiri Dambulla International Stadium,1,12.6,Bangladesh,Sri Lanka,Tamim Iqbal,Sabbir Rahman,NLTC Perera,0,0,,,,,,,,,
1083446,2016/17,2017-03-25,Rangiri Dambulla International Stadium,1,13.1,Bangladesh,Sri Lanka,Sabbir Rahman,Tamim Iqbal,SS Pathirana,4,0,,,,,,,,,
1083446,2016/17,2017-03-25,Rangiri Dambulla International Stadium,1,13.2,Bangladesh,Sri Lanka,Sabbir Rahman,Tamim Iqbal,SS Pathirana,1,0,,,,,,,,,
1083446,2016/17,2017-03-25,Rangiri Dambulla International Stadium,1,13.3,Bangladesh,Sri Lanka,Tamim Iqbal,Sabbir Rahman,SS Pathirana,0,0,,,,,,,,,
1083446,2016/17,2017-03-25,Rangiri Dambulla International Stadium,1,13.4,Bangladesh,Sri Lanka,Tamim Iqbal,Sabbir Rahman,SS Pathirana,1,0,,,,,,,,,
1083446,2016/17,2017-03-25,Rangiri Dambulla International Stadium,1,13.5,Bangladesh,Sri Lanka,Sabbir Rahman,Tamim Iqbal,SS Pathirana,0,0,,,,,,,,,
1083446,2016/17,2017-03-25,Rangiri Dambulla International Stadium,1,13.6,Bangladesh,Sri Lanka,Sabbir Rahman,Tamim Iqbal,SS Pathirana,1,0,,,,,,,,,
1083446,2016/17,2017-03-25,Rangiri Dambulla International Stadium,1,14.1,Bangladesh,Sri Lanka,Sabbir Rahman,Tamim Iqbal,PADLR Sandakan,1,0,,,,,,,,,
1083446,2016/17,2017-03-25,Rangiri Dambulla International Stadium,1,14.2,Bangladesh,Sri Lanka,Tamim Iqbal,Sabbir Rahman,PADLR Sandakan,0,0,,,,,,,,,
1083446,2016/17,2017-03-25,Rangiri Dambulla International Stadium,1,14.3,Bangladesh,Sri Lanka,Tamim Iqbal,Sabbir Rahman,PADLR Sandakan,0,0,,,,,,,,,
1083446,2016/17,2017-03-25,Rangiri Dambulla International Stadium,1,14.4,Bangladesh,Sri Lanka,Tamim Iqbal,Sabbir Rahman,PADLR Sandakan,0,0,,,,,,,,,
1083446,2016/17,2017-03-25,Rangiri Dambulla International Stadium,1,14.5,Bangladesh,Sri Lanka,Tamim Iqbal,Sabbir Rahman,PADLR Sandakan,1,0,,,,,,,,,
1083446,2016/17,2017-03-25,Rangiri Dambulla International Stadium,1,14.6,Bangladesh,Sri Lanka,Sabbir Rahman,Tamim Iqbal,PADLR Sandakan,1,0,,,,,,,,,
1083446,2016/17,2017-03-25,Rangiri Dambulla International Stadium,1,15.1,Bangladesh,Sri Lanka,Sabbir Rahman,Tamim Iqbal,SS Pathirana,0,0,,,,,,,,,
1083446,2016/17,2017-03-25,Rangiri Dambulla International Stadium,1,15.2,Bangladesh,Sri Lanka,Sabbir Rahman,Tamim Iqbal,SS Pathirana,0,0,,,,,,,,,
1083446,2016/17,2017-03-25,Rangiri Dambulla International Stadium,1,15.3,Bangladesh,Sri Lanka,Sabbir Rahman,Tamim Iqbal,SS Pathirana,1,0,,,,,,,,,
1083446,2016/17,2017-03-25,Rangiri Dambulla International Stadium,1,15.4,Bangladesh,Sri Lanka,Tamim Iqbal,Sabbir Rahman,SS Pathirana,1,0,,,,,,,,,
1083446,2016/17,2017-03-25,Rangiri Dambulla International Stadium,1,15.5,Bangladesh,Sri Lanka,Sabbir Rahman,Tamim Iqbal,SS Pathirana,1,0,,,,,,,,,
1083446,2016/17,2017-03-25,Rangiri Dambulla International Stadium,1,15.6,Bangladesh,Sri Lanka,Tamim Iqbal,Sabbir Rahman,SS Pathirana,0,0,,,,,,,,,
1083446,2016/17,2017-03-25,Rangiri Dambulla International Stadium,1,16.1,Bangladesh,Sri Lanka,Sabbir Rahman,Tamim Iqbal,PADLR Sandakan,2,0,,,,,,,,,
1083446,2016/17,2017-03-25,Rangiri Dambulla International Stadium,1,16.2,Bangladesh,Sri Lanka,Sabbir Rahman,Tamim Iqbal,PADLR Sandakan,0,0,,,,,,,,,
1083446,2016/17,2017-03-25,Rangiri Dambulla International Stadium,1,16.3,Bangladesh,Sri Lanka,Sabbir Rahman,Tamim Iqbal,PADLR Sandakan,0,0,,,,,,,,,
1083446,2016/17,2017-03-25,Rangiri Dambulla International Stadium,1,16.4,Bangladesh,Sri Lanka,Sabbir Rahman,Tamim Iqbal,PADLR Sandakan,0,0,,,,,,,,,
1083446,2016/17,2017-03-25,Rangiri Dambulla International Stadium,1,16.5,Bangladesh,Sri Lanka,Sabbir Rahman,Tamim Iqbal,PADLR Sandakan,0,0,,,,,,,,,
1083446,2016/17,2017-03-25,Rangiri Dambulla International Stadium,1,16.6,Bangladesh,Sri Lanka,Sabbir Rahman,Tamim Iqbal,PADLR Sandakan,0,0,,,,,,,,,
1083446,2016/17,2017-03-25,Rangiri Dambulla International Stadium,1,17.1,Bangladesh,Sri Lanka,Tamim Iqbal,Sabbir Rahman,SS Pathirana,2,0,,,,,,,,,
1083446,2016/17,2017-03-25,Rangiri Dambulla International Stadium,1,17.2,Bangladesh,Sri Lanka,Tamim Iqbal,Sabbir Rahman,SS Pathirana,0,0,,,,,,,,,
1083446,2016/17,2017-03-25,Rangiri Dambulla International Stadium,1,17.3,Bangladesh,Sri Lanka,Tamim Iqbal,Sabbir Rahman,SS Pathirana,0,0,,,,,,,,,
1083446,2016/17,2017-03-25,Rangiri Dambulla International Stadium,1,17.4,Bangladesh,Sri Lanka,Tamim Iqbal,Sabbir Rahman,SS Pathirana,0,0,,,,,,,,,
1083446,2016/17,2017-03-25,Rangiri Dambulla International Stadium,1,17.5,Bangladesh,Sri Lanka,Tamim Iqbal,Sabbir Rahman,SS Pathirana,1,0,,,,,,,,,
1083446,2016/17,2017-03-25,Rangiri Dambulla International Stadium,1,17.6,Bangladesh,Sri Lanka,Sabbir Rahman,Tamim Iqbal,SS Pathirana,1,0,,,,,,,,,
1083446,2016/17,2017-03-25,Rangiri Dambulla International Stadium,1,18.1,Bangladesh,Sri Lanka,Sabbir Rahman,Tamim Iqbal,PADLR Sandakan,0,1,1,,,,,,,,
1083446,2016/17,2017-03-25,Rangiri Dambulla International Stadium,1,18.2,Bangladesh,Sri Lanka,Sabbir Rahman,Tamim Iqbal,PADLR Sandakan,1,0,,,,,,,,,
1083446,2016/17,2017-03-25,Rangiri Dambulla International Stadium,1,18.3,Bangladesh,Sri Lanka,Tamim Iqbal,Sabbir Rahman,PADLR Sandakan,0,0,,,,,,,,,
1083446,2016/17,2017-03-25,Rangiri Dambulla International Stadium,1,18.4,Bangladesh,Sri Lanka,Tamim Iqbal,Sabbir Rahman,PADLR Sandakan,0,0,,,,,,,,,
1083446,2016/17,2017-03-25,Rangiri Dambulla International Stadium,1,18.5,Bangladesh,Sri Lanka,Tamim Iqbal,Sabbir Rahman,PADLR Sandakan,0,0,,,,,,,,,
1083446,2016/17,2017-03-25,Rangiri Dambulla International Stadium,1,18.6,Bangladesh,Sri Lanka,Tamim Iqbal,Sabbir Rahman,PADLR Sandakan,1,0,,,,,,,,,
1083446,2016/17,2017-03-25,Rangiri Dambulla International Stadium,1,18.7,Bangladesh,Sri Lanka,Sabbir Rahman,Tamim Iqbal,PADLR Sandakan,4,0,,,,,,,,,
1083446,2016/17,2017-03-25,Rangiri Dambulla International Stadium,1,19.1,Bangladesh,Sri Lanka,Tamim Iqbal,Sabbir Rahman,SS Pathirana,1,0,,,,,,,,,
1083446,2016/17,2017-03-25,Rangiri Dambulla International Stadium,1,19.2,Bangladesh,Sri Lanka,Sabbir Rahman,Tamim Iqbal,SS Pathirana,0,5,5,,,,,,,,
1083446,2016/17,2017-03-25,Rangiri Dambulla International Stadium,1,19.3,Bangladesh,Sri Lanka,Sabbir Rahman,Tamim Iqbal,SS Pathirana,0,0,,,,,,,,,
1083446,2016/17,2017-03-25,Rangiri Dambulla International Stadium,1,19.4,Bangladesh,Sri Lanka,Sabbir Rahman,Tamim Iqbal,SS Pathirana,1,0,,,,,,,,,
1083446,2016/17,2017-03-25,Rangiri Dambulla International Stadium,1,19.5,Bangladesh,Sri Lanka,Tamim Iqbal,Sabbir Rahman,SS Pathirana,0,0,,,,,,,,,
1083446,2016/17,2017-03-25,Rangiri Dambulla International Stadium,1,19.6,Bangladesh,Sri Lanka,Tamim Iqbal,Sabbir Rahman,SS Pathirana,1,0,,,,,,,,,
1083446,2016/17,2017-03-25,Rangiri Dambulla International Stadium,1,19.7,Bangladesh,Sri Lanka,Sabbir Rahman,Tamim Iqbal,SS Pathirana,1,0,,,,,,,,,
1083446,2016/17,2017-03-25,Rangiri Dambulla International Stadium,1,20.1,Bangladesh,Sri Lanka,Sabbir Rahman,Tamim Iqbal,PADLR Sandakan,0,0,,,,,,,,,
1083446,2016/17,2017-03-25,Rangiri Dambulla International Stadium,1,20.2,Bangladesh,Sri Lanka,Sabbir Rahman,Tamim Iqbal,PADLR Sandakan,0,0,,,,,,,,,
1083446,2016/17,2017-03-25,Rangiri Dambulla International Stadium,1,20.3,Bangladesh,Sri Lanka,Sabbir Rahman,Tamim Iqbal,PADLR Sandakan,0,0,,,,,,,,,
1083446,2016/17,2017-03-25,Rangiri Dambulla International Stadium,1,20.4,Bangladesh,Sri Lanka,Sabbir Rahman,Tamim Iqbal,PADLR Sandakan,4,0,,,,,,,,,
1083446,2016/17,2017-03-25,Rangiri Dambulla International Stadium,1,20.5,Bangladesh,Sri Lanka,Sabbir Rahman,Tamim Iqbal,PADLR Sandakan,0,0,,,,,,,,,
1083446,2016/17,2017-03-25,Rangiri Dambulla International Stadium,1,20.6,Bangladesh,Sri Lanka,Sabbir Rahman,Tamim Iqbal,PADLR Sandakan,0,0,,,,,,,,,
1083446,2016/17,2017-03-25,Rangiri Dambulla International Stadium,1,21.1,Bangladesh,Sri Lanka,Tamim Iqbal,Sabbir Rahman,DAS Gunaratne,1,0,,,,,,,,,
1083446,2016/17,2017-03-25,Rangiri Dambulla International Stadium,1,21.2,Bangladesh,Sri Lanka,Sabbir Rahman,Tamim Iqbal,DAS Gunaratne,0,0,,,,,,,,,
1083446,2016/17,2017-03-25,Rangiri Dambulla International Stadium,1,21.3,Bangladesh,Sri Lanka,Sabbir Rahman,Tamim Iqbal,DAS Gunaratne,0,0,,,,,,caught,Sabbir Rahman,,
1083446,2016/17,2017-03-25,Rangiri Dambulla International Stadium,1,21.4,Bangladesh,Sri Lanka,Mushfiqur Rahim,Tamim Iqbal,DAS Gunaratne,1,0,,,,,,,,,
1083446,2016/17,2017-03-25,Rangiri Dambulla International Stadium,1,21.5,Bangladesh,Sri Lanka,Tamim Iqbal,Mushfiqur Rahim,DAS Gunaratne,0,0,,,,,,,,,
1083446,2016/17,2017-03-25,Rangiri Dambulla International Stadium,1,21.6,Bangladesh,Sri Lanka,Tamim Iqbal,Mushfiqur Rahim,DAS Gunaratne,0,0,,,,,,,,,
1083446,2016/17,2017-03-25,Rangiri Dambulla International Stadium,1,22.1,Bangladesh,Sri Lanka,Mushfiqur Rahim,Tamim Iqbal,PADLR Sandakan,0,0,,,,,,caught and bowled,Mushfiqur Rahim,,
1083446,2016/17,2017-03-25,Rangiri Dambulla International Stadium,1,22.2,Bangladesh,Sri Lanka,Shakib Al Hasan,Tamim Iqbal,PADLR Sandakan,2,0,,,,,,,,,
1083446,2016/17,2017-03-25,Rangiri Dambulla International Stadium,1,22.3,Bangladesh,Sri Lanka,Shakib Al Hasan,Tamim Iqbal,PADLR Sandakan,1,0,,,,,,,,,
1083446,2016/17,2017-03-25,Rangiri Dambulla International Stadium,1,22.4,Bangladesh,Sri Lanka,Tamim Iqbal,Shakib Al Hasan,PADLR Sandakan,0,0,,,,,,,,,
1083446,2016/17,2017-03-25,Rangiri Dambulla International Stadium,1,22.5,Bangladesh,Sri Lanka,Tamim Iqbal,Shakib Al Hasan,PADLR Sandakan,0,0,,,,,,,,,
1083446,2016/17,2017-03-25,Rangiri Dambulla International Stadium,1,22.6,Bangladesh,Sri Lanka,Tamim Iqbal,Shakib Al Hasan,PADLR Sandakan,1,0,,,,,,,,,
1083446,2016/17,2017-03-25,Rangiri Dambulla International Stadium,1,23.1,Bangladesh,Sri Lanka,Tamim Iqbal,Shakib Al Hasan,DAS Gunaratne,1,0,,,,,,,,,
1083446,2016/17,2017-03-25,Rangiri Dambulla International Stadium,1,23.2,Bangladesh,Sri Lanka,Shakib Al Hasan,Tamim Iqbal,DAS Gunaratne,1,0,,,,,,,,,
1083446,2016/17,2017-03-25,Rangiri Dambulla International Stadium,1,23.3,Bangladesh,Sri Lanka,Tamim Iqbal,Shakib Al Hasan,DAS Gunaratne,0,0,,,,,,,,,
1083446,2016/17,2017-03-25,Rangiri Dambulla International Stadium,1,23.4,Bangladesh,Sri Lanka,Tamim Iqbal,Shakib Al Hasan,DAS Gunaratne,0,0,,,,,,,,,
1083446,2016/17,2017-03-25,Rangiri Dambulla International Stadium,1,23.5,Bangladesh,Sri Lanka,Tamim Iqbal,Shakib Al Hasan,DAS Gunaratne,1,0,,,,,,,,,
1083446,2016/17,2017-03-25,Rangiri Dambulla International Stadium,1,23.6,Bangladesh,Sri Lanka,Shakib Al Hasan,Tamim Iqbal,DAS Gunaratne,0,0,,,,,,,,,
1083446,2016/17,2017-03-25,Rangiri Dambulla International Stadium,1,24.1,Bangladesh,Sri Lanka,Tamim Iqbal,Shakib Al Hasan,PADLR Sandakan,0,0,,,,,,,,,
1083446,2016/17,2017-03-25,Rangiri Dambulla International Stadium,1,24.2,Bangladesh,Sri Lanka,Tamim Iqbal,Shakib Al Hasan,PADLR Sandakan,4,0,,,,,,,,,
1083446,2016/17,2017-03-25,Rangiri Dambulla International Stadium,1,24.3,Bangladesh,Sri Lanka,Tamim Iqbal,Shakib Al Hasan,PADLR Sandakan,0,0,,,,,,,,,
1083446,2016/17,2017-03-25,Rangiri Dambulla International Stadium,1,24.4,Bangladesh,Sri Lanka,Tamim Iqbal,Shakib Al Hasan,PADLR Sandakan,0,0,,,,,,,,,
1083446,2016/17,2017-03-25,Rangiri Dambulla International Stadium,1,24.5,Bangladesh,Sri Lanka,Tamim Iqbal,Shakib Al Hasan,PADLR Sandakan,0,0,,,,,,,,,
1083446,2016/17,2017-03-25,Rangiri Dambulla International Stadium,1,24.6,Bangladesh,Sri Lanka,Tamim Iqbal,Shakib Al Hasan,PADLR Sandakan,0,0,,,,,,,,,
1083446,2016/17,2017-03-25,Rangiri Dambulla International Stadium,1,25.1,Bangladesh,Sri Lanka,Shakib Al Hasan,Tamim Iqbal,DAS Gunaratne,1,0,,,,,,,,,
1083446,2016/17,2017-03-25,Rangiri Dambulla International Stadium,1,25.2,Bangladesh,Sri Lanka,Tamim Iqbal,Shakib Al Hasan,DAS Gunaratne,1,0,,,,,,,,,
1083446,2016/17,2017-03-25,Rangiri Dambulla International Stadium,1,25.3,Bangladesh,Sri Lanka,Shakib Al Hasan,Tamim Iqbal,DAS Gunaratne,1,0,,,,,,,,,
1083446,2016/17,2017-03-25,Rangiri Dambulla International Stadium,1,25.4,Bangladesh,Sri Lanka,Tamim Iqbal,Shakib Al Hasan,DAS Gunaratne,0,0,,,,,,,,,
1083446,2016/17,2017-03-25,Rangiri Dambulla International Stadium,1,25.5,Bangladesh,Sri Lanka,Tamim Iqbal,Shakib Al Hasan,DAS Gunaratne,0,0,,,,,,,,,
1083446,2016/17,2017-03-25,Rangiri Dambulla International Stadium,1,25.6,Bangladesh,Sri Lanka,Tamim Iqbal,Shakib Al Hasan,DAS Gunaratne,1,0,,,,,,,,,
1083446,2016/17,2017-03-25,Rangiri Dambulla International Stadium,1,26.1,Bangladesh,Sri Lanka,Tamim Iqbal,Shakib Al Hasan,MD Gunathilaka,2,0,,,,,,,,,
1083446,2016/17,2017-03-25,Rangiri Dambulla International Stadium,1,26.2,Bangladesh,Sri Lanka,Tamim Iqbal,Shakib Al Hasan,MD Gunathilaka,1,0,,,,,,,,,
1083446,2016/17,2017-03-25,Rangiri Dambulla International Stadium,1,26.3,Bangladesh,Sri Lanka,Shakib Al Hasan,Tamim Iqbal,MD Gunathilaka,1,0,,,,,,,,,
1083446,2016/17,2017-03-25,Rangiri Dambulla International Stadium,1,26.4,Bangladesh,Sri Lanka,Tamim Iqbal,Shakib Al Hasan,MD Gunathilaka,0,0,,,,,,,,,
1083446,2016/17,2017-03-25,Rangiri Dambulla International Stadium,1,26.5,Bangladesh,Sri Lanka,Tamim Iqbal,Shakib Al Hasan,MD Gunathilaka,1,0,,,,,,,,,
1083446,2016/17,2017-03-25,Rangiri Dambulla International Stadium,1,26.6,Bangladesh,Sri Lanka,Shakib Al Hasan,Tamim Iqbal,MD Gunathilaka,0,0,,,,,,,,,
1083446,2016/17,2017-03-25,Rangiri Dambulla International Stadium,1,27.1,Bangladesh,Sri Lanka,Tamim Iqbal,Shakib Al Hasan,DAS Gunaratne,1,0,,,,,,,,,
1083446,2016/17,2017-03-25,Rangiri Dambulla International Stadium,1,27.2,Bangladesh,Sri Lanka,Shakib Al Hasan,Tamim Iqbal,DAS Gunaratne,1,0,,,,,,,,,
1083446,2016/17,2017-03-25,Rangiri Dambulla International Stadium,1,27.3,Bangladesh,Sri Lanka,Tamim Iqbal,Shakib Al Hasan,DAS Gunaratne,1,0,,,,,,,,,
1083446,2016/17,2017-03-25,Rangiri Dambulla International Stadium,1,27.4,Bangladesh,Sri Lanka,Shakib Al Hasan,Tamim Iqbal,DAS Gunaratne,1,0,,,,,,,,,
1083446,2016/17,2017-03-25,Rangiri Dambulla International Stadium,1,27.5,Bangladesh,Sri Lanka,Tamim Iqbal,Shakib Al Hasan,DAS Gunaratne,1,0,,,,,,,,,
1083446,2016/17,2017-03-25,Rangiri Dambulla International Stadium,1,27.6,Bangladesh,Sri Lanka,Shakib Al Hasan,Tamim Iqbal,DAS Gunaratne,1,0,,,,,,,,,
1083446,2016/17,2017-03-25,Rangiri Dambulla International Stadium,1,28.1,Bangladesh,Sri Lanka,Shakib Al Hasan,Tamim Iqbal,MD Gunathilaka,0,0,,,,,,,,,
1083446,2016/17,2017-03-25,Rangiri Dambulla International Stadium,1,28.2,Bangladesh,Sri Lanka,Shakib Al Hasan,Tamim Iqbal,MD Gunathilaka,1,0,,,,,,,,,
1083446,2016/17,2017-03-25,Rangiri Dambulla International Stadium,1,28.3,Bangladesh,Sri Lanka,Tamim Iqbal,Shakib Al Hasan,MD Gunathilaka,1,0,,,,,,,,,
1083446,2016/17,2017-03-25,Rangiri Dambulla International Stadium,1,28.4,Bangladesh,Sri Lanka,Shakib Al Hasan,Tamim Iqbal,MD Gunathilaka,1,0,,,,,,,,,
1083446,2016/17,2017-03-25,Rangiri Dambulla International Stadium,1,28.5,Bangladesh,Sri Lanka,Tamim Iqbal,Shakib Al Hasan,MD Gunathilaka,0,0,,,,,,,,,
1083446,2016/17,2017-03-25,Rangiri Dambulla International Stadium,1,28.6,Bangladesh,Sri Lanka,Tamim Iqbal,Shakib Al Hasan,MD Gunathilaka,0,0,,,,,,,,,
1083446,2016/17,2017-03-25,Rangiri Dambulla International Stadium,1,29.1,Bangladesh,Sri Lanka,Shakib Al Hasan,Tamim Iqbal,DAS Gunaratne,1,0,,,,,,,,,
1083446,2016/17,2017-03-25,Rangiri Dambulla International Stadium,1,29.2,Bangladesh,Sri Lanka,Tamim Iqbal,Shakib Al Hasan,DAS Gunaratne,0,0,,,,,,,,,
1083446,2016/17,2017-03-25,Rangiri Dambulla International Stadium,1,29.3,Bangladesh,Sri Lanka,Tamim Iqbal,Shakib Al Hasan,DAS Gunaratne,1,0,,,,,,,,,
1083446,2016/17,2017-03-25,Rangiri Dambulla International Stadium,1,29.4,Bangladesh,Sri Lanka,Shakib Al Hasan,Tamim Iqbal,DAS Gunaratne,1,0,,,,,,,,,
1083446,2016/17,2017-03-25,Rangiri Dambulla International Stadium,1,29.5,Bangladesh,Sri Lanka,Tamim Iqbal,Shakib Al Hasan,DAS Gunaratne,0,1,1,,,,,,,,
1083446,2016/17,2017-03-25,Rangiri Dambulla International Stadium,1,29.6,Bangladesh,Sri Lanka,Tamim Iqbal,Shakib Al Hasan,DAS Gunaratne,0,0,,,,,,,,,
1083446,2016/17,2017-03-25,Rangiri Dambulla International Stadium,1,29.7,Bangladesh,Sri Lanka,Tamim Iqbal,Shakib Al Hasan,DAS Gunaratne,1,0,,,,,,,,,
1083446,2016/17,2017-03-25,Rangiri Dambulla International Stadium,1,30.1,Bangladesh,Sri Lanka,Tamim Iqbal,Shakib Al Hasan,MD Gunathilaka,0,0,,,,,,,,,
1083446,2016/17,2017-03-25,Rangiri Dambulla International Stadium,1,30.2,Bangladesh,Sri Lanka,Tamim Iqbal,Shakib Al Hasan,MD Gunathilaka,4,0,,,,,,,,,
1083446,2016/17,2017-03-25,Rangiri Dambulla International Stadium,1,30.3,Bangladesh,Sri Lanka,Tamim Iqbal,Shakib Al Hasan,MD Gunathilaka,1,0,,,,,,,,,
1083446,2016/17,2017-03-25,Rangiri Dambulla International Stadium,1,30.4,Bangladesh,Sri Lanka,Shakib Al Hasan,Tamim Iqbal,MD Gunathilaka,1,0,,,,,,,,,
1083446,2016/17,2017-03-25,Rangiri Dambulla International Stadium,1,30.5,Bangladesh,Sri Lanka,Tamim Iqbal,Shakib Al Hasan,MD Gunathilaka,4,0,,,,,,,,,
1083446,2016/17,2017-03-25,Rangiri Dambulla International Stadium,1,30.6,Bangladesh,Sri Lanka,Tamim Iqbal,Shakib Al Hasan,MD Gunathilaka,4,0,,,,,,,,,
1083446,2016/17,2017-03-25,Rangiri Dambulla International Stadium,1,31.1,Bangladesh,Sri Lanka,Shakib Al Hasan,Tamim Iqbal,DAS Gunaratne,2,0,,,,,,,,,
1083446,2016/17,2017-03-25,Rangiri Dambulla International Stadium,1,31.2,Bangladesh,Sri Lanka,Shakib Al Hasan,Tamim Iqbal,DAS Gunaratne,0,0,,,,,,,,,
1083446,2016/17,2017-03-25,Rangiri Dambulla International Stadium,1,31.3,Bangladesh,Sri Lanka,Shakib Al Hasan,Tamim Iqbal,DAS Gunaratne,0,0,,,,,,,,,
1083446,2016/17,2017-03-25,Rangiri Dambulla International Stadium,1,31.4,Bangladesh,Sri Lanka,Shakib Al Hasan,Tamim Iqbal,DAS Gunaratne,0,0,,,,,,,,,
1083446,2016/17,2017-03-25,Rangiri Dambulla International Stadium,1,31.5,Bangladesh,Sri Lanka,Shakib Al Hasan,Tamim Iqbal,DAS Gunaratne,1,0,,,,,,,,,
1083446,2016/17,2017-03-25,Rangiri Dambulla International Stadium,1,31.6,Bangladesh,Sri Lanka,Tamim Iqbal,Shakib Al Hasan,DAS Gunaratne,0,0,,,,,,,,,
1083446,2016/17,2017-03-25,Rangiri Dambulla International Stadium,1,32.1,Bangladesh,Sri Lanka,Shakib Al Hasan,Tamim Iqbal,PADLR Sandakan,0,1,1,,,,,,,,
1083446,2016/17,2017-03-25,Rangiri Dambulla International Stadium,1,32.2,Bangladesh,Sri Lanka,Shakib Al Hasan,Tamim Iqbal,PADLR Sandakan,1,0,,,,,,,,,
1083446,2016/17,2017-03-25,Rangiri Dambulla International Stadium,1,32.3,Bangladesh,Sri Lanka,Tamim Iqbal,Shakib Al Hasan,PADLR Sandakan,0,1,1,,,,,,,,
1083446,2016/17,2017-03-25,Rangiri Dambulla International Stadium,1,32.4,Bangladesh,Sri Lanka,Tamim Iqbal,Shakib Al Hasan,PADLR Sandakan,0,0,,,,,,,,,
1083446,2016/17,2017-03-25,Rangiri Dambulla International Stadium,1,32.5,Bangladesh,Sri Lanka,Tamim Iqbal,Shakib Al Hasan,PADLR Sandakan,1,0,,,,,,,,,
1083446,2016/17,2017-03-25,Rangiri Dambulla International Stadium,1,32.6,Bangladesh,Sri Lanka,Shakib Al Hasan,Tamim Iqbal,PADLR Sandakan,1,0,,,,,,,,,
1083446,2016/17,2017-03-25,Rangiri Dambulla International Stadium,1,32.7,Bangladesh,Sri Lanka,Tamim Iqbal,Shakib Al Hasan,PADLR Sandakan,4,0,,,,,,,,,
1083446,2016/17,2017-03-25,Rangiri Dambulla International Stadium,1,32.8,Bangladesh,Sri Lanka,Tamim Iqbal,Shakib Al Hasan,PADLR Sandakan,2,0,,,,,,,,,
1083446,2016/17,2017-03-25,Rangiri Dambulla International Stadium,1,33.1,Bangladesh,Sri Lanka,Shakib Al Hasan,Tamim Iqbal,RAS Lakmal,1,0,,,,,,,,,
1083446,2016/17,2017-03-25,Rangiri Dambulla International Stadium,1,33.2,Bangladesh,Sri Lanka,Tamim Iqbal,Shakib Al Hasan,RAS Lakmal,1,0,,,,,,,,,
1083446,2016/17,2017-03-25,Rangiri Dambulla International Stadium,1,33.3,Bangladesh,Sri Lanka,Shakib Al Hasan,Tamim Iqbal,RAS Lakmal,0,0,,,,,,,,,
1083446,2016/17,2017-03-25,Rangiri Dambulla International Stadium,1,33.4,Bangladesh,Sri Lanka,Shakib Al Hasan,Tamim Iqbal,RAS Lakmal,0,1,,,,1,,,,,
1083446,2016/17,2017-03-25,Rangiri Dambulla International Stadium,1,33.5,Bangladesh,Sri Lanka,Tamim Iqbal,Shakib Al Hasan,RAS Lakmal,0,0,,,,,,,,,
1083446,2016/17,2017-03-25,Rangiri Dambulla International Stadium,1,33.6,Bangladesh,Sri Lanka,Tamim Iqbal,Shakib Al Hasan,RAS Lakmal,4,0,,,,,,,,,
1083446,2016/17,2017-03-25,Rangiri Dambulla International Stadium,1,34.1,Bangladesh,Sri Lanka,Shakib Al Hasan,Tamim Iqbal,DAS Gunaratne,1,0,,,,,,,,,
1083446,2016/17,2017-03-25,Rangiri Dambulla International Stadium,1,34.2,Bangladesh,Sri Lanka,Tamim Iqbal,Shakib Al Hasan,DAS Gunaratne,0,0,,,,,,,,,
1083446,2016/17,2017-03-25,Rangiri Dambulla International Stadium,1,34.3,Bangladesh,Sri Lanka,Tamim Iqbal,Shakib Al Hasan,DAS Gunaratne,0,0,,,,,,,,,
1083446,2016/17,2017-03-25,Rangiri Dambulla International Stadium,1,34.4,Bangladesh,Sri Lanka,Tamim Iqbal,Shakib Al Hasan,DAS Gunaratne,0,1,,,,1,,,,,
1083446,2016/17,2017-03-25,Rangiri Dambulla International Stadium,1,34.5,Bangladesh,Sri Lanka,Shakib Al Hasan,Tamim Iqbal,DAS Gunaratne,0,0,,,,,,,,,
1083446,2016/17,2017-03-25,Rangiri Dambulla International Stadium,1,34.6,Bangladesh,Sri Lanka,Shakib Al Hasan,Tamim Iqbal,DAS Gunaratne,0,0,,,,,,,,,
1083446,2016/17,2017-03-25,Rangiri Dambulla International Stadium,1,35.1,Bangladesh,Sri Lanka,Tamim Iqbal,Shakib Al Hasan,RAS Lakmal,1,0,,,,,,,,,
1083446,2016/17,2017-03-25,Rangiri Dambulla International Stadium,1,35.2,Bangladesh,Sri Lanka,Shakib Al Hasan,Tamim Iqbal,RAS Lakmal,0,0,,,,,,,,,
1083446,2016/17,2017-03-25,Rangiri Dambulla International Stadium,1,35.3,Bangladesh,Sri Lanka,Shakib Al Hasan,Tamim Iqbal,RAS Lakmal,2,0,,,,,,,,,
1083446,2016/17,2017-03-25,Rangiri Dambulla International Stadium,1,35.4,Bangladesh,Sri Lanka,Shakib Al Hasan,Tamim Iqbal,RAS Lakmal,0,0,,,,,,,,,
1083446,2016/17,2017-03-25,Rangiri Dambulla International Stadium,1,35.5,Bangladesh,Sri Lanka,Shakib Al Hasan,Tamim Iqbal,RAS Lakmal,2,0,,,,,,,,,
1083446,2016/17,2017-03-25,Rangiri Dambulla International Stadium,1,35.6,Bangladesh,Sri Lanka,Shakib Al Hasan,Tamim Iqbal,RAS Lakmal,0,0,,,,,,,,,
1083446,2016/17,2017-03-25,Rangiri Dambulla International Stadium,1,36.1,Bangladesh,Sri Lanka,Tamim Iqbal,Shakib Al Hasan,DAS Gunaratne,1,0,,,,,,,,,
1083446,2016/17,2017-03-25,Rangiri Dambulla International Stadium,1,36.2,Bangladesh,Sri Lanka,Shakib Al Hasan,Tamim Iqbal,DAS Gunaratne,0,0,,,,,,,,,
1083446,2016/17,2017-03-25,Rangiri Dambulla International Stadium,1,36.3,Bangladesh,Sri Lanka,Shakib Al Hasan,Tamim Iqbal,DAS Gunaratne,4,0,,,,,,,,,
1083446,2016/17,2017-03-25,Rangiri Dambulla International Stadium,1,36.4,Bangladesh,Sri Lanka,Shakib Al Hasan,Tamim Iqbal,DAS Gunaratne,2,0,,,,,,,,,
1083446,2016/17,2017-03-25,Rangiri Dambulla International Stadium,1,36.5,Bangladesh,Sri Lanka,Shakib Al Hasan,Tamim Iqbal,DAS Gunaratne,1,0,,,,,,,,,
1083446,2016/17,2017-03-25,Rangiri Dambulla International Stadium,1,36.6,Bangladesh,Sri Lanka,Tamim Iqbal,Shakib Al Hasan,DAS Gunaratne,0,0,,,,,,,,,
1083446,2016/17,2017-03-25,Rangiri Dambulla International Stadium,1,37.1,Bangladesh,Sri Lanka,Shakib Al Hasan,Tamim Iqbal,NLTC Perera,0,0,,,,,,,,,
1083446,2016/17,2017-03-25,Rangiri Dambulla International Stadium,1,37.2,Bangladesh,Sri Lanka,Shakib Al Hasan,Tamim Iqbal,NLTC Perera,0,0,,,,,,,,,
1083446,2016/17,2017-03-25,Rangiri Dambulla International Stadium,1,37.3,Bangladesh,Sri Lanka,Shakib Al Hasan,Tamim Iqbal,NLTC Perera,2,0,,,,,,,,,
1083446,2016/17,2017-03-25,Rangiri Dambulla International Stadium,1,37.4,Bangladesh,Sri Lanka,Shakib Al Hasan,Tamim Iqbal,NLTC Perera,0,0,,,,,,,,,
1083446,2016/17,2017-03-25,Rangiri Dambulla International Stadium,1,37.5,Bangladesh,Sri Lanka,Shakib Al Hasan,Tamim Iqbal,NLTC Perera,0,1,,,,1,,,,,
1083446,2016/17,2017-03-25,Rangiri Dambulla International Stadium,1,37.6,Bangladesh,Sri Lanka,Tamim Iqbal,Shakib Al Hasan,NLTC Perera,1,0,,,,,,,,,
1083446,2016/17,2017-03-25,Rangiri Dambulla International Stadium,1,38.1,Bangladesh,Sri Lanka,Tamim Iqbal,Shakib Al Hasan,DAS Gunaratne,0,0,,,,,,,,,
1083446,2016/17,2017-03-25,Rangiri Dambulla International Stadium,1,38.2,Bangladesh,Sri Lanka,Tamim Iqbal,Shakib Al Hasan,DAS Gunaratne,0,0,,,,,,,,,
1083446,2016/17,2017-03-25,Rangiri Dambulla International Stadium,1,38.3,Bangladesh,Sri Lanka,Tamim Iqbal,Shakib Al Hasan,DAS Gunaratne,0,0,,,,,,,,,
1083446,2016/17,2017-03-25,Rangiri Dambulla International Stadium,1,38.4,Bangladesh,Sri Lanka,Tamim Iqbal,Shakib Al Hasan,DAS Gunaratne,1,0,,,,,,,,,
1083446,2016/17,2017-03-25,Rangiri Dambulla International Stadium,1,38.5,Bangladesh,Sri Lanka,Shakib Al Hasan,Tamim Iqbal,DAS Gunaratne,1,0,,,,,,,,,
1083446,2016/17,2017-03-25,Rangiri Dambulla International Stadium,1,38.6,Bangladesh,Sri Lanka,Tamim Iqbal,Shakib Al Hasan,DAS Gunaratne,0,0,,,,,,,,,
1083446,2016/17,2017-03-25,Rangiri Dambulla International Stadium,1,39.1,Bangladesh,Sri Lanka,Shakib Al Hasan,Tamim Iqbal,NLTC Perera,1,0,,,,,,,,,
1083446,2016/17,2017-03-25,Rangiri Dambulla International Stadium,1,39.2,Bangladesh,Sri Lanka,Tamim Iqbal,Shakib Al Hasan,NLTC Perera,0,0,,,,,,,,,
1083446,2016/17,2017-03-25,Rangiri Dambulla International Stadium,1,39.3,Bangladesh,Sri Lanka,Tamim Iqbal,Shakib Al Hasan,NLTC Perera,2,0,,,,,,,,,
1083446,2016/17,2017-03-25,Rangiri Dambulla International Stadium,1,39.4,Bangladesh,Sri Lanka,Tamim Iqbal,Shakib Al Hasan,NLTC Perera,0,0,,,,,,,,,
1083446,2016/17,2017-03-25,Rangiri Dambulla International Stadium,1,39.5,Bangladesh,Sri Lanka,Tamim Iqbal,Shakib Al Hasan,NLTC Perera,1,0,,,,,,,,,
1083446,2016/17,2017-03-25,Rangiri Dambulla International Stadium,1,39.6,Bangladesh,Sri Lanka,Shakib Al Hasan,Tamim Iqbal,NLTC Perera,1,0,,,,,,,,,
1083446,2016/17,2017-03-25,Rangiri Dambulla International Stadium,1,40.1,Bangladesh,Sri Lanka,Shakib Al Hasan,Tamim Iqbal,DAS Gunaratne,1,0,,,,,,,,,
1083446,2016/17,2017-03-25,Rangiri Dambulla International Stadium,1,40.2,Bangladesh,Sri Lanka,Tamim Iqbal,Shakib Al Hasan,DAS Gunaratne,1,0,,,,,,,,,
1083446,2016/17,2017-03-25,Rangiri Dambulla International Stadium,1,40.3,Bangladesh,Sri Lanka,Shakib Al Hasan,Tamim Iqbal,DAS Gunaratne,0,0,,,,,,,,,
1083446,2016/17,2017-03-25,Rangiri Dambulla International Stadium,1,40.4,Bangladesh,Sri Lanka,Shakib Al Hasan,Tamim Iqbal,DAS Gunaratne,0,0,,,,,,,,,
1083446,2016/17,2017-03-25,Rangiri Dambulla International Stadium,1,40.5,Bangladesh,Sri Lanka,Shakib Al Hasan,Tamim Iqbal,DAS Gunaratne,2,0,,,,,,,,,
1083446,2016/17,2017-03-25,Rangiri Dambulla International Stadium,1,40.6,Bangladesh,Sri Lanka,Shakib Al Hasan,Tamim Iqbal,DAS Gunaratne,2,0,,,,,,,,,
1083446,2016/17,2017-03-25,Rangiri Dambulla International Stadium,1,41.1,Bangladesh,Sri Lanka,Tamim Iqbal,Shakib Al Hasan,PADLR Sandakan,0,0,,,,,,,,,
1083446,2016/17,2017-03-25,Rangiri Dambulla International Stadium,1,41.2,Bangladesh,Sri Lanka,Tamim Iqbal,Shakib Al Hasan,PADLR Sandakan,4,0,,,,,,,,,
1083446,2016/17,2017-03-25,Rangiri Dambulla International Stadium,1,41.3,Bangladesh,Sri Lanka,Tamim Iqbal,Shakib Al Hasan,PADLR Sandakan,1,0,,,,,,,,,
1083446,2016/17,2017-03-25,Rangiri Dambulla International Stadium,1,41.4,Bangladesh,Sri Lanka,Shakib Al Hasan,Tamim Iqbal,PADLR Sandakan,0,0,,,,,,,,,
1083446,2016/17,2017-03-25,Rangiri Dambulla International Stadium,1,41.5,Bangladesh,Sri Lanka,Shakib Al Hasan,Tamim Iqbal,PADLR Sandakan,2,0,,,,,,,,,
1083446,2016/17,2017-03-25,Rangiri Dambulla International Stadium,1,41.6,Bangladesh,Sri Lanka,Shakib Al Hasan,Tamim Iqbal,PADLR Sandakan,1,0,,,,,,,,,
1083446,2016/17,2017-03-25,Rangiri Dambulla International Stadium,1,42.1,Bangladesh,Sri Lanka,Shakib Al Hasan,Tamim Iqbal,CBRLS Kumara,1,0,,,,,,,,,
1083446,2016/17,2017-03-25,Rangiri Dambulla International Stadium,1,42.2,Bangladesh,Sri Lanka,Tamim Iqbal,Shakib Al Hasan,CBRLS Kumara,1,0,,,,,,,,,
1083446,2016/17,2017-03-25,Rangiri Dambulla International Stadium,1,42.3,Bangladesh,Sri Lanka,Shakib Al Hasan,Tamim Iqbal,CBRLS Kumara,1,0,,,,,,,,,
1083446,2016/17,2017-03-25,Rangiri Dambulla International Stadium,1,42.4,Bangladesh,Sri Lanka,Tamim Iqbal,Shakib Al Hasan,CBRLS Kumara,1,0,,,,,,,,,
1083446,2016/17,2017-03-25,Rangiri Dambulla International Stadium,1,42.5,Bangladesh,Sri Lanka,Shakib Al Hasan,Tamim Iqbal,CBRLS Kumara,0,0,,,,,,,,,
1083446,2016/17,2017-03-25,Rangiri Dambulla International Stadium,1,42.6,Bangladesh,Sri Lanka,Shakib Al Hasan,Tamim Iqbal,CBRLS Kumara,1,0,,,,,,,,,
1083446,2016/17,2017-03-25,Rangiri Dambulla International Stadium,1,43.1,Bangladesh,Sri Lanka,Shakib Al Hasan,Tamim Iqbal,NLTC Perera,0,0,,,,,,,,,
1083446,2016/17,2017-03-25,Rangiri Dambulla International Stadium,1,43.2,Bangladesh,Sri Lanka,Shakib Al Hasan,Tamim Iqbal,NLTC Perera,1,0,,,,,,,,,
1083446,2016/17,2017-03-25,Rangiri Dambulla International Stadium,1,43.3,Bangladesh,Sri Lanka,Tamim Iqbal,Shakib Al Hasan,NLTC Perera,4,0,,,,,,,,,
1083446,2016/17,2017-03-25,Rangiri Dambulla International Stadium,1,43.4,Bangladesh,Sri Lanka,Tamim Iqbal,Shakib Al Hasan,NLTC Perera,0,0,,,,,,,,,
1083446,2016/17,2017-03-25,Rangiri Dambulla International Stadium,1,43.5,Bangladesh,Sri Lanka,Tamim Iqbal,Shakib Al Hasan,NLTC Perera,1,0,,,,,,,,,
1083446,2016/17,2017-03-25,Rangiri Dambulla International Stadium,1,43.6,Bangladesh,Sri Lanka,Shakib Al Hasan,Tamim Iqbal,NLTC Perera,1,0,,,,,,,,,
1083446,2016/17,2017-03-25,Rangiri Dambulla International Stadium,1,44.1,Bangladesh,Sri Lanka,Shakib Al Hasan,Tamim Iqbal,CBRLS Kumara,1,0,,,,,,,,,
1083446,2016/17,2017-03-25,Rangiri Dambulla International Stadium,1,44.2,Bangladesh,Sri Lanka,Tamim Iqbal,Shakib Al Hasan,CBRLS Kumara,1,0,,,,,,,,,
1083446,2016/17,2017-03-25,Rangiri Dambulla International Stadium,1,44.3,Bangladesh,Sri Lanka,Shakib Al Hasan,Tamim Iqbal,CBRLS Kumara,4,0,,,,,,,,,
1083446,2016/17,2017-03-25,Rangiri Dambulla International Stadium,1,44.4,Bangladesh,Sri Lanka,Shakib Al Hasan,Tamim Iqbal,CBRLS Kumara,4,0,,,,,,,,,
1083446,2016/17,2017-03-25,Rangiri Dambulla International Stadium,1,44.5,Bangladesh,Sri Lanka,Shakib Al Hasan,Tamim Iqbal,CBRLS Kumara,4,0,,,,,,,,,
1083446,2016/17,2017-03-25,Rangiri Dambulla International Stadium,1,44.6,Bangladesh,Sri Lanka,Shakib Al Hasan,Tamim Iqbal,CBRLS Kumara,1,0,,,,,,,,,
1083446,2016/17,2017-03-25,Rangiri Dambulla International Stadium,1,45.1,Bangladesh,Sri Lanka,Shakib Al Hasan,Tamim Iqbal,RAS Lakmal,0,0,,,,,,,,,
1083446,2016/17,2017-03-25,Rangiri Dambulla International Stadium,1,45.2,Bangladesh,Sri Lanka,Shakib Al Hasan,Tamim Iqbal,RAS Lakmal,1,0,,,,,,,,,
1083446,2016/17,2017-03-25,Rangiri Dambulla International Stadium,1,45.3,Bangladesh,Sri Lanka,Tamim Iqbal,Shakib Al Hasan,RAS Lakmal,1,0,,,,,,,,,
1083446,2016/17,2017-03-25,Rangiri Dambulla International Stadium,1,45.4,Bangladesh,Sri Lanka,Shakib Al Hasan,Tamim Iqbal,RAS Lakmal,6,0,,,,,,,,,
1083446,2016/17,2017-03-25,Rangiri Dambulla International Stadium,1,45.5,Bangladesh,Sri Lanka,Shakib Al Hasan,Tamim Iqbal,RAS Lakmal,0,0,,,,,,caught,Shakib Al Hasan,,
1083446,2016/17,2017-03-25,Rangiri Dambulla International Stadium,1,45.6,Bangladesh,Sri Lanka,Mosaddek Hossain,Tamim Iqbal,RAS Lakmal,4,0,,,,,,,,,
1083446,2016/17,2017-03-25,Rangiri Dambulla International Stadium,1,46.1,Bangladesh,Sri Lanka,Tamim Iqbal,Mosaddek Hossain,NLTC Perera,4,0,,,,,,,,,
1083446,2016/17,2017-03-25,Rangiri Dambulla International Stadium,1,46.2,Bangladesh,Sri Lanka,Tamim Iqbal,Mosaddek Hossain,NLTC Perera,0,0,,,,,,,,,
1083446,2016/17,2017-03-25,Rangiri Dambulla International Stadium,1,46.3,Bangladesh,Sri Lanka,Tamim Iqbal,Mosaddek Hossain,NLTC Perera,2,0,,,,,,,,,
1083446,2016/17,2017-03-25,Rangiri Dambulla International Stadium,1,46.4,Bangladesh,Sri Lanka,Tamim Iqbal,Mosaddek Hossain,NLTC Perera,1,0,,,,,,,,,
1083446,2016/17,2017-03-25,Rangiri Dambulla International Stadium,1,46.5,Bangladesh,Sri Lanka,Mosaddek Hossain,Tamim Iqbal,NLTC Perera,1,0,,,,,,,,,
1083446,2016/17,2017-03-25,Rangiri Dambulla International Stadium,1,46.6,Bangladesh,Sri Lanka,Tamim Iqbal,Mosaddek Hossain,NLTC Perera,1,0,,,,,,,,,
1083446,2016/17,2017-03-25,Rangiri Dambulla International Stadium,1,47.1,Bangladesh,Sri Lanka,Tamim Iqbal,Mosaddek Hossain,CBRLS Kumara,4,0,,,,,,,,,
1083446,2016/17,2017-03-25,Rangiri Dambulla International Stadium,1,47.2,Bangladesh,Sri Lanka,Tamim Iqbal,Mosaddek Hossain,CBRLS Kumara,1,0,,,,,,,,,
1083446,2016/17,2017-03-25,Rangiri Dambulla International Stadium,1,47.3,Bangladesh,Sri Lanka,Mosaddek Hossain,Tamim Iqbal,CBRLS Kumara,1,0,,,,,,,,,
1083446,2016/17,2017-03-25,Rangiri Dambulla International Stadium,1,47.4,Bangladesh,Sri Lanka,Tamim Iqbal,Mosaddek Hossain,CBRLS Kumara,6,0,,,,,,,,,
1083446,2016/17,2017-03-25,Rangiri Dambulla International Stadium,1,47.5,Bangladesh,Sri Lanka,Tamim Iqbal,Mosaddek Hossain,CBRLS Kumara,0,0,,,,,,caught,Tamim Iqbal,,
1083446,2016/17,2017-03-25,Rangiri Dambulla International Stadium,1,47.6,Bangladesh,Sri Lanka,Mahmudullah,Mosaddek Hossain,CBRLS Kumara,0,1,1,,,,,,,,
1083446,2016/17,2017-03-25,Rangiri Dambulla International Stadium,1,47.7,Bangladesh,Sri Lanka,Mahmudullah,Mosaddek Hossain,CBRLS Kumara,1,0,,,,,,,,,
1083446,2016/17,2017-03-25,Rangiri Dambulla International Stadium,1,48.1,Bangladesh,Sri Lanka,Mahmudullah,Mosaddek Hossain,NLTC Perera,0,1,,,,1,,,,,
1083446,2016/17,2017-03-25,Rangiri Dambulla International Stadium,1,48.2,Bangladesh,Sri Lanka,Mosaddek Hossain,Mahmudullah,NLTC Perera,4,0,,,,,,,,,
1083446,2016/17,2017-03-25,Rangiri Dambulla International Stadium,1,48.3,Bangladesh,Sri Lanka,Mosaddek Hossain,Mahmudullah,NLTC Perera,1,0,,,,,,,,,
1083446,2016/17,2017-03-25,Rangiri Dambulla International Stadium,1,48.4,Bangladesh,Sri Lanka,Mahmudullah,Mosaddek Hossain,NLTC Perera,6,0,,,,,,,,,
1083446,2016/17,2017-03-25,Rangiri Dambulla International Stadium,1,48.5,Bangladesh,Sri Lanka,Mahmudullah,Mosaddek Hossain,NLTC Perera,1,0,,,,,,,,,
1083446,2016/17,2017-03-25,Rangiri Dambulla International Stadium,1,48.6,Bangladesh,Sri Lanka,Mosaddek Hossain,Mahmudullah,NLTC Perera,4,0,,,,,,,,,
1083446,2016/17,2017-03-25,Rangiri Dambulla International Stadium,1,49.1,Bangladesh,Sri Lanka,Mahmudullah,Mosaddek Hossain,CBRLS Kumara,2,0,,,,,,,,,
1083446,2016/17,2017-03-25,Rangiri Dambulla International Stadium,1,49.2,Bangladesh,Sri Lanka,Mahmudullah,Mosaddek Hossain,CBRLS Kumara,0,1,1,,,,,,,,
1083446,2016/17,2017-03-25,Rangiri Dambulla International Stadium,1,49.3,Bangladesh,Sri Lanka,Mahmudullah,Mosaddek Hossain,CBRLS Kumara,0,1,1,,,,,,,,
1083446,2016/17,2017-03-25,Rangiri Dambulla International Stadium,1,49.4,Bangladesh,Sri Lanka,Mahmudullah,Mosaddek Hossain,CBRLS Kumara,1,0,,,,,,,,,
1083446,2016/17,2017-03-25,Rangiri Dambulla International Stadium,1,49.5,Bangladesh,Sri Lanka,Mosaddek Hossain,Mahmudullah,CBRLS Kumara,2,0,,,,,,,,,
1083446,2016/17,2017-03-25,Rangiri Dambulla International Stadium,1,49.6,Bangladesh,Sri Lanka,Mosaddek Hossain,Mahmudullah,CBRLS Kumara,6,0,,,,,,,,,
1083446,2016/17,2017-03-25,Rangiri Dambulla International Stadium,1,49.7,Bangladesh,Sri Lanka,Mosaddek Hossain,Mahmudullah,CBRLS Kumara,1,0,,,,,,,,,
1083446,2016/17,2017-03-25,Rangiri Dambulla International Stadium,1,49.8,Bangladesh,Sri Lanka,Mahmudullah,Mosaddek Hossain,CBRLS Kumara,2,0,,,,,,,,,
1083446,2016/17,2017-03-25,Rangiri Dambulla International Stadium,2,0.1,Sri Lanka,Bangladesh,MD Gunathilaka,WU Tharanga,Mashrafe Mortaza,0,0,,,,,,,,,
1083446,2016/17,2017-03-25,Rangiri Dambulla International Stadium,2,0.2,Sri Lanka,Bangladesh,MD Gunathilaka,WU Tharanga,Mashrafe Mortaza,0,0,,,,,,,,,
1083446,2016/17,2017-03-25,Rangiri Dambulla International Stadium,2,0.3,Sri Lanka,Bangladesh,MD Gunathilaka,WU Tharanga,Mashrafe Mortaza,0,0,,,,,,lbw,MD Gunathilaka,,
1083446,2016/17,2017-03-25,Rangiri Dambulla International Stadium,2,0.4,Sri Lanka,Bangladesh,BKG Mendis,WU Tharanga,Mashrafe Mortaza,0,0,,,,,,,,,
1083446,2016/17,2017-03-25,Rangiri Dambulla International Stadium,2,0.5,Sri Lanka,Bangladesh,BKG Mendis,WU Tharanga,Mashrafe Mortaza,0,0,,,,,,,,,
1083446,2016/17,2017-03-25,Rangiri Dambulla International Stadium,2,0.6,Sri Lanka,Bangladesh,BKG Mendis,WU Tharanga,Mashrafe Mortaza,0,0,,,,,,,,,
1083446,2016/17,2017-03-25,Rangiri Dambulla International Stadium,2,1.1,Sri Lanka,Bangladesh,WU Tharanga,BKG Mendis,Mehedi Hasan Miraz,0,0,,,,,,,,,
1083446,2016/17,2017-03-25,Rangiri Dambulla International Stadium,2,1.2,Sri Lanka,Bangladesh,WU Tharanga,BKG Mendis,Mehedi Hasan Miraz,4,0,,,,,,,,,
1083446,2016/17,2017-03-25,Rangiri Dambulla International Stadium,2,1.3,Sri Lanka,Bangladesh,WU Tharanga,BKG Mendis,Mehedi Hasan Miraz,1,0,,,,,,,,,
1083446,2016/17,2017-03-25,Rangiri Dambulla International Stadium,2,1.4,Sri Lanka,Bangladesh,BKG Mendis,WU Tharanga,Mehedi Hasan Miraz,0,0,,,,,,,,,
1083446,2016/17,2017-03-25,Rangiri Dambulla International Stadium,2,1.5,Sri Lanka,Bangladesh,BKG Mendis,WU Tharanga,Mehedi Hasan Miraz,1,0,,,,,,,,,
1083446,2016/17,2017-03-25,Rangiri Dambulla International Stadium,2,1.6,Sri Lanka,Bangladesh,WU Tharanga,BKG Mendis,Mehedi Hasan Miraz,0,0,,,,,,,,,
1083446,2016/17,2017-03-25,Rangiri Dambulla International Stadium,2,2.1,Sri Lanka,Bangladesh,BKG Mendis,WU Tharanga,Mashrafe Mortaza,0,0,,,,,,,,,
1083446,2016/17,2017-03-25,Rangiri Dambulla International Stadium,2,2.2,Sri Lanka,Bangladesh,BKG Mendis,WU Tharanga,Mashrafe Mortaza,0,0,,,,,,,,,
1083446,2016/17,2017-03-25,Rangiri Dambulla International Stadium,2,2.3,Sri Lanka,Bangladesh,BKG Mendis,WU Tharanga,Mashrafe Mortaza,0,0,,,,,,,,,
1083446,2016/17,2017-03-25,Rangiri Dambulla International Stadium,2,2.4,Sri Lanka,Bangladesh,BKG Mendis,WU Tharanga,Mashrafe Mortaza,0,0,,,,,,,,,
1083446,2016/17,2017-03-25,Rangiri Dambulla International Stadium,2,2.5,Sri Lanka,Bangladesh,BKG Mendis,WU Tharanga,Mashrafe Mortaza,0,0,,,,,,,,,
1083446,2016/17,2017-03-25,Rangiri Dambulla International Stadium,2,2.6,Sri Lanka,Bangladesh,BKG Mendis,WU Tharanga,Mashrafe Mortaza,0,0,,,,,,,,,
1083446,2016/17,2017-03-25,Rangiri Dambulla International Stadium,2,3.1,Sri Lanka,Bangladesh,WU Tharanga,BKG Mendis,Mehedi Hasan Miraz,0,0,,,,,,,,,
1083446,2016/17,2017-03-25,Rangiri Dambulla International Stadium,2,3.2,Sri Lanka,Bangladesh,WU Tharanga,BKG Mendis,Mehedi Hasan Miraz,1,0,,,,,,,,,
1083446,2016/17,2017-03-25,Rangiri Dambulla International Stadium,2,3.3,Sri Lanka,Bangladesh,BKG Mendis,WU Tharanga,Mehedi Hasan Miraz,1,0,,,,,,,,,
1083446,2016/17,2017-03-25,Rangiri Dambulla International Stadium,2,3.4,Sri Lanka,Bangladesh,WU Tharanga,BKG Mendis,Mehedi Hasan Miraz,0,0,,,,,,,,,
1083446,2016/17,2017-03-25,Rangiri Dambulla International Stadium,2,3.5,Sri Lanka,Bangladesh,WU Tharanga,BKG Mendis,Mehedi Hasan Miraz,0,0,,,,,,,,,
1083446,2016/17,2017-03-25,Rangiri Dambulla International Stadium,2,3.6,Sri Lanka,Bangladesh,WU Tharanga,BKG Mendis,Mehedi Hasan Miraz,0,0,,,,,,,,,
1083446,2016/17,2017-03-25,Rangiri Dambulla International Stadium,2,4.1,Sri Lanka,Bangladesh,BKG Mendis,WU Tharanga,Mashrafe Mortaza,0,0,,,,,,,,,
1083446,2016/17,2017-03-25,Rangiri Dambulla International Stadium,2,4.2,Sri Lanka,Bangladesh,BKG Mendis,WU Tharanga,Mashrafe Mortaza,1,0,,,,,,,,,
1083446,2016/17,2017-03-25,Rangiri Dambulla International Stadium,2,4.3,Sri Lanka,Bangladesh,WU Tharanga,BKG Mendis,Mashrafe Mortaza,0,0,,,,,,,,,
1083446,2016/17,2017-03-25,Rangiri Dambulla International Stadium,2,4.4,Sri Lanka,Bangladesh,WU Tharanga,BKG Mendis,Mashrafe Mortaza,4,0,,,,,,,,,
1083446,2016/17,2017-03-25,Rangiri Dambulla International Stadium,2,4.5,Sri Lanka,Bangladesh,WU Tharanga,BKG Mendis,Mashrafe Mortaza,0,0,,,,,,,,,
1083446,2016/17,2017-03-25,Rangiri Dambulla International Stadium,2,4.6,Sri Lanka,Bangladesh,WU Tharanga,BKG Mendis,Mashrafe Mortaza,0,0,,,,,,,,,
1083446,2016/17,2017-03-25,Rangiri Dambulla International Stadium,2,5.1,Sri Lanka,Bangladesh,BKG Mendis,WU Tharanga,Mehedi Hasan Miraz,0,0,,,,,,,,,
1083446,2016/17,2017-03-25,Rangiri Dambulla International Stadium,2,5.2,Sri Lanka,Bangladesh,BKG Mendis,WU Tharanga,Mehedi Hasan Miraz,1,0,,,,,,,,,
1083446,2016/17,2017-03-25,Rangiri Dambulla International Stadium,2,5.3,Sri Lanka,Bangladesh,WU Tharanga,BKG Mendis,Mehedi Hasan Miraz,0,0,,,,,,,,,
1083446,2016/17,2017-03-25,Rangiri Dambulla International Stadium,2,5.4,Sri Lanka,Bangladesh,WU Tharanga,BKG Mendis,Mehedi Hasan Miraz,0,0,,,,,,,,,
1083446,2016/17,2017-03-25,Rangiri Dambulla International Stadium,2,5.5,Sri Lanka,Bangladesh,WU Tharanga,BKG Mendis,Mehedi Hasan Miraz,1,0,,,,,,,,,
1083446,2016/17,2017-03-25,Rangiri Dambulla International Stadium,2,5.6,Sri Lanka,Bangladesh,BKG Mendis,WU Tharanga,Mehedi Hasan Miraz,0,0,,,,,,caught,BKG Mendis,,
1083446,2016/17,2017-03-25,Rangiri Dambulla International Stadium,2,6.1,Sri Lanka,Bangladesh,WU Tharanga,LD Chandimal,Mashrafe Mortaza,1,0,,,,,,,,,
1083446,2016/17,2017-03-25,Rangiri Dambulla International Stadium,2,6.2,Sri Lanka,Bangladesh,LD Chandimal,WU Tharanga,Mashrafe Mortaza,0,0,,,,,,,,,
1083446,2016/17,2017-03-25,Rangiri Dambulla International Stadium,2,6.3,Sri Lanka,Bangladesh,LD Chandimal,WU Tharanga,Mashrafe Mortaza,0,0,,,,,,,,,
1083446,2016/17,2017-03-25,Rangiri Dambulla International Stadium,2,6.4,Sri Lanka,Bangladesh,LD Chandimal,WU Tharanga,Mashrafe Mortaza,0,0,,,,,,,,,
1083446,2016/17,2017-03-25,Rangiri Dambulla International Stadium,2,6.5,Sri Lanka,Bangladesh,LD Chandimal,WU Tharanga,Mashrafe Mortaza,0,0,,,,,,,,,
1083446,2016/17,2017-03-25,Rangiri Dambulla International Stadium,2,6.6,Sri Lanka,Bangladesh,LD Chandimal,WU Tharanga,Mashrafe Mortaza,0,0,,,,,,,,,
1083446,2016/17,2017-03-25,Rangiri Dambulla International Stadium,2,7.1,Sri Lanka,Bangladesh,WU Tharanga,LD Chandimal,Mehedi Hasan Miraz,0,0,,,,,,,,,
1083446,2016/17,2017-03-25,Rangiri Dambulla International Stadium,2,7.2,Sri Lanka,Bangladesh,WU Tharanga,LD Chandimal,Mehedi Hasan Miraz,1,0,,,,,,,,,
1083446,2016/17,2017-03-25,Rangiri Dambulla International Stadium,2,7.3,Sri Lanka,Bangladesh,LD Chandimal,WU Tharanga,Mehedi Hasan Miraz,0,1,,,,1,,,,,
1083446,2016/17,2017-03-25,Rangiri Dambulla International Stadium,2,7.4,Sri Lanka,Bangladesh,WU Tharanga,LD Chandimal,Mehedi Hasan Miraz,1,0,,,,,,,,,
1083446,2016/17,2017-03-25,Rangiri Dambulla International Stadium,2,7.5,Sri Lanka,Bangladesh,LD Chandimal,WU Tharanga,Mehedi Hasan Miraz,2,0,,,,,,,,,
1083446,2016/17,2017-03-25,Rangiri Dambulla International Stadium,2,7.6,Sri Lanka,Bangladesh,LD Chandimal,WU Tharanga,Mehedi Hasan Miraz,0,0,,,,,,,,,
1083446,2016/17,2017-03-25,Rangiri Dambulla International Stadium,2,8.1,Sri Lanka,Bangladesh,WU Tharanga,LD Chandimal,Mashrafe Mortaza,1,0,,,,,,,,,
1083446,2016/17,2017-03-25,Rangiri Dambulla International Stadium,2,8.2,Sri Lanka,Bangladesh,LD Chandimal,WU Tharanga,Mashrafe Mortaza,0,0,,,,,,,,,
1083446,2016/17,2017-03-25,Rangiri Dambulla International Stadium,2,8.3,Sri Lanka,Bangladesh,LD Chandimal,WU Tharanga,Mashrafe Mortaza,1,0,,,,,,,,,
1083446,2016/17,2017-03-25,Rangiri Dambulla International Stadium,2,8.4,Sri Lanka,Bangladesh,WU Tharanga,LD Chandimal,Mashrafe Mortaza,0,0,,,,,,,,,
1083446,2016/17,2017-03-25,Rangiri Dambulla International Stadium,2,8.5,Sri Lanka,Bangladesh,WU Tharanga,LD Chandimal,Mashrafe Mortaza,0,0,,,,,,,,,
1083446,2016/17,2017-03-25,Rangiri Dambulla International Stadium,2,8.6,Sri Lanka,Bangladesh,WU Tharanga,LD Chandimal,Mashrafe Mortaza,4,0,,,,,,,,,
1083446,2016/17,2017-03-25,Rangiri Dambulla International Stadium,2,9.1,Sri Lanka,Bangladesh,LD Chandimal,WU Tharanga,Mehedi Hasan Miraz,2,0,,,,,,,,,
1083446,2016/17,2017-03-25,Rangiri Dambulla International Stadium,2,9.2,Sri Lanka,Bangladesh,LD Chandimal,WU Tharanga,Mehedi Hasan Miraz,0,0,,,,,,,,,
1083446,2016/17,2017-03-25,Rangiri Dambulla International Stadium,2,9.3,Sri Lanka,Bangladesh,LD Chandimal,WU Tharanga,Mehedi Hasan Miraz,1,0,,,,,,,,,
1083446,2016/17,2017-03-25,Rangiri Dambulla International Stadium,2,9.4,Sri Lanka,Bangladesh,WU Tharanga,LD Chandimal,Mehedi Hasan Miraz,0,0,,,,,,,,,
1083446,2016/17,2017-03-25,Rangiri Dambulla International Stadium,2,9.5,Sri Lanka,Bangladesh,WU Tharanga,LD Chandimal,Mehedi Hasan Miraz,0,0,,,,,,,,,
1083446,2016/17,2017-03-25,Rangiri Dambulla International Stadium,2,9.6,Sri Lanka,Bangladesh,WU Tharanga,LD Chandimal,Mehedi Hasan Miraz,0,0,,,,,,,,,
1083446,2016/17,2017-03-25,Rangiri Dambulla International Stadium,2,10.1,Sri Lanka,Bangladesh,LD Chandimal,WU Tharanga,Taskin Ahmed,0,0,,,,,,,,,
1083446,2016/17,2017-03-25,Rangiri Dambulla International Stadium,2,10.2,Sri Lanka,Bangladesh,LD Chandimal,WU Tharanga,Taskin Ahmed,0,0,,,,,,,,,
1083446,2016/17,2017-03-25,Rangiri Dambulla International Stadium,2,10.3,Sri Lanka,Bangladesh,LD Chandimal,WU Tharanga,Taskin Ahmed,0,0,,,,,,,,,
1083446,2016/17,2017-03-25,Rangiri Dambulla International Stadium,2,10.4,Sri Lanka,Bangladesh,LD Chandimal,WU Tharanga,Taskin Ahmed,1,0,,,,,,,,,
1083446,2016/17,2017-03-25,Rangiri Dambulla International Stadium,2,10.5,Sri Lanka,Bangladesh,WU Tharanga,LD Chandimal,Taskin Ahmed,0,0,,,,,,,,,
1083446,2016/17,2017-03-25,Rangiri Dambulla International Stadium,2,10.6,Sri Lanka,Bangladesh,WU Tharanga,LD Chandimal,Taskin Ahmed,0,0,,,,,,caught,WU Tharanga,,
1083446,2016/17,2017-03-25,Rangiri Dambulla International Stadium,2,11.1,Sri Lanka,Bangladesh,LD Chandimal,DAS Gunaratne,Shakib Al Hasan,0,0,,,,,,,,,
1083446,2016/17,2017-03-25,Rangiri Dambulla International Stadium,2,11.2,Sri Lanka,Bangladesh,LD Chandimal,DAS Gunaratne,Shakib Al Hasan,0,0,,,,,,,,,
1083446,2016/17,2017-03-25,Rangiri Dambulla International Stadium,2,11.3,Sri Lanka,Bangladesh,LD Chandimal,DAS Gunaratne,Shakib Al Hasan,0,0,,,,,,,,,
1083446,2016/17,2017-03-25,Rangiri Dambulla International Stadium,2,11.4,Sri Lanka,Bangladesh,LD Chandimal,DAS Gunaratne,Shakib Al Hasan,1,0,,,,,,,,,
1083446,2016/17,2017-03-25,Rangiri Dambulla International Stadium,2,11.5,Sri Lanka,Bangladesh,DAS Gunaratne,LD Chandimal,Shakib Al Hasan,0,0,,,,,,,,,
1083446,2016/17,2017-03-25,Rangiri Dambulla International Stadium,2,11.6,Sri Lanka,Bangladesh,DAS Gunaratne,LD Chandimal,Shakib Al Hasan,1,0,,,,,,,,,
1083446,2016/17,2017-03-25,Rangiri Dambulla International Stadium,2,12.1,Sri Lanka,Bangladesh,DAS Gunaratne,LD Chandimal,Taskin Ahmed,0,0,,,,,,,,,
1083446,2016/17,2017-03-25,Rangiri Dambulla International Stadium,2,12.2,Sri Lanka,Bangladesh,DAS Gunaratne,LD Chandimal,Taskin Ahmed,0,0,,,,,,,,,
1083446,2016/17,2017-03-25,Rangiri Dambulla International Stadium,2,12.3,Sri Lanka,Bangladesh,DAS Gunaratne,LD Chandimal,Taskin Ahmed,0,0,,,,,,,,,
1083446,2016/17,2017-03-25,Rangiri Dambulla International Stadium,2,12.4,Sri Lanka,Bangladesh,DAS Gunaratne,LD Chandimal,Taskin Ahmed,1,0,,,,,,,,,
1083446,2016/17,2017-03-25,Rangiri Dambulla International Stadium,2,12.5,Sri Lanka,Bangladesh,LD Chandimal,DAS Gunaratne,Taskin Ahmed,1,0,,,,,,,,,
1083446,2016/17,2017-03-25,Rangiri Dambulla International Stadium,2,12.6,Sri Lanka,Bangladesh,DAS Gunaratne,LD Chandimal,Taskin Ahmed,4,0,,,,,,,,,
1083446,2016/17,2017-03-25,Rangiri Dambulla International Stadium,2,13.1,Sri Lanka,Bangladesh,LD Chandimal,DAS Gunaratne,Shakib Al Hasan,1,0,,,,,,,,,
1083446,2016/17,2017-03-25,Rangiri Dambulla International Stadium,2,13.2,Sri Lanka,Bangladesh,DAS Gunaratne,LD Chandimal,Shakib Al Hasan,0,0,,,,,,,,,
1083446,2016/17,2017-03-25,Rangiri Dambulla International Stadium,2,13.3,Sri Lanka,Bangladesh,DAS Gunaratne,LD Chandimal,Shakib Al Hasan,0,0,,,,,,,,,
1083446,2016/17,2017-03-25,Rangiri Dambulla International Stadium,2,13.4,Sri Lanka,Bangladesh,DAS Gunaratne,LD Chandimal,Shakib Al Hasan,0,0,,,,,,,,,
1083446,2016/17,2017-03-25,Rangiri Dambulla International Stadium,2,13.5,Sri Lanka,Bangladesh,DAS Gunaratne,LD Chandimal,Shakib Al Hasan,0,0,,,,,,,,,
1083446,2016/17,2017-03-25,Rangiri Dambulla International Stadium,2,13.6,Sri Lanka,Bangladesh,DAS Gunaratne,LD Chandimal,Shakib Al Hasan,1,0,,,,,,,,,
1083446,2016/17,2017-03-25,Rangiri Dambulla International Stadium,2,14.1,Sri Lanka,Bangladesh,DAS Gunaratne,LD Chandimal,Taskin Ahmed,0,0,,,,,,,,,
1083446,2016/17,2017-03-25,Rangiri Dambulla International Stadium,2,14.2,Sri Lanka,Bangladesh,DAS Gunaratne,LD Chandimal,Taskin Ahmed,0,0,,,,,,,,,
1083446,2016/17,2017-03-25,Rangiri Dambulla International Stadium,2,14.3,Sri Lanka,Bangladesh,DAS Gunaratne,LD Chandimal,Taskin Ahmed,0,0,,,,,,,,,
1083446,2016/17,2017-03-25,Rangiri Dambulla International Stadium,2,14.4,Sri Lanka,Bangladesh,DAS Gunaratne,LD Chandimal,Taskin Ahmed,0,0,,,,,,,,,
1083446,2016/17,2017-03-25,Rangiri Dambulla International Stadium,2,14.5,Sri Lanka,Bangladesh,DAS Gunaratne,LD Chandimal,Taskin Ahmed,1,0,,,,,,,,,
1083446,2016/17,2017-03-25,Rangiri Dambulla International Stadium,2,14.6,Sri Lanka,Bangladesh,LD Chandimal,DAS Gunaratne,Taskin Ahmed,1,0,,,,,,,,,
1083446,2016/17,2017-03-25,Rangiri Dambulla International Stadium,2,15.1,Sri Lanka,Bangladesh,LD Chandimal,DAS Gunaratne,Shakib Al Hasan,0,0,,,,,,,,,
1083446,2016/17,2017-03-25,Rangiri Dambulla International Stadium,2,15.2,Sri Lanka,Bangladesh,LD Chandimal,DAS Gunaratne,Shakib Al Hasan,3,0,,,,,,,,,
1083446,2016/17,2017-03-25,Rangiri Dambulla International Stadium,2,15.3,Sri Lanka,Bangladesh,DAS Gunaratne,LD Chandimal,Shakib Al Hasan,2,0,,,,,,,,,
1083446,2016/17,2017-03-25,Rangiri Dambulla International Stadium,2,15.4,Sri Lanka,Bangladesh,DAS Gunaratne,LD Chandimal,Shakib Al Hasan,0,0,,,,,,,,,
1083446,2016/17,2017-03-25,Rangiri Dambulla International Stadium,2,15.5,Sri Lanka,Bangladesh,DAS Gunaratne,LD Chandimal,Shakib Al Hasan,1,0,,,,,,,,,
1083446,2016/17,2017-03-25,Rangiri Dambulla International Stadium,2,15.6,Sri Lanka,Bangladesh,LD Chandimal,DAS Gunaratne,Shakib Al Hasan,1,0,,,,,,,,,
1083446,2016/17,2017-03-25,Rangiri Dambulla International Stadium,2,16.1,Sri Lanka,Bangladesh,LD Chandimal,DAS Gunaratne,Taskin Ahmed,1,0,,,,,,,,,
1083446,2016/17,2017-03-25,Rangiri Dambulla International Stadium,2,16.2,Sri Lanka,Bangladesh,DAS Gunaratne,LD Chandimal,Taskin Ahmed,1,0,,,,,,,,,
1083446,2016/17,2017-03-25,Rangiri Dambulla International Stadium,2,16.3,Sri Lanka,Bangladesh,LD Chandimal,DAS Gunaratne,Taskin Ahmed,4,0,,,,,,,,,
1083446,2016/17,2017-03-25,Rangiri Dambulla International Stadium,2,16.4,Sri Lanka,Bangladesh,LD Chandimal,DAS Gunaratne,Taskin Ahmed,0,0,,,,,,,,,
1083446,2016/17,2017-03-25,Rangiri Dambulla International Stadium,2,16.5,Sri Lanka,Bangladesh,LD Chandimal,DAS Gunaratne,Taskin Ahmed,4,0,,,,,,,,,
1083446,2016/17,2017-03-25,Rangiri Dambulla International Stadium,2,16.6,Sri Lanka,Bangladesh,LD Chandimal,DAS Gunaratne,Taskin Ahmed,0,1,,,,1,,,,,
1083446,2016/17,2017-03-25,Rangiri Dambulla International Stadium,2,17.1,Sri Lanka,Bangladesh,LD Chandimal,DAS Gunaratne,Shakib Al Hasan,0,0,,,,,,,,,
1083446,2016/17,2017-03-25,Rangiri Dambulla International Stadium,2,17.2,Sri Lanka,Bangladesh,LD Chandimal,DAS Gunaratne,Shakib Al Hasan,1,0,,,,,,,,,
1083446,2016/17,2017-03-25,Rangiri Dambulla International Stadium,2,17.3,Sri Lanka,Bangladesh,DAS Gunaratne,LD Chandimal,Shakib Al Hasan,1,0,,,,,,,,,
1083446,2016/17,2017-03-25,Rangiri Dambulla International Stadium,2,17.4,Sri Lanka,Bangladesh,LD Chandimal,DAS Gunaratne,Shakib Al Hasan,1,0,,,,,,,,,
1083446,2016/17,2017-03-25,Rangiri Dambulla International Stadium,2,17.5,Sri Lanka,Bangladesh,DAS Gunaratne,LD Chandimal,Shakib Al Hasan,1,0,,,,,,,,,
1083446,2016/17,2017-03-25,Rangiri Dambulla International Stadium,2,17.6,Sri Lanka,Bangladesh,LD Chandimal,DAS Gunaratne,Shakib Al Hasan,0,0,,,,,,,,,
1083446,2016/17,2017-03-25,Rangiri Dambulla International Stadium,2,18.1,Sri Lanka,Bangladesh,DAS Gunaratne,LD Chandimal,Mustafizur Rahman,0,0,,,,,,,,,
1083446,2016/17,2017-03-25,Rangiri Dambulla International Stadium,2,18.2,Sri Lanka,Bangladesh,DAS Gunaratne,LD Chandimal,Mustafizur Rahman,0,0,,,,,,,,,
1083446,2016/17,2017-03-25,Rangiri Dambulla International Stadium,2,18.3,Sri Lanka,Bangladesh,DAS Gunaratne,LD Chandimal,Mustafizur Rahman,0,0,,,,,,,,,
1083446,2016/17,2017-03-25,Rangiri Dambulla International Stadium,2,18.4,Sri Lanka,Bangladesh,DAS Gunaratne,LD Chandimal,Mustafizur Rahman,0,0,,,,,,,,,
1083446,2016/17,2017-03-25,Rangiri Dambulla International Stadium,2,18.5,Sri Lanka,Bangladesh,DAS Gunaratne,LD Chandimal,Mustafizur Rahman,1,0,,,,,,,,,
1083446,2016/17,2017-03-25,Rangiri Dambulla International Stadium,2,18.6,Sri Lanka,Bangladesh,LD Chandimal,DAS Gunaratne,Mustafizur Rahman,0,0,,,,,,,,,
1083446,2016/17,2017-03-25,Rangiri Dambulla International Stadium,2,19.1,Sri Lanka,Bangladesh,DAS Gunaratne,LD Chandimal,Shakib Al Hasan,1,0,,,,,,,,,
1083446,2016/17,2017-03-25,Rangiri Dambulla International Stadium,2,19.2,Sri Lanka,Bangladesh,LD Chandimal,DAS Gunaratne,Shakib Al Hasan,0,2,,,,2,,,,,
1083446,2016/17,2017-03-25,Rangiri Dambulla International Stadium,2,19.3,Sri Lanka,Bangladesh,LD Chandimal,DAS Gunaratne,Shakib Al Hasan,1,0,,,,,,,,,
1083446,2016/17,2017-03-25,Rangiri Dambulla International Stadium,2,19.4,Sri Lanka,Bangladesh,DAS Gunaratne,LD Chandimal,Shakib Al Hasan,1,0,,,,,,,,,
1083446,2016/17,2017-03-25,Rangiri Dambulla International Stadium,2,19.5,Sri Lanka,Bangladesh,LD Chandimal,DAS Gunaratne,Shakib Al Hasan,0,1,1,,,,,,,,
1083446,2016/17,2017-03-25,Rangiri Dambulla International Stadium,2,19.6,Sri Lanka,Bangladesh,LD Chandimal,DAS Gunaratne,Shakib Al Hasan,1,0,,,,,,,,,
1083446,2016/17,2017-03-25,Rangiri Dambulla International Stadium,2,19.7,Sri Lanka,Bangladesh,DAS Gunaratne,LD Chandimal,Shakib Al Hasan,0,0,,,,,,,,,
1083446,2016/17,2017-03-25,Rangiri Dambulla International Stadium,2,20.1,Sri Lanka,Bangladesh,LD Chandimal,DAS Gunaratne,Mustafizur Rahman,0,0,,,,,,,,,
1083446,2016/17,2017-03-25,Rangiri Dambulla International Stadium,2,20.2,Sri Lanka,Bangladesh,LD Chandimal,DAS Gunaratne,Mustafizur Rahman,4,0,,,,,,,,,
1083446,2016/17,2017-03-25,Rangiri Dambulla International Stadium,2,20.3,Sri Lanka,Bangladesh,LD Chandimal,DAS Gunaratne,Mustafizur Rahman,0,0,,,,,,,,,
1083446,2016/17,2017-03-25,Rangiri Dambulla International Stadium,2,20.4,Sri Lanka,Bangladesh,LD Chandimal,DAS Gunaratne,Mustafizur Rahman,1,0,,,,,,,,,
1083446,2016/17,2017-03-25,Rangiri Dambulla International Stadium,2,20.5,Sri Lanka,Bangladesh,DAS Gunaratne,LD Chandimal,Mustafizur Rahman,4,0,,,,,,,,,
1083446,2016/17,2017-03-25,Rangiri Dambulla International Stadium,2,20.6,Sri Lanka,Bangladesh,DAS Gunaratne,LD Chandimal,Mustafizur Rahman,0,0,,,,,,,,,
1083446,2016/17,2017-03-25,Rangiri Dambulla International Stadium,2,21.1,Sri Lanka,Bangladesh,LD Chandimal,DAS Gunaratne,Shakib Al Hasan,0,0,,,,,,,,,
1083446,2016/17,2017-03-25,Rangiri Dambulla International Stadium,2,21.2,Sri Lanka,Bangladesh,LD Chandimal,DAS Gunaratne,Shakib Al Hasan,1,0,,,,,,,,,
1083446,2016/17,2017-03-25,Rangiri Dambulla International Stadium,2,21.3,Sri Lanka,Bangladesh,DAS Gunaratne,LD Chandimal,Shakib Al Hasan,0,0,,,,,,,,,
1083446,2016/17,2017-03-25,Rangiri Dambulla International Stadium,2,21.4,Sri Lanka,Bangladesh,DAS Gunaratne,LD Chandimal,Shakib Al Hasan,1,0,,,,,,,,,
1083446,2016/17,2017-03-25,Rangiri Dambulla International Stadium,2,21.5,Sri Lanka,Bangladesh,LD Chandimal,DAS Gunaratne,Shakib Al Hasan,0,0,,,,,,,,,
1083446,2016/17,2017-03-25,Rangiri Dambulla International Stadium,2,21.6,Sri Lanka,Bangladesh,LD Chandimal,DAS Gunaratne,Shakib Al Hasan,0,0,,,,,,,,,
1083446,2016/17,2017-03-25,Rangiri Dambulla International Stadium,2,22.1,Sri Lanka,Bangladesh,DAS Gunaratne,LD Chandimal,Mustafizur Rahman,0,0,,,,,,,,,
1083446,2016/17,2017-03-25,Rangiri Dambulla International Stadium,2,22.2,Sri Lanka,Bangladesh,DAS Gunaratne,LD Chandimal,Mustafizur Rahman,0,0,,,,,,,,,
1083446,2016/17,2017-03-25,Rangiri Dambulla International Stadium,2,22.3,Sri Lanka,Bangladesh,DAS Gunaratne,LD Chandimal,Mustafizur Rahman,1,0,,,,,,,,,
1083446,2016/17,2017-03-25,Rangiri Dambulla International Stadium,2,22.4,Sri Lanka,Bangladesh,LD Chandimal,DAS Gunaratne,Mustafizur Rahman,0,0,,,,,,,,,
1083446,2016/17,2017-03-25,Rangiri Dambulla International Stadium,2,22.5,Sri Lanka,Bangladesh,LD Chandimal,DAS Gunaratne,Mustafizur Rahman,1,0,,,,,,,,,
1083446,2016/17,2017-03-25,Rangiri Dambulla International Stadium,2,22.6,Sri Lanka,Bangladesh,DAS Gunaratne,LD Chandimal,Mustafizur Rahman,1,0,,,,,,,,,
1083446,2016/17,2017-03-25,Rangiri Dambulla International Stadium,2,23.1,Sri Lanka,Bangladesh,DAS Gunaratne,LD Chandimal,Shakib Al Hasan,0,0,,,,,,caught,DAS Gunaratne,,
1083446,2016/17,2017-03-25,Rangiri Dambulla International Stadium,2,23.2,Sri Lanka,Bangladesh,TAM Siriwardana,LD Chandimal,Shakib Al Hasan,1,0,,,,,,,,,
1083446,2016/17,2017-03-25,Rangiri Dambulla International Stadium,2,23.3,Sri Lanka,Bangladesh,LD Chandimal,TAM Siriwardana,Shakib Al Hasan,1,0,,,,,,,,,
1083446,2016/17,2017-03-25,Rangiri Dambulla International Stadium,2,23.4,Sri Lanka,Bangladesh,TAM Siriwardana,LD Chandimal,Shakib Al Hasan,0,0,,,,,,,,,
1083446,2016/17,2017-03-25,Rangiri Dambulla International Stadium,2,23.5,Sri Lanka,Bangladesh,TAM Siriwardana,LD Chandimal,Shakib Al Hasan,1,0,,,,,,,,,
1083446,2016/17,2017-03-25,Rangiri Dambulla International Stadium,2,23.6,Sri Lanka,Bangladesh,LD Chandimal,TAM Siriwardana,Shakib Al Hasan,1,0,,,,,,,,,
1083446,2016/17,2017-03-25,Rangiri Dambulla International Stadium,2,24.1,Sri Lanka,Bangladesh,LD Chandimal,TAM Siriwardana,Mustafizur Rahman,0,0,,,,,,,,,
1083446,2016/17,2017-03-25,Rangiri Dambulla International Stadium,2,24.2,Sri Lanka,Bangladesh,LD Chandimal,TAM Siriwardana,Mustafizur Rahman,0,0,,,,,,,,,
1083446,2016/17,2017-03-25,Rangiri Dambulla International Stadium,2,24.3,Sri Lanka,Bangladesh,LD Chandimal,TAM Siriwardana,Mustafizur Rahman,0,0,,,,,,,,,
1083446,2016/17,2017-03-25,Rangiri Dambulla International Stadium,2,24.4,Sri Lanka,Bangladesh,LD Chandimal,TAM Siriwardana,Mustafizur Rahman,3,0,,,,,,,,,
1083446,2016/17,2017-03-25,Rangiri Dambulla International Stadium,2,24.5,Sri Lanka,Bangladesh,TAM Siriwardana,LD Chandimal,Mustafizur Rahman,0,0,,,,,,,,,
1083446,2016/17,2017-03-25,Rangiri Dambulla International Stadium,2,24.6,Sri Lanka,Bangladesh,TAM Siriwardana,LD Chandimal,Mustafizur Rahman,2,0,,,,,,,,,
1083446,2016/17,2017-03-25,Rangiri Dambulla International Stadium,2,25.1,Sri Lanka,Bangladesh,LD Chandimal,TAM Siriwardana,Shakib Al Hasan,0,0,,,,,,,,,
1083446,2016/17,2017-03-25,Rangiri Dambulla International Stadium,2,25.2,Sri Lanka,Bangladesh,LD Chandimal,TAM Siriwardana,Shakib Al Hasan,4,0,,,,,,,,,
1083446,2016/17,2017-03-25,Rangiri Dambulla International Stadium,2,25.3,Sri Lanka,Bangladesh,LD Chandimal,TAM Siriwardana,Shakib Al Hasan,0,0,,,,,,,,,
1083446,2016/17,2017-03-25,Rangiri Dambulla International Stadium,2,25.4,Sri Lanka,Bangladesh,LD Chandimal,TAM Siriwardana,Shakib Al Hasan,1,0,,,,,,,,,
1083446,2016/17,2017-03-25,Rangiri Dambulla International Stadium,2,25.5,Sri Lanka,Bangladesh,TAM Siriwardana,LD Chandimal,Shakib Al Hasan,1,0,,,,,,,,,
1083446,2016/17,2017-03-25,Rangiri Dambulla International Stadium,2,25.6,Sri Lanka,Bangladesh,LD Chandimal,TAM Siriwardana,Shakib Al Hasan,1,0,,,,,,,,,
1083446,2016/17,2017-03-25,Rangiri Dambulla International Stadium,2,26.1,Sri Lanka,Bangladesh,LD Chandimal,TAM Siriwardana,Mehedi Hasan Miraz,4,0,,,,,,,,,
1083446,2016/17,2017-03-25,Rangiri Dambulla International Stadium,2,26.2,Sri Lanka,Bangladesh,LD Chandimal,TAM Siriwardana,Mehedi Hasan Miraz,0,1,,,,1,,,,,
1083446,2016/17,2017-03-25,Rangiri Dambulla International Stadium,2,26.3,Sri Lanka,Bangladesh,TAM Siriwardana,LD Chandimal,Mehedi Hasan Miraz,0,0,,,,,,,,,
1083446,2016/17,2017-03-25,Rangiri Dambulla International Stadium,2,26.4,Sri Lanka,Bangladesh,TAM Siriwardana,LD Chandimal,Mehedi Hasan Miraz,0,0,,,,,,,,,
1083446,2016/17,2017-03-25,Rangiri Dambulla International Stadium,2,26.5,Sri Lanka,Bangladesh,TAM Siriwardana,LD Chandimal,Mehedi Hasan Miraz,0,0,,,,,,,,,
1083446,2016/17,2017-03-25,Rangiri Dambulla International Stadium,2,26.6,Sri Lanka,Bangladesh,TAM Siriwardana,LD Chandimal,Mehedi Hasan Miraz,0,0,,,,,,,,,
1083446,2016/17,2017-03-25,Rangiri Dambulla International Stadium,2,27.1,Sri Lanka,Bangladesh,LD Chandimal,TAM Siriwardana,Mosaddek Hossain,2,0,,,,,,,,,
1083446,2016/17,2017-03-25,Rangiri Dambulla International Stadium,2,27.2,Sri Lanka,Bangladesh,LD Chandimal,TAM Siriwardana,Mosaddek Hossain,1,0,,,,,,,,,
1083446,2016/17,2017-03-25,Rangiri Dambulla International Stadium,2,27.3,Sri Lanka,Bangladesh,TAM Siriwardana,LD Chandimal,Mosaddek Hossain,1,0,,,,,,,,,
1083446,2016/17,2017-03-25,Rangiri Dambulla International Stadium,2,27.4,Sri Lanka,Bangladesh,LD Chandimal,TAM Siriwardana,Mosaddek Hossain,1,0,,,,,,,,,
1083446,2016/17,2017-03-25,Rangiri Dambulla International Stadium,2,27.5,Sri Lanka,Bangladesh,TAM Siriwardana,LD Chandimal,Mosaddek Hossain,1,0,,,,,,,,,
1083446,2016/17,2017-03-25,Rangiri Dambulla International Stadium,2,27.6,Sri Lanka,Bangladesh,LD Chandimal,TAM Siriwardana,Mosaddek Hossain,0,0,,,,,,,,,
1083446,2016/17,2017-03-25,Rangiri Dambulla International Stadium,2,28.1,Sri Lanka,Bangladesh,TAM Siriwardana,LD Chandimal,Mehedi Hasan Miraz,1,0,,,,,,,,,
1083446,2016/17,2017-03-25,Rangiri Dambulla International Stadium,2,28.2,Sri Lanka,Bangladesh,LD Chandimal,TAM Siriwardana,Mehedi Hasan Miraz,4,0,,,,,,,,,
1083446,2016/17,2017-03-25,Rangiri Dambulla International Stadium,2,28.3,Sri Lanka,Bangladesh,LD Chandimal,TAM Siriwardana,Mehedi Hasan Miraz,1,0,,,,,,,,,
1083446,2016/17,2017-03-25,Rangiri Dambulla International Stadium,2,28.4,Sri Lanka,Bangladesh,TAM Siriwardana,LD Chandimal,Mehedi Hasan Miraz,1,0,,,,,,,,,
1083446,2016/17,2017-03-25,Rangiri Dambulla International Stadium,2,28.5,Sri Lanka,Bangladesh,LD Chandimal,TAM Siriwardana,Mehedi Hasan Miraz,0,0,,,,,,caught,LD Chandimal,,
1083446,2016/17,2017-03-25,Rangiri Dambulla International Stadium,2,28.6,Sri Lanka,Bangladesh,SS Pathirana,TAM Siriwardana,Mehedi Hasan Miraz,0,0,,,,,,,,,
1083446,2016/17,2017-03-25,Rangiri Dambulla International Stadium,2,29.1,Sri Lanka,Bangladesh,TAM Siriwardana,SS Pathirana,Mosaddek Hossain,0,0,,,,,,,,,
1083446,2016/17,2017-03-25,Rangiri Dambulla International Stadium,2,29.2,Sri Lanka,Bangladesh,TAM Siriwardana,SS Pathirana,Mosaddek Hossain,1,0,,,,,,,,,
1083446,2016/17,2017-03-25,Rangiri Dambulla International Stadium,2,29.3,Sri Lanka,Bangladesh,SS Pathirana,TAM Siriwardana,Mosaddek Hossain,3,0,,,,,,,,,
1083446,2016/17,2017-03-25,Rangiri Dambulla International Stadium,2,29.4,Sri Lanka,Bangladesh,TAM Siriwardana,SS Pathirana,Mosaddek Hossain,4,0,,,,,,,,,
1083446,2016/17,2017-03-25,Rangiri Dambulla International Stadium,2,29.5,Sri Lanka,Bangladesh,TAM Siriwardana,SS Pathirana,Mosaddek Hossain,0,0,,,,,,,,,
1083446,2016/17,2017-03-25,Rangiri Dambulla International Stadium,2,29.6,Sri Lanka,Bangladesh,TAM Siriwardana,SS Pathirana,Mosaddek Hossain,0,0,,,,,,,,,
1083446,2016/17,2017-03-25,Rangiri Dambulla International Stadium,2,30.1,Sri Lanka,Bangladesh,SS Pathirana,TAM Siriwardana,Mehedi Hasan Miraz,0,0,,,,,,,,,
1083446,2016/17,2017-03-25,Rangiri Dambulla International Stadium,2,30.2,Sri Lanka,Bangladesh,SS Pathirana,TAM Siriwardana,Mehedi Hasan Miraz,2,0,,,,,,,,,
1083446,2016/17,2017-03-25,Rangiri Dambulla International Stadium,2,30.3,Sri Lanka,Bangladesh,SS Pathirana,TAM Siriwardana,Mehedi Hasan Miraz,0,0,,,,,,,,,
1083446,2016/17,2017-03-25,Rangiri Dambulla International Stadium,2,30.4,Sri Lanka,Bangladesh,SS Pathirana,TAM Siriwardana,Mehedi Hasan Miraz,0,0,,,,,,,,,
1083446,2016/17,2017-03-25,Rangiri Dambulla International Stadium,2,30.5,Sri Lanka,Bangladesh,SS Pathirana,TAM Siriwardana,Mehedi Hasan Miraz,4,0,,,,,,,,,
1083446,2016/17,2017-03-25,Rangiri Dambulla International Stadium,2,30.6,Sri Lanka,Bangladesh,SS Pathirana,TAM Siriwardana,Mehedi Hasan Miraz,1,0,,,,,,,,,
1083446,2016/17,2017-03-25,Rangiri Dambulla International Stadium,2,31.1,Sri Lanka,Bangladesh,SS Pathirana,TAM Siriwardana,Mosaddek Hossain,0,0,,,,,,,,,
1083446,2016/17,2017-03-25,Rangiri Dambulla International Stadium,2,31.2,Sri Lanka,Bangladesh,SS Pathirana,TAM Siriwardana,Mosaddek Hossain,1,0,,,,,,,,,
1083446,2016/17,2017-03-25,Rangiri Dambulla International Stadium,2,31.3,Sri Lanka,Bangladesh,TAM Siriwardana,SS Pathirana,Mosaddek Hossain,0,0,,,,,,,,,
1083446,2016/17,2017-03-25,Rangiri Dambulla International Stadium,2,31.4,Sri Lanka,Bangladesh,TAM Siriwardana,SS Pathirana,Mosaddek Hossain,1,0,,,,,,,,,
1083446,2016/17,2017-03-25,Rangiri Dambulla International Stadium,2,31.5,Sri Lanka,Bangladesh,SS Pathirana,TAM Siriwardana,Mosaddek Hossain,4,0,,,,,,,,,
1083446,2016/17,2017-03-25,Rangiri Dambulla International Stadium,2,31.6,Sri Lanka,Bangladesh,SS Pathirana,TAM Siriwardana,Mosaddek Hossain,1,0,,,,,,,,,
1083446,2016/17,2017-03-25,Rangiri Dambulla International Stadium,2,32.1,Sri Lanka,Bangladesh,SS Pathirana,TAM Siriwardana,Taskin Ahmed,0,0,,,,,,,,,
1083446,2016/17,2017-03-25,Rangiri Dambulla International Stadium,2,32.2,Sri Lanka,Bangladesh,SS Pathirana,TAM Siriwardana,Taskin Ahmed,0,0,,,,,,,,,
1083446,2016/17,2017-03-25,Rangiri Dambulla International Stadium,2,32.3,Sri Lanka,Bangladesh,SS Pathirana,TAM Siriwardana,Taskin Ahmed,0,0,,,,,,,,,
1083446,2016/17,2017-03-25,Rangiri Dambulla International Stadium,2,32.4,Sri Lanka,Bangladesh,SS Pathirana,TAM Siriwardana,Taskin Ahmed,2,0,,,,,,,,,
1083446,2016/17,2017-03-25,Rangiri Dambulla International Stadium,2,32.5,Sri Lanka,Bangladesh,SS Pathirana,TAM Siriwardana,Taskin Ahmed,1,0,,,,,,,,,
1083446,2016/17,2017-03-25,Rangiri Dambulla International Stadium,2,32.6,Sri Lanka,Bangladesh,TAM Siriwardana,SS Pathirana,Taskin Ahmed,1,0,,,,,,,,,
1083446,2016/17,2017-03-25,Rangiri Dambulla International Stadium,2,33.1,Sri Lanka,Bangladesh,TAM Siriwardana,SS Pathirana,Mustafizur Rahman,0,0,,,,,,,,,
1083446,2016/17,2017-03-25,Rangiri Dambulla International Stadium,2,33.2,Sri Lanka,Bangladesh,TAM Siriwardana,SS Pathirana,Mustafizur Rahman,6,0,,,,,,,,,
1083446,2016/17,2017-03-25,Rangiri Dambulla International Stadium,2,33.3,Sri Lanka,Bangladesh,TAM Siriwardana,SS Pathirana,Mustafizur Rahman,0,0,,,,,,caught,TAM Siriwardana,,
1083446,2016/17,2017-03-25,Rangiri Dambulla International Stadium,2,33.4,Sri Lanka,Bangladesh,SS Pathirana,NLTC Perera,Mustafizur Rahman,0,0,,,,,,,,,
1083446,2016/17,2017-03-25,Rangiri Dambulla International Stadium,2,33.5,Sri Lanka,Bangladesh,SS Pathirana,NLTC Perera,Mustafizur Rahman,0,0,,,,,,,,,
1083446,2016/17,2017-03-25,Rangiri Dambulla International Stadium,2,33.6,Sri Lanka,Bangladesh,SS Pathirana,NLTC Perera,Mustafizur Rahman,1,0,,,,,,,,,
1083446,2016/17,2017-03-25,Rangiri Dambulla International Stadium,2,34.1,Sri Lanka,Bangladesh,SS Pathirana,NLTC Perera,Taskin Ahmed,1,0,,,,,,,,,
1083446,2016/17,2017-03-25,Rangiri Dambulla International Stadium,2,34.2,Sri Lanka,Bangladesh,NLTC Perera,SS Pathirana,Taskin Ahmed,1,0,,,,,,,,,
1083446,2016/17,2017-03-25,Rangiri Dambulla International Stadium,2,34.3,Sri Lanka,Bangladesh,SS Pathirana,NLTC Perera,Taskin Ahmed,1,0,,,,,,,,,
1083446,2016/17,2017-03-25,Rangiri Dambulla International Stadium,2,34.4,Sri Lanka,Bangladesh,NLTC Perera,SS Pathirana,Taskin Ahmed,1,0,,,,,,,,,
1083446,2016/17,2017-03-25,Rangiri Dambulla International Stadium,2,34.5,Sri Lanka,Bangladesh,SS Pathirana,NLTC Perera,Taskin Ahmed,0,0,,,,,,,,,
1083446,2016/17,2017-03-25,Rangiri Dambulla International Stadium,2,34.6,Sri Lanka,Bangladesh,SS Pathirana,NLTC Perera,Taskin Ahmed,0,0,,,,,,,,,
1083446,2016/17,2017-03-25,Rangiri Dambulla International Stadium,2,35.1,Sri Lanka,Bangladesh,NLTC Perera,SS Pathirana,Mustafizur Rahman,0,0,,,,,,,,,
1083446,2016/17,2017-03-25,Rangiri Dambulla International Stadium,2,35.2,Sri Lanka,Bangladesh,NLTC Perera,SS Pathirana,Mustafizur Rahman,2,0,,,,,,,,,
1083446,2016/17,2017-03-25,Rangiri Dambulla International Stadium,2,35.3,Sri Lanka,Bangladesh,NLTC Perera,SS Pathirana,Mustafizur Rahman,1,0,,,,,,,,,
1083446,2016/17,2017-03-25,Rangiri Dambulla International Stadium,2,35.4,Sri Lanka,Bangladesh,SS Pathirana,NLTC Perera,Mustafizur Rahman,0,0,,,,,,,,,
1083446,2016/17,2017-03-25,Rangiri Dambulla International Stadium,2,35.5,Sri Lanka,Bangladesh,SS Pathirana,NLTC Perera,Mustafizur Rahman,4,0,,,,,,,,,
1083446,2016/17,2017-03-25,Rangiri Dambulla International Stadium,2,35.6,Sri Lanka,Bangladesh,SS Pathirana,NLTC Perera,Mustafizur Rahman,2,0,,,,,,,,,
1083446,2016/17,2017-03-25,Rangiri Dambulla International Stadium,2,36.1,Sri Lanka,Bangladesh,NLTC Perera,SS Pathirana,Taskin Ahmed,1,0,,,,,,,,,
1083446,2016/17,2017-03-25,Rangiri Dambulla International Stadium,2,36.2,Sri Lanka,Bangladesh,SS Pathirana,NLTC Perera,Taskin Ahmed,0,0,,,,,,,,,
1083446,2016/17,2017-03-25,Rangiri Dambulla International Stadium,2,36.3,Sri Lanka,Bangladesh,SS Pathirana,NLTC Perera,Taskin Ahmed,0,0,,,,,,,,,
1083446,2016/17,2017-03-25,Rangiri Dambulla International Stadium,2,36.4,Sri Lanka,Bangladesh,SS Pathirana,NLTC Perera,Taskin Ahmed,2,0,,,,,,,,,
1083446,2016/17,2017-03-25,Rangiri Dambulla International Stadium,2,36.5,Sri Lanka,Bangladesh,SS Pathirana,NLTC Perera,Taskin Ahmed,1,0,,,,,,,,,
1083446,2016/17,2017-03-25,Rangiri Dambulla International Stadium,2,36.6,Sri Lanka,Bangladesh,NLTC Perera,SS Pathirana,Taskin Ahmed,0,0,,,,,,,,,
1083446,2016/17,2017-03-25,Rangiri Dambulla International Stadium,2,37.1,Sri Lanka,Bangladesh,SS Pathirana,NLTC Perera,Mashrafe Mortaza,0,0,,,,,,caught,SS Pathirana,,
1083446,2016/17,2017-03-25,Rangiri Dambulla International Stadium,2,37.2,Sri Lanka,Bangladesh,NLTC Perera,RAS Lakmal,Mashrafe Mortaza,4,0,,,,,,,,,
1083446,2016/17,2017-03-25,Rangiri Dambulla International Stadium,2,37.3,Sri Lanka,Bangladesh,NLTC Perera,RAS Lakmal,Mashrafe Mortaza,1,0,,,,,,,,,
1083446,2016/17,2017-03-25,Rangiri Dambulla International Stadium,2,37.4,Sri Lanka,Bangladesh,RAS Lakmal,NLTC Perera,Mashrafe Mortaza,0,0,,,,,,,,,
1083446,2016/17,2017-03-25,Rangiri Dambulla International Stadium,2,37.5,Sri Lanka,Bangladesh,RAS Lakmal,NLTC Perera,Mashrafe Mortaza,1,0,,,,,,,,,
1083446,2016/17,2017-03-25,Rangiri Dambulla International Stadium,2,37.6,Sri Lanka,Bangladesh,NLTC Perera,RAS Lakmal,Mashrafe Mortaza,1,0,,,,,,,,,
1083446,2016/17,2017-03-25,Rangiri Dambulla International Stadium,2,38.1,Sri Lanka,Bangladesh,NLTC Perera,RAS Lakmal,Taskin Ahmed,0,0,,,,,,,,,
1083446,2016/17,2017-03-25,Rangiri Dambulla International Stadium,2,38.2,Sri Lanka,Bangladesh,NLTC Perera,RAS Lakmal,Taskin Ahmed,1,0,,,,,,,,,
1083446,2016/17,2017-03-25,Rangiri Dambulla International Stadium,2,38.3,Sri Lanka,Bangladesh,RAS Lakmal,NLTC Perera,Taskin Ahmed,0,1,1,,,,,,,,
1083446,2016/17,2017-03-25,Rangiri Dambulla International Stadium,2,38.4,Sri Lanka,Bangladesh,RAS Lakmal,NLTC Perera,Taskin Ahmed,1,0,,,,,,,,,
1083446,2016/17,2017-03-25,Rangiri Dambulla International Stadium,2,38.5,Sri Lanka,Bangladesh,NLTC Perera,RAS Lakmal,Taskin Ahmed,0,1,1,,,,,,,,
1083446,2016/17,2017-03-25,Rangiri Dambulla International Stadium,2,38.6,Sri Lanka,Bangladesh,NLTC Perera,RAS Lakmal,Taskin Ahmed,1,0,,,,,,,,,
1083446,2016/17,2017-03-25,Rangiri Dambulla International Stadium,2,38.7,Sri Lanka,Bangladesh,RAS Lakmal,NLTC Perera,Taskin Ahmed,4,0,,,,,,,,,
1083446,2016/17,2017-03-25,Rangiri Dambulla International Stadium,2,38.8,Sri Lanka,Bangladesh,RAS Lakmal,NLTC Perera,Taskin Ahmed,0,0,,,,,,,,,
1083446,2016/17,2017-03-25,Rangiri Dambulla International Stadium,2,39.1,Sri Lanka,Bangladesh,NLTC Perera,RAS Lakmal,Mashrafe Mortaza,4,0,,,,,,,,,
1083446,2016/17,2017-03-25,Rangiri Dambulla International Stadium,2,39.2,Sri Lanka,Bangladesh,NLTC Perera,RAS Lakmal,Mashrafe Mortaza,4,0,,,,,,,,,
1083446,2016/17,2017-03-25,Rangiri Dambulla International Stadium,2,39.3,Sri Lanka,Bangladesh,NLTC Perera,RAS Lakmal,Mashrafe Mortaza,6,0,,,,,,,,,
1083446,2016/17,2017-03-25,Rangiri Dambulla International Stadium,2,39.4,Sri Lanka,Bangladesh,NLTC Perera,RAS Lakmal,Mashrafe Mortaza,1,0,,,,,,,,,
1083446,2016/17,2017-03-25,Rangiri Dambulla International Stadium,2,39.5,Sri Lanka,Bangladesh,RAS Lakmal,NLTC Perera,Mashrafe Mortaza,0,0,,,,,,,,,
1083446,2016/17,2017-03-25,Rangiri Dambulla International Stadium,2,39.6,Sri Lanka,Bangladesh,RAS Lakmal,NLTC Perera,Mashrafe Mortaza,1,0,,,,,,,,,
1083446,2016/17,2017-03-25,Rangiri Dambulla International Stadium,2,40.1,Sri Lanka,Bangladesh,RAS Lakmal,NLTC Perera,Mustafizur Rahman,0,1,1,,,,,,,,
1083446,2016/17,2017-03-25,Rangiri Dambulla International Stadium,2,40.2,Sri Lanka,Bangladesh,RAS Lakmal,NLTC Perera,Mustafizur Rahman,1,0,,,,,,,,,
1083446,2016/17,2017-03-25,Rangiri Dambulla International Stadium,2,40.3,Sri Lanka,Bangladesh,NLTC Perera,RAS Lakmal,Mustafizur Rahman,2,0,,,,,,,,,
1083446,2016/17,2017-03-25,Rangiri Dambulla International Stadium,2,40.4,Sri Lanka,Bangladesh,NLTC Perera,RAS Lakmal,Mustafizur Rahman,1,0,,,,,,,,,
1083446,2016/17,2017-03-25,Rangiri Dambulla International Stadium,2,40.5,Sri Lanka,Bangladesh,RAS Lakmal,NLTC Perera,Mustafizur Rahman,0,0,,,,,,caught,RAS Lakmal,,
1083446,2016/17,2017-03-25,Rangiri Dambulla International Stadium,2,40.6,Sri Lanka,Bangladesh,NLTC Perera,PADLR Sandakan,Mustafizur Rahman,1,0,,,,,,,,,
1083446,2016/17,2017-03-25,Rangiri Dambulla International Stadium,2,40.7,Sri Lanka,Bangladesh,PADLR Sandakan,NLTC Perera,Mustafizur Rahman,0,0,,,,,,,,,
1083446,2016/17,2017-03-25,Rangiri Dambulla International Stadium,2,41.1,Sri Lanka,Bangladesh,NLTC Perera,PADLR Sandakan,Mehedi Hasan Miraz,2,0,,,,,,,,,
1083446,2016/17,2017-03-25,Rangiri Dambulla International Stadium,2,41.2,Sri Lanka,Bangladesh,NLTC Perera,PADLR Sandakan,Mehedi Hasan Miraz,1,0,,,,,,,,,
1083446,2016/17,2017-03-25,Rangiri Dambulla International Stadium,2,41.3,Sri Lanka,Bangladesh,PADLR Sandakan,NLTC Perera,Mehedi Hasan Miraz,0,0,,,,,,,,,
1083446,2016/17,2017-03-25,Rangiri Dambulla International Stadium,2,41.4,Sri Lanka,Bangladesh,PADLR Sandakan,NLTC Perera,Mehedi Hasan Miraz,1,0,,,,,,,,,
1083446,2016/17,2017-03-25,Rangiri Dambulla International Stadium,2,41.5,Sri Lanka,Bangladesh,NLTC Perera,PADLR Sandakan,Mehedi Hasan Miraz,0,0,,,,,,,,,
1083446,2016/17,2017-03-25,Rangiri Dambulla International Stadium,2,41.6,Sri Lanka,Bangladesh,NLTC Perera,PADLR Sandakan,Mehedi Hasan Miraz,1,0,,,,,,,,,
1083446,2016/17,2017-03-25,Rangiri Dambulla International Stadium,2,42.1,Sri Lanka,Bangladesh,NLTC Perera,PADLR Sandakan,Mustafizur Rahman,6,0,,,,,,,,,
1083446,2016/17,2017-03-25,Rangiri Dambulla International Stadium,2,42.2,Sri Lanka,Bangladesh,NLTC Perera,PADLR Sandakan,Mustafizur Rahman,1,0,,,,,,,,,
1083446,2016/17,2017-03-25,Rangiri Dambulla International Stadium,2,42.3,Sri Lanka,Bangladesh,PADLR Sandakan,NLTC Perera,Mustafizur Rahman,1,0,,,,,,,,,
1083446,2016/17,2017-03-25,Rangiri Dambulla International Stadium,2,42.4,Sri Lanka,Bangladesh,NLTC Perera,PADLR Sandakan,Mustafizur Rahman,4,0,,,,,,,,,
1083446,2016/17,2017-03-25,Rangiri Dambulla International Stadium,2,42.5,Sri Lanka,Bangladesh,NLTC Perera,PADLR Sandakan,Mustafizur Rahman,2,0,,,,,,,,,
1083446,2016/17,2017-03-25,Rangiri Dambulla International Stadium,2,42.6,Sri Lanka,Bangladesh,NLTC Perera,PADLR Sandakan,Mustafizur Rahman,2,0,,,,,,,,,
1083446,2016/17,2017-03-25,Rangiri Dambulla International Stadium,2,43.1,Sri Lanka,Bangladesh,PADLR Sandakan,NLTC Perera,Mehedi Hasan Miraz,0,0,,,,,,,,,
1083446,2016/17,2017-03-25,Rangiri Dambulla International Stadium,2,43.2,Sri Lanka,Bangladesh,PADLR Sandakan,NLTC Perera,Mehedi Hasan Miraz,1,0,,,,,,,,,
1083446,2016/17,2017-03-25,Rangiri Dambulla International Stadium,2,43.3,Sri Lanka,Bangladesh,NLTC Perera,PADLR Sandakan,Mehedi Hasan Miraz,0,0,,,,,,,,,
1083446,2016/17,2017-03-25,Rangiri Dambulla International Stadium,2,43.4,Sri Lanka,Bangladesh,NLTC Perera,PADLR Sandakan,Mehedi Hasan Miraz,1,0,,,,,,,,,
1083446,2016/17,2017-03-25,Rangiri Dambulla International Stadium,2,43.5,Sri Lanka,Bangladesh,PADLR Sandakan,NLTC Perera,Mehedi Hasan Miraz,0,0,,,,,,run out,PADLR Sandakan,,
1083446,2016/17,2017-03-25,Rangiri Dambulla International Stadium,2,43.6,Sri Lanka,Bangladesh,NLTC Perera,CBRLS Kumara,Mehedi Hasan Miraz,1,0,,,,,,,,,
1083446,2016/17,2017-03-25,Rangiri Dambulla International Stadium,2,44.1,Sri Lanka,Bangladesh,NLTC Perera,CBRLS Kumara,Taskin Ahmed,0,0,,,,,,,,,
1083446,2016/17,2017-03-25,Rangiri Dambulla International Stadium,2,44.2,Sri Lanka,Bangladesh,NLTC Perera,CBRLS Kumara,Taskin Ahmed,1,0,,,,,,,,,
1083446,2016/17,2017-03-25,Rangiri Dambulla International Stadium,2,44.3,Sri Lanka,Bangladesh,CBRLS Kumara,NLTC Perera,Taskin Ahmed,0,0,,,,,,,,,
1083446,2016/17,2017-03-25,Rangiri Dambulla International Stadium,2,44.4,Sri Lanka,Bangladesh,CBRLS Kumara,NLTC Perera,Taskin Ahmed,0,0,,,,,,,,,
1083446,2016/17,2017-03-25,Rangiri Dambulla International Stadium,2,44.5,Sri Lanka,Bangladesh,CBRLS Kumara,NLTC Perera,Taskin Ahmed,0,0,,,,,,,,,
1083446,2016/17,2017-03-25,Rangiri Dambulla International Stadium,2,44.6,Sri Lanka,Bangladesh,CBRLS Kumara,NLTC Perera,Taskin Ahmed,0,0,,,,,,,,,
1083446,2016/17,2017-03-25,Rangiri Dambulla International Stadium,2,45.1,Sri Lanka,Bangladesh,NLTC Perera,CBRLS Kumara,Mustafizur Rahman,0,0,,,,,,caught,NLTC Perera,,
