match_id,season,start_date,venue,innings,ball,batting_team,bowling_team,striker,non_striker,bowler,runs_off_bat,extras,wides,noballs,byes,legbyes,penalty,wicket_type,player_dismissed,other_wicket_type,other_player_dismissed
1083448,2016/17,2017-04-01,Sinhalese Sports Club Ground,1,0.1,Sri Lanka,Bangladesh,MD Gunathilaka,WU Tharanga,Mashrafe Mortaza,0,1,1,,,,,,,,
1083448,2016/17,2017-04-01,Sinhalese Sports Club Ground,1,0.2,Sri Lanka,Bangladesh,MD Gunathilaka,WU Tharanga,Mashrafe Mortaza,0,1,1,,,,,,,,
1083448,2016/17,2017-04-01,Sinhalese Sports Club Ground,1,0.3,Sri Lanka,Bangladesh,MD Gunathilaka,WU Tharanga,Mashrafe Mortaza,1,0,,,,,,,,,
1083448,2016/17,2017-04-01,Sinhalese Sports Club Ground,1,0.4,Sri Lanka,Bangladesh,WU Tharanga,MD Gunathilaka,Mashrafe Mortaza,1,0,,,,,,,,,
1083448,2016/17,2017-04-01,Sinhalese Sports Club Ground,1,0.5,Sri Lanka,Bangladesh,MD Gunathilaka,WU Tharanga,Mashrafe Mortaza,0,0,,,,,,,,,
1083448,2016/17,2017-04-01,Sinhalese Sports Club Ground,1,0.6,Sri Lanka,Bangladesh,MD Gunathilaka,WU Tharanga,Mashrafe Mortaza,0,0,,,,,,,,,
1083448,2016/17,2017-04-01,Sinhalese Sports Club Ground,1,0.7,Sri Lanka,Bangladesh,MD Gunathilaka,WU Tharanga,Mashrafe Mortaza,4,0,,,,,,,,,
1083448,2016/17,2017-04-01,Sinhalese Sports Club Ground,1,0.8,Sri Lanka,Bangladesh,MD Gunathilaka,WU Tharanga,Mashrafe Mortaza,0,0,,,,,,,,,
1083448,2016/17,2017-04-01,Sinhalese Sports Club Ground,1,1.1,Sri Lanka,Bangladesh,WU Tharanga,MD Gunathilaka,Mustafizur Rahman,0,0,,,,,,,,,
1083448,2016/17,2017-04-01,Sinhalese Sports Club Ground,1,1.2,Sri Lanka,Bangladesh,WU Tharanga,MD Gunathilaka,Mustafizur Rahman,4,0,,,,,,,,,
1083448,2016/17,2017-04-01,Sinhalese Sports Club Ground,1,1.3,Sri Lanka,Bangladesh,WU Tharanga,MD Gunathilaka,Mustafizur Rahman,0,0,,,,,,,,,
1083448,2016/17,2017-04-01,Sinhalese Sports Club Ground,1,1.4,Sri Lanka,Bangladesh,WU Tharanga,MD Gunathilaka,Mustafizur Rahman,0,0,,,,,,,,,
1083448,2016/17,2017-04-01,Sinhalese Sports Club Ground,1,1.5,Sri Lanka,Bangladesh,WU Tharanga,MD Gunathilaka,Mustafizur Rahman,0,0,,,,,,,,,
1083448,2016/17,2017-04-01,Sinhalese Sports Club Ground,1,1.6,Sri Lanka,Bangladesh,WU Tharanga,MD Gunathilaka,Mustafizur Rahman,4,0,,,,,,,,,
1083448,2016/17,2017-04-01,Sinhalese Sports Club Ground,1,2.1,Sri Lanka,Bangladesh,MD Gunathilaka,WU Tharanga,Mashrafe Mortaza,0,0,,,,,,,,,
1083448,2016/17,2017-04-01,Sinhalese Sports Club Ground,1,2.2,Sri Lanka,Bangladesh,MD Gunathilaka,WU Tharanga,Mashrafe Mortaza,0,0,,,,,,,,,
1083448,2016/17,2017-04-01,Sinhalese Sports Club Ground,1,2.3,Sri Lanka,Bangladesh,MD Gunathilaka,WU Tharanga,Mashrafe Mortaza,1,0,,,,,,,,,
1083448,2016/17,2017-04-01,Sinhalese Sports Club Ground,1,2.4,Sri Lanka,Bangladesh,WU Tharanga,MD Gunathilaka,Mashrafe Mortaza,0,0,,,,,,,,,
1083448,2016/17,2017-04-01,Sinhalese Sports Club Ground,1,2.5,Sri Lanka,Bangladesh,WU Tharanga,MD Gunathilaka,Mashrafe Mortaza,0,1,,,,1,,,,,
1083448,2016/17,2017-04-01,Sinhalese Sports Club Ground,1,2.6,Sri Lanka,Bangladesh,MD Gunathilaka,WU Tharanga,Mashrafe Mortaza,1,0,,,,,,,,,
1083448,2016/17,2017-04-01,Sinhalese Sports Club Ground,1,3.1,Sri Lanka,Bangladesh,MD Gunathilaka,WU Tharanga,Mustafizur Rahman,3,0,,,,,,,,,
1083448,2016/17,2017-04-01,Sinhalese Sports Club Ground,1,3.2,Sri Lanka,Bangladesh,WU Tharanga,MD Gunathilaka,Mustafizur Rahman,0,0,,,,,,,,,
1083448,2016/17,2017-04-01,Sinhalese Sports Club Ground,1,3.3,Sri Lanka,Bangladesh,WU Tharanga,MD Gunathilaka,Mustafizur Rahman,0,0,,,,,,,,,
1083448,2016/17,2017-04-01,Sinhalese Sports Club Ground,1,3.4,Sri Lanka,Bangladesh,WU Tharanga,MD Gunathilaka,Mustafizur Rahman,0,0,,,,,,,,,
1083448,2016/17,2017-04-01,Sinhalese Sports Club Ground,1,3.5,Sri Lanka,Bangladesh,WU Tharanga,MD Gunathilaka,Mustafizur Rahman,0,0,,,,,,,,,
1083448,2016/17,2017-04-01,Sinhalese Sports Club Ground,1,3.6,Sri Lanka,Bangladesh,WU Tharanga,MD Gunathilaka,Mustafizur Rahman,0,0,,,,,,,,,
1083448,2016/17,2017-04-01,Sinhalese Sports Club Ground,1,4.1,Sri Lanka,Bangladesh,MD Gunathilaka,WU Tharanga,Mashrafe Mortaza,1,0,,,,,,,,,
1083448,2016/17,2017-04-01,Sinhalese Sports Club Ground,1,4.2,Sri Lanka,Bangladesh,WU Tharanga,MD Gunathilaka,Mashrafe Mortaza,1,0,,,,,,,,,
1083448,2016/17,2017-04-01,Sinhalese Sports Club Ground,1,4.3,Sri Lanka,Bangladesh,MD Gunathilaka,WU Tharanga,Mashrafe Mortaza,0,0,,,,,,,,,
1083448,2016/17,2017-04-01,Sinhalese Sports Club Ground,1,4.4,Sri Lanka,Bangladesh,MD Gunathilaka,WU Tharanga,Mashrafe Mortaza,0,0,,,,,,,,,
1083448,2016/17,2017-04-01,Sinhalese Sports Club Ground,1,4.5,Sri Lanka,Bangladesh,MD Gunathilaka,WU Tharanga,Mashrafe Mortaza,1,0,,,,,,,,,
1083448,2016/17,2017-04-01,Sinhalese Sports Club Ground,1,4.6,Sri Lanka,Bangladesh,WU Tharanga,MD Gunathilaka,Mashrafe Mortaza,6,0,,,,,,,,,
1083448,2016/17,2017-04-01,Sinhalese Sports Club Ground,1,5.1,Sri Lanka,Bangladesh,MD Gunathilaka,WU Tharanga,Mustafizur Rahman,1,0,,,,,,,,,
1083448,2016/17,2017-04-01,Sinhalese Sports Club Ground,1,5.2,Sri Lanka,Bangladesh,WU Tharanga,MD Gunathilaka,Mustafizur Rahman,0,1,1,,,,,,,,
1083448,2016/17,2017-04-01,Sinhalese Sports Club Ground,1,5.3,Sri Lanka,Bangladesh,WU Tharanga,MD Gunathilaka,Mustafizur Rahman,4,0,,,,,,,,,
1083448,2016/17,2017-04-01,Sinhalese Sports Club Ground,1,5.4,Sri Lanka,Bangladesh,WU Tharanga,MD Gunathilaka,Mustafizur Rahman,4,0,,,,,,,,,
1083448,2016/17,2017-04-01,Sinhalese Sports Club Ground,1,5.5,Sri Lanka,Bangladesh,WU Tharanga,MD Gunathilaka,Mustafizur Rahman,0,0,,,,,,,,,
1083448,2016/17,2017-04-01,Sinhalese Sports Club Ground,1,5.6,Sri Lanka,Bangladesh,WU Tharanga,MD Gunathilaka,Mustafizur Rahman,4,0,,,,,,,,,
1083448,2016/17,2017-04-01,Sinhalese Sports Club Ground,1,5.7,Sri Lanka,Bangladesh,WU Tharanga,MD Gunathilaka,Mustafizur Rahman,0,0,,,,,,,,,
1083448,2016/17,2017-04-01,Sinhalese Sports Club Ground,1,6.1,Sri Lanka,Bangladesh,MD Gunathilaka,WU Tharanga,Mehedi Hasan Miraz,0,0,,,,,,,,,
1083448,2016/17,2017-04-01,Sinhalese Sports Club Ground,1,6.2,Sri Lanka,Bangladesh,MD Gunathilaka,WU Tharanga,Mehedi Hasan Miraz,0,0,,,,,,,,,
1083448,2016/17,2017-04-01,Sinhalese Sports Club Ground,1,6.3,Sri Lanka,Bangladesh,MD Gunathilaka,WU Tharanga,Mehedi Hasan Miraz,0,0,,,,,,,,,
1083448,2016/17,2017-04-01,Sinhalese Sports Club Ground,1,6.4,Sri Lanka,Bangladesh,MD Gunathilaka,WU Tharanga,Mehedi Hasan Miraz,0,0,,,,,,,,,
1083448,2016/17,2017-04-01,Sinhalese Sports Club Ground,1,6.5,Sri Lanka,Bangladesh,MD Gunathilaka,WU Tharanga,Mehedi Hasan Miraz,0,0,,,,,,,,,
1083448,2016/17,2017-04-01,Sinhalese Sports Club Ground,1,6.6,Sri Lanka,Bangladesh,MD Gunathilaka,WU Tharanga,Mehedi Hasan Miraz,6,0,,,,,,,,,
1083448,2016/17,2017-04-01,Sinhalese Sports Club Ground,1,7.1,Sri Lanka,Bangladesh,WU Tharanga,MD Gunathilaka,Taskin Ahmed,0,5,5,,,,,,,,
1083448,2016/17,2017-04-01,Sinhalese Sports Club Ground,1,7.2,Sri Lanka,Bangladesh,WU Tharanga,MD Gunathilaka,Taskin Ahmed,0,0,,,,,,,,,
1083448,2016/17,2017-04-01,Sinhalese Sports Club Ground,1,7.3,Sri Lanka,Bangladesh,WU Tharanga,MD Gunathilaka,Taskin Ahmed,0,1,,,,1,,,,,
1083448,2016/17,2017-04-01,Sinhalese Sports Club Ground,1,7.4,Sri Lanka,Bangladesh,MD Gunathilaka,WU Tharanga,Taskin Ahmed,0,1,1,,,,,,,,
1083448,2016/17,2017-04-01,Sinhalese Sports Club Ground,1,7.5,Sri Lanka,Bangladesh,MD Gunathilaka,WU Tharanga,Taskin Ahmed,0,0,,,,,,,,,
1083448,2016/17,2017-04-01,Sinhalese Sports Club Ground,1,7.6,Sri Lanka,Bangladesh,MD Gunathilaka,WU Tharanga,Taskin Ahmed,2,0,,,,,,,,,
1083448,2016/17,2017-04-01,Sinhalese Sports Club Ground,1,7.7,Sri Lanka,Bangladesh,MD Gunathilaka,WU Tharanga,Taskin Ahmed,1,0,,,,,,,,,
1083448,2016/17,2017-04-01,Sinhalese Sports Club Ground,1,7.8,Sri Lanka,Bangladesh,WU Tharanga,MD Gunathilaka,Taskin Ahmed,0,0,,,,,,,,,
1083448,2016/17,2017-04-01,Sinhalese Sports Club Ground,1,8.1,Sri Lanka,Bangladesh,MD Gunathilaka,WU Tharanga,Mehedi Hasan Miraz,0,1,1,,,,,,,,
1083448,2016/17,2017-04-01,Sinhalese Sports Club Ground,1,8.2,Sri Lanka,Bangladesh,MD Gunathilaka,WU Tharanga,Mehedi Hasan Miraz,0,0,,,,,,,,,
1083448,2016/17,2017-04-01,Sinhalese Sports Club Ground,1,8.3,Sri Lanka,Bangladesh,MD Gunathilaka,WU Tharanga,Mehedi Hasan Miraz,0,0,,,,,,,,,
1083448,2016/17,2017-04-01,Sinhalese Sports Club Ground,1,8.4,Sri Lanka,Bangladesh,MD Gunathilaka,WU Tharanga,Mehedi Hasan Miraz,0,0,,,,,,,,,
1083448,2016/17,2017-04-01,Sinhalese Sports Club Ground,1,8.5,Sri Lanka,Bangladesh,MD Gunathilaka,WU Tharanga,Mehedi Hasan Miraz,4,0,,,,,,,,,
1083448,2016/17,2017-04-01,Sinhalese Sports Club Ground,1,8.6,Sri Lanka,Bangladesh,MD Gunathilaka,WU Tharanga,Mehedi Hasan Miraz,4,0,,,,,,,,,
1083448,2016/17,2017-04-01,Sinhalese Sports Club Ground,1,8.7,Sri Lanka,Bangladesh,MD Gunathilaka,WU Tharanga,Mehedi Hasan Miraz,1,0,,,,,,,,,
1083448,2016/17,2017-04-01,Sinhalese Sports Club Ground,1,9.1,Sri Lanka,Bangladesh,MD Gunathilaka,WU Tharanga,Mahmudullah,1,0,,,,,,,,,
1083448,2016/17,2017-04-01,Sinhalese Sports Club Ground,1,9.2,Sri Lanka,Bangladesh,WU Tharanga,MD Gunathilaka,Mahmudullah,1,0,,,,,,,,,
1083448,2016/17,2017-04-01,Sinhalese Sports Club Ground,1,9.3,Sri Lanka,Bangladesh,MD Gunathilaka,WU Tharanga,Mahmudullah,1,0,,,,,,,,,
1083448,2016/17,2017-04-01,Sinhalese Sports Club Ground,1,9.4,Sri Lanka,Bangladesh,WU Tharanga,MD Gunathilaka,Mahmudullah,0,0,,,,,,,,,
1083448,2016/17,2017-04-01,Sinhalese Sports Club Ground,1,9.5,Sri Lanka,Bangladesh,WU Tharanga,MD Gunathilaka,Mahmudullah,1,0,,,,,,,,,
1083448,2016/17,2017-04-01,Sinhalese Sports Club Ground,1,9.6,Sri Lanka,Bangladesh,MD Gunathilaka,WU Tharanga,Mahmudullah,1,0,,,,,,,,,
1083448,2016/17,2017-04-01,Sinhalese Sports Club Ground,1,10.1,Sri Lanka,Bangladesh,MD Gunathilaka,WU Tharanga,Mehedi Hasan Miraz,0,0,,,,,,,,,
1083448,2016/17,2017-04-01,Sinhalese Sports Club Ground,1,10.2,Sri Lanka,Bangladesh,MD Gunathilaka,WU Tharanga,Mehedi Hasan Miraz,0,0,,,,,,,,,
1083448,2016/17,2017-04-01,Sinhalese Sports Club Ground,1,10.3,Sri Lanka,Bangladesh,MD Gunathilaka,WU Tharanga,Mehedi Hasan Miraz,0,0,,,,,,,,,
1083448,2016/17,2017-04-01,Sinhalese Sports Club Ground,1,10.4,Sri Lanka,Bangladesh,MD Gunathilaka,WU Tharanga,Mehedi Hasan Miraz,0,0,,,,,,,,,
1083448,2016/17,2017-04-01,Sinhalese Sports Club Ground,1,10.5,Sri Lanka,Bangladesh,MD Gunathilaka,WU Tharanga,Mehedi Hasan Miraz,0,0,,,,,,caught,MD Gunathilaka,,
1083448,2016/17,2017-04-01,Sinhalese Sports Club Ground,1,10.6,Sri Lanka,Bangladesh,BKG Mendis,WU Tharanga,Mehedi Hasan Miraz,0,0,,,,,,,,,
1083448,2016/17,2017-04-01,Sinhalese Sports Club Ground,1,11.1,Sri Lanka,Bangladesh,WU Tharanga,BKG Mendis,Taskin Ahmed,1,0,,,,,,,,,
1083448,2016/17,2017-04-01,Sinhalese Sports Club Ground,1,11.2,Sri Lanka,Bangladesh,BKG Mendis,WU Tharanga,Taskin Ahmed,1,0,,,,,,,,,
1083448,2016/17,2017-04-01,Sinhalese Sports Club Ground,1,11.3,Sri Lanka,Bangladesh,WU Tharanga,BKG Mendis,Taskin Ahmed,0,0,,,,,,,,,
1083448,2016/17,2017-04-01,Sinhalese Sports Club Ground,1,11.4,Sri Lanka,Bangladesh,WU Tharanga,BKG Mendis,Taskin Ahmed,1,0,,,,,,,,,
1083448,2016/17,2017-04-01,Sinhalese Sports Club Ground,1,11.5,Sri Lanka,Bangladesh,BKG Mendis,WU Tharanga,Taskin Ahmed,0,0,,,,,,,,,
1083448,2016/17,2017-04-01,Sinhalese Sports Club Ground,1,11.6,Sri Lanka,Bangladesh,BKG Mendis,WU Tharanga,Taskin Ahmed,0,0,,,,,,,,,
1083448,2016/17,2017-04-01,Sinhalese Sports Club Ground,1,12.1,Sri Lanka,Bangladesh,WU Tharanga,BKG Mendis,Mehedi Hasan Miraz,1,0,,,,,,,,,
1083448,2016/17,2017-04-01,Sinhalese Sports Club Ground,1,12.2,Sri Lanka,Bangladesh,BKG Mendis,WU Tharanga,Mehedi Hasan Miraz,1,0,,,,,,,,,
1083448,2016/17,2017-04-01,Sinhalese Sports Club Ground,1,12.3,Sri Lanka,Bangladesh,WU Tharanga,BKG Mendis,Mehedi Hasan Miraz,0,0,,,,,,,,,
1083448,2016/17,2017-04-01,Sinhalese Sports Club Ground,1,12.4,Sri Lanka,Bangladesh,WU Tharanga,BKG Mendis,Mehedi Hasan Miraz,1,0,,,,,,,,,
1083448,2016/17,2017-04-01,Sinhalese Sports Club Ground,1,12.5,Sri Lanka,Bangladesh,BKG Mendis,WU Tharanga,Mehedi Hasan Miraz,2,0,,,,,,,,,
1083448,2016/17,2017-04-01,Sinhalese Sports Club Ground,1,12.6,Sri Lanka,Bangladesh,BKG Mendis,WU Tharanga,Mehedi Hasan Miraz,0,0,,,,,,,,,
1083448,2016/17,2017-04-01,Sinhalese Sports Club Ground,1,13.1,Sri Lanka,Bangladesh,WU Tharanga,BKG Mendis,Taskin Ahmed,1,0,,,,,,,,,
1083448,2016/17,2017-04-01,Sinhalese Sports Club Ground,1,13.2,Sri Lanka,Bangladesh,BKG Mendis,WU Tharanga,Taskin Ahmed,0,0,,,,,,,,,
1083448,2016/17,2017-04-01,Sinhalese Sports Club Ground,1,13.3,Sri Lanka,Bangladesh,BKG Mendis,WU Tharanga,Taskin Ahmed,1,0,,,,,,,,,
1083448,2016/17,2017-04-01,Sinhalese Sports Club Ground,1,13.4,Sri Lanka,Bangladesh,WU Tharanga,BKG Mendis,Taskin Ahmed,0,1,1,,,,,,,,
1083448,2016/17,2017-04-01,Sinhalese Sports Club Ground,1,13.5,Sri Lanka,Bangladesh,WU Tharanga,BKG Mendis,Taskin Ahmed,0,0,,,,,,bowled,WU Tharanga,,
1083448,2016/17,2017-04-01,Sinhalese Sports Club Ground,1,13.6,Sri Lanka,Bangladesh,LD Chandimal,BKG Mendis,Taskin Ahmed,0,0,,,,,,,,,
1083448,2016/17,2017-04-01,Sinhalese Sports Club Ground,1,13.7,Sri Lanka,Bangladesh,LD Chandimal,BKG Mendis,Taskin Ahmed,0,0,,,,,,,,,
1083448,2016/17,2017-04-01,Sinhalese Sports Club Ground,1,14.1,Sri Lanka,Bangladesh,BKG Mendis,LD Chandimal,Shakib Al Hasan,0,0,,,,,,,,,
1083448,2016/17,2017-04-01,Sinhalese Sports Club Ground,1,14.2,Sri Lanka,Bangladesh,BKG Mendis,LD Chandimal,Shakib Al Hasan,0,0,,,,,,,,,
1083448,2016/17,2017-04-01,Sinhalese Sports Club Ground,1,14.3,Sri Lanka,Bangladesh,BKG Mendis,LD Chandimal,Shakib Al Hasan,1,0,,,,,,,,,
1083448,2016/17,2017-04-01,Sinhalese Sports Club Ground,1,14.4,Sri Lanka,Bangladesh,LD Chandimal,BKG Mendis,Shakib Al Hasan,0,0,,,,,,,,,
1083448,2016/17,2017-04-01,Sinhalese Sports Club Ground,1,14.5,Sri Lanka,Bangladesh,LD Chandimal,BKG Mendis,Shakib Al Hasan,0,0,,,,,,,,,
1083448,2016/17,2017-04-01,Sinhalese Sports Club Ground,1,14.6,Sri Lanka,Bangladesh,LD Chandimal,BKG Mendis,Shakib Al Hasan,0,0,,,,,,,,,
1083448,2016/17,2017-04-01,Sinhalese Sports Club Ground,1,15.1,Sri Lanka,Bangladesh,BKG Mendis,LD Chandimal,Taskin Ahmed,0,0,,,,,,,,,
1083448,2016/17,2017-04-01,Sinhalese Sports Club Ground,1,15.2,Sri Lanka,Bangladesh,BKG Mendis,LD Chandimal,Taskin Ahmed,0,0,,,,,,,,,
1083448,2016/17,2017-04-01,Sinhalese Sports Club Ground,1,15.3,Sri Lanka,Bangladesh,BKG Mendis,LD Chandimal,Taskin Ahmed,0,0,,,,,,,,,
1083448,2016/17,2017-04-01,Sinhalese Sports Club Ground,1,15.4,Sri Lanka,Bangladesh,BKG Mendis,LD Chandimal,Taskin Ahmed,0,0,,,,,,,,,
1083448,2016/17,2017-04-01,Sinhalese Sports Club Ground,1,15.5,Sri Lanka,Bangladesh,BKG Mendis,LD Chandimal,Taskin Ahmed,0,0,,,,,,,,,
1083448,2016/17,2017-04-01,Sinhalese Sports Club Ground,1,15.6,Sri Lanka,Bangladesh,BKG Mendis,LD Chandimal,Taskin Ahmed,0,0,,,,,,,,,
1083448,2016/17,2017-04-01,Sinhalese Sports Club Ground,1,16.1,Sri Lanka,Bangladesh,LD Chandimal,BKG Mendis,Shakib Al Hasan,0,0,,,,,,,,,
1083448,2016/17,2017-04-01,Sinhalese Sports Club Ground,1,16.2,Sri Lanka,Bangladesh,LD Chandimal,BKG Mendis,Shakib Al Hasan,1,0,,,,,,,,,
1083448,2016/17,2017-04-01,Sinhalese Sports Club Ground,1,16.3,Sri Lanka,Bangladesh,BKG Mendis,LD Chandimal,Shakib Al Hasan,1,0,,,,,,,,,
1083448,2016/17,2017-04-01,Sinhalese Sports Club Ground,1,16.4,Sri Lanka,Bangladesh,LD Chandimal,BKG Mendis,Shakib Al Hasan,1,0,,,,,,,,,
1083448,2016/17,2017-04-01,Sinhalese Sports Club Ground,1,16.5,Sri Lanka,Bangladesh,BKG Mendis,LD Chandimal,Shakib Al Hasan,0,0,,,,,,,,,
1083448,2016/17,2017-04-01,Sinhalese Sports Club Ground,1,16.6,Sri Lanka,Bangladesh,BKG Mendis,LD Chandimal,Shakib Al Hasan,0,0,,,,,,,,,
1083448,2016/17,2017-04-01,Sinhalese Sports Club Ground,1,17.1,Sri Lanka,Bangladesh,LD Chandimal,BKG Mendis,Taskin Ahmed,4,0,,,,,,,,,
1083448,2016/17,2017-04-01,Sinhalese Sports Club Ground,1,17.2,Sri Lanka,Bangladesh,LD Chandimal,BKG Mendis,Taskin Ahmed,4,0,,,,,,,,,
1083448,2016/17,2017-04-01,Sinhalese Sports Club Ground,1,17.3,Sri Lanka,Bangladesh,LD Chandimal,BKG Mendis,Taskin Ahmed,0,0,,,,,,,,,
1083448,2016/17,2017-04-01,Sinhalese Sports Club Ground,1,17.4,Sri Lanka,Bangladesh,LD Chandimal,BKG Mendis,Taskin Ahmed,0,2,2,,,,,,,,
1083448,2016/17,2017-04-01,Sinhalese Sports Club Ground,1,17.5,Sri Lanka,Bangladesh,BKG Mendis,LD Chandimal,Taskin Ahmed,0,0,,,,,,,,,
1083448,2016/17,2017-04-01,Sinhalese Sports Club Ground,1,17.6,Sri Lanka,Bangladesh,BKG Mendis,LD Chandimal,Taskin Ahmed,0,0,,,,,,,,,
1083448,2016/17,2017-04-01,Sinhalese Sports Club Ground,1,17.7,Sri Lanka,Bangladesh,BKG Mendis,LD Chandimal,Taskin Ahmed,0,0,,,,,,,,,
1083448,2016/17,2017-04-01,Sinhalese Sports Club Ground,1,18.1,Sri Lanka,Bangladesh,LD Chandimal,BKG Mendis,Shakib Al Hasan,1,0,,,,,,,,,
1083448,2016/17,2017-04-01,Sinhalese Sports Club Ground,1,18.2,Sri Lanka,Bangladesh,BKG Mendis,LD Chandimal,Shakib Al Hasan,4,0,,,,,,,,,
1083448,2016/17,2017-04-01,Sinhalese Sports Club Ground,1,18.3,Sri Lanka,Bangladesh,BKG Mendis,LD Chandimal,Shakib Al Hasan,4,0,,,,,,,,,
1083448,2016/17,2017-04-01,Sinhalese Sports Club Ground,1,18.4,Sri Lanka,Bangladesh,BKG Mendis,LD Chandimal,Shakib Al Hasan,0,0,,,,,,,,,
1083448,2016/17,2017-04-01,Sinhalese Sports Club Ground,1,18.5,Sri Lanka,Bangladesh,BKG Mendis,LD Chandimal,Shakib Al Hasan,0,0,,,,,,,,,
1083448,2016/17,2017-04-01,Sinhalese Sports Club Ground,1,18.6,Sri Lanka,Bangladesh,BKG Mendis,LD Chandimal,Shakib Al Hasan,0,0,,,,,,,,,
1083448,2016/17,2017-04-01,Sinhalese Sports Club Ground,1,19.1,Sri Lanka,Bangladesh,LD Chandimal,BKG Mendis,Mustafizur Rahman,0,0,,,,,,,,,
1083448,2016/17,2017-04-01,Sinhalese Sports Club Ground,1,19.2,Sri Lanka,Bangladesh,LD Chandimal,BKG Mendis,Mustafizur Rahman,0,0,,,,,,,,,
1083448,2016/17,2017-04-01,Sinhalese Sports Club Ground,1,19.3,Sri Lanka,Bangladesh,LD Chandimal,BKG Mendis,Mustafizur Rahman,0,0,,,,,,,,,
1083448,2016/17,2017-04-01,Sinhalese Sports Club Ground,1,19.4,Sri Lanka,Bangladesh,LD Chandimal,BKG Mendis,Mustafizur Rahman,0,0,,,,,,,,,
1083448,2016/17,2017-04-01,Sinhalese Sports Club Ground,1,19.5,Sri Lanka,Bangladesh,LD Chandimal,BKG Mendis,Mustafizur Rahman,1,0,,,,,,,,,
1083448,2016/17,2017-04-01,Sinhalese Sports Club Ground,1,19.6,Sri Lanka,Bangladesh,BKG Mendis,LD Chandimal,Mustafizur Rahman,1,0,,,,,,,,,
1083448,2016/17,2017-04-01,Sinhalese Sports Club Ground,1,20.1,Sri Lanka,Bangladesh,BKG Mendis,LD Chandimal,Shakib Al Hasan,0,0,,,,,,,,,
1083448,2016/17,2017-04-01,Sinhalese Sports Club Ground,1,20.2,Sri Lanka,Bangladesh,BKG Mendis,LD Chandimal,Shakib Al Hasan,4,0,,,,,,,,,
1083448,2016/17,2017-04-01,Sinhalese Sports Club Ground,1,20.3,Sri Lanka,Bangladesh,BKG Mendis,LD Chandimal,Shakib Al Hasan,1,0,,,,,,,,,
1083448,2016/17,2017-04-01,Sinhalese Sports Club Ground,1,20.4,Sri Lanka,Bangladesh,LD Chandimal,BKG Mendis,Shakib Al Hasan,1,0,,,,,,,,,
1083448,2016/17,2017-04-01,Sinhalese Sports Club Ground,1,20.5,Sri Lanka,Bangladesh,BKG Mendis,LD Chandimal,Shakib Al Hasan,0,0,,,,,,,,,
1083448,2016/17,2017-04-01,Sinhalese Sports Club Ground,1,20.6,Sri Lanka,Bangladesh,BKG Mendis,LD Chandimal,Shakib Al Hasan,1,0,,,,,,,,,
1083448,2016/17,2017-04-01,Sinhalese Sports Club Ground,1,21.1,Sri Lanka,Bangladesh,BKG Mendis,LD Chandimal,Mustafizur Rahman,0,0,,,,,,,,,
1083448,2016/17,2017-04-01,Sinhalese Sports Club Ground,1,21.2,Sri Lanka,Bangladesh,BKG Mendis,LD Chandimal,Mustafizur Rahman,0,0,,,,,,,,,
1083448,2016/17,2017-04-01,Sinhalese Sports Club Ground,1,21.3,Sri Lanka,Bangladesh,BKG Mendis,LD Chandimal,Mustafizur Rahman,0,0,,,,,,,,,
1083448,2016/17,2017-04-01,Sinhalese Sports Club Ground,1,21.4,Sri Lanka,Bangladesh,BKG Mendis,LD Chandimal,Mustafizur Rahman,1,0,,,,,,,,,
1083448,2016/17,2017-04-01,Sinhalese Sports Club Ground,1,21.5,Sri Lanka,Bangladesh,LD Chandimal,BKG Mendis,Mustafizur Rahman,0,0,,,,,,,,,
1083448,2016/17,2017-04-01,Sinhalese Sports Club Ground,1,21.6,Sri Lanka,Bangladesh,LD Chandimal,BKG Mendis,Mustafizur Rahman,0,0,,,,,,,,,
1083448,2016/17,2017-04-01,Sinhalese Sports Club Ground,1,22.1,Sri Lanka,Bangladesh,BKG Mendis,LD Chandimal,Mashrafe Mortaza,0,0,,,,,,,,,
1083448,2016/17,2017-04-01,Sinhalese Sports Club Ground,1,22.2,Sri Lanka,Bangladesh,BKG Mendis,LD Chandimal,Mashrafe Mortaza,0,0,,,,,,,,,
1083448,2016/17,2017-04-01,Sinhalese Sports Club Ground,1,22.3,Sri Lanka,Bangladesh,BKG Mendis,LD Chandimal,Mashrafe Mortaza,1,0,,,,,,,,,
1083448,2016/17,2017-04-01,Sinhalese Sports Club Ground,1,22.4,Sri Lanka,Bangladesh,LD Chandimal,BKG Mendis,Mashrafe Mortaza,1,0,,,,,,,,,
1083448,2016/17,2017-04-01,Sinhalese Sports Club Ground,1,22.5,Sri Lanka,Bangladesh,BKG Mendis,LD Chandimal,Mashrafe Mortaza,1,0,,,,,,,,,
1083448,2016/17,2017-04-01,Sinhalese Sports Club Ground,1,22.6,Sri Lanka,Bangladesh,LD Chandimal,BKG Mendis,Mashrafe Mortaza,0,1,1,,,,,,,,
1083448,2016/17,2017-04-01,Sinhalese Sports Club Ground,1,22.7,Sri Lanka,Bangladesh,LD Chandimal,BKG Mendis,Mashrafe Mortaza,1,0,,,,,,,,,
1083448,2016/17,2017-04-01,Sinhalese Sports Club Ground,1,23.1,Sri Lanka,Bangladesh,LD Chandimal,BKG Mendis,Mustafizur Rahman,0,0,,,,,,,,,
1083448,2016/17,2017-04-01,Sinhalese Sports Club Ground,1,23.2,Sri Lanka,Bangladesh,LD Chandimal,BKG Mendis,Mustafizur Rahman,1,0,,,,,,,,,
1083448,2016/17,2017-04-01,Sinhalese Sports Club Ground,1,23.3,Sri Lanka,Bangladesh,BKG Mendis,LD Chandimal,Mustafizur Rahman,1,0,,,,,,,,,
1083448,2016/17,2017-04-01,Sinhalese Sports Club Ground,1,23.4,Sri Lanka,Bangladesh,LD Chandimal,BKG Mendis,Mustafizur Rahman,0,0,,,,,,,,,
1083448,2016/17,2017-04-01,Sinhalese Sports Club Ground,1,23.5,Sri Lanka,Bangladesh,LD Chandimal,BKG Mendis,Mustafizur Rahman,0,0,,,,,,,,,
1083448,2016/17,2017-04-01,Sinhalese Sports Club Ground,1,23.6,Sri Lanka,Bangladesh,LD Chandimal,BKG Mendis,Mustafizur Rahman,1,0,,,,,,,,,
1083448,2016/17,2017-04-01,Sinhalese Sports Club Ground,1,24.1,Sri Lanka,Bangladesh,LD Chandimal,BKG Mendis,Mashrafe Mortaza,0,0,,,,,,,,,
1083448,2016/17,2017-04-01,Sinhalese Sports Club Ground,1,24.2,Sri Lanka,Bangladesh,LD Chandimal,BKG Mendis,Mashrafe Mortaza,0,0,,,,,,,,,
1083448,2016/17,2017-04-01,Sinhalese Sports Club Ground,1,24.3,Sri Lanka,Bangladesh,LD Chandimal,BKG Mendis,Mashrafe Mortaza,1,0,,,,,,,,,
1083448,2016/17,2017-04-01,Sinhalese Sports Club Ground,1,24.4,Sri Lanka,Bangladesh,BKG Mendis,LD Chandimal,Mashrafe Mortaza,1,0,,,,,,,,,
1083448,2016/17,2017-04-01,Sinhalese Sports Club Ground,1,24.5,Sri Lanka,Bangladesh,LD Chandimal,BKG Mendis,Mashrafe Mortaza,0,0,,,,,,,,,
1083448,2016/17,2017-04-01,Sinhalese Sports Club Ground,1,24.6,Sri Lanka,Bangladesh,LD Chandimal,BKG Mendis,Mashrafe Mortaza,1,0,,,,,,,,,
1083448,2016/17,2017-04-01,Sinhalese Sports Club Ground,1,25.1,Sri Lanka,Bangladesh,LD Chandimal,BKG Mendis,Shakib Al Hasan,1,0,,,,,,,,,
1083448,2016/17,2017-04-01,Sinhalese Sports Club Ground,1,25.2,Sri Lanka,Bangladesh,BKG Mendis,LD Chandimal,Shakib Al Hasan,2,0,,,,,,,,,
1083448,2016/17,2017-04-01,Sinhalese Sports Club Ground,1,25.3,Sri Lanka,Bangladesh,BKG Mendis,LD Chandimal,Shakib Al Hasan,1,0,,,,,,,,,
1083448,2016/17,2017-04-01,Sinhalese Sports Club Ground,1,25.4,Sri Lanka,Bangladesh,LD Chandimal,BKG Mendis,Shakib Al Hasan,0,0,,,,,,,,,
1083448,2016/17,2017-04-01,Sinhalese Sports Club Ground,1,25.5,Sri Lanka,Bangladesh,LD Chandimal,BKG Mendis,Shakib Al Hasan,1,0,,,,,,run out,LD Chandimal,,
1083448,2016/17,2017-04-01,Sinhalese Sports Club Ground,1,25.6,Sri Lanka,Bangladesh,TAM Siriwardana,BKG Mendis,Shakib Al Hasan,0,0,,,,,,,,,
1083448,2016/17,2017-04-01,Sinhalese Sports Club Ground,1,26.1,Sri Lanka,Bangladesh,BKG Mendis,TAM Siriwardana,Mashrafe Mortaza,0,0,,,,,,,,,
1083448,2016/17,2017-04-01,Sinhalese Sports Club Ground,1,26.2,Sri Lanka,Bangladesh,BKG Mendis,TAM Siriwardana,Mashrafe Mortaza,1,0,,,,,,,,,
1083448,2016/17,2017-04-01,Sinhalese Sports Club Ground,1,26.3,Sri Lanka,Bangladesh,TAM Siriwardana,BKG Mendis,Mashrafe Mortaza,0,0,,,,,,,,,
1083448,2016/17,2017-04-01,Sinhalese Sports Club Ground,1,26.4,Sri Lanka,Bangladesh,TAM Siriwardana,BKG Mendis,Mashrafe Mortaza,1,0,,,,,,,,,
1083448,2016/17,2017-04-01,Sinhalese Sports Club Ground,1,26.5,Sri Lanka,Bangladesh,BKG Mendis,TAM Siriwardana,Mashrafe Mortaza,2,0,,,,,,,,,
1083448,2016/17,2017-04-01,Sinhalese Sports Club Ground,1,26.6,Sri Lanka,Bangladesh,BKG Mendis,TAM Siriwardana,Mashrafe Mortaza,0,0,,,,,,,,,
1083448,2016/17,2017-04-01,Sinhalese Sports Club Ground,1,27.1,Sri Lanka,Bangladesh,TAM Siriwardana,BKG Mendis,Shakib Al Hasan,1,0,,,,,,,,,
1083448,2016/17,2017-04-01,Sinhalese Sports Club Ground,1,27.2,Sri Lanka,Bangladesh,BKG Mendis,TAM Siriwardana,Shakib Al Hasan,1,0,,,,,,,,,
1083448,2016/17,2017-04-01,Sinhalese Sports Club Ground,1,27.3,Sri Lanka,Bangladesh,TAM Siriwardana,BKG Mendis,Shakib Al Hasan,0,0,,,,,,,,,
1083448,2016/17,2017-04-01,Sinhalese Sports Club Ground,1,27.4,Sri Lanka,Bangladesh,TAM Siriwardana,BKG Mendis,Shakib Al Hasan,0,0,,,,,,,,,
1083448,2016/17,2017-04-01,Sinhalese Sports Club Ground,1,27.5,Sri Lanka,Bangladesh,TAM Siriwardana,BKG Mendis,Shakib Al Hasan,0,0,,,,,,,,,
1083448,2016/17,2017-04-01,Sinhalese Sports Club Ground,1,27.6,Sri Lanka,Bangladesh,TAM Siriwardana,BKG Mendis,Shakib Al Hasan,0,0,,,,,,,,,
1083448,2016/17,2017-04-01,Sinhalese Sports Club Ground,1,28.1,Sri Lanka,Bangladesh,BKG Mendis,TAM Siriwardana,Mehedi Hasan Miraz,4,0,,,,,,,,,
1083448,2016/17,2017-04-01,Sinhalese Sports Club Ground,1,28.2,Sri Lanka,Bangladesh,BKG Mendis,TAM Siriwardana,Mehedi Hasan Miraz,1,0,,,,,,,,,
1083448,2016/17,2017-04-01,Sinhalese Sports Club Ground,1,28.3,Sri Lanka,Bangladesh,TAM Siriwardana,BKG Mendis,Mehedi Hasan Miraz,1,0,,,,,,,,,
1083448,2016/17,2017-04-01,Sinhalese Sports Club Ground,1,28.4,Sri Lanka,Bangladesh,BKG Mendis,TAM Siriwardana,Mehedi Hasan Miraz,1,0,,,,,,,,,
1083448,2016/17,2017-04-01,Sinhalese Sports Club Ground,1,28.5,Sri Lanka,Bangladesh,TAM Siriwardana,BKG Mendis,Mehedi Hasan Miraz,1,0,,,,,,,,,
1083448,2016/17,2017-04-01,Sinhalese Sports Club Ground,1,28.6,Sri Lanka,Bangladesh,BKG Mendis,TAM Siriwardana,Mehedi Hasan Miraz,0,0,,,,,,,,,
1083448,2016/17,2017-04-01,Sinhalese Sports Club Ground,1,29.1,Sri Lanka,Bangladesh,TAM Siriwardana,BKG Mendis,Shakib Al Hasan,1,0,,,,,,,,,
1083448,2016/17,2017-04-01,Sinhalese Sports Club Ground,1,29.2,Sri Lanka,Bangladesh,BKG Mendis,TAM Siriwardana,Shakib Al Hasan,1,0,,,,,,,,,
1083448,2016/17,2017-04-01,Sinhalese Sports Club Ground,1,29.3,Sri Lanka,Bangladesh,TAM Siriwardana,BKG Mendis,Shakib Al Hasan,1,0,,,,,,,,,
1083448,2016/17,2017-04-01,Sinhalese Sports Club Ground,1,29.4,Sri Lanka,Bangladesh,BKG Mendis,TAM Siriwardana,Shakib Al Hasan,1,0,,,,,,,,,
1083448,2016/17,2017-04-01,Sinhalese Sports Club Ground,1,29.5,Sri Lanka,Bangladesh,TAM Siriwardana,BKG Mendis,Shakib Al Hasan,4,0,,,,,,,,,
1083448,2016/17,2017-04-01,Sinhalese Sports Club Ground,1,29.6,Sri Lanka,Bangladesh,TAM Siriwardana,BKG Mendis,Shakib Al Hasan,1,0,,,,,,,,,
1083448,2016/17,2017-04-01,Sinhalese Sports Club Ground,1,30.1,Sri Lanka,Bangladesh,TAM Siriwardana,BKG Mendis,Mehedi Hasan Miraz,1,0,,,,,,,,,
1083448,2016/17,2017-04-01,Sinhalese Sports Club Ground,1,30.2,Sri Lanka,Bangladesh,BKG Mendis,TAM Siriwardana,Mehedi Hasan Miraz,1,0,,,,,,,,,
1083448,2016/17,2017-04-01,Sinhalese Sports Club Ground,1,30.3,Sri Lanka,Bangladesh,TAM Siriwardana,BKG Mendis,Mehedi Hasan Miraz,0,0,,,,,,run out,TAM Siriwardana,,
1083448,2016/17,2017-04-01,Sinhalese Sports Club Ground,1,30.4,Sri Lanka,Bangladesh,DAS Gunaratne,BKG Mendis,Mehedi Hasan Miraz,0,0,,,,,,,,,
1083448,2016/17,2017-04-01,Sinhalese Sports Club Ground,1,30.5,Sri Lanka,Bangladesh,DAS Gunaratne,BKG Mendis,Mehedi Hasan Miraz,0,0,,,,,,,,,
1083448,2016/17,2017-04-01,Sinhalese Sports Club Ground,1,30.6,Sri Lanka,Bangladesh,DAS Gunaratne,BKG Mendis,Mehedi Hasan Miraz,1,0,,,,,,,,,
1083448,2016/17,2017-04-01,Sinhalese Sports Club Ground,1,31.1,Sri Lanka,Bangladesh,DAS Gunaratne,BKG Mendis,Shakib Al Hasan,1,0,,,,,,,,,
1083448,2016/17,2017-04-01,Sinhalese Sports Club Ground,1,31.2,Sri Lanka,Bangladesh,BKG Mendis,DAS Gunaratne,Shakib Al Hasan,2,0,,,,,,,,,
1083448,2016/17,2017-04-01,Sinhalese Sports Club Ground,1,31.3,Sri Lanka,Bangladesh,BKG Mendis,DAS Gunaratne,Shakib Al Hasan,1,0,,,,,,,,,
1083448,2016/17,2017-04-01,Sinhalese Sports Club Ground,1,31.4,Sri Lanka,Bangladesh,DAS Gunaratne,BKG Mendis,Shakib Al Hasan,0,0,,,,,,,,,
1083448,2016/17,2017-04-01,Sinhalese Sports Club Ground,1,31.5,Sri Lanka,Bangladesh,DAS Gunaratne,BKG Mendis,Shakib Al Hasan,0,0,,,,,,,,,
1083448,2016/17,2017-04-01,Sinhalese Sports Club Ground,1,31.6,Sri Lanka,Bangladesh,DAS Gunaratne,BKG Mendis,Shakib Al Hasan,1,0,,,,,,,,,
1083448,2016/17,2017-04-01,Sinhalese Sports Club Ground,1,32.1,Sri Lanka,Bangladesh,DAS Gunaratne,BKG Mendis,Mehedi Hasan Miraz,4,0,,,,,,,,,
1083448,2016/17,2017-04-01,Sinhalese Sports Club Ground,1,32.2,Sri Lanka,Bangladesh,DAS Gunaratne,BKG Mendis,Mehedi Hasan Miraz,1,0,,,,,,,,,
1083448,2016/17,2017-04-01,Sinhalese Sports Club Ground,1,32.3,Sri Lanka,Bangladesh,BKG Mendis,DAS Gunaratne,Mehedi Hasan Miraz,1,0,,,,,,,,,
1083448,2016/17,2017-04-01,Sinhalese Sports Club Ground,1,32.4,Sri Lanka,Bangladesh,DAS Gunaratne,BKG Mendis,Mehedi Hasan Miraz,1,0,,,,,,,,,
1083448,2016/17,2017-04-01,Sinhalese Sports Club Ground,1,32.5,Sri Lanka,Bangladesh,BKG Mendis,DAS Gunaratne,Mehedi Hasan Miraz,0,0,,,,,,,,,
1083448,2016/17,2017-04-01,Sinhalese Sports Club Ground,1,32.6,Sri Lanka,Bangladesh,BKG Mendis,DAS Gunaratne,Mehedi Hasan Miraz,1,0,,,,,,,,,
1083448,2016/17,2017-04-01,Sinhalese Sports Club Ground,1,33.1,Sri Lanka,Bangladesh,BKG Mendis,DAS Gunaratne,Taskin Ahmed,1,0,,,,,,,,,
1083448,2016/17,2017-04-01,Sinhalese Sports Club Ground,1,33.2,Sri Lanka,Bangladesh,DAS Gunaratne,BKG Mendis,Taskin Ahmed,0,0,,,,,,,,,
1083448,2016/17,2017-04-01,Sinhalese Sports Club Ground,1,33.3,Sri Lanka,Bangladesh,DAS Gunaratne,BKG Mendis,Taskin Ahmed,0,0,,,,,,,,,
1083448,2016/17,2017-04-01,Sinhalese Sports Club Ground,1,33.4,Sri Lanka,Bangladesh,DAS Gunaratne,BKG Mendis,Taskin Ahmed,0,0,,,,,,,,,
1083448,2016/17,2017-04-01,Sinhalese Sports Club Ground,1,33.5,Sri Lanka,Bangladesh,DAS Gunaratne,BKG Mendis,Taskin Ahmed,1,0,,,,,,,,,
1083448,2016/17,2017-04-01,Sinhalese Sports Club Ground,1,33.6,Sri Lanka,Bangladesh,BKG Mendis,DAS Gunaratne,Taskin Ahmed,1,0,,,,,,,,,
1083448,2016/17,2017-04-01,Sinhalese Sports Club Ground,1,34.1,Sri Lanka,Bangladesh,BKG Mendis,DAS Gunaratne,Mustafizur Rahman,1,0,,,,,,,,,
1083448,2016/17,2017-04-01,Sinhalese Sports Club Ground,1,34.2,Sri Lanka,Bangladesh,DAS Gunaratne,BKG Mendis,Mustafizur Rahman,0,0,,,,,,,,,
1083448,2016/17,2017-04-01,Sinhalese Sports Club Ground,1,34.3,Sri Lanka,Bangladesh,DAS Gunaratne,BKG Mendis,Mustafizur Rahman,4,0,,,,,,,,,
1083448,2016/17,2017-04-01,Sinhalese Sports Club Ground,1,34.4,Sri Lanka,Bangladesh,DAS Gunaratne,BKG Mendis,Mustafizur Rahman,0,0,,,,,,,,,
1083448,2016/17,2017-04-01,Sinhalese Sports Club Ground,1,34.5,Sri Lanka,Bangladesh,DAS Gunaratne,BKG Mendis,Mustafizur Rahman,1,0,,,,,,,,,
1083448,2016/17,2017-04-01,Sinhalese Sports Club Ground,1,34.6,Sri Lanka,Bangladesh,BKG Mendis,DAS Gunaratne,Mustafizur Rahman,0,0,,,,,,,,,
1083448,2016/17,2017-04-01,Sinhalese Sports Club Ground,1,35.1,Sri Lanka,Bangladesh,DAS Gunaratne,BKG Mendis,Taskin Ahmed,1,0,,,,,,,,,
1083448,2016/17,2017-04-01,Sinhalese Sports Club Ground,1,35.2,Sri Lanka,Bangladesh,BKG Mendis,DAS Gunaratne,Taskin Ahmed,1,0,,,,,,,,,
1083448,2016/17,2017-04-01,Sinhalese Sports Club Ground,1,35.3,Sri Lanka,Bangladesh,DAS Gunaratne,BKG Mendis,Taskin Ahmed,1,0,,,,,,,,,
1083448,2016/17,2017-04-01,Sinhalese Sports Club Ground,1,35.4,Sri Lanka,Bangladesh,BKG Mendis,DAS Gunaratne,Taskin Ahmed,0,0,,,,,,,,,
1083448,2016/17,2017-04-01,Sinhalese Sports Club Ground,1,35.5,Sri Lanka,Bangladesh,BKG Mendis,DAS Gunaratne,Taskin Ahmed,1,0,,,,,,,,,
1083448,2016/17,2017-04-01,Sinhalese Sports Club Ground,1,35.6,Sri Lanka,Bangladesh,DAS Gunaratne,BKG Mendis,Taskin Ahmed,4,0,,,,,,,,,
1083448,2016/17,2017-04-01,Sinhalese Sports Club Ground,1,36.1,Sri Lanka,Bangladesh,BKG Mendis,DAS Gunaratne,Mustafizur Rahman,0,0,,,,,,,,,
1083448,2016/17,2017-04-01,Sinhalese Sports Club Ground,1,36.2,Sri Lanka,Bangladesh,BKG Mendis,DAS Gunaratne,Mustafizur Rahman,1,0,,,,,,,,,
1083448,2016/17,2017-04-01,Sinhalese Sports Club Ground,1,36.3,Sri Lanka,Bangladesh,DAS Gunaratne,BKG Mendis,Mustafizur Rahman,1,0,,,,,,,,,
1083448,2016/17,2017-04-01,Sinhalese Sports Club Ground,1,36.4,Sri Lanka,Bangladesh,BKG Mendis,DAS Gunaratne,Mustafizur Rahman,0,0,,,,,,,,,
1083448,2016/17,2017-04-01,Sinhalese Sports Club Ground,1,36.5,Sri Lanka,Bangladesh,BKG Mendis,DAS Gunaratne,Mustafizur Rahman,0,0,,,,,,,,,
1083448,2016/17,2017-04-01,Sinhalese Sports Club Ground,1,36.6,Sri Lanka,Bangladesh,BKG Mendis,DAS Gunaratne,Mustafizur Rahman,0,0,,,,,,caught,BKG Mendis,,
1083448,2016/17,2017-04-01,Sinhalese Sports Club Ground,1,37.1,Sri Lanka,Bangladesh,DAS Gunaratne,NLTC Perera,Mehedi Hasan Miraz,1,0,,,,,,,,,
1083448,2016/17,2017-04-01,Sinhalese Sports Club Ground,1,37.2,Sri Lanka,Bangladesh,NLTC Perera,DAS Gunaratne,Mehedi Hasan Miraz,0,0,,,,,,,,,
1083448,2016/17,2017-04-01,Sinhalese Sports Club Ground,1,37.3,Sri Lanka,Bangladesh,NLTC Perera,DAS Gunaratne,Mehedi Hasan Miraz,0,0,,,,,,,,,
1083448,2016/17,2017-04-01,Sinhalese Sports Club Ground,1,37.4,Sri Lanka,Bangladesh,NLTC Perera,DAS Gunaratne,Mehedi Hasan Miraz,0,0,,,,,,,,,
1083448,2016/17,2017-04-01,Sinhalese Sports Club Ground,1,37.5,Sri Lanka,Bangladesh,NLTC Perera,DAS Gunaratne,Mehedi Hasan Miraz,1,0,,,,,,,,,
1083448,2016/17,2017-04-01,Sinhalese Sports Club Ground,1,37.6,Sri Lanka,Bangladesh,DAS Gunaratne,NLTC Perera,Mehedi Hasan Miraz,0,0,,,,,,,,,
1083448,2016/17,2017-04-01,Sinhalese Sports Club Ground,1,38.1,Sri Lanka,Bangladesh,NLTC Perera,DAS Gunaratne,Mosaddek Hossain,1,0,,,,,,,,,
1083448,2016/17,2017-04-01,Sinhalese Sports Club Ground,1,38.2,Sri Lanka,Bangladesh,DAS Gunaratne,NLTC Perera,Mosaddek Hossain,1,0,,,,,,,,,
1083448,2016/17,2017-04-01,Sinhalese Sports Club Ground,1,38.3,Sri Lanka,Bangladesh,NLTC Perera,DAS Gunaratne,Mosaddek Hossain,1,0,,,,,,,,,
1083448,2016/17,2017-04-01,Sinhalese Sports Club Ground,1,38.4,Sri Lanka,Bangladesh,DAS Gunaratne,NLTC Perera,Mosaddek Hossain,0,0,,,,,,,,,
1083448,2016/17,2017-04-01,Sinhalese Sports Club Ground,1,38.5,Sri Lanka,Bangladesh,DAS Gunaratne,NLTC Perera,Mosaddek Hossain,1,0,,,,,,,,,
1083448,2016/17,2017-04-01,Sinhalese Sports Club Ground,1,38.6,Sri Lanka,Bangladesh,NLTC Perera,DAS Gunaratne,Mosaddek Hossain,0,0,,,,,,,,,
1083448,2016/17,2017-04-01,Sinhalese Sports Club Ground,1,39.1,Sri Lanka,Bangladesh,DAS Gunaratne,NLTC Perera,Mehedi Hasan Miraz,0,0,,,,,,,,,
1083448,2016/17,2017-04-01,Sinhalese Sports Club Ground,1,39.2,Sri Lanka,Bangladesh,DAS Gunaratne,NLTC Perera,Mehedi Hasan Miraz,1,0,,,,,,,,,
1083448,2016/17,2017-04-01,Sinhalese Sports Club Ground,1,39.3,Sri Lanka,Bangladesh,NLTC Perera,DAS Gunaratne,Mehedi Hasan Miraz,1,0,,,,,,,,,
1083448,2016/17,2017-04-01,Sinhalese Sports Club Ground,1,39.4,Sri Lanka,Bangladesh,DAS Gunaratne,NLTC Perera,Mehedi Hasan Miraz,0,0,,,,,,,,,
1083448,2016/17,2017-04-01,Sinhalese Sports Club Ground,1,39.5,Sri Lanka,Bangladesh,DAS Gunaratne,NLTC Perera,Mehedi Hasan Miraz,0,0,,,,,,,,,
1083448,2016/17,2017-04-01,Sinhalese Sports Club Ground,1,39.6,Sri Lanka,Bangladesh,DAS Gunaratne,NLTC Perera,Mehedi Hasan Miraz,1,0,,,,,,,,,
1083448,2016/17,2017-04-01,Sinhalese Sports Club Ground,1,40.1,Sri Lanka,Bangladesh,DAS Gunaratne,NLTC Perera,Mosaddek Hossain,1,0,,,,,,,,,
1083448,2016/17,2017-04-01,Sinhalese Sports Club Ground,1,40.2,Sri Lanka,Bangladesh,NLTC Perera,DAS Gunaratne,Mosaddek Hossain,0,0,,,,,,,,,
1083448,2016/17,2017-04-01,Sinhalese Sports Club Ground,1,40.3,Sri Lanka,Bangladesh,NLTC Perera,DAS Gunaratne,Mosaddek Hossain,1,0,,,,,,,,,
1083448,2016/17,2017-04-01,Sinhalese Sports Club Ground,1,40.4,Sri Lanka,Bangladesh,DAS Gunaratne,NLTC Perera,Mosaddek Hossain,1,0,,,,,,,,,
1083448,2016/17,2017-04-01,Sinhalese Sports Club Ground,1,40.5,Sri Lanka,Bangladesh,NLTC Perera,DAS Gunaratne,Mosaddek Hossain,1,0,,,,,,,,,
1083448,2016/17,2017-04-01,Sinhalese Sports Club Ground,1,40.6,Sri Lanka,Bangladesh,DAS Gunaratne,NLTC Perera,Mosaddek Hossain,0,0,,,,,,,,,
1083448,2016/17,2017-04-01,Sinhalese Sports Club Ground,1,41.1,Sri Lanka,Bangladesh,NLTC Perera,DAS Gunaratne,Mehedi Hasan Miraz,1,0,,,,,,,,,
1083448,2016/17,2017-04-01,Sinhalese Sports Club Ground,1,41.2,Sri Lanka,Bangladesh,DAS Gunaratne,NLTC Perera,Mehedi Hasan Miraz,0,0,,,,,,,,,
1083448,2016/17,2017-04-01,Sinhalese Sports Club Ground,1,41.3,Sri Lanka,Bangladesh,DAS Gunaratne,NLTC Perera,Mehedi Hasan Miraz,1,0,,,,,,,,,
1083448,2016/17,2017-04-01,Sinhalese Sports Club Ground,1,41.4,Sri Lanka,Bangladesh,NLTC Perera,DAS Gunaratne,Mehedi Hasan Miraz,0,0,,,,,,,,,
1083448,2016/17,2017-04-01,Sinhalese Sports Club Ground,1,41.5,Sri Lanka,Bangladesh,NLTC Perera,DAS Gunaratne,Mehedi Hasan Miraz,1,0,,,,,,,,,
1083448,2016/17,2017-04-01,Sinhalese Sports Club Ground,1,41.6,Sri Lanka,Bangladesh,DAS Gunaratne,NLTC Perera,Mehedi Hasan Miraz,1,0,,,,,,,,,
1083448,2016/17,2017-04-01,Sinhalese Sports Club Ground,1,42.1,Sri Lanka,Bangladesh,DAS Gunaratne,NLTC Perera,Mosaddek Hossain,1,0,,,,,,,,,
1083448,2016/17,2017-04-01,Sinhalese Sports Club Ground,1,42.2,Sri Lanka,Bangladesh,NLTC Perera,DAS Gunaratne,Mosaddek Hossain,1,0,,,,,,,,,
1083448,2016/17,2017-04-01,Sinhalese Sports Club Ground,1,42.3,Sri Lanka,Bangladesh,DAS Gunaratne,NLTC Perera,Mosaddek Hossain,1,0,,,,,,,,,
1083448,2016/17,2017-04-01,Sinhalese Sports Club Ground,1,42.4,Sri Lanka,Bangladesh,NLTC Perera,DAS Gunaratne,Mosaddek Hossain,1,0,,,,,,,,,
1083448,2016/17,2017-04-01,Sinhalese Sports Club Ground,1,42.5,Sri Lanka,Bangladesh,DAS Gunaratne,NLTC Perera,Mosaddek Hossain,1,0,,,,,,,,,
1083448,2016/17,2017-04-01,Sinhalese Sports Club Ground,1,42.6,Sri Lanka,Bangladesh,NLTC Perera,DAS Gunaratne,Mosaddek Hossain,0,0,,,,,,,,,
1083448,2016/17,2017-04-01,Sinhalese Sports Club Ground,1,43.1,Sri Lanka,Bangladesh,DAS Gunaratne,NLTC Perera,Mashrafe Mortaza,0,0,,,,,,,,,
1083448,2016/17,2017-04-01,Sinhalese Sports Club Ground,1,43.2,Sri Lanka,Bangladesh,DAS Gunaratne,NLTC Perera,Mashrafe Mortaza,0,0,,,,,,,,,
1083448,2016/17,2017-04-01,Sinhalese Sports Club Ground,1,43.3,Sri Lanka,Bangladesh,DAS Gunaratne,NLTC Perera,Mashrafe Mortaza,0,0,,,,,,caught,DAS Gunaratne,,
1083448,2016/17,2017-04-01,Sinhalese Sports Club Ground,1,43.4,Sri Lanka,Bangladesh,S Prasanna,NLTC Perera,Mashrafe Mortaza,0,1,1,,,,,,,,
1083448,2016/17,2017-04-01,Sinhalese Sports Club Ground,1,43.5,Sri Lanka,Bangladesh,S Prasanna,NLTC Perera,Mashrafe Mortaza,1,0,,,,,,,,,
1083448,2016/17,2017-04-01,Sinhalese Sports Club Ground,1,43.6,Sri Lanka,Bangladesh,NLTC Perera,S Prasanna,Mashrafe Mortaza,2,0,,,,,,,,,
1083448,2016/17,2017-04-01,Sinhalese Sports Club Ground,1,43.7,Sri Lanka,Bangladesh,NLTC Perera,S Prasanna,Mashrafe Mortaza,1,0,,,,,,,,,
1083448,2016/17,2017-04-01,Sinhalese Sports Club Ground,1,44.1,Sri Lanka,Bangladesh,NLTC Perera,S Prasanna,Mustafizur Rahman,4,0,,,,,,,,,
1083448,2016/17,2017-04-01,Sinhalese Sports Club Ground,1,44.2,Sri Lanka,Bangladesh,NLTC Perera,S Prasanna,Mustafizur Rahman,4,0,,,,,,,,,
1083448,2016/17,2017-04-01,Sinhalese Sports Club Ground,1,44.3,Sri Lanka,Bangladesh,NLTC Perera,S Prasanna,Mustafizur Rahman,1,0,,,,,,,,,
1083448,2016/17,2017-04-01,Sinhalese Sports Club Ground,1,44.4,Sri Lanka,Bangladesh,S Prasanna,NLTC Perera,Mustafizur Rahman,0,0,,,,,,,,,
1083448,2016/17,2017-04-01,Sinhalese Sports Club Ground,1,44.5,Sri Lanka,Bangladesh,S Prasanna,NLTC Perera,Mustafizur Rahman,0,0,,,,,,caught,S Prasanna,,
1083448,2016/17,2017-04-01,Sinhalese Sports Club Ground,1,44.6,Sri Lanka,Bangladesh,NLTC Perera,MDK Perera,Mustafizur Rahman,1,0,,,,,,,,,
1083448,2016/17,2017-04-01,Sinhalese Sports Club Ground,1,45.1,Sri Lanka,Bangladesh,NLTC Perera,MDK Perera,Mashrafe Mortaza,4,0,,,,,,,,,
1083448,2016/17,2017-04-01,Sinhalese Sports Club Ground,1,45.2,Sri Lanka,Bangladesh,NLTC Perera,MDK Perera,Mashrafe Mortaza,0,0,,,,,,,,,
1083448,2016/17,2017-04-01,Sinhalese Sports Club Ground,1,45.3,Sri Lanka,Bangladesh,NLTC Perera,MDK Perera,Mashrafe Mortaza,1,0,,,,,,,,,
1083448,2016/17,2017-04-01,Sinhalese Sports Club Ground,1,45.4,Sri Lanka,Bangladesh,MDK Perera,NLTC Perera,Mashrafe Mortaza,1,0,,,,,,,,,
1083448,2016/17,2017-04-01,Sinhalese Sports Club Ground,1,45.5,Sri Lanka,Bangladesh,NLTC Perera,MDK Perera,Mashrafe Mortaza,1,0,,,,,,,,,
1083448,2016/17,2017-04-01,Sinhalese Sports Club Ground,1,45.6,Sri Lanka,Bangladesh,MDK Perera,NLTC Perera,Mashrafe Mortaza,4,0,,,,,,,,,
1083448,2016/17,2017-04-01,Sinhalese Sports Club Ground,1,46.1,Sri Lanka,Bangladesh,NLTC Perera,MDK Perera,Taskin Ahmed,2,0,,,,,,,,,
1083448,2016/17,2017-04-01,Sinhalese Sports Club Ground,1,46.2,Sri Lanka,Bangladesh,NLTC Perera,MDK Perera,Taskin Ahmed,2,0,,,,,,,,,
1083448,2016/17,2017-04-01,Sinhalese Sports Club Ground,1,46.3,Sri Lanka,Bangladesh,NLTC Perera,MDK Perera,Taskin Ahmed,6,0,,,,,,,,,
1083448,2016/17,2017-04-01,Sinhalese Sports Club Ground,1,46.4,Sri Lanka,Bangladesh,NLTC Perera,MDK Perera,Taskin Ahmed,1,0,,,,,,,,,
1083448,2016/17,2017-04-01,Sinhalese Sports Club Ground,1,46.5,Sri Lanka,Bangladesh,MDK Perera,NLTC Perera,Taskin Ahmed,0,1,1,,,,,,,,
1083448,2016/17,2017-04-01,Sinhalese Sports Club Ground,1,46.6,Sri Lanka,Bangladesh,MDK Perera,NLTC Perera,Taskin Ahmed,0,0,,,,,,,,,
1083448,2016/17,2017-04-01,Sinhalese Sports Club Ground,1,46.7,Sri Lanka,Bangladesh,MDK Perera,NLTC Perera,Taskin Ahmed,2,0,,,,,,,,,
1083448,2016/17,2017-04-01,Sinhalese Sports Club Ground,1,47.1,Sri Lanka,Bangladesh,NLTC Perera,MDK Perera,Mashrafe Mortaza,1,0,,,,,,,,,
1083448,2016/17,2017-04-01,Sinhalese Sports Club Ground,1,47.2,Sri Lanka,Bangladesh,MDK Perera,NLTC Perera,Mashrafe Mortaza,1,0,,,,,,,,,
1083448,2016/17,2017-04-01,Sinhalese Sports Club Ground,1,47.3,Sri Lanka,Bangladesh,NLTC Perera,MDK Perera,Mashrafe Mortaza,1,0,,,,,,,,,
1083448,2016/17,2017-04-01,Sinhalese Sports Club Ground,1,47.4,Sri Lanka,Bangladesh,MDK Perera,NLTC Perera,Mashrafe Mortaza,1,0,,,,,,,,,
1083448,2016/17,2017-04-01,Sinhalese Sports Club Ground,1,47.5,Sri Lanka,Bangladesh,NLTC Perera,MDK Perera,Mashrafe Mortaza,4,0,,,,,,,,,
1083448,2016/17,2017-04-01,Sinhalese Sports Club Ground,1,47.6,Sri Lanka,Bangladesh,NLTC Perera,MDK Perera,Mashrafe Mortaza,1,0,,,,,,,,,
1083448,2016/17,2017-04-01,Sinhalese Sports Club Ground,1,48.1,Sri Lanka,Bangladesh,NLTC Perera,MDK Perera,Mustafizur Rahman,1,0,,,,,,,,,
1083448,2016/17,2017-04-01,Sinhalese Sports Club Ground,1,48.2,Sri Lanka,Bangladesh,MDK Perera,NLTC Perera,Mustafizur Rahman,1,0,,,,,,,,,
1083448,2016/17,2017-04-01,Sinhalese Sports Club Ground,1,48.3,Sri Lanka,Bangladesh,NLTC Perera,MDK Perera,Mustafizur Rahman,2,0,,,,,,,,,
1083448,2016/17,2017-04-01,Sinhalese Sports Club Ground,1,48.4,Sri Lanka,Bangladesh,NLTC Perera,MDK Perera,Mustafizur Rahman,1,0,,,,,,,,,
1083448,2016/17,2017-04-01,Sinhalese Sports Club Ground,1,48.5,Sri Lanka,Bangladesh,MDK Perera,NLTC Perera,Mustafizur Rahman,0,0,,,,,,,,,
1083448,2016/17,2017-04-01,Sinhalese Sports Club Ground,1,48.6,Sri Lanka,Bangladesh,MDK Perera,NLTC Perera,Mustafizur Rahman,1,0,,,,,,,,,
1083448,2016/17,2017-04-01,Sinhalese Sports Club Ground,1,49.1,Sri Lanka,Bangladesh,MDK Perera,NLTC Perera,Mashrafe Mortaza,4,0,,,,,,,,,
1083448,2016/17,2017-04-01,Sinhalese Sports Club Ground,1,49.2,Sri Lanka,Bangladesh,MDK Perera,NLTC Perera,Mashrafe Mortaza,0,0,,,,,,caught,MDK Perera,,
1083448,2016/17,2017-04-01,Sinhalese Sports Club Ground,1,49.3,Sri Lanka,Bangladesh,NLTC Perera,KMDN Kulasekara,Mashrafe Mortaza,1,0,,,,,,,,,
1083448,2016/17,2017-04-01,Sinhalese Sports Club Ground,1,49.4,Sri Lanka,Bangladesh,KMDN Kulasekara,NLTC Perera,Mashrafe Mortaza,1,0,,,,,,,,,
1083448,2016/17,2017-04-01,Sinhalese Sports Club Ground,1,49.5,Sri Lanka,Bangladesh,NLTC Perera,KMDN Kulasekara,Mashrafe Mortaza,0,0,,,,,,caught,NLTC Perera,,
1083448,2016/17,2017-04-01,Sinhalese Sports Club Ground,1,49.6,Sri Lanka,Bangladesh,RAS Lakmal,KMDN Kulasekara,Mashrafe Mortaza,0,1,1,,,,,,,,
1083448,2016/17,2017-04-01,Sinhalese Sports Club Ground,1,49.7,Sri Lanka,Bangladesh,RAS Lakmal,KMDN Kulasekara,Mashrafe Mortaza,2,0,,,,,,,,,
1083448,2016/17,2017-04-01,Sinhalese Sports Club Ground,2,0.1,Bangladesh,Sri Lanka,Tamim Iqbal,Soumya Sarkar,KMDN Kulasekara,0,0,,,,,,,,,
1083448,2016/17,2017-04-01,Sinhalese Sports Club Ground,2,0.2,Bangladesh,Sri Lanka,Tamim Iqbal,Soumya Sarkar,KMDN Kulasekara,0,0,,,,,,,,,
1083448,2016/17,2017-04-01,Sinhalese Sports Club Ground,2,0.3,Bangladesh,Sri Lanka,Tamim Iqbal,Soumya Sarkar,KMDN Kulasekara,0,0,,,,,,,,,
1083448,2016/17,2017-04-01,Sinhalese Sports Club Ground,2,0.4,Bangladesh,Sri Lanka,Tamim Iqbal,Soumya Sarkar,KMDN Kulasekara,4,0,,,,,,,,,
1083448,2016/17,2017-04-01,Sinhalese Sports Club Ground,2,0.5,Bangladesh,Sri Lanka,Tamim Iqbal,Soumya Sarkar,KMDN Kulasekara,0,0,,,,,,,,,
1083448,2016/17,2017-04-01,Sinhalese Sports Club Ground,2,0.6,Bangladesh,Sri Lanka,Tamim Iqbal,Soumya Sarkar,KMDN Kulasekara,0,0,,,,,,caught and bowled,Tamim Iqbal,,
1083448,2016/17,2017-04-01,Sinhalese Sports Club Ground,2,1.1,Bangladesh,Sri Lanka,Soumya Sarkar,Sabbir Rahman,RAS Lakmal,0,0,,,,,,,,,
1083448,2016/17,2017-04-01,Sinhalese Sports Club Ground,2,1.2,Bangladesh,Sri Lanka,Soumya Sarkar,Sabbir Rahman,RAS Lakmal,0,0,,,,,,,,,
1083448,2016/17,2017-04-01,Sinhalese Sports Club Ground,2,1.3,Bangladesh,Sri Lanka,Soumya Sarkar,Sabbir Rahman,RAS Lakmal,0,0,,,,,,,,,
1083448,2016/17,2017-04-01,Sinhalese Sports Club Ground,2,1.4,Bangladesh,Sri Lanka,Soumya Sarkar,Sabbir Rahman,RAS Lakmal,0,0,,,,,,,,,
1083448,2016/17,2017-04-01,Sinhalese Sports Club Ground,2,1.5,Bangladesh,Sri Lanka,Soumya Sarkar,Sabbir Rahman,RAS Lakmal,4,0,,,,,,,,,
1083448,2016/17,2017-04-01,Sinhalese Sports Club Ground,2,1.6,Bangladesh,Sri Lanka,Soumya Sarkar,Sabbir Rahman,RAS Lakmal,1,0,,,,,,,,,
1083448,2016/17,2017-04-01,Sinhalese Sports Club Ground,2,2.1,Bangladesh,Sri Lanka,Soumya Sarkar,Sabbir Rahman,KMDN Kulasekara,0,0,,,,,,,,,
1083448,2016/17,2017-04-01,Sinhalese Sports Club Ground,2,2.2,Bangladesh,Sri Lanka,Soumya Sarkar,Sabbir Rahman,KMDN Kulasekara,0,0,,,,,,,,,
1083448,2016/17,2017-04-01,Sinhalese Sports Club Ground,2,2.3,Bangladesh,Sri Lanka,Soumya Sarkar,Sabbir Rahman,KMDN Kulasekara,1,0,,,,,,,,,
1083448,2016/17,2017-04-01,Sinhalese Sports Club Ground,2,2.4,Bangladesh,Sri Lanka,Sabbir Rahman,Soumya Sarkar,KMDN Kulasekara,0,0,,,,,,,,,
1083448,2016/17,2017-04-01,Sinhalese Sports Club Ground,2,2.5,Bangladesh,Sri Lanka,Sabbir Rahman,Soumya Sarkar,KMDN Kulasekara,0,0,,,,,,,,,
1083448,2016/17,2017-04-01,Sinhalese Sports Club Ground,2,2.6,Bangladesh,Sri Lanka,Sabbir Rahman,Soumya Sarkar,KMDN Kulasekara,0,0,,,,,,caught,Sabbir Rahman,,
1083448,2016/17,2017-04-01,Sinhalese Sports Club Ground,2,3.1,Bangladesh,Sri Lanka,Soumya Sarkar,Mushfiqur Rahim,RAS Lakmal,0,0,,,,,,,,,
1083448,2016/17,2017-04-01,Sinhalese Sports Club Ground,2,3.2,Bangladesh,Sri Lanka,Soumya Sarkar,Mushfiqur Rahim,RAS Lakmal,1,0,,,,,,,,,
1083448,2016/17,2017-04-01,Sinhalese Sports Club Ground,2,3.3,Bangladesh,Sri Lanka,Mushfiqur Rahim,Soumya Sarkar,RAS Lakmal,0,0,,,,,,lbw,Mushfiqur Rahim,,
1083448,2016/17,2017-04-01,Sinhalese Sports Club Ground,2,3.4,Bangladesh,Sri Lanka,Shakib Al Hasan,Soumya Sarkar,RAS Lakmal,1,0,,,,,,,,,
1083448,2016/17,2017-04-01,Sinhalese Sports Club Ground,2,3.5,Bangladesh,Sri Lanka,Soumya Sarkar,Shakib Al Hasan,RAS Lakmal,1,0,,,,,,,,,
1083448,2016/17,2017-04-01,Sinhalese Sports Club Ground,2,3.6,Bangladesh,Sri Lanka,Shakib Al Hasan,Soumya Sarkar,RAS Lakmal,1,0,,,,,,,,,
1083448,2016/17,2017-04-01,Sinhalese Sports Club Ground,2,4.1,Bangladesh,Sri Lanka,Shakib Al Hasan,Soumya Sarkar,KMDN Kulasekara,0,0,,,,,,,,,
1083448,2016/17,2017-04-01,Sinhalese Sports Club Ground,2,4.2,Bangladesh,Sri Lanka,Shakib Al Hasan,Soumya Sarkar,KMDN Kulasekara,1,0,,,,,,,,,
1083448,2016/17,2017-04-01,Sinhalese Sports Club Ground,2,4.3,Bangladesh,Sri Lanka,Soumya Sarkar,Shakib Al Hasan,KMDN Kulasekara,0,0,,,,,,,,,
1083448,2016/17,2017-04-01,Sinhalese Sports Club Ground,2,4.4,Bangladesh,Sri Lanka,Soumya Sarkar,Shakib Al Hasan,KMDN Kulasekara,0,0,,,,,,,,,
1083448,2016/17,2017-04-01,Sinhalese Sports Club Ground,2,4.5,Bangladesh,Sri Lanka,Soumya Sarkar,Shakib Al Hasan,KMDN Kulasekara,0,0,,,,,,,,,
1083448,2016/17,2017-04-01,Sinhalese Sports Club Ground,2,4.6,Bangladesh,Sri Lanka,Soumya Sarkar,Shakib Al Hasan,KMDN Kulasekara,0,0,,,,,,,,,
1083448,2016/17,2017-04-01,Sinhalese Sports Club Ground,2,5.1,Bangladesh,Sri Lanka,Shakib Al Hasan,Soumya Sarkar,RAS Lakmal,1,0,,,,,,,,,
1083448,2016/17,2017-04-01,Sinhalese Sports Club Ground,2,5.2,Bangladesh,Sri Lanka,Soumya Sarkar,Shakib Al Hasan,RAS Lakmal,1,0,,,,,,,,,
1083448,2016/17,2017-04-01,Sinhalese Sports Club Ground,2,5.3,Bangladesh,Sri Lanka,Shakib Al Hasan,Soumya Sarkar,RAS Lakmal,0,0,,,,,,,,,
1083448,2016/17,2017-04-01,Sinhalese Sports Club Ground,2,5.4,Bangladesh,Sri Lanka,Shakib Al Hasan,Soumya Sarkar,RAS Lakmal,0,0,,,,,,,,,
1083448,2016/17,2017-04-01,Sinhalese Sports Club Ground,2,5.5,Bangladesh,Sri Lanka,Shakib Al Hasan,Soumya Sarkar,RAS Lakmal,0,0,,,,,,,,,
1083448,2016/17,2017-04-01,Sinhalese Sports Club Ground,2,5.6,Bangladesh,Sri Lanka,Shakib Al Hasan,Soumya Sarkar,RAS Lakmal,0,0,,,,,,,,,
1083448,2016/17,2017-04-01,Sinhalese Sports Club Ground,2,6.1,Bangladesh,Sri Lanka,Soumya Sarkar,Shakib Al Hasan,KMDN Kulasekara,4,0,,,,,,,,,
1083448,2016/17,2017-04-01,Sinhalese Sports Club Ground,2,6.2,Bangladesh,Sri Lanka,Soumya Sarkar,Shakib Al Hasan,KMDN Kulasekara,2,0,,,,,,,,,
1083448,2016/17,2017-04-01,Sinhalese Sports Club Ground,2,6.3,Bangladesh,Sri Lanka,Soumya Sarkar,Shakib Al Hasan,KMDN Kulasekara,0,0,,,,,,,,,
1083448,2016/17,2017-04-01,Sinhalese Sports Club Ground,2,6.4,Bangladesh,Sri Lanka,Soumya Sarkar,Shakib Al Hasan,KMDN Kulasekara,0,0,,,,,,,,,
1083448,2016/17,2017-04-01,Sinhalese Sports Club Ground,2,6.5,Bangladesh,Sri Lanka,Soumya Sarkar,Shakib Al Hasan,KMDN Kulasekara,1,0,,,,,,,,,
1083448,2016/17,2017-04-01,Sinhalese Sports Club Ground,2,6.6,Bangladesh,Sri Lanka,Shakib Al Hasan,Soumya Sarkar,KMDN Kulasekara,0,0,,,,,,,,,
1083448,2016/17,2017-04-01,Sinhalese Sports Club Ground,2,7.1,Bangladesh,Sri Lanka,Soumya Sarkar,Shakib Al Hasan,RAS Lakmal,0,0,,,,,,,,,
1083448,2016/17,2017-04-01,Sinhalese Sports Club Ground,2,7.2,Bangladesh,Sri Lanka,Soumya Sarkar,Shakib Al Hasan,RAS Lakmal,0,0,,,,,,,,,
1083448,2016/17,2017-04-01,Sinhalese Sports Club Ground,2,7.3,Bangladesh,Sri Lanka,Soumya Sarkar,Shakib Al Hasan,RAS Lakmal,1,0,,,,,,,,,
1083448,2016/17,2017-04-01,Sinhalese Sports Club Ground,2,7.4,Bangladesh,Sri Lanka,Shakib Al Hasan,Soumya Sarkar,RAS Lakmal,0,0,,,,,,,,,
1083448,2016/17,2017-04-01,Sinhalese Sports Club Ground,2,7.5,Bangladesh,Sri Lanka,Shakib Al Hasan,Soumya Sarkar,RAS Lakmal,4,0,,,,,,,,,
1083448,2016/17,2017-04-01,Sinhalese Sports Club Ground,2,7.6,Bangladesh,Sri Lanka,Shakib Al Hasan,Soumya Sarkar,RAS Lakmal,1,0,,,,,,,,,
1083448,2016/17,2017-04-01,Sinhalese Sports Club Ground,2,8.1,Bangladesh,Sri Lanka,Shakib Al Hasan,Soumya Sarkar,KMDN Kulasekara,4,0,,,,,,,,,
1083448,2016/17,2017-04-01,Sinhalese Sports Club Ground,2,8.2,Bangladesh,Sri Lanka,Shakib Al Hasan,Soumya Sarkar,KMDN Kulasekara,0,0,,,,,,,,,
1083448,2016/17,2017-04-01,Sinhalese Sports Club Ground,2,8.3,Bangladesh,Sri Lanka,Shakib Al Hasan,Soumya Sarkar,KMDN Kulasekara,4,0,,,,,,,,,
1083448,2016/17,2017-04-01,Sinhalese Sports Club Ground,2,8.4,Bangladesh,Sri Lanka,Shakib Al Hasan,Soumya Sarkar,KMDN Kulasekara,1,0,,,,,,,,,
1083448,2016/17,2017-04-01,Sinhalese Sports Club Ground,2,8.5,Bangladesh,Sri Lanka,Soumya Sarkar,Shakib Al Hasan,KMDN Kulasekara,0,0,,,,,,,,,
1083448,2016/17,2017-04-01,Sinhalese Sports Club Ground,2,8.6,Bangladesh,Sri Lanka,Soumya Sarkar,Shakib Al Hasan,KMDN Kulasekara,1,0,,,,,,,,,
1083448,2016/17,2017-04-01,Sinhalese Sports Club Ground,2,9.1,Bangladesh,Sri Lanka,Soumya Sarkar,Shakib Al Hasan,MDK Perera,0,1,1,,,,,,,,
1083448,2016/17,2017-04-01,Sinhalese Sports Club Ground,2,9.2,Bangladesh,Sri Lanka,Soumya Sarkar,Shakib Al Hasan,MDK Perera,4,0,,,,,,,,,
1083448,2016/17,2017-04-01,Sinhalese Sports Club Ground,2,9.3,Bangladesh,Sri Lanka,Soumya Sarkar,Shakib Al Hasan,MDK Perera,2,0,,,,,,,,,
1083448,2016/17,2017-04-01,Sinhalese Sports Club Ground,2,9.4,Bangladesh,Sri Lanka,Soumya Sarkar,Shakib Al Hasan,MDK Perera,0,0,,,,,,,,,
1083448,2016/17,2017-04-01,Sinhalese Sports Club Ground,2,9.5,Bangladesh,Sri Lanka,Soumya Sarkar,Shakib Al Hasan,MDK Perera,2,0,,,,,,,,,
1083448,2016/17,2017-04-01,Sinhalese Sports Club Ground,2,9.6,Bangladesh,Sri Lanka,Soumya Sarkar,Shakib Al Hasan,MDK Perera,6,0,,,,,,,,,
1083448,2016/17,2017-04-01,Sinhalese Sports Club Ground,2,9.7,Bangladesh,Sri Lanka,Soumya Sarkar,Shakib Al Hasan,MDK Perera,0,5,5,,,,,,,,
1083448,2016/17,2017-04-01,Sinhalese Sports Club Ground,2,9.8,Bangladesh,Sri Lanka,Soumya Sarkar,Shakib Al Hasan,MDK Perera,0,0,,,,,,,,,
1083448,2016/17,2017-04-01,Sinhalese Sports Club Ground,2,10.1,Bangladesh,Sri Lanka,Shakib Al Hasan,Soumya Sarkar,NLTC Perera,4,0,,,,,,,,,
1083448,2016/17,2017-04-01,Sinhalese Sports Club Ground,2,10.2,Bangladesh,Sri Lanka,Shakib Al Hasan,Soumya Sarkar,NLTC Perera,1,0,,,,,,,,,
1083448,2016/17,2017-04-01,Sinhalese Sports Club Ground,2,10.3,Bangladesh,Sri Lanka,Soumya Sarkar,Shakib Al Hasan,NLTC Perera,1,0,,,,,,,,,
1083448,2016/17,2017-04-01,Sinhalese Sports Club Ground,2,10.4,Bangladesh,Sri Lanka,Shakib Al Hasan,Soumya Sarkar,NLTC Perera,0,0,,,,,,,,,
1083448,2016/17,2017-04-01,Sinhalese Sports Club Ground,2,10.5,Bangladesh,Sri Lanka,Shakib Al Hasan,Soumya Sarkar,NLTC Perera,1,0,,,,,,,,,
1083448,2016/17,2017-04-01,Sinhalese Sports Club Ground,2,10.6,Bangladesh,Sri Lanka,Soumya Sarkar,Shakib Al Hasan,NLTC Perera,0,0,,,,,,,,,
1083448,2016/17,2017-04-01,Sinhalese Sports Club Ground,2,11.1,Bangladesh,Sri Lanka,Shakib Al Hasan,Soumya Sarkar,MDK Perera,0,0,,,,,,,,,
1083448,2016/17,2017-04-01,Sinhalese Sports Club Ground,2,11.2,Bangladesh,Sri Lanka,Shakib Al Hasan,Soumya Sarkar,MDK Perera,1,0,,,,,,,,,
1083448,2016/17,2017-04-01,Sinhalese Sports Club Ground,2,11.3,Bangladesh,Sri Lanka,Soumya Sarkar,Shakib Al Hasan,MDK Perera,1,0,,,,,,,,,
1083448,2016/17,2017-04-01,Sinhalese Sports Club Ground,2,11.4,Bangladesh,Sri Lanka,Shakib Al Hasan,Soumya Sarkar,MDK Perera,1,0,,,,,,,,,
1083448,2016/17,2017-04-01,Sinhalese Sports Club Ground,2,11.5,Bangladesh,Sri Lanka,Soumya Sarkar,Shakib Al Hasan,MDK Perera,1,0,,,,,,,,,
1083448,2016/17,2017-04-01,Sinhalese Sports Club Ground,2,11.6,Bangladesh,Sri Lanka,Shakib Al Hasan,Soumya Sarkar,MDK Perera,0,0,,,,,,,,,
1083448,2016/17,2017-04-01,Sinhalese Sports Club Ground,2,12.1,Bangladesh,Sri Lanka,Soumya Sarkar,Shakib Al Hasan,NLTC Perera,0,1,,,,1,,,,,
1083448,2016/17,2017-04-01,Sinhalese Sports Club Ground,2,12.2,Bangladesh,Sri Lanka,Shakib Al Hasan,Soumya Sarkar,NLTC Perera,2,0,,,,,,,,,
1083448,2016/17,2017-04-01,Sinhalese Sports Club Ground,2,12.3,Bangladesh,Sri Lanka,Shakib Al Hasan,Soumya Sarkar,NLTC Perera,4,0,,,,,,,,,
1083448,2016/17,2017-04-01,Sinhalese Sports Club Ground,2,12.4,Bangladesh,Sri Lanka,Shakib Al Hasan,Soumya Sarkar,NLTC Perera,1,0,,,,,,,,,
1083448,2016/17,2017-04-01,Sinhalese Sports Club Ground,2,12.5,Bangladesh,Sri Lanka,Soumya Sarkar,Shakib Al Hasan,NLTC Perera,0,0,,,,,,,,,
1083448,2016/17,2017-04-01,Sinhalese Sports Club Ground,2,12.6,Bangladesh,Sri Lanka,Soumya Sarkar,Shakib Al Hasan,NLTC Perera,0,0,,,,,,,,,
1083448,2016/17,2017-04-01,Sinhalese Sports Club Ground,2,13.1,Bangladesh,Sri Lanka,Shakib Al Hasan,Soumya Sarkar,MDK Perera,0,0,,,,,,,,,
1083448,2016/17,2017-04-01,Sinhalese Sports Club Ground,2,13.2,Bangladesh,Sri Lanka,Shakib Al Hasan,Soumya Sarkar,MDK Perera,0,0,,,,,,,,,
1083448,2016/17,2017-04-01,Sinhalese Sports Club Ground,2,13.3,Bangladesh,Sri Lanka,Shakib Al Hasan,Soumya Sarkar,MDK Perera,0,0,,,,,,,,,
1083448,2016/17,2017-04-01,Sinhalese Sports Club Ground,2,13.4,Bangladesh,Sri Lanka,Shakib Al Hasan,Soumya Sarkar,MDK Perera,0,0,,,,,,,,,
1083448,2016/17,2017-04-01,Sinhalese Sports Club Ground,2,13.5,Bangladesh,Sri Lanka,Shakib Al Hasan,Soumya Sarkar,MDK Perera,0,0,,,,,,,,,
1083448,2016/17,2017-04-01,Sinhalese Sports Club Ground,2,13.6,Bangladesh,Sri Lanka,Shakib Al Hasan,Soumya Sarkar,MDK Perera,0,0,,,,,,,,,
1083448,2016/17,2017-04-01,Sinhalese Sports Club Ground,2,14.1,Bangladesh,Sri Lanka,Soumya Sarkar,Shakib Al Hasan,DAS Gunaratne,1,0,,,,,,,,,
1083448,2016/17,2017-04-01,Sinhalese Sports Club Ground,2,14.2,Bangladesh,Sri Lanka,Shakib Al Hasan,Soumya Sarkar,DAS Gunaratne,1,0,,,,,,,,,
1083448,2016/17,2017-04-01,Sinhalese Sports Club Ground,2,14.3,Bangladesh,Sri Lanka,Soumya Sarkar,Shakib Al Hasan,DAS Gunaratne,1,0,,,,,,,,,
1083448,2016/17,2017-04-01,Sinhalese Sports Club Ground,2,14.4,Bangladesh,Sri Lanka,Shakib Al Hasan,Soumya Sarkar,DAS Gunaratne,4,0,,,,,,,,,
1083448,2016/17,2017-04-01,Sinhalese Sports Club Ground,2,14.5,Bangladesh,Sri Lanka,Shakib Al Hasan,Soumya Sarkar,DAS Gunaratne,1,0,,,,,,,,,
1083448,2016/17,2017-04-01,Sinhalese Sports Club Ground,2,14.6,Bangladesh,Sri Lanka,Soumya Sarkar,Shakib Al Hasan,DAS Gunaratne,1,0,,,,,,,,,
1083448,2016/17,2017-04-01,Sinhalese Sports Club Ground,2,15.1,Bangladesh,Sri Lanka,Soumya Sarkar,Shakib Al Hasan,MDK Perera,0,0,,,,,,stumped,Soumya Sarkar,,
1083448,2016/17,2017-04-01,Sinhalese Sports Club Ground,2,15.2,Bangladesh,Sri Lanka,Mosaddek Hossain,Shakib Al Hasan,MDK Perera,1,0,,,,,,,,,
1083448,2016/17,2017-04-01,Sinhalese Sports Club Ground,2,15.3,Bangladesh,Sri Lanka,Shakib Al Hasan,Mosaddek Hossain,MDK Perera,1,0,,,,,,,,,
1083448,2016/17,2017-04-01,Sinhalese Sports Club Ground,2,15.4,Bangladesh,Sri Lanka,Mosaddek Hossain,Shakib Al Hasan,MDK Perera,0,0,,,,,,,,,
1083448,2016/17,2017-04-01,Sinhalese Sports Club Ground,2,15.5,Bangladesh,Sri Lanka,Mosaddek Hossain,Shakib Al Hasan,MDK Perera,0,0,,,,,,,,,
1083448,2016/17,2017-04-01,Sinhalese Sports Club Ground,2,15.6,Bangladesh,Sri Lanka,Mosaddek Hossain,Shakib Al Hasan,MDK Perera,0,0,,,,,,,,,
1083448,2016/17,2017-04-01,Sinhalese Sports Club Ground,2,16.1,Bangladesh,Sri Lanka,Shakib Al Hasan,Mosaddek Hossain,S Prasanna,0,0,,,,,,,,,
1083448,2016/17,2017-04-01,Sinhalese Sports Club Ground,2,16.2,Bangladesh,Sri Lanka,Shakib Al Hasan,Mosaddek Hossain,S Prasanna,0,0,,,,,,,,,
1083448,2016/17,2017-04-01,Sinhalese Sports Club Ground,2,16.3,Bangladesh,Sri Lanka,Shakib Al Hasan,Mosaddek Hossain,S Prasanna,1,0,,,,,,,,,
1083448,2016/17,2017-04-01,Sinhalese Sports Club Ground,2,16.4,Bangladesh,Sri Lanka,Mosaddek Hossain,Shakib Al Hasan,S Prasanna,0,0,,,,,,,,,
1083448,2016/17,2017-04-01,Sinhalese Sports Club Ground,2,16.5,Bangladesh,Sri Lanka,Mosaddek Hossain,Shakib Al Hasan,S Prasanna,1,0,,,,,,,,,
1083448,2016/17,2017-04-01,Sinhalese Sports Club Ground,2,16.6,Bangladesh,Sri Lanka,Shakib Al Hasan,Mosaddek Hossain,S Prasanna,0,0,,,,,,,,,
1083448,2016/17,2017-04-01,Sinhalese Sports Club Ground,2,17.1,Bangladesh,Sri Lanka,Mosaddek Hossain,Shakib Al Hasan,MDK Perera,3,0,,,,,,,,,
1083448,2016/17,2017-04-01,Sinhalese Sports Club Ground,2,17.2,Bangladesh,Sri Lanka,Shakib Al Hasan,Mosaddek Hossain,MDK Perera,1,0,,,,,,,,,
1083448,2016/17,2017-04-01,Sinhalese Sports Club Ground,2,17.3,Bangladesh,Sri Lanka,Mosaddek Hossain,Shakib Al Hasan,MDK Perera,1,0,,,,,,,,,
1083448,2016/17,2017-04-01,Sinhalese Sports Club Ground,2,17.4,Bangladesh,Sri Lanka,Shakib Al Hasan,Mosaddek Hossain,MDK Perera,1,0,,,,,,,,,
1083448,2016/17,2017-04-01,Sinhalese Sports Club Ground,2,17.5,Bangladesh,Sri Lanka,Mosaddek Hossain,Shakib Al Hasan,MDK Perera,0,0,,,,,,,,,
1083448,2016/17,2017-04-01,Sinhalese Sports Club Ground,2,17.6,Bangladesh,Sri Lanka,Mosaddek Hossain,Shakib Al Hasan,MDK Perera,0,0,,,,,,,,,
1083448,2016/17,2017-04-01,Sinhalese Sports Club Ground,2,18.1,Bangladesh,Sri Lanka,Shakib Al Hasan,Mosaddek Hossain,S Prasanna,4,0,,,,,,,,,
1083448,2016/17,2017-04-01,Sinhalese Sports Club Ground,2,18.2,Bangladesh,Sri Lanka,Shakib Al Hasan,Mosaddek Hossain,S Prasanna,0,0,,,,,,,,,
1083448,2016/17,2017-04-01,Sinhalese Sports Club Ground,2,18.3,Bangladesh,Sri Lanka,Shakib Al Hasan,Mosaddek Hossain,S Prasanna,0,0,,,,,,,,,
1083448,2016/17,2017-04-01,Sinhalese Sports Club Ground,2,18.4,Bangladesh,Sri Lanka,Shakib Al Hasan,Mosaddek Hossain,S Prasanna,1,0,,,,,,,,,
1083448,2016/17,2017-04-01,Sinhalese Sports Club Ground,2,18.5,Bangladesh,Sri Lanka,Mosaddek Hossain,Shakib Al Hasan,S Prasanna,0,0,,,,,,,,,
1083448,2016/17,2017-04-01,Sinhalese Sports Club Ground,2,18.6,Bangladesh,Sri Lanka,Mosaddek Hossain,Shakib Al Hasan,S Prasanna,0,0,,,,,,,,,
1083448,2016/17,2017-04-01,Sinhalese Sports Club Ground,2,19.1,Bangladesh,Sri Lanka,Shakib Al Hasan,Mosaddek Hossain,MDK Perera,0,0,,,,,,,,,
1083448,2016/17,2017-04-01,Sinhalese Sports Club Ground,2,19.2,Bangladesh,Sri Lanka,Shakib Al Hasan,Mosaddek Hossain,MDK Perera,0,0,,,,,,,,,
1083448,2016/17,2017-04-01,Sinhalese Sports Club Ground,2,19.3,Bangladesh,Sri Lanka,Shakib Al Hasan,Mosaddek Hossain,MDK Perera,0,0,,,,,,,,,
1083448,2016/17,2017-04-01,Sinhalese Sports Club Ground,2,19.4,Bangladesh,Sri Lanka,Shakib Al Hasan,Mosaddek Hossain,MDK Perera,0,0,,,,,,,,,
1083448,2016/17,2017-04-01,Sinhalese Sports Club Ground,2,19.5,Bangladesh,Sri Lanka,Shakib Al Hasan,Mosaddek Hossain,MDK Perera,0,0,,,,,,,,,
1083448,2016/17,2017-04-01,Sinhalese Sports Club Ground,2,19.6,Bangladesh,Sri Lanka,Shakib Al Hasan,Mosaddek Hossain,MDK Perera,1,0,,,,,,,,,
1083448,2016/17,2017-04-01,Sinhalese Sports Club Ground,2,20.1,Bangladesh,Sri Lanka,Shakib Al Hasan,Mosaddek Hossain,S Prasanna,1,0,,,,,,,,,
1083448,2016/17,2017-04-01,Sinhalese Sports Club Ground,2,20.2,Bangladesh,Sri Lanka,Mosaddek Hossain,Shakib Al Hasan,S Prasanna,0,0,,,,,,,,,
1083448,2016/17,2017-04-01,Sinhalese Sports Club Ground,2,20.3,Bangladesh,Sri Lanka,Mosaddek Hossain,Shakib Al Hasan,S Prasanna,0,0,,,,,,,,,
1083448,2016/17,2017-04-01,Sinhalese Sports Club Ground,2,20.4,Bangladesh,Sri Lanka,Mosaddek Hossain,Shakib Al Hasan,S Prasanna,2,0,,,,,,,,,
1083448,2016/17,2017-04-01,Sinhalese Sports Club Ground,2,20.5,Bangladesh,Sri Lanka,Mosaddek Hossain,Shakib Al Hasan,S Prasanna,0,0,,,,,,,,,
1083448,2016/17,2017-04-01,Sinhalese Sports Club Ground,2,20.6,Bangladesh,Sri Lanka,Mosaddek Hossain,Shakib Al Hasan,S Prasanna,0,0,,,,,,,,,
1083448,2016/17,2017-04-01,Sinhalese Sports Club Ground,2,21.1,Bangladesh,Sri Lanka,Shakib Al Hasan,Mosaddek Hossain,MDK Perera,0,0,,,,,,,,,
1083448,2016/17,2017-04-01,Sinhalese Sports Club Ground,2,21.2,Bangladesh,Sri Lanka,Shakib Al Hasan,Mosaddek Hossain,MDK Perera,0,0,,,,,,,,,
1083448,2016/17,2017-04-01,Sinhalese Sports Club Ground,2,21.3,Bangladesh,Sri Lanka,Shakib Al Hasan,Mosaddek Hossain,MDK Perera,2,0,,,,,,,,,
1083448,2016/17,2017-04-01,Sinhalese Sports Club Ground,2,21.4,Bangladesh,Sri Lanka,Shakib Al Hasan,Mosaddek Hossain,MDK Perera,1,0,,,,,,,,,
1083448,2016/17,2017-04-01,Sinhalese Sports Club Ground,2,21.5,Bangladesh,Sri Lanka,Mosaddek Hossain,Shakib Al Hasan,MDK Perera,0,0,,,,,,,,,
1083448,2016/17,2017-04-01,Sinhalese Sports Club Ground,2,21.6,Bangladesh,Sri Lanka,Mosaddek Hossain,Shakib Al Hasan,MDK Perera,1,0,,,,,,,,,
1083448,2016/17,2017-04-01,Sinhalese Sports Club Ground,2,22.1,Bangladesh,Sri Lanka,Mosaddek Hossain,Shakib Al Hasan,S Prasanna,0,0,,,,,,bowled,Mosaddek Hossain,,
1083448,2016/17,2017-04-01,Sinhalese Sports Club Ground,2,22.2,Bangladesh,Sri Lanka,Mahmudullah,Shakib Al Hasan,S Prasanna,0,2,2,,,,,,,,
1083448,2016/17,2017-04-01,Sinhalese Sports Club Ground,2,22.3,Bangladesh,Sri Lanka,Shakib Al Hasan,Mahmudullah,S Prasanna,1,0,,,,,,,,,
1083448,2016/17,2017-04-01,Sinhalese Sports Club Ground,2,22.4,Bangladesh,Sri Lanka,Mahmudullah,Shakib Al Hasan,S Prasanna,4,0,,,,,,,,,
1083448,2016/17,2017-04-01,Sinhalese Sports Club Ground,2,22.5,Bangladesh,Sri Lanka,Mahmudullah,Shakib Al Hasan,S Prasanna,0,0,,,,,,,,,
1083448,2016/17,2017-04-01,Sinhalese Sports Club Ground,2,22.6,Bangladesh,Sri Lanka,Mahmudullah,Shakib Al Hasan,S Prasanna,0,0,,,,,,,,,
1083448,2016/17,2017-04-01,Sinhalese Sports Club Ground,2,22.7,Bangladesh,Sri Lanka,Mahmudullah,Shakib Al Hasan,S Prasanna,0,0,,,,,,,,,
1083448,2016/17,2017-04-01,Sinhalese Sports Club Ground,2,23.1,Bangladesh,Sri Lanka,Shakib Al Hasan,Mahmudullah,MDK Perera,0,0,,,,,,,,,
1083448,2016/17,2017-04-01,Sinhalese Sports Club Ground,2,23.2,Bangladesh,Sri Lanka,Shakib Al Hasan,Mahmudullah,MDK Perera,0,0,,,,,,caught,Shakib Al Hasan,,
1083448,2016/17,2017-04-01,Sinhalese Sports Club Ground,2,23.3,Bangladesh,Sri Lanka,Mehedi Hasan Miraz,Mahmudullah,MDK Perera,0,0,,,,,,,,,
1083448,2016/17,2017-04-01,Sinhalese Sports Club Ground,2,23.4,Bangladesh,Sri Lanka,Mehedi Hasan Miraz,Mahmudullah,MDK Perera,0,0,,,,,,,,,
1083448,2016/17,2017-04-01,Sinhalese Sports Club Ground,2,23.5,Bangladesh,Sri Lanka,Mehedi Hasan Miraz,Mahmudullah,MDK Perera,0,0,,,,,,,,,
1083448,2016/17,2017-04-01,Sinhalese Sports Club Ground,2,23.6,Bangladesh,Sri Lanka,Mehedi Hasan Miraz,Mahmudullah,MDK Perera,2,0,,,,,,,,,
1083448,2016/17,2017-04-01,Sinhalese Sports Club Ground,2,24.1,Bangladesh,Sri Lanka,Mahmudullah,Mehedi Hasan Miraz,S Prasanna,1,0,,,,,,,,,
1083448,2016/17,2017-04-01,Sinhalese Sports Club Ground,2,24.2,Bangladesh,Sri Lanka,Mehedi Hasan Miraz,Mahmudullah,S Prasanna,0,0,,,,,,,,,
1083448,2016/17,2017-04-01,Sinhalese Sports Club Ground,2,24.3,Bangladesh,Sri Lanka,Mehedi Hasan Miraz,Mahmudullah,S Prasanna,0,0,,,,,,,,,
1083448,2016/17,2017-04-01,Sinhalese Sports Club Ground,2,24.4,Bangladesh,Sri Lanka,Mehedi Hasan Miraz,Mahmudullah,S Prasanna,1,0,,,,,,,,,
1083448,2016/17,2017-04-01,Sinhalese Sports Club Ground,2,24.5,Bangladesh,Sri Lanka,Mahmudullah,Mehedi Hasan Miraz,S Prasanna,0,0,,,,,,,,,
1083448,2016/17,2017-04-01,Sinhalese Sports Club Ground,2,24.6,Bangladesh,Sri Lanka,Mahmudullah,Mehedi Hasan Miraz,S Prasanna,1,0,,,,,,,,,
1083448,2016/17,2017-04-01,Sinhalese Sports Club Ground,2,25.1,Bangladesh,Sri Lanka,Mahmudullah,Mehedi Hasan Miraz,RAS Lakmal,1,0,,,,,,,,,
1083448,2016/17,2017-04-01,Sinhalese Sports Club Ground,2,25.2,Bangladesh,Sri Lanka,Mehedi Hasan Miraz,Mahmudullah,RAS Lakmal,0,1,1,,,,,,,,
1083448,2016/17,2017-04-01,Sinhalese Sports Club Ground,2,25.3,Bangladesh,Sri Lanka,Mehedi Hasan Miraz,Mahmudullah,RAS Lakmal,0,1,1,,,,,,,,
1083448,2016/17,2017-04-01,Sinhalese Sports Club Ground,2,25.4,Bangladesh,Sri Lanka,Mehedi Hasan Miraz,Mahmudullah,RAS Lakmal,0,0,,,,,,,,,
1083448,2016/17,2017-04-01,Sinhalese Sports Club Ground,2,25.5,Bangladesh,Sri Lanka,Mehedi Hasan Miraz,Mahmudullah,RAS Lakmal,1,0,,,,,,,,,
1083448,2016/17,2017-04-01,Sinhalese Sports Club Ground,2,25.6,Bangladesh,Sri Lanka,Mahmudullah,Mehedi Hasan Miraz,RAS Lakmal,0,0,,,,,,caught,Mahmudullah,,
1083448,2016/17,2017-04-01,Sinhalese Sports Club Ground,2,25.7,Bangladesh,Sri Lanka,Mashrafe Mortaza,Mehedi Hasan Miraz,RAS Lakmal,0,0,,,,,,,,,
1083448,2016/17,2017-04-01,Sinhalese Sports Club Ground,2,25.8,Bangladesh,Sri Lanka,Mashrafe Mortaza,Mehedi Hasan Miraz,RAS Lakmal,1,0,,,,,,,,,
1083448,2016/17,2017-04-01,Sinhalese Sports Club Ground,2,26.1,Bangladesh,Sri Lanka,Mashrafe Mortaza,Mehedi Hasan Miraz,S Prasanna,0,0,,,,,,,,,
1083448,2016/17,2017-04-01,Sinhalese Sports Club Ground,2,26.2,Bangladesh,Sri Lanka,Mashrafe Mortaza,Mehedi Hasan Miraz,S Prasanna,1,0,,,,,,,,,
1083448,2016/17,2017-04-01,Sinhalese Sports Club Ground,2,26.3,Bangladesh,Sri Lanka,Mehedi Hasan Miraz,Mashrafe Mortaza,S Prasanna,0,0,,,,,,,,,
1083448,2016/17,2017-04-01,Sinhalese Sports Club Ground,2,26.4,Bangladesh,Sri Lanka,Mehedi Hasan Miraz,Mashrafe Mortaza,S Prasanna,1,0,,,,,,,,,
1083448,2016/17,2017-04-01,Sinhalese Sports Club Ground,2,26.5,Bangladesh,Sri Lanka,Mashrafe Mortaza,Mehedi Hasan Miraz,S Prasanna,0,0,,,,,,,,,
1083448,2016/17,2017-04-01,Sinhalese Sports Club Ground,2,26.6,Bangladesh,Sri Lanka,Mashrafe Mortaza,Mehedi Hasan Miraz,S Prasanna,1,0,,,,,,,,,
1083448,2016/17,2017-04-01,Sinhalese Sports Club Ground,2,27.1,Bangladesh,Sri Lanka,Mashrafe Mortaza,Mehedi Hasan Miraz,RAS Lakmal,1,0,,,,,,,,,
1083448,2016/17,2017-04-01,Sinhalese Sports Club Ground,2,27.2,Bangladesh,Sri Lanka,Mehedi Hasan Miraz,Mashrafe Mortaza,RAS Lakmal,0,0,,,,,,,,,
1083448,2016/17,2017-04-01,Sinhalese Sports Club Ground,2,27.3,Bangladesh,Sri Lanka,Mehedi Hasan Miraz,Mashrafe Mortaza,RAS Lakmal,0,1,1,,,,,,,,
1083448,2016/17,2017-04-01,Sinhalese Sports Club Ground,2,27.4,Bangladesh,Sri Lanka,Mehedi Hasan Miraz,Mashrafe Mortaza,RAS Lakmal,0,0,,,,,,,,,
1083448,2016/17,2017-04-01,Sinhalese Sports Club Ground,2,27.5,Bangladesh,Sri Lanka,Mehedi Hasan Miraz,Mashrafe Mortaza,RAS Lakmal,0,0,,,,,,,,,
1083448,2016/17,2017-04-01,Sinhalese Sports Club Ground,2,27.6,Bangladesh,Sri Lanka,Mehedi Hasan Miraz,Mashrafe Mortaza,RAS Lakmal,0,0,,,,,,,,,
1083448,2016/17,2017-04-01,Sinhalese Sports Club Ground,2,27.7,Bangladesh,Sri Lanka,Mehedi Hasan Miraz,Mashrafe Mortaza,RAS Lakmal,0,0,,,,,,,,,
1083448,2016/17,2017-04-01,Sinhalese Sports Club Ground,2,28.1,Bangladesh,Sri Lanka,Mashrafe Mortaza,Mehedi Hasan Miraz,S Prasanna,0,0,,,,,,,,,
1083448,2016/17,2017-04-01,Sinhalese Sports Club Ground,2,28.2,Bangladesh,Sri Lanka,Mashrafe Mortaza,Mehedi Hasan Miraz,S Prasanna,1,0,,,,,,,,,
1083448,2016/17,2017-04-01,Sinhalese Sports Club Ground,2,28.3,Bangladesh,Sri Lanka,Mehedi Hasan Miraz,Mashrafe Mortaza,S Prasanna,1,0,,,,,,,,,
1083448,2016/17,2017-04-01,Sinhalese Sports Club Ground,2,28.4,Bangladesh,Sri Lanka,Mashrafe Mortaza,Mehedi Hasan Miraz,S Prasanna,0,0,,,,,,,,,
1083448,2016/17,2017-04-01,Sinhalese Sports Club Ground,2,28.5,Bangladesh,Sri Lanka,Mashrafe Mortaza,Mehedi Hasan Miraz,S Prasanna,0,0,,,,,,,,,
1083448,2016/17,2017-04-01,Sinhalese Sports Club Ground,2,28.6,Bangladesh,Sri Lanka,Mashrafe Mortaza,Mehedi Hasan Miraz,S Prasanna,0,1,1,,,,,,,,
1083448,2016/17,2017-04-01,Sinhalese Sports Club Ground,2,28.7,Bangladesh,Sri Lanka,Mashrafe Mortaza,Mehedi Hasan Miraz,S Prasanna,0,0,,,,,,,,,
1083448,2016/17,2017-04-01,Sinhalese Sports Club Ground,2,29.1,Bangladesh,Sri Lanka,Mehedi Hasan Miraz,Mashrafe Mortaza,KMDN Kulasekara,1,0,,,,,,,,,
1083448,2016/17,2017-04-01,Sinhalese Sports Club Ground,2,29.2,Bangladesh,Sri Lanka,Mashrafe Mortaza,Mehedi Hasan Miraz,KMDN Kulasekara,0,0,,,,,,,,,
1083448,2016/17,2017-04-01,Sinhalese Sports Club Ground,2,29.3,Bangladesh,Sri Lanka,Mashrafe Mortaza,Mehedi Hasan Miraz,KMDN Kulasekara,0,0,,,,,,,,,
1083448,2016/17,2017-04-01,Sinhalese Sports Club Ground,2,29.4,Bangladesh,Sri Lanka,Mashrafe Mortaza,Mehedi Hasan Miraz,KMDN Kulasekara,0,0,,,,,,,,,
1083448,2016/17,2017-04-01,Sinhalese Sports Club Ground,2,29.5,Bangladesh,Sri Lanka,Mashrafe Mortaza,Mehedi Hasan Miraz,KMDN Kulasekara,1,0,,,,,,,,,
1083448,2016/17,2017-04-01,Sinhalese Sports Club Ground,2,29.6,Bangladesh,Sri Lanka,Mehedi Hasan Miraz,Mashrafe Mortaza,KMDN Kulasekara,1,0,,,,,,,,,
1083448,2016/17,2017-04-01,Sinhalese Sports Club Ground,2,30.1,Bangladesh,Sri Lanka,Mehedi Hasan Miraz,Mashrafe Mortaza,TAM Siriwardana,0,0,,,,,,,,,
1083448,2016/17,2017-04-01,Sinhalese Sports Club Ground,2,30.2,Bangladesh,Sri Lanka,Mehedi Hasan Miraz,Mashrafe Mortaza,TAM Siriwardana,0,0,,,,,,,,,
1083448,2016/17,2017-04-01,Sinhalese Sports Club Ground,2,30.3,Bangladesh,Sri Lanka,Mehedi Hasan Miraz,Mashrafe Mortaza,TAM Siriwardana,0,0,,,,,,,,,
1083448,2016/17,2017-04-01,Sinhalese Sports Club Ground,2,30.4,Bangladesh,Sri Lanka,Mehedi Hasan Miraz,Mashrafe Mortaza,TAM Siriwardana,0,0,,,,,,,,,
1083448,2016/17,2017-04-01,Sinhalese Sports Club Ground,2,30.5,Bangladesh,Sri Lanka,Mehedi Hasan Miraz,Mashrafe Mortaza,TAM Siriwardana,0,0,,,,,,,,,
1083448,2016/17,2017-04-01,Sinhalese Sports Club Ground,2,30.6,Bangladesh,Sri Lanka,Mehedi Hasan Miraz,Mashrafe Mortaza,TAM Siriwardana,0,0,,,,,,,,,
1083448,2016/17,2017-04-01,Sinhalese Sports Club Ground,2,31.1,Bangladesh,Sri Lanka,Mashrafe Mortaza,Mehedi Hasan Miraz,KMDN Kulasekara,4,0,,,,,,,,,
1083448,2016/17,2017-04-01,Sinhalese Sports Club Ground,2,31.2,Bangladesh,Sri Lanka,Mashrafe Mortaza,Mehedi Hasan Miraz,KMDN Kulasekara,4,0,,,,,,,,,
1083448,2016/17,2017-04-01,Sinhalese Sports Club Ground,2,31.3,Bangladesh,Sri Lanka,Mashrafe Mortaza,Mehedi Hasan Miraz,KMDN Kulasekara,0,0,,,,,,,,,
1083448,2016/17,2017-04-01,Sinhalese Sports Club Ground,2,31.4,Bangladesh,Sri Lanka,Mashrafe Mortaza,Mehedi Hasan Miraz,KMDN Kulasekara,1,0,,,,,,,,,
1083448,2016/17,2017-04-01,Sinhalese Sports Club Ground,2,31.5,Bangladesh,Sri Lanka,Mehedi Hasan Miraz,Mashrafe Mortaza,KMDN Kulasekara,0,0,,,,,,,,,
1083448,2016/17,2017-04-01,Sinhalese Sports Club Ground,2,31.6,Bangladesh,Sri Lanka,Mehedi Hasan Miraz,Mashrafe Mortaza,KMDN Kulasekara,1,0,,,,,,,,,
1083448,2016/17,2017-04-01,Sinhalese Sports Club Ground,2,32.1,Bangladesh,Sri Lanka,Mehedi Hasan Miraz,Mashrafe Mortaza,TAM Siriwardana,1,0,,,,,,,,,
1083448,2016/17,2017-04-01,Sinhalese Sports Club Ground,2,32.2,Bangladesh,Sri Lanka,Mashrafe Mortaza,Mehedi Hasan Miraz,TAM Siriwardana,0,0,,,,,,,,,
1083448,2016/17,2017-04-01,Sinhalese Sports Club Ground,2,32.3,Bangladesh,Sri Lanka,Mashrafe Mortaza,Mehedi Hasan Miraz,TAM Siriwardana,1,0,,,,,,,,,
1083448,2016/17,2017-04-01,Sinhalese Sports Club Ground,2,32.4,Bangladesh,Sri Lanka,Mehedi Hasan Miraz,Mashrafe Mortaza,TAM Siriwardana,0,0,,,,,,,,,
1083448,2016/17,2017-04-01,Sinhalese Sports Club Ground,2,32.5,Bangladesh,Sri Lanka,Mehedi Hasan Miraz,Mashrafe Mortaza,TAM Siriwardana,4,0,,,,,,,,,
1083448,2016/17,2017-04-01,Sinhalese Sports Club Ground,2,32.6,Bangladesh,Sri Lanka,Mehedi Hasan Miraz,Mashrafe Mortaza,TAM Siriwardana,0,0,,,,,,,,,
1083448,2016/17,2017-04-01,Sinhalese Sports Club Ground,2,33.1,Bangladesh,Sri Lanka,Mashrafe Mortaza,Mehedi Hasan Miraz,S Prasanna,0,0,,,,,,caught and bowled,Mashrafe Mortaza,,
1083448,2016/17,2017-04-01,Sinhalese Sports Club Ground,2,33.2,Bangladesh,Sri Lanka,Taskin Ahmed,Mehedi Hasan Miraz,S Prasanna,0,0,,,,,,,,,
1083448,2016/17,2017-04-01,Sinhalese Sports Club Ground,2,33.3,Bangladesh,Sri Lanka,Taskin Ahmed,Mehedi Hasan Miraz,S Prasanna,0,0,,,,,,,,,
1083448,2016/17,2017-04-01,Sinhalese Sports Club Ground,2,33.4,Bangladesh,Sri Lanka,Taskin Ahmed,Mehedi Hasan Miraz,S Prasanna,0,0,,,,,,,,,
1083448,2016/17,2017-04-01,Sinhalese Sports Club Ground,2,33.5,Bangladesh,Sri Lanka,Taskin Ahmed,Mehedi Hasan Miraz,S Prasanna,0,0,,,,,,,,,
1083448,2016/17,2017-04-01,Sinhalese Sports Club Ground,2,33.6,Bangladesh,Sri Lanka,Taskin Ahmed,Mehedi Hasan Miraz,S Prasanna,0,0,,,,,,,,,
1083448,2016/17,2017-04-01,Sinhalese Sports Club Ground,2,34.1,Bangladesh,Sri Lanka,Mehedi Hasan Miraz,Taskin Ahmed,TAM Siriwardana,0,0,,,,,,,,,
1083448,2016/17,2017-04-01,Sinhalese Sports Club Ground,2,34.2,Bangladesh,Sri Lanka,Mehedi Hasan Miraz,Taskin Ahmed,TAM Siriwardana,0,0,,,,,,,,,
1083448,2016/17,2017-04-01,Sinhalese Sports Club Ground,2,34.3,Bangladesh,Sri Lanka,Mehedi Hasan Miraz,Taskin Ahmed,TAM Siriwardana,0,0,,,,,,,,,
1083448,2016/17,2017-04-01,Sinhalese Sports Club Ground,2,34.4,Bangladesh,Sri Lanka,Mehedi Hasan Miraz,Taskin Ahmed,TAM Siriwardana,1,0,,,,,,,,,
1083448,2016/17,2017-04-01,Sinhalese Sports Club Ground,2,34.5,Bangladesh,Sri Lanka,Taskin Ahmed,Mehedi Hasan Miraz,TAM Siriwardana,0,0,,,,,,,,,
1083448,2016/17,2017-04-01,Sinhalese Sports Club Ground,2,34.6,Bangladesh,Sri Lanka,Taskin Ahmed,Mehedi Hasan Miraz,TAM Siriwardana,1,0,,,,,,,,,
1083448,2016/17,2017-04-01,Sinhalese Sports Club Ground,2,35.1,Bangladesh,Sri Lanka,Taskin Ahmed,Mehedi Hasan Miraz,S Prasanna,0,0,,,,,,,,,
1083448,2016/17,2017-04-01,Sinhalese Sports Club Ground,2,35.2,Bangladesh,Sri Lanka,Taskin Ahmed,Mehedi Hasan Miraz,S Prasanna,1,0,,,,,,,,,
1083448,2016/17,2017-04-01,Sinhalese Sports Club Ground,2,35.3,Bangladesh,Sri Lanka,Mehedi Hasan Miraz,Taskin Ahmed,S Prasanna,1,0,,,,,,,,,
1083448,2016/17,2017-04-01,Sinhalese Sports Club Ground,2,35.4,Bangladesh,Sri Lanka,Taskin Ahmed,Mehedi Hasan Miraz,S Prasanna,0,1,1,,,,,,,,
1083448,2016/17,2017-04-01,Sinhalese Sports Club Ground,2,35.5,Bangladesh,Sri Lanka,Taskin Ahmed,Mehedi Hasan Miraz,S Prasanna,1,0,,,,,,,,,
1083448,2016/17,2017-04-01,Sinhalese Sports Club Ground,2,35.6,Bangladesh,Sri Lanka,Mehedi Hasan Miraz,Taskin Ahmed,S Prasanna,0,0,,,,,,,,,
1083448,2016/17,2017-04-01,Sinhalese Sports Club Ground,2,35.7,Bangladesh,Sri Lanka,Mehedi Hasan Miraz,Taskin Ahmed,S Prasanna,1,0,,,,,,,,,
1083448,2016/17,2017-04-01,Sinhalese Sports Club Ground,2,36.1,Bangladesh,Sri Lanka,Mehedi Hasan Miraz,Taskin Ahmed,TAM Siriwardana,4,0,,,,,,,,,
1083448,2016/17,2017-04-01,Sinhalese Sports Club Ground,2,36.2,Bangladesh,Sri Lanka,Mehedi Hasan Miraz,Taskin Ahmed,TAM Siriwardana,1,0,,,,,,,,,
1083448,2016/17,2017-04-01,Sinhalese Sports Club Ground,2,36.3,Bangladesh,Sri Lanka,Taskin Ahmed,Mehedi Hasan Miraz,TAM Siriwardana,0,0,,,,,,,,,
1083448,2016/17,2017-04-01,Sinhalese Sports Club Ground,2,36.4,Bangladesh,Sri Lanka,Taskin Ahmed,Mehedi Hasan Miraz,TAM Siriwardana,0,0,,,,,,,,,
1083448,2016/17,2017-04-01,Sinhalese Sports Club Ground,2,36.5,Bangladesh,Sri Lanka,Taskin Ahmed,Mehedi Hasan Miraz,TAM Siriwardana,1,0,,,,,,,,,
1083448,2016/17,2017-04-01,Sinhalese Sports Club Ground,2,36.6,Bangladesh,Sri Lanka,Mehedi Hasan Miraz,Taskin Ahmed,TAM Siriwardana,1,0,,,,,,,,,
1083448,2016/17,2017-04-01,Sinhalese Sports Club Ground,2,37.1,Bangladesh,Sri Lanka,Mehedi Hasan Miraz,Taskin Ahmed,S Prasanna,1,0,,,,,,,,,
1083448,2016/17,2017-04-01,Sinhalese Sports Club Ground,2,37.2,Bangladesh,Sri Lanka,Taskin Ahmed,Mehedi Hasan Miraz,S Prasanna,1,0,,,,,,,,,
1083448,2016/17,2017-04-01,Sinhalese Sports Club Ground,2,37.3,Bangladesh,Sri Lanka,Mehedi Hasan Miraz,Taskin Ahmed,S Prasanna,0,0,,,,,,,,,
1083448,2016/17,2017-04-01,Sinhalese Sports Club Ground,2,37.4,Bangladesh,Sri Lanka,Mehedi Hasan Miraz,Taskin Ahmed,S Prasanna,0,0,,,,,,,,,
1083448,2016/17,2017-04-01,Sinhalese Sports Club Ground,2,37.5,Bangladesh,Sri Lanka,Mehedi Hasan Miraz,Taskin Ahmed,S Prasanna,0,0,,,,,,,,,
1083448,2016/17,2017-04-01,Sinhalese Sports Club Ground,2,37.6,Bangladesh,Sri Lanka,Mehedi Hasan Miraz,Taskin Ahmed,S Prasanna,0,0,,,,,,,,,
1083448,2016/17,2017-04-01,Sinhalese Sports Club Ground,2,38.1,Bangladesh,Sri Lanka,Taskin Ahmed,Mehedi Hasan Miraz,TAM Siriwardana,1,0,,,,,,,,,
1083448,2016/17,2017-04-01,Sinhalese Sports Club Ground,2,38.2,Bangladesh,Sri Lanka,Mehedi Hasan Miraz,Taskin Ahmed,TAM Siriwardana,0,0,,,,,,,,,
1083448,2016/17,2017-04-01,Sinhalese Sports Club Ground,2,38.3,Bangladesh,Sri Lanka,Mehedi Hasan Miraz,Taskin Ahmed,TAM Siriwardana,2,0,,,,,,,,,
1083448,2016/17,2017-04-01,Sinhalese Sports Club Ground,2,38.4,Bangladesh,Sri Lanka,Mehedi Hasan Miraz,Taskin Ahmed,TAM Siriwardana,4,0,,,,,,,,,
1083448,2016/17,2017-04-01,Sinhalese Sports Club Ground,2,38.5,Bangladesh,Sri Lanka,Mehedi Hasan Miraz,Taskin Ahmed,TAM Siriwardana,1,0,,,,,,,,,
1083448,2016/17,2017-04-01,Sinhalese Sports Club Ground,2,38.6,Bangladesh,Sri Lanka,Taskin Ahmed,Mehedi Hasan Miraz,TAM Siriwardana,0,0,,,,,,,,,
1083448,2016/17,2017-04-01,Sinhalese Sports Club Ground,2,39.1,Bangladesh,Sri Lanka,Mehedi Hasan Miraz,Taskin Ahmed,MDK Perera,1,0,,,,,,,,,
1083448,2016/17,2017-04-01,Sinhalese Sports Club Ground,2,39.2,Bangladesh,Sri Lanka,Taskin Ahmed,Mehedi Hasan Miraz,MDK Perera,0,1,,,,1,,,,,
1083448,2016/17,2017-04-01,Sinhalese Sports Club Ground,2,39.3,Bangladesh,Sri Lanka,Mehedi Hasan Miraz,Taskin Ahmed,MDK Perera,0,0,,,,,,,,,
1083448,2016/17,2017-04-01,Sinhalese Sports Club Ground,2,39.4,Bangladesh,Sri Lanka,Mehedi Hasan Miraz,Taskin Ahmed,MDK Perera,0,0,,,,,,,,,
1083448,2016/17,2017-04-01,Sinhalese Sports Club Ground,2,39.5,Bangladesh,Sri Lanka,Mehedi Hasan Miraz,Taskin Ahmed,MDK Perera,0,0,,,,,,,,,
1083448,2016/17,2017-04-01,Sinhalese Sports Club Ground,2,39.6,Bangladesh,Sri Lanka,Mehedi Hasan Miraz,Taskin Ahmed,MDK Perera,1,0,,,,,,,,,
1083448,2016/17,2017-04-01,Sinhalese Sports Club Ground,2,40.1,Bangladesh,Sri Lanka,Mehedi Hasan Miraz,Taskin Ahmed,RAS Lakmal,0,0,,,,,,,,,
1083448,2016/17,2017-04-01,Sinhalese Sports Club Ground,2,40.2,Bangladesh,Sri Lanka,Mehedi Hasan Miraz,Taskin Ahmed,RAS Lakmal,0,0,,,,,,,,,
1083448,2016/17,2017-04-01,Sinhalese Sports Club Ground,2,40.3,Bangladesh,Sri Lanka,Mehedi Hasan Miraz,Taskin Ahmed,RAS Lakmal,0,1,1,,,,,,,,
1083448,2016/17,2017-04-01,Sinhalese Sports Club Ground,2,40.4,Bangladesh,Sri Lanka,Mehedi Hasan Miraz,Taskin Ahmed,RAS Lakmal,0,0,,,,,,,,,
1083448,2016/17,2017-04-01,Sinhalese Sports Club Ground,2,40.5,Bangladesh,Sri Lanka,Mehedi Hasan Miraz,Taskin Ahmed,RAS Lakmal,4,0,,,,,,,,,
1083448,2016/17,2017-04-01,Sinhalese Sports Club Ground,2,40.6,Bangladesh,Sri Lanka,Mehedi Hasan Miraz,Taskin Ahmed,RAS Lakmal,0,0,,,,,,,,,
1083448,2016/17,2017-04-01,Sinhalese Sports Club Ground,2,40.7,Bangladesh,Sri Lanka,Mehedi Hasan Miraz,Taskin Ahmed,RAS Lakmal,1,0,,,,,,,,,
1083448,2016/17,2017-04-01,Sinhalese Sports Club Ground,2,41.1,Bangladesh,Sri Lanka,Mehedi Hasan Miraz,Taskin Ahmed,MDK Perera,0,0,,,,,,,,,
1083448,2016/17,2017-04-01,Sinhalese Sports Club Ground,2,41.2,Bangladesh,Sri Lanka,Mehedi Hasan Miraz,Taskin Ahmed,MDK Perera,1,0,,,,,,,,,
1083448,2016/17,2017-04-01,Sinhalese Sports Club Ground,2,41.3,Bangladesh,Sri Lanka,Taskin Ahmed,Mehedi Hasan Miraz,MDK Perera,4,0,,,,,,,,,
1083448,2016/17,2017-04-01,Sinhalese Sports Club Ground,2,41.4,Bangladesh,Sri Lanka,Taskin Ahmed,Mehedi Hasan Miraz,MDK Perera,0,0,,,,,,,,,
1083448,2016/17,2017-04-01,Sinhalese Sports Club Ground,2,41.5,Bangladesh,Sri Lanka,Taskin Ahmed,Mehedi Hasan Miraz,MDK Perera,0,0,,,,,,,,,
1083448,2016/17,2017-04-01,Sinhalese Sports Club Ground,2,41.6,Bangladesh,Sri Lanka,Taskin Ahmed,Mehedi Hasan Miraz,MDK Perera,1,0,,,,,,,,,
1083448,2016/17,2017-04-01,Sinhalese Sports Club Ground,2,42.1,Bangladesh,Sri Lanka,Taskin Ahmed,Mehedi Hasan Miraz,RAS Lakmal,1,0,,,,,,,,,
1083448,2016/17,2017-04-01,Sinhalese Sports Club Ground,2,42.2,Bangladesh,Sri Lanka,Mehedi Hasan Miraz,Taskin Ahmed,RAS Lakmal,1,0,,,,,,,,,
1083448,2016/17,2017-04-01,Sinhalese Sports Club Ground,2,42.3,Bangladesh,Sri Lanka,Taskin Ahmed,Mehedi Hasan Miraz,RAS Lakmal,0,0,,,,,,,,,
1083448,2016/17,2017-04-01,Sinhalese Sports Club Ground,2,42.4,Bangladesh,Sri Lanka,Taskin Ahmed,Mehedi Hasan Miraz,RAS Lakmal,1,0,,,,,,,,,
1083448,2016/17,2017-04-01,Sinhalese Sports Club Ground,2,42.5,Bangladesh,Sri Lanka,Mehedi Hasan Miraz,Taskin Ahmed,RAS Lakmal,4,0,,,,,,,,,
1083448,2016/17,2017-04-01,Sinhalese Sports Club Ground,2,42.6,Bangladesh,Sri Lanka,Mehedi Hasan Miraz,Taskin Ahmed,RAS Lakmal,1,0,,,,,,,,,
1083448,2016/17,2017-04-01,Sinhalese Sports Club Ground,2,43.1,Bangladesh,Sri Lanka,Mehedi Hasan Miraz,Taskin Ahmed,DAS Gunaratne,4,0,,,,,,,,,
1083448,2016/17,2017-04-01,Sinhalese Sports Club Ground,2,43.2,Bangladesh,Sri Lanka,Mehedi Hasan Miraz,Taskin Ahmed,DAS Gunaratne,0,0,,,,,,,,,
1083448,2016/17,2017-04-01,Sinhalese Sports Club Ground,2,43.3,Bangladesh,Sri Lanka,Mehedi Hasan Miraz,Taskin Ahmed,DAS Gunaratne,1,0,,,,,,,,,
1083448,2016/17,2017-04-01,Sinhalese Sports Club Ground,2,43.4,Bangladesh,Sri Lanka,Taskin Ahmed,Mehedi Hasan Miraz,DAS Gunaratne,1,0,,,,,,,,,
1083448,2016/17,2017-04-01,Sinhalese Sports Club Ground,2,43.5,Bangladesh,Sri Lanka,Mehedi Hasan Miraz,Taskin Ahmed,DAS Gunaratne,1,0,,,,,,,,,
1083448,2016/17,2017-04-01,Sinhalese Sports Club Ground,2,43.6,Bangladesh,Sri Lanka,Taskin Ahmed,Mehedi Hasan Miraz,DAS Gunaratne,0,0,,,,,,,,,
1083448,2016/17,2017-04-01,Sinhalese Sports Club Ground,2,44.1,Bangladesh,Sri Lanka,Mehedi Hasan Miraz,Taskin Ahmed,KMDN Kulasekara,0,0,,,,,,caught,Mehedi Hasan Miraz,,
1083448,2016/17,2017-04-01,Sinhalese Sports Club Ground,2,44.2,Bangladesh,Sri Lanka,Mustafizur Rahman,Taskin Ahmed,KMDN Kulasekara,1,0,,,,,,,,,
1083448,2016/17,2017-04-01,Sinhalese Sports Club Ground,2,44.3,Bangladesh,Sri Lanka,Taskin Ahmed,Mustafizur Rahman,KMDN Kulasekara,0,0,,,,,,caught,Taskin Ahmed,,
