version,2.1.0
info,balls_per_over,6
info,team,Sri Lanka
info,team,Bangladesh
info,gender,male
info,season,2016/17
info,date,2017/03/28
info,event,Bangladesh in Sri Lanka ODI Series
info,match_number,2
info,venue,Rangiri Dambulla International Stadium
info,city,
info,toss_winner,Sri Lanka
info,toss_decision,bat
info,umpire,RSA Palliyaguruge
info,umpire,S Ravi
info,reserve_umpire,REJ Martinesz
info,tv_umpire,MA Gough
info,match_referee,AJ Pycroft
info,outcome,no result
info,player,Bangladesh,Tamim Iqbal
info,player,Bangladesh,Soumya Sarkar
info,player,Bangladesh,Sabbir Rahman
info,player,Bangladesh,Mushfiqur Rahim
info,player,Bangladesh,Shakib Al Hasan
info,player,Bangladesh,Mosaddek Hossain
info,player,Bangladesh,Mahmudullah
info,player,Bangladesh,Mehedi Hasan Miraz
info,player,Bangladesh,Mashrafe Mortaza
info,player,Bangladesh,Taskin Ahmed
info,player,Bangladesh,Mustafizur Rahman
info,player,Sri Lanka,MD Gunathilaka
info,player,Sri Lanka,WU Tharanga
info,player,Sri Lanka,BKG Mendis
info,player,Sri Lanka,LD Chandimal
info,player,Sri Lanka,DAS Gunaratne
info,player,Sri Lanka,TAM Siriwardana
info,player,Sri Lanka,NLTC Perera
info,player,Sri Lanka,MDK Perera
info,player,Sri Lanka,KMDN Kulasekara
info,player,Sri Lanka,RAS Lakmal
info,player,Sri Lanka,N Pradeep
info,registry,people,AJ Pycroft,685d3f80
info,registry,people,BKG Mendis,5d1e7582
info,registry,people,DAS Gunaratne,770494eb
info,registry,people,KMDN Kulasekara,469ea22b
info,registry,people,LD Chandimal,8dd02a98
info,registry,people,MA Gough,76752ac8
info,registry,people,MD Gunathilaka,509a7ca1
info,registry,people,MDK Perera,5531248e
info,registry,people,Mahmudullah,bf1d7d3e
info,registry,people,Mashrafe Mortaza,e186f49c
info,registry,people,Mehedi Hasan Miraz,c58b0108
info,registry,people,Mosaddek Hossain,8919756f
info,registry,people,Mushfiqur Rahim,a94e08ea
info,registry,people,Mustafizur Rahman,0a8fce53
info,registry,people,N Pradeep,2af838ee
info,registry,people,NLTC Perera,0f12f9df
info,registry,people,RAS Lakmal,2f28dc94
info,registry,people,REJ Martinesz,140cdf29
info,registry,people,RSA Palliyaguruge,4339c19d
info,registry,people,S Ravi,9b9ee0df
info,registry,people,Sabbir Rahman,7147f314
info,registry,people,Shakib Al Hasan,7dc35884
info,registry,people,Soumya Sarkar,4d9f9686
info,registry,people,TAM Siriwardana,bf7842c9
info,registry,people,Tamim Iqbal,3b041a12
info,registry,people,Taskin Ahmed,ef18b66e
info,registry,people,WU Tharanga,7ed9fd56
