version,2.1.0
info,balls_per_over,6
info,team,West Indies
info,team,India
info,gender,male
info,season,2017
info,date,2017/07/02
info,event,India in West Indies ODI Series
info,match_number,4
info,venue,"Sir Vivian Richards Stadium, North Sound"
info,city,Antigua
info,toss_winner,West Indies
info,toss_decision,bat
info,player_of_match,JO Holder
info,umpire,CB Gaffaney
info,umpire,JS Wilson
info,reserve_umpire,N Duguid
info,tv_umpire,HDPK Dharmasena
info,match_referee,DC Boon
info,winner,West Indies
info,winner_runs,11
info,player,India,AM Rahane
info,player,India,S Dhawan
info,player,India,V Kohli
info,player,India,KD Karthik
info,player,India,MS Dhoni
info,player,India,KM Jadhav
info,player,India,HH Pandya
info,player,India,RA Jadeja
info,player,India,Kuldeep Yadav
info,player,India,UT Yadav
info,player,India,Mohammed Shami
info,player,West Indies,E Lewis
info,player,West Indies,KA Hope
info,player,West Indies,SD Hope
info,player,West Indies,RL Chase
info,player,West Indies,JN Mohammed
info,player,West Indies,JO Holder
info,player,West Indies,R Powell
info,player,West Indies,AR Nurse
info,player,West Indies,D Bishoo
info,player,West Indies,AS Joseph
info,player,West Indies,KOK Williams
info,registry,people,AM Rahane,29e95537
info,registry,people,AR Nurse,4a745f65
info,registry,people,AS Joseph,b0946605
info,registry,people,CB Gaffaney,d5ac41d8
info,registry,people,D Bishoo,7a80ddf2
info,registry,people,DC Boon,e79a1fe3
info,registry,people,E Lewis,0ebfb1ad
info,registry,people,HDPK Dharmasena,323e4c16
info,registry,people,HH Pandya,dbe50b21
info,registry,people,JN Mohammed,773cec26
info,registry,people,JO Holder,0f721006
info,registry,people,JS Wilson,d7f3b72f
info,registry,people,KA Hope,c59d8f8a
info,registry,people,KD Karthik,c03f1114
info,registry,people,KM Jadhav,99d63244
info,registry,people,KOK Williams,78cb83f3
info,registry,people,Kuldeep Yadav,8d2c70ad
info,registry,people,MS Dhoni,4a8a2e3b
info,registry,people,Mohammed Shami,8cf9814c
info,registry,people,N Duguid,64495506
info,registry,people,R Powell,650d5e49
info,registry,people,RA Jadeja,fe93fd9d
info,registry,people,RL Chase,3feda4fa
info,registry,people,S Dhawan,0a476045
info,registry,people,SD Hope,1fc6ef83
info,registry,people,UT Yadav,cc1e8c68
info,registry,people,V Kohli,ba607b88
