match_id,season,start_date,venue,innings,ball,batting_team,bowling_team,striker,non_striker,bowler,runs_off_bat,extras,wides,noballs,byes,legbyes,penalty,wicket_type,player_dismissed,other_wicket_type,other_player_dismissed
1098206,2017,2017-06-23,"Queen's Park Oval, Port of Spain",1,0.1,India,West Indies,AM Rahane,S Dhawan,JO Holder,0,1,1,,,,,,,,
1098206,2017,2017-06-23,"Queen's Park Oval, Port of Spain",1,0.2,India,West Indies,AM Rahane,S Dhawan,JO Holder,0,0,,,,,,,,,
1098206,2017,2017-06-23,"Queen's Park Oval, Port of Spain",1,0.3,India,West Indies,AM Rahane,S Dhawan,JO Holder,0,0,,,,,,,,,
1098206,2017,2017-06-23,"Queen's Park Oval, Port of Spain",1,0.4,India,West Indies,AM Rahane,S Dhawan,JO Holder,0,0,,,,,,,,,
1098206,2017,2017-06-23,"Queen's Park Oval, Port of Spain",1,0.5,India,West Indies,AM Rahane,S Dhawan,JO Holder,1,0,,,,,,,,,
1098206,2017,2017-06-23,"Queen's Park Oval, Port of Spain",1,0.6,India,West Indies,S Dhawan,AM Rahane,JO Holder,0,0,,,,,,,,,
1098206,2017,2017-06-23,"Queen's Park Oval, Port of Spain",1,0.7,India,West Indies,S Dhawan,AM Rahane,JO Holder,1,0,,,,,,,,,
1098206,2017,2017-06-23,"Queen's Park Oval, Port of Spain",1,1.1,India,West Indies,S Dhawan,AM Rahane,AS Joseph,0,0,,,,,,,,,
1098206,2017,2017-06-23,"Queen's Park Oval, Port of Spain",1,1.2,India,West Indies,S Dhawan,AM Rahane,AS Joseph,0,0,,,,,,,,,
1098206,2017,2017-06-23,"Queen's Park Oval, Port of Spain",1,1.3,India,West Indies,S Dhawan,AM Rahane,AS Joseph,4,0,,,,,,,,,
1098206,2017,2017-06-23,"Queen's Park Oval, Port of Spain",1,1.4,India,West Indies,S Dhawan,AM Rahane,AS Joseph,0,0,,,,,,,,,
1098206,2017,2017-06-23,"Queen's Park Oval, Port of Spain",1,1.5,India,West Indies,S Dhawan,AM Rahane,AS Joseph,0,1,1,,,,,,,,
1098206,2017,2017-06-23,"Queen's Park Oval, Port of Spain",1,1.6,India,West Indies,S Dhawan,AM Rahane,AS Joseph,1,0,,,,,,,,,
1098206,2017,2017-06-23,"Queen's Park Oval, Port of Spain",1,1.7,India,West Indies,AM Rahane,S Dhawan,AS Joseph,0,0,,,,,,,,,
1098206,2017,2017-06-23,"Queen's Park Oval, Port of Spain",1,2.1,India,West Indies,S Dhawan,AM Rahane,JO Holder,1,0,,,,,,,,,
1098206,2017,2017-06-23,"Queen's Park Oval, Port of Spain",1,2.2,India,West Indies,AM Rahane,S Dhawan,JO Holder,0,0,,,,,,,,,
1098206,2017,2017-06-23,"Queen's Park Oval, Port of Spain",1,2.3,India,West Indies,AM Rahane,S Dhawan,JO Holder,1,0,,,,,,,,,
1098206,2017,2017-06-23,"Queen's Park Oval, Port of Spain",1,2.4,India,West Indies,S Dhawan,AM Rahane,JO Holder,0,0,,,,,,,,,
1098206,2017,2017-06-23,"Queen's Park Oval, Port of Spain",1,2.5,India,West Indies,S Dhawan,AM Rahane,JO Holder,1,0,,,,,,,,,
1098206,2017,2017-06-23,"Queen's Park Oval, Port of Spain",1,2.6,India,West Indies,AM Rahane,S Dhawan,JO Holder,0,0,,,,,,,,,
1098206,2017,2017-06-23,"Queen's Park Oval, Port of Spain",1,3.1,India,West Indies,S Dhawan,AM Rahane,AS Joseph,4,0,,,,,,,,,
1098206,2017,2017-06-23,"Queen's Park Oval, Port of Spain",1,3.2,India,West Indies,S Dhawan,AM Rahane,AS Joseph,1,0,,,,,,,,,
1098206,2017,2017-06-23,"Queen's Park Oval, Port of Spain",1,3.3,India,West Indies,AM Rahane,S Dhawan,AS Joseph,0,0,,,,,,,,,
1098206,2017,2017-06-23,"Queen's Park Oval, Port of Spain",1,3.4,India,West Indies,AM Rahane,S Dhawan,AS Joseph,1,0,,,,,,,,,
1098206,2017,2017-06-23,"Queen's Park Oval, Port of Spain",1,3.5,India,West Indies,S Dhawan,AM Rahane,AS Joseph,2,0,,,,,,,,,
1098206,2017,2017-06-23,"Queen's Park Oval, Port of Spain",1,3.6,India,West Indies,S Dhawan,AM Rahane,AS Joseph,1,0,,,,,,,,,
1098206,2017,2017-06-23,"Queen's Park Oval, Port of Spain",1,4.1,India,West Indies,S Dhawan,AM Rahane,JO Holder,0,0,,,,,,,,,
1098206,2017,2017-06-23,"Queen's Park Oval, Port of Spain",1,4.2,India,West Indies,S Dhawan,AM Rahane,JO Holder,0,0,,,,,,,,,
1098206,2017,2017-06-23,"Queen's Park Oval, Port of Spain",1,4.3,India,West Indies,S Dhawan,AM Rahane,JO Holder,1,0,,,,,,,,,
1098206,2017,2017-06-23,"Queen's Park Oval, Port of Spain",1,4.4,India,West Indies,AM Rahane,S Dhawan,JO Holder,1,0,,,,,,,,,
1098206,2017,2017-06-23,"Queen's Park Oval, Port of Spain",1,4.5,India,West Indies,S Dhawan,AM Rahane,JO Holder,0,0,,,,,,,,,
1098206,2017,2017-06-23,"Queen's Park Oval, Port of Spain",1,4.6,India,West Indies,S Dhawan,AM Rahane,JO Holder,0,0,,,,,,,,,
1098206,2017,2017-06-23,"Queen's Park Oval, Port of Spain",1,5.1,India,West Indies,AM Rahane,S Dhawan,AS Joseph,0,0,,,,,,,,,
1098206,2017,2017-06-23,"Queen's Park Oval, Port of Spain",1,5.2,India,West Indies,AM Rahane,S Dhawan,AS Joseph,0,0,,,,,,,,,
1098206,2017,2017-06-23,"Queen's Park Oval, Port of Spain",1,5.3,India,West Indies,AM Rahane,S Dhawan,AS Joseph,0,0,,,,,,,,,
1098206,2017,2017-06-23,"Queen's Park Oval, Port of Spain",1,5.4,India,West Indies,AM Rahane,S Dhawan,AS Joseph,0,0,,,,,,,,,
1098206,2017,2017-06-23,"Queen's Park Oval, Port of Spain",1,5.5,India,West Indies,AM Rahane,S Dhawan,AS Joseph,0,0,,,,,,,,,
1098206,2017,2017-06-23,"Queen's Park Oval, Port of Spain",1,5.6,India,West Indies,AM Rahane,S Dhawan,AS Joseph,4,0,,,,,,,,,
1098206,2017,2017-06-23,"Queen's Park Oval, Port of Spain",1,6.1,India,West Indies,S Dhawan,AM Rahane,JO Holder,0,0,,,,,,,,,
1098206,2017,2017-06-23,"Queen's Park Oval, Port of Spain",1,6.2,India,West Indies,S Dhawan,AM Rahane,JO Holder,0,0,,,,,,,,,
1098206,2017,2017-06-23,"Queen's Park Oval, Port of Spain",1,6.3,India,West Indies,S Dhawan,AM Rahane,JO Holder,4,0,,,,,,,,,
1098206,2017,2017-06-23,"Queen's Park Oval, Port of Spain",1,6.4,India,West Indies,S Dhawan,AM Rahane,JO Holder,0,0,,,,,,,,,
1098206,2017,2017-06-23,"Queen's Park Oval, Port of Spain",1,6.5,India,West Indies,S Dhawan,AM Rahane,JO Holder,0,0,,,,,,,,,
1098206,2017,2017-06-23,"Queen's Park Oval, Port of Spain",1,6.6,India,West Indies,S Dhawan,AM Rahane,JO Holder,0,0,,,,,,,,,
1098206,2017,2017-06-23,"Queen's Park Oval, Port of Spain",1,7.1,India,West Indies,AM Rahane,S Dhawan,AS Joseph,2,0,,,,,,,,,
1098206,2017,2017-06-23,"Queen's Park Oval, Port of Spain",1,7.2,India,West Indies,AM Rahane,S Dhawan,AS Joseph,0,0,,,,,,,,,
1098206,2017,2017-06-23,"Queen's Park Oval, Port of Spain",1,7.3,India,West Indies,AM Rahane,S Dhawan,AS Joseph,0,0,,,,,,,,,
1098206,2017,2017-06-23,"Queen's Park Oval, Port of Spain",1,7.4,India,West Indies,AM Rahane,S Dhawan,AS Joseph,1,0,,,,,,,,,
1098206,2017,2017-06-23,"Queen's Park Oval, Port of Spain",1,7.5,India,West Indies,S Dhawan,AM Rahane,AS Joseph,0,0,,,,,,,,,
1098206,2017,2017-06-23,"Queen's Park Oval, Port of Spain",1,7.6,India,West Indies,S Dhawan,AM Rahane,AS Joseph,1,0,,,,,,,,,
1098206,2017,2017-06-23,"Queen's Park Oval, Port of Spain",1,8.1,India,West Indies,S Dhawan,AM Rahane,JO Holder,0,0,,,,,,,,,
1098206,2017,2017-06-23,"Queen's Park Oval, Port of Spain",1,8.2,India,West Indies,S Dhawan,AM Rahane,JO Holder,1,0,,,,,,,,,
1098206,2017,2017-06-23,"Queen's Park Oval, Port of Spain",1,8.3,India,West Indies,AM Rahane,S Dhawan,JO Holder,0,0,,,,,,,,,
1098206,2017,2017-06-23,"Queen's Park Oval, Port of Spain",1,8.4,India,West Indies,AM Rahane,S Dhawan,JO Holder,2,0,,,,,,,,,
1098206,2017,2017-06-23,"Queen's Park Oval, Port of Spain",1,8.5,India,West Indies,AM Rahane,S Dhawan,JO Holder,4,0,,,,,,,,,
1098206,2017,2017-06-23,"Queen's Park Oval, Port of Spain",1,8.6,India,West Indies,AM Rahane,S Dhawan,JO Holder,1,0,,,,,,,,,
1098206,2017,2017-06-23,"Queen's Park Oval, Port of Spain",1,9.1,India,West Indies,AM Rahane,S Dhawan,AS Joseph,4,0,,,,,,,,,
1098206,2017,2017-06-23,"Queen's Park Oval, Port of Spain",1,9.2,India,West Indies,AM Rahane,S Dhawan,AS Joseph,0,0,,,,,,,,,
1098206,2017,2017-06-23,"Queen's Park Oval, Port of Spain",1,9.3,India,West Indies,AM Rahane,S Dhawan,AS Joseph,0,0,,,,,,,,,
1098206,2017,2017-06-23,"Queen's Park Oval, Port of Spain",1,9.4,India,West Indies,AM Rahane,S Dhawan,AS Joseph,0,0,,,,,,,,,
1098206,2017,2017-06-23,"Queen's Park Oval, Port of Spain",1,9.5,India,West Indies,AM Rahane,S Dhawan,AS Joseph,0,0,,,,,,,,,
1098206,2017,2017-06-23,"Queen's Park Oval, Port of Spain",1,9.6,India,West Indies,AM Rahane,S Dhawan,AS Joseph,0,0,,,,,,,,,
1098206,2017,2017-06-23,"Queen's Park Oval, Port of Spain",1,10.1,India,West Indies,S Dhawan,AM Rahane,AR Nurse,0,0,,,,,,,,,
1098206,2017,2017-06-23,"Queen's Park Oval, Port of Spain",1,10.2,India,West Indies,S Dhawan,AM Rahane,AR Nurse,1,0,,,,,,,,,
1098206,2017,2017-06-23,"Queen's Park Oval, Port of Spain",1,10.3,India,West Indies,AM Rahane,S Dhawan,AR Nurse,4,0,,,,,,,,,
1098206,2017,2017-06-23,"Queen's Park Oval, Port of Spain",1,10.4,India,West Indies,AM Rahane,S Dhawan,AR Nurse,1,0,,,,,,,,,
1098206,2017,2017-06-23,"Queen's Park Oval, Port of Spain",1,10.5,India,West Indies,S Dhawan,AM Rahane,AR Nurse,1,0,,,,,,,,,
1098206,2017,2017-06-23,"Queen's Park Oval, Port of Spain",1,10.6,India,West Indies,AM Rahane,S Dhawan,AR Nurse,1,0,,,,,,,,,
1098206,2017,2017-06-23,"Queen's Park Oval, Port of Spain",1,11.1,India,West Indies,AM Rahane,S Dhawan,ML Cummins,0,0,,,,,,,,,
1098206,2017,2017-06-23,"Queen's Park Oval, Port of Spain",1,11.2,India,West Indies,AM Rahane,S Dhawan,ML Cummins,0,0,,,,,,,,,
1098206,2017,2017-06-23,"Queen's Park Oval, Port of Spain",1,11.3,India,West Indies,AM Rahane,S Dhawan,ML Cummins,0,0,,,,,,,,,
1098206,2017,2017-06-23,"Queen's Park Oval, Port of Spain",1,11.4,India,West Indies,AM Rahane,S Dhawan,ML Cummins,4,0,,,,,,,,,
1098206,2017,2017-06-23,"Queen's Park Oval, Port of Spain",1,11.5,India,West Indies,AM Rahane,S Dhawan,ML Cummins,0,0,,,,,,,,,
1098206,2017,2017-06-23,"Queen's Park Oval, Port of Spain",1,11.6,India,West Indies,AM Rahane,S Dhawan,ML Cummins,0,0,,,,,,,,,
1098206,2017,2017-06-23,"Queen's Park Oval, Port of Spain",1,12.1,India,West Indies,S Dhawan,AM Rahane,AR Nurse,0,0,,,,,,,,,
1098206,2017,2017-06-23,"Queen's Park Oval, Port of Spain",1,12.2,India,West Indies,S Dhawan,AM Rahane,AR Nurse,0,0,,,,,,,,,
1098206,2017,2017-06-23,"Queen's Park Oval, Port of Spain",1,12.3,India,West Indies,S Dhawan,AM Rahane,AR Nurse,0,0,,,,,,,,,
1098206,2017,2017-06-23,"Queen's Park Oval, Port of Spain",1,12.4,India,West Indies,S Dhawan,AM Rahane,AR Nurse,0,0,,,,,,,,,
1098206,2017,2017-06-23,"Queen's Park Oval, Port of Spain",1,12.5,India,West Indies,S Dhawan,AM Rahane,AR Nurse,0,0,,,,,,,,,
1098206,2017,2017-06-23,"Queen's Park Oval, Port of Spain",1,12.6,India,West Indies,S Dhawan,AM Rahane,AR Nurse,0,0,,,,,,,,,
1098206,2017,2017-06-23,"Queen's Park Oval, Port of Spain",1,13.1,India,West Indies,AM Rahane,S Dhawan,ML Cummins,0,0,,,,,,,,,
1098206,2017,2017-06-23,"Queen's Park Oval, Port of Spain",1,13.2,India,West Indies,AM Rahane,S Dhawan,ML Cummins,0,0,,,,,,,,,
1098206,2017,2017-06-23,"Queen's Park Oval, Port of Spain",1,13.3,India,West Indies,AM Rahane,S Dhawan,ML Cummins,4,0,,,,,,,,,
1098206,2017,2017-06-23,"Queen's Park Oval, Port of Spain",1,13.4,India,West Indies,AM Rahane,S Dhawan,ML Cummins,0,1,1,,,,,,,,
1098206,2017,2017-06-23,"Queen's Park Oval, Port of Spain",1,13.5,India,West Indies,AM Rahane,S Dhawan,ML Cummins,0,0,,,,,,,,,
1098206,2017,2017-06-23,"Queen's Park Oval, Port of Spain",1,13.6,India,West Indies,AM Rahane,S Dhawan,ML Cummins,0,0,,,,,,,,,
1098206,2017,2017-06-23,"Queen's Park Oval, Port of Spain",1,13.7,India,West Indies,AM Rahane,S Dhawan,ML Cummins,1,0,,,,,,,,,
1098206,2017,2017-06-23,"Queen's Park Oval, Port of Spain",1,14.1,India,West Indies,AM Rahane,S Dhawan,AR Nurse,1,0,,,,,,,,,
1098206,2017,2017-06-23,"Queen's Park Oval, Port of Spain",1,14.2,India,West Indies,S Dhawan,AM Rahane,AR Nurse,0,0,,,,,,,,,
1098206,2017,2017-06-23,"Queen's Park Oval, Port of Spain",1,14.3,India,West Indies,S Dhawan,AM Rahane,AR Nurse,4,0,,,,,,,,,
1098206,2017,2017-06-23,"Queen's Park Oval, Port of Spain",1,14.4,India,West Indies,S Dhawan,AM Rahane,AR Nurse,0,0,,,,,,,,,
1098206,2017,2017-06-23,"Queen's Park Oval, Port of Spain",1,14.5,India,West Indies,S Dhawan,AM Rahane,AR Nurse,0,0,,,,,,,,,
1098206,2017,2017-06-23,"Queen's Park Oval, Port of Spain",1,14.6,India,West Indies,S Dhawan,AM Rahane,AR Nurse,4,0,,,,,,,,,
1098206,2017,2017-06-23,"Queen's Park Oval, Port of Spain",1,15.1,India,West Indies,AM Rahane,S Dhawan,ML Cummins,0,0,,,,,,,,,
1098206,2017,2017-06-23,"Queen's Park Oval, Port of Spain",1,15.2,India,West Indies,AM Rahane,S Dhawan,ML Cummins,0,0,,,,,,,,,
1098206,2017,2017-06-23,"Queen's Park Oval, Port of Spain",1,15.3,India,West Indies,AM Rahane,S Dhawan,ML Cummins,1,0,,,,,,,,,
1098206,2017,2017-06-23,"Queen's Park Oval, Port of Spain",1,15.4,India,West Indies,S Dhawan,AM Rahane,ML Cummins,1,0,,,,,,,,,
1098206,2017,2017-06-23,"Queen's Park Oval, Port of Spain",1,15.5,India,West Indies,AM Rahane,S Dhawan,ML Cummins,1,0,,,,,,,,,
1098206,2017,2017-06-23,"Queen's Park Oval, Port of Spain",1,15.6,India,West Indies,S Dhawan,AM Rahane,ML Cummins,4,0,,,,,,,,,
1098206,2017,2017-06-23,"Queen's Park Oval, Port of Spain",1,16.1,India,West Indies,AM Rahane,S Dhawan,AR Nurse,1,0,,,,,,,,,
1098206,2017,2017-06-23,"Queen's Park Oval, Port of Spain",1,16.2,India,West Indies,S Dhawan,AM Rahane,AR Nurse,1,0,,,,,,,,,
1098206,2017,2017-06-23,"Queen's Park Oval, Port of Spain",1,16.3,India,West Indies,AM Rahane,S Dhawan,AR Nurse,1,0,,,,,,,,,
1098206,2017,2017-06-23,"Queen's Park Oval, Port of Spain",1,16.4,India,West Indies,S Dhawan,AM Rahane,AR Nurse,1,0,,,,,,,,,
1098206,2017,2017-06-23,"Queen's Park Oval, Port of Spain",1,16.5,India,West Indies,AM Rahane,S Dhawan,AR Nurse,0,0,,,,,,,,,
1098206,2017,2017-06-23,"Queen's Park Oval, Port of Spain",1,16.6,India,West Indies,AM Rahane,S Dhawan,AR Nurse,1,0,,,,,,,,,
1098206,2017,2017-06-23,"Queen's Park Oval, Port of Spain",1,17.1,India,West Indies,AM Rahane,S Dhawan,D Bishoo,0,0,,,,,,,,,
1098206,2017,2017-06-23,"Queen's Park Oval, Port of Spain",1,17.2,India,West Indies,AM Rahane,S Dhawan,D Bishoo,0,0,,,,,,,,,
1098206,2017,2017-06-23,"Queen's Park Oval, Port of Spain",1,17.3,India,West Indies,AM Rahane,S Dhawan,D Bishoo,1,0,,,,,,,,,
1098206,2017,2017-06-23,"Queen's Park Oval, Port of Spain",1,17.4,India,West Indies,S Dhawan,AM Rahane,D Bishoo,0,0,,,,,,,,,
1098206,2017,2017-06-23,"Queen's Park Oval, Port of Spain",1,17.5,India,West Indies,S Dhawan,AM Rahane,D Bishoo,0,0,,,,,,,,,
1098206,2017,2017-06-23,"Queen's Park Oval, Port of Spain",1,17.6,India,West Indies,S Dhawan,AM Rahane,D Bishoo,0,0,,,,,,,,,
1098206,2017,2017-06-23,"Queen's Park Oval, Port of Spain",1,18.1,India,West Indies,AM Rahane,S Dhawan,ML Cummins,1,0,,,,,,,,,
1098206,2017,2017-06-23,"Queen's Park Oval, Port of Spain",1,18.2,India,West Indies,S Dhawan,AM Rahane,ML Cummins,1,0,,,,,,,,,
1098206,2017,2017-06-23,"Queen's Park Oval, Port of Spain",1,18.3,India,West Indies,AM Rahane,S Dhawan,ML Cummins,0,0,,,,,,,,,
1098206,2017,2017-06-23,"Queen's Park Oval, Port of Spain",1,18.4,India,West Indies,AM Rahane,S Dhawan,ML Cummins,1,0,,,,,,,,,
1098206,2017,2017-06-23,"Queen's Park Oval, Port of Spain",1,18.5,India,West Indies,S Dhawan,AM Rahane,ML Cummins,0,0,,,,,,,,,
1098206,2017,2017-06-23,"Queen's Park Oval, Port of Spain",1,18.6,India,West Indies,S Dhawan,AM Rahane,ML Cummins,0,0,,,,,,,,,
1098206,2017,2017-06-23,"Queen's Park Oval, Port of Spain",1,19.1,India,West Indies,AM Rahane,S Dhawan,D Bishoo,0,0,,,,,,,,,
1098206,2017,2017-06-23,"Queen's Park Oval, Port of Spain",1,19.2,India,West Indies,AM Rahane,S Dhawan,D Bishoo,1,0,,,,,,,,,
1098206,2017,2017-06-23,"Queen's Park Oval, Port of Spain",1,19.3,India,West Indies,S Dhawan,AM Rahane,D Bishoo,1,0,,,,,,,,,
1098206,2017,2017-06-23,"Queen's Park Oval, Port of Spain",1,19.4,India,West Indies,AM Rahane,S Dhawan,D Bishoo,1,0,,,,,,,,,
1098206,2017,2017-06-23,"Queen's Park Oval, Port of Spain",1,19.5,India,West Indies,S Dhawan,AM Rahane,D Bishoo,2,0,,,,,,,,,
1098206,2017,2017-06-23,"Queen's Park Oval, Port of Spain",1,19.6,India,West Indies,S Dhawan,AM Rahane,D Bishoo,1,0,,,,,,,,,
1098206,2017,2017-06-23,"Queen's Park Oval, Port of Spain",1,20.1,India,West Indies,S Dhawan,AM Rahane,ML Cummins,0,1,1,,,,,,,,
1098206,2017,2017-06-23,"Queen's Park Oval, Port of Spain",1,20.2,India,West Indies,S Dhawan,AM Rahane,ML Cummins,1,0,,,,,,,,,
1098206,2017,2017-06-23,"Queen's Park Oval, Port of Spain",1,20.3,India,West Indies,AM Rahane,S Dhawan,ML Cummins,1,0,,,,,,,,,
1098206,2017,2017-06-23,"Queen's Park Oval, Port of Spain",1,20.4,India,West Indies,S Dhawan,AM Rahane,ML Cummins,0,0,,,,,,,,,
1098206,2017,2017-06-23,"Queen's Park Oval, Port of Spain",1,20.5,India,West Indies,S Dhawan,AM Rahane,ML Cummins,1,0,,,,,,,,,
1098206,2017,2017-06-23,"Queen's Park Oval, Port of Spain",1,20.6,India,West Indies,AM Rahane,S Dhawan,ML Cummins,0,0,,,,,,,,,
1098206,2017,2017-06-23,"Queen's Park Oval, Port of Spain",1,20.7,India,West Indies,AM Rahane,S Dhawan,ML Cummins,4,0,,,,,,,,,
1098206,2017,2017-06-23,"Queen's Park Oval, Port of Spain",1,21.1,India,West Indies,S Dhawan,AM Rahane,D Bishoo,0,0,,,,,,,,,
1098206,2017,2017-06-23,"Queen's Park Oval, Port of Spain",1,21.2,India,West Indies,S Dhawan,AM Rahane,D Bishoo,1,0,,,,,,,,,
1098206,2017,2017-06-23,"Queen's Park Oval, Port of Spain",1,21.3,India,West Indies,AM Rahane,S Dhawan,D Bishoo,1,0,,,,,,,,,
1098206,2017,2017-06-23,"Queen's Park Oval, Port of Spain",1,21.4,India,West Indies,S Dhawan,AM Rahane,D Bishoo,1,0,,,,,,,,,
1098206,2017,2017-06-23,"Queen's Park Oval, Port of Spain",1,21.5,India,West Indies,AM Rahane,S Dhawan,D Bishoo,0,0,,,,,,,,,
1098206,2017,2017-06-23,"Queen's Park Oval, Port of Spain",1,21.6,India,West Indies,AM Rahane,S Dhawan,D Bishoo,0,0,,,,,,,,,
1098206,2017,2017-06-23,"Queen's Park Oval, Port of Spain",1,22.1,India,West Indies,S Dhawan,AM Rahane,AS Joseph,6,0,,,,,,,,,
1098206,2017,2017-06-23,"Queen's Park Oval, Port of Spain",1,22.2,India,West Indies,S Dhawan,AM Rahane,AS Joseph,1,0,,,,,,,,,
1098206,2017,2017-06-23,"Queen's Park Oval, Port of Spain",1,22.3,India,West Indies,AM Rahane,S Dhawan,AS Joseph,1,0,,,,,,,,,
1098206,2017,2017-06-23,"Queen's Park Oval, Port of Spain",1,22.4,India,West Indies,S Dhawan,AM Rahane,AS Joseph,1,0,,,,,,,,,
1098206,2017,2017-06-23,"Queen's Park Oval, Port of Spain",1,22.5,India,West Indies,AM Rahane,S Dhawan,AS Joseph,0,0,,,,,,,,,
1098206,2017,2017-06-23,"Queen's Park Oval, Port of Spain",1,22.6,India,West Indies,AM Rahane,S Dhawan,AS Joseph,4,0,,,,,,,,,
1098206,2017,2017-06-23,"Queen's Park Oval, Port of Spain",1,23.1,India,West Indies,S Dhawan,AM Rahane,D Bishoo,1,0,,,,,,,,,
1098206,2017,2017-06-23,"Queen's Park Oval, Port of Spain",1,23.2,India,West Indies,AM Rahane,S Dhawan,D Bishoo,1,0,,,,,,,,,
1098206,2017,2017-06-23,"Queen's Park Oval, Port of Spain",1,23.3,India,West Indies,S Dhawan,AM Rahane,D Bishoo,4,0,,,,,,,,,
1098206,2017,2017-06-23,"Queen's Park Oval, Port of Spain",1,23.4,India,West Indies,S Dhawan,AM Rahane,D Bishoo,2,0,,,,,,,,,
1098206,2017,2017-06-23,"Queen's Park Oval, Port of Spain",1,23.5,India,West Indies,S Dhawan,AM Rahane,D Bishoo,1,0,,,,,,,,,
1098206,2017,2017-06-23,"Queen's Park Oval, Port of Spain",1,23.6,India,West Indies,AM Rahane,S Dhawan,D Bishoo,0,0,,,,,,,,,
1098206,2017,2017-06-23,"Queen's Park Oval, Port of Spain",1,24.1,India,West Indies,S Dhawan,AM Rahane,AS Joseph,0,0,,,,,,,,,
1098206,2017,2017-06-23,"Queen's Park Oval, Port of Spain",1,24.2,India,West Indies,S Dhawan,AM Rahane,AS Joseph,0,0,,,,,,,,,
1098206,2017,2017-06-23,"Queen's Park Oval, Port of Spain",1,24.3,India,West Indies,S Dhawan,AM Rahane,AS Joseph,1,0,,,,,,,,,
1098206,2017,2017-06-23,"Queen's Park Oval, Port of Spain",1,24.4,India,West Indies,AM Rahane,S Dhawan,AS Joseph,0,0,,,,,,,,,
1098206,2017,2017-06-23,"Queen's Park Oval, Port of Spain",1,24.5,India,West Indies,AM Rahane,S Dhawan,AS Joseph,2,0,,,,,,,,,
1098206,2017,2017-06-23,"Queen's Park Oval, Port of Spain",1,24.6,India,West Indies,AM Rahane,S Dhawan,AS Joseph,0,0,,,,,,caught,AM Rahane,,
1098206,2017,2017-06-23,"Queen's Park Oval, Port of Spain",1,25.1,India,West Indies,S Dhawan,V Kohli,D Bishoo,0,0,,,,,,,,,
1098206,2017,2017-06-23,"Queen's Park Oval, Port of Spain",1,25.2,India,West Indies,S Dhawan,V Kohli,D Bishoo,1,0,,,,,,,,,
1098206,2017,2017-06-23,"Queen's Park Oval, Port of Spain",1,25.3,India,West Indies,V Kohli,S Dhawan,D Bishoo,1,0,,,,,,,,,
1098206,2017,2017-06-23,"Queen's Park Oval, Port of Spain",1,25.4,India,West Indies,S Dhawan,V Kohli,D Bishoo,1,0,,,,,,,,,
1098206,2017,2017-06-23,"Queen's Park Oval, Port of Spain",1,25.5,India,West Indies,V Kohli,S Dhawan,D Bishoo,2,0,,,,,,,,,
1098206,2017,2017-06-23,"Queen's Park Oval, Port of Spain",1,25.6,India,West Indies,V Kohli,S Dhawan,D Bishoo,0,0,,,,,,,,,
1098206,2017,2017-06-23,"Queen's Park Oval, Port of Spain",1,26.1,India,West Indies,S Dhawan,V Kohli,AS Joseph,1,0,,,,,,,,,
1098206,2017,2017-06-23,"Queen's Park Oval, Port of Spain",1,26.2,India,West Indies,V Kohli,S Dhawan,AS Joseph,0,0,,,,,,,,,
1098206,2017,2017-06-23,"Queen's Park Oval, Port of Spain",1,26.3,India,West Indies,V Kohli,S Dhawan,AS Joseph,1,0,,,,,,,,,
1098206,2017,2017-06-23,"Queen's Park Oval, Port of Spain",1,26.4,India,West Indies,S Dhawan,V Kohli,AS Joseph,1,0,,,,,,,,,
1098206,2017,2017-06-23,"Queen's Park Oval, Port of Spain",1,26.5,India,West Indies,V Kohli,S Dhawan,AS Joseph,1,0,,,,,,,,,
1098206,2017,2017-06-23,"Queen's Park Oval, Port of Spain",1,26.6,India,West Indies,S Dhawan,V Kohli,AS Joseph,6,0,,,,,,,,,
1098206,2017,2017-06-23,"Queen's Park Oval, Port of Spain",1,27.1,India,West Indies,V Kohli,S Dhawan,D Bishoo,0,0,,,,,,,,,
1098206,2017,2017-06-23,"Queen's Park Oval, Port of Spain",1,27.2,India,West Indies,V Kohli,S Dhawan,D Bishoo,1,0,,,,,,,,,
1098206,2017,2017-06-23,"Queen's Park Oval, Port of Spain",1,27.3,India,West Indies,S Dhawan,V Kohli,D Bishoo,1,0,,,,,,,,,
1098206,2017,2017-06-23,"Queen's Park Oval, Port of Spain",1,27.4,India,West Indies,V Kohli,S Dhawan,D Bishoo,1,0,,,,,,,,,
1098206,2017,2017-06-23,"Queen's Park Oval, Port of Spain",1,27.5,India,West Indies,S Dhawan,V Kohli,D Bishoo,1,0,,,,,,,,,
1098206,2017,2017-06-23,"Queen's Park Oval, Port of Spain",1,27.6,India,West Indies,V Kohli,S Dhawan,D Bishoo,0,0,,,,,,,,,
1098206,2017,2017-06-23,"Queen's Park Oval, Port of Spain",1,28.1,India,West Indies,S Dhawan,V Kohli,ML Cummins,0,0,,,,,,,,,
1098206,2017,2017-06-23,"Queen's Park Oval, Port of Spain",1,28.2,India,West Indies,S Dhawan,V Kohli,ML Cummins,4,0,,,,,,,,,
1098206,2017,2017-06-23,"Queen's Park Oval, Port of Spain",1,28.3,India,West Indies,S Dhawan,V Kohli,ML Cummins,0,0,,,,,,,,,
1098206,2017,2017-06-23,"Queen's Park Oval, Port of Spain",1,28.4,India,West Indies,S Dhawan,V Kohli,ML Cummins,1,0,,,,,,,,,
1098206,2017,2017-06-23,"Queen's Park Oval, Port of Spain",1,28.5,India,West Indies,V Kohli,S Dhawan,ML Cummins,0,0,,,,,,,,,
1098206,2017,2017-06-23,"Queen's Park Oval, Port of Spain",1,28.6,India,West Indies,V Kohli,S Dhawan,ML Cummins,0,0,,,,,,,,,
1098206,2017,2017-06-23,"Queen's Park Oval, Port of Spain",1,29.1,India,West Indies,S Dhawan,V Kohli,D Bishoo,1,0,,,,,,,,,
1098206,2017,2017-06-23,"Queen's Park Oval, Port of Spain",1,29.2,India,West Indies,V Kohli,S Dhawan,D Bishoo,0,0,,,,,,,,,
1098206,2017,2017-06-23,"Queen's Park Oval, Port of Spain",1,29.3,India,West Indies,V Kohli,S Dhawan,D Bishoo,1,0,,,,,,,,,
1098206,2017,2017-06-23,"Queen's Park Oval, Port of Spain",1,29.4,India,West Indies,S Dhawan,V Kohli,D Bishoo,1,0,,,,,,,,,
1098206,2017,2017-06-23,"Queen's Park Oval, Port of Spain",1,29.5,India,West Indies,V Kohli,S Dhawan,D Bishoo,1,0,,,,,,,,,
1098206,2017,2017-06-23,"Queen's Park Oval, Port of Spain",1,29.6,India,West Indies,S Dhawan,V Kohli,D Bishoo,0,0,,,,,,,,,
1098206,2017,2017-06-23,"Queen's Park Oval, Port of Spain",1,30.1,India,West Indies,V Kohli,S Dhawan,ML Cummins,0,0,,,,,,,,,
1098206,2017,2017-06-23,"Queen's Park Oval, Port of Spain",1,30.2,India,West Indies,V Kohli,S Dhawan,ML Cummins,0,0,,,,,,,,,
1098206,2017,2017-06-23,"Queen's Park Oval, Port of Spain",1,30.3,India,West Indies,V Kohli,S Dhawan,ML Cummins,0,0,,,,,,,,,
1098206,2017,2017-06-23,"Queen's Park Oval, Port of Spain",1,30.4,India,West Indies,V Kohli,S Dhawan,ML Cummins,1,0,,,,,,,,,
1098206,2017,2017-06-23,"Queen's Park Oval, Port of Spain",1,30.5,India,West Indies,S Dhawan,V Kohli,ML Cummins,1,0,,,,,,,,,
1098206,2017,2017-06-23,"Queen's Park Oval, Port of Spain",1,30.6,India,West Indies,V Kohli,S Dhawan,ML Cummins,4,0,,,,,,,,,
1098206,2017,2017-06-23,"Queen's Park Oval, Port of Spain",1,31.1,India,West Indies,S Dhawan,V Kohli,D Bishoo,0,0,,,,,,,,,
1098206,2017,2017-06-23,"Queen's Park Oval, Port of Spain",1,31.2,India,West Indies,S Dhawan,V Kohli,D Bishoo,1,0,,,,,,,,,
1098206,2017,2017-06-23,"Queen's Park Oval, Port of Spain",1,31.3,India,West Indies,V Kohli,S Dhawan,D Bishoo,1,0,,,,,,,,,
1098206,2017,2017-06-23,"Queen's Park Oval, Port of Spain",1,31.4,India,West Indies,S Dhawan,V Kohli,D Bishoo,0,0,,,,,,,,,
1098206,2017,2017-06-23,"Queen's Park Oval, Port of Spain",1,31.5,India,West Indies,S Dhawan,V Kohli,D Bishoo,0,0,,,,,,lbw,S Dhawan,,
1098206,2017,2017-06-23,"Queen's Park Oval, Port of Spain",1,31.6,India,West Indies,Yuvraj Singh,V Kohli,D Bishoo,0,0,,,,,,,,,
1098206,2017,2017-06-23,"Queen's Park Oval, Port of Spain",1,32.1,India,West Indies,V Kohli,Yuvraj Singh,JO Holder,0,0,,,,,,,,,
1098206,2017,2017-06-23,"Queen's Park Oval, Port of Spain",1,32.2,India,West Indies,V Kohli,Yuvraj Singh,JO Holder,2,0,,,,,,,,,
1098206,2017,2017-06-23,"Queen's Park Oval, Port of Spain",1,32.3,India,West Indies,V Kohli,Yuvraj Singh,JO Holder,2,0,,,,,,,,,
1098206,2017,2017-06-23,"Queen's Park Oval, Port of Spain",1,32.4,India,West Indies,V Kohli,Yuvraj Singh,JO Holder,0,0,,,,,,,,,
1098206,2017,2017-06-23,"Queen's Park Oval, Port of Spain",1,32.5,India,West Indies,V Kohli,Yuvraj Singh,JO Holder,0,0,,,,,,,,,
1098206,2017,2017-06-23,"Queen's Park Oval, Port of Spain",1,32.6,India,West Indies,V Kohli,Yuvraj Singh,JO Holder,1,0,,,,,,,,,
1098206,2017,2017-06-23,"Queen's Park Oval, Port of Spain",1,33.1,India,West Indies,V Kohli,Yuvraj Singh,D Bishoo,0,0,,,,,,,,,
1098206,2017,2017-06-23,"Queen's Park Oval, Port of Spain",1,33.2,India,West Indies,V Kohli,Yuvraj Singh,D Bishoo,0,0,,,,,,,,,
1098206,2017,2017-06-23,"Queen's Park Oval, Port of Spain",1,33.3,India,West Indies,V Kohli,Yuvraj Singh,D Bishoo,1,0,,,,,,,,,
1098206,2017,2017-06-23,"Queen's Park Oval, Port of Spain",1,33.4,India,West Indies,Yuvraj Singh,V Kohli,D Bishoo,0,0,,,,,,,,,
1098206,2017,2017-06-23,"Queen's Park Oval, Port of Spain",1,33.5,India,West Indies,Yuvraj Singh,V Kohli,D Bishoo,0,0,,,,,,,,,
1098206,2017,2017-06-23,"Queen's Park Oval, Port of Spain",1,33.6,India,West Indies,Yuvraj Singh,V Kohli,D Bishoo,0,0,,,,,,,,,
1098206,2017,2017-06-23,"Queen's Park Oval, Port of Spain",1,34.1,India,West Indies,V Kohli,Yuvraj Singh,JO Holder,1,0,,,,,,,,,
1098206,2017,2017-06-23,"Queen's Park Oval, Port of Spain",1,34.2,India,West Indies,Yuvraj Singh,V Kohli,JO Holder,1,0,,,,,,,,,
1098206,2017,2017-06-23,"Queen's Park Oval, Port of Spain",1,34.3,India,West Indies,V Kohli,Yuvraj Singh,JO Holder,1,0,,,,,,,,,
1098206,2017,2017-06-23,"Queen's Park Oval, Port of Spain",1,34.4,India,West Indies,Yuvraj Singh,V Kohli,JO Holder,1,0,,,,,,,,,
1098206,2017,2017-06-23,"Queen's Park Oval, Port of Spain",1,34.5,India,West Indies,V Kohli,Yuvraj Singh,JO Holder,0,0,,,,,,,,,
1098206,2017,2017-06-23,"Queen's Park Oval, Port of Spain",1,34.6,India,West Indies,V Kohli,Yuvraj Singh,JO Holder,2,0,,,,,,,,,
1098206,2017,2017-06-23,"Queen's Park Oval, Port of Spain",1,35.1,India,West Indies,Yuvraj Singh,V Kohli,D Bishoo,1,0,,,,,,,,,
1098206,2017,2017-06-23,"Queen's Park Oval, Port of Spain",1,35.2,India,West Indies,V Kohli,Yuvraj Singh,D Bishoo,1,0,,,,,,,,,
1098206,2017,2017-06-23,"Queen's Park Oval, Port of Spain",1,35.3,India,West Indies,Yuvraj Singh,V Kohli,D Bishoo,1,0,,,,,,,,,
1098206,2017,2017-06-23,"Queen's Park Oval, Port of Spain",1,35.4,India,West Indies,V Kohli,Yuvraj Singh,D Bishoo,0,0,,,,,,,,,
1098206,2017,2017-06-23,"Queen's Park Oval, Port of Spain",1,35.5,India,West Indies,V Kohli,Yuvraj Singh,D Bishoo,1,0,,,,,,,,,
1098206,2017,2017-06-23,"Queen's Park Oval, Port of Spain",1,35.6,India,West Indies,Yuvraj Singh,V Kohli,D Bishoo,0,0,,,,,,,,,
1098206,2017,2017-06-23,"Queen's Park Oval, Port of Spain",1,36.1,India,West Indies,V Kohli,Yuvraj Singh,JO Holder,0,0,,,,,,,,,
1098206,2017,2017-06-23,"Queen's Park Oval, Port of Spain",1,36.2,India,West Indies,V Kohli,Yuvraj Singh,JO Holder,1,0,,,,,,,,,
1098206,2017,2017-06-23,"Queen's Park Oval, Port of Spain",1,36.3,India,West Indies,Yuvraj Singh,V Kohli,JO Holder,0,0,,,,,,caught,Yuvraj Singh,,
1098206,2017,2017-06-23,"Queen's Park Oval, Port of Spain",1,36.4,India,West Indies,MS Dhoni,V Kohli,JO Holder,0,0,,,,,,,,,
1098206,2017,2017-06-23,"Queen's Park Oval, Port of Spain",1,36.5,India,West Indies,MS Dhoni,V Kohli,JO Holder,1,0,,,,,,,,,
1098206,2017,2017-06-23,"Queen's Park Oval, Port of Spain",1,36.6,India,West Indies,V Kohli,MS Dhoni,JO Holder,1,0,,,,,,,,,
1098206,2017,2017-06-23,"Queen's Park Oval, Port of Spain",1,37.1,India,West Indies,V Kohli,MS Dhoni,JL Carter,0,0,,,,,,,,,
1098206,2017,2017-06-23,"Queen's Park Oval, Port of Spain",1,37.2,India,West Indies,V Kohli,MS Dhoni,JL Carter,1,0,,,,,,,,,
1098206,2017,2017-06-23,"Queen's Park Oval, Port of Spain",1,37.3,India,West Indies,MS Dhoni,V Kohli,JL Carter,1,0,,,,,,,,,
1098206,2017,2017-06-23,"Queen's Park Oval, Port of Spain",1,37.4,India,West Indies,V Kohli,MS Dhoni,JL Carter,0,0,,,,,,,,,
1098206,2017,2017-06-23,"Queen's Park Oval, Port of Spain",1,37.5,India,West Indies,V Kohli,MS Dhoni,JL Carter,0,0,,,,,,,,,
1098206,2017,2017-06-23,"Queen's Park Oval, Port of Spain",1,37.6,India,West Indies,V Kohli,MS Dhoni,JL Carter,0,0,,,,,,,,,
1098206,2017,2017-06-23,"Queen's Park Oval, Port of Spain",1,38.1,India,West Indies,MS Dhoni,V Kohli,ML Cummins,1,0,,,,,,,,,
1098206,2017,2017-06-23,"Queen's Park Oval, Port of Spain",1,38.2,India,West Indies,V Kohli,MS Dhoni,ML Cummins,1,0,,,,,,,,,
1098206,2017,2017-06-23,"Queen's Park Oval, Port of Spain",1,38.3,India,West Indies,MS Dhoni,V Kohli,ML Cummins,0,0,,,,,,,,,
1098206,2017,2017-06-23,"Queen's Park Oval, Port of Spain",1,38.4,India,West Indies,MS Dhoni,V Kohli,ML Cummins,0,0,,,,,,,,,
1098206,2017,2017-06-23,"Queen's Park Oval, Port of Spain",1,38.5,India,West Indies,MS Dhoni,V Kohli,ML Cummins,4,0,,,,,,,,,
1098206,2017,2017-06-23,"Queen's Park Oval, Port of Spain",1,38.6,India,West Indies,MS Dhoni,V Kohli,ML Cummins,1,0,,,,,,,,,
1098206,2017,2017-06-23,"Queen's Park Oval, Port of Spain",1,39.1,India,West Indies,MS Dhoni,V Kohli,JL Carter,1,0,,,,,,,,,
1098206,2017,2017-06-23,"Queen's Park Oval, Port of Spain",1,39.2,India,West Indies,V Kohli,MS Dhoni,JL Carter,1,0,,,,,,,,,
1098206,2017,2017-06-23,"Queen's Park Oval, Port of Spain",1,39.3,India,West Indies,MS Dhoni,V Kohli,JL Carter,0,1,1,,,,,,,,
