match_id,season,start_date,venue,innings,ball,batting_team,bowling_team,striker,non_striker,bowler,runs_off_bat,extras,wides,noballs,byes,legbyes,penalty,wicket_type,player_dismissed,other_wicket_type,other_player_dismissed
1104481,2017,2017-07-08,"Mahinda Rajapaksa International Cricket Stadium, Sooriyawewa",1,0.1,Sri Lanka,Zimbabwe,N Dickwella,MD Gunathilaka,CB Mpofu,0,1,1,,,,,,,,
1104481,2017,2017-07-08,"Mahinda Rajapaksa International Cricket Stadium, Sooriyawewa",1,0.2,Sri Lanka,Zimbabwe,N Dickwella,MD Gunathilaka,CB Mpofu,4,0,,,,,,,,,
1104481,2017,2017-07-08,"Mahinda Rajapaksa International Cricket Stadium, Sooriyawewa",1,0.3,Sri Lanka,Zimbabwe,N Dickwella,MD Gunathilaka,CB Mpofu,0,0,,,,,,,,,
1104481,2017,2017-07-08,"Mahinda Rajapaksa International Cricket Stadium, Sooriyawewa",1,0.4,Sri Lanka,Zimbabwe,N Dickwella,MD Gunathilaka,CB Mpofu,0,0,,,,,,,,,
1104481,2017,2017-07-08,"Mahinda Rajapaksa International Cricket Stadium, Sooriyawewa",1,0.5,Sri Lanka,Zimbabwe,N Dickwella,MD Gunathilaka,CB Mpofu,0,0,,,,,,,,,
1104481,2017,2017-07-08,"Mahinda Rajapaksa International Cricket Stadium, Sooriyawewa",1,0.6,Sri Lanka,Zimbabwe,N Dickwella,MD Gunathilaka,CB Mpofu,0,0,,,,,,,,,
1104481,2017,2017-07-08,"Mahinda Rajapaksa International Cricket Stadium, Sooriyawewa",1,0.7,Sri Lanka,Zimbabwe,N Dickwella,MD Gunathilaka,CB Mpofu,0,0,,,,,,,,,
1104481,2017,2017-07-08,"Mahinda Rajapaksa International Cricket Stadium, Sooriyawewa",1,1.1,Sri Lanka,Zimbabwe,MD Gunathilaka,N Dickwella,TL Chatara,1,0,,,,,,,,,
1104481,2017,2017-07-08,"Mahinda Rajapaksa International Cricket Stadium, Sooriyawewa",1,1.2,Sri Lanka,Zimbabwe,N Dickwella,MD Gunathilaka,TL Chatara,0,0,,,,,,,,,
1104481,2017,2017-07-08,"Mahinda Rajapaksa International Cricket Stadium, Sooriyawewa",1,1.3,Sri Lanka,Zimbabwe,N Dickwella,MD Gunathilaka,TL Chatara,1,0,,,,,,,,,
1104481,2017,2017-07-08,"Mahinda Rajapaksa International Cricket Stadium, Sooriyawewa",1,1.4,Sri Lanka,Zimbabwe,MD Gunathilaka,N Dickwella,TL Chatara,0,0,,,,,,,,,
1104481,2017,2017-07-08,"Mahinda Rajapaksa International Cricket Stadium, Sooriyawewa",1,1.5,Sri Lanka,Zimbabwe,MD Gunathilaka,N Dickwella,TL Chatara,1,0,,,,,,,,,
1104481,2017,2017-07-08,"Mahinda Rajapaksa International Cricket Stadium, Sooriyawewa",1,1.6,Sri Lanka,Zimbabwe,N Dickwella,MD Gunathilaka,TL Chatara,1,0,,,,,,,,,
1104481,2017,2017-07-08,"Mahinda Rajapaksa International Cricket Stadium, Sooriyawewa",1,2.1,Sri Lanka,Zimbabwe,N Dickwella,MD Gunathilaka,CB Mpofu,1,0,,,,,,,,,
1104481,2017,2017-07-08,"Mahinda Rajapaksa International Cricket Stadium, Sooriyawewa",1,2.2,Sri Lanka,Zimbabwe,MD Gunathilaka,N Dickwella,CB Mpofu,0,0,,,,,,,,,
1104481,2017,2017-07-08,"Mahinda Rajapaksa International Cricket Stadium, Sooriyawewa",1,2.3,Sri Lanka,Zimbabwe,MD Gunathilaka,N Dickwella,CB Mpofu,0,0,,,,,,,,,
1104481,2017,2017-07-08,"Mahinda Rajapaksa International Cricket Stadium, Sooriyawewa",1,2.4,Sri Lanka,Zimbabwe,MD Gunathilaka,N Dickwella,CB Mpofu,1,0,,,,,,,,,
1104481,2017,2017-07-08,"Mahinda Rajapaksa International Cricket Stadium, Sooriyawewa",1,2.5,Sri Lanka,Zimbabwe,N Dickwella,MD Gunathilaka,CB Mpofu,0,0,,,,,,,,,
1104481,2017,2017-07-08,"Mahinda Rajapaksa International Cricket Stadium, Sooriyawewa",1,2.6,Sri Lanka,Zimbabwe,N Dickwella,MD Gunathilaka,CB Mpofu,1,0,,,,,,,,,
1104481,2017,2017-07-08,"Mahinda Rajapaksa International Cricket Stadium, Sooriyawewa",1,3.1,Sri Lanka,Zimbabwe,N Dickwella,MD Gunathilaka,TL Chatara,0,0,,,,,,,,,
1104481,2017,2017-07-08,"Mahinda Rajapaksa International Cricket Stadium, Sooriyawewa",1,3.2,Sri Lanka,Zimbabwe,N Dickwella,MD Gunathilaka,TL Chatara,1,0,,,,,,,,,
1104481,2017,2017-07-08,"Mahinda Rajapaksa International Cricket Stadium, Sooriyawewa",1,3.3,Sri Lanka,Zimbabwe,MD Gunathilaka,N Dickwella,TL Chatara,1,0,,,,,,,,,
1104481,2017,2017-07-08,"Mahinda Rajapaksa International Cricket Stadium, Sooriyawewa",1,3.4,Sri Lanka,Zimbabwe,N Dickwella,MD Gunathilaka,TL Chatara,0,1,1,,,,,,,,
1104481,2017,2017-07-08,"Mahinda Rajapaksa International Cricket Stadium, Sooriyawewa",1,3.5,Sri Lanka,Zimbabwe,N Dickwella,MD Gunathilaka,TL Chatara,0,0,,,,,,,,,
1104481,2017,2017-07-08,"Mahinda Rajapaksa International Cricket Stadium, Sooriyawewa",1,3.6,Sri Lanka,Zimbabwe,N Dickwella,MD Gunathilaka,TL Chatara,1,0,,,,,,,,,
1104481,2017,2017-07-08,"Mahinda Rajapaksa International Cricket Stadium, Sooriyawewa",1,3.7,Sri Lanka,Zimbabwe,MD Gunathilaka,N Dickwella,TL Chatara,1,0,,,,,,,,,
1104481,2017,2017-07-08,"Mahinda Rajapaksa International Cricket Stadium, Sooriyawewa",1,4.1,Sri Lanka,Zimbabwe,MD Gunathilaka,N Dickwella,CB Mpofu,0,0,,,,,,,,,
1104481,2017,2017-07-08,"Mahinda Rajapaksa International Cricket Stadium, Sooriyawewa",1,4.2,Sri Lanka,Zimbabwe,MD Gunathilaka,N Dickwella,CB Mpofu,1,0,,,,,,,,,
1104481,2017,2017-07-08,"Mahinda Rajapaksa International Cricket Stadium, Sooriyawewa",1,4.3,Sri Lanka,Zimbabwe,N Dickwella,MD Gunathilaka,CB Mpofu,0,0,,,,,,,,,
1104481,2017,2017-07-08,"Mahinda Rajapaksa International Cricket Stadium, Sooriyawewa",1,4.4,Sri Lanka,Zimbabwe,N Dickwella,MD Gunathilaka,CB Mpofu,4,0,,,,,,,,,
1104481,2017,2017-07-08,"Mahinda Rajapaksa International Cricket Stadium, Sooriyawewa",1,4.5,Sri Lanka,Zimbabwe,N Dickwella,MD Gunathilaka,CB Mpofu,4,0,,,,,,,,,
1104481,2017,2017-07-08,"Mahinda Rajapaksa International Cricket Stadium, Sooriyawewa",1,4.6,Sri Lanka,Zimbabwe,N Dickwella,MD Gunathilaka,CB Mpofu,3,0,,,,,,,,,
1104481,2017,2017-07-08,"Mahinda Rajapaksa International Cricket Stadium, Sooriyawewa",1,5.1,Sri Lanka,Zimbabwe,N Dickwella,MD Gunathilaka,TL Chatara,0,0,,,,,,,,,
1104481,2017,2017-07-08,"Mahinda Rajapaksa International Cricket Stadium, Sooriyawewa",1,5.2,Sri Lanka,Zimbabwe,N Dickwella,MD Gunathilaka,TL Chatara,0,1,1,,,,,,,,
1104481,2017,2017-07-08,"Mahinda Rajapaksa International Cricket Stadium, Sooriyawewa",1,5.3,Sri Lanka,Zimbabwe,N Dickwella,MD Gunathilaka,TL Chatara,3,0,,,,,,,,,
1104481,2017,2017-07-08,"Mahinda Rajapaksa International Cricket Stadium, Sooriyawewa",1,5.4,Sri Lanka,Zimbabwe,MD Gunathilaka,N Dickwella,TL Chatara,0,0,,,,,,,,,
1104481,2017,2017-07-08,"Mahinda Rajapaksa International Cricket Stadium, Sooriyawewa",1,5.5,Sri Lanka,Zimbabwe,MD Gunathilaka,N Dickwella,TL Chatara,0,0,,,,,,,,,
1104481,2017,2017-07-08,"Mahinda Rajapaksa International Cricket Stadium, Sooriyawewa",1,5.6,Sri Lanka,Zimbabwe,MD Gunathilaka,N Dickwella,TL Chatara,1,0,,,,,,,,,
1104481,2017,2017-07-08,"Mahinda Rajapaksa International Cricket Stadium, Sooriyawewa",1,5.7,Sri Lanka,Zimbabwe,N Dickwella,MD Gunathilaka,TL Chatara,4,0,,,,,,,,,
1104481,2017,2017-07-08,"Mahinda Rajapaksa International Cricket Stadium, Sooriyawewa",1,6.1,Sri Lanka,Zimbabwe,MD Gunathilaka,N Dickwella,CB Mpofu,0,0,,,,,,,,,
1104481,2017,2017-07-08,"Mahinda Rajapaksa International Cricket Stadium, Sooriyawewa",1,6.2,Sri Lanka,Zimbabwe,MD Gunathilaka,N Dickwella,CB Mpofu,1,0,,,,,,,,,
1104481,2017,2017-07-08,"Mahinda Rajapaksa International Cricket Stadium, Sooriyawewa",1,6.3,Sri Lanka,Zimbabwe,N Dickwella,MD Gunathilaka,CB Mpofu,0,0,,,,,,,,,
1104481,2017,2017-07-08,"Mahinda Rajapaksa International Cricket Stadium, Sooriyawewa",1,6.4,Sri Lanka,Zimbabwe,N Dickwella,MD Gunathilaka,CB Mpofu,1,0,,,,,,,,,
1104481,2017,2017-07-08,"Mahinda Rajapaksa International Cricket Stadium, Sooriyawewa",1,6.5,Sri Lanka,Zimbabwe,MD Gunathilaka,N Dickwella,CB Mpofu,0,1,1,,,,,,,,
1104481,2017,2017-07-08,"Mahinda Rajapaksa International Cricket Stadium, Sooriyawewa",1,6.6,Sri Lanka,Zimbabwe,MD Gunathilaka,N Dickwella,CB Mpofu,0,0,,,,,,,,,
1104481,2017,2017-07-08,"Mahinda Rajapaksa International Cricket Stadium, Sooriyawewa",1,6.7,Sri Lanka,Zimbabwe,MD Gunathilaka,N Dickwella,CB Mpofu,4,0,,,,,,,,,
1104481,2017,2017-07-08,"Mahinda Rajapaksa International Cricket Stadium, Sooriyawewa",1,7.1,Sri Lanka,Zimbabwe,N Dickwella,MD Gunathilaka,TL Chatara,2,0,,,,,,,,,
1104481,2017,2017-07-08,"Mahinda Rajapaksa International Cricket Stadium, Sooriyawewa",1,7.2,Sri Lanka,Zimbabwe,N Dickwella,MD Gunathilaka,TL Chatara,0,0,,,,,,,,,
1104481,2017,2017-07-08,"Mahinda Rajapaksa International Cricket Stadium, Sooriyawewa",1,7.3,Sri Lanka,Zimbabwe,N Dickwella,MD Gunathilaka,TL Chatara,4,0,,,,,,,,,
1104481,2017,2017-07-08,"Mahinda Rajapaksa International Cricket Stadium, Sooriyawewa",1,7.4,Sri Lanka,Zimbabwe,N Dickwella,MD Gunathilaka,TL Chatara,1,0,,,,,,,,,
1104481,2017,2017-07-08,"Mahinda Rajapaksa International Cricket Stadium, Sooriyawewa",1,7.5,Sri Lanka,Zimbabwe,MD Gunathilaka,N Dickwella,TL Chatara,2,0,,,,,,,,,
1104481,2017,2017-07-08,"Mahinda Rajapaksa International Cricket Stadium, Sooriyawewa",1,7.6,Sri Lanka,Zimbabwe,MD Gunathilaka,N Dickwella,TL Chatara,0,0,,,,,,,,,
1104481,2017,2017-07-08,"Mahinda Rajapaksa International Cricket Stadium, Sooriyawewa",1,8.1,Sri Lanka,Zimbabwe,N Dickwella,MD Gunathilaka,Sikandar Raza,0,0,,,,,,,,,
1104481,2017,2017-07-08,"Mahinda Rajapaksa International Cricket Stadium, Sooriyawewa",1,8.2,Sri Lanka,Zimbabwe,N Dickwella,MD Gunathilaka,Sikandar Raza,0,0,,,,,,,,,
1104481,2017,2017-07-08,"Mahinda Rajapaksa International Cricket Stadium, Sooriyawewa",1,8.3,Sri Lanka,Zimbabwe,N Dickwella,MD Gunathilaka,Sikandar Raza,0,0,,,,,,,,,
1104481,2017,2017-07-08,"Mahinda Rajapaksa International Cricket Stadium, Sooriyawewa",1,8.4,Sri Lanka,Zimbabwe,N Dickwella,MD Gunathilaka,Sikandar Raza,2,0,,,,,,,,,
1104481,2017,2017-07-08,"Mahinda Rajapaksa International Cricket Stadium, Sooriyawewa",1,8.5,Sri Lanka,Zimbabwe,N Dickwella,MD Gunathilaka,Sikandar Raza,0,0,,,,,,,,,
1104481,2017,2017-07-08,"Mahinda Rajapaksa International Cricket Stadium, Sooriyawewa",1,8.6,Sri Lanka,Zimbabwe,N Dickwella,MD Gunathilaka,Sikandar Raza,1,0,,,,,,,,,
1104481,2017,2017-07-08,"Mahinda Rajapaksa International Cricket Stadium, Sooriyawewa",1,9.1,Sri Lanka,Zimbabwe,N Dickwella,MD Gunathilaka,SC Williams,0,0,,,,,,,,,
1104481,2017,2017-07-08,"Mahinda Rajapaksa International Cricket Stadium, Sooriyawewa",1,9.2,Sri Lanka,Zimbabwe,N Dickwella,MD Gunathilaka,SC Williams,1,0,,,,,,,,,
1104481,2017,2017-07-08,"Mahinda Rajapaksa International Cricket Stadium, Sooriyawewa",1,9.3,Sri Lanka,Zimbabwe,MD Gunathilaka,N Dickwella,SC Williams,0,0,,,,,,,,,
1104481,2017,2017-07-08,"Mahinda Rajapaksa International Cricket Stadium, Sooriyawewa",1,9.4,Sri Lanka,Zimbabwe,MD Gunathilaka,N Dickwella,SC Williams,0,0,,,,,,,,,
1104481,2017,2017-07-08,"Mahinda Rajapaksa International Cricket Stadium, Sooriyawewa",1,9.5,Sri Lanka,Zimbabwe,MD Gunathilaka,N Dickwella,SC Williams,0,0,,,,,,,,,
1104481,2017,2017-07-08,"Mahinda Rajapaksa International Cricket Stadium, Sooriyawewa",1,9.6,Sri Lanka,Zimbabwe,MD Gunathilaka,N Dickwella,SC Williams,4,0,,,,,,,,,
1104481,2017,2017-07-08,"Mahinda Rajapaksa International Cricket Stadium, Sooriyawewa",1,10.1,Sri Lanka,Zimbabwe,N Dickwella,MD Gunathilaka,Sikandar Raza,1,0,,,,,,,,,
1104481,2017,2017-07-08,"Mahinda Rajapaksa International Cricket Stadium, Sooriyawewa",1,10.2,Sri Lanka,Zimbabwe,MD Gunathilaka,N Dickwella,Sikandar Raza,0,0,,,,,,,,,
1104481,2017,2017-07-08,"Mahinda Rajapaksa International Cricket Stadium, Sooriyawewa",1,10.3,Sri Lanka,Zimbabwe,MD Gunathilaka,N Dickwella,Sikandar Raza,0,2,2,,,,,,,,
1104481,2017,2017-07-08,"Mahinda Rajapaksa International Cricket Stadium, Sooriyawewa",1,10.4,Sri Lanka,Zimbabwe,N Dickwella,MD Gunathilaka,Sikandar Raza,1,0,,,,,,,,,
1104481,2017,2017-07-08,"Mahinda Rajapaksa International Cricket Stadium, Sooriyawewa",1,10.5,Sri Lanka,Zimbabwe,MD Gunathilaka,N Dickwella,Sikandar Raza,0,0,,,,,,,,,
1104481,2017,2017-07-08,"Mahinda Rajapaksa International Cricket Stadium, Sooriyawewa",1,10.6,Sri Lanka,Zimbabwe,MD Gunathilaka,N Dickwella,Sikandar Raza,1,0,,,,,,,,,
1104481,2017,2017-07-08,"Mahinda Rajapaksa International Cricket Stadium, Sooriyawewa",1,10.7,Sri Lanka,Zimbabwe,N Dickwella,MD Gunathilaka,Sikandar Raza,1,0,,,,,,,,,
1104481,2017,2017-07-08,"Mahinda Rajapaksa International Cricket Stadium, Sooriyawewa",1,11.1,Sri Lanka,Zimbabwe,N Dickwella,MD Gunathilaka,SF Mire,1,0,,,,,,,,,
1104481,2017,2017-07-08,"Mahinda Rajapaksa International Cricket Stadium, Sooriyawewa",1,11.2,Sri Lanka,Zimbabwe,MD Gunathilaka,N Dickwella,SF Mire,0,0,,,,,,,,,
1104481,2017,2017-07-08,"Mahinda Rajapaksa International Cricket Stadium, Sooriyawewa",1,11.3,Sri Lanka,Zimbabwe,MD Gunathilaka,N Dickwella,SF Mire,2,0,,,,,,,,,
1104481,2017,2017-07-08,"Mahinda Rajapaksa International Cricket Stadium, Sooriyawewa",1,11.4,Sri Lanka,Zimbabwe,MD Gunathilaka,N Dickwella,SF Mire,2,0,,,,,,,,,
1104481,2017,2017-07-08,"Mahinda Rajapaksa International Cricket Stadium, Sooriyawewa",1,11.5,Sri Lanka,Zimbabwe,MD Gunathilaka,N Dickwella,SF Mire,0,1,1,,,,,,,,
1104481,2017,2017-07-08,"Mahinda Rajapaksa International Cricket Stadium, Sooriyawewa",1,11.6,Sri Lanka,Zimbabwe,MD Gunathilaka,N Dickwella,SF Mire,2,0,,,,,,,,,
1104481,2017,2017-07-08,"Mahinda Rajapaksa International Cricket Stadium, Sooriyawewa",1,11.7,Sri Lanka,Zimbabwe,MD Gunathilaka,N Dickwella,SF Mire,0,0,,,,,,,,,
1104481,2017,2017-07-08,"Mahinda Rajapaksa International Cricket Stadium, Sooriyawewa",1,12.1,Sri Lanka,Zimbabwe,N Dickwella,MD Gunathilaka,Sikandar Raza,1,0,,,,,,,,,
1104481,2017,2017-07-08,"Mahinda Rajapaksa International Cricket Stadium, Sooriyawewa",1,12.2,Sri Lanka,Zimbabwe,MD Gunathilaka,N Dickwella,Sikandar Raza,0,0,,,,,,,,,
1104481,2017,2017-07-08,"Mahinda Rajapaksa International Cricket Stadium, Sooriyawewa",1,12.3,Sri Lanka,Zimbabwe,MD Gunathilaka,N Dickwella,Sikandar Raza,1,0,,,,,,,,,
1104481,2017,2017-07-08,"Mahinda Rajapaksa International Cricket Stadium, Sooriyawewa",1,12.4,Sri Lanka,Zimbabwe,N Dickwella,MD Gunathilaka,Sikandar Raza,1,0,,,,,,,,,
1104481,2017,2017-07-08,"Mahinda Rajapaksa International Cricket Stadium, Sooriyawewa",1,12.5,Sri Lanka,Zimbabwe,MD Gunathilaka,N Dickwella,Sikandar Raza,0,0,,,,,,,,,
1104481,2017,2017-07-08,"Mahinda Rajapaksa International Cricket Stadium, Sooriyawewa",1,12.6,Sri Lanka,Zimbabwe,MD Gunathilaka,N Dickwella,Sikandar Raza,4,0,,,,,,,,,
1104481,2017,2017-07-08,"Mahinda Rajapaksa International Cricket Stadium, Sooriyawewa",1,13.1,Sri Lanka,Zimbabwe,N Dickwella,MD Gunathilaka,SF Mire,0,0,,,,,,,,,
1104481,2017,2017-07-08,"Mahinda Rajapaksa International Cricket Stadium, Sooriyawewa",1,13.2,Sri Lanka,Zimbabwe,N Dickwella,MD Gunathilaka,SF Mire,1,0,,,,,,,,,
1104481,2017,2017-07-08,"Mahinda Rajapaksa International Cricket Stadium, Sooriyawewa",1,13.3,Sri Lanka,Zimbabwe,MD Gunathilaka,N Dickwella,SF Mire,4,0,,,,,,,,,
1104481,2017,2017-07-08,"Mahinda Rajapaksa International Cricket Stadium, Sooriyawewa",1,13.4,Sri Lanka,Zimbabwe,MD Gunathilaka,N Dickwella,SF Mire,1,0,,,,,,,,,
1104481,2017,2017-07-08,"Mahinda Rajapaksa International Cricket Stadium, Sooriyawewa",1,13.5,Sri Lanka,Zimbabwe,N Dickwella,MD Gunathilaka,SF Mire,1,0,,,,,,,,,
1104481,2017,2017-07-08,"Mahinda Rajapaksa International Cricket Stadium, Sooriyawewa",1,13.6,Sri Lanka,Zimbabwe,MD Gunathilaka,N Dickwella,SF Mire,0,0,,,,,,,,,
1104481,2017,2017-07-08,"Mahinda Rajapaksa International Cricket Stadium, Sooriyawewa",1,14.1,Sri Lanka,Zimbabwe,N Dickwella,MD Gunathilaka,AG Cremer,1,0,,,,,,,,,
1104481,2017,2017-07-08,"Mahinda Rajapaksa International Cricket Stadium, Sooriyawewa",1,14.2,Sri Lanka,Zimbabwe,MD Gunathilaka,N Dickwella,AG Cremer,0,0,,,,,,,,,
1104481,2017,2017-07-08,"Mahinda Rajapaksa International Cricket Stadium, Sooriyawewa",1,14.3,Sri Lanka,Zimbabwe,MD Gunathilaka,N Dickwella,AG Cremer,0,0,,,,,,,,,
1104481,2017,2017-07-08,"Mahinda Rajapaksa International Cricket Stadium, Sooriyawewa",1,14.4,Sri Lanka,Zimbabwe,MD Gunathilaka,N Dickwella,AG Cremer,1,0,,,,,,,,,
1104481,2017,2017-07-08,"Mahinda Rajapaksa International Cricket Stadium, Sooriyawewa",1,14.5,Sri Lanka,Zimbabwe,N Dickwella,MD Gunathilaka,AG Cremer,1,0,,,,,,,,,
1104481,2017,2017-07-08,"Mahinda Rajapaksa International Cricket Stadium, Sooriyawewa",1,14.6,Sri Lanka,Zimbabwe,MD Gunathilaka,N Dickwella,AG Cremer,0,0,,,,,,,,,
1104481,2017,2017-07-08,"Mahinda Rajapaksa International Cricket Stadium, Sooriyawewa",1,15.1,Sri Lanka,Zimbabwe,N Dickwella,MD Gunathilaka,SF Mire,0,0,,,,,,,,,
1104481,2017,2017-07-08,"Mahinda Rajapaksa International Cricket Stadium, Sooriyawewa",1,15.2,Sri Lanka,Zimbabwe,N Dickwella,MD Gunathilaka,SF Mire,1,0,,,,,,,,,
1104481,2017,2017-07-08,"Mahinda Rajapaksa International Cricket Stadium, Sooriyawewa",1,15.3,Sri Lanka,Zimbabwe,MD Gunathilaka,N Dickwella,SF Mire,0,1,1,,,,,,,,
1104481,2017,2017-07-08,"Mahinda Rajapaksa International Cricket Stadium, Sooriyawewa",1,15.4,Sri Lanka,Zimbabwe,MD Gunathilaka,N Dickwella,SF Mire,1,0,,,,,,,,,
1104481,2017,2017-07-08,"Mahinda Rajapaksa International Cricket Stadium, Sooriyawewa",1,15.5,Sri Lanka,Zimbabwe,N Dickwella,MD Gunathilaka,SF Mire,2,0,,,,,,,,,
1104481,2017,2017-07-08,"Mahinda Rajapaksa International Cricket Stadium, Sooriyawewa",1,15.6,Sri Lanka,Zimbabwe,N Dickwella,MD Gunathilaka,SF Mire,1,0,,,,,,,,,
1104481,2017,2017-07-08,"Mahinda Rajapaksa International Cricket Stadium, Sooriyawewa",1,15.7,Sri Lanka,Zimbabwe,MD Gunathilaka,N Dickwella,SF Mire,0,0,,,,,,,,,
1104481,2017,2017-07-08,"Mahinda Rajapaksa International Cricket Stadium, Sooriyawewa",1,16.1,Sri Lanka,Zimbabwe,N Dickwella,MD Gunathilaka,AG Cremer,2,0,,,,,,,,,
1104481,2017,2017-07-08,"Mahinda Rajapaksa International Cricket Stadium, Sooriyawewa",1,16.2,Sri Lanka,Zimbabwe,N Dickwella,MD Gunathilaka,AG Cremer,1,0,,,,,,,,,
1104481,2017,2017-07-08,"Mahinda Rajapaksa International Cricket Stadium, Sooriyawewa",1,16.3,Sri Lanka,Zimbabwe,MD Gunathilaka,N Dickwella,AG Cremer,1,0,,,,,,,,,
1104481,2017,2017-07-08,"Mahinda Rajapaksa International Cricket Stadium, Sooriyawewa",1,16.4,Sri Lanka,Zimbabwe,N Dickwella,MD Gunathilaka,AG Cremer,1,0,,,,,,,,,
1104481,2017,2017-07-08,"Mahinda Rajapaksa International Cricket Stadium, Sooriyawewa",1,16.5,Sri Lanka,Zimbabwe,MD Gunathilaka,N Dickwella,AG Cremer,1,0,,,,,,,,,
1104481,2017,2017-07-08,"Mahinda Rajapaksa International Cricket Stadium, Sooriyawewa",1,16.6,Sri Lanka,Zimbabwe,N Dickwella,MD Gunathilaka,AG Cremer,1,0,,,,,,,,,
1104481,2017,2017-07-08,"Mahinda Rajapaksa International Cricket Stadium, Sooriyawewa",1,17.1,Sri Lanka,Zimbabwe,N Dickwella,MD Gunathilaka,Sikandar Raza,1,0,,,,,,,,,
1104481,2017,2017-07-08,"Mahinda Rajapaksa International Cricket Stadium, Sooriyawewa",1,17.2,Sri Lanka,Zimbabwe,MD Gunathilaka,N Dickwella,Sikandar Raza,0,0,,,,,,,,,
1104481,2017,2017-07-08,"Mahinda Rajapaksa International Cricket Stadium, Sooriyawewa",1,17.3,Sri Lanka,Zimbabwe,MD Gunathilaka,N Dickwella,Sikandar Raza,2,0,,,,,,,,,
1104481,2017,2017-07-08,"Mahinda Rajapaksa International Cricket Stadium, Sooriyawewa",1,17.4,Sri Lanka,Zimbabwe,MD Gunathilaka,N Dickwella,Sikandar Raza,0,0,,,,,,,,,
1104481,2017,2017-07-08,"Mahinda Rajapaksa International Cricket Stadium, Sooriyawewa",1,17.5,Sri Lanka,Zimbabwe,MD Gunathilaka,N Dickwella,Sikandar Raza,0,0,,,,,,,,,
1104481,2017,2017-07-08,"Mahinda Rajapaksa International Cricket Stadium, Sooriyawewa",1,17.6,Sri Lanka,Zimbabwe,MD Gunathilaka,N Dickwella,Sikandar Raza,0,0,,,,,,,,,
1104481,2017,2017-07-08,"Mahinda Rajapaksa International Cricket Stadium, Sooriyawewa",1,18.1,Sri Lanka,Zimbabwe,N Dickwella,MD Gunathilaka,AG Cremer,1,0,,,,,,,,,
1104481,2017,2017-07-08,"Mahinda Rajapaksa International Cricket Stadium, Sooriyawewa",1,18.2,Sri Lanka,Zimbabwe,MD Gunathilaka,N Dickwella,AG Cremer,1,0,,,,,,,,,
1104481,2017,2017-07-08,"Mahinda Rajapaksa International Cricket Stadium, Sooriyawewa",1,18.3,Sri Lanka,Zimbabwe,N Dickwella,MD Gunathilaka,AG Cremer,1,0,,,,,,,,,
1104481,2017,2017-07-08,"Mahinda Rajapaksa International Cricket Stadium, Sooriyawewa",1,18.4,Sri Lanka,Zimbabwe,MD Gunathilaka,N Dickwella,AG Cremer,1,0,,,,,,,,,
1104481,2017,2017-07-08,"Mahinda Rajapaksa International Cricket Stadium, Sooriyawewa",1,18.5,Sri Lanka,Zimbabwe,N Dickwella,MD Gunathilaka,AG Cremer,4,0,,,,,,,,,
1104481,2017,2017-07-08,"Mahinda Rajapaksa International Cricket Stadium, Sooriyawewa",1,18.6,Sri Lanka,Zimbabwe,N Dickwella,MD Gunathilaka,AG Cremer,1,0,,,,,,,,,
1104481,2017,2017-07-08,"Mahinda Rajapaksa International Cricket Stadium, Sooriyawewa",1,19.1,Sri Lanka,Zimbabwe,N Dickwella,MD Gunathilaka,Sikandar Raza,0,0,,,,,,,,,
1104481,2017,2017-07-08,"Mahinda Rajapaksa International Cricket Stadium, Sooriyawewa",1,19.2,Sri Lanka,Zimbabwe,N Dickwella,MD Gunathilaka,Sikandar Raza,2,0,,,,,,,,,
1104481,2017,2017-07-08,"Mahinda Rajapaksa International Cricket Stadium, Sooriyawewa",1,19.3,Sri Lanka,Zimbabwe,N Dickwella,MD Gunathilaka,Sikandar Raza,1,0,,,,,,,,,
1104481,2017,2017-07-08,"Mahinda Rajapaksa International Cricket Stadium, Sooriyawewa",1,19.4,Sri Lanka,Zimbabwe,MD Gunathilaka,N Dickwella,Sikandar Raza,1,0,,,,,,,,,
1104481,2017,2017-07-08,"Mahinda Rajapaksa International Cricket Stadium, Sooriyawewa",1,19.5,Sri Lanka,Zimbabwe,N Dickwella,MD Gunathilaka,Sikandar Raza,0,0,,,,,,,,,
1104481,2017,2017-07-08,"Mahinda Rajapaksa International Cricket Stadium, Sooriyawewa",1,19.6,Sri Lanka,Zimbabwe,N Dickwella,MD Gunathilaka,Sikandar Raza,0,0,,,,,,,,,
1104481,2017,2017-07-08,"Mahinda Rajapaksa International Cricket Stadium, Sooriyawewa",1,20.1,Sri Lanka,Zimbabwe,MD Gunathilaka,N Dickwella,AG Cremer,0,0,,,,,,,,,
1104481,2017,2017-07-08,"Mahinda Rajapaksa International Cricket Stadium, Sooriyawewa",1,20.2,Sri Lanka,Zimbabwe,MD Gunathilaka,N Dickwella,AG Cremer,0,0,,,,,,,,,
1104481,2017,2017-07-08,"Mahinda Rajapaksa International Cricket Stadium, Sooriyawewa",1,20.3,Sri Lanka,Zimbabwe,MD Gunathilaka,N Dickwella,AG Cremer,1,0,,,,,,,,,
1104481,2017,2017-07-08,"Mahinda Rajapaksa International Cricket Stadium, Sooriyawewa",1,20.4,Sri Lanka,Zimbabwe,N Dickwella,MD Gunathilaka,AG Cremer,4,0,,,,,,,,,
1104481,2017,2017-07-08,"Mahinda Rajapaksa International Cricket Stadium, Sooriyawewa",1,20.5,Sri Lanka,Zimbabwe,N Dickwella,MD Gunathilaka,AG Cremer,1,0,,,,,,,,,
1104481,2017,2017-07-08,"Mahinda Rajapaksa International Cricket Stadium, Sooriyawewa",1,20.6,Sri Lanka,Zimbabwe,MD Gunathilaka,N Dickwella,AG Cremer,0,0,,,,,,,,,
1104481,2017,2017-07-08,"Mahinda Rajapaksa International Cricket Stadium, Sooriyawewa",1,21.1,Sri Lanka,Zimbabwe,N Dickwella,MD Gunathilaka,Sikandar Raza,2,0,,,,,,,,,
1104481,2017,2017-07-08,"Mahinda Rajapaksa International Cricket Stadium, Sooriyawewa",1,21.2,Sri Lanka,Zimbabwe,N Dickwella,MD Gunathilaka,Sikandar Raza,1,0,,,,,,,,,
1104481,2017,2017-07-08,"Mahinda Rajapaksa International Cricket Stadium, Sooriyawewa",1,21.3,Sri Lanka,Zimbabwe,MD Gunathilaka,N Dickwella,Sikandar Raza,2,0,,,,,,,,,
1104481,2017,2017-07-08,"Mahinda Rajapaksa International Cricket Stadium, Sooriyawewa",1,21.4,Sri Lanka,Zimbabwe,MD Gunathilaka,N Dickwella,Sikandar Raza,0,0,,,,,,,,,
1104481,2017,2017-07-08,"Mahinda Rajapaksa International Cricket Stadium, Sooriyawewa",1,21.5,Sri Lanka,Zimbabwe,MD Gunathilaka,N Dickwella,Sikandar Raza,1,0,,,,,,,,,
1104481,2017,2017-07-08,"Mahinda Rajapaksa International Cricket Stadium, Sooriyawewa",1,21.6,Sri Lanka,Zimbabwe,N Dickwella,MD Gunathilaka,Sikandar Raza,1,0,,,,,,,,,
1104481,2017,2017-07-08,"Mahinda Rajapaksa International Cricket Stadium, Sooriyawewa",1,22.1,Sri Lanka,Zimbabwe,N Dickwella,MD Gunathilaka,CB Mpofu,1,0,,,,,,,,,
1104481,2017,2017-07-08,"Mahinda Rajapaksa International Cricket Stadium, Sooriyawewa",1,22.2,Sri Lanka,Zimbabwe,MD Gunathilaka,N Dickwella,CB Mpofu,2,0,,,,,,,,,
1104481,2017,2017-07-08,"Mahinda Rajapaksa International Cricket Stadium, Sooriyawewa",1,22.3,Sri Lanka,Zimbabwe,MD Gunathilaka,N Dickwella,CB Mpofu,0,0,,,,,,,,,
1104481,2017,2017-07-08,"Mahinda Rajapaksa International Cricket Stadium, Sooriyawewa",1,22.4,Sri Lanka,Zimbabwe,MD Gunathilaka,N Dickwella,CB Mpofu,0,1,1,,,,,,,,
1104481,2017,2017-07-08,"Mahinda Rajapaksa International Cricket Stadium, Sooriyawewa",1,22.5,Sri Lanka,Zimbabwe,MD Gunathilaka,N Dickwella,CB Mpofu,4,0,,,,,,,,,
1104481,2017,2017-07-08,"Mahinda Rajapaksa International Cricket Stadium, Sooriyawewa",1,22.6,Sri Lanka,Zimbabwe,MD Gunathilaka,N Dickwella,CB Mpofu,1,0,,,,,,,,,
1104481,2017,2017-07-08,"Mahinda Rajapaksa International Cricket Stadium, Sooriyawewa",1,22.7,Sri Lanka,Zimbabwe,N Dickwella,MD Gunathilaka,CB Mpofu,0,0,,,,,,,,,
1104481,2017,2017-07-08,"Mahinda Rajapaksa International Cricket Stadium, Sooriyawewa",1,23.1,Sri Lanka,Zimbabwe,MD Gunathilaka,N Dickwella,MN Waller,1,0,,,,,,,,,
1104481,2017,2017-07-08,"Mahinda Rajapaksa International Cricket Stadium, Sooriyawewa",1,23.2,Sri Lanka,Zimbabwe,N Dickwella,MD Gunathilaka,MN Waller,1,0,,,,,,,,,
1104481,2017,2017-07-08,"Mahinda Rajapaksa International Cricket Stadium, Sooriyawewa",1,23.3,Sri Lanka,Zimbabwe,MD Gunathilaka,N Dickwella,MN Waller,0,0,,,,,,,,,
1104481,2017,2017-07-08,"Mahinda Rajapaksa International Cricket Stadium, Sooriyawewa",1,23.4,Sri Lanka,Zimbabwe,MD Gunathilaka,N Dickwella,MN Waller,0,0,,,,,,,,,
1104481,2017,2017-07-08,"Mahinda Rajapaksa International Cricket Stadium, Sooriyawewa",1,23.5,Sri Lanka,Zimbabwe,MD Gunathilaka,N Dickwella,MN Waller,1,0,,,,,,,,,
1104481,2017,2017-07-08,"Mahinda Rajapaksa International Cricket Stadium, Sooriyawewa",1,23.6,Sri Lanka,Zimbabwe,N Dickwella,MD Gunathilaka,MN Waller,1,0,,,,,,,,,
1104481,2017,2017-07-08,"Mahinda Rajapaksa International Cricket Stadium, Sooriyawewa",1,24.1,Sri Lanka,Zimbabwe,N Dickwella,MD Gunathilaka,CB Mpofu,1,0,,,,,,,,,
1104481,2017,2017-07-08,"Mahinda Rajapaksa International Cricket Stadium, Sooriyawewa",1,24.2,Sri Lanka,Zimbabwe,MD Gunathilaka,N Dickwella,CB Mpofu,0,1,1,,,,,,,,
1104481,2017,2017-07-08,"Mahinda Rajapaksa International Cricket Stadium, Sooriyawewa",1,24.3,Sri Lanka,Zimbabwe,MD Gunathilaka,N Dickwella,CB Mpofu,4,0,,,,,,,,,
1104481,2017,2017-07-08,"Mahinda Rajapaksa International Cricket Stadium, Sooriyawewa",1,24.4,Sri Lanka,Zimbabwe,MD Gunathilaka,N Dickwella,CB Mpofu,1,0,,,,,,,,,
1104481,2017,2017-07-08,"Mahinda Rajapaksa International Cricket Stadium, Sooriyawewa",1,24.5,Sri Lanka,Zimbabwe,N Dickwella,MD Gunathilaka,CB Mpofu,1,0,,,,,,,,,
1104481,2017,2017-07-08,"Mahinda Rajapaksa International Cricket Stadium, Sooriyawewa",1,24.6,Sri Lanka,Zimbabwe,MD Gunathilaka,N Dickwella,CB Mpofu,1,0,,,,,,,,,
1104481,2017,2017-07-08,"Mahinda Rajapaksa International Cricket Stadium, Sooriyawewa",1,24.7,Sri Lanka,Zimbabwe,N Dickwella,MD Gunathilaka,CB Mpofu,0,0,,,,,,,,,
1104481,2017,2017-07-08,"Mahinda Rajapaksa International Cricket Stadium, Sooriyawewa",1,25.1,Sri Lanka,Zimbabwe,MD Gunathilaka,N Dickwella,MN Waller,0,0,,,,,,,,,
1104481,2017,2017-07-08,"Mahinda Rajapaksa International Cricket Stadium, Sooriyawewa",1,25.2,Sri Lanka,Zimbabwe,MD Gunathilaka,N Dickwella,MN Waller,0,0,,,,,,,,,
1104481,2017,2017-07-08,"Mahinda Rajapaksa International Cricket Stadium, Sooriyawewa",1,25.3,Sri Lanka,Zimbabwe,MD Gunathilaka,N Dickwella,MN Waller,0,0,,,,,,,,,
1104481,2017,2017-07-08,"Mahinda Rajapaksa International Cricket Stadium, Sooriyawewa",1,25.4,Sri Lanka,Zimbabwe,MD Gunathilaka,N Dickwella,MN Waller,1,0,,,,,,,,,
1104481,2017,2017-07-08,"Mahinda Rajapaksa International Cricket Stadium, Sooriyawewa",1,25.5,Sri Lanka,Zimbabwe,N Dickwella,MD Gunathilaka,MN Waller,0,0,,,,,,,,,
1104481,2017,2017-07-08,"Mahinda Rajapaksa International Cricket Stadium, Sooriyawewa",1,25.6,Sri Lanka,Zimbabwe,N Dickwella,MD Gunathilaka,MN Waller,1,0,,,,,,,,,
1104481,2017,2017-07-08,"Mahinda Rajapaksa International Cricket Stadium, Sooriyawewa",1,26.1,Sri Lanka,Zimbabwe,N Dickwella,MD Gunathilaka,SC Williams,2,0,,,,,,,,,
1104481,2017,2017-07-08,"Mahinda Rajapaksa International Cricket Stadium, Sooriyawewa",1,26.2,Sri Lanka,Zimbabwe,N Dickwella,MD Gunathilaka,SC Williams,0,0,,,,,,,,,
1104481,2017,2017-07-08,"Mahinda Rajapaksa International Cricket Stadium, Sooriyawewa",1,26.3,Sri Lanka,Zimbabwe,N Dickwella,MD Gunathilaka,SC Williams,1,0,,,,,,,,,
1104481,2017,2017-07-08,"Mahinda Rajapaksa International Cricket Stadium, Sooriyawewa",1,26.4,Sri Lanka,Zimbabwe,MD Gunathilaka,N Dickwella,SC Williams,1,0,,,,,,,,,
1104481,2017,2017-07-08,"Mahinda Rajapaksa International Cricket Stadium, Sooriyawewa",1,26.5,Sri Lanka,Zimbabwe,N Dickwella,MD Gunathilaka,SC Williams,1,0,,,,,,,,,
1104481,2017,2017-07-08,"Mahinda Rajapaksa International Cricket Stadium, Sooriyawewa",1,26.6,Sri Lanka,Zimbabwe,MD Gunathilaka,N Dickwella,SC Williams,1,0,,,,,,,,,
1104481,2017,2017-07-08,"Mahinda Rajapaksa International Cricket Stadium, Sooriyawewa",1,27.1,Sri Lanka,Zimbabwe,MD Gunathilaka,N Dickwella,MN Waller,1,0,,,,,,,,,
1104481,2017,2017-07-08,"Mahinda Rajapaksa International Cricket Stadium, Sooriyawewa",1,27.2,Sri Lanka,Zimbabwe,N Dickwella,MD Gunathilaka,MN Waller,0,0,,,,,,,,,
1104481,2017,2017-07-08,"Mahinda Rajapaksa International Cricket Stadium, Sooriyawewa",1,27.3,Sri Lanka,Zimbabwe,N Dickwella,MD Gunathilaka,MN Waller,1,0,,,,,,,,,
1104481,2017,2017-07-08,"Mahinda Rajapaksa International Cricket Stadium, Sooriyawewa",1,27.4,Sri Lanka,Zimbabwe,MD Gunathilaka,N Dickwella,MN Waller,2,0,,,,,,,,,
1104481,2017,2017-07-08,"Mahinda Rajapaksa International Cricket Stadium, Sooriyawewa",1,27.5,Sri Lanka,Zimbabwe,MD Gunathilaka,N Dickwella,MN Waller,1,0,,,,,,,,,
1104481,2017,2017-07-08,"Mahinda Rajapaksa International Cricket Stadium, Sooriyawewa",1,27.6,Sri Lanka,Zimbabwe,N Dickwella,MD Gunathilaka,MN Waller,1,0,,,,,,,,,
1104481,2017,2017-07-08,"Mahinda Rajapaksa International Cricket Stadium, Sooriyawewa",1,28.1,Sri Lanka,Zimbabwe,N Dickwella,MD Gunathilaka,SC Williams,0,0,,,,,,,,,
1104481,2017,2017-07-08,"Mahinda Rajapaksa International Cricket Stadium, Sooriyawewa",1,28.2,Sri Lanka,Zimbabwe,N Dickwella,MD Gunathilaka,SC Williams,1,0,,,,,,,,,
1104481,2017,2017-07-08,"Mahinda Rajapaksa International Cricket Stadium, Sooriyawewa",1,28.3,Sri Lanka,Zimbabwe,MD Gunathilaka,N Dickwella,SC Williams,0,0,,,,,,,,,
1104481,2017,2017-07-08,"Mahinda Rajapaksa International Cricket Stadium, Sooriyawewa",1,28.4,Sri Lanka,Zimbabwe,MD Gunathilaka,N Dickwella,SC Williams,4,0,,,,,,,,,
1104481,2017,2017-07-08,"Mahinda Rajapaksa International Cricket Stadium, Sooriyawewa",1,28.5,Sri Lanka,Zimbabwe,MD Gunathilaka,N Dickwella,SC Williams,0,0,,,,,,,,,
1104481,2017,2017-07-08,"Mahinda Rajapaksa International Cricket Stadium, Sooriyawewa",1,28.6,Sri Lanka,Zimbabwe,MD Gunathilaka,N Dickwella,SC Williams,1,0,,,,,,,,,
1104481,2017,2017-07-08,"Mahinda Rajapaksa International Cricket Stadium, Sooriyawewa",1,29.1,Sri Lanka,Zimbabwe,MD Gunathilaka,N Dickwella,MN Waller,1,0,,,,,,,,,
1104481,2017,2017-07-08,"Mahinda Rajapaksa International Cricket Stadium, Sooriyawewa",1,29.2,Sri Lanka,Zimbabwe,N Dickwella,MD Gunathilaka,MN Waller,1,0,,,,,,,,,
1104481,2017,2017-07-08,"Mahinda Rajapaksa International Cricket Stadium, Sooriyawewa",1,29.3,Sri Lanka,Zimbabwe,MD Gunathilaka,N Dickwella,MN Waller,1,0,,,,,,,,,
1104481,2017,2017-07-08,"Mahinda Rajapaksa International Cricket Stadium, Sooriyawewa",1,29.4,Sri Lanka,Zimbabwe,N Dickwella,MD Gunathilaka,MN Waller,1,0,,,,,,,,,
1104481,2017,2017-07-08,"Mahinda Rajapaksa International Cricket Stadium, Sooriyawewa",1,29.5,Sri Lanka,Zimbabwe,MD Gunathilaka,N Dickwella,MN Waller,1,0,,,,,,,,,
1104481,2017,2017-07-08,"Mahinda Rajapaksa International Cricket Stadium, Sooriyawewa",1,29.6,Sri Lanka,Zimbabwe,N Dickwella,MD Gunathilaka,MN Waller,0,0,,,,,,,,,
1104481,2017,2017-07-08,"Mahinda Rajapaksa International Cricket Stadium, Sooriyawewa",1,30.1,Sri Lanka,Zimbabwe,MD Gunathilaka,N Dickwella,SC Williams,2,0,,,,,,,,,
1104481,2017,2017-07-08,"Mahinda Rajapaksa International Cricket Stadium, Sooriyawewa",1,30.2,Sri Lanka,Zimbabwe,MD Gunathilaka,N Dickwella,SC Williams,1,0,,,,,,,,,
1104481,2017,2017-07-08,"Mahinda Rajapaksa International Cricket Stadium, Sooriyawewa",1,30.3,Sri Lanka,Zimbabwe,N Dickwella,MD Gunathilaka,SC Williams,1,0,,,,,,,,,
1104481,2017,2017-07-08,"Mahinda Rajapaksa International Cricket Stadium, Sooriyawewa",1,30.4,Sri Lanka,Zimbabwe,MD Gunathilaka,N Dickwella,SC Williams,1,0,,,,,,,,,
1104481,2017,2017-07-08,"Mahinda Rajapaksa International Cricket Stadium, Sooriyawewa",1,30.5,Sri Lanka,Zimbabwe,N Dickwella,MD Gunathilaka,SC Williams,1,0,,,,,,,,,
1104481,2017,2017-07-08,"Mahinda Rajapaksa International Cricket Stadium, Sooriyawewa",1,30.6,Sri Lanka,Zimbabwe,MD Gunathilaka,N Dickwella,SC Williams,0,0,,,,,,,,,
1104481,2017,2017-07-08,"Mahinda Rajapaksa International Cricket Stadium, Sooriyawewa",1,31.1,Sri Lanka,Zimbabwe,N Dickwella,MD Gunathilaka,MN Waller,2,0,,,,,,,,,
1104481,2017,2017-07-08,"Mahinda Rajapaksa International Cricket Stadium, Sooriyawewa",1,31.2,Sri Lanka,Zimbabwe,N Dickwella,MD Gunathilaka,MN Waller,0,0,,,,,,,,,
1104481,2017,2017-07-08,"Mahinda Rajapaksa International Cricket Stadium, Sooriyawewa",1,31.3,Sri Lanka,Zimbabwe,N Dickwella,MD Gunathilaka,MN Waller,1,0,,,,,,,,,
1104481,2017,2017-07-08,"Mahinda Rajapaksa International Cricket Stadium, Sooriyawewa",1,31.4,Sri Lanka,Zimbabwe,MD Gunathilaka,N Dickwella,MN Waller,1,0,,,,,,,,,
1104481,2017,2017-07-08,"Mahinda Rajapaksa International Cricket Stadium, Sooriyawewa",1,31.5,Sri Lanka,Zimbabwe,N Dickwella,MD Gunathilaka,MN Waller,0,0,,,,,,,,,
1104481,2017,2017-07-08,"Mahinda Rajapaksa International Cricket Stadium, Sooriyawewa",1,31.6,Sri Lanka,Zimbabwe,N Dickwella,MD Gunathilaka,MN Waller,1,0,,,,,,,,,
1104481,2017,2017-07-08,"Mahinda Rajapaksa International Cricket Stadium, Sooriyawewa",1,32.1,Sri Lanka,Zimbabwe,N Dickwella,MD Gunathilaka,AG Cremer,0,0,,,,,,,,,
1104481,2017,2017-07-08,"Mahinda Rajapaksa International Cricket Stadium, Sooriyawewa",1,32.2,Sri Lanka,Zimbabwe,N Dickwella,MD Gunathilaka,AG Cremer,0,0,,,,,,,,,
1104481,2017,2017-07-08,"Mahinda Rajapaksa International Cricket Stadium, Sooriyawewa",1,32.3,Sri Lanka,Zimbabwe,N Dickwella,MD Gunathilaka,AG Cremer,1,0,,,,,,,,,
1104481,2017,2017-07-08,"Mahinda Rajapaksa International Cricket Stadium, Sooriyawewa",1,32.4,Sri Lanka,Zimbabwe,MD Gunathilaka,N Dickwella,AG Cremer,0,0,,,,,,,,,
1104481,2017,2017-07-08,"Mahinda Rajapaksa International Cricket Stadium, Sooriyawewa",1,32.5,Sri Lanka,Zimbabwe,MD Gunathilaka,N Dickwella,AG Cremer,1,0,,,,,,,,,
1104481,2017,2017-07-08,"Mahinda Rajapaksa International Cricket Stadium, Sooriyawewa",1,32.6,Sri Lanka,Zimbabwe,N Dickwella,MD Gunathilaka,AG Cremer,1,0,,,,,,,,,
1104481,2017,2017-07-08,"Mahinda Rajapaksa International Cricket Stadium, Sooriyawewa",1,33.1,Sri Lanka,Zimbabwe,N Dickwella,MD Gunathilaka,MN Waller,1,0,,,,,,,,,
1104481,2017,2017-07-08,"Mahinda Rajapaksa International Cricket Stadium, Sooriyawewa",1,33.2,Sri Lanka,Zimbabwe,MD Gunathilaka,N Dickwella,MN Waller,1,0,,,,,,,,,
1104481,2017,2017-07-08,"Mahinda Rajapaksa International Cricket Stadium, Sooriyawewa",1,33.3,Sri Lanka,Zimbabwe,N Dickwella,MD Gunathilaka,MN Waller,1,0,,,,,,,,,
1104481,2017,2017-07-08,"Mahinda Rajapaksa International Cricket Stadium, Sooriyawewa",1,33.4,Sri Lanka,Zimbabwe,MD Gunathilaka,N Dickwella,MN Waller,1,0,,,,,,,,,
1104481,2017,2017-07-08,"Mahinda Rajapaksa International Cricket Stadium, Sooriyawewa",1,33.5,Sri Lanka,Zimbabwe,N Dickwella,MD Gunathilaka,MN Waller,0,0,,,,,,,,,
1104481,2017,2017-07-08,"Mahinda Rajapaksa International Cricket Stadium, Sooriyawewa",1,33.6,Sri Lanka,Zimbabwe,N Dickwella,MD Gunathilaka,MN Waller,0,0,,,,,,,,,
1104481,2017,2017-07-08,"Mahinda Rajapaksa International Cricket Stadium, Sooriyawewa",1,34.1,Sri Lanka,Zimbabwe,MD Gunathilaka,N Dickwella,AG Cremer,0,0,,,,,,,,,
1104481,2017,2017-07-08,"Mahinda Rajapaksa International Cricket Stadium, Sooriyawewa",1,34.2,Sri Lanka,Zimbabwe,MD Gunathilaka,N Dickwella,AG Cremer,1,0,,,,,,,,,
1104481,2017,2017-07-08,"Mahinda Rajapaksa International Cricket Stadium, Sooriyawewa",1,34.3,Sri Lanka,Zimbabwe,N Dickwella,MD Gunathilaka,AG Cremer,4,0,,,,,,,,,
1104481,2017,2017-07-08,"Mahinda Rajapaksa International Cricket Stadium, Sooriyawewa",1,34.4,Sri Lanka,Zimbabwe,N Dickwella,MD Gunathilaka,AG Cremer,2,0,,,,,,,,,
1104481,2017,2017-07-08,"Mahinda Rajapaksa International Cricket Stadium, Sooriyawewa",1,34.5,Sri Lanka,Zimbabwe,N Dickwella,MD Gunathilaka,AG Cremer,1,0,,,,,,,,,
1104481,2017,2017-07-08,"Mahinda Rajapaksa International Cricket Stadium, Sooriyawewa",1,34.6,Sri Lanka,Zimbabwe,MD Gunathilaka,N Dickwella,AG Cremer,0,0,,,,,,,,,
1104481,2017,2017-07-08,"Mahinda Rajapaksa International Cricket Stadium, Sooriyawewa",1,35.1,Sri Lanka,Zimbabwe,N Dickwella,MD Gunathilaka,MN Waller,1,0,,,,,,,,,
1104481,2017,2017-07-08,"Mahinda Rajapaksa International Cricket Stadium, Sooriyawewa",1,35.2,Sri Lanka,Zimbabwe,MD Gunathilaka,N Dickwella,MN Waller,0,0,,,,,,bowled,MD Gunathilaka,,
1104481,2017,2017-07-08,"Mahinda Rajapaksa International Cricket Stadium, Sooriyawewa",1,35.3,Sri Lanka,Zimbabwe,AD Mathews,N Dickwella,MN Waller,0,0,,,,,,,,,
1104481,2017,2017-07-08,"Mahinda Rajapaksa International Cricket Stadium, Sooriyawewa",1,35.4,Sri Lanka,Zimbabwe,AD Mathews,N Dickwella,MN Waller,1,0,,,,,,,,,
1104481,2017,2017-07-08,"Mahinda Rajapaksa International Cricket Stadium, Sooriyawewa",1,35.5,Sri Lanka,Zimbabwe,N Dickwella,AD Mathews,MN Waller,1,0,,,,,,,,,
1104481,2017,2017-07-08,"Mahinda Rajapaksa International Cricket Stadium, Sooriyawewa",1,35.6,Sri Lanka,Zimbabwe,AD Mathews,N Dickwella,MN Waller,1,0,,,,,,,,,
1104481,2017,2017-07-08,"Mahinda Rajapaksa International Cricket Stadium, Sooriyawewa",1,36.1,Sri Lanka,Zimbabwe,AD Mathews,N Dickwella,AG Cremer,0,0,,,,,,,,,
1104481,2017,2017-07-08,"Mahinda Rajapaksa International Cricket Stadium, Sooriyawewa",1,36.2,Sri Lanka,Zimbabwe,AD Mathews,N Dickwella,AG Cremer,0,0,,,,,,,,,
1104481,2017,2017-07-08,"Mahinda Rajapaksa International Cricket Stadium, Sooriyawewa",1,36.3,Sri Lanka,Zimbabwe,AD Mathews,N Dickwella,AG Cremer,1,0,,,,,,,,,
1104481,2017,2017-07-08,"Mahinda Rajapaksa International Cricket Stadium, Sooriyawewa",1,36.4,Sri Lanka,Zimbabwe,N Dickwella,AD Mathews,AG Cremer,1,0,,,,,,,,,
1104481,2017,2017-07-08,"Mahinda Rajapaksa International Cricket Stadium, Sooriyawewa",1,36.5,Sri Lanka,Zimbabwe,AD Mathews,N Dickwella,AG Cremer,0,0,,,,,,,,,
1104481,2017,2017-07-08,"Mahinda Rajapaksa International Cricket Stadium, Sooriyawewa",1,36.6,Sri Lanka,Zimbabwe,AD Mathews,N Dickwella,AG Cremer,0,0,,,,,,,,,
1104481,2017,2017-07-08,"Mahinda Rajapaksa International Cricket Stadium, Sooriyawewa",1,37.1,Sri Lanka,Zimbabwe,N Dickwella,AD Mathews,MN Waller,0,0,,,,,,,,,
1104481,2017,2017-07-08,"Mahinda Rajapaksa International Cricket Stadium, Sooriyawewa",1,37.2,Sri Lanka,Zimbabwe,N Dickwella,AD Mathews,MN Waller,2,0,,,,,,,,,
1104481,2017,2017-07-08,"Mahinda Rajapaksa International Cricket Stadium, Sooriyawewa",1,37.3,Sri Lanka,Zimbabwe,N Dickwella,AD Mathews,MN Waller,0,0,,,,,,,,,
1104481,2017,2017-07-08,"Mahinda Rajapaksa International Cricket Stadium, Sooriyawewa",1,37.4,Sri Lanka,Zimbabwe,N Dickwella,AD Mathews,MN Waller,0,0,,,,,,,,,
1104481,2017,2017-07-08,"Mahinda Rajapaksa International Cricket Stadium, Sooriyawewa",1,37.5,Sri Lanka,Zimbabwe,N Dickwella,AD Mathews,MN Waller,0,0,,,,,,lbw,N Dickwella,,
1104481,2017,2017-07-08,"Mahinda Rajapaksa International Cricket Stadium, Sooriyawewa",1,37.6,Sri Lanka,Zimbabwe,WU Tharanga,AD Mathews,MN Waller,0,0,,,,,,,,,
1104481,2017,2017-07-08,"Mahinda Rajapaksa International Cricket Stadium, Sooriyawewa",1,38.1,Sri Lanka,Zimbabwe,AD Mathews,WU Tharanga,AG Cremer,0,0,,,,,,,,,
1104481,2017,2017-07-08,"Mahinda Rajapaksa International Cricket Stadium, Sooriyawewa",1,38.2,Sri Lanka,Zimbabwe,AD Mathews,WU Tharanga,AG Cremer,0,0,,,,,,,,,
1104481,2017,2017-07-08,"Mahinda Rajapaksa International Cricket Stadium, Sooriyawewa",1,38.3,Sri Lanka,Zimbabwe,AD Mathews,WU Tharanga,AG Cremer,1,0,,,,,,,,,
1104481,2017,2017-07-08,"Mahinda Rajapaksa International Cricket Stadium, Sooriyawewa",1,38.4,Sri Lanka,Zimbabwe,WU Tharanga,AD Mathews,AG Cremer,0,0,,,,,,,,,
1104481,2017,2017-07-08,"Mahinda Rajapaksa International Cricket Stadium, Sooriyawewa",1,38.5,Sri Lanka,Zimbabwe,WU Tharanga,AD Mathews,AG Cremer,0,0,,,,,,,,,
1104481,2017,2017-07-08,"Mahinda Rajapaksa International Cricket Stadium, Sooriyawewa",1,38.6,Sri Lanka,Zimbabwe,WU Tharanga,AD Mathews,AG Cremer,1,0,,,,,,,,,
1104481,2017,2017-07-08,"Mahinda Rajapaksa International Cricket Stadium, Sooriyawewa",1,39.1,Sri Lanka,Zimbabwe,WU Tharanga,AD Mathews,MN Waller,1,0,,,,,,,,,
1104481,2017,2017-07-08,"Mahinda Rajapaksa International Cricket Stadium, Sooriyawewa",1,39.2,Sri Lanka,Zimbabwe,AD Mathews,WU Tharanga,MN Waller,0,0,,,,,,,,,
1104481,2017,2017-07-08,"Mahinda Rajapaksa International Cricket Stadium, Sooriyawewa",1,39.3,Sri Lanka,Zimbabwe,AD Mathews,WU Tharanga,MN Waller,0,1,1,,,,,,,,
1104481,2017,2017-07-08,"Mahinda Rajapaksa International Cricket Stadium, Sooriyawewa",1,39.4,Sri Lanka,Zimbabwe,AD Mathews,WU Tharanga,MN Waller,0,0,,,,,,,,,
1104481,2017,2017-07-08,"Mahinda Rajapaksa International Cricket Stadium, Sooriyawewa",1,39.5,Sri Lanka,Zimbabwe,AD Mathews,WU Tharanga,MN Waller,1,0,,,,,,,,,
1104481,2017,2017-07-08,"Mahinda Rajapaksa International Cricket Stadium, Sooriyawewa",1,39.6,Sri Lanka,Zimbabwe,WU Tharanga,AD Mathews,MN Waller,0,0,,,,,,,,,
1104481,2017,2017-07-08,"Mahinda Rajapaksa International Cricket Stadium, Sooriyawewa",1,39.7,Sri Lanka,Zimbabwe,WU Tharanga,AD Mathews,MN Waller,0,0,,,,,,,,,
1104481,2017,2017-07-08,"Mahinda Rajapaksa International Cricket Stadium, Sooriyawewa",1,40.1,Sri Lanka,Zimbabwe,AD Mathews,WU Tharanga,AG Cremer,0,0,,,,,,,,,
1104481,2017,2017-07-08,"Mahinda Rajapaksa International Cricket Stadium, Sooriyawewa",1,40.2,Sri Lanka,Zimbabwe,AD Mathews,WU Tharanga,AG Cremer,1,0,,,,,,,,,
1104481,2017,2017-07-08,"Mahinda Rajapaksa International Cricket Stadium, Sooriyawewa",1,40.3,Sri Lanka,Zimbabwe,WU Tharanga,AD Mathews,AG Cremer,0,0,,,,,,,,,
1104481,2017,2017-07-08,"Mahinda Rajapaksa International Cricket Stadium, Sooriyawewa",1,40.4,Sri Lanka,Zimbabwe,WU Tharanga,AD Mathews,AG Cremer,4,0,,,,,,,,,
1104481,2017,2017-07-08,"Mahinda Rajapaksa International Cricket Stadium, Sooriyawewa",1,40.5,Sri Lanka,Zimbabwe,WU Tharanga,AD Mathews,AG Cremer,0,0,,,,,,,,,
1104481,2017,2017-07-08,"Mahinda Rajapaksa International Cricket Stadium, Sooriyawewa",1,40.6,Sri Lanka,Zimbabwe,WU Tharanga,AD Mathews,AG Cremer,2,0,,,,,,,,,
1104481,2017,2017-07-08,"Mahinda Rajapaksa International Cricket Stadium, Sooriyawewa",1,41.1,Sri Lanka,Zimbabwe,AD Mathews,WU Tharanga,MN Waller,0,0,,,,,,,,,
1104481,2017,2017-07-08,"Mahinda Rajapaksa International Cricket Stadium, Sooriyawewa",1,41.2,Sri Lanka,Zimbabwe,AD Mathews,WU Tharanga,MN Waller,1,0,,,,,,,,,
1104481,2017,2017-07-08,"Mahinda Rajapaksa International Cricket Stadium, Sooriyawewa",1,41.3,Sri Lanka,Zimbabwe,WU Tharanga,AD Mathews,MN Waller,6,0,,,,,,,,,
1104481,2017,2017-07-08,"Mahinda Rajapaksa International Cricket Stadium, Sooriyawewa",1,41.4,Sri Lanka,Zimbabwe,WU Tharanga,AD Mathews,MN Waller,0,0,,,,,,,,,
1104481,2017,2017-07-08,"Mahinda Rajapaksa International Cricket Stadium, Sooriyawewa",1,41.5,Sri Lanka,Zimbabwe,WU Tharanga,AD Mathews,MN Waller,0,0,,,,,,,,,
1104481,2017,2017-07-08,"Mahinda Rajapaksa International Cricket Stadium, Sooriyawewa",1,41.6,Sri Lanka,Zimbabwe,WU Tharanga,AD Mathews,MN Waller,2,0,,,,,,,,,
1104481,2017,2017-07-08,"Mahinda Rajapaksa International Cricket Stadium, Sooriyawewa",1,42.1,Sri Lanka,Zimbabwe,AD Mathews,WU Tharanga,SC Williams,3,0,,,,,,,,,
1104481,2017,2017-07-08,"Mahinda Rajapaksa International Cricket Stadium, Sooriyawewa",1,42.2,Sri Lanka,Zimbabwe,WU Tharanga,AD Mathews,SC Williams,1,0,,,,,,,,,
1104481,2017,2017-07-08,"Mahinda Rajapaksa International Cricket Stadium, Sooriyawewa",1,42.3,Sri Lanka,Zimbabwe,AD Mathews,WU Tharanga,SC Williams,6,0,,,,,,,,,
1104481,2017,2017-07-08,"Mahinda Rajapaksa International Cricket Stadium, Sooriyawewa",1,42.4,Sri Lanka,Zimbabwe,AD Mathews,WU Tharanga,SC Williams,0,0,,,,,,,,,
1104481,2017,2017-07-08,"Mahinda Rajapaksa International Cricket Stadium, Sooriyawewa",1,42.5,Sri Lanka,Zimbabwe,AD Mathews,WU Tharanga,SC Williams,2,0,,,,,,,,,
1104481,2017,2017-07-08,"Mahinda Rajapaksa International Cricket Stadium, Sooriyawewa",1,42.6,Sri Lanka,Zimbabwe,AD Mathews,WU Tharanga,SC Williams,2,0,,,,,,,,,
1104481,2017,2017-07-08,"Mahinda Rajapaksa International Cricket Stadium, Sooriyawewa",1,43.1,Sri Lanka,Zimbabwe,WU Tharanga,AD Mathews,Sikandar Raza,1,0,,,,,,,,,
1104481,2017,2017-07-08,"Mahinda Rajapaksa International Cricket Stadium, Sooriyawewa",1,43.2,Sri Lanka,Zimbabwe,AD Mathews,WU Tharanga,Sikandar Raza,1,0,,,,,,,,,
1104481,2017,2017-07-08,"Mahinda Rajapaksa International Cricket Stadium, Sooriyawewa",1,43.3,Sri Lanka,Zimbabwe,WU Tharanga,AD Mathews,Sikandar Raza,0,0,,,,,,,,,
1104481,2017,2017-07-08,"Mahinda Rajapaksa International Cricket Stadium, Sooriyawewa",1,43.4,Sri Lanka,Zimbabwe,WU Tharanga,AD Mathews,Sikandar Raza,4,0,,,,,,,,,
1104481,2017,2017-07-08,"Mahinda Rajapaksa International Cricket Stadium, Sooriyawewa",1,43.5,Sri Lanka,Zimbabwe,WU Tharanga,AD Mathews,Sikandar Raza,0,0,,,,,,bowled,WU Tharanga,,
1104481,2017,2017-07-08,"Mahinda Rajapaksa International Cricket Stadium, Sooriyawewa",1,43.6,Sri Lanka,Zimbabwe,DAS Gunaratne,AD Mathews,Sikandar Raza,1,0,,,,,,,,,
1104481,2017,2017-07-08,"Mahinda Rajapaksa International Cricket Stadium, Sooriyawewa",1,44.1,Sri Lanka,Zimbabwe,DAS Gunaratne,AD Mathews,CB Mpofu,0,1,,,,1,,,,,
1104481,2017,2017-07-08,"Mahinda Rajapaksa International Cricket Stadium, Sooriyawewa",1,44.2,Sri Lanka,Zimbabwe,AD Mathews,DAS Gunaratne,CB Mpofu,1,0,,,,,,,,,
1104481,2017,2017-07-08,"Mahinda Rajapaksa International Cricket Stadium, Sooriyawewa",1,44.3,Sri Lanka,Zimbabwe,DAS Gunaratne,AD Mathews,CB Mpofu,0,0,,,,,,caught,DAS Gunaratne,,
1104481,2017,2017-07-08,"Mahinda Rajapaksa International Cricket Stadium, Sooriyawewa",1,44.4,Sri Lanka,Zimbabwe,AD Mathews,BKG Mendis,CB Mpofu,2,0,,,,,,,,,
1104481,2017,2017-07-08,"Mahinda Rajapaksa International Cricket Stadium, Sooriyawewa",1,44.5,Sri Lanka,Zimbabwe,AD Mathews,BKG Mendis,CB Mpofu,1,0,,,,,,,,,
1104481,2017,2017-07-08,"Mahinda Rajapaksa International Cricket Stadium, Sooriyawewa",1,44.6,Sri Lanka,Zimbabwe,BKG Mendis,AD Mathews,CB Mpofu,0,0,,,,,,caught,BKG Mendis,,
1104481,2017,2017-07-08,"Mahinda Rajapaksa International Cricket Stadium, Sooriyawewa",1,45.1,Sri Lanka,Zimbabwe,PWH de Silva,AD Mathews,Sikandar Raza,0,0,,,,,,,,,
1104481,2017,2017-07-08,"Mahinda Rajapaksa International Cricket Stadium, Sooriyawewa",1,45.2,Sri Lanka,Zimbabwe,PWH de Silva,AD Mathews,Sikandar Raza,1,0,,,,,,,,,
1104481,2017,2017-07-08,"Mahinda Rajapaksa International Cricket Stadium, Sooriyawewa",1,45.3,Sri Lanka,Zimbabwe,AD Mathews,PWH de Silva,Sikandar Raza,1,0,,,,,,,,,
1104481,2017,2017-07-08,"Mahinda Rajapaksa International Cricket Stadium, Sooriyawewa",1,45.4,Sri Lanka,Zimbabwe,PWH de Silva,AD Mathews,Sikandar Raza,1,0,,,,,,,,,
1104481,2017,2017-07-08,"Mahinda Rajapaksa International Cricket Stadium, Sooriyawewa",1,45.5,Sri Lanka,Zimbabwe,AD Mathews,PWH de Silva,Sikandar Raza,1,0,,,,,,,,,
1104481,2017,2017-07-08,"Mahinda Rajapaksa International Cricket Stadium, Sooriyawewa",1,45.6,Sri Lanka,Zimbabwe,PWH de Silva,AD Mathews,Sikandar Raza,1,0,,,,,,,,,
1104481,2017,2017-07-08,"Mahinda Rajapaksa International Cricket Stadium, Sooriyawewa",1,46.1,Sri Lanka,Zimbabwe,PWH de Silva,AD Mathews,CB Mpofu,1,0,,,,,,,,,
1104481,2017,2017-07-08,"Mahinda Rajapaksa International Cricket Stadium, Sooriyawewa",1,46.2,Sri Lanka,Zimbabwe,AD Mathews,PWH de Silva,CB Mpofu,0,0,,,,,,,,,
1104481,2017,2017-07-08,"Mahinda Rajapaksa International Cricket Stadium, Sooriyawewa",1,46.3,Sri Lanka,Zimbabwe,AD Mathews,PWH de Silva,CB Mpofu,2,0,,,,,,,,,
1104481,2017,2017-07-08,"Mahinda Rajapaksa International Cricket Stadium, Sooriyawewa",1,46.4,Sri Lanka,Zimbabwe,AD Mathews,PWH de Silva,CB Mpofu,2,0,,,,,,,,,
1104481,2017,2017-07-08,"Mahinda Rajapaksa International Cricket Stadium, Sooriyawewa",1,46.5,Sri Lanka,Zimbabwe,AD Mathews,PWH de Silva,CB Mpofu,1,0,,,,,,,,,
1104481,2017,2017-07-08,"Mahinda Rajapaksa International Cricket Stadium, Sooriyawewa",1,46.6,Sri Lanka,Zimbabwe,PWH de Silva,AD Mathews,CB Mpofu,1,0,,,,,,,,,
1104481,2017,2017-07-08,"Mahinda Rajapaksa International Cricket Stadium, Sooriyawewa",1,47.1,Sri Lanka,Zimbabwe,PWH de Silva,AD Mathews,Sikandar Raza,1,0,,,,,,,,,
1104481,2017,2017-07-08,"Mahinda Rajapaksa International Cricket Stadium, Sooriyawewa",1,47.2,Sri Lanka,Zimbabwe,AD Mathews,PWH de Silva,Sikandar Raza,6,0,,,,,,,,,
1104481,2017,2017-07-08,"Mahinda Rajapaksa International Cricket Stadium, Sooriyawewa",1,47.3,Sri Lanka,Zimbabwe,AD Mathews,PWH de Silva,Sikandar Raza,1,0,,,,,,,,,
1104481,2017,2017-07-08,"Mahinda Rajapaksa International Cricket Stadium, Sooriyawewa",1,47.4,Sri Lanka,Zimbabwe,PWH de Silva,AD Mathews,Sikandar Raza,4,0,,,,,,,,,
1104481,2017,2017-07-08,"Mahinda Rajapaksa International Cricket Stadium, Sooriyawewa",1,47.5,Sri Lanka,Zimbabwe,PWH de Silva,AD Mathews,Sikandar Raza,1,0,,,,,,,,,
1104481,2017,2017-07-08,"Mahinda Rajapaksa International Cricket Stadium, Sooriyawewa",1,47.6,Sri Lanka,Zimbabwe,AD Mathews,PWH de Silva,Sikandar Raza,1,0,,,,,,,,,
1104481,2017,2017-07-08,"Mahinda Rajapaksa International Cricket Stadium, Sooriyawewa",1,48.1,Sri Lanka,Zimbabwe,AD Mathews,PWH de Silva,CB Mpofu,1,0,,,,,,,,,
1104481,2017,2017-07-08,"Mahinda Rajapaksa International Cricket Stadium, Sooriyawewa",1,48.2,Sri Lanka,Zimbabwe,PWH de Silva,AD Mathews,CB Mpofu,4,0,,,,,,,,,
1104481,2017,2017-07-08,"Mahinda Rajapaksa International Cricket Stadium, Sooriyawewa",1,48.3,Sri Lanka,Zimbabwe,PWH de Silva,AD Mathews,CB Mpofu,0,0,,,,,,,,,
1104481,2017,2017-07-08,"Mahinda Rajapaksa International Cricket Stadium, Sooriyawewa",1,48.4,Sri Lanka,Zimbabwe,PWH de Silva,AD Mathews,CB Mpofu,0,0,,,,,,,,,
1104481,2017,2017-07-08,"Mahinda Rajapaksa International Cricket Stadium, Sooriyawewa",1,48.5,Sri Lanka,Zimbabwe,PWH de Silva,AD Mathews,CB Mpofu,0,1,,,1,,,,,,
1104481,2017,2017-07-08,"Mahinda Rajapaksa International Cricket Stadium, Sooriyawewa",1,48.6,Sri Lanka,Zimbabwe,AD Mathews,PWH de Silva,CB Mpofu,0,0,,,,,,,,,
1104481,2017,2017-07-08,"Mahinda Rajapaksa International Cricket Stadium, Sooriyawewa",1,49.1,Sri Lanka,Zimbabwe,PWH de Silva,AD Mathews,TL Chatara,0,0,,,,,,,,,
1104481,2017,2017-07-08,"Mahinda Rajapaksa International Cricket Stadium, Sooriyawewa",1,49.2,Sri Lanka,Zimbabwe,PWH de Silva,AD Mathews,TL Chatara,3,0,,,,,,,,,
1104481,2017,2017-07-08,"Mahinda Rajapaksa International Cricket Stadium, Sooriyawewa",1,49.3,Sri Lanka,Zimbabwe,AD Mathews,PWH de Silva,TL Chatara,1,0,,,,,,,,,
1104481,2017,2017-07-08,"Mahinda Rajapaksa International Cricket Stadium, Sooriyawewa",1,49.4,Sri Lanka,Zimbabwe,PWH de Silva,AD Mathews,TL Chatara,0,0,,,,,,,,,
1104481,2017,2017-07-08,"Mahinda Rajapaksa International Cricket Stadium, Sooriyawewa",1,49.5,Sri Lanka,Zimbabwe,PWH de Silva,AD Mathews,TL Chatara,1,0,,,,,,,,,
1104481,2017,2017-07-08,"Mahinda Rajapaksa International Cricket Stadium, Sooriyawewa",1,49.6,Sri Lanka,Zimbabwe,AD Mathews,PWH de Silva,TL Chatara,0,0,,,,,,caught,AD Mathews,,
1104481,2017,2017-07-08,"Mahinda Rajapaksa International Cricket Stadium, Sooriyawewa",2,0.1,Zimbabwe,Sri Lanka,H Masakadza,SF Mire,SL Malinga,0,0,,,,,,,,,
1104481,2017,2017-07-08,"Mahinda Rajapaksa International Cricket Stadium, Sooriyawewa",2,0.2,Zimbabwe,Sri Lanka,H Masakadza,SF Mire,SL Malinga,0,0,,,,,,,,,
1104481,2017,2017-07-08,"Mahinda Rajapaksa International Cricket Stadium, Sooriyawewa",2,0.3,Zimbabwe,Sri Lanka,H Masakadza,SF Mire,SL Malinga,0,0,,,,,,,,,
1104481,2017,2017-07-08,"Mahinda Rajapaksa International Cricket Stadium, Sooriyawewa",2,0.4,Zimbabwe,Sri Lanka,H Masakadza,SF Mire,SL Malinga,0,0,,,,,,,,,
1104481,2017,2017-07-08,"Mahinda Rajapaksa International Cricket Stadium, Sooriyawewa",2,0.5,Zimbabwe,Sri Lanka,H Masakadza,SF Mire,SL Malinga,0,0,,,,,,,,,
1104481,2017,2017-07-08,"Mahinda Rajapaksa International Cricket Stadium, Sooriyawewa",2,0.6,Zimbabwe,Sri Lanka,H Masakadza,SF Mire,SL Malinga,0,0,,,,,,,,,
1104481,2017,2017-07-08,"Mahinda Rajapaksa International Cricket Stadium, Sooriyawewa",2,1.1,Zimbabwe,Sri Lanka,SF Mire,H Masakadza,AM Fernando,6,0,,,,,,,,,
1104481,2017,2017-07-08,"Mahinda Rajapaksa International Cricket Stadium, Sooriyawewa",2,1.2,Zimbabwe,Sri Lanka,SF Mire,H Masakadza,AM Fernando,1,0,,,,,,,,,
1104481,2017,2017-07-08,"Mahinda Rajapaksa International Cricket Stadium, Sooriyawewa",2,1.3,Zimbabwe,Sri Lanka,H Masakadza,SF Mire,AM Fernando,0,0,,,,,,,,,
1104481,2017,2017-07-08,"Mahinda Rajapaksa International Cricket Stadium, Sooriyawewa",2,1.4,Zimbabwe,Sri Lanka,H Masakadza,SF Mire,AM Fernando,0,0,,,,,,,,,
1104481,2017,2017-07-08,"Mahinda Rajapaksa International Cricket Stadium, Sooriyawewa",2,1.5,Zimbabwe,Sri Lanka,H Masakadza,SF Mire,AM Fernando,1,0,,,,,,,,,
1104481,2017,2017-07-08,"Mahinda Rajapaksa International Cricket Stadium, Sooriyawewa",2,1.6,Zimbabwe,Sri Lanka,SF Mire,H Masakadza,AM Fernando,0,0,,,,,,,,,
1104481,2017,2017-07-08,"Mahinda Rajapaksa International Cricket Stadium, Sooriyawewa",2,2.1,Zimbabwe,Sri Lanka,H Masakadza,SF Mire,SL Malinga,0,0,,,,,,,,,
1104481,2017,2017-07-08,"Mahinda Rajapaksa International Cricket Stadium, Sooriyawewa",2,2.2,Zimbabwe,Sri Lanka,H Masakadza,SF Mire,SL Malinga,0,0,,,,,,,,,
1104481,2017,2017-07-08,"Mahinda Rajapaksa International Cricket Stadium, Sooriyawewa",2,2.3,Zimbabwe,Sri Lanka,H Masakadza,SF Mire,SL Malinga,0,0,,,,,,,,,
1104481,2017,2017-07-08,"Mahinda Rajapaksa International Cricket Stadium, Sooriyawewa",2,2.4,Zimbabwe,Sri Lanka,H Masakadza,SF Mire,SL Malinga,0,0,,,,,,,,,
1104481,2017,2017-07-08,"Mahinda Rajapaksa International Cricket Stadium, Sooriyawewa",2,2.5,Zimbabwe,Sri Lanka,H Masakadza,SF Mire,SL Malinga,0,0,,,,,,,,,
1104481,2017,2017-07-08,"Mahinda Rajapaksa International Cricket Stadium, Sooriyawewa",2,2.6,Zimbabwe,Sri Lanka,H Masakadza,SF Mire,SL Malinga,4,0,,,,,,,,,
1104481,2017,2017-07-08,"Mahinda Rajapaksa International Cricket Stadium, Sooriyawewa",2,3.1,Zimbabwe,Sri Lanka,SF Mire,H Masakadza,AM Fernando,0,0,,,,,,,,,
1104481,2017,2017-07-08,"Mahinda Rajapaksa International Cricket Stadium, Sooriyawewa",2,3.2,Zimbabwe,Sri Lanka,SF Mire,H Masakadza,AM Fernando,4,0,,,,,,,,,
1104481,2017,2017-07-08,"Mahinda Rajapaksa International Cricket Stadium, Sooriyawewa",2,3.3,Zimbabwe,Sri Lanka,SF Mire,H Masakadza,AM Fernando,0,0,,,,,,,,,
1104481,2017,2017-07-08,"Mahinda Rajapaksa International Cricket Stadium, Sooriyawewa",2,3.4,Zimbabwe,Sri Lanka,SF Mire,H Masakadza,AM Fernando,2,0,,,,,,,,,
1104481,2017,2017-07-08,"Mahinda Rajapaksa International Cricket Stadium, Sooriyawewa",2,3.5,Zimbabwe,Sri Lanka,SF Mire,H Masakadza,AM Fernando,4,0,,,,,,,,,
1104481,2017,2017-07-08,"Mahinda Rajapaksa International Cricket Stadium, Sooriyawewa",2,3.6,Zimbabwe,Sri Lanka,SF Mire,H Masakadza,AM Fernando,4,0,,,,,,,,,
1104481,2017,2017-07-08,"Mahinda Rajapaksa International Cricket Stadium, Sooriyawewa",2,4.1,Zimbabwe,Sri Lanka,H Masakadza,SF Mire,SL Malinga,3,0,,,,,,,,,
1104481,2017,2017-07-08,"Mahinda Rajapaksa International Cricket Stadium, Sooriyawewa",2,4.2,Zimbabwe,Sri Lanka,SF Mire,H Masakadza,SL Malinga,2,0,,,,,,,,,
1104481,2017,2017-07-08,"Mahinda Rajapaksa International Cricket Stadium, Sooriyawewa",2,4.3,Zimbabwe,Sri Lanka,SF Mire,H Masakadza,SL Malinga,0,0,,,,,,,,,
1104481,2017,2017-07-08,"Mahinda Rajapaksa International Cricket Stadium, Sooriyawewa",2,4.4,Zimbabwe,Sri Lanka,SF Mire,H Masakadza,SL Malinga,0,0,,,,,,,,,
1104481,2017,2017-07-08,"Mahinda Rajapaksa International Cricket Stadium, Sooriyawewa",2,4.5,Zimbabwe,Sri Lanka,SF Mire,H Masakadza,SL Malinga,0,0,,,,,,,,,
1104481,2017,2017-07-08,"Mahinda Rajapaksa International Cricket Stadium, Sooriyawewa",2,4.6,Zimbabwe,Sri Lanka,SF Mire,H Masakadza,SL Malinga,6,0,,,,,,,,,
1104481,2017,2017-07-08,"Mahinda Rajapaksa International Cricket Stadium, Sooriyawewa",2,5.1,Zimbabwe,Sri Lanka,H Masakadza,SF Mire,PVD Chameera,0,0,,,,,,,,,
1104481,2017,2017-07-08,"Mahinda Rajapaksa International Cricket Stadium, Sooriyawewa",2,5.2,Zimbabwe,Sri Lanka,H Masakadza,SF Mire,PVD Chameera,4,0,,,,,,,,,
1104481,2017,2017-07-08,"Mahinda Rajapaksa International Cricket Stadium, Sooriyawewa",2,5.3,Zimbabwe,Sri Lanka,H Masakadza,SF Mire,PVD Chameera,0,0,,,,,,,,,
1104481,2017,2017-07-08,"Mahinda Rajapaksa International Cricket Stadium, Sooriyawewa",2,5.4,Zimbabwe,Sri Lanka,H Masakadza,SF Mire,PVD Chameera,4,0,,,,,,,,,
1104481,2017,2017-07-08,"Mahinda Rajapaksa International Cricket Stadium, Sooriyawewa",2,5.5,Zimbabwe,Sri Lanka,H Masakadza,SF Mire,PVD Chameera,0,0,,,,,,,,,
1104481,2017,2017-07-08,"Mahinda Rajapaksa International Cricket Stadium, Sooriyawewa",2,5.6,Zimbabwe,Sri Lanka,H Masakadza,SF Mire,PVD Chameera,1,0,,,,,,,,,
1104481,2017,2017-07-08,"Mahinda Rajapaksa International Cricket Stadium, Sooriyawewa",2,6.1,Zimbabwe,Sri Lanka,H Masakadza,SF Mire,DAS Gunaratne,0,0,,,,,,,,,
1104481,2017,2017-07-08,"Mahinda Rajapaksa International Cricket Stadium, Sooriyawewa",2,6.2,Zimbabwe,Sri Lanka,H Masakadza,SF Mire,DAS Gunaratne,1,0,,,,,,,,,
1104481,2017,2017-07-08,"Mahinda Rajapaksa International Cricket Stadium, Sooriyawewa",2,6.3,Zimbabwe,Sri Lanka,SF Mire,H Masakadza,DAS Gunaratne,1,0,,,,,,,,,
1104481,2017,2017-07-08,"Mahinda Rajapaksa International Cricket Stadium, Sooriyawewa",2,6.4,Zimbabwe,Sri Lanka,H Masakadza,SF Mire,DAS Gunaratne,0,0,,,,,,,,,
1104481,2017,2017-07-08,"Mahinda Rajapaksa International Cricket Stadium, Sooriyawewa",2,6.5,Zimbabwe,Sri Lanka,H Masakadza,SF Mire,DAS Gunaratne,0,0,,,,,,,,,
1104481,2017,2017-07-08,"Mahinda Rajapaksa International Cricket Stadium, Sooriyawewa",2,6.6,Zimbabwe,Sri Lanka,H Masakadza,SF Mire,DAS Gunaratne,0,0,,,,,,,,,
1104481,2017,2017-07-08,"Mahinda Rajapaksa International Cricket Stadium, Sooriyawewa",2,7.1,Zimbabwe,Sri Lanka,SF Mire,H Masakadza,PWH de Silva,1,0,,,,,,,,,
1104481,2017,2017-07-08,"Mahinda Rajapaksa International Cricket Stadium, Sooriyawewa",2,7.2,Zimbabwe,Sri Lanka,H Masakadza,SF Mire,PWH de Silva,0,0,,,,,,,,,
1104481,2017,2017-07-08,"Mahinda Rajapaksa International Cricket Stadium, Sooriyawewa",2,7.3,Zimbabwe,Sri Lanka,H Masakadza,SF Mire,PWH de Silva,0,0,,,,,,,,,
1104481,2017,2017-07-08,"Mahinda Rajapaksa International Cricket Stadium, Sooriyawewa",2,7.4,Zimbabwe,Sri Lanka,H Masakadza,SF Mire,PWH de Silva,4,0,,,,,,,,,
1104481,2017,2017-07-08,"Mahinda Rajapaksa International Cricket Stadium, Sooriyawewa",2,7.5,Zimbabwe,Sri Lanka,H Masakadza,SF Mire,PWH de Silva,1,0,,,,,,,,,
1104481,2017,2017-07-08,"Mahinda Rajapaksa International Cricket Stadium, Sooriyawewa",2,7.6,Zimbabwe,Sri Lanka,SF Mire,H Masakadza,PWH de Silva,1,0,,,,,,,,,
1104481,2017,2017-07-08,"Mahinda Rajapaksa International Cricket Stadium, Sooriyawewa",2,8.1,Zimbabwe,Sri Lanka,SF Mire,H Masakadza,DAS Gunaratne,1,0,,,,,,,,,
1104481,2017,2017-07-08,"Mahinda Rajapaksa International Cricket Stadium, Sooriyawewa",2,8.2,Zimbabwe,Sri Lanka,H Masakadza,SF Mire,DAS Gunaratne,0,0,,,,,,,,,
1104481,2017,2017-07-08,"Mahinda Rajapaksa International Cricket Stadium, Sooriyawewa",2,8.3,Zimbabwe,Sri Lanka,H Masakadza,SF Mire,DAS Gunaratne,1,0,,,,,,,,,
1104481,2017,2017-07-08,"Mahinda Rajapaksa International Cricket Stadium, Sooriyawewa",2,8.4,Zimbabwe,Sri Lanka,SF Mire,H Masakadza,DAS Gunaratne,1,0,,,,,,,,,
1104481,2017,2017-07-08,"Mahinda Rajapaksa International Cricket Stadium, Sooriyawewa",2,8.5,Zimbabwe,Sri Lanka,H Masakadza,SF Mire,DAS Gunaratne,4,0,,,,,,,,,
1104481,2017,2017-07-08,"Mahinda Rajapaksa International Cricket Stadium, Sooriyawewa",2,8.6,Zimbabwe,Sri Lanka,H Masakadza,SF Mire,DAS Gunaratne,0,0,,,,,,,,,
1104481,2017,2017-07-08,"Mahinda Rajapaksa International Cricket Stadium, Sooriyawewa",2,9.1,Zimbabwe,Sri Lanka,SF Mire,H Masakadza,PWH de Silva,0,0,,,,,,,,,
1104481,2017,2017-07-08,"Mahinda Rajapaksa International Cricket Stadium, Sooriyawewa",2,9.2,Zimbabwe,Sri Lanka,SF Mire,H Masakadza,PWH de Silva,4,0,,,,,,,,,
1104481,2017,2017-07-08,"Mahinda Rajapaksa International Cricket Stadium, Sooriyawewa",2,9.3,Zimbabwe,Sri Lanka,SF Mire,H Masakadza,PWH de Silva,1,0,,,,,,,,,
1104481,2017,2017-07-08,"Mahinda Rajapaksa International Cricket Stadium, Sooriyawewa",2,9.4,Zimbabwe,Sri Lanka,H Masakadza,SF Mire,PWH de Silva,0,0,,,,,,bowled,H Masakadza,,
1104481,2017,2017-07-08,"Mahinda Rajapaksa International Cricket Stadium, Sooriyawewa",2,9.5,Zimbabwe,Sri Lanka,TK Musakanda,SF Mire,PWH de Silva,0,0,,,,,,,,,
1104481,2017,2017-07-08,"Mahinda Rajapaksa International Cricket Stadium, Sooriyawewa",2,9.6,Zimbabwe,Sri Lanka,TK Musakanda,SF Mire,PWH de Silva,4,0,,,,,,,,,
1104481,2017,2017-07-08,"Mahinda Rajapaksa International Cricket Stadium, Sooriyawewa",2,10.1,Zimbabwe,Sri Lanka,SF Mire,TK Musakanda,DAS Gunaratne,0,0,,,,,,,,,
1104481,2017,2017-07-08,"Mahinda Rajapaksa International Cricket Stadium, Sooriyawewa",2,10.2,Zimbabwe,Sri Lanka,SF Mire,TK Musakanda,DAS Gunaratne,4,0,,,,,,,,,
1104481,2017,2017-07-08,"Mahinda Rajapaksa International Cricket Stadium, Sooriyawewa",2,10.3,Zimbabwe,Sri Lanka,SF Mire,TK Musakanda,DAS Gunaratne,0,0,,,,,,,,,
1104481,2017,2017-07-08,"Mahinda Rajapaksa International Cricket Stadium, Sooriyawewa",2,10.4,Zimbabwe,Sri Lanka,SF Mire,TK Musakanda,DAS Gunaratne,0,0,,,,,,,,,
1104481,2017,2017-07-08,"Mahinda Rajapaksa International Cricket Stadium, Sooriyawewa",2,10.5,Zimbabwe,Sri Lanka,SF Mire,TK Musakanda,DAS Gunaratne,0,1,,,,1,,,,,
1104481,2017,2017-07-08,"Mahinda Rajapaksa International Cricket Stadium, Sooriyawewa",2,10.6,Zimbabwe,Sri Lanka,TK Musakanda,SF Mire,DAS Gunaratne,1,0,,,,,,,,,
1104481,2017,2017-07-08,"Mahinda Rajapaksa International Cricket Stadium, Sooriyawewa",2,11.1,Zimbabwe,Sri Lanka,TK Musakanda,SF Mire,PWH de Silva,1,0,,,,,,,,,
1104481,2017,2017-07-08,"Mahinda Rajapaksa International Cricket Stadium, Sooriyawewa",2,11.2,Zimbabwe,Sri Lanka,SF Mire,TK Musakanda,PWH de Silva,0,4,,,4,,,,,,
1104481,2017,2017-07-08,"Mahinda Rajapaksa International Cricket Stadium, Sooriyawewa",2,11.3,Zimbabwe,Sri Lanka,SF Mire,TK Musakanda,PWH de Silva,0,0,,,,,,,,,
1104481,2017,2017-07-08,"Mahinda Rajapaksa International Cricket Stadium, Sooriyawewa",2,11.4,Zimbabwe,Sri Lanka,SF Mire,TK Musakanda,PWH de Silva,0,0,,,,,,caught,SF Mire,,
1104481,2017,2017-07-08,"Mahinda Rajapaksa International Cricket Stadium, Sooriyawewa",2,11.5,Zimbabwe,Sri Lanka,CR Ervine,TK Musakanda,PWH de Silva,2,0,,,,,,,,,
1104481,2017,2017-07-08,"Mahinda Rajapaksa International Cricket Stadium, Sooriyawewa",2,11.6,Zimbabwe,Sri Lanka,CR Ervine,TK Musakanda,PWH de Silva,1,0,,,,,,,,,
1104481,2017,2017-07-08,"Mahinda Rajapaksa International Cricket Stadium, Sooriyawewa",2,12.1,Zimbabwe,Sri Lanka,CR Ervine,TK Musakanda,DAS Gunaratne,1,0,,,,,,,,,
1104481,2017,2017-07-08,"Mahinda Rajapaksa International Cricket Stadium, Sooriyawewa",2,12.2,Zimbabwe,Sri Lanka,TK Musakanda,CR Ervine,DAS Gunaratne,1,0,,,,,,,,,
1104481,2017,2017-07-08,"Mahinda Rajapaksa International Cricket Stadium, Sooriyawewa",2,12.3,Zimbabwe,Sri Lanka,CR Ervine,TK Musakanda,DAS Gunaratne,0,0,,,,,,,,,
1104481,2017,2017-07-08,"Mahinda Rajapaksa International Cricket Stadium, Sooriyawewa",2,12.4,Zimbabwe,Sri Lanka,CR Ervine,TK Musakanda,DAS Gunaratne,0,0,,,,,,,,,
1104481,2017,2017-07-08,"Mahinda Rajapaksa International Cricket Stadium, Sooriyawewa",2,12.5,Zimbabwe,Sri Lanka,CR Ervine,TK Musakanda,DAS Gunaratne,1,0,,,,,,,,,
1104481,2017,2017-07-08,"Mahinda Rajapaksa International Cricket Stadium, Sooriyawewa",2,12.6,Zimbabwe,Sri Lanka,TK Musakanda,CR Ervine,DAS Gunaratne,0,0,,,,,,,,,
1104481,2017,2017-07-08,"Mahinda Rajapaksa International Cricket Stadium, Sooriyawewa",2,13.1,Zimbabwe,Sri Lanka,CR Ervine,TK Musakanda,PWH de Silva,0,0,,,,,,,,,
1104481,2017,2017-07-08,"Mahinda Rajapaksa International Cricket Stadium, Sooriyawewa",2,13.2,Zimbabwe,Sri Lanka,CR Ervine,TK Musakanda,PWH de Silva,0,0,,,,,,,,,
1104481,2017,2017-07-08,"Mahinda Rajapaksa International Cricket Stadium, Sooriyawewa",2,13.3,Zimbabwe,Sri Lanka,CR Ervine,TK Musakanda,PWH de Silva,4,0,,,,,,,,,
1104481,2017,2017-07-08,"Mahinda Rajapaksa International Cricket Stadium, Sooriyawewa",2,13.4,Zimbabwe,Sri Lanka,CR Ervine,TK Musakanda,PWH de Silva,0,0,,,,,,,,,
1104481,2017,2017-07-08,"Mahinda Rajapaksa International Cricket Stadium, Sooriyawewa",2,13.5,Zimbabwe,Sri Lanka,CR Ervine,TK Musakanda,PWH de Silva,1,0,,,,,,,,,
1104481,2017,2017-07-08,"Mahinda Rajapaksa International Cricket Stadium, Sooriyawewa",2,13.6,Zimbabwe,Sri Lanka,TK Musakanda,CR Ervine,PWH de Silva,2,0,,,,,,,,,
1104481,2017,2017-07-08,"Mahinda Rajapaksa International Cricket Stadium, Sooriyawewa",2,14.1,Zimbabwe,Sri Lanka,CR Ervine,TK Musakanda,PADLR Sandakan,2,0,,,,,,,,,
1104481,2017,2017-07-08,"Mahinda Rajapaksa International Cricket Stadium, Sooriyawewa",2,14.2,Zimbabwe,Sri Lanka,CR Ervine,TK Musakanda,PADLR Sandakan,4,0,,,,,,,,,
1104481,2017,2017-07-08,"Mahinda Rajapaksa International Cricket Stadium, Sooriyawewa",2,14.3,Zimbabwe,Sri Lanka,CR Ervine,TK Musakanda,PADLR Sandakan,1,0,,,,,,,,,
1104481,2017,2017-07-08,"Mahinda Rajapaksa International Cricket Stadium, Sooriyawewa",2,14.4,Zimbabwe,Sri Lanka,TK Musakanda,CR Ervine,PADLR Sandakan,0,0,,,,,,,,,
1104481,2017,2017-07-08,"Mahinda Rajapaksa International Cricket Stadium, Sooriyawewa",2,14.5,Zimbabwe,Sri Lanka,TK Musakanda,CR Ervine,PADLR Sandakan,2,0,,,,,,,,,
1104481,2017,2017-07-08,"Mahinda Rajapaksa International Cricket Stadium, Sooriyawewa",2,14.6,Zimbabwe,Sri Lanka,TK Musakanda,CR Ervine,PADLR Sandakan,4,0,,,,,,,,,
1104481,2017,2017-07-08,"Mahinda Rajapaksa International Cricket Stadium, Sooriyawewa",2,15.1,Zimbabwe,Sri Lanka,CR Ervine,TK Musakanda,PVD Chameera,0,0,,,,,,,,,
1104481,2017,2017-07-08,"Mahinda Rajapaksa International Cricket Stadium, Sooriyawewa",2,15.2,Zimbabwe,Sri Lanka,CR Ervine,TK Musakanda,PVD Chameera,1,0,,,,,,,,,
1104481,2017,2017-07-08,"Mahinda Rajapaksa International Cricket Stadium, Sooriyawewa",2,15.3,Zimbabwe,Sri Lanka,TK Musakanda,CR Ervine,PVD Chameera,0,0,,,,,,,,,
1104481,2017,2017-07-08,"Mahinda Rajapaksa International Cricket Stadium, Sooriyawewa",2,15.4,Zimbabwe,Sri Lanka,TK Musakanda,CR Ervine,PVD Chameera,0,0,,,,,,,,,
1104481,2017,2017-07-08,"Mahinda Rajapaksa International Cricket Stadium, Sooriyawewa",2,15.5,Zimbabwe,Sri Lanka,TK Musakanda,CR Ervine,PVD Chameera,0,0,,,,,,,,,
1104481,2017,2017-07-08,"Mahinda Rajapaksa International Cricket Stadium, Sooriyawewa",2,15.6,Zimbabwe,Sri Lanka,TK Musakanda,CR Ervine,PVD Chameera,0,0,,,,,,,,,
1104481,2017,2017-07-08,"Mahinda Rajapaksa International Cricket Stadium, Sooriyawewa",2,16.1,Zimbabwe,Sri Lanka,CR Ervine,TK Musakanda,PADLR Sandakan,0,1,1,,,,,,,,
1104481,2017,2017-07-08,"Mahinda Rajapaksa International Cricket Stadium, Sooriyawewa",2,16.2,Zimbabwe,Sri Lanka,CR Ervine,TK Musakanda,PADLR Sandakan,0,1,1,,,,,,,,
1104481,2017,2017-07-08,"Mahinda Rajapaksa International Cricket Stadium, Sooriyawewa",2,16.3,Zimbabwe,Sri Lanka,CR Ervine,TK Musakanda,PADLR Sandakan,0,0,,,,,,,,,
1104481,2017,2017-07-08,"Mahinda Rajapaksa International Cricket Stadium, Sooriyawewa",2,16.4,Zimbabwe,Sri Lanka,CR Ervine,TK Musakanda,PADLR Sandakan,1,0,,,,,,,,,
1104481,2017,2017-07-08,"Mahinda Rajapaksa International Cricket Stadium, Sooriyawewa",2,16.5,Zimbabwe,Sri Lanka,TK Musakanda,CR Ervine,PADLR Sandakan,4,0,,,,,,,,,
1104481,2017,2017-07-08,"Mahinda Rajapaksa International Cricket Stadium, Sooriyawewa",2,16.6,Zimbabwe,Sri Lanka,TK Musakanda,CR Ervine,PADLR Sandakan,2,0,,,,,,,,,
1104481,2017,2017-07-08,"Mahinda Rajapaksa International Cricket Stadium, Sooriyawewa",2,16.7,Zimbabwe,Sri Lanka,TK Musakanda,CR Ervine,PADLR Sandakan,1,0,,,,,,,,,
1104481,2017,2017-07-08,"Mahinda Rajapaksa International Cricket Stadium, Sooriyawewa",2,16.8,Zimbabwe,Sri Lanka,CR Ervine,TK Musakanda,PADLR Sandakan,0,0,,,,,,,,,
1104481,2017,2017-07-08,"Mahinda Rajapaksa International Cricket Stadium, Sooriyawewa",2,17.1,Zimbabwe,Sri Lanka,TK Musakanda,CR Ervine,PVD Chameera,0,0,,,,,,,,,
1104481,2017,2017-07-08,"Mahinda Rajapaksa International Cricket Stadium, Sooriyawewa",2,17.2,Zimbabwe,Sri Lanka,TK Musakanda,CR Ervine,PVD Chameera,0,1,1,,,,,,,,
1104481,2017,2017-07-08,"Mahinda Rajapaksa International Cricket Stadium, Sooriyawewa",2,17.3,Zimbabwe,Sri Lanka,TK Musakanda,CR Ervine,PVD Chameera,0,0,,,,,,,,,
1104481,2017,2017-07-08,"Mahinda Rajapaksa International Cricket Stadium, Sooriyawewa",2,17.4,Zimbabwe,Sri Lanka,TK Musakanda,CR Ervine,PVD Chameera,4,0,,,,,,,,,
1104481,2017,2017-07-08,"Mahinda Rajapaksa International Cricket Stadium, Sooriyawewa",2,17.5,Zimbabwe,Sri Lanka,TK Musakanda,CR Ervine,PVD Chameera,4,0,,,,,,,,,
1104481,2017,2017-07-08,"Mahinda Rajapaksa International Cricket Stadium, Sooriyawewa",2,17.6,Zimbabwe,Sri Lanka,TK Musakanda,CR Ervine,PVD Chameera,0,0,,,,,,,,,
1104481,2017,2017-07-08,"Mahinda Rajapaksa International Cricket Stadium, Sooriyawewa",2,17.7,Zimbabwe,Sri Lanka,TK Musakanda,CR Ervine,PVD Chameera,0,0,,,,,,caught,TK Musakanda,,
1104481,2017,2017-07-08,"Mahinda Rajapaksa International Cricket Stadium, Sooriyawewa",2,18.1,Zimbabwe,Sri Lanka,CR Ervine,SC Williams,DAS Gunaratne,1,0,,,,,,,,,
1104481,2017,2017-07-08,"Mahinda Rajapaksa International Cricket Stadium, Sooriyawewa",2,18.2,Zimbabwe,Sri Lanka,SC Williams,CR Ervine,DAS Gunaratne,0,0,,,,,,,,,
1104481,2017,2017-07-08,"Mahinda Rajapaksa International Cricket Stadium, Sooriyawewa",2,18.3,Zimbabwe,Sri Lanka,SC Williams,CR Ervine,DAS Gunaratne,1,0,,,,,,,,,
1104481,2017,2017-07-08,"Mahinda Rajapaksa International Cricket Stadium, Sooriyawewa",2,18.4,Zimbabwe,Sri Lanka,CR Ervine,SC Williams,DAS Gunaratne,0,0,,,,,,,,,
1104481,2017,2017-07-08,"Mahinda Rajapaksa International Cricket Stadium, Sooriyawewa",2,18.5,Zimbabwe,Sri Lanka,CR Ervine,SC Williams,DAS Gunaratne,1,0,,,,,,,,,
1104481,2017,2017-07-08,"Mahinda Rajapaksa International Cricket Stadium, Sooriyawewa",2,18.6,Zimbabwe,Sri Lanka,SC Williams,CR Ervine,DAS Gunaratne,1,0,,,,,,,,,
1104481,2017,2017-07-08,"Mahinda Rajapaksa International Cricket Stadium, Sooriyawewa",2,19.1,Zimbabwe,Sri Lanka,SC Williams,CR Ervine,SL Malinga,1,0,,,,,,,,,
1104481,2017,2017-07-08,"Mahinda Rajapaksa International Cricket Stadium, Sooriyawewa",2,19.2,Zimbabwe,Sri Lanka,CR Ervine,SC Williams,SL Malinga,2,0,,,,,,,,,
1104481,2017,2017-07-08,"Mahinda Rajapaksa International Cricket Stadium, Sooriyawewa",2,19.3,Zimbabwe,Sri Lanka,CR Ervine,SC Williams,SL Malinga,0,0,,,,,,,,,
1104481,2017,2017-07-08,"Mahinda Rajapaksa International Cricket Stadium, Sooriyawewa",2,19.4,Zimbabwe,Sri Lanka,CR Ervine,SC Williams,SL Malinga,0,0,,,,,,,,,
1104481,2017,2017-07-08,"Mahinda Rajapaksa International Cricket Stadium, Sooriyawewa",2,19.5,Zimbabwe,Sri Lanka,CR Ervine,SC Williams,SL Malinga,0,0,,,,,,,,,
1104481,2017,2017-07-08,"Mahinda Rajapaksa International Cricket Stadium, Sooriyawewa",2,19.6,Zimbabwe,Sri Lanka,CR Ervine,SC Williams,SL Malinga,0,0,,,,,,,,,
1104481,2017,2017-07-08,"Mahinda Rajapaksa International Cricket Stadium, Sooriyawewa",2,20.1,Zimbabwe,Sri Lanka,SC Williams,CR Ervine,MD Gunathilaka,0,0,,,,,,,,,
1104481,2017,2017-07-08,"Mahinda Rajapaksa International Cricket Stadium, Sooriyawewa",2,20.2,Zimbabwe,Sri Lanka,SC Williams,CR Ervine,MD Gunathilaka,2,0,,,,,,,,,
1104481,2017,2017-07-08,"Mahinda Rajapaksa International Cricket Stadium, Sooriyawewa",2,20.3,Zimbabwe,Sri Lanka,SC Williams,CR Ervine,MD Gunathilaka,1,0,,,,,,,,,
1104481,2017,2017-07-08,"Mahinda Rajapaksa International Cricket Stadium, Sooriyawewa",2,20.4,Zimbabwe,Sri Lanka,CR Ervine,SC Williams,MD Gunathilaka,0,0,,,,,,,,,
1104481,2017,2017-07-08,"Mahinda Rajapaksa International Cricket Stadium, Sooriyawewa",2,20.5,Zimbabwe,Sri Lanka,CR Ervine,SC Williams,MD Gunathilaka,1,0,,,,,,,,,
1104481,2017,2017-07-08,"Mahinda Rajapaksa International Cricket Stadium, Sooriyawewa",2,20.6,Zimbabwe,Sri Lanka,SC Williams,CR Ervine,MD Gunathilaka,0,0,,,,,,,,,
1104481,2017,2017-07-08,"Mahinda Rajapaksa International Cricket Stadium, Sooriyawewa",2,21.1,Zimbabwe,Sri Lanka,CR Ervine,SC Williams,PVD Chameera,0,0,,,,,,,,,
1104481,2017,2017-07-08,"Mahinda Rajapaksa International Cricket Stadium, Sooriyawewa",2,21.2,Zimbabwe,Sri Lanka,CR Ervine,SC Williams,PVD Chameera,0,0,,,,,,,,,
1104481,2017,2017-07-08,"Mahinda Rajapaksa International Cricket Stadium, Sooriyawewa",2,21.3,Zimbabwe,Sri Lanka,CR Ervine,SC Williams,PVD Chameera,0,0,,,,,,,,,
1104481,2017,2017-07-08,"Mahinda Rajapaksa International Cricket Stadium, Sooriyawewa",2,21.4,Zimbabwe,Sri Lanka,CR Ervine,SC Williams,PVD Chameera,0,0,,,,,,,,,
1104481,2017,2017-07-08,"Mahinda Rajapaksa International Cricket Stadium, Sooriyawewa",2,21.5,Zimbabwe,Sri Lanka,CR Ervine,SC Williams,PVD Chameera,4,0,,,,,,,,,
1104481,2017,2017-07-08,"Mahinda Rajapaksa International Cricket Stadium, Sooriyawewa",2,21.6,Zimbabwe,Sri Lanka,CR Ervine,SC Williams,PVD Chameera,1,0,,,,,,,,,
1104481,2017,2017-07-08,"Mahinda Rajapaksa International Cricket Stadium, Sooriyawewa",2,22.1,Zimbabwe,Sri Lanka,CR Ervine,SC Williams,DAS Gunaratne,1,0,,,,,,,,,
1104481,2017,2017-07-08,"Mahinda Rajapaksa International Cricket Stadium, Sooriyawewa",2,22.2,Zimbabwe,Sri Lanka,SC Williams,CR Ervine,DAS Gunaratne,0,0,,,,,,stumped,SC Williams,,
1104481,2017,2017-07-08,"Mahinda Rajapaksa International Cricket Stadium, Sooriyawewa",2,22.3,Zimbabwe,Sri Lanka,Sikandar Raza,CR Ervine,DAS Gunaratne,1,0,,,,,,,,,
1104481,2017,2017-07-08,"Mahinda Rajapaksa International Cricket Stadium, Sooriyawewa",2,22.4,Zimbabwe,Sri Lanka,CR Ervine,Sikandar Raza,DAS Gunaratne,4,0,,,,,,,,,
1104481,2017,2017-07-08,"Mahinda Rajapaksa International Cricket Stadium, Sooriyawewa",2,22.5,Zimbabwe,Sri Lanka,CR Ervine,Sikandar Raza,DAS Gunaratne,1,0,,,,,,,,,
1104481,2017,2017-07-08,"Mahinda Rajapaksa International Cricket Stadium, Sooriyawewa",2,22.6,Zimbabwe,Sri Lanka,Sikandar Raza,CR Ervine,DAS Gunaratne,1,0,,,,,,,,,
1104481,2017,2017-07-08,"Mahinda Rajapaksa International Cricket Stadium, Sooriyawewa",2,23.1,Zimbabwe,Sri Lanka,Sikandar Raza,CR Ervine,PVD Chameera,1,0,,,,,,,,,
1104481,2017,2017-07-08,"Mahinda Rajapaksa International Cricket Stadium, Sooriyawewa",2,23.2,Zimbabwe,Sri Lanka,CR Ervine,Sikandar Raza,PVD Chameera,1,0,,,,,,,,,
1104481,2017,2017-07-08,"Mahinda Rajapaksa International Cricket Stadium, Sooriyawewa",2,23.3,Zimbabwe,Sri Lanka,Sikandar Raza,CR Ervine,PVD Chameera,4,0,,,,,,,,,
1104481,2017,2017-07-08,"Mahinda Rajapaksa International Cricket Stadium, Sooriyawewa",2,23.4,Zimbabwe,Sri Lanka,Sikandar Raza,CR Ervine,PVD Chameera,0,0,,,,,,,,,
1104481,2017,2017-07-08,"Mahinda Rajapaksa International Cricket Stadium, Sooriyawewa",2,23.5,Zimbabwe,Sri Lanka,Sikandar Raza,CR Ervine,PVD Chameera,2,0,,,,,,,,,
1104481,2017,2017-07-08,"Mahinda Rajapaksa International Cricket Stadium, Sooriyawewa",2,23.6,Zimbabwe,Sri Lanka,Sikandar Raza,CR Ervine,PVD Chameera,0,0,,,,,,,,,
1104481,2017,2017-07-08,"Mahinda Rajapaksa International Cricket Stadium, Sooriyawewa",2,24.1,Zimbabwe,Sri Lanka,CR Ervine,Sikandar Raza,DAS Gunaratne,0,0,,,,,,,,,
1104481,2017,2017-07-08,"Mahinda Rajapaksa International Cricket Stadium, Sooriyawewa",2,24.2,Zimbabwe,Sri Lanka,CR Ervine,Sikandar Raza,DAS Gunaratne,0,0,,,,,,,,,
1104481,2017,2017-07-08,"Mahinda Rajapaksa International Cricket Stadium, Sooriyawewa",2,24.3,Zimbabwe,Sri Lanka,CR Ervine,Sikandar Raza,DAS Gunaratne,6,0,,,,,,,,,
1104481,2017,2017-07-08,"Mahinda Rajapaksa International Cricket Stadium, Sooriyawewa",2,24.4,Zimbabwe,Sri Lanka,CR Ervine,Sikandar Raza,DAS Gunaratne,4,0,,,,,,,,,
1104481,2017,2017-07-08,"Mahinda Rajapaksa International Cricket Stadium, Sooriyawewa",2,24.5,Zimbabwe,Sri Lanka,CR Ervine,Sikandar Raza,DAS Gunaratne,1,0,,,,,,,,,
1104481,2017,2017-07-08,"Mahinda Rajapaksa International Cricket Stadium, Sooriyawewa",2,24.6,Zimbabwe,Sri Lanka,Sikandar Raza,CR Ervine,DAS Gunaratne,1,0,,,,,,,,,
1104481,2017,2017-07-08,"Mahinda Rajapaksa International Cricket Stadium, Sooriyawewa",2,25.1,Zimbabwe,Sri Lanka,Sikandar Raza,CR Ervine,PWH de Silva,0,0,,,,,,,,,
1104481,2017,2017-07-08,"Mahinda Rajapaksa International Cricket Stadium, Sooriyawewa",2,25.2,Zimbabwe,Sri Lanka,Sikandar Raza,CR Ervine,PWH de Silva,0,0,,,,,,caught and bowled,Sikandar Raza,,
1104481,2017,2017-07-08,"Mahinda Rajapaksa International Cricket Stadium, Sooriyawewa",2,25.3,Zimbabwe,Sri Lanka,MN Waller,CR Ervine,PWH de Silva,2,0,,,,,,,,,
1104481,2017,2017-07-08,"Mahinda Rajapaksa International Cricket Stadium, Sooriyawewa",2,25.4,Zimbabwe,Sri Lanka,MN Waller,CR Ervine,PWH de Silva,0,0,,,,,,,,,
1104481,2017,2017-07-08,"Mahinda Rajapaksa International Cricket Stadium, Sooriyawewa",2,25.5,Zimbabwe,Sri Lanka,MN Waller,CR Ervine,PWH de Silva,0,0,,,,,,,,,
1104481,2017,2017-07-08,"Mahinda Rajapaksa International Cricket Stadium, Sooriyawewa",2,25.6,Zimbabwe,Sri Lanka,MN Waller,CR Ervine,PWH de Silva,4,0,,,,,,,,,
1104481,2017,2017-07-08,"Mahinda Rajapaksa International Cricket Stadium, Sooriyawewa",2,26.1,Zimbabwe,Sri Lanka,CR Ervine,MN Waller,PADLR Sandakan,4,0,,,,,,,,,
1104481,2017,2017-07-08,"Mahinda Rajapaksa International Cricket Stadium, Sooriyawewa",2,26.2,Zimbabwe,Sri Lanka,CR Ervine,MN Waller,PADLR Sandakan,1,0,,,,,,,,,
1104481,2017,2017-07-08,"Mahinda Rajapaksa International Cricket Stadium, Sooriyawewa",2,26.3,Zimbabwe,Sri Lanka,MN Waller,CR Ervine,PADLR Sandakan,0,5,5,,,,,,,,
1104481,2017,2017-07-08,"Mahinda Rajapaksa International Cricket Stadium, Sooriyawewa",2,26.4,Zimbabwe,Sri Lanka,MN Waller,CR Ervine,PADLR Sandakan,1,0,,,,,,,,,
1104481,2017,2017-07-08,"Mahinda Rajapaksa International Cricket Stadium, Sooriyawewa",2,26.5,Zimbabwe,Sri Lanka,CR Ervine,MN Waller,PADLR Sandakan,4,0,,,,,,,,,
1104481,2017,2017-07-08,"Mahinda Rajapaksa International Cricket Stadium, Sooriyawewa",2,26.6,Zimbabwe,Sri Lanka,CR Ervine,MN Waller,PADLR Sandakan,2,0,,,,,,,,,
1104481,2017,2017-07-08,"Mahinda Rajapaksa International Cricket Stadium, Sooriyawewa",2,26.7,Zimbabwe,Sri Lanka,CR Ervine,MN Waller,PADLR Sandakan,1,0,,,,,,,,,
1104481,2017,2017-07-08,"Mahinda Rajapaksa International Cricket Stadium, Sooriyawewa",2,27.1,Zimbabwe,Sri Lanka,CR Ervine,MN Waller,PWH de Silva,2,0,,,,,,,,,
1104481,2017,2017-07-08,"Mahinda Rajapaksa International Cricket Stadium, Sooriyawewa",2,27.2,Zimbabwe,Sri Lanka,CR Ervine,MN Waller,PWH de Silva,1,0,,,,,,,,,
1104481,2017,2017-07-08,"Mahinda Rajapaksa International Cricket Stadium, Sooriyawewa",2,27.3,Zimbabwe,Sri Lanka,MN Waller,CR Ervine,PWH de Silva,1,0,,,,,,,,,
1104481,2017,2017-07-08,"Mahinda Rajapaksa International Cricket Stadium, Sooriyawewa",2,27.4,Zimbabwe,Sri Lanka,CR Ervine,MN Waller,PWH de Silva,1,0,,,,,,,,,
1104481,2017,2017-07-08,"Mahinda Rajapaksa International Cricket Stadium, Sooriyawewa",2,27.5,Zimbabwe,Sri Lanka,MN Waller,CR Ervine,PWH de Silva,1,0,,,,,,,,,
1104481,2017,2017-07-08,"Mahinda Rajapaksa International Cricket Stadium, Sooriyawewa",2,27.6,Zimbabwe,Sri Lanka,CR Ervine,MN Waller,PWH de Silva,1,0,,,,,,,,,
1104481,2017,2017-07-08,"Mahinda Rajapaksa International Cricket Stadium, Sooriyawewa",2,28.1,Zimbabwe,Sri Lanka,CR Ervine,MN Waller,MD Gunathilaka,1,0,,,,,,,,,
1104481,2017,2017-07-08,"Mahinda Rajapaksa International Cricket Stadium, Sooriyawewa",2,28.2,Zimbabwe,Sri Lanka,MN Waller,CR Ervine,MD Gunathilaka,0,0,,,,,,,,,
1104481,2017,2017-07-08,"Mahinda Rajapaksa International Cricket Stadium, Sooriyawewa",2,28.3,Zimbabwe,Sri Lanka,MN Waller,CR Ervine,MD Gunathilaka,2,0,,,,,,,,,
1104481,2017,2017-07-08,"Mahinda Rajapaksa International Cricket Stadium, Sooriyawewa",2,28.4,Zimbabwe,Sri Lanka,MN Waller,CR Ervine,MD Gunathilaka,4,0,,,,,,,,,
1104481,2017,2017-07-08,"Mahinda Rajapaksa International Cricket Stadium, Sooriyawewa",2,28.5,Zimbabwe,Sri Lanka,MN Waller,CR Ervine,MD Gunathilaka,4,0,,,,,,,,,
1104481,2017,2017-07-08,"Mahinda Rajapaksa International Cricket Stadium, Sooriyawewa",2,28.6,Zimbabwe,Sri Lanka,MN Waller,CR Ervine,MD Gunathilaka,1,0,,,,,,,,,
1104481,2017,2017-07-08,"Mahinda Rajapaksa International Cricket Stadium, Sooriyawewa",2,29.1,Zimbabwe,Sri Lanka,MN Waller,CR Ervine,PADLR Sandakan,0,0,,,,,,caught,MN Waller,,
1104481,2017,2017-07-08,"Mahinda Rajapaksa International Cricket Stadium, Sooriyawewa",2,29.2,Zimbabwe,Sri Lanka,CR Ervine,PJ Moor,PADLR Sandakan,4,0,,,,,,,,,
