match_id,season,start_date,venue,innings,ball,batting_team,bowling_team,striker,non_striker,bowler,runs_off_bat,extras,wides,noballs,byes,legbyes,penalty,wicket_type,player_dismissed,other_wicket_type,other_player_dismissed
1115776,2017/18,2018-02-28,Bay Oval,1,0.1,New Zealand,England,MJ Guptill,C Munro,DJ Willey,1,0,,,,,,,,,
1115776,2017/18,2018-02-28,Bay Oval,1,0.2,New Zealand,England,C Munro,MJ Guptill,DJ Willey,1,0,,,,,,,,,
1115776,2017/18,2018-02-28,Bay Oval,1,0.3,New Zealand,England,MJ Guptill,C Munro,DJ Willey,4,0,,,,,,,,,
1115776,2017/18,2018-02-28,Bay Oval,1,0.4,New Zealand,England,MJ Guptill,C Munro,DJ Willey,0,0,,,,,,,,,
1115776,2017/18,2018-02-28,Bay Oval,1,0.5,New Zealand,England,MJ Guptill,C Munro,DJ Willey,0,0,,,,,,,,,
1115776,2017/18,2018-02-28,Bay Oval,1,0.6,New Zealand,England,MJ Guptill,C Munro,DJ Willey,0,0,,,,,,,,,
1115776,2017/18,2018-02-28,Bay Oval,1,1.1,New Zealand,England,C Munro,MJ Guptill,CR Woakes,0,0,,,,,,,,,
1115776,2017/18,2018-02-28,Bay Oval,1,1.2,New Zealand,England,C Munro,MJ Guptill,CR Woakes,0,0,,,,,,,,,
1115776,2017/18,2018-02-28,Bay Oval,1,1.3,New Zealand,England,C Munro,MJ Guptill,CR Woakes,0,0,,,,,,caught,C Munro,,
1115776,2017/18,2018-02-28,Bay Oval,1,1.4,New Zealand,England,MS Chapman,MJ Guptill,CR Woakes,0,0,,,,,,,,,
1115776,2017/18,2018-02-28,Bay Oval,1,1.5,New Zealand,England,MS Chapman,MJ Guptill,CR Woakes,0,0,,,,,,,,,
1115776,2017/18,2018-02-28,Bay Oval,1,1.6,New Zealand,England,MS Chapman,MJ Guptill,CR Woakes,0,0,,,,,,,,,
1115776,2017/18,2018-02-28,Bay Oval,1,2.1,New Zealand,England,MJ Guptill,MS Chapman,DJ Willey,1,0,,,,,,,,,
1115776,2017/18,2018-02-28,Bay Oval,1,2.2,New Zealand,England,MS Chapman,MJ Guptill,DJ Willey,1,0,,,,,,,,,
1115776,2017/18,2018-02-28,Bay Oval,1,2.3,New Zealand,England,MJ Guptill,MS Chapman,DJ Willey,0,0,,,,,,,,,
1115776,2017/18,2018-02-28,Bay Oval,1,2.4,New Zealand,England,MJ Guptill,MS Chapman,DJ Willey,0,0,,,,,,,,,
1115776,2017/18,2018-02-28,Bay Oval,1,2.5,New Zealand,England,MJ Guptill,MS Chapman,DJ Willey,0,1,1,,,,,,,,
1115776,2017/18,2018-02-28,Bay Oval,1,2.6,New Zealand,England,MJ Guptill,MS Chapman,DJ Willey,0,0,,,,,,,,,
1115776,2017/18,2018-02-28,Bay Oval,1,2.7,New Zealand,England,MJ Guptill,MS Chapman,DJ Willey,0,0,,,,,,,,,
1115776,2017/18,2018-02-28,Bay Oval,1,3.1,New Zealand,England,MS Chapman,MJ Guptill,CR Woakes,0,0,,,,,,,,,
1115776,2017/18,2018-02-28,Bay Oval,1,3.2,New Zealand,England,MS Chapman,MJ Guptill,CR Woakes,0,0,,,,,,caught,MS Chapman,,
1115776,2017/18,2018-02-28,Bay Oval,1,3.3,New Zealand,England,MJ Guptill,LRPL Taylor,CR Woakes,0,0,,,,,,,,,
1115776,2017/18,2018-02-28,Bay Oval,1,3.4,New Zealand,England,MJ Guptill,LRPL Taylor,CR Woakes,2,0,,,,,,,,,
1115776,2017/18,2018-02-28,Bay Oval,1,3.5,New Zealand,England,MJ Guptill,LRPL Taylor,CR Woakes,0,0,,,,,,,,,
1115776,2017/18,2018-02-28,Bay Oval,1,3.6,New Zealand,England,MJ Guptill,LRPL Taylor,CR Woakes,0,0,,,,,,,,,
1115776,2017/18,2018-02-28,Bay Oval,1,4.1,New Zealand,England,LRPL Taylor,MJ Guptill,DJ Willey,0,0,,,,,,,,,
1115776,2017/18,2018-02-28,Bay Oval,1,4.2,New Zealand,England,LRPL Taylor,MJ Guptill,DJ Willey,1,0,,,,,,,,,
1115776,2017/18,2018-02-28,Bay Oval,1,4.3,New Zealand,England,MJ Guptill,LRPL Taylor,DJ Willey,0,0,,,,,,,,,
1115776,2017/18,2018-02-28,Bay Oval,1,4.4,New Zealand,England,MJ Guptill,LRPL Taylor,DJ Willey,0,0,,,,,,,,,
1115776,2017/18,2018-02-28,Bay Oval,1,4.5,New Zealand,England,MJ Guptill,LRPL Taylor,DJ Willey,0,0,,,,,,,,,
1115776,2017/18,2018-02-28,Bay Oval,1,4.6,New Zealand,England,MJ Guptill,LRPL Taylor,DJ Willey,0,0,,,,,,,,,
1115776,2017/18,2018-02-28,Bay Oval,1,5.1,New Zealand,England,LRPL Taylor,MJ Guptill,CR Woakes,1,0,,,,,,,,,
1115776,2017/18,2018-02-28,Bay Oval,1,5.2,New Zealand,England,MJ Guptill,LRPL Taylor,CR Woakes,0,0,,,,,,,,,
1115776,2017/18,2018-02-28,Bay Oval,1,5.3,New Zealand,England,MJ Guptill,LRPL Taylor,CR Woakes,0,0,,,,,,,,,
1115776,2017/18,2018-02-28,Bay Oval,1,5.4,New Zealand,England,MJ Guptill,LRPL Taylor,CR Woakes,0,0,,,,,,,,,
1115776,2017/18,2018-02-28,Bay Oval,1,5.5,New Zealand,England,MJ Guptill,LRPL Taylor,CR Woakes,4,0,,,,,,,,,
1115776,2017/18,2018-02-28,Bay Oval,1,5.6,New Zealand,England,MJ Guptill,LRPL Taylor,CR Woakes,4,0,,,,,,,,,
1115776,2017/18,2018-02-28,Bay Oval,1,6.1,New Zealand,England,LRPL Taylor,MJ Guptill,DJ Willey,0,0,,,,,,,,,
1115776,2017/18,2018-02-28,Bay Oval,1,6.2,New Zealand,England,LRPL Taylor,MJ Guptill,DJ Willey,0,1,1,,,,,,,,
1115776,2017/18,2018-02-28,Bay Oval,1,6.3,New Zealand,England,LRPL Taylor,MJ Guptill,DJ Willey,0,0,,,,,,,,,
1115776,2017/18,2018-02-28,Bay Oval,1,6.4,New Zealand,England,LRPL Taylor,MJ Guptill,DJ Willey,0,0,,,,,,,,,
1115776,2017/18,2018-02-28,Bay Oval,1,6.5,New Zealand,England,LRPL Taylor,MJ Guptill,DJ Willey,0,0,,,,,,,,,
1115776,2017/18,2018-02-28,Bay Oval,1,6.6,New Zealand,England,LRPL Taylor,MJ Guptill,DJ Willey,0,0,,,,,,,,,
1115776,2017/18,2018-02-28,Bay Oval,1,6.7,New Zealand,England,LRPL Taylor,MJ Guptill,DJ Willey,0,0,,,,,,,,,
1115776,2017/18,2018-02-28,Bay Oval,1,7.1,New Zealand,England,MJ Guptill,LRPL Taylor,CR Woakes,0,0,,,,,,,,,
1115776,2017/18,2018-02-28,Bay Oval,1,7.2,New Zealand,England,MJ Guptill,LRPL Taylor,CR Woakes,0,0,,,,,,,,,
1115776,2017/18,2018-02-28,Bay Oval,1,7.3,New Zealand,England,MJ Guptill,LRPL Taylor,CR Woakes,0,0,,,,,,,,,
1115776,2017/18,2018-02-28,Bay Oval,1,7.4,New Zealand,England,MJ Guptill,LRPL Taylor,CR Woakes,1,0,,,,,,,,,
1115776,2017/18,2018-02-28,Bay Oval,1,7.5,New Zealand,England,LRPL Taylor,MJ Guptill,CR Woakes,2,0,,,,,,,,,
1115776,2017/18,2018-02-28,Bay Oval,1,7.6,New Zealand,England,LRPL Taylor,MJ Guptill,CR Woakes,0,0,,,,,,,,,
1115776,2017/18,2018-02-28,Bay Oval,1,8.1,New Zealand,England,MJ Guptill,LRPL Taylor,DJ Willey,0,0,,,,,,,,,
1115776,2017/18,2018-02-28,Bay Oval,1,8.2,New Zealand,England,MJ Guptill,LRPL Taylor,DJ Willey,0,0,,,,,,,,,
1115776,2017/18,2018-02-28,Bay Oval,1,8.3,New Zealand,England,MJ Guptill,LRPL Taylor,DJ Willey,0,0,,,,,,,,,
1115776,2017/18,2018-02-28,Bay Oval,1,8.4,New Zealand,England,MJ Guptill,LRPL Taylor,DJ Willey,0,0,,,,,,,,,
1115776,2017/18,2018-02-28,Bay Oval,1,8.5,New Zealand,England,MJ Guptill,LRPL Taylor,DJ Willey,4,0,,,,,,,,,
1115776,2017/18,2018-02-28,Bay Oval,1,8.6,New Zealand,England,MJ Guptill,LRPL Taylor,DJ Willey,1,0,,,,,,,,,
1115776,2017/18,2018-02-28,Bay Oval,1,9.1,New Zealand,England,MJ Guptill,LRPL Taylor,CR Woakes,0,0,,,,,,,,,
1115776,2017/18,2018-02-28,Bay Oval,1,9.2,New Zealand,England,MJ Guptill,LRPL Taylor,CR Woakes,0,0,,,,,,,,,
1115776,2017/18,2018-02-28,Bay Oval,1,9.3,New Zealand,England,MJ Guptill,LRPL Taylor,CR Woakes,0,0,,,,,,,,,
1115776,2017/18,2018-02-28,Bay Oval,1,9.4,New Zealand,England,MJ Guptill,LRPL Taylor,CR Woakes,4,0,,,,,,,,,
1115776,2017/18,2018-02-28,Bay Oval,1,9.5,New Zealand,England,MJ Guptill,LRPL Taylor,CR Woakes,0,0,,,,,,,,,
1115776,2017/18,2018-02-28,Bay Oval,1,9.6,New Zealand,England,MJ Guptill,LRPL Taylor,CR Woakes,0,0,,,,,,,,,
1115776,2017/18,2018-02-28,Bay Oval,1,10.1,New Zealand,England,LRPL Taylor,MJ Guptill,AU Rashid,1,0,,,,,,,,,
1115776,2017/18,2018-02-28,Bay Oval,1,10.2,New Zealand,England,MJ Guptill,LRPL Taylor,AU Rashid,0,0,,,,,,,,,
1115776,2017/18,2018-02-28,Bay Oval,1,10.3,New Zealand,England,MJ Guptill,LRPL Taylor,AU Rashid,0,0,,,,,,,,,
1115776,2017/18,2018-02-28,Bay Oval,1,10.4,New Zealand,England,MJ Guptill,LRPL Taylor,AU Rashid,1,0,,,,,,,,,
1115776,2017/18,2018-02-28,Bay Oval,1,10.5,New Zealand,England,LRPL Taylor,MJ Guptill,AU Rashid,0,0,,,,,,,,,
1115776,2017/18,2018-02-28,Bay Oval,1,10.6,New Zealand,England,LRPL Taylor,MJ Guptill,AU Rashid,0,0,,,,,,,,,
1115776,2017/18,2018-02-28,Bay Oval,1,11.1,New Zealand,England,MJ Guptill,LRPL Taylor,TK Curran,1,0,,,,,,,,,
1115776,2017/18,2018-02-28,Bay Oval,1,11.2,New Zealand,England,LRPL Taylor,MJ Guptill,TK Curran,0,0,,,,,,,,,
1115776,2017/18,2018-02-28,Bay Oval,1,11.3,New Zealand,England,LRPL Taylor,MJ Guptill,TK Curran,1,0,,,,,,,,,
1115776,2017/18,2018-02-28,Bay Oval,1,11.4,New Zealand,England,MJ Guptill,LRPL Taylor,TK Curran,1,0,,,,,,,,,
1115776,2017/18,2018-02-28,Bay Oval,1,11.5,New Zealand,England,LRPL Taylor,MJ Guptill,TK Curran,0,0,,,,,,,,,
1115776,2017/18,2018-02-28,Bay Oval,1,11.6,New Zealand,England,LRPL Taylor,MJ Guptill,TK Curran,2,0,,,,,,,,,
1115776,2017/18,2018-02-28,Bay Oval,1,12.1,New Zealand,England,MJ Guptill,LRPL Taylor,AU Rashid,1,0,,,,,,,,,
1115776,2017/18,2018-02-28,Bay Oval,1,12.2,New Zealand,England,LRPL Taylor,MJ Guptill,AU Rashid,0,0,,,,,,,,,
1115776,2017/18,2018-02-28,Bay Oval,1,12.3,New Zealand,England,LRPL Taylor,MJ Guptill,AU Rashid,0,0,,,,,,,,,
1115776,2017/18,2018-02-28,Bay Oval,1,12.4,New Zealand,England,LRPL Taylor,MJ Guptill,AU Rashid,0,0,,,,,,,,,
1115776,2017/18,2018-02-28,Bay Oval,1,12.5,New Zealand,England,LRPL Taylor,MJ Guptill,AU Rashid,0,0,,,,,,,,,
1115776,2017/18,2018-02-28,Bay Oval,1,12.6,New Zealand,England,LRPL Taylor,MJ Guptill,AU Rashid,0,0,,,,,,,,,
1115776,2017/18,2018-02-28,Bay Oval,1,13.1,New Zealand,England,MJ Guptill,LRPL Taylor,TK Curran,0,0,,,,,,,,,
1115776,2017/18,2018-02-28,Bay Oval,1,13.2,New Zealand,England,MJ Guptill,LRPL Taylor,TK Curran,1,0,,,,,,,,,
1115776,2017/18,2018-02-28,Bay Oval,1,13.3,New Zealand,England,LRPL Taylor,MJ Guptill,TK Curran,1,0,,,,,,,,,
1115776,2017/18,2018-02-28,Bay Oval,1,13.4,New Zealand,England,MJ Guptill,LRPL Taylor,TK Curran,1,0,,,,,,,,,
1115776,2017/18,2018-02-28,Bay Oval,1,13.5,New Zealand,England,LRPL Taylor,MJ Guptill,TK Curran,1,0,,,,,,,,,
1115776,2017/18,2018-02-28,Bay Oval,1,13.6,New Zealand,England,MJ Guptill,LRPL Taylor,TK Curran,1,0,,,,,,,,,
1115776,2017/18,2018-02-28,Bay Oval,1,14.1,New Zealand,England,MJ Guptill,LRPL Taylor,AU Rashid,0,0,,,,,,,,,
1115776,2017/18,2018-02-28,Bay Oval,1,14.2,New Zealand,England,MJ Guptill,LRPL Taylor,AU Rashid,0,0,,,,,,,,,
1115776,2017/18,2018-02-28,Bay Oval,1,14.3,New Zealand,England,MJ Guptill,LRPL Taylor,AU Rashid,0,0,,,,,,,,,
1115776,2017/18,2018-02-28,Bay Oval,1,14.4,New Zealand,England,MJ Guptill,LRPL Taylor,AU Rashid,1,0,,,,,,,,,
1115776,2017/18,2018-02-28,Bay Oval,1,14.5,New Zealand,England,LRPL Taylor,MJ Guptill,AU Rashid,0,0,,,,,,run out,LRPL Taylor,,
1115776,2017/18,2018-02-28,Bay Oval,1,14.6,New Zealand,England,TWM Latham,MJ Guptill,AU Rashid,0,0,,,,,,,,,
1115776,2017/18,2018-02-28,Bay Oval,1,15.1,New Zealand,England,MJ Guptill,TWM Latham,TK Curran,0,0,,,,,,,,,
1115776,2017/18,2018-02-28,Bay Oval,1,15.2,New Zealand,England,MJ Guptill,TWM Latham,TK Curran,0,0,,,,,,,,,
1115776,2017/18,2018-02-28,Bay Oval,1,15.3,New Zealand,England,MJ Guptill,TWM Latham,TK Curran,4,0,,,,,,,,,
1115776,2017/18,2018-02-28,Bay Oval,1,15.4,New Zealand,England,MJ Guptill,TWM Latham,TK Curran,0,0,,,,,,,,,
1115776,2017/18,2018-02-28,Bay Oval,1,15.5,New Zealand,England,MJ Guptill,TWM Latham,TK Curran,0,0,,,,,,,,,
1115776,2017/18,2018-02-28,Bay Oval,1,15.6,New Zealand,England,MJ Guptill,TWM Latham,TK Curran,1,0,,,,,,,,,
1115776,2017/18,2018-02-28,Bay Oval,1,16.1,New Zealand,England,MJ Guptill,TWM Latham,AU Rashid,0,0,,,,,,,,,
1115776,2017/18,2018-02-28,Bay Oval,1,16.2,New Zealand,England,MJ Guptill,TWM Latham,AU Rashid,0,0,,,,,,,,,
1115776,2017/18,2018-02-28,Bay Oval,1,16.3,New Zealand,England,MJ Guptill,TWM Latham,AU Rashid,0,0,,,,,,,,,
1115776,2017/18,2018-02-28,Bay Oval,1,16.4,New Zealand,England,MJ Guptill,TWM Latham,AU Rashid,4,0,,,,,,,,,
1115776,2017/18,2018-02-28,Bay Oval,1,16.5,New Zealand,England,MJ Guptill,TWM Latham,AU Rashid,0,0,,,,,,,,,
1115776,2017/18,2018-02-28,Bay Oval,1,16.6,New Zealand,England,MJ Guptill,TWM Latham,AU Rashid,0,0,,,,,,,,,
1115776,2017/18,2018-02-28,Bay Oval,1,17.1,New Zealand,England,TWM Latham,MJ Guptill,TK Curran,1,0,,,,,,,,,
1115776,2017/18,2018-02-28,Bay Oval,1,17.2,New Zealand,England,MJ Guptill,TWM Latham,TK Curran,0,0,,,,,,,,,
1115776,2017/18,2018-02-28,Bay Oval,1,17.3,New Zealand,England,MJ Guptill,TWM Latham,TK Curran,0,0,,,,,,,,,
1115776,2017/18,2018-02-28,Bay Oval,1,17.4,New Zealand,England,MJ Guptill,TWM Latham,TK Curran,0,0,,,,,,,,,
1115776,2017/18,2018-02-28,Bay Oval,1,17.5,New Zealand,England,MJ Guptill,TWM Latham,TK Curran,0,1,1,,,,,,,,
1115776,2017/18,2018-02-28,Bay Oval,1,17.6,New Zealand,England,MJ Guptill,TWM Latham,TK Curran,0,0,,,,,,,,,
1115776,2017/18,2018-02-28,Bay Oval,1,17.7,New Zealand,England,MJ Guptill,TWM Latham,TK Curran,0,0,,,,,,,,,
1115776,2017/18,2018-02-28,Bay Oval,1,18.1,New Zealand,England,TWM Latham,MJ Guptill,AU Rashid,1,0,,,,,,,,,
1115776,2017/18,2018-02-28,Bay Oval,1,18.2,New Zealand,England,MJ Guptill,TWM Latham,AU Rashid,0,0,,,,,,,,,
1115776,2017/18,2018-02-28,Bay Oval,1,18.3,New Zealand,England,MJ Guptill,TWM Latham,AU Rashid,1,0,,,,,,,,,
1115776,2017/18,2018-02-28,Bay Oval,1,18.4,New Zealand,England,TWM Latham,MJ Guptill,AU Rashid,0,0,,,,,,,,,
1115776,2017/18,2018-02-28,Bay Oval,1,18.5,New Zealand,England,TWM Latham,MJ Guptill,AU Rashid,0,0,,,,,,,,,
1115776,2017/18,2018-02-28,Bay Oval,1,18.6,New Zealand,England,TWM Latham,MJ Guptill,AU Rashid,0,0,,,,,,,,,
1115776,2017/18,2018-02-28,Bay Oval,1,19.1,New Zealand,England,MJ Guptill,TWM Latham,MM Ali,0,0,,,,,,,,,
1115776,2017/18,2018-02-28,Bay Oval,1,19.2,New Zealand,England,MJ Guptill,TWM Latham,MM Ali,1,0,,,,,,,,,
1115776,2017/18,2018-02-28,Bay Oval,1,19.3,New Zealand,England,TWM Latham,MJ Guptill,MM Ali,1,0,,,,,,,,,
1115776,2017/18,2018-02-28,Bay Oval,1,19.4,New Zealand,England,MJ Guptill,TWM Latham,MM Ali,1,0,,,,,,,,,
1115776,2017/18,2018-02-28,Bay Oval,1,19.5,New Zealand,England,TWM Latham,MJ Guptill,MM Ali,0,0,,,,,,,,,
1115776,2017/18,2018-02-28,Bay Oval,1,19.6,New Zealand,England,TWM Latham,MJ Guptill,MM Ali,1,0,,,,,,,,,
1115776,2017/18,2018-02-28,Bay Oval,1,20.1,New Zealand,England,TWM Latham,MJ Guptill,AU Rashid,0,0,,,,,,,,,
1115776,2017/18,2018-02-28,Bay Oval,1,20.2,New Zealand,England,TWM Latham,MJ Guptill,AU Rashid,4,0,,,,,,,,,
1115776,2017/18,2018-02-28,Bay Oval,1,20.3,New Zealand,England,TWM Latham,MJ Guptill,AU Rashid,0,0,,,,,,,,,
1115776,2017/18,2018-02-28,Bay Oval,1,20.4,New Zealand,England,TWM Latham,MJ Guptill,AU Rashid,1,0,,,,,,,,,
1115776,2017/18,2018-02-28,Bay Oval,1,20.5,New Zealand,England,MJ Guptill,TWM Latham,AU Rashid,1,0,,,,,,,,,
1115776,2017/18,2018-02-28,Bay Oval,1,20.6,New Zealand,England,TWM Latham,MJ Guptill,AU Rashid,0,0,,,,,,,,,
1115776,2017/18,2018-02-28,Bay Oval,1,21.1,New Zealand,England,MJ Guptill,TWM Latham,MM Ali,1,0,,,,,,,,,
1115776,2017/18,2018-02-28,Bay Oval,1,21.2,New Zealand,England,TWM Latham,MJ Guptill,MM Ali,1,0,,,,,,,,,
1115776,2017/18,2018-02-28,Bay Oval,1,21.3,New Zealand,England,MJ Guptill,TWM Latham,MM Ali,0,0,,,,,,,,,
1115776,2017/18,2018-02-28,Bay Oval,1,21.4,New Zealand,England,MJ Guptill,TWM Latham,MM Ali,0,0,,,,,,,,,
1115776,2017/18,2018-02-28,Bay Oval,1,21.5,New Zealand,England,MJ Guptill,TWM Latham,MM Ali,0,0,,,,,,,,,
1115776,2017/18,2018-02-28,Bay Oval,1,21.6,New Zealand,England,MJ Guptill,TWM Latham,MM Ali,0,0,,,,,,,,,
1115776,2017/18,2018-02-28,Bay Oval,1,22.1,New Zealand,England,TWM Latham,MJ Guptill,BA Stokes,1,0,,,,,,,,,
1115776,2017/18,2018-02-28,Bay Oval,1,22.2,New Zealand,England,MJ Guptill,TWM Latham,BA Stokes,1,0,,,,,,,,,
1115776,2017/18,2018-02-28,Bay Oval,1,22.3,New Zealand,England,TWM Latham,MJ Guptill,BA Stokes,0,0,,,,,,,,,
1115776,2017/18,2018-02-28,Bay Oval,1,22.4,New Zealand,England,TWM Latham,MJ Guptill,BA Stokes,1,0,,,,,,,,,
1115776,2017/18,2018-02-28,Bay Oval,1,22.5,New Zealand,England,MJ Guptill,TWM Latham,BA Stokes,0,1,,,,1,,,,,
1115776,2017/18,2018-02-28,Bay Oval,1,22.6,New Zealand,England,TWM Latham,MJ Guptill,BA Stokes,0,0,,,,,,,,,
1115776,2017/18,2018-02-28,Bay Oval,1,23.1,New Zealand,England,MJ Guptill,TWM Latham,MM Ali,1,0,,,,,,,,,
1115776,2017/18,2018-02-28,Bay Oval,1,23.2,New Zealand,England,TWM Latham,MJ Guptill,MM Ali,1,0,,,,,,,,,
1115776,2017/18,2018-02-28,Bay Oval,1,23.3,New Zealand,England,MJ Guptill,TWM Latham,MM Ali,0,0,,,,,,,,,
1115776,2017/18,2018-02-28,Bay Oval,1,23.4,New Zealand,England,MJ Guptill,TWM Latham,MM Ali,0,0,,,,,,,,,
1115776,2017/18,2018-02-28,Bay Oval,1,23.5,New Zealand,England,MJ Guptill,TWM Latham,MM Ali,0,0,,,,,,caught,MJ Guptill,,
1115776,2017/18,2018-02-28,Bay Oval,1,23.6,New Zealand,England,HM Nicholls,TWM Latham,MM Ali,0,0,,,,,,,,,
1115776,2017/18,2018-02-28,Bay Oval,1,24.1,New Zealand,England,TWM Latham,HM Nicholls,BA Stokes,1,0,,,,,,,,,
1115776,2017/18,2018-02-28,Bay Oval,1,24.2,New Zealand,England,HM Nicholls,TWM Latham,BA Stokes,1,0,,,,,,,,,
1115776,2017/18,2018-02-28,Bay Oval,1,24.3,New Zealand,England,TWM Latham,HM Nicholls,BA Stokes,1,0,,,,,,,,,
1115776,2017/18,2018-02-28,Bay Oval,1,24.4,New Zealand,England,HM Nicholls,TWM Latham,BA Stokes,0,0,,,,,,caught,HM Nicholls,,
1115776,2017/18,2018-02-28,Bay Oval,1,24.5,New Zealand,England,C de Grandhomme,TWM Latham,BA Stokes,0,0,,,,,,,,,
1115776,2017/18,2018-02-28,Bay Oval,1,24.6,New Zealand,England,C de Grandhomme,TWM Latham,BA Stokes,0,0,,,,,,,,,
1115776,2017/18,2018-02-28,Bay Oval,1,25.1,New Zealand,England,TWM Latham,C de Grandhomme,MM Ali,1,0,,,,,,,,,
1115776,2017/18,2018-02-28,Bay Oval,1,25.2,New Zealand,England,C de Grandhomme,TWM Latham,MM Ali,1,0,,,,,,,,,
1115776,2017/18,2018-02-28,Bay Oval,1,25.3,New Zealand,England,TWM Latham,C de Grandhomme,MM Ali,0,0,,,,,,,,,
1115776,2017/18,2018-02-28,Bay Oval,1,25.4,New Zealand,England,TWM Latham,C de Grandhomme,MM Ali,0,0,,,,,,,,,
1115776,2017/18,2018-02-28,Bay Oval,1,25.5,New Zealand,England,TWM Latham,C de Grandhomme,MM Ali,1,0,,,,,,,,,
1115776,2017/18,2018-02-28,Bay Oval,1,25.6,New Zealand,England,C de Grandhomme,TWM Latham,MM Ali,0,0,,,,,,,,,
1115776,2017/18,2018-02-28,Bay Oval,1,26.1,New Zealand,England,TWM Latham,C de Grandhomme,BA Stokes,0,0,,,,,,,,,
1115776,2017/18,2018-02-28,Bay Oval,1,26.2,New Zealand,England,TWM Latham,C de Grandhomme,BA Stokes,0,0,,,,,,,,,
1115776,2017/18,2018-02-28,Bay Oval,1,26.3,New Zealand,England,TWM Latham,C de Grandhomme,BA Stokes,1,0,,,,,,,,,
1115776,2017/18,2018-02-28,Bay Oval,1,26.4,New Zealand,England,C de Grandhomme,TWM Latham,BA Stokes,0,0,,,,,,,,,
1115776,2017/18,2018-02-28,Bay Oval,1,26.5,New Zealand,England,C de Grandhomme,TWM Latham,BA Stokes,0,0,,,,,,,,,
1115776,2017/18,2018-02-28,Bay Oval,1,26.6,New Zealand,England,C de Grandhomme,TWM Latham,BA Stokes,4,0,,,,,,,,,
1115776,2017/18,2018-02-28,Bay Oval,1,27.1,New Zealand,England,TWM Latham,C de Grandhomme,MM Ali,1,0,,,,,,,,,
1115776,2017/18,2018-02-28,Bay Oval,1,27.2,New Zealand,England,C de Grandhomme,TWM Latham,MM Ali,1,0,,,,,,,,,
1115776,2017/18,2018-02-28,Bay Oval,1,27.3,New Zealand,England,TWM Latham,C de Grandhomme,MM Ali,1,0,,,,,,,,,
1115776,2017/18,2018-02-28,Bay Oval,1,27.4,New Zealand,England,C de Grandhomme,TWM Latham,MM Ali,0,0,,,,,,,,,
1115776,2017/18,2018-02-28,Bay Oval,1,27.5,New Zealand,England,C de Grandhomme,TWM Latham,MM Ali,0,0,,,,,,,,,
1115776,2017/18,2018-02-28,Bay Oval,1,27.6,New Zealand,England,C de Grandhomme,TWM Latham,MM Ali,1,0,,,,,,,,,
1115776,2017/18,2018-02-28,Bay Oval,1,28.1,New Zealand,England,C de Grandhomme,TWM Latham,BA Stokes,0,0,,,,,,,,,
1115776,2017/18,2018-02-28,Bay Oval,1,28.2,New Zealand,England,C de Grandhomme,TWM Latham,BA Stokes,3,0,,,,,,,,,
1115776,2017/18,2018-02-28,Bay Oval,1,28.3,New Zealand,England,TWM Latham,C de Grandhomme,BA Stokes,1,0,,,,,,,,,
1115776,2017/18,2018-02-28,Bay Oval,1,28.4,New Zealand,England,C de Grandhomme,TWM Latham,BA Stokes,6,0,,,,,,,,,
1115776,2017/18,2018-02-28,Bay Oval,1,28.5,New Zealand,England,C de Grandhomme,TWM Latham,BA Stokes,0,1,,,,1,,,,,
1115776,2017/18,2018-02-28,Bay Oval,1,28.6,New Zealand,England,TWM Latham,C de Grandhomme,BA Stokes,0,0,,,,,,,,,
1115776,2017/18,2018-02-28,Bay Oval,1,29.1,New Zealand,England,C de Grandhomme,TWM Latham,MM Ali,0,0,,,,,,,,,
1115776,2017/18,2018-02-28,Bay Oval,1,29.2,New Zealand,England,C de Grandhomme,TWM Latham,MM Ali,1,0,,,,,,,,,
1115776,2017/18,2018-02-28,Bay Oval,1,29.3,New Zealand,England,TWM Latham,C de Grandhomme,MM Ali,1,0,,,,,,,,,
1115776,2017/18,2018-02-28,Bay Oval,1,29.4,New Zealand,England,C de Grandhomme,TWM Latham,MM Ali,1,0,,,,,,,,,
1115776,2017/18,2018-02-28,Bay Oval,1,29.5,New Zealand,England,TWM Latham,C de Grandhomme,MM Ali,0,0,,,,,,,,,
1115776,2017/18,2018-02-28,Bay Oval,1,29.6,New Zealand,England,TWM Latham,C de Grandhomme,MM Ali,0,0,,,,,,caught,TWM Latham,,
1115776,2017/18,2018-02-28,Bay Oval,1,30.1,New Zealand,England,C de Grandhomme,MJ Santner,AU Rashid,4,0,,,,,,,,,
1115776,2017/18,2018-02-28,Bay Oval,1,30.2,New Zealand,England,C de Grandhomme,MJ Santner,AU Rashid,1,0,,,,,,,,,
1115776,2017/18,2018-02-28,Bay Oval,1,30.3,New Zealand,England,MJ Santner,C de Grandhomme,AU Rashid,1,0,,,,,,,,,
1115776,2017/18,2018-02-28,Bay Oval,1,30.4,New Zealand,England,C de Grandhomme,MJ Santner,AU Rashid,0,0,,,,,,,,,
1115776,2017/18,2018-02-28,Bay Oval,1,30.5,New Zealand,England,C de Grandhomme,MJ Santner,AU Rashid,1,0,,,,,,,,,
1115776,2017/18,2018-02-28,Bay Oval,1,30.6,New Zealand,England,MJ Santner,C de Grandhomme,AU Rashid,0,0,,,,,,,,,
1115776,2017/18,2018-02-28,Bay Oval,1,31.1,New Zealand,England,C de Grandhomme,MJ Santner,MM Ali,1,0,,,,,,,,,
1115776,2017/18,2018-02-28,Bay Oval,1,31.2,New Zealand,England,MJ Santner,C de Grandhomme,MM Ali,0,0,,,,,,,,,
1115776,2017/18,2018-02-28,Bay Oval,1,31.3,New Zealand,England,MJ Santner,C de Grandhomme,MM Ali,1,0,,,,,,,,,
1115776,2017/18,2018-02-28,Bay Oval,1,31.4,New Zealand,England,C de Grandhomme,MJ Santner,MM Ali,4,0,,,,,,,,,
1115776,2017/18,2018-02-28,Bay Oval,1,31.5,New Zealand,England,C de Grandhomme,MJ Santner,MM Ali,0,0,,,,,,,,,
1115776,2017/18,2018-02-28,Bay Oval,1,31.6,New Zealand,England,C de Grandhomme,MJ Santner,MM Ali,0,0,,,,,,,,,
1115776,2017/18,2018-02-28,Bay Oval,1,32.1,New Zealand,England,MJ Santner,C de Grandhomme,AU Rashid,1,0,,,,,,,,,
1115776,2017/18,2018-02-28,Bay Oval,1,32.2,New Zealand,England,C de Grandhomme,MJ Santner,AU Rashid,0,0,,,,,,,,,
1115776,2017/18,2018-02-28,Bay Oval,1,32.3,New Zealand,England,C de Grandhomme,MJ Santner,AU Rashid,0,0,,,,,,,,,
1115776,2017/18,2018-02-28,Bay Oval,1,32.4,New Zealand,England,C de Grandhomme,MJ Santner,AU Rashid,0,0,,,,,,,,,
1115776,2017/18,2018-02-28,Bay Oval,1,32.5,New Zealand,England,C de Grandhomme,MJ Santner,AU Rashid,0,0,,,,,,,,,
1115776,2017/18,2018-02-28,Bay Oval,1,32.6,New Zealand,England,C de Grandhomme,MJ Santner,AU Rashid,0,0,,,,,,,,,
1115776,2017/18,2018-02-28,Bay Oval,1,33.1,New Zealand,England,MJ Santner,C de Grandhomme,MM Ali,0,0,,,,,,,,,
1115776,2017/18,2018-02-28,Bay Oval,1,33.2,New Zealand,England,MJ Santner,C de Grandhomme,MM Ali,0,0,,,,,,,,,
1115776,2017/18,2018-02-28,Bay Oval,1,33.3,New Zealand,England,MJ Santner,C de Grandhomme,MM Ali,2,0,,,,,,,,,
1115776,2017/18,2018-02-28,Bay Oval,1,33.4,New Zealand,England,MJ Santner,C de Grandhomme,MM Ali,0,0,,,,,,,,,
1115776,2017/18,2018-02-28,Bay Oval,1,33.5,New Zealand,England,MJ Santner,C de Grandhomme,MM Ali,0,0,,,,,,,,,
1115776,2017/18,2018-02-28,Bay Oval,1,33.6,New Zealand,England,MJ Santner,C de Grandhomme,MM Ali,1,0,,,,,,,,,
1115776,2017/18,2018-02-28,Bay Oval,1,34.1,New Zealand,England,MJ Santner,C de Grandhomme,CR Woakes,1,0,,,,,,,,,
1115776,2017/18,2018-02-28,Bay Oval,1,34.2,New Zealand,England,C de Grandhomme,MJ Santner,CR Woakes,1,0,,,,,,,,,
1115776,2017/18,2018-02-28,Bay Oval,1,34.3,New Zealand,England,MJ Santner,C de Grandhomme,CR Woakes,0,0,,,,,,,,,
1115776,2017/18,2018-02-28,Bay Oval,1,34.4,New Zealand,England,MJ Santner,C de Grandhomme,CR Woakes,3,0,,,,,,,,,
1115776,2017/18,2018-02-28,Bay Oval,1,34.5,New Zealand,England,C de Grandhomme,MJ Santner,CR Woakes,0,0,,,,,,,,,
1115776,2017/18,2018-02-28,Bay Oval,1,34.6,New Zealand,England,C de Grandhomme,MJ Santner,CR Woakes,4,0,,,,,,,,,
1115776,2017/18,2018-02-28,Bay Oval,1,35.1,New Zealand,England,MJ Santner,C de Grandhomme,MM Ali,1,0,,,,,,,,,
1115776,2017/18,2018-02-28,Bay Oval,1,35.2,New Zealand,England,C de Grandhomme,MJ Santner,MM Ali,0,0,,,,,,,,,
1115776,2017/18,2018-02-28,Bay Oval,1,35.3,New Zealand,England,C de Grandhomme,MJ Santner,MM Ali,0,0,,,,,,,,,
1115776,2017/18,2018-02-28,Bay Oval,1,35.4,New Zealand,England,C de Grandhomme,MJ Santner,MM Ali,0,0,,,,,,,,,
1115776,2017/18,2018-02-28,Bay Oval,1,35.5,New Zealand,England,C de Grandhomme,MJ Santner,MM Ali,1,0,,,,,,,,,
1115776,2017/18,2018-02-28,Bay Oval,1,35.6,New Zealand,England,MJ Santner,C de Grandhomme,MM Ali,1,0,,,,,,,,,
1115776,2017/18,2018-02-28,Bay Oval,1,36.1,New Zealand,England,MJ Santner,C de Grandhomme,CR Woakes,1,0,,,,,,,,,
1115776,2017/18,2018-02-28,Bay Oval,1,36.2,New Zealand,England,C de Grandhomme,MJ Santner,CR Woakes,2,0,,,,,,,,,
1115776,2017/18,2018-02-28,Bay Oval,1,36.3,New Zealand,England,C de Grandhomme,MJ Santner,CR Woakes,1,0,,,,,,run out,C de Grandhomme,,
1115776,2017/18,2018-02-28,Bay Oval,1,36.4,New Zealand,England,TG Southee,MJ Santner,CR Woakes,4,0,,,,,,,,,
1115776,2017/18,2018-02-28,Bay Oval,1,36.5,New Zealand,England,TG Southee,MJ Santner,CR Woakes,0,0,,,,,,,,,
1115776,2017/18,2018-02-28,Bay Oval,1,36.6,New Zealand,England,TG Southee,MJ Santner,CR Woakes,2,0,,,,,,,,,
1115776,2017/18,2018-02-28,Bay Oval,1,37.1,New Zealand,England,MJ Santner,TG Southee,MM Ali,0,0,,,,,,,,,
1115776,2017/18,2018-02-28,Bay Oval,1,37.2,New Zealand,England,MJ Santner,TG Southee,MM Ali,0,0,,,,,,run out,TG Southee,,
1115776,2017/18,2018-02-28,Bay Oval,1,37.3,New Zealand,England,LH Ferguson,MJ Santner,MM Ali,1,0,,,,,,,,,
1115776,2017/18,2018-02-28,Bay Oval,1,37.4,New Zealand,England,MJ Santner,LH Ferguson,MM Ali,1,0,,,,,,,,,
1115776,2017/18,2018-02-28,Bay Oval,1,37.5,New Zealand,England,LH Ferguson,MJ Santner,MM Ali,0,0,,,,,,,,,
1115776,2017/18,2018-02-28,Bay Oval,1,37.6,New Zealand,England,LH Ferguson,MJ Santner,MM Ali,1,0,,,,,,,,,
1115776,2017/18,2018-02-28,Bay Oval,1,38.1,New Zealand,England,LH Ferguson,MJ Santner,AU Rashid,0,0,,,,,,,,,
1115776,2017/18,2018-02-28,Bay Oval,1,38.2,New Zealand,England,LH Ferguson,MJ Santner,AU Rashid,1,0,,,,,,,,,
1115776,2017/18,2018-02-28,Bay Oval,1,38.3,New Zealand,England,MJ Santner,LH Ferguson,AU Rashid,1,0,,,,,,,,,
1115776,2017/18,2018-02-28,Bay Oval,1,38.4,New Zealand,England,LH Ferguson,MJ Santner,AU Rashid,0,0,,,,,,,,,
1115776,2017/18,2018-02-28,Bay Oval,1,38.5,New Zealand,England,LH Ferguson,MJ Santner,AU Rashid,0,0,,,,,,,,,
1115776,2017/18,2018-02-28,Bay Oval,1,38.6,New Zealand,England,LH Ferguson,MJ Santner,AU Rashid,0,0,,,,,,,,,
1115776,2017/18,2018-02-28,Bay Oval,1,39.1,New Zealand,England,MJ Santner,LH Ferguson,TK Curran,0,0,,,,,,,,,
1115776,2017/18,2018-02-28,Bay Oval,1,39.2,New Zealand,England,MJ Santner,LH Ferguson,TK Curran,4,0,,,,,,,,,
1115776,2017/18,2018-02-28,Bay Oval,1,39.3,New Zealand,England,MJ Santner,LH Ferguson,TK Curran,0,1,1,,,,,,,,
1115776,2017/18,2018-02-28,Bay Oval,1,39.4,New Zealand,England,MJ Santner,LH Ferguson,TK Curran,1,0,,,,,,,,,
1115776,2017/18,2018-02-28,Bay Oval,1,39.5,New Zealand,England,LH Ferguson,MJ Santner,TK Curran,0,0,,,,,,,,,
1115776,2017/18,2018-02-28,Bay Oval,1,39.6,New Zealand,England,LH Ferguson,MJ Santner,TK Curran,1,0,,,,,,,,,
1115776,2017/18,2018-02-28,Bay Oval,1,39.7,New Zealand,England,MJ Santner,LH Ferguson,TK Curran,0,0,,,,,,,,,
1115776,2017/18,2018-02-28,Bay Oval,1,40.1,New Zealand,England,LH Ferguson,MJ Santner,AU Rashid,1,0,,,,,,,,,
1115776,2017/18,2018-02-28,Bay Oval,1,40.2,New Zealand,England,MJ Santner,LH Ferguson,AU Rashid,0,0,,,,,,,,,
1115776,2017/18,2018-02-28,Bay Oval,1,40.3,New Zealand,England,MJ Santner,LH Ferguson,AU Rashid,0,0,,,,,,,,,
1115776,2017/18,2018-02-28,Bay Oval,1,40.4,New Zealand,England,MJ Santner,LH Ferguson,AU Rashid,4,0,,,,,,,,,
1115776,2017/18,2018-02-28,Bay Oval,1,40.5,New Zealand,England,MJ Santner,LH Ferguson,AU Rashid,1,0,,,,,,,,,
1115776,2017/18,2018-02-28,Bay Oval,1,40.6,New Zealand,England,LH Ferguson,MJ Santner,AU Rashid,0,0,,,,,,,,,
1115776,2017/18,2018-02-28,Bay Oval,1,41.1,New Zealand,England,MJ Santner,LH Ferguson,TK Curran,2,0,,,,,,,,,
1115776,2017/18,2018-02-28,Bay Oval,1,41.2,New Zealand,England,MJ Santner,LH Ferguson,TK Curran,1,0,,,,,,,,,
1115776,2017/18,2018-02-28,Bay Oval,1,41.3,New Zealand,England,LH Ferguson,MJ Santner,TK Curran,0,0,,,,,,,,,
1115776,2017/18,2018-02-28,Bay Oval,1,41.4,New Zealand,England,LH Ferguson,MJ Santner,TK Curran,0,1,1,,,,,,,,
1115776,2017/18,2018-02-28,Bay Oval,1,41.5,New Zealand,England,LH Ferguson,MJ Santner,TK Curran,1,0,,,,,,,,,
1115776,2017/18,2018-02-28,Bay Oval,1,41.6,New Zealand,England,MJ Santner,LH Ferguson,TK Curran,1,0,,,,,,,,,
1115776,2017/18,2018-02-28,Bay Oval,1,41.7,New Zealand,England,LH Ferguson,MJ Santner,TK Curran,0,2,,,,2,,,,,
1115776,2017/18,2018-02-28,Bay Oval,1,42.1,New Zealand,England,MJ Santner,LH Ferguson,BA Stokes,0,0,,,,,,,,,
1115776,2017/18,2018-02-28,Bay Oval,1,42.2,New Zealand,England,MJ Santner,LH Ferguson,BA Stokes,1,0,,,,,,,,,
1115776,2017/18,2018-02-28,Bay Oval,1,42.3,New Zealand,England,LH Ferguson,MJ Santner,BA Stokes,0,0,,,,,,,,,
1115776,2017/18,2018-02-28,Bay Oval,1,42.4,New Zealand,England,LH Ferguson,MJ Santner,BA Stokes,1,0,,,,,,,,,
1115776,2017/18,2018-02-28,Bay Oval,1,42.5,New Zealand,England,MJ Santner,LH Ferguson,BA Stokes,4,0,,,,,,,,,
1115776,2017/18,2018-02-28,Bay Oval,1,42.6,New Zealand,England,MJ Santner,LH Ferguson,BA Stokes,0,0,,,,,,,,,
1115776,2017/18,2018-02-28,Bay Oval,1,43.1,New Zealand,England,LH Ferguson,MJ Santner,TK Curran,0,0,,,,,,,,,
1115776,2017/18,2018-02-28,Bay Oval,1,43.2,New Zealand,England,LH Ferguson,MJ Santner,TK Curran,1,0,,,,,,,,,
1115776,2017/18,2018-02-28,Bay Oval,1,43.3,New Zealand,England,MJ Santner,LH Ferguson,TK Curran,1,0,,,,,,,,,
1115776,2017/18,2018-02-28,Bay Oval,1,43.4,New Zealand,England,LH Ferguson,MJ Santner,TK Curran,0,0,,,,,,,,,
1115776,2017/18,2018-02-28,Bay Oval,1,43.5,New Zealand,England,LH Ferguson,MJ Santner,TK Curran,0,0,,,,,,,,,
1115776,2017/18,2018-02-28,Bay Oval,1,43.6,New Zealand,England,LH Ferguson,MJ Santner,TK Curran,0,0,,,,,,,,,
1115776,2017/18,2018-02-28,Bay Oval,1,44.1,New Zealand,England,MJ Santner,LH Ferguson,BA Stokes,0,0,,,,,,,,,
1115776,2017/18,2018-02-28,Bay Oval,1,44.2,New Zealand,England,MJ Santner,LH Ferguson,BA Stokes,1,0,,,,,,,,,
1115776,2017/18,2018-02-28,Bay Oval,1,44.3,New Zealand,England,LH Ferguson,MJ Santner,BA Stokes,0,0,,,,,,,,,
1115776,2017/18,2018-02-28,Bay Oval,1,44.4,New Zealand,England,LH Ferguson,MJ Santner,BA Stokes,1,0,,,,,,,,,
1115776,2017/18,2018-02-28,Bay Oval,1,44.5,New Zealand,England,MJ Santner,LH Ferguson,BA Stokes,2,0,,,,,,,,,
1115776,2017/18,2018-02-28,Bay Oval,1,44.6,New Zealand,England,MJ Santner,LH Ferguson,BA Stokes,4,0,,,,,,,,,
1115776,2017/18,2018-02-28,Bay Oval,1,45.1,New Zealand,England,LH Ferguson,MJ Santner,TK Curran,0,0,,,,,,,,,
1115776,2017/18,2018-02-28,Bay Oval,1,45.2,New Zealand,England,LH Ferguson,MJ Santner,TK Curran,0,0,,,,,,,,,
1115776,2017/18,2018-02-28,Bay Oval,1,45.3,New Zealand,England,LH Ferguson,MJ Santner,TK Curran,0,0,,,,,,,,,
1115776,2017/18,2018-02-28,Bay Oval,1,45.4,New Zealand,England,LH Ferguson,MJ Santner,TK Curran,1,0,,,,,,,,,
1115776,2017/18,2018-02-28,Bay Oval,1,45.5,New Zealand,England,MJ Santner,LH Ferguson,TK Curran,1,0,,,,,,,,,
1115776,2017/18,2018-02-28,Bay Oval,1,45.6,New Zealand,England,LH Ferguson,MJ Santner,TK Curran,0,0,,,,,,,,,
1115776,2017/18,2018-02-28,Bay Oval,1,46.1,New Zealand,England,MJ Santner,LH Ferguson,BA Stokes,1,0,,,,,,,,,
1115776,2017/18,2018-02-28,Bay Oval,1,46.2,New Zealand,England,LH Ferguson,MJ Santner,BA Stokes,1,0,,,,,,,,,
1115776,2017/18,2018-02-28,Bay Oval,1,46.3,New Zealand,England,MJ Santner,LH Ferguson,BA Stokes,1,0,,,,,,,,,
1115776,2017/18,2018-02-28,Bay Oval,1,46.4,New Zealand,England,LH Ferguson,MJ Santner,BA Stokes,0,0,,,,,,,,,
1115776,2017/18,2018-02-28,Bay Oval,1,46.5,New Zealand,England,LH Ferguson,MJ Santner,BA Stokes,0,0,,,,,,,,,
1115776,2017/18,2018-02-28,Bay Oval,1,46.6,New Zealand,England,LH Ferguson,MJ Santner,BA Stokes,1,0,,,,,,,,,
1115776,2017/18,2018-02-28,Bay Oval,1,47.1,New Zealand,England,LH Ferguson,MJ Santner,TK Curran,0,0,,,,,,,,,
1115776,2017/18,2018-02-28,Bay Oval,1,47.2,New Zealand,England,LH Ferguson,MJ Santner,TK Curran,6,0,,,,,,,,,
1115776,2017/18,2018-02-28,Bay Oval,1,47.3,New Zealand,England,LH Ferguson,MJ Santner,TK Curran,1,0,,,,,,,,,
1115776,2017/18,2018-02-28,Bay Oval,1,47.4,New Zealand,England,MJ Santner,LH Ferguson,TK Curran,6,0,,,,,,,,,
1115776,2017/18,2018-02-28,Bay Oval,1,47.5,New Zealand,England,MJ Santner,LH Ferguson,TK Curran,4,0,,,,,,,,,
1115776,2017/18,2018-02-28,Bay Oval,1,47.6,New Zealand,England,MJ Santner,LH Ferguson,TK Curran,2,0,,,,,,,,,
1115776,2017/18,2018-02-28,Bay Oval,1,48.1,New Zealand,England,LH Ferguson,MJ Santner,BA Stokes,0,1,,,,1,,,,,
1115776,2017/18,2018-02-28,Bay Oval,1,48.2,New Zealand,England,MJ Santner,LH Ferguson,BA Stokes,1,0,,,,,,,,,
1115776,2017/18,2018-02-28,Bay Oval,1,48.3,New Zealand,England,LH Ferguson,MJ Santner,BA Stokes,0,0,,,,,,caught,LH Ferguson,,
1115776,2017/18,2018-02-28,Bay Oval,1,48.4,New Zealand,England,TA Boult,MJ Santner,BA Stokes,0,0,,,,,,,,,
1115776,2017/18,2018-02-28,Bay Oval,1,48.5,New Zealand,England,TA Boult,MJ Santner,BA Stokes,2,0,,,,,,,,,
1115776,2017/18,2018-02-28,Bay Oval,1,48.6,New Zealand,England,TA Boult,MJ Santner,BA Stokes,0,0,,,,,,,,,
1115776,2017/18,2018-02-28,Bay Oval,1,49.1,New Zealand,England,MJ Santner,TA Boult,CR Woakes,0,0,,,,,,,,,
1115776,2017/18,2018-02-28,Bay Oval,1,49.2,New Zealand,England,MJ Santner,TA Boult,CR Woakes,0,0,,,,,,,,,
1115776,2017/18,2018-02-28,Bay Oval,1,49.3,New Zealand,England,MJ Santner,TA Boult,CR Woakes,4,0,,,,,,,,,
1115776,2017/18,2018-02-28,Bay Oval,1,49.4,New Zealand,England,MJ Santner,TA Boult,CR Woakes,1,0,,,,,,run out,TA Boult,,
1115776,2017/18,2018-02-28,Bay Oval,2,0.1,England,New Zealand,JJ Roy,JM Bairstow,TG Southee,0,0,,,,,,,,,
1115776,2017/18,2018-02-28,Bay Oval,2,0.2,England,New Zealand,JJ Roy,JM Bairstow,TG Southee,0,0,,,,,,,,,
1115776,2017/18,2018-02-28,Bay Oval,2,0.3,England,New Zealand,JJ Roy,JM Bairstow,TG Southee,0,0,,,,,,,,,
1115776,2017/18,2018-02-28,Bay Oval,2,0.4,England,New Zealand,JJ Roy,JM Bairstow,TG Southee,0,1,1,,,,,,,,
1115776,2017/18,2018-02-28,Bay Oval,2,0.5,England,New Zealand,JJ Roy,JM Bairstow,TG Southee,0,0,,,,,,,,,
1115776,2017/18,2018-02-28,Bay Oval,2,0.6,England,New Zealand,JJ Roy,JM Bairstow,TG Southee,0,0,,,,,,,,,
1115776,2017/18,2018-02-28,Bay Oval,2,0.7,England,New Zealand,JJ Roy,JM Bairstow,TG Southee,0,1,1,,,,,,,,
1115776,2017/18,2018-02-28,Bay Oval,2,0.8,England,New Zealand,JJ Roy,JM Bairstow,TG Southee,0,0,,,,,,,,,
1115776,2017/18,2018-02-28,Bay Oval,2,1.1,England,New Zealand,JM Bairstow,JJ Roy,TA Boult,0,0,,,,,,,,,
1115776,2017/18,2018-02-28,Bay Oval,2,1.2,England,New Zealand,JM Bairstow,JJ Roy,TA Boult,0,0,,,,,,,,,
1115776,2017/18,2018-02-28,Bay Oval,2,1.3,England,New Zealand,JM Bairstow,JJ Roy,TA Boult,0,0,,,,,,,,,
1115776,2017/18,2018-02-28,Bay Oval,2,1.4,England,New Zealand,JM Bairstow,JJ Roy,TA Boult,0,0,,,,,,,,,
1115776,2017/18,2018-02-28,Bay Oval,2,1.5,England,New Zealand,JM Bairstow,JJ Roy,TA Boult,4,0,,,,,,,,,
1115776,2017/18,2018-02-28,Bay Oval,2,1.6,England,New Zealand,JM Bairstow,JJ Roy,TA Boult,0,0,,,,,,,,,
1115776,2017/18,2018-02-28,Bay Oval,2,2.1,England,New Zealand,JJ Roy,JM Bairstow,TG Southee,4,0,,,,,,,,,
1115776,2017/18,2018-02-28,Bay Oval,2,2.2,England,New Zealand,JJ Roy,JM Bairstow,TG Southee,4,0,,,,,,,,,
1115776,2017/18,2018-02-28,Bay Oval,2,2.3,England,New Zealand,JJ Roy,JM Bairstow,TG Southee,0,0,,,,,,,,,
1115776,2017/18,2018-02-28,Bay Oval,2,2.4,England,New Zealand,JJ Roy,JM Bairstow,TG Southee,0,0,,,,,,,,,
1115776,2017/18,2018-02-28,Bay Oval,2,2.5,England,New Zealand,JJ Roy,JM Bairstow,TG Southee,0,0,,,,,,,,,
1115776,2017/18,2018-02-28,Bay Oval,2,2.6,England,New Zealand,JJ Roy,JM Bairstow,TG Southee,0,0,,,,,,,,,
1115776,2017/18,2018-02-28,Bay Oval,2,3.1,England,New Zealand,JM Bairstow,JJ Roy,TA Boult,0,0,,,,,,,,,
1115776,2017/18,2018-02-28,Bay Oval,2,3.2,England,New Zealand,JM Bairstow,JJ Roy,TA Boult,1,0,,,,,,,,,
1115776,2017/18,2018-02-28,Bay Oval,2,3.3,England,New Zealand,JJ Roy,JM Bairstow,TA Boult,0,0,,,,,,caught,JJ Roy,,
1115776,2017/18,2018-02-28,Bay Oval,2,3.4,England,New Zealand,JE Root,JM Bairstow,TA Boult,0,0,,,,,,,,,
1115776,2017/18,2018-02-28,Bay Oval,2,3.5,England,New Zealand,JE Root,JM Bairstow,TA Boult,0,0,,,,,,,,,
1115776,2017/18,2018-02-28,Bay Oval,2,3.6,England,New Zealand,JE Root,JM Bairstow,TA Boult,0,0,,,,,,,,,
1115776,2017/18,2018-02-28,Bay Oval,2,4.1,England,New Zealand,JM Bairstow,JE Root,TG Southee,0,0,,,,,,,,,
1115776,2017/18,2018-02-28,Bay Oval,2,4.2,England,New Zealand,JM Bairstow,JE Root,TG Southee,0,0,,,,,,,,,
1115776,2017/18,2018-02-28,Bay Oval,2,4.3,England,New Zealand,JM Bairstow,JE Root,TG Southee,4,0,,,,,,,,,
1115776,2017/18,2018-02-28,Bay Oval,2,4.4,England,New Zealand,JM Bairstow,JE Root,TG Southee,0,0,,,,,,,,,
1115776,2017/18,2018-02-28,Bay Oval,2,4.5,England,New Zealand,JM Bairstow,JE Root,TG Southee,2,0,,,,,,,,,
1115776,2017/18,2018-02-28,Bay Oval,2,4.6,England,New Zealand,JM Bairstow,JE Root,TG Southee,4,0,,,,,,,,,
1115776,2017/18,2018-02-28,Bay Oval,2,5.1,England,New Zealand,JE Root,JM Bairstow,TA Boult,0,0,,,,,,,,,
1115776,2017/18,2018-02-28,Bay Oval,2,5.2,England,New Zealand,JE Root,JM Bairstow,TA Boult,1,0,,,,,,,,,
1115776,2017/18,2018-02-28,Bay Oval,2,5.3,England,New Zealand,JM Bairstow,JE Root,TA Boult,0,0,,,,,,,,,
1115776,2017/18,2018-02-28,Bay Oval,2,5.4,England,New Zealand,JM Bairstow,JE Root,TA Boult,0,0,,,,,,,,,
1115776,2017/18,2018-02-28,Bay Oval,2,5.5,England,New Zealand,JM Bairstow,JE Root,TA Boult,0,0,,,,,,,,,
1115776,2017/18,2018-02-28,Bay Oval,2,5.6,England,New Zealand,JM Bairstow,JE Root,TA Boult,0,0,,,,,,,,,
1115776,2017/18,2018-02-28,Bay Oval,2,6.1,England,New Zealand,JE Root,JM Bairstow,TG Southee,1,0,,,,,,,,,
1115776,2017/18,2018-02-28,Bay Oval,2,6.2,England,New Zealand,JM Bairstow,JE Root,TG Southee,1,0,,,,,,,,,
1115776,2017/18,2018-02-28,Bay Oval,2,6.3,England,New Zealand,JE Root,JM Bairstow,TG Southee,1,0,,,,,,,,,
1115776,2017/18,2018-02-28,Bay Oval,2,6.4,England,New Zealand,JM Bairstow,JE Root,TG Southee,0,0,,,,,,,,,
1115776,2017/18,2018-02-28,Bay Oval,2,6.5,England,New Zealand,JM Bairstow,JE Root,TG Southee,4,0,,,,,,,,,
1115776,2017/18,2018-02-28,Bay Oval,2,6.6,England,New Zealand,JM Bairstow,JE Root,TG Southee,1,0,,,,,,,,,
1115776,2017/18,2018-02-28,Bay Oval,2,7.1,England,New Zealand,JM Bairstow,JE Root,TA Boult,6,0,,,,,,,,,
1115776,2017/18,2018-02-28,Bay Oval,2,7.2,England,New Zealand,JM Bairstow,JE Root,TA Boult,0,0,,,,,,,,,
1115776,2017/18,2018-02-28,Bay Oval,2,7.3,England,New Zealand,JM Bairstow,JE Root,TA Boult,0,0,,,,,,,,,
1115776,2017/18,2018-02-28,Bay Oval,2,7.4,England,New Zealand,JM Bairstow,JE Root,TA Boult,1,0,,,,,,,,,
1115776,2017/18,2018-02-28,Bay Oval,2,7.5,England,New Zealand,JE Root,JM Bairstow,TA Boult,1,0,,,,,,,,,
1115776,2017/18,2018-02-28,Bay Oval,2,7.6,England,New Zealand,JM Bairstow,JE Root,TA Boult,0,0,,,,,,,,,
1115776,2017/18,2018-02-28,Bay Oval,2,8.1,England,New Zealand,JE Root,JM Bairstow,MJ Santner,0,0,,,,,,,,,
1115776,2017/18,2018-02-28,Bay Oval,2,8.2,England,New Zealand,JE Root,JM Bairstow,MJ Santner,4,0,,,,,,,,,
1115776,2017/18,2018-02-28,Bay Oval,2,8.3,England,New Zealand,JE Root,JM Bairstow,MJ Santner,0,0,,,,,,,,,
1115776,2017/18,2018-02-28,Bay Oval,2,8.4,England,New Zealand,JE Root,JM Bairstow,MJ Santner,0,0,,,,,,,,,
1115776,2017/18,2018-02-28,Bay Oval,2,8.5,England,New Zealand,JE Root,JM Bairstow,MJ Santner,1,0,,,,,,,,,
1115776,2017/18,2018-02-28,Bay Oval,2,8.6,England,New Zealand,JM Bairstow,JE Root,MJ Santner,0,0,,,,,,,,,
1115776,2017/18,2018-02-28,Bay Oval,2,9.1,England,New Zealand,JE Root,JM Bairstow,TA Boult,0,0,,,,,,,,,
1115776,2017/18,2018-02-28,Bay Oval,2,9.2,England,New Zealand,JE Root,JM Bairstow,TA Boult,0,0,,,,,,,,,
1115776,2017/18,2018-02-28,Bay Oval,2,9.3,England,New Zealand,JE Root,JM Bairstow,TA Boult,0,0,,,,,,,,,
1115776,2017/18,2018-02-28,Bay Oval,2,9.4,England,New Zealand,JE Root,JM Bairstow,TA Boult,0,0,,,,,,,,,
1115776,2017/18,2018-02-28,Bay Oval,2,9.5,England,New Zealand,JE Root,JM Bairstow,TA Boult,0,0,,,,,,caught,JE Root,,
1115776,2017/18,2018-02-28,Bay Oval,2,9.6,England,New Zealand,EJG Morgan,JM Bairstow,TA Boult,0,0,,,,,,,,,
1115776,2017/18,2018-02-28,Bay Oval,2,10.1,England,New Zealand,JM Bairstow,EJG Morgan,MJ Santner,1,0,,,,,,,,,
1115776,2017/18,2018-02-28,Bay Oval,2,10.2,England,New Zealand,EJG Morgan,JM Bairstow,MJ Santner,0,0,,,,,,,,,
1115776,2017/18,2018-02-28,Bay Oval,2,10.3,England,New Zealand,EJG Morgan,JM Bairstow,MJ Santner,0,0,,,,,,,,,
1115776,2017/18,2018-02-28,Bay Oval,2,10.4,England,New Zealand,EJG Morgan,JM Bairstow,MJ Santner,1,0,,,,,,,,,
1115776,2017/18,2018-02-28,Bay Oval,2,10.5,England,New Zealand,JM Bairstow,EJG Morgan,MJ Santner,0,0,,,,,,,,,
1115776,2017/18,2018-02-28,Bay Oval,2,10.6,England,New Zealand,JM Bairstow,EJG Morgan,MJ Santner,0,0,,,,,,,,,
1115776,2017/18,2018-02-28,Bay Oval,2,11.1,England,New Zealand,EJG Morgan,JM Bairstow,TA Boult,0,0,,,,,,,,,
1115776,2017/18,2018-02-28,Bay Oval,2,11.2,England,New Zealand,EJG Morgan,JM Bairstow,TA Boult,4,0,,,,,,,,,
1115776,2017/18,2018-02-28,Bay Oval,2,11.3,England,New Zealand,EJG Morgan,JM Bairstow,TA Boult,4,0,,,,,,,,,
1115776,2017/18,2018-02-28,Bay Oval,2,11.4,England,New Zealand,EJG Morgan,JM Bairstow,TA Boult,4,0,,,,,,,,,
1115776,2017/18,2018-02-28,Bay Oval,2,11.5,England,New Zealand,EJG Morgan,JM Bairstow,TA Boult,1,0,,,,,,,,,
1115776,2017/18,2018-02-28,Bay Oval,2,11.6,England,New Zealand,JM Bairstow,EJG Morgan,TA Boult,0,0,,,,,,,,,
1115776,2017/18,2018-02-28,Bay Oval,2,12.1,England,New Zealand,EJG Morgan,JM Bairstow,MJ Santner,1,0,,,,,,,,,
1115776,2017/18,2018-02-28,Bay Oval,2,12.2,England,New Zealand,JM Bairstow,EJG Morgan,MJ Santner,1,0,,,,,,,,,
1115776,2017/18,2018-02-28,Bay Oval,2,12.3,England,New Zealand,EJG Morgan,JM Bairstow,MJ Santner,6,0,,,,,,,,,
1115776,2017/18,2018-02-28,Bay Oval,2,12.4,England,New Zealand,EJG Morgan,JM Bairstow,MJ Santner,0,0,,,,,,,,,
1115776,2017/18,2018-02-28,Bay Oval,2,12.5,England,New Zealand,EJG Morgan,JM Bairstow,MJ Santner,0,0,,,,,,,,,
1115776,2017/18,2018-02-28,Bay Oval,2,12.6,England,New Zealand,EJG Morgan,JM Bairstow,MJ Santner,0,0,,,,,,,,,
1115776,2017/18,2018-02-28,Bay Oval,2,13.1,England,New Zealand,JM Bairstow,EJG Morgan,LH Ferguson,0,0,,,,,,,,,
1115776,2017/18,2018-02-28,Bay Oval,2,13.2,England,New Zealand,JM Bairstow,EJG Morgan,LH Ferguson,1,0,,,,,,,,,
1115776,2017/18,2018-02-28,Bay Oval,2,13.3,England,New Zealand,EJG Morgan,JM Bairstow,LH Ferguson,0,0,,,,,,,,,
1115776,2017/18,2018-02-28,Bay Oval,2,13.4,England,New Zealand,EJG Morgan,JM Bairstow,LH Ferguson,0,0,,,,,,,,,
1115776,2017/18,2018-02-28,Bay Oval,2,13.5,England,New Zealand,EJG Morgan,JM Bairstow,LH Ferguson,6,0,,,,,,,,,
1115776,2017/18,2018-02-28,Bay Oval,2,13.6,England,New Zealand,EJG Morgan,JM Bairstow,LH Ferguson,1,0,,,,,,,,,
1115776,2017/18,2018-02-28,Bay Oval,2,14.1,England,New Zealand,EJG Morgan,JM Bairstow,MJ Santner,0,1,,,,1,,,,,
1115776,2017/18,2018-02-28,Bay Oval,2,14.2,England,New Zealand,JM Bairstow,EJG Morgan,MJ Santner,1,0,,,,,,,,,
1115776,2017/18,2018-02-28,Bay Oval,2,14.3,England,New Zealand,EJG Morgan,JM Bairstow,MJ Santner,0,0,,,,,,,,,
1115776,2017/18,2018-02-28,Bay Oval,2,14.4,England,New Zealand,EJG Morgan,JM Bairstow,MJ Santner,1,0,,,,,,,,,
1115776,2017/18,2018-02-28,Bay Oval,2,14.5,England,New Zealand,JM Bairstow,EJG Morgan,MJ Santner,1,0,,,,,,,,,
1115776,2017/18,2018-02-28,Bay Oval,2,14.6,England,New Zealand,EJG Morgan,JM Bairstow,MJ Santner,0,0,,,,,,,,,
1115776,2017/18,2018-02-28,Bay Oval,2,15.1,England,New Zealand,JM Bairstow,EJG Morgan,LH Ferguson,4,0,,,,,,,,,
1115776,2017/18,2018-02-28,Bay Oval,2,15.2,England,New Zealand,JM Bairstow,EJG Morgan,LH Ferguson,0,0,,,,,,caught,JM Bairstow,,
1115776,2017/18,2018-02-28,Bay Oval,2,15.3,England,New Zealand,BA Stokes,EJG Morgan,LH Ferguson,0,0,,,,,,,,,
1115776,2017/18,2018-02-28,Bay Oval,2,15.4,England,New Zealand,BA Stokes,EJG Morgan,LH Ferguson,0,0,,,,,,,,,
1115776,2017/18,2018-02-28,Bay Oval,2,15.5,England,New Zealand,BA Stokes,EJG Morgan,LH Ferguson,0,0,,,,,,,,,
1115776,2017/18,2018-02-28,Bay Oval,2,15.6,England,New Zealand,BA Stokes,EJG Morgan,LH Ferguson,0,0,,,,,,,,,
1115776,2017/18,2018-02-28,Bay Oval,2,16.1,England,New Zealand,EJG Morgan,BA Stokes,C de Grandhomme,0,0,,,,,,,,,
1115776,2017/18,2018-02-28,Bay Oval,2,16.2,England,New Zealand,EJG Morgan,BA Stokes,C de Grandhomme,0,1,,,,1,,,,,
1115776,2017/18,2018-02-28,Bay Oval,2,16.3,England,New Zealand,BA Stokes,EJG Morgan,C de Grandhomme,0,0,,,,,,,,,
1115776,2017/18,2018-02-28,Bay Oval,2,16.4,England,New Zealand,BA Stokes,EJG Morgan,C de Grandhomme,4,0,,,,,,,,,
1115776,2017/18,2018-02-28,Bay Oval,2,16.5,England,New Zealand,BA Stokes,EJG Morgan,C de Grandhomme,0,0,,,,,,,,,
1115776,2017/18,2018-02-28,Bay Oval,2,16.6,England,New Zealand,BA Stokes,EJG Morgan,C de Grandhomme,1,0,,,,,,,,,
1115776,2017/18,2018-02-28,Bay Oval,2,17.1,England,New Zealand,BA Stokes,EJG Morgan,LH Ferguson,0,0,,,,,,,,,
1115776,2017/18,2018-02-28,Bay Oval,2,17.2,England,New Zealand,BA Stokes,EJG Morgan,LH Ferguson,1,0,,,,,,,,,
1115776,2017/18,2018-02-28,Bay Oval,2,17.3,England,New Zealand,EJG Morgan,BA Stokes,LH Ferguson,4,0,,,,,,,,,
1115776,2017/18,2018-02-28,Bay Oval,2,17.4,England,New Zealand,EJG Morgan,BA Stokes,LH Ferguson,0,0,,,,,,,,,
1115776,2017/18,2018-02-28,Bay Oval,2,17.5,England,New Zealand,EJG Morgan,BA Stokes,LH Ferguson,1,0,,,,,,,,,
1115776,2017/18,2018-02-28,Bay Oval,2,17.6,England,New Zealand,BA Stokes,EJG Morgan,LH Ferguson,0,0,,,,,,,,,
1115776,2017/18,2018-02-28,Bay Oval,2,18.1,England,New Zealand,EJG Morgan,BA Stokes,C de Grandhomme,1,0,,,,,,,,,
1115776,2017/18,2018-02-28,Bay Oval,2,18.2,England,New Zealand,BA Stokes,EJG Morgan,C de Grandhomme,2,0,,,,,,,,,
1115776,2017/18,2018-02-28,Bay Oval,2,18.3,England,New Zealand,BA Stokes,EJG Morgan,C de Grandhomme,0,0,,,,,,,,,
1115776,2017/18,2018-02-28,Bay Oval,2,18.4,England,New Zealand,BA Stokes,EJG Morgan,C de Grandhomme,0,1,1,,,,,,,,
1115776,2017/18,2018-02-28,Bay Oval,2,18.5,England,New Zealand,BA Stokes,EJG Morgan,C de Grandhomme,1,0,,,,,,,,,
1115776,2017/18,2018-02-28,Bay Oval,2,18.6,England,New Zealand,EJG Morgan,BA Stokes,C de Grandhomme,0,0,,,,,,,,,
1115776,2017/18,2018-02-28,Bay Oval,2,18.7,England,New Zealand,EJG Morgan,BA Stokes,C de Grandhomme,1,0,,,,,,,,,
1115776,2017/18,2018-02-28,Bay Oval,2,19.1,England,New Zealand,EJG Morgan,BA Stokes,LH Ferguson,1,0,,,,,,,,,
1115776,2017/18,2018-02-28,Bay Oval,2,19.2,England,New Zealand,BA Stokes,EJG Morgan,LH Ferguson,4,0,,,,,,,,,
1115776,2017/18,2018-02-28,Bay Oval,2,19.3,England,New Zealand,BA Stokes,EJG Morgan,LH Ferguson,2,0,,,,,,,,,
1115776,2017/18,2018-02-28,Bay Oval,2,19.4,England,New Zealand,BA Stokes,EJG Morgan,LH Ferguson,0,0,,,,,,,,,
1115776,2017/18,2018-02-28,Bay Oval,2,19.5,England,New Zealand,BA Stokes,EJG Morgan,LH Ferguson,0,0,,,,,,,,,
1115776,2017/18,2018-02-28,Bay Oval,2,19.6,England,New Zealand,BA Stokes,EJG Morgan,LH Ferguson,0,0,,,,,,,,,
1115776,2017/18,2018-02-28,Bay Oval,2,20.1,England,New Zealand,EJG Morgan,BA Stokes,TG Southee,1,0,,,,,,,,,
1115776,2017/18,2018-02-28,Bay Oval,2,20.2,England,New Zealand,BA Stokes,EJG Morgan,TG Southee,0,0,,,,,,,,,
1115776,2017/18,2018-02-28,Bay Oval,2,20.3,England,New Zealand,BA Stokes,EJG Morgan,TG Southee,0,0,,,,,,,,,
1115776,2017/18,2018-02-28,Bay Oval,2,20.4,England,New Zealand,BA Stokes,EJG Morgan,TG Southee,0,0,,,,,,,,,
1115776,2017/18,2018-02-28,Bay Oval,2,20.5,England,New Zealand,BA Stokes,EJG Morgan,TG Southee,0,0,,,,,,,,,
1115776,2017/18,2018-02-28,Bay Oval,2,20.6,England,New Zealand,BA Stokes,EJG Morgan,TG Southee,0,0,,,,,,,,,
1115776,2017/18,2018-02-28,Bay Oval,2,21.1,England,New Zealand,EJG Morgan,BA Stokes,MJ Santner,1,0,,,,,,,,,
1115776,2017/18,2018-02-28,Bay Oval,2,21.2,England,New Zealand,BA Stokes,EJG Morgan,MJ Santner,0,0,,,,,,,,,
1115776,2017/18,2018-02-28,Bay Oval,2,21.3,England,New Zealand,BA Stokes,EJG Morgan,MJ Santner,4,0,,,,,,,,,
1115776,2017/18,2018-02-28,Bay Oval,2,21.4,England,New Zealand,BA Stokes,EJG Morgan,MJ Santner,1,0,,,,,,,,,
1115776,2017/18,2018-02-28,Bay Oval,2,21.5,England,New Zealand,EJG Morgan,BA Stokes,MJ Santner,1,0,,,,,,,,,
1115776,2017/18,2018-02-28,Bay Oval,2,21.6,England,New Zealand,BA Stokes,EJG Morgan,MJ Santner,0,0,,,,,,,,,
1115776,2017/18,2018-02-28,Bay Oval,2,22.1,England,New Zealand,EJG Morgan,BA Stokes,TG Southee,0,0,,,,,,,,,
1115776,2017/18,2018-02-28,Bay Oval,2,22.2,England,New Zealand,EJG Morgan,BA Stokes,TG Southee,1,0,,,,,,,,,
1115776,2017/18,2018-02-28,Bay Oval,2,22.3,England,New Zealand,BA Stokes,EJG Morgan,TG Southee,0,0,,,,,,,,,
1115776,2017/18,2018-02-28,Bay Oval,2,22.4,England,New Zealand,BA Stokes,EJG Morgan,TG Southee,4,0,,,,,,,,,
1115776,2017/18,2018-02-28,Bay Oval,2,22.5,England,New Zealand,BA Stokes,EJG Morgan,TG Southee,4,0,,,,,,,,,
1115776,2017/18,2018-02-28,Bay Oval,2,22.6,England,New Zealand,BA Stokes,EJG Morgan,TG Southee,0,0,,,,,,,,,
1115776,2017/18,2018-02-28,Bay Oval,2,23.1,England,New Zealand,EJG Morgan,BA Stokes,MJ Santner,0,0,,,,,,,,,
1115776,2017/18,2018-02-28,Bay Oval,2,23.2,England,New Zealand,EJG Morgan,BA Stokes,MJ Santner,0,0,,,,,,,,,
1115776,2017/18,2018-02-28,Bay Oval,2,23.3,England,New Zealand,EJG Morgan,BA Stokes,MJ Santner,1,0,,,,,,,,,
1115776,2017/18,2018-02-28,Bay Oval,2,23.4,England,New Zealand,BA Stokes,EJG Morgan,MJ Santner,0,0,,,,,,,,,
1115776,2017/18,2018-02-28,Bay Oval,2,23.5,England,New Zealand,BA Stokes,EJG Morgan,MJ Santner,1,0,,,,,,,,,
1115776,2017/18,2018-02-28,Bay Oval,2,23.6,England,New Zealand,EJG Morgan,BA Stokes,MJ Santner,0,0,,,,,,,,,
1115776,2017/18,2018-02-28,Bay Oval,2,24.1,England,New Zealand,BA Stokes,EJG Morgan,TA Boult,2,0,,,,,,,,,
1115776,2017/18,2018-02-28,Bay Oval,2,24.2,England,New Zealand,BA Stokes,EJG Morgan,TA Boult,6,0,,,,,,,,,
1115776,2017/18,2018-02-28,Bay Oval,2,24.3,England,New Zealand,BA Stokes,EJG Morgan,TA Boult,1,0,,,,,,,,,
1115776,2017/18,2018-02-28,Bay Oval,2,24.4,England,New Zealand,EJG Morgan,BA Stokes,TA Boult,0,0,,,,,,,,,
1115776,2017/18,2018-02-28,Bay Oval,2,24.5,England,New Zealand,EJG Morgan,BA Stokes,TA Boult,4,0,,,,,,,,,
1115776,2017/18,2018-02-28,Bay Oval,2,24.6,England,New Zealand,EJG Morgan,BA Stokes,TA Boult,0,0,,,,,,,,,
1115776,2017/18,2018-02-28,Bay Oval,2,25.1,England,New Zealand,BA Stokes,EJG Morgan,MJ Santner,1,0,,,,,,,,,
1115776,2017/18,2018-02-28,Bay Oval,2,25.2,England,New Zealand,EJG Morgan,BA Stokes,MJ Santner,1,0,,,,,,,,,
1115776,2017/18,2018-02-28,Bay Oval,2,25.3,England,New Zealand,BA Stokes,EJG Morgan,MJ Santner,0,0,,,,,,,,,
1115776,2017/18,2018-02-28,Bay Oval,2,25.4,England,New Zealand,BA Stokes,EJG Morgan,MJ Santner,1,0,,,,,,,,,
1115776,2017/18,2018-02-28,Bay Oval,2,25.5,England,New Zealand,EJG Morgan,BA Stokes,MJ Santner,1,0,,,,,,,,,
1115776,2017/18,2018-02-28,Bay Oval,2,25.6,England,New Zealand,BA Stokes,EJG Morgan,MJ Santner,0,0,,,,,,,,,
1115776,2017/18,2018-02-28,Bay Oval,2,26.1,England,New Zealand,EJG Morgan,BA Stokes,TA Boult,1,0,,,,,,,,,
1115776,2017/18,2018-02-28,Bay Oval,2,26.2,England,New Zealand,BA Stokes,EJG Morgan,TA Boult,1,0,,,,,,,,,
1115776,2017/18,2018-02-28,Bay Oval,2,26.3,England,New Zealand,EJG Morgan,BA Stokes,TA Boult,0,0,,,,,,,,,
1115776,2017/18,2018-02-28,Bay Oval,2,26.4,England,New Zealand,EJG Morgan,BA Stokes,TA Boult,4,0,,,,,,,,,
1115776,2017/18,2018-02-28,Bay Oval,2,26.5,England,New Zealand,EJG Morgan,BA Stokes,TA Boult,0,0,,,,,,,,,
1115776,2017/18,2018-02-28,Bay Oval,2,26.6,England,New Zealand,EJG Morgan,BA Stokes,TA Boult,0,0,,,,,,,,,
1115776,2017/18,2018-02-28,Bay Oval,2,27.1,England,New Zealand,BA Stokes,EJG Morgan,LH Ferguson,0,0,,,,,,,,,
1115776,2017/18,2018-02-28,Bay Oval,2,27.2,England,New Zealand,BA Stokes,EJG Morgan,LH Ferguson,1,0,,,,,,,,,
1115776,2017/18,2018-02-28,Bay Oval,2,27.3,England,New Zealand,EJG Morgan,BA Stokes,LH Ferguson,0,0,,,,,,,,,
1115776,2017/18,2018-02-28,Bay Oval,2,27.4,England,New Zealand,EJG Morgan,BA Stokes,LH Ferguson,0,0,,,,,,,,,
1115776,2017/18,2018-02-28,Bay Oval,2,27.5,England,New Zealand,EJG Morgan,BA Stokes,LH Ferguson,1,0,,,,,,,,,
1115776,2017/18,2018-02-28,Bay Oval,2,27.6,England,New Zealand,BA Stokes,EJG Morgan,LH Ferguson,0,0,,,,,,,,,
1115776,2017/18,2018-02-28,Bay Oval,2,28.1,England,New Zealand,EJG Morgan,BA Stokes,C Munro,0,0,,,,,,,,,
1115776,2017/18,2018-02-28,Bay Oval,2,28.2,England,New Zealand,EJG Morgan,BA Stokes,C Munro,0,0,,,,,,,,,
1115776,2017/18,2018-02-28,Bay Oval,2,28.3,England,New Zealand,EJG Morgan,BA Stokes,C Munro,0,0,,,,,,,,,
1115776,2017/18,2018-02-28,Bay Oval,2,28.4,England,New Zealand,EJG Morgan,BA Stokes,C Munro,0,0,,,,,,,,,
1115776,2017/18,2018-02-28,Bay Oval,2,28.5,England,New Zealand,EJG Morgan,BA Stokes,C Munro,1,0,,,,,,,,,
1115776,2017/18,2018-02-28,Bay Oval,2,28.6,England,New Zealand,BA Stokes,EJG Morgan,C Munro,1,0,,,,,,,,,
1115776,2017/18,2018-02-28,Bay Oval,2,29.1,England,New Zealand,BA Stokes,EJG Morgan,LH Ferguson,0,0,,,,,,,,,
1115776,2017/18,2018-02-28,Bay Oval,2,29.2,England,New Zealand,BA Stokes,EJG Morgan,LH Ferguson,1,0,,,,,,,,,
1115776,2017/18,2018-02-28,Bay Oval,2,29.3,England,New Zealand,EJG Morgan,BA Stokes,LH Ferguson,6,0,,,,,,,,,
1115776,2017/18,2018-02-28,Bay Oval,2,29.4,England,New Zealand,EJG Morgan,BA Stokes,LH Ferguson,1,0,,,,,,,,,
1115776,2017/18,2018-02-28,Bay Oval,2,29.5,England,New Zealand,BA Stokes,EJG Morgan,LH Ferguson,4,0,,,,,,,,,
1115776,2017/18,2018-02-28,Bay Oval,2,29.6,England,New Zealand,BA Stokes,EJG Morgan,LH Ferguson,0,0,,,,,,,,,
1115776,2017/18,2018-02-28,Bay Oval,2,30.1,England,New Zealand,EJG Morgan,BA Stokes,C Munro,0,5,5,,,,,,,,
1115776,2017/18,2018-02-28,Bay Oval,2,30.2,England,New Zealand,EJG Morgan,BA Stokes,C Munro,0,0,,,,,,,,,
1115776,2017/18,2018-02-28,Bay Oval,2,30.3,England,New Zealand,EJG Morgan,BA Stokes,C Munro,0,0,,,,,,,,,
1115776,2017/18,2018-02-28,Bay Oval,2,30.4,England,New Zealand,EJG Morgan,BA Stokes,C Munro,0,0,,,,,,caught and bowled,EJG Morgan,,
1115776,2017/18,2018-02-28,Bay Oval,2,30.5,England,New Zealand,JC Buttler,BA Stokes,C Munro,1,0,,,,,,,,,
1115776,2017/18,2018-02-28,Bay Oval,2,30.6,England,New Zealand,BA Stokes,JC Buttler,C Munro,0,0,,,,,,,,,
1115776,2017/18,2018-02-28,Bay Oval,2,30.7,England,New Zealand,BA Stokes,JC Buttler,C Munro,1,0,,,,,,,,,
1115776,2017/18,2018-02-28,Bay Oval,2,31.1,England,New Zealand,BA Stokes,JC Buttler,LH Ferguson,0,0,,,,,,,,,
1115776,2017/18,2018-02-28,Bay Oval,2,31.2,England,New Zealand,BA Stokes,JC Buttler,LH Ferguson,1,0,,,,,,,,,
1115776,2017/18,2018-02-28,Bay Oval,2,31.3,England,New Zealand,JC Buttler,BA Stokes,LH Ferguson,0,0,,,,,,,,,
1115776,2017/18,2018-02-28,Bay Oval,2,31.4,England,New Zealand,JC Buttler,BA Stokes,LH Ferguson,0,0,,,,,,,,,
1115776,2017/18,2018-02-28,Bay Oval,2,31.5,England,New Zealand,JC Buttler,BA Stokes,LH Ferguson,0,0,,,,,,,,,
1115776,2017/18,2018-02-28,Bay Oval,2,31.6,England,New Zealand,JC Buttler,BA Stokes,LH Ferguson,6,0,,,,,,,,,
1115776,2017/18,2018-02-28,Bay Oval,2,32.1,England,New Zealand,BA Stokes,JC Buttler,C Munro,0,0,,,,,,,,,
1115776,2017/18,2018-02-28,Bay Oval,2,32.2,England,New Zealand,BA Stokes,JC Buttler,C Munro,1,0,,,,,,,,,
1115776,2017/18,2018-02-28,Bay Oval,2,32.3,England,New Zealand,JC Buttler,BA Stokes,C Munro,2,0,,,,,,,,,
1115776,2017/18,2018-02-28,Bay Oval,2,32.4,England,New Zealand,JC Buttler,BA Stokes,C Munro,1,0,,,,,,,,,
1115776,2017/18,2018-02-28,Bay Oval,2,32.5,England,New Zealand,BA Stokes,JC Buttler,C Munro,1,0,,,,,,,,,
1115776,2017/18,2018-02-28,Bay Oval,2,32.6,England,New Zealand,JC Buttler,BA Stokes,C Munro,1,0,,,,,,,,,
1115776,2017/18,2018-02-28,Bay Oval,2,33.1,England,New Zealand,JC Buttler,BA Stokes,LH Ferguson,1,0,,,,,,,,,
1115776,2017/18,2018-02-28,Bay Oval,2,33.2,England,New Zealand,BA Stokes,JC Buttler,LH Ferguson,0,0,,,,,,,,,
1115776,2017/18,2018-02-28,Bay Oval,2,33.3,England,New Zealand,BA Stokes,JC Buttler,LH Ferguson,0,0,,,,,,,,,
1115776,2017/18,2018-02-28,Bay Oval,2,33.4,England,New Zealand,BA Stokes,JC Buttler,LH Ferguson,0,0,,,,,,,,,
1115776,2017/18,2018-02-28,Bay Oval,2,33.5,England,New Zealand,BA Stokes,JC Buttler,LH Ferguson,1,0,,,,,,,,,
1115776,2017/18,2018-02-28,Bay Oval,2,33.6,England,New Zealand,JC Buttler,BA Stokes,LH Ferguson,0,0,,,,,,,,,
1115776,2017/18,2018-02-28,Bay Oval,2,34.1,England,New Zealand,BA Stokes,JC Buttler,C Munro,1,0,,,,,,,,,
1115776,2017/18,2018-02-28,Bay Oval,2,34.2,England,New Zealand,JC Buttler,BA Stokes,C Munro,1,0,,,,,,,,,
1115776,2017/18,2018-02-28,Bay Oval,2,34.3,England,New Zealand,BA Stokes,JC Buttler,C Munro,0,0,,,,,,,,,
1115776,2017/18,2018-02-28,Bay Oval,2,34.4,England,New Zealand,BA Stokes,JC Buttler,C Munro,0,0,,,,,,,,,
1115776,2017/18,2018-02-28,Bay Oval,2,34.5,England,New Zealand,BA Stokes,JC Buttler,C Munro,0,0,,,,,,,,,
1115776,2017/18,2018-02-28,Bay Oval,2,34.6,England,New Zealand,BA Stokes,JC Buttler,C Munro,1,0,,,,,,,,,
1115776,2017/18,2018-02-28,Bay Oval,2,35.1,England,New Zealand,BA Stokes,JC Buttler,TG Southee,1,0,,,,,,,,,
1115776,2017/18,2018-02-28,Bay Oval,2,35.2,England,New Zealand,JC Buttler,BA Stokes,TG Southee,2,0,,,,,,,,,
1115776,2017/18,2018-02-28,Bay Oval,2,35.3,England,New Zealand,JC Buttler,BA Stokes,TG Southee,0,0,,,,,,,,,
1115776,2017/18,2018-02-28,Bay Oval,2,35.4,England,New Zealand,JC Buttler,BA Stokes,TG Southee,4,0,,,,,,,,,
1115776,2017/18,2018-02-28,Bay Oval,2,35.5,England,New Zealand,JC Buttler,BA Stokes,TG Southee,6,0,,,,,,,,,
1115776,2017/18,2018-02-28,Bay Oval,2,35.6,England,New Zealand,JC Buttler,BA Stokes,TG Southee,4,0,,,,,,,,,
1115776,2017/18,2018-02-28,Bay Oval,2,36.1,England,New Zealand,BA Stokes,JC Buttler,C Munro,0,0,,,,,,,,,
1115776,2017/18,2018-02-28,Bay Oval,2,36.2,England,New Zealand,BA Stokes,JC Buttler,C Munro,0,0,,,,,,,,,
1115776,2017/18,2018-02-28,Bay Oval,2,36.3,England,New Zealand,BA Stokes,JC Buttler,C Munro,4,0,,,,,,,,,
1115776,2017/18,2018-02-28,Bay Oval,2,36.4,England,New Zealand,BA Stokes,JC Buttler,C Munro,0,0,,,,,,,,,
1115776,2017/18,2018-02-28,Bay Oval,2,36.5,England,New Zealand,BA Stokes,JC Buttler,C Munro,1,0,,,,,,,,,
1115776,2017/18,2018-02-28,Bay Oval,2,36.6,England,New Zealand,JC Buttler,BA Stokes,C Munro,0,0,,,,,,,,,
1115776,2017/18,2018-02-28,Bay Oval,2,37.1,England,New Zealand,BA Stokes,JC Buttler,MJ Santner,1,0,,,,,,,,,
1115776,2017/18,2018-02-28,Bay Oval,2,37.2,England,New Zealand,JC Buttler,BA Stokes,MJ Santner,0,0,,,,,,,,,
1115776,2017/18,2018-02-28,Bay Oval,2,37.3,England,New Zealand,JC Buttler,BA Stokes,MJ Santner,1,0,,,,,,,,,
1115776,2017/18,2018-02-28,Bay Oval,2,37.4,England,New Zealand,BA Stokes,JC Buttler,MJ Santner,1,0,,,,,,,,,
1115776,2017/18,2018-02-28,Bay Oval,2,37.5,England,New Zealand,JC Buttler,BA Stokes,MJ Santner,6,0,,,,,,,,,
