match_id,season,start_date,venue,innings,ball,batting_team,bowling_team,striker,non_striker,bowler,runs_off_bat,extras,wides,noballs,byes,legbyes,penalty,wicket_type,player_dismissed,other_wicket_type,other_player_dismissed
1119547,2018,2018-07-14,Lord's,1,0.1,England,India,JJ Roy,JM Bairstow,UT Yadav,4,0,,,,,,,,,
1119547,2018,2018-07-14,Lord's,1,0.2,England,India,JJ Roy,JM Bairstow,UT Yadav,0,0,,,,,,,,,
1119547,2018,2018-07-14,Lord's,1,0.3,England,India,JJ Roy,JM Bairstow,UT Yadav,0,0,,,,,,,,,
1119547,2018,2018-07-14,Lord's,1,0.4,England,India,JJ Roy,JM Bairstow,UT Yadav,0,0,,,,,,,,,
1119547,2018,2018-07-14,Lord's,1,0.5,England,India,JJ Roy,JM Bairstow,UT Yadav,0,0,,,,,,,,,
1119547,2018,2018-07-14,Lord's,1,0.6,England,India,JJ Roy,JM Bairstow,UT Yadav,0,0,,,,,,,,,
1119547,2018,2018-07-14,Lord's,1,1.1,England,India,JM Bairstow,JJ Roy,S Kaul,0,0,,,,,,,,,
1119547,2018,2018-07-14,Lord's,1,1.2,England,India,JM Bairstow,JJ Roy,S Kaul,4,0,,,,,,,,,
1119547,2018,2018-07-14,Lord's,1,1.3,England,India,JM Bairstow,JJ Roy,S Kaul,0,0,,,,,,,,,
1119547,2018,2018-07-14,Lord's,1,1.4,England,India,JM Bairstow,JJ Roy,S Kaul,4,0,,,,,,,,,
1119547,2018,2018-07-14,Lord's,1,1.5,England,India,JM Bairstow,JJ Roy,S Kaul,0,0,,,,,,,,,
1119547,2018,2018-07-14,Lord's,1,1.6,England,India,JM Bairstow,JJ Roy,S Kaul,0,0,,,,,,,,,
1119547,2018,2018-07-14,Lord's,1,2.1,England,India,JJ Roy,JM Bairstow,UT Yadav,1,0,,,,,,,,,
1119547,2018,2018-07-14,Lord's,1,2.2,England,India,JM Bairstow,JJ Roy,UT Yadav,0,0,,,,,,,,,
1119547,2018,2018-07-14,Lord's,1,2.3,England,India,JM Bairstow,JJ Roy,UT Yadav,0,0,,,,,,,,,
1119547,2018,2018-07-14,Lord's,1,2.4,England,India,JM Bairstow,JJ Roy,UT Yadav,6,0,,,,,,,,,
1119547,2018,2018-07-14,Lord's,1,2.5,England,India,JM Bairstow,JJ Roy,UT Yadav,0,0,,,,,,,,,
1119547,2018,2018-07-14,Lord's,1,2.6,England,India,JM Bairstow,JJ Roy,UT Yadav,2,0,,,,,,,,,
1119547,2018,2018-07-14,Lord's,1,3.1,England,India,JJ Roy,JM Bairstow,S Kaul,0,0,,,,,,,,,
1119547,2018,2018-07-14,Lord's,1,3.2,England,India,JJ Roy,JM Bairstow,S Kaul,0,0,,,,,,,,,
1119547,2018,2018-07-14,Lord's,1,3.3,England,India,JJ Roy,JM Bairstow,S Kaul,1,0,,,,,,,,,
1119547,2018,2018-07-14,Lord's,1,3.4,England,India,JM Bairstow,JJ Roy,S Kaul,0,0,,,,,,,,,
1119547,2018,2018-07-14,Lord's,1,3.5,England,India,JM Bairstow,JJ Roy,S Kaul,0,0,,,,,,,,,
1119547,2018,2018-07-14,Lord's,1,3.6,England,India,JM Bairstow,JJ Roy,S Kaul,1,0,,,,,,,,,
1119547,2018,2018-07-14,Lord's,1,4.1,England,India,JM Bairstow,JJ Roy,HH Pandya,1,0,,,,,,,,,
1119547,2018,2018-07-14,Lord's,1,4.2,England,India,JJ Roy,JM Bairstow,HH Pandya,0,0,,,,,,,,,
1119547,2018,2018-07-14,Lord's,1,4.3,England,India,JJ Roy,JM Bairstow,HH Pandya,1,0,,,,,,,,,
1119547,2018,2018-07-14,Lord's,1,4.4,England,India,JM Bairstow,JJ Roy,HH Pandya,0,0,,,,,,,,,
1119547,2018,2018-07-14,Lord's,1,4.5,England,India,JM Bairstow,JJ Roy,HH Pandya,2,0,,,,,,,,,
1119547,2018,2018-07-14,Lord's,1,4.6,England,India,JM Bairstow,JJ Roy,HH Pandya,0,0,,,,,,,,,
1119547,2018,2018-07-14,Lord's,1,5.1,England,India,JJ Roy,JM Bairstow,S Kaul,3,0,,,,,,,,,
1119547,2018,2018-07-14,Lord's,1,5.2,England,India,JM Bairstow,JJ Roy,S Kaul,1,0,,,,,,,,,
1119547,2018,2018-07-14,Lord's,1,5.3,England,India,JJ Roy,JM Bairstow,S Kaul,0,0,,,,,,,,,
1119547,2018,2018-07-14,Lord's,1,5.4,England,India,JJ Roy,JM Bairstow,S Kaul,0,0,,,,,,,,,
1119547,2018,2018-07-14,Lord's,1,5.5,England,India,JJ Roy,JM Bairstow,S Kaul,0,1,,,,1,,,,,
1119547,2018,2018-07-14,Lord's,1,5.6,England,India,JM Bairstow,JJ Roy,S Kaul,0,0,,,,,,,,,
1119547,2018,2018-07-14,Lord's,1,6.1,England,India,JJ Roy,JM Bairstow,HH Pandya,6,0,,,,,,,,,
1119547,2018,2018-07-14,Lord's,1,6.2,England,India,JJ Roy,JM Bairstow,HH Pandya,1,0,,,,,,,,,
1119547,2018,2018-07-14,Lord's,1,6.3,England,India,JM Bairstow,JJ Roy,HH Pandya,4,0,,,,,,,,,
1119547,2018,2018-07-14,Lord's,1,6.4,England,India,JM Bairstow,JJ Roy,HH Pandya,4,0,,,,,,,,,
1119547,2018,2018-07-14,Lord's,1,6.5,England,India,JM Bairstow,JJ Roy,HH Pandya,1,0,,,,,,,,,
1119547,2018,2018-07-14,Lord's,1,6.6,England,India,JJ Roy,JM Bairstow,HH Pandya,1,0,,,,,,,,,
1119547,2018,2018-07-14,Lord's,1,7.1,England,India,JJ Roy,JM Bairstow,S Kaul,0,0,,,,,,,,,
1119547,2018,2018-07-14,Lord's,1,7.2,England,India,JJ Roy,JM Bairstow,S Kaul,4,0,,,,,,,,,
1119547,2018,2018-07-14,Lord's,1,7.3,England,India,JJ Roy,JM Bairstow,S Kaul,1,0,,,,,,,,,
1119547,2018,2018-07-14,Lord's,1,7.4,England,India,JM Bairstow,JJ Roy,S Kaul,1,0,,,,,,,,,
1119547,2018,2018-07-14,Lord's,1,7.5,England,India,JJ Roy,JM Bairstow,S Kaul,0,0,,,,,,,,,
1119547,2018,2018-07-14,Lord's,1,7.6,England,India,JJ Roy,JM Bairstow,S Kaul,1,0,,,,,,,,,
1119547,2018,2018-07-14,Lord's,1,8.1,England,India,JJ Roy,JM Bairstow,YS Chahal,1,0,,,,,,,,,
1119547,2018,2018-07-14,Lord's,1,8.2,England,India,JM Bairstow,JJ Roy,YS Chahal,1,0,,,,,,,,,
1119547,2018,2018-07-14,Lord's,1,8.3,England,India,JJ Roy,JM Bairstow,YS Chahal,0,0,,,,,,,,,
1119547,2018,2018-07-14,Lord's,1,8.4,England,India,JJ Roy,JM Bairstow,YS Chahal,0,0,,,,,,,,,
1119547,2018,2018-07-14,Lord's,1,8.5,England,India,JJ Roy,JM Bairstow,YS Chahal,1,0,,,,,,,,,
1119547,2018,2018-07-14,Lord's,1,8.6,England,India,JM Bairstow,JJ Roy,YS Chahal,1,0,,,,,,,,,
1119547,2018,2018-07-14,Lord's,1,9.1,England,India,JM Bairstow,JJ Roy,S Kaul,0,0,,,,,,,,,
1119547,2018,2018-07-14,Lord's,1,9.2,England,India,JM Bairstow,JJ Roy,S Kaul,4,0,,,,,,,,,
1119547,2018,2018-07-14,Lord's,1,9.3,England,India,JM Bairstow,JJ Roy,S Kaul,1,0,,,,,,,,,
1119547,2018,2018-07-14,Lord's,1,9.4,England,India,JJ Roy,JM Bairstow,S Kaul,0,0,,,,,,,,,
1119547,2018,2018-07-14,Lord's,1,9.5,England,India,JJ Roy,JM Bairstow,S Kaul,4,0,,,,,,,,,
1119547,2018,2018-07-14,Lord's,1,9.6,England,India,JJ Roy,JM Bairstow,S Kaul,0,0,,,,,,,,,
1119547,2018,2018-07-14,Lord's,1,10.1,England,India,JM Bairstow,JJ Roy,Kuldeep Yadav,0,0,,,,,,,,,
1119547,2018,2018-07-14,Lord's,1,10.2,England,India,JM Bairstow,JJ Roy,Kuldeep Yadav,0,0,,,,,,bowled,JM Bairstow,,
1119547,2018,2018-07-14,Lord's,1,10.3,England,India,JE Root,JJ Roy,Kuldeep Yadav,1,0,,,,,,,,,
1119547,2018,2018-07-14,Lord's,1,10.4,England,India,JJ Roy,JE Root,Kuldeep Yadav,1,0,,,,,,,,,
1119547,2018,2018-07-14,Lord's,1,10.5,England,India,JE Root,JJ Roy,Kuldeep Yadav,0,0,,,,,,,,,
1119547,2018,2018-07-14,Lord's,1,10.6,England,India,JE Root,JJ Roy,Kuldeep Yadav,0,0,,,,,,,,,
1119547,2018,2018-07-14,Lord's,1,11.1,England,India,JJ Roy,JE Root,UT Yadav,0,0,,,,,,,,,
1119547,2018,2018-07-14,Lord's,1,11.2,England,India,JJ Roy,JE Root,UT Yadav,1,0,,,,,,,,,
1119547,2018,2018-07-14,Lord's,1,11.3,England,India,JE Root,JJ Roy,UT Yadav,0,0,,,,,,,,,
1119547,2018,2018-07-14,Lord's,1,11.4,England,India,JE Root,JJ Roy,UT Yadav,0,0,,,,,,,,,
1119547,2018,2018-07-14,Lord's,1,11.5,England,India,JE Root,JJ Roy,UT Yadav,1,0,,,,,,,,,
1119547,2018,2018-07-14,Lord's,1,11.6,England,India,JJ Roy,JE Root,UT Yadav,1,0,,,,,,,,,
1119547,2018,2018-07-14,Lord's,1,12.1,England,India,JJ Roy,JE Root,Kuldeep Yadav,1,0,,,,,,,,,
1119547,2018,2018-07-14,Lord's,1,12.2,England,India,JE Root,JJ Roy,Kuldeep Yadav,1,0,,,,,,,,,
1119547,2018,2018-07-14,Lord's,1,12.3,England,India,JJ Roy,JE Root,Kuldeep Yadav,4,0,,,,,,,,,
1119547,2018,2018-07-14,Lord's,1,12.4,England,India,JJ Roy,JE Root,Kuldeep Yadav,1,0,,,,,,,,,
1119547,2018,2018-07-14,Lord's,1,12.5,England,India,JE Root,JJ Roy,Kuldeep Yadav,0,0,,,,,,,,,
1119547,2018,2018-07-14,Lord's,1,12.6,England,India,JE Root,JJ Roy,Kuldeep Yadav,0,0,,,,,,,,,
1119547,2018,2018-07-14,Lord's,1,13.1,England,India,JJ Roy,JE Root,UT Yadav,0,0,,,,,,,,,
1119547,2018,2018-07-14,Lord's,1,13.2,England,India,JJ Roy,JE Root,UT Yadav,0,0,,,,,,,,,
1119547,2018,2018-07-14,Lord's,1,13.3,England,India,JJ Roy,JE Root,UT Yadav,1,0,,,,,,,,,
1119547,2018,2018-07-14,Lord's,1,13.4,England,India,JE Root,JJ Roy,UT Yadav,2,0,,,,,,,,,
1119547,2018,2018-07-14,Lord's,1,13.5,England,India,JE Root,JJ Roy,UT Yadav,2,0,,,,,,,,,
1119547,2018,2018-07-14,Lord's,1,13.6,England,India,JE Root,JJ Roy,UT Yadav,0,0,,,,,,,,,
1119547,2018,2018-07-14,Lord's,1,14.1,England,India,JJ Roy,JE Root,Kuldeep Yadav,0,0,,,,,,caught,JJ Roy,,
1119547,2018,2018-07-14,Lord's,1,14.2,England,India,EJG Morgan,JE Root,Kuldeep Yadav,0,0,,,,,,,,,
1119547,2018,2018-07-14,Lord's,1,14.3,England,India,EJG Morgan,JE Root,Kuldeep Yadav,0,0,,,,,,,,,
1119547,2018,2018-07-14,Lord's,1,14.4,England,India,EJG Morgan,JE Root,Kuldeep Yadav,1,0,,,,,,,,,
1119547,2018,2018-07-14,Lord's,1,14.5,England,India,JE Root,EJG Morgan,Kuldeep Yadav,1,0,,,,,,,,,
1119547,2018,2018-07-14,Lord's,1,14.6,England,India,EJG Morgan,JE Root,Kuldeep Yadav,0,0,,,,,,,,,
1119547,2018,2018-07-14,Lord's,1,15.1,England,India,JE Root,EJG Morgan,UT Yadav,0,0,,,,,,,,,
1119547,2018,2018-07-14,Lord's,1,15.2,England,India,JE Root,EJG Morgan,UT Yadav,4,0,,,,,,,,,
1119547,2018,2018-07-14,Lord's,1,15.3,England,India,JE Root,EJG Morgan,UT Yadav,1,0,,,,,,,,,
1119547,2018,2018-07-14,Lord's,1,15.4,England,India,EJG Morgan,JE Root,UT Yadav,0,0,,,,,,,,,
1119547,2018,2018-07-14,Lord's,1,15.5,England,India,EJG Morgan,JE Root,UT Yadav,4,0,,,,,,,,,
1119547,2018,2018-07-14,Lord's,1,15.6,England,India,EJG Morgan,JE Root,UT Yadav,4,0,,,,,,,,,
1119547,2018,2018-07-14,Lord's,1,16.1,England,India,JE Root,EJG Morgan,Kuldeep Yadav,4,0,,,,,,,,,
1119547,2018,2018-07-14,Lord's,1,16.2,England,India,JE Root,EJG Morgan,Kuldeep Yadav,1,0,,,,,,,,,
1119547,2018,2018-07-14,Lord's,1,16.3,England,India,EJG Morgan,JE Root,Kuldeep Yadav,4,0,,,,,,,,,
1119547,2018,2018-07-14,Lord's,1,16.4,England,India,EJG Morgan,JE Root,Kuldeep Yadav,2,0,,,,,,,,,
1119547,2018,2018-07-14,Lord's,1,16.5,England,India,EJG Morgan,JE Root,Kuldeep Yadav,1,0,,,,,,,,,
1119547,2018,2018-07-14,Lord's,1,16.6,England,India,JE Root,EJG Morgan,Kuldeep Yadav,0,0,,,,,,,,,
1119547,2018,2018-07-14,Lord's,1,17.1,England,India,EJG Morgan,JE Root,YS Chahal,1,0,,,,,,,,,
1119547,2018,2018-07-14,Lord's,1,17.2,England,India,JE Root,EJG Morgan,YS Chahal,0,0,,,,,,,,,
1119547,2018,2018-07-14,Lord's,1,17.3,England,India,JE Root,EJG Morgan,YS Chahal,0,0,,,,,,,,,
1119547,2018,2018-07-14,Lord's,1,17.4,England,India,JE Root,EJG Morgan,YS Chahal,1,0,,,,,,,,,
1119547,2018,2018-07-14,Lord's,1,17.5,England,India,EJG Morgan,JE Root,YS Chahal,0,0,,,,,,,,,
1119547,2018,2018-07-14,Lord's,1,17.6,England,India,EJG Morgan,JE Root,YS Chahal,0,0,,,,,,,,,
1119547,2018,2018-07-14,Lord's,1,18.1,England,India,JE Root,EJG Morgan,HH Pandya,1,0,,,,,,,,,
1119547,2018,2018-07-14,Lord's,1,18.2,England,India,EJG Morgan,JE Root,HH Pandya,0,0,,,,,,,,,
1119547,2018,2018-07-14,Lord's,1,18.3,England,India,EJG Morgan,JE Root,HH Pandya,1,0,,,,,,,,,
1119547,2018,2018-07-14,Lord's,1,18.4,England,India,JE Root,EJG Morgan,HH Pandya,0,0,,,,,,,,,
1119547,2018,2018-07-14,Lord's,1,18.5,England,India,JE Root,EJG Morgan,HH Pandya,0,0,,,,,,,,,
1119547,2018,2018-07-14,Lord's,1,18.6,England,India,JE Root,EJG Morgan,HH Pandya,1,0,,,,,,,,,
1119547,2018,2018-07-14,Lord's,1,19.1,England,India,JE Root,EJG Morgan,YS Chahal,0,0,,,,,,,,,
1119547,2018,2018-07-14,Lord's,1,19.2,England,India,JE Root,EJG Morgan,YS Chahal,2,0,,,,,,,,,
1119547,2018,2018-07-14,Lord's,1,19.3,England,India,JE Root,EJG Morgan,YS Chahal,0,0,,,,,,,,,
1119547,2018,2018-07-14,Lord's,1,19.4,England,India,JE Root,EJG Morgan,YS Chahal,1,0,,,,,,,,,
1119547,2018,2018-07-14,Lord's,1,19.5,England,India,EJG Morgan,JE Root,YS Chahal,0,0,,,,,,,,,
1119547,2018,2018-07-14,Lord's,1,19.6,England,India,EJG Morgan,JE Root,YS Chahal,0,0,,,,,,,,,
1119547,2018,2018-07-14,Lord's,1,20.1,England,India,JE Root,EJG Morgan,HH Pandya,1,0,,,,,,,,,
1119547,2018,2018-07-14,Lord's,1,20.2,England,India,EJG Morgan,JE Root,HH Pandya,1,0,,,,,,,,,
1119547,2018,2018-07-14,Lord's,1,20.3,England,India,JE Root,EJG Morgan,HH Pandya,1,0,,,,,,,,,
1119547,2018,2018-07-14,Lord's,1,20.4,England,India,EJG Morgan,JE Root,HH Pandya,1,0,,,,,,,,,
1119547,2018,2018-07-14,Lord's,1,20.5,England,India,JE Root,EJG Morgan,HH Pandya,1,0,,,,,,,,,
1119547,2018,2018-07-14,Lord's,1,20.6,England,India,EJG Morgan,JE Root,HH Pandya,0,0,,,,,,,,,
1119547,2018,2018-07-14,Lord's,1,21.1,England,India,JE Root,EJG Morgan,YS Chahal,0,0,,,,,,,,,
1119547,2018,2018-07-14,Lord's,1,21.2,England,India,JE Root,EJG Morgan,YS Chahal,1,0,,,,,,,,,
1119547,2018,2018-07-14,Lord's,1,21.3,England,India,EJG Morgan,JE Root,YS Chahal,1,0,,,,,,,,,
1119547,2018,2018-07-14,Lord's,1,21.4,England,India,JE Root,EJG Morgan,YS Chahal,0,0,,,,,,,,,
1119547,2018,2018-07-14,Lord's,1,21.5,England,India,JE Root,EJG Morgan,YS Chahal,1,0,,,,,,,,,
1119547,2018,2018-07-14,Lord's,1,21.6,England,India,EJG Morgan,JE Root,YS Chahal,1,0,,,,,,,,,
1119547,2018,2018-07-14,Lord's,1,22.1,England,India,EJG Morgan,JE Root,HH Pandya,0,0,,,,,,,,,
1119547,2018,2018-07-14,Lord's,1,22.2,England,India,EJG Morgan,JE Root,HH Pandya,1,0,,,,,,,,,
1119547,2018,2018-07-14,Lord's,1,22.3,England,India,JE Root,EJG Morgan,HH Pandya,0,1,1,,,,,,,,
1119547,2018,2018-07-14,Lord's,1,22.4,England,India,JE Root,EJG Morgan,HH Pandya,4,0,,,,,,,,,
1119547,2018,2018-07-14,Lord's,1,22.5,England,India,JE Root,EJG Morgan,HH Pandya,1,0,,,,,,,,,
1119547,2018,2018-07-14,Lord's,1,22.6,England,India,EJG Morgan,JE Root,HH Pandya,0,1,1,,,,,,,,
1119547,2018,2018-07-14,Lord's,1,22.7,England,India,EJG Morgan,JE Root,HH Pandya,1,0,,,,,,,,,
1119547,2018,2018-07-14,Lord's,1,22.8,England,India,JE Root,EJG Morgan,HH Pandya,1,0,,,,,,,,,
1119547,2018,2018-07-14,Lord's,1,23.1,England,India,JE Root,EJG Morgan,YS Chahal,1,0,,,,,,,,,
1119547,2018,2018-07-14,Lord's,1,23.2,England,India,EJG Morgan,JE Root,YS Chahal,1,1,,1,,,,,,,
1119547,2018,2018-07-14,Lord's,1,23.3,England,India,JE Root,EJG Morgan,YS Chahal,1,0,,,,,,,,,
1119547,2018,2018-07-14,Lord's,1,23.4,England,India,EJG Morgan,JE Root,YS Chahal,0,0,,,,,,,,,
1119547,2018,2018-07-14,Lord's,1,23.5,England,India,EJG Morgan,JE Root,YS Chahal,1,0,,,,,,,,,
1119547,2018,2018-07-14,Lord's,1,23.6,England,India,JE Root,EJG Morgan,YS Chahal,1,0,,,,,,,,,
1119547,2018,2018-07-14,Lord's,1,23.7,England,India,EJG Morgan,JE Root,YS Chahal,0,0,,,,,,,,,
1119547,2018,2018-07-14,Lord's,1,24.1,England,India,JE Root,EJG Morgan,SK Raina,1,0,,,,,,,,,
1119547,2018,2018-07-14,Lord's,1,24.2,England,India,EJG Morgan,JE Root,SK Raina,1,0,,,,,,,,,
1119547,2018,2018-07-14,Lord's,1,24.3,England,India,JE Root,EJG Morgan,SK Raina,1,0,,,,,,,,,
1119547,2018,2018-07-14,Lord's,1,24.4,England,India,EJG Morgan,JE Root,SK Raina,1,0,,,,,,,,,
1119547,2018,2018-07-14,Lord's,1,24.5,England,India,JE Root,EJG Morgan,SK Raina,1,0,,,,,,,,,
1119547,2018,2018-07-14,Lord's,1,24.6,England,India,EJG Morgan,JE Root,SK Raina,1,0,,,,,,,,,
1119547,2018,2018-07-14,Lord's,1,25.1,England,India,EJG Morgan,JE Root,YS Chahal,2,0,,,,,,,,,
1119547,2018,2018-07-14,Lord's,1,25.2,England,India,EJG Morgan,JE Root,YS Chahal,0,0,,,,,,,,,
1119547,2018,2018-07-14,Lord's,1,25.3,England,India,EJG Morgan,JE Root,YS Chahal,1,0,,,,,,,,,
1119547,2018,2018-07-14,Lord's,1,25.4,England,India,JE Root,EJG Morgan,YS Chahal,1,0,,,,,,,,,
1119547,2018,2018-07-14,Lord's,1,25.5,England,India,EJG Morgan,JE Root,YS Chahal,0,0,,,,,,,,,
1119547,2018,2018-07-14,Lord's,1,25.6,England,India,EJG Morgan,JE Root,YS Chahal,0,0,,,,,,,,,
1119547,2018,2018-07-14,Lord's,1,26.1,England,India,JE Root,EJG Morgan,SK Raina,1,0,,,,,,,,,
1119547,2018,2018-07-14,Lord's,1,26.2,England,India,EJG Morgan,JE Root,SK Raina,4,0,,,,,,,,,
1119547,2018,2018-07-14,Lord's,1,26.3,England,India,EJG Morgan,JE Root,SK Raina,1,0,,,,,,,,,
1119547,2018,2018-07-14,Lord's,1,26.4,England,India,JE Root,EJG Morgan,SK Raina,4,0,,,,,,,,,
1119547,2018,2018-07-14,Lord's,1,26.5,England,India,JE Root,EJG Morgan,SK Raina,1,0,,,,,,,,,
1119547,2018,2018-07-14,Lord's,1,26.6,England,India,EJG Morgan,JE Root,SK Raina,1,0,,,,,,,,,
1119547,2018,2018-07-14,Lord's,1,27.1,England,India,EJG Morgan,JE Root,YS Chahal,6,0,,,,,,,,,
1119547,2018,2018-07-14,Lord's,1,27.2,England,India,EJG Morgan,JE Root,YS Chahal,1,0,,,,,,,,,
1119547,2018,2018-07-14,Lord's,1,27.3,England,India,JE Root,EJG Morgan,YS Chahal,0,0,,,,,,,,,
1119547,2018,2018-07-14,Lord's,1,27.4,England,India,JE Root,EJG Morgan,YS Chahal,0,0,,,,,,,,,
1119547,2018,2018-07-14,Lord's,1,27.5,England,India,JE Root,EJG Morgan,YS Chahal,0,0,,,,,,,,,
1119547,2018,2018-07-14,Lord's,1,27.6,England,India,JE Root,EJG Morgan,YS Chahal,1,0,,,,,,,,,
1119547,2018,2018-07-14,Lord's,1,28.1,England,India,JE Root,EJG Morgan,Kuldeep Yadav,0,0,,,,,,,,,
1119547,2018,2018-07-14,Lord's,1,28.2,England,India,JE Root,EJG Morgan,Kuldeep Yadav,2,0,,,,,,,,,
1119547,2018,2018-07-14,Lord's,1,28.3,England,India,JE Root,EJG Morgan,Kuldeep Yadav,1,0,,,,,,,,,
1119547,2018,2018-07-14,Lord's,1,28.4,England,India,EJG Morgan,JE Root,Kuldeep Yadav,0,0,,,,,,,,,
1119547,2018,2018-07-14,Lord's,1,28.5,England,India,EJG Morgan,JE Root,Kuldeep Yadav,1,0,,,,,,,,,
1119547,2018,2018-07-14,Lord's,1,28.6,England,India,JE Root,EJG Morgan,Kuldeep Yadav,1,0,,,,,,,,,
1119547,2018,2018-07-14,Lord's,1,29.1,England,India,JE Root,EJG Morgan,YS Chahal,1,0,,,,,,,,,
1119547,2018,2018-07-14,Lord's,1,29.2,England,India,EJG Morgan,JE Root,YS Chahal,0,0,,,,,,,,,
1119547,2018,2018-07-14,Lord's,1,29.3,England,India,EJG Morgan,JE Root,YS Chahal,2,0,,,,,,,,,
1119547,2018,2018-07-14,Lord's,1,29.4,England,India,EJG Morgan,JE Root,YS Chahal,0,0,,,,,,,,,
1119547,2018,2018-07-14,Lord's,1,29.5,England,India,EJG Morgan,JE Root,YS Chahal,1,0,,,,,,,,,
1119547,2018,2018-07-14,Lord's,1,29.6,England,India,JE Root,EJG Morgan,YS Chahal,0,0,,,,,,,,,
1119547,2018,2018-07-14,Lord's,1,30.1,England,India,EJG Morgan,JE Root,Kuldeep Yadav,2,0,,,,,,,,,
1119547,2018,2018-07-14,Lord's,1,30.2,England,India,EJG Morgan,JE Root,Kuldeep Yadav,2,0,,,,,,,,,
1119547,2018,2018-07-14,Lord's,1,30.3,England,India,EJG Morgan,JE Root,Kuldeep Yadav,0,0,,,,,,caught,EJG Morgan,,
1119547,2018,2018-07-14,Lord's,1,30.4,England,India,JE Root,BA Stokes,Kuldeep Yadav,0,0,,,,,,,,,
1119547,2018,2018-07-14,Lord's,1,30.5,England,India,JE Root,BA Stokes,Kuldeep Yadav,0,0,,,,,,,,,
1119547,2018,2018-07-14,Lord's,1,30.6,England,India,JE Root,BA Stokes,Kuldeep Yadav,0,0,,,,,,,,,
1119547,2018,2018-07-14,Lord's,1,31.1,England,India,BA Stokes,JE Root,HH Pandya,0,0,,,,,,,,,
1119547,2018,2018-07-14,Lord's,1,31.2,England,India,BA Stokes,JE Root,HH Pandya,1,0,,,,,,,,,
1119547,2018,2018-07-14,Lord's,1,31.3,England,India,JE Root,BA Stokes,HH Pandya,0,0,,,,,,,,,
1119547,2018,2018-07-14,Lord's,1,31.4,England,India,JE Root,BA Stokes,HH Pandya,0,0,,,,,,,,,
1119547,2018,2018-07-14,Lord's,1,31.5,England,India,JE Root,BA Stokes,HH Pandya,1,0,,,,,,,,,
1119547,2018,2018-07-14,Lord's,1,31.6,England,India,BA Stokes,JE Root,HH Pandya,1,0,,,,,,,,,
1119547,2018,2018-07-14,Lord's,1,32.1,England,India,BA Stokes,JE Root,Kuldeep Yadav,0,0,,,,,,,,,
1119547,2018,2018-07-14,Lord's,1,32.2,England,India,BA Stokes,JE Root,Kuldeep Yadav,1,0,,,,,,,,,
1119547,2018,2018-07-14,Lord's,1,32.3,England,India,JE Root,BA Stokes,Kuldeep Yadav,4,0,,,,,,,,,
1119547,2018,2018-07-14,Lord's,1,32.4,England,India,JE Root,BA Stokes,Kuldeep Yadav,1,0,,,,,,,,,
1119547,2018,2018-07-14,Lord's,1,32.5,England,India,BA Stokes,JE Root,Kuldeep Yadav,1,0,,,,,,,,,
1119547,2018,2018-07-14,Lord's,1,32.6,England,India,JE Root,BA Stokes,Kuldeep Yadav,1,0,,,,,,,,,
1119547,2018,2018-07-14,Lord's,1,33.1,England,India,JE Root,BA Stokes,HH Pandya,0,0,,,,,,,,,
1119547,2018,2018-07-14,Lord's,1,33.2,England,India,JE Root,BA Stokes,HH Pandya,1,0,,,,,,,,,
1119547,2018,2018-07-14,Lord's,1,33.3,England,India,BA Stokes,JE Root,HH Pandya,1,0,,,,,,,,,
1119547,2018,2018-07-14,Lord's,1,33.4,England,India,JE Root,BA Stokes,HH Pandya,1,0,,,,,,,,,
1119547,2018,2018-07-14,Lord's,1,33.5,England,India,BA Stokes,JE Root,HH Pandya,0,0,,,,,,caught,BA Stokes,,
1119547,2018,2018-07-14,Lord's,1,33.6,England,India,JC Buttler,JE Root,HH Pandya,0,0,,,,,,,,,
1119547,2018,2018-07-14,Lord's,1,34.1,England,India,JE Root,JC Buttler,UT Yadav,0,0,,,,,,,,,
1119547,2018,2018-07-14,Lord's,1,34.2,England,India,JE Root,JC Buttler,UT Yadav,0,0,,,,,,,,,
1119547,2018,2018-07-14,Lord's,1,34.3,England,India,JE Root,JC Buttler,UT Yadav,0,0,,,,,,,,,
1119547,2018,2018-07-14,Lord's,1,34.4,England,India,JE Root,JC Buttler,UT Yadav,0,0,,,,,,,,,
1119547,2018,2018-07-14,Lord's,1,34.5,England,India,JE Root,JC Buttler,UT Yadav,1,0,,,,,,,,,
1119547,2018,2018-07-14,Lord's,1,34.6,England,India,JC Buttler,JE Root,UT Yadav,0,0,,,,,,,,,
1119547,2018,2018-07-14,Lord's,1,35.1,England,India,JE Root,JC Buttler,HH Pandya,4,0,,,,,,,,,
1119547,2018,2018-07-14,Lord's,1,35.2,England,India,JE Root,JC Buttler,HH Pandya,1,0,,,,,,,,,
1119547,2018,2018-07-14,Lord's,1,35.3,England,India,JC Buttler,JE Root,HH Pandya,1,0,,,,,,,,,
1119547,2018,2018-07-14,Lord's,1,35.4,England,India,JE Root,JC Buttler,HH Pandya,1,0,,,,,,,,,
1119547,2018,2018-07-14,Lord's,1,35.5,England,India,JC Buttler,JE Root,HH Pandya,1,0,,,,,,,,,
1119547,2018,2018-07-14,Lord's,1,35.6,England,India,JE Root,JC Buttler,HH Pandya,0,0,,,,,,,,,
1119547,2018,2018-07-14,Lord's,1,36.1,England,India,JC Buttler,JE Root,UT Yadav,0,0,,,,,,,,,
1119547,2018,2018-07-14,Lord's,1,36.2,England,India,JC Buttler,JE Root,UT Yadav,2,0,,,,,,,,,
1119547,2018,2018-07-14,Lord's,1,36.3,England,India,JC Buttler,JE Root,UT Yadav,0,0,,,,,,caught,JC Buttler,,
1119547,2018,2018-07-14,Lord's,1,36.4,England,India,MM Ali,JE Root,UT Yadav,1,0,,,,,,,,,
1119547,2018,2018-07-14,Lord's,1,36.5,England,India,JE Root,MM Ali,UT Yadav,1,0,,,,,,,,,
1119547,2018,2018-07-14,Lord's,1,36.6,England,India,MM Ali,JE Root,UT Yadav,0,0,,,,,,,,,
1119547,2018,2018-07-14,Lord's,1,37.1,England,India,JE Root,MM Ali,HH Pandya,2,0,,,,,,,,,
1119547,2018,2018-07-14,Lord's,1,37.2,England,India,JE Root,MM Ali,HH Pandya,0,0,,,,,,,,,
1119547,2018,2018-07-14,Lord's,1,37.3,England,India,JE Root,MM Ali,HH Pandya,0,0,,,,,,,,,
1119547,2018,2018-07-14,Lord's,1,37.4,England,India,JE Root,MM Ali,HH Pandya,1,0,,,,,,,,,
1119547,2018,2018-07-14,Lord's,1,37.5,England,India,MM Ali,JE Root,HH Pandya,0,0,,,,,,,,,
1119547,2018,2018-07-14,Lord's,1,37.6,England,India,MM Ali,JE Root,HH Pandya,1,0,,,,,,,,,
1119547,2018,2018-07-14,Lord's,1,38.1,England,India,MM Ali,JE Root,UT Yadav,2,0,,,,,,,,,
1119547,2018,2018-07-14,Lord's,1,38.2,England,India,MM Ali,JE Root,UT Yadav,0,0,,,,,,,,,
1119547,2018,2018-07-14,Lord's,1,38.3,England,India,MM Ali,JE Root,UT Yadav,0,0,,,,,,,,,
1119547,2018,2018-07-14,Lord's,1,38.4,England,India,MM Ali,JE Root,UT Yadav,1,0,,,,,,,,,
1119547,2018,2018-07-14,Lord's,1,38.5,England,India,JE Root,MM Ali,UT Yadav,1,0,,,,,,,,,
1119547,2018,2018-07-14,Lord's,1,38.6,England,India,MM Ali,JE Root,UT Yadav,0,0,,,,,,,,,
1119547,2018,2018-07-14,Lord's,1,39.1,England,India,JE Root,MM Ali,YS Chahal,0,0,,,,,,,,,
1119547,2018,2018-07-14,Lord's,1,39.2,England,India,JE Root,MM Ali,YS Chahal,1,0,,,,,,,,,
1119547,2018,2018-07-14,Lord's,1,39.3,England,India,MM Ali,JE Root,YS Chahal,1,0,,,,,,,,,
1119547,2018,2018-07-14,Lord's,1,39.4,England,India,JE Root,MM Ali,YS Chahal,0,0,,,,,,,,,
1119547,2018,2018-07-14,Lord's,1,39.5,England,India,JE Root,MM Ali,YS Chahal,0,0,,,,,,,,,
1119547,2018,2018-07-14,Lord's,1,39.6,England,India,JE Root,MM Ali,YS Chahal,2,0,,,,,,,,,
1119547,2018,2018-07-14,Lord's,1,40.1,England,India,MM Ali,JE Root,Kuldeep Yadav,1,0,,,,,,,,,
1119547,2018,2018-07-14,Lord's,1,40.2,England,India,JE Root,MM Ali,Kuldeep Yadav,1,0,,,,,,,,,
1119547,2018,2018-07-14,Lord's,1,40.3,England,India,MM Ali,JE Root,Kuldeep Yadav,0,0,,,,,,,,,
1119547,2018,2018-07-14,Lord's,1,40.4,England,India,MM Ali,JE Root,Kuldeep Yadav,4,0,,,,,,,,,
1119547,2018,2018-07-14,Lord's,1,40.5,England,India,MM Ali,JE Root,Kuldeep Yadav,1,0,,,,,,,,,
1119547,2018,2018-07-14,Lord's,1,40.6,England,India,JE Root,MM Ali,Kuldeep Yadav,1,0,,,,,,,,,
1119547,2018,2018-07-14,Lord's,1,41.1,England,India,JE Root,MM Ali,YS Chahal,1,0,,,,,,,,,
1119547,2018,2018-07-14,Lord's,1,41.2,England,India,MM Ali,JE Root,YS Chahal,1,0,,,,,,,,,
1119547,2018,2018-07-14,Lord's,1,41.3,England,India,JE Root,MM Ali,YS Chahal,1,0,,,,,,,,,
1119547,2018,2018-07-14,Lord's,1,41.4,England,India,MM Ali,JE Root,YS Chahal,0,0,,,,,,caught,MM Ali,,
1119547,2018,2018-07-14,Lord's,1,41.5,England,India,JE Root,DJ Willey,YS Chahal,1,0,,,,,,,,,
1119547,2018,2018-07-14,Lord's,1,41.6,England,India,DJ Willey,JE Root,YS Chahal,0,0,,,,,,,,,
1119547,2018,2018-07-14,Lord's,1,42.1,England,India,JE Root,DJ Willey,Kuldeep Yadav,4,0,,,,,,,,,
1119547,2018,2018-07-14,Lord's,1,42.2,England,India,JE Root,DJ Willey,Kuldeep Yadav,1,0,,,,,,,,,
1119547,2018,2018-07-14,Lord's,1,42.3,England,India,DJ Willey,JE Root,Kuldeep Yadav,1,0,,,,,,,,,
1119547,2018,2018-07-14,Lord's,1,42.4,England,India,JE Root,DJ Willey,Kuldeep Yadav,1,0,,,,,,,,,
1119547,2018,2018-07-14,Lord's,1,42.5,England,India,DJ Willey,JE Root,Kuldeep Yadav,1,0,,,,,,,,,
1119547,2018,2018-07-14,Lord's,1,42.6,England,India,JE Root,DJ Willey,Kuldeep Yadav,4,0,,,,,,,,,
1119547,2018,2018-07-14,Lord's,1,43.1,England,India,DJ Willey,JE Root,S Kaul,0,0,,,,,,,,,
1119547,2018,2018-07-14,Lord's,1,43.2,England,India,DJ Willey,JE Root,S Kaul,0,0,,,,,,,,,
1119547,2018,2018-07-14,Lord's,1,43.3,England,India,DJ Willey,JE Root,S Kaul,1,0,,,,,,,,,
1119547,2018,2018-07-14,Lord's,1,43.4,England,India,JE Root,DJ Willey,S Kaul,1,0,,,,,,,,,
1119547,2018,2018-07-14,Lord's,1,43.5,England,India,DJ Willey,JE Root,S Kaul,1,0,,,,,,,,,
1119547,2018,2018-07-14,Lord's,1,43.6,England,India,JE Root,DJ Willey,S Kaul,1,0,,,,,,,,,
1119547,2018,2018-07-14,Lord's,1,44.1,England,India,JE Root,DJ Willey,Kuldeep Yadav,1,0,,,,,,,,,
1119547,2018,2018-07-14,Lord's,1,44.2,England,India,DJ Willey,JE Root,Kuldeep Yadav,1,0,,,,,,,,,
1119547,2018,2018-07-14,Lord's,1,44.3,England,India,JE Root,DJ Willey,Kuldeep Yadav,1,0,,,,,,,,,
1119547,2018,2018-07-14,Lord's,1,44.4,England,India,DJ Willey,JE Root,Kuldeep Yadav,3,0,,,,,,,,,
1119547,2018,2018-07-14,Lord's,1,44.5,England,India,JE Root,DJ Willey,Kuldeep Yadav,1,0,,,,,,,,,
1119547,2018,2018-07-14,Lord's,1,44.6,England,India,DJ Willey,JE Root,Kuldeep Yadav,1,0,,,,,,,,,
1119547,2018,2018-07-14,Lord's,1,45.1,England,India,DJ Willey,JE Root,S Kaul,4,0,,,,,,,,,
1119547,2018,2018-07-14,Lord's,1,45.2,England,India,DJ Willey,JE Root,S Kaul,6,0,,,,,,,,,
1119547,2018,2018-07-14,Lord's,1,45.3,England,India,DJ Willey,JE Root,S Kaul,0,0,,,,,,,,,
1119547,2018,2018-07-14,Lord's,1,45.4,England,India,DJ Willey,JE Root,S Kaul,4,0,,,,,,,,,
1119547,2018,2018-07-14,Lord's,1,45.5,England,India,DJ Willey,JE Root,S Kaul,2,0,,,,,,,,,
1119547,2018,2018-07-14,Lord's,1,45.6,England,India,DJ Willey,JE Root,S Kaul,1,0,,,,,,,,,
1119547,2018,2018-07-14,Lord's,1,46.1,England,India,DJ Willey,JE Root,UT Yadav,1,0,,,,,,,,,
1119547,2018,2018-07-14,Lord's,1,46.2,England,India,JE Root,DJ Willey,UT Yadav,1,0,,,,,,,,,
1119547,2018,2018-07-14,Lord's,1,46.3,England,India,DJ Willey,JE Root,UT Yadav,0,0,,,,,,,,,
1119547,2018,2018-07-14,Lord's,1,46.4,England,India,DJ Willey,JE Root,UT Yadav,4,0,,,,,,,,,
1119547,2018,2018-07-14,Lord's,1,46.5,England,India,DJ Willey,JE Root,UT Yadav,4,0,,,,,,,,,
1119547,2018,2018-07-14,Lord's,1,46.6,England,India,DJ Willey,JE Root,UT Yadav,1,0,,,,,,,,,
1119547,2018,2018-07-14,Lord's,1,47.1,England,India,DJ Willey,JE Root,HH Pandya,4,0,,,,,,,,,
1119547,2018,2018-07-14,Lord's,1,47.2,England,India,DJ Willey,JE Root,HH Pandya,1,0,,,,,,,,,
1119547,2018,2018-07-14,Lord's,1,47.3,England,India,JE Root,DJ Willey,HH Pandya,0,0,,,,,,,,,
1119547,2018,2018-07-14,Lord's,1,47.4,England,India,JE Root,DJ Willey,HH Pandya,1,0,,,,,,,,,
1119547,2018,2018-07-14,Lord's,1,47.5,England,India,DJ Willey,JE Root,HH Pandya,1,0,,,,,,,,,
1119547,2018,2018-07-14,Lord's,1,47.6,England,India,JE Root,DJ Willey,HH Pandya,6,0,,,,,,,,,
1119547,2018,2018-07-14,Lord's,1,48.1,England,India,DJ Willey,JE Root,UT Yadav,1,0,,,,,,,,,
1119547,2018,2018-07-14,Lord's,1,48.2,England,India,JE Root,DJ Willey,UT Yadav,0,1,1,,,,,,,,
1119547,2018,2018-07-14,Lord's,1,48.3,England,India,JE Root,DJ Willey,UT Yadav,1,0,,,,,,,,,
1119547,2018,2018-07-14,Lord's,1,48.4,England,India,DJ Willey,JE Root,UT Yadav,1,0,,,,,,,,,
1119547,2018,2018-07-14,Lord's,1,48.5,England,India,JE Root,DJ Willey,UT Yadav,0,0,,,,,,,,,
1119547,2018,2018-07-14,Lord's,1,48.6,England,India,JE Root,DJ Willey,UT Yadav,1,0,,,,,,,,,
1119547,2018,2018-07-14,Lord's,1,48.7,England,India,DJ Willey,JE Root,UT Yadav,1,1,,1,,,,,,,
1119547,2018,2018-07-14,Lord's,1,48.8,England,India,JE Root,DJ Willey,UT Yadav,2,0,,,,,,,,,
1119547,2018,2018-07-14,Lord's,1,49.1,England,India,DJ Willey,JE Root,S Kaul,1,0,,,,,,,,,
1119547,2018,2018-07-14,Lord's,1,49.2,England,India,JE Root,DJ Willey,S Kaul,2,0,,,,,,,,,
1119547,2018,2018-07-14,Lord's,1,49.3,England,India,JE Root,DJ Willey,S Kaul,1,0,,,,,,,,,
1119547,2018,2018-07-14,Lord's,1,49.4,England,India,DJ Willey,JE Root,S Kaul,2,0,,,,,,,,,
1119547,2018,2018-07-14,Lord's,1,49.5,England,India,DJ Willey,JE Root,S Kaul,2,0,,,,,,,,,
1119547,2018,2018-07-14,Lord's,1,49.6,England,India,DJ Willey,JE Root,S Kaul,0,0,,,,,,run out,DJ Willey,,
1119547,2018,2018-07-14,Lord's,2,0.1,India,England,RG Sharma,S Dhawan,MA Wood,0,0,,,,,,,,,
1119547,2018,2018-07-14,Lord's,2,0.2,India,England,RG Sharma,S Dhawan,MA Wood,0,0,,,,,,,,,
1119547,2018,2018-07-14,Lord's,2,0.3,India,England,RG Sharma,S Dhawan,MA Wood,0,0,,,,,,,,,
1119547,2018,2018-07-14,Lord's,2,0.4,India,England,RG Sharma,S Dhawan,MA Wood,0,0,,,,,,,,,
1119547,2018,2018-07-14,Lord's,2,0.5,India,England,RG Sharma,S Dhawan,MA Wood,0,0,,,,,,,,,
1119547,2018,2018-07-14,Lord's,2,0.6,India,England,RG Sharma,S Dhawan,MA Wood,0,1,1,,,,,,,,
1119547,2018,2018-07-14,Lord's,2,0.7,India,England,RG Sharma,S Dhawan,MA Wood,1,0,,,,,,,,,
1119547,2018,2018-07-14,Lord's,2,1.1,India,England,RG Sharma,S Dhawan,DJ Willey,4,0,,,,,,,,,
1119547,2018,2018-07-14,Lord's,2,1.2,India,England,RG Sharma,S Dhawan,DJ Willey,1,0,,,,,,,,,
1119547,2018,2018-07-14,Lord's,2,1.3,India,England,S Dhawan,RG Sharma,DJ Willey,0,0,,,,,,,,,
1119547,2018,2018-07-14,Lord's,2,1.4,India,England,S Dhawan,RG Sharma,DJ Willey,0,0,,,,,,,,,
1119547,2018,2018-07-14,Lord's,2,1.5,India,England,S Dhawan,RG Sharma,DJ Willey,4,0,,,,,,,,,
1119547,2018,2018-07-14,Lord's,2,1.6,India,England,S Dhawan,RG Sharma,DJ Willey,0,0,,,,,,,,,
1119547,2018,2018-07-14,Lord's,2,2.1,India,England,RG Sharma,S Dhawan,MA Wood,0,0,,,,,,,,,
1119547,2018,2018-07-14,Lord's,2,2.2,India,England,RG Sharma,S Dhawan,MA Wood,1,0,,,,,,,,,
1119547,2018,2018-07-14,Lord's,2,2.3,India,England,S Dhawan,RG Sharma,MA Wood,0,0,,,,,,,,,
1119547,2018,2018-07-14,Lord's,2,2.4,India,England,S Dhawan,RG Sharma,MA Wood,2,0,,,,,,,,,
1119547,2018,2018-07-14,Lord's,2,2.5,India,England,S Dhawan,RG Sharma,MA Wood,1,0,,,,,,,,,
1119547,2018,2018-07-14,Lord's,2,2.6,India,England,RG Sharma,S Dhawan,MA Wood,1,0,,,,,,,,,
1119547,2018,2018-07-14,Lord's,2,3.1,India,England,RG Sharma,S Dhawan,DJ Willey,0,0,,,,,,,,,
1119547,2018,2018-07-14,Lord's,2,3.2,India,England,RG Sharma,S Dhawan,DJ Willey,0,0,,,,,,,,,
1119547,2018,2018-07-14,Lord's,2,3.3,India,England,RG Sharma,S Dhawan,DJ Willey,0,0,,,,,,,,,
1119547,2018,2018-07-14,Lord's,2,3.4,India,England,RG Sharma,S Dhawan,DJ Willey,0,1,1,,,,,,,,
1119547,2018,2018-07-14,Lord's,2,3.5,India,England,RG Sharma,S Dhawan,DJ Willey,0,0,,,,,,,,,
1119547,2018,2018-07-14,Lord's,2,3.6,India,England,RG Sharma,S Dhawan,DJ Willey,0,0,,,,,,,,,
1119547,2018,2018-07-14,Lord's,2,3.7,India,England,RG Sharma,S Dhawan,DJ Willey,0,1,1,,,,,,,,
1119547,2018,2018-07-14,Lord's,2,3.8,India,England,RG Sharma,S Dhawan,DJ Willey,0,0,,,,,,,,,
1119547,2018,2018-07-14,Lord's,2,4.1,India,England,S Dhawan,RG Sharma,MA Wood,4,0,,,,,,,,,
1119547,2018,2018-07-14,Lord's,2,4.2,India,England,S Dhawan,RG Sharma,MA Wood,0,0,,,,,,,,,
1119547,2018,2018-07-14,Lord's,2,4.3,India,England,S Dhawan,RG Sharma,MA Wood,2,0,,,,,,,,,
1119547,2018,2018-07-14,Lord's,2,4.4,India,England,S Dhawan,RG Sharma,MA Wood,4,0,,,,,,,,,
1119547,2018,2018-07-14,Lord's,2,4.5,India,England,S Dhawan,RG Sharma,MA Wood,0,0,,,,,,,,,
1119547,2018,2018-07-14,Lord's,2,4.6,India,England,S Dhawan,RG Sharma,MA Wood,0,0,,,,,,,,,
1119547,2018,2018-07-14,Lord's,2,5.1,India,England,RG Sharma,S Dhawan,DJ Willey,1,0,,,,,,,,,
1119547,2018,2018-07-14,Lord's,2,5.2,India,England,S Dhawan,RG Sharma,DJ Willey,0,0,,,,,,,,,
1119547,2018,2018-07-14,Lord's,2,5.3,India,England,S Dhawan,RG Sharma,DJ Willey,4,0,,,,,,,,,
1119547,2018,2018-07-14,Lord's,2,5.4,India,England,S Dhawan,RG Sharma,DJ Willey,0,0,,,,,,,,,
1119547,2018,2018-07-14,Lord's,2,5.5,India,England,S Dhawan,RG Sharma,DJ Willey,1,0,,,,,,,,,
1119547,2018,2018-07-14,Lord's,2,5.6,India,England,RG Sharma,S Dhawan,DJ Willey,0,0,,,,,,,,,
1119547,2018,2018-07-14,Lord's,2,6.1,India,England,S Dhawan,RG Sharma,MA Wood,0,0,,,,,,,,,
1119547,2018,2018-07-14,Lord's,2,6.2,India,England,S Dhawan,RG Sharma,MA Wood,4,0,,,,,,,,,
1119547,2018,2018-07-14,Lord's,2,6.3,India,England,S Dhawan,RG Sharma,MA Wood,3,0,,,,,,,,,
1119547,2018,2018-07-14,Lord's,2,6.4,India,England,RG Sharma,S Dhawan,MA Wood,4,0,,,,,,,,,
1119547,2018,2018-07-14,Lord's,2,6.5,India,England,RG Sharma,S Dhawan,MA Wood,0,0,,,,,,,,,
1119547,2018,2018-07-14,Lord's,2,6.6,India,England,RG Sharma,S Dhawan,MA Wood,0,0,,,,,,,,,
1119547,2018,2018-07-14,Lord's,2,7.1,India,England,S Dhawan,RG Sharma,DJ Willey,0,0,,,,,,,,,
1119547,2018,2018-07-14,Lord's,2,7.2,India,England,S Dhawan,RG Sharma,DJ Willey,1,0,,,,,,,,,
1119547,2018,2018-07-14,Lord's,2,7.3,India,England,RG Sharma,S Dhawan,DJ Willey,1,0,,,,,,,,,
1119547,2018,2018-07-14,Lord's,2,7.4,India,England,S Dhawan,RG Sharma,DJ Willey,1,0,,,,,,,,,
1119547,2018,2018-07-14,Lord's,2,7.5,India,England,RG Sharma,S Dhawan,DJ Willey,1,0,,,,,,,,,
1119547,2018,2018-07-14,Lord's,2,7.6,India,England,S Dhawan,RG Sharma,DJ Willey,0,0,,,,,,,,,
1119547,2018,2018-07-14,Lord's,2,8.1,India,England,RG Sharma,S Dhawan,MA Wood,0,0,,,,,,,,,
1119547,2018,2018-07-14,Lord's,2,8.2,India,England,RG Sharma,S Dhawan,MA Wood,0,0,,,,,,bowled,RG Sharma,,
1119547,2018,2018-07-14,Lord's,2,8.3,India,England,V Kohli,S Dhawan,MA Wood,0,0,,,,,,,,,
1119547,2018,2018-07-14,Lord's,2,8.4,India,England,V Kohli,S Dhawan,MA Wood,1,0,,,,,,,,,
1119547,2018,2018-07-14,Lord's,2,8.5,India,England,S Dhawan,V Kohli,MA Wood,1,0,,,,,,,,,
1119547,2018,2018-07-14,Lord's,2,8.6,India,England,V Kohli,S Dhawan,MA Wood,1,0,,,,,,,,,
1119547,2018,2018-07-14,Lord's,2,9.1,India,England,V Kohli,S Dhawan,DJ Willey,1,0,,,,,,,,,
1119547,2018,2018-07-14,Lord's,2,9.2,India,England,S Dhawan,V Kohli,DJ Willey,0,0,,,,,,,,,
1119547,2018,2018-07-14,Lord's,2,9.3,India,England,S Dhawan,V Kohli,DJ Willey,0,0,,,,,,,,,
1119547,2018,2018-07-14,Lord's,2,9.4,India,England,S Dhawan,V Kohli,DJ Willey,4,0,,,,,,,,,
1119547,2018,2018-07-14,Lord's,2,9.5,India,England,S Dhawan,V Kohli,DJ Willey,0,0,,,,,,,,,
1119547,2018,2018-07-14,Lord's,2,9.6,India,England,S Dhawan,V Kohli,DJ Willey,0,0,,,,,,caught,S Dhawan,,
1119547,2018,2018-07-14,Lord's,2,10.1,India,England,V Kohli,KL Rahul,LE Plunkett,2,0,,,,,,,,,
1119547,2018,2018-07-14,Lord's,2,10.2,India,England,V Kohli,KL Rahul,LE Plunkett,0,0,,,,,,,,,
1119547,2018,2018-07-14,Lord's,2,10.3,India,England,V Kohli,KL Rahul,LE Plunkett,1,0,,,,,,,,,
1119547,2018,2018-07-14,Lord's,2,10.4,India,England,KL Rahul,V Kohli,LE Plunkett,0,0,,,,,,,,,
1119547,2018,2018-07-14,Lord's,2,10.5,India,England,KL Rahul,V Kohli,LE Plunkett,0,0,,,,,,caught,KL Rahul,,
1119547,2018,2018-07-14,Lord's,2,10.6,India,England,SK Raina,V Kohli,LE Plunkett,1,0,,,,,,,,,
1119547,2018,2018-07-14,Lord's,2,11.1,India,England,SK Raina,V Kohli,DJ Willey,0,0,,,,,,,,,
1119547,2018,2018-07-14,Lord's,2,11.2,India,England,SK Raina,V Kohli,DJ Willey,1,0,,,,,,,,,
1119547,2018,2018-07-14,Lord's,2,11.3,India,England,V Kohli,SK Raina,DJ Willey,0,0,,,,,,,,,
1119547,2018,2018-07-14,Lord's,2,11.4,India,England,V Kohli,SK Raina,DJ Willey,0,0,,,,,,,,,
1119547,2018,2018-07-14,Lord's,2,11.5,India,England,V Kohli,SK Raina,DJ Willey,0,1,1,,,,,,,,
1119547,2018,2018-07-14,Lord's,2,11.6,India,England,V Kohli,SK Raina,DJ Willey,1,0,,,,,,,,,
1119547,2018,2018-07-14,Lord's,2,11.7,India,England,SK Raina,V Kohli,DJ Willey,1,0,,,,,,,,,
1119547,2018,2018-07-14,Lord's,2,12.1,India,England,SK Raina,V Kohli,LE Plunkett,1,0,,,,,,,,,
1119547,2018,2018-07-14,Lord's,2,12.2,India,England,V Kohli,SK Raina,LE Plunkett,0,0,,,,,,,,,
1119547,2018,2018-07-14,Lord's,2,12.3,India,England,V Kohli,SK Raina,LE Plunkett,1,0,,,,,,,,,
1119547,2018,2018-07-14,Lord's,2,12.4,India,England,SK Raina,V Kohli,LE Plunkett,1,0,,,,,,,,,
1119547,2018,2018-07-14,Lord's,2,12.5,India,England,V Kohli,SK Raina,LE Plunkett,0,0,,,,,,,,,
1119547,2018,2018-07-14,Lord's,2,12.6,India,England,V Kohli,SK Raina,LE Plunkett,2,0,,,,,,,,,
1119547,2018,2018-07-14,Lord's,2,13.1,India,England,SK Raina,V Kohli,BA Stokes,4,0,,,,,,,,,
1119547,2018,2018-07-14,Lord's,2,13.2,India,England,SK Raina,V Kohli,BA Stokes,1,0,,,,,,,,,
1119547,2018,2018-07-14,Lord's,2,13.3,India,England,V Kohli,SK Raina,BA Stokes,4,0,,,,,,,,,
1119547,2018,2018-07-14,Lord's,2,13.4,India,England,V Kohli,SK Raina,BA Stokes,2,0,,,,,,,,,
1119547,2018,2018-07-14,Lord's,2,13.5,India,England,V Kohli,SK Raina,BA Stokes,0,0,,,,,,,,,
1119547,2018,2018-07-14,Lord's,2,13.6,India,England,V Kohli,SK Raina,BA Stokes,1,0,,,,,,,,,
1119547,2018,2018-07-14,Lord's,2,14.1,India,England,V Kohli,SK Raina,LE Plunkett,0,0,,,,,,,,,
1119547,2018,2018-07-14,Lord's,2,14.2,India,England,V Kohli,SK Raina,LE Plunkett,1,0,,,,,,,,,
1119547,2018,2018-07-14,Lord's,2,14.3,India,England,SK Raina,V Kohli,LE Plunkett,1,0,,,,,,,,,
1119547,2018,2018-07-14,Lord's,2,14.4,India,England,V Kohli,SK Raina,LE Plunkett,0,1,1,,,,,,,,
1119547,2018,2018-07-14,Lord's,2,14.5,India,England,V Kohli,SK Raina,LE Plunkett,1,0,,,,,,,,,
1119547,2018,2018-07-14,Lord's,2,14.6,India,England,SK Raina,V Kohli,LE Plunkett,1,0,,,,,,,,,
1119547,2018,2018-07-14,Lord's,2,14.7,India,England,V Kohli,SK Raina,LE Plunkett,0,0,,,,,,,,,
1119547,2018,2018-07-14,Lord's,2,15.1,India,England,SK Raina,V Kohli,BA Stokes,0,0,,,,,,,,,
1119547,2018,2018-07-14,Lord's,2,15.2,India,England,SK Raina,V Kohli,BA Stokes,0,0,,,,,,,,,
1119547,2018,2018-07-14,Lord's,2,15.3,India,England,SK Raina,V Kohli,BA Stokes,1,0,,,,,,,,,
1119547,2018,2018-07-14,Lord's,2,15.4,India,England,V Kohli,SK Raina,BA Stokes,1,0,,,,,,,,,
1119547,2018,2018-07-14,Lord's,2,15.5,India,England,SK Raina,V Kohli,BA Stokes,1,0,,,,,,,,,
1119547,2018,2018-07-14,Lord's,2,15.6,India,England,V Kohli,SK Raina,BA Stokes,0,0,,,,,,,,,
1119547,2018,2018-07-14,Lord's,2,16.1,India,England,SK Raina,V Kohli,LE Plunkett,1,0,,,,,,,,,
1119547,2018,2018-07-14,Lord's,2,16.2,India,England,V Kohli,SK Raina,LE Plunkett,2,0,,,,,,,,,
1119547,2018,2018-07-14,Lord's,2,16.3,India,England,V Kohli,SK Raina,LE Plunkett,1,0,,,,,,,,,
1119547,2018,2018-07-14,Lord's,2,16.4,India,England,SK Raina,V Kohli,LE Plunkett,2,0,,,,,,,,,
1119547,2018,2018-07-14,Lord's,2,16.5,India,England,SK Raina,V Kohli,LE Plunkett,0,1,1,,,,,,,,
1119547,2018,2018-07-14,Lord's,2,16.6,India,England,SK Raina,V Kohli,LE Plunkett,1,0,,,,,,,,,
1119547,2018,2018-07-14,Lord's,2,16.7,India,England,V Kohli,SK Raina,LE Plunkett,1,0,,,,,,,,,
1119547,2018,2018-07-14,Lord's,2,17.1,India,England,V Kohli,SK Raina,BA Stokes,1,0,,,,,,,,,
1119547,2018,2018-07-14,Lord's,2,17.2,India,England,SK Raina,V Kohli,BA Stokes,1,0,,,,,,,,,
1119547,2018,2018-07-14,Lord's,2,17.3,India,England,V Kohli,SK Raina,BA Stokes,0,0,,,,,,,,,
1119547,2018,2018-07-14,Lord's,2,17.4,India,England,V Kohli,SK Raina,BA Stokes,2,0,,,,,,,,,
1119547,2018,2018-07-14,Lord's,2,17.5,India,England,V Kohli,SK Raina,BA Stokes,1,0,,,,,,,,,
1119547,2018,2018-07-14,Lord's,2,17.6,India,England,SK Raina,V Kohli,BA Stokes,0,0,,,,,,,,,
1119547,2018,2018-07-14,Lord's,2,18.1,India,England,V Kohli,SK Raina,MM Ali,0,0,,,,,,,,,
1119547,2018,2018-07-14,Lord's,2,18.2,India,England,V Kohli,SK Raina,MM Ali,0,0,,,,,,,,,
1119547,2018,2018-07-14,Lord's,2,18.3,India,England,V Kohli,SK Raina,MM Ali,1,0,,,,,,,,,
1119547,2018,2018-07-14,Lord's,2,18.4,India,England,SK Raina,V Kohli,MM Ali,0,0,,,,,,,,,
1119547,2018,2018-07-14,Lord's,2,18.5,India,England,SK Raina,V Kohli,MM Ali,0,0,,,,,,,,,
1119547,2018,2018-07-14,Lord's,2,18.6,India,England,SK Raina,V Kohli,MM Ali,0,0,,,,,,,,,
1119547,2018,2018-07-14,Lord's,2,19.1,India,England,V Kohli,SK Raina,BA Stokes,0,0,,,,,,,,,
1119547,2018,2018-07-14,Lord's,2,19.2,India,England,V Kohli,SK Raina,BA Stokes,0,0,,,,,,,,,
1119547,2018,2018-07-14,Lord's,2,19.3,India,England,V Kohli,SK Raina,BA Stokes,1,0,,,,,,,,,
1119547,2018,2018-07-14,Lord's,2,19.4,India,England,SK Raina,V Kohli,BA Stokes,1,0,,,,,,,,,
1119547,2018,2018-07-14,Lord's,2,19.5,India,England,V Kohli,SK Raina,BA Stokes,1,0,,,,,,,,,
1119547,2018,2018-07-14,Lord's,2,19.6,India,England,SK Raina,V Kohli,BA Stokes,1,0,,,,,,,,,
1119547,2018,2018-07-14,Lord's,2,20.1,India,England,SK Raina,V Kohli,MM Ali,1,0,,,,,,,,,
1119547,2018,2018-07-14,Lord's,2,20.2,India,England,V Kohli,SK Raina,MM Ali,0,0,,,,,,,,,
1119547,2018,2018-07-14,Lord's,2,20.3,India,England,V Kohli,SK Raina,MM Ali,1,0,,,,,,,,,
1119547,2018,2018-07-14,Lord's,2,20.4,India,England,SK Raina,V Kohli,MM Ali,1,0,,,,,,,,,
1119547,2018,2018-07-14,Lord's,2,20.5,India,England,V Kohli,SK Raina,MM Ali,0,0,,,,,,,,,
1119547,2018,2018-07-14,Lord's,2,20.6,India,England,V Kohli,SK Raina,MM Ali,0,0,,,,,,,,,
1119547,2018,2018-07-14,Lord's,2,21.1,India,England,SK Raina,V Kohli,BA Stokes,1,0,,,,,,,,,
1119547,2018,2018-07-14,Lord's,2,21.2,India,England,V Kohli,SK Raina,BA Stokes,0,0,,,,,,,,,
1119547,2018,2018-07-14,Lord's,2,21.3,India,England,V Kohli,SK Raina,BA Stokes,1,0,,,,,,,,,
1119547,2018,2018-07-14,Lord's,2,21.4,India,England,SK Raina,V Kohli,BA Stokes,1,0,,,,,,,,,
1119547,2018,2018-07-14,Lord's,2,21.5,India,England,V Kohli,SK Raina,BA Stokes,1,0,,,,,,,,,
1119547,2018,2018-07-14,Lord's,2,21.6,India,England,SK Raina,V Kohli,BA Stokes,1,0,,,,,,,,,
1119547,2018,2018-07-14,Lord's,2,22.1,India,England,SK Raina,V Kohli,MM Ali,0,0,,,,,,,,,
1119547,2018,2018-07-14,Lord's,2,22.2,India,England,SK Raina,V Kohli,MM Ali,2,0,,,,,,,,,
1119547,2018,2018-07-14,Lord's,2,22.3,India,England,SK Raina,V Kohli,MM Ali,0,0,,,,,,,,,
1119547,2018,2018-07-14,Lord's,2,22.4,India,England,SK Raina,V Kohli,MM Ali,0,0,,,,,,,,,
1119547,2018,2018-07-14,Lord's,2,22.5,India,England,SK Raina,V Kohli,MM Ali,0,0,,,,,,,,,
1119547,2018,2018-07-14,Lord's,2,22.6,India,England,SK Raina,V Kohli,MM Ali,0,0,,,,,,,,,
1119547,2018,2018-07-14,Lord's,2,23.1,India,England,V Kohli,SK Raina,AU Rashid,4,0,,,,,,,,,
1119547,2018,2018-07-14,Lord's,2,23.2,India,England,V Kohli,SK Raina,AU Rashid,1,0,,,,,,,,,
1119547,2018,2018-07-14,Lord's,2,23.3,India,England,SK Raina,V Kohli,AU Rashid,0,0,,,,,,,,,
1119547,2018,2018-07-14,Lord's,2,23.4,India,England,SK Raina,V Kohli,AU Rashid,1,0,,,,,,,,,
1119547,2018,2018-07-14,Lord's,2,23.5,India,England,V Kohli,SK Raina,AU Rashid,1,0,,,,,,,,,
1119547,2018,2018-07-14,Lord's,2,23.6,India,England,SK Raina,V Kohli,AU Rashid,0,0,,,,,,,,,
1119547,2018,2018-07-14,Lord's,2,24.1,India,England,V Kohli,SK Raina,MM Ali,1,0,,,,,,,,,
1119547,2018,2018-07-14,Lord's,2,24.2,India,England,SK Raina,V Kohli,MM Ali,1,0,,,,,,,,,
1119547,2018,2018-07-14,Lord's,2,24.3,India,England,V Kohli,SK Raina,MM Ali,0,0,,,,,,,,,
1119547,2018,2018-07-14,Lord's,2,24.4,India,England,V Kohli,SK Raina,MM Ali,1,0,,,,,,,,,
1119547,2018,2018-07-14,Lord's,2,24.5,India,England,SK Raina,V Kohli,MM Ali,2,0,,,,,,,,,
1119547,2018,2018-07-14,Lord's,2,24.6,India,England,SK Raina,V Kohli,MM Ali,1,0,,,,,,,,,
1119547,2018,2018-07-14,Lord's,2,25.1,India,England,SK Raina,V Kohli,AU Rashid,0,0,,,,,,,,,
1119547,2018,2018-07-14,Lord's,2,25.2,India,England,SK Raina,V Kohli,AU Rashid,1,0,,,,,,,,,
1119547,2018,2018-07-14,Lord's,2,25.3,India,England,V Kohli,SK Raina,AU Rashid,1,0,,,,,,,,,
1119547,2018,2018-07-14,Lord's,2,25.4,India,England,SK Raina,V Kohli,AU Rashid,1,0,,,,,,,,,
1119547,2018,2018-07-14,Lord's,2,25.5,India,England,V Kohli,SK Raina,AU Rashid,1,0,,,,,,,,,
1119547,2018,2018-07-14,Lord's,2,25.6,India,England,SK Raina,V Kohli,AU Rashid,1,0,,,,,,,,,
1119547,2018,2018-07-14,Lord's,2,26.1,India,England,SK Raina,V Kohli,MM Ali,1,0,,,,,,,,,
1119547,2018,2018-07-14,Lord's,2,26.2,India,England,V Kohli,SK Raina,MM Ali,1,0,,,,,,,,,
1119547,2018,2018-07-14,Lord's,2,26.3,India,England,SK Raina,V Kohli,MM Ali,0,0,,,,,,,,,
1119547,2018,2018-07-14,Lord's,2,26.4,India,England,SK Raina,V Kohli,MM Ali,1,0,,,,,,,,,
1119547,2018,2018-07-14,Lord's,2,26.5,India,England,V Kohli,SK Raina,MM Ali,0,0,,,,,,,,,
1119547,2018,2018-07-14,Lord's,2,26.6,India,England,V Kohli,SK Raina,MM Ali,0,0,,,,,,lbw,V Kohli,,
1119547,2018,2018-07-14,Lord's,2,27.1,India,England,SK Raina,MS Dhoni,AU Rashid,0,0,,,,,,,,,
1119547,2018,2018-07-14,Lord's,2,27.2,India,England,SK Raina,MS Dhoni,AU Rashid,2,0,,,,,,,,,
1119547,2018,2018-07-14,Lord's,2,27.3,India,England,SK Raina,MS Dhoni,AU Rashid,1,0,,,,,,,,,
1119547,2018,2018-07-14,Lord's,2,27.4,India,England,MS Dhoni,SK Raina,AU Rashid,1,0,,,,,,,,,
1119547,2018,2018-07-14,Lord's,2,27.5,India,England,SK Raina,MS Dhoni,AU Rashid,0,0,,,,,,,,,
1119547,2018,2018-07-14,Lord's,2,27.6,India,England,SK Raina,MS Dhoni,AU Rashid,1,0,,,,,,,,,
1119547,2018,2018-07-14,Lord's,2,28.1,India,England,SK Raina,MS Dhoni,MM Ali,0,0,,,,,,,,,
1119547,2018,2018-07-14,Lord's,2,28.2,India,England,SK Raina,MS Dhoni,MM Ali,1,0,,,,,,,,,
1119547,2018,2018-07-14,Lord's,2,28.3,India,England,MS Dhoni,SK Raina,MM Ali,0,0,,,,,,,,,
1119547,2018,2018-07-14,Lord's,2,28.4,India,England,MS Dhoni,SK Raina,MM Ali,0,0,,,,,,,,,
1119547,2018,2018-07-14,Lord's,2,28.5,India,England,MS Dhoni,SK Raina,MM Ali,0,0,,,,,,,,,
1119547,2018,2018-07-14,Lord's,2,28.6,India,England,MS Dhoni,SK Raina,MM Ali,0,0,,,,,,,,,
1119547,2018,2018-07-14,Lord's,2,29.1,India,England,SK Raina,MS Dhoni,AU Rashid,0,0,,,,,,,,,
1119547,2018,2018-07-14,Lord's,2,29.2,India,England,SK Raina,MS Dhoni,AU Rashid,0,0,,,,,,,,,
1119547,2018,2018-07-14,Lord's,2,29.3,India,England,SK Raina,MS Dhoni,AU Rashid,0,0,,,,,,,,,
1119547,2018,2018-07-14,Lord's,2,29.4,India,England,SK Raina,MS Dhoni,AU Rashid,1,0,,,,,,,,,
1119547,2018,2018-07-14,Lord's,2,29.5,India,England,MS Dhoni,SK Raina,AU Rashid,0,0,,,,,,,,,
1119547,2018,2018-07-14,Lord's,2,29.6,India,England,MS Dhoni,SK Raina,AU Rashid,1,0,,,,,,,,,
1119547,2018,2018-07-14,Lord's,2,30.1,India,England,MS Dhoni,SK Raina,MM Ali,0,2,,,,2,,,,,
1119547,2018,2018-07-14,Lord's,2,30.2,India,England,MS Dhoni,SK Raina,MM Ali,1,0,,,,,,,,,
1119547,2018,2018-07-14,Lord's,2,30.3,India,England,SK Raina,MS Dhoni,MM Ali,0,0,,,,,,,,,
1119547,2018,2018-07-14,Lord's,2,30.4,India,England,SK Raina,MS Dhoni,MM Ali,1,0,,,,,,,,,
1119547,2018,2018-07-14,Lord's,2,30.5,India,England,MS Dhoni,SK Raina,MM Ali,1,0,,,,,,,,,
1119547,2018,2018-07-14,Lord's,2,30.6,India,England,SK Raina,MS Dhoni,MM Ali,1,0,,,,,,,,,
1119547,2018,2018-07-14,Lord's,2,31.1,India,England,SK Raina,MS Dhoni,AU Rashid,0,0,,,,,,bowled,SK Raina,,
1119547,2018,2018-07-14,Lord's,2,31.2,India,England,HH Pandya,MS Dhoni,AU Rashid,1,0,,,,,,,,,
1119547,2018,2018-07-14,Lord's,2,31.3,India,England,MS Dhoni,HH Pandya,AU Rashid,0,0,,,,,,,,,
1119547,2018,2018-07-14,Lord's,2,31.4,India,England,MS Dhoni,HH Pandya,AU Rashid,1,0,,,,,,,,,
1119547,2018,2018-07-14,Lord's,2,31.5,India,England,HH Pandya,MS Dhoni,AU Rashid,0,0,,,,,,,,,
1119547,2018,2018-07-14,Lord's,2,31.6,India,England,HH Pandya,MS Dhoni,AU Rashid,1,0,,,,,,,,,
1119547,2018,2018-07-14,Lord's,2,32.1,India,England,HH Pandya,MS Dhoni,MM Ali,1,0,,,,,,,,,
1119547,2018,2018-07-14,Lord's,2,32.2,India,England,MS Dhoni,HH Pandya,MM Ali,1,0,,,,,,,,,
1119547,2018,2018-07-14,Lord's,2,32.3,India,England,HH Pandya,MS Dhoni,MM Ali,3,0,,,,,,,,,
1119547,2018,2018-07-14,Lord's,2,32.4,India,England,MS Dhoni,HH Pandya,MM Ali,0,0,,,,,,,,,
1119547,2018,2018-07-14,Lord's,2,32.5,India,England,MS Dhoni,HH Pandya,MM Ali,0,0,,,,,,,,,
1119547,2018,2018-07-14,Lord's,2,32.6,India,England,MS Dhoni,HH Pandya,MM Ali,0,0,,,,,,,,,
1119547,2018,2018-07-14,Lord's,2,33.1,India,England,HH Pandya,MS Dhoni,AU Rashid,0,0,,,,,,,,,
1119547,2018,2018-07-14,Lord's,2,33.2,India,England,HH Pandya,MS Dhoni,AU Rashid,0,0,,,,,,,,,
1119547,2018,2018-07-14,Lord's,2,33.3,India,England,HH Pandya,MS Dhoni,AU Rashid,0,0,,,,,,,,,
1119547,2018,2018-07-14,Lord's,2,33.4,India,England,HH Pandya,MS Dhoni,AU Rashid,0,0,,,,,,,,,
1119547,2018,2018-07-14,Lord's,2,33.5,India,England,HH Pandya,MS Dhoni,AU Rashid,1,0,,,,,,,,,
1119547,2018,2018-07-14,Lord's,2,33.6,India,England,MS Dhoni,HH Pandya,AU Rashid,1,0,,,,,,,,,
1119547,2018,2018-07-14,Lord's,2,34.1,India,England,MS Dhoni,HH Pandya,MM Ali,4,0,,,,,,,,,
1119547,2018,2018-07-14,Lord's,2,34.2,India,England,MS Dhoni,HH Pandya,MM Ali,0,0,,,,,,,,,
1119547,2018,2018-07-14,Lord's,2,34.3,India,England,MS Dhoni,HH Pandya,MM Ali,1,0,,,,,,,,,
1119547,2018,2018-07-14,Lord's,2,34.4,India,England,HH Pandya,MS Dhoni,MM Ali,3,0,,,,,,,,,
1119547,2018,2018-07-14,Lord's,2,34.5,India,England,MS Dhoni,HH Pandya,MM Ali,1,0,,,,,,,,,
1119547,2018,2018-07-14,Lord's,2,34.6,India,England,HH Pandya,MS Dhoni,MM Ali,1,0,,,,,,,,,
1119547,2018,2018-07-14,Lord's,2,35.1,India,England,HH Pandya,MS Dhoni,AU Rashid,1,0,,,,,,,,,
1119547,2018,2018-07-14,Lord's,2,35.2,India,England,MS Dhoni,HH Pandya,AU Rashid,0,0,,,,,,,,,
1119547,2018,2018-07-14,Lord's,2,35.3,India,England,MS Dhoni,HH Pandya,AU Rashid,0,0,,,,,,,,,
1119547,2018,2018-07-14,Lord's,2,35.4,India,England,MS Dhoni,HH Pandya,AU Rashid,0,0,,,,,,,,,
1119547,2018,2018-07-14,Lord's,2,35.5,India,England,MS Dhoni,HH Pandya,AU Rashid,0,0,,,,,,,,,
1119547,2018,2018-07-14,Lord's,2,35.6,India,England,MS Dhoni,HH Pandya,AU Rashid,0,0,,,,,,,,,
1119547,2018,2018-07-14,Lord's,2,36.1,India,England,HH Pandya,MS Dhoni,MM Ali,4,0,,,,,,,,,
1119547,2018,2018-07-14,Lord's,2,36.2,India,England,HH Pandya,MS Dhoni,MM Ali,1,0,,,,,,,,,
1119547,2018,2018-07-14,Lord's,2,36.3,India,England,MS Dhoni,HH Pandya,MM Ali,0,0,,,,,,,,,
1119547,2018,2018-07-14,Lord's,2,36.4,India,England,MS Dhoni,HH Pandya,MM Ali,1,0,,,,,,,,,
1119547,2018,2018-07-14,Lord's,2,36.5,India,England,HH Pandya,MS Dhoni,MM Ali,1,0,,,,,,,,,
1119547,2018,2018-07-14,Lord's,2,36.6,India,England,MS Dhoni,HH Pandya,MM Ali,0,0,,,,,,,,,
1119547,2018,2018-07-14,Lord's,2,37.1,India,England,HH Pandya,MS Dhoni,AU Rashid,0,0,,,,,,,,,
1119547,2018,2018-07-14,Lord's,2,37.2,India,England,HH Pandya,MS Dhoni,AU Rashid,1,0,,,,,,,,,
1119547,2018,2018-07-14,Lord's,2,37.3,India,England,MS Dhoni,HH Pandya,AU Rashid,2,0,,,,,,,,,
1119547,2018,2018-07-14,Lord's,2,37.4,India,England,MS Dhoni,HH Pandya,AU Rashid,0,0,,,,,,,,,
1119547,2018,2018-07-14,Lord's,2,37.5,India,England,MS Dhoni,HH Pandya,AU Rashid,1,0,,,,,,,,,
1119547,2018,2018-07-14,Lord's,2,37.6,India,England,HH Pandya,MS Dhoni,AU Rashid,1,0,,,,,,,,,
1119547,2018,2018-07-14,Lord's,2,38.1,India,England,HH Pandya,MS Dhoni,LE Plunkett,0,0,,,,,,,,,
1119547,2018,2018-07-14,Lord's,2,38.2,India,England,HH Pandya,MS Dhoni,LE Plunkett,1,0,,,,,,,,,
1119547,2018,2018-07-14,Lord's,2,38.3,India,England,MS Dhoni,HH Pandya,LE Plunkett,2,0,,,,,,,,,
1119547,2018,2018-07-14,Lord's,2,38.4,India,England,MS Dhoni,HH Pandya,LE Plunkett,0,0,,,,,,,,,
1119547,2018,2018-07-14,Lord's,2,38.5,India,England,MS Dhoni,HH Pandya,LE Plunkett,1,0,,,,,,,,,
1119547,2018,2018-07-14,Lord's,2,38.6,India,England,HH Pandya,MS Dhoni,LE Plunkett,0,0,,,,,,caught,HH Pandya,,
1119547,2018,2018-07-14,Lord's,2,39.1,India,England,MS Dhoni,UT Yadav,AU Rashid,1,0,,,,,,,,,
1119547,2018,2018-07-14,Lord's,2,39.2,India,England,UT Yadav,MS Dhoni,AU Rashid,0,0,,,,,,,,,
1119547,2018,2018-07-14,Lord's,2,39.3,India,England,UT Yadav,MS Dhoni,AU Rashid,0,0,,,,,,stumped,UT Yadav,,
1119547,2018,2018-07-14,Lord's,2,39.4,India,England,Kuldeep Yadav,MS Dhoni,AU Rashid,1,0,,,,,,,,,
1119547,2018,2018-07-14,Lord's,2,39.5,India,England,MS Dhoni,Kuldeep Yadav,AU Rashid,1,0,,,,,,,,,
1119547,2018,2018-07-14,Lord's,2,39.6,India,England,Kuldeep Yadav,MS Dhoni,AU Rashid,0,0,,,,,,,,,
1119547,2018,2018-07-14,Lord's,2,40.1,India,England,MS Dhoni,Kuldeep Yadav,LE Plunkett,0,0,,,,,,,,,
1119547,2018,2018-07-14,Lord's,2,40.2,India,England,MS Dhoni,Kuldeep Yadav,LE Plunkett,1,0,,,,,,,,,
1119547,2018,2018-07-14,Lord's,2,40.3,India,England,Kuldeep Yadav,MS Dhoni,LE Plunkett,0,0,,,,,,,,,
1119547,2018,2018-07-14,Lord's,2,40.4,India,England,Kuldeep Yadav,MS Dhoni,LE Plunkett,1,0,,,,,,,,,
1119547,2018,2018-07-14,Lord's,2,40.5,India,England,MS Dhoni,Kuldeep Yadav,LE Plunkett,0,0,,,,,,,,,
1119547,2018,2018-07-14,Lord's,2,40.6,India,England,MS Dhoni,Kuldeep Yadav,LE Plunkett,1,0,,,,,,,,,
1119547,2018,2018-07-14,Lord's,2,41.1,India,England,MS Dhoni,Kuldeep Yadav,AU Rashid,0,0,,,,,,,,,
1119547,2018,2018-07-14,Lord's,2,41.2,India,England,MS Dhoni,Kuldeep Yadav,AU Rashid,2,0,,,,,,,,,
1119547,2018,2018-07-14,Lord's,2,41.3,India,England,MS Dhoni,Kuldeep Yadav,AU Rashid,1,0,,,,,,,,,
1119547,2018,2018-07-14,Lord's,2,41.4,India,England,Kuldeep Yadav,MS Dhoni,AU Rashid,1,0,,,,,,,,,
1119547,2018,2018-07-14,Lord's,2,41.5,India,England,MS Dhoni,Kuldeep Yadav,AU Rashid,1,0,,,,,,,,,
1119547,2018,2018-07-14,Lord's,2,41.6,India,England,Kuldeep Yadav,MS Dhoni,AU Rashid,0,0,,,,,,,,,
1119547,2018,2018-07-14,Lord's,2,42.1,India,England,MS Dhoni,Kuldeep Yadav,LE Plunkett,4,0,,,,,,,,,
1119547,2018,2018-07-14,Lord's,2,42.2,India,England,MS Dhoni,Kuldeep Yadav,LE Plunkett,1,0,,,,,,,,,
1119547,2018,2018-07-14,Lord's,2,42.3,India,England,Kuldeep Yadav,MS Dhoni,LE Plunkett,0,0,,,,,,,,,
1119547,2018,2018-07-14,Lord's,2,42.4,India,England,Kuldeep Yadav,MS Dhoni,LE Plunkett,0,0,,,,,,,,,
1119547,2018,2018-07-14,Lord's,2,42.5,India,England,Kuldeep Yadav,MS Dhoni,LE Plunkett,0,0,,,,,,,,,
1119547,2018,2018-07-14,Lord's,2,42.6,India,England,Kuldeep Yadav,MS Dhoni,LE Plunkett,1,0,,,,,,,,,
1119547,2018,2018-07-14,Lord's,2,43.1,India,England,Kuldeep Yadav,MS Dhoni,DJ Willey,0,0,,,,,,,,,
1119547,2018,2018-07-14,Lord's,2,43.2,India,England,Kuldeep Yadav,MS Dhoni,DJ Willey,0,0,,,,,,,,,
1119547,2018,2018-07-14,Lord's,2,43.3,India,England,Kuldeep Yadav,MS Dhoni,DJ Willey,0,0,,,,,,,,,
1119547,2018,2018-07-14,Lord's,2,43.4,India,England,Kuldeep Yadav,MS Dhoni,DJ Willey,1,0,,,,,,,,,
1119547,2018,2018-07-14,Lord's,2,43.5,India,England,MS Dhoni,Kuldeep Yadav,DJ Willey,0,0,,,,,,,,,
1119547,2018,2018-07-14,Lord's,2,43.6,India,England,MS Dhoni,Kuldeep Yadav,DJ Willey,1,0,,,,,,,,,
1119547,2018,2018-07-14,Lord's,2,44.1,India,England,MS Dhoni,Kuldeep Yadav,LE Plunkett,0,0,,,,,,,,,
1119547,2018,2018-07-14,Lord's,2,44.2,India,England,MS Dhoni,Kuldeep Yadav,LE Plunkett,0,0,,,,,,,,,
1119547,2018,2018-07-14,Lord's,2,44.3,India,England,MS Dhoni,Kuldeep Yadav,LE Plunkett,1,0,,,,,,,,,
1119547,2018,2018-07-14,Lord's,2,44.4,India,England,Kuldeep Yadav,MS Dhoni,LE Plunkett,0,0,,,,,,,,,
1119547,2018,2018-07-14,Lord's,2,44.5,India,England,Kuldeep Yadav,MS Dhoni,LE Plunkett,1,0,,,,,,,,,
1119547,2018,2018-07-14,Lord's,2,44.6,India,England,MS Dhoni,Kuldeep Yadav,LE Plunkett,1,0,,,,,,,,,
1119547,2018,2018-07-14,Lord's,2,45.1,India,England,MS Dhoni,Kuldeep Yadav,DJ Willey,0,0,,,,,,,,,
1119547,2018,2018-07-14,Lord's,2,45.2,India,England,MS Dhoni,Kuldeep Yadav,DJ Willey,0,0,,,,,,,,,
1119547,2018,2018-07-14,Lord's,2,45.3,India,England,MS Dhoni,Kuldeep Yadav,DJ Willey,0,0,,,,,,,,,
1119547,2018,2018-07-14,Lord's,2,45.4,India,England,MS Dhoni,Kuldeep Yadav,DJ Willey,0,0,,,,,,,,,
1119547,2018,2018-07-14,Lord's,2,45.5,India,England,MS Dhoni,Kuldeep Yadav,DJ Willey,0,1,1,,,,,,,,
1119547,2018,2018-07-14,Lord's,2,45.6,India,England,MS Dhoni,Kuldeep Yadav,DJ Willey,1,0,,,,,,,,,
1119547,2018,2018-07-14,Lord's,2,45.7,India,England,Kuldeep Yadav,MS Dhoni,DJ Willey,0,0,,,,,,,,,
1119547,2018,2018-07-14,Lord's,2,46.1,India,England,MS Dhoni,Kuldeep Yadav,LE Plunkett,0,0,,,,,,caught,MS Dhoni,,
1119547,2018,2018-07-14,Lord's,2,46.2,India,England,S Kaul,Kuldeep Yadav,LE Plunkett,1,0,,,,,,,,,
1119547,2018,2018-07-14,Lord's,2,46.3,India,England,Kuldeep Yadav,S Kaul,LE Plunkett,1,0,,,,,,,,,
1119547,2018,2018-07-14,Lord's,2,46.4,India,England,S Kaul,Kuldeep Yadav,LE Plunkett,0,0,,,,,,lbw,S Kaul,,
1119547,2018,2018-07-14,Lord's,2,46.5,India,England,YS Chahal,Kuldeep Yadav,LE Plunkett,0,0,,,,,,,,,
1119547,2018,2018-07-14,Lord's,2,46.6,India,England,YS Chahal,Kuldeep Yadav,LE Plunkett,0,5,5,,,,,,,,
1119547,2018,2018-07-14,Lord's,2,46.7,India,England,YS Chahal,Kuldeep Yadav,LE Plunkett,0,0,,,,,,,,,
1119547,2018,2018-07-14,Lord's,2,47.1,India,England,Kuldeep Yadav,YS Chahal,DJ Willey,0,0,,,,,,,,,
1119547,2018,2018-07-14,Lord's,2,47.2,India,England,Kuldeep Yadav,YS Chahal,DJ Willey,1,0,,,,,,,,,
1119547,2018,2018-07-14,Lord's,2,47.3,India,England,YS Chahal,Kuldeep Yadav,DJ Willey,0,0,,,,,,,,,
1119547,2018,2018-07-14,Lord's,2,47.4,India,England,YS Chahal,Kuldeep Yadav,DJ Willey,0,0,,,,,,,,,
1119547,2018,2018-07-14,Lord's,2,47.5,India,England,YS Chahal,Kuldeep Yadav,DJ Willey,4,0,,,,,,,,,
1119547,2018,2018-07-14,Lord's,2,47.6,India,England,YS Chahal,Kuldeep Yadav,DJ Willey,0,0,,,,,,,,,
1119547,2018,2018-07-14,Lord's,2,48.1,India,England,Kuldeep Yadav,YS Chahal,LE Plunkett,0,0,,,,,,,,,
1119547,2018,2018-07-14,Lord's,2,48.2,India,England,Kuldeep Yadav,YS Chahal,LE Plunkett,0,0,,,,,,,,,
1119547,2018,2018-07-14,Lord's,2,48.3,India,England,Kuldeep Yadav,YS Chahal,LE Plunkett,0,0,,,,,,,,,
1119547,2018,2018-07-14,Lord's,2,48.4,India,England,Kuldeep Yadav,YS Chahal,LE Plunkett,0,0,,,,,,,,,
1119547,2018,2018-07-14,Lord's,2,48.5,India,England,Kuldeep Yadav,YS Chahal,LE Plunkett,0,0,,,,,,,,,
1119547,2018,2018-07-14,Lord's,2,48.6,India,England,Kuldeep Yadav,YS Chahal,LE Plunkett,0,0,,,,,,,,,
1119547,2018,2018-07-14,Lord's,2,49.1,India,England,YS Chahal,Kuldeep Yadav,DJ Willey,2,0,,,,,,,,,
1119547,2018,2018-07-14,Lord's,2,49.2,India,England,YS Chahal,Kuldeep Yadav,DJ Willey,0,0,,,,,,,,,
1119547,2018,2018-07-14,Lord's,2,49.3,India,England,YS Chahal,Kuldeep Yadav,DJ Willey,0,0,,,,,,,,,
1119547,2018,2018-07-14,Lord's,2,49.4,India,England,YS Chahal,Kuldeep Yadav,DJ Willey,2,0,,,,,,,,,
1119547,2018,2018-07-14,Lord's,2,49.5,India,England,YS Chahal,Kuldeep Yadav,DJ Willey,0,1,1,,,,,,,,
1119547,2018,2018-07-14,Lord's,2,49.6,India,England,YS Chahal,Kuldeep Yadav,DJ Willey,4,0,,,,,,,,,
1119547,2018,2018-07-14,Lord's,2,49.7,India,England,YS Chahal,Kuldeep Yadav,DJ Willey,0,0,,,,,,caught,YS Chahal,,
