match_id,season,start_date,venue,innings,ball,batting_team,bowling_team,striker,non_striker,bowler,runs_off_bat,extras,wides,noballs,byes,legbyes,penalty,wicket_type,player_dismissed,other_wicket_type,other_player_dismissed
1119500,2017/18,2017-10-01,"Vidarbha Cricket Association Stadium, Jamtha",1,0.1,Australia,India,DA Warner,AJ Finch,B Kumar,2,0,,,,,,,,,
1119500,2017/18,2017-10-01,"Vidarbha Cricket Association Stadium, Jamtha",1,0.2,Australia,India,DA Warner,AJ Finch,B Kumar,0,0,,,,,,,,,
1119500,2017/18,2017-10-01,"Vidarbha Cricket Association Stadium, Jamtha",1,0.3,Australia,India,DA Warner,AJ Finch,B Kumar,0,0,,,,,,,,,
1119500,2017/18,2017-10-01,"Vidarbha Cricket Association Stadium, Jamtha",1,0.4,Australia,India,DA Warner,AJ Finch,B Kumar,0,0,,,,,,,,,
1119500,2017/18,2017-10-01,"Vidarbha Cricket Association Stadium, Jamtha",1,0.5,Australia,India,DA Warner,AJ Finch,B Kumar,0,0,,,,,,,,,
1119500,2017/18,2017-10-01,"Vidarbha Cricket Association Stadium, Jamtha",1,0.6,Australia,India,DA Warner,AJ Finch,B Kumar,0,0,,,,,,,,,
1119500,2017/18,2017-10-01,"Vidarbha Cricket Association Stadium, Jamtha",1,1.1,Australia,India,AJ Finch,DA Warner,JJ Bumrah,0,0,,,,,,,,,
1119500,2017/18,2017-10-01,"Vidarbha Cricket Association Stadium, Jamtha",1,1.2,Australia,India,AJ Finch,DA Warner,JJ Bumrah,0,0,,,,,,,,,
1119500,2017/18,2017-10-01,"Vidarbha Cricket Association Stadium, Jamtha",1,1.3,Australia,India,AJ Finch,DA Warner,JJ Bumrah,0,0,,,,,,,,,
1119500,2017/18,2017-10-01,"Vidarbha Cricket Association Stadium, Jamtha",1,1.4,Australia,India,AJ Finch,DA Warner,JJ Bumrah,0,0,,,,,,,,,
1119500,2017/18,2017-10-01,"Vidarbha Cricket Association Stadium, Jamtha",1,1.5,Australia,India,AJ Finch,DA Warner,JJ Bumrah,0,0,,,,,,,,,
1119500,2017/18,2017-10-01,"Vidarbha Cricket Association Stadium, Jamtha",1,1.6,Australia,India,AJ Finch,DA Warner,JJ Bumrah,0,0,,,,,,,,,
1119500,2017/18,2017-10-01,"Vidarbha Cricket Association Stadium, Jamtha",1,2.1,Australia,India,DA Warner,AJ Finch,B Kumar,1,0,,,,,,,,,
1119500,2017/18,2017-10-01,"Vidarbha Cricket Association Stadium, Jamtha",1,2.2,Australia,India,AJ Finch,DA Warner,B Kumar,0,0,,,,,,,,,
1119500,2017/18,2017-10-01,"Vidarbha Cricket Association Stadium, Jamtha",1,2.3,Australia,India,AJ Finch,DA Warner,B Kumar,1,0,,,,,,,,,
1119500,2017/18,2017-10-01,"Vidarbha Cricket Association Stadium, Jamtha",1,2.4,Australia,India,DA Warner,AJ Finch,B Kumar,0,0,,,,,,,,,
1119500,2017/18,2017-10-01,"Vidarbha Cricket Association Stadium, Jamtha",1,2.5,Australia,India,DA Warner,AJ Finch,B Kumar,0,0,,,,,,,,,
1119500,2017/18,2017-10-01,"Vidarbha Cricket Association Stadium, Jamtha",1,2.6,Australia,India,DA Warner,AJ Finch,B Kumar,1,0,,,,,,,,,
1119500,2017/18,2017-10-01,"Vidarbha Cricket Association Stadium, Jamtha",1,3.1,Australia,India,DA Warner,AJ Finch,JJ Bumrah,1,0,,,,,,,,,
1119500,2017/18,2017-10-01,"Vidarbha Cricket Association Stadium, Jamtha",1,3.2,Australia,India,AJ Finch,DA Warner,JJ Bumrah,0,0,,,,,,,,,
1119500,2017/18,2017-10-01,"Vidarbha Cricket Association Stadium, Jamtha",1,3.3,Australia,India,AJ Finch,DA Warner,JJ Bumrah,4,0,,,,,,,,,
1119500,2017/18,2017-10-01,"Vidarbha Cricket Association Stadium, Jamtha",1,3.4,Australia,India,AJ Finch,DA Warner,JJ Bumrah,4,0,,,,,,,,,
1119500,2017/18,2017-10-01,"Vidarbha Cricket Association Stadium, Jamtha",1,3.5,Australia,India,AJ Finch,DA Warner,JJ Bumrah,0,0,,,,,,,,,
1119500,2017/18,2017-10-01,"Vidarbha Cricket Association Stadium, Jamtha",1,3.6,Australia,India,AJ Finch,DA Warner,JJ Bumrah,0,0,,,,,,,,,
1119500,2017/18,2017-10-01,"Vidarbha Cricket Association Stadium, Jamtha",1,4.1,Australia,India,DA Warner,AJ Finch,B Kumar,4,0,,,,,,,,,
1119500,2017/18,2017-10-01,"Vidarbha Cricket Association Stadium, Jamtha",1,4.2,Australia,India,DA Warner,AJ Finch,B Kumar,0,0,,,,,,,,,
1119500,2017/18,2017-10-01,"Vidarbha Cricket Association Stadium, Jamtha",1,4.3,Australia,India,DA Warner,AJ Finch,B Kumar,0,0,,,,,,,,,
1119500,2017/18,2017-10-01,"Vidarbha Cricket Association Stadium, Jamtha",1,4.4,Australia,India,DA Warner,AJ Finch,B Kumar,1,0,,,,,,,,,
1119500,2017/18,2017-10-01,"Vidarbha Cricket Association Stadium, Jamtha",1,4.5,Australia,India,AJ Finch,DA Warner,B Kumar,0,0,,,,,,,,,
1119500,2017/18,2017-10-01,"Vidarbha Cricket Association Stadium, Jamtha",1,4.6,Australia,India,AJ Finch,DA Warner,B Kumar,2,0,,,,,,,,,
1119500,2017/18,2017-10-01,"Vidarbha Cricket Association Stadium, Jamtha",1,5.1,Australia,India,DA Warner,AJ Finch,JJ Bumrah,2,0,,,,,,,,,
1119500,2017/18,2017-10-01,"Vidarbha Cricket Association Stadium, Jamtha",1,5.2,Australia,India,DA Warner,AJ Finch,JJ Bumrah,1,0,,,,,,,,,
1119500,2017/18,2017-10-01,"Vidarbha Cricket Association Stadium, Jamtha",1,5.3,Australia,India,AJ Finch,DA Warner,JJ Bumrah,0,0,,,,,,,,,
1119500,2017/18,2017-10-01,"Vidarbha Cricket Association Stadium, Jamtha",1,5.4,Australia,India,AJ Finch,DA Warner,JJ Bumrah,1,0,,,,,,,,,
1119500,2017/18,2017-10-01,"Vidarbha Cricket Association Stadium, Jamtha",1,5.5,Australia,India,DA Warner,AJ Finch,JJ Bumrah,4,0,,,,,,,,,
1119500,2017/18,2017-10-01,"Vidarbha Cricket Association Stadium, Jamtha",1,5.6,Australia,India,DA Warner,AJ Finch,JJ Bumrah,4,0,,,,,,,,,
1119500,2017/18,2017-10-01,"Vidarbha Cricket Association Stadium, Jamtha",1,6.1,Australia,India,AJ Finch,DA Warner,B Kumar,0,0,,,,,,,,,
1119500,2017/18,2017-10-01,"Vidarbha Cricket Association Stadium, Jamtha",1,6.2,Australia,India,AJ Finch,DA Warner,B Kumar,1,0,,,,,,,,,
1119500,2017/18,2017-10-01,"Vidarbha Cricket Association Stadium, Jamtha",1,6.3,Australia,India,DA Warner,AJ Finch,B Kumar,0,0,,,,,,,,,
1119500,2017/18,2017-10-01,"Vidarbha Cricket Association Stadium, Jamtha",1,6.4,Australia,India,DA Warner,AJ Finch,B Kumar,1,0,,,,,,,,,
1119500,2017/18,2017-10-01,"Vidarbha Cricket Association Stadium, Jamtha",1,6.5,Australia,India,AJ Finch,DA Warner,B Kumar,0,0,,,,,,,,,
1119500,2017/18,2017-10-01,"Vidarbha Cricket Association Stadium, Jamtha",1,6.6,Australia,India,AJ Finch,DA Warner,B Kumar,0,0,,,,,,,,,
1119500,2017/18,2017-10-01,"Vidarbha Cricket Association Stadium, Jamtha",1,7.1,Australia,India,DA Warner,AJ Finch,JJ Bumrah,1,0,,,,,,,,,
1119500,2017/18,2017-10-01,"Vidarbha Cricket Association Stadium, Jamtha",1,7.2,Australia,India,AJ Finch,DA Warner,JJ Bumrah,4,0,,,,,,,,,
1119500,2017/18,2017-10-01,"Vidarbha Cricket Association Stadium, Jamtha",1,7.3,Australia,India,AJ Finch,DA Warner,JJ Bumrah,4,0,,,,,,,,,
1119500,2017/18,2017-10-01,"Vidarbha Cricket Association Stadium, Jamtha",1,7.4,Australia,India,AJ Finch,DA Warner,JJ Bumrah,0,0,,,,,,,,,
1119500,2017/18,2017-10-01,"Vidarbha Cricket Association Stadium, Jamtha",1,7.5,Australia,India,AJ Finch,DA Warner,JJ Bumrah,4,0,,,,,,,,,
1119500,2017/18,2017-10-01,"Vidarbha Cricket Association Stadium, Jamtha",1,7.6,Australia,India,AJ Finch,DA Warner,JJ Bumrah,0,0,,,,,,,,,
1119500,2017/18,2017-10-01,"Vidarbha Cricket Association Stadium, Jamtha",1,8.1,Australia,India,DA Warner,AJ Finch,B Kumar,4,0,,,,,,,,,
1119500,2017/18,2017-10-01,"Vidarbha Cricket Association Stadium, Jamtha",1,8.2,Australia,India,DA Warner,AJ Finch,B Kumar,1,0,,,,,,,,,
1119500,2017/18,2017-10-01,"Vidarbha Cricket Association Stadium, Jamtha",1,8.3,Australia,India,AJ Finch,DA Warner,B Kumar,0,0,,,,,,,,,
1119500,2017/18,2017-10-01,"Vidarbha Cricket Association Stadium, Jamtha",1,8.4,Australia,India,AJ Finch,DA Warner,B Kumar,0,0,,,,,,,,,
1119500,2017/18,2017-10-01,"Vidarbha Cricket Association Stadium, Jamtha",1,8.5,Australia,India,AJ Finch,DA Warner,B Kumar,1,0,,,,,,,,,
1119500,2017/18,2017-10-01,"Vidarbha Cricket Association Stadium, Jamtha",1,8.6,Australia,India,DA Warner,AJ Finch,B Kumar,0,0,,,,,,,,,
1119500,2017/18,2017-10-01,"Vidarbha Cricket Association Stadium, Jamtha",1,9.1,Australia,India,AJ Finch,DA Warner,HH Pandya,0,0,,,,,,,,,
1119500,2017/18,2017-10-01,"Vidarbha Cricket Association Stadium, Jamtha",1,9.2,Australia,India,AJ Finch,DA Warner,HH Pandya,1,0,,,,,,,,,
1119500,2017/18,2017-10-01,"Vidarbha Cricket Association Stadium, Jamtha",1,9.3,Australia,India,DA Warner,AJ Finch,HH Pandya,1,0,,,,,,,,,
1119500,2017/18,2017-10-01,"Vidarbha Cricket Association Stadium, Jamtha",1,9.4,Australia,India,AJ Finch,DA Warner,HH Pandya,0,0,,,,,,,,,
1119500,2017/18,2017-10-01,"Vidarbha Cricket Association Stadium, Jamtha",1,9.5,Australia,India,AJ Finch,DA Warner,HH Pandya,4,0,,,,,,,,,
1119500,2017/18,2017-10-01,"Vidarbha Cricket Association Stadium, Jamtha",1,9.6,Australia,India,AJ Finch,DA Warner,HH Pandya,0,0,,,,,,,,,
1119500,2017/18,2017-10-01,"Vidarbha Cricket Association Stadium, Jamtha",1,10.1,Australia,India,DA Warner,AJ Finch,Kuldeep Yadav,0,0,,,,,,,,,
1119500,2017/18,2017-10-01,"Vidarbha Cricket Association Stadium, Jamtha",1,10.2,Australia,India,DA Warner,AJ Finch,Kuldeep Yadav,0,0,,,,,,,,,
1119500,2017/18,2017-10-01,"Vidarbha Cricket Association Stadium, Jamtha",1,10.3,Australia,India,DA Warner,AJ Finch,Kuldeep Yadav,0,0,,,,,,,,,
1119500,2017/18,2017-10-01,"Vidarbha Cricket Association Stadium, Jamtha",1,10.4,Australia,India,DA Warner,AJ Finch,Kuldeep Yadav,1,0,,,,,,,,,
1119500,2017/18,2017-10-01,"Vidarbha Cricket Association Stadium, Jamtha",1,10.5,Australia,India,AJ Finch,DA Warner,Kuldeep Yadav,1,0,,,,,,,,,
1119500,2017/18,2017-10-01,"Vidarbha Cricket Association Stadium, Jamtha",1,10.6,Australia,India,DA Warner,AJ Finch,Kuldeep Yadav,1,0,,,,,,,,,
1119500,2017/18,2017-10-01,"Vidarbha Cricket Association Stadium, Jamtha",1,11.1,Australia,India,DA Warner,AJ Finch,HH Pandya,2,0,,,,,,,,,
1119500,2017/18,2017-10-01,"Vidarbha Cricket Association Stadium, Jamtha",1,11.2,Australia,India,DA Warner,AJ Finch,HH Pandya,1,0,,,,,,,,,
1119500,2017/18,2017-10-01,"Vidarbha Cricket Association Stadium, Jamtha",1,11.3,Australia,India,AJ Finch,DA Warner,HH Pandya,0,0,,,,,,caught,AJ Finch,,
1119500,2017/18,2017-10-01,"Vidarbha Cricket Association Stadium, Jamtha",1,11.4,Australia,India,SPD Smith,DA Warner,HH Pandya,4,0,,,,,,,,,
1119500,2017/18,2017-10-01,"Vidarbha Cricket Association Stadium, Jamtha",1,11.5,Australia,India,SPD Smith,DA Warner,HH Pandya,1,0,,,,,,,,,
1119500,2017/18,2017-10-01,"Vidarbha Cricket Association Stadium, Jamtha",1,11.6,Australia,India,DA Warner,SPD Smith,HH Pandya,0,0,,,,,,,,,
1119500,2017/18,2017-10-01,"Vidarbha Cricket Association Stadium, Jamtha",1,12.1,Australia,India,SPD Smith,DA Warner,Kuldeep Yadav,0,0,,,,,,,,,
1119500,2017/18,2017-10-01,"Vidarbha Cricket Association Stadium, Jamtha",1,12.2,Australia,India,SPD Smith,DA Warner,Kuldeep Yadav,0,0,,,,,,,,,
1119500,2017/18,2017-10-01,"Vidarbha Cricket Association Stadium, Jamtha",1,12.3,Australia,India,SPD Smith,DA Warner,Kuldeep Yadav,0,0,,,,,,,,,
1119500,2017/18,2017-10-01,"Vidarbha Cricket Association Stadium, Jamtha",1,12.4,Australia,India,SPD Smith,DA Warner,Kuldeep Yadav,0,0,,,,,,,,,
1119500,2017/18,2017-10-01,"Vidarbha Cricket Association Stadium, Jamtha",1,12.5,Australia,India,SPD Smith,DA Warner,Kuldeep Yadav,0,0,,,,,,,,,
1119500,2017/18,2017-10-01,"Vidarbha Cricket Association Stadium, Jamtha",1,12.6,Australia,India,SPD Smith,DA Warner,Kuldeep Yadav,0,0,,,,,,,,,
1119500,2017/18,2017-10-01,"Vidarbha Cricket Association Stadium, Jamtha",1,13.1,Australia,India,DA Warner,SPD Smith,KM Jadhav,1,0,,,,,,,,,
1119500,2017/18,2017-10-01,"Vidarbha Cricket Association Stadium, Jamtha",1,13.2,Australia,India,SPD Smith,DA Warner,KM Jadhav,1,0,,,,,,,,,
1119500,2017/18,2017-10-01,"Vidarbha Cricket Association Stadium, Jamtha",1,13.3,Australia,India,DA Warner,SPD Smith,KM Jadhav,0,0,,,,,,,,,
1119500,2017/18,2017-10-01,"Vidarbha Cricket Association Stadium, Jamtha",1,13.4,Australia,India,DA Warner,SPD Smith,KM Jadhav,0,1,1,,,,,,,,
1119500,2017/18,2017-10-01,"Vidarbha Cricket Association Stadium, Jamtha",1,13.5,Australia,India,DA Warner,SPD Smith,KM Jadhav,0,0,,,,,,,,,
1119500,2017/18,2017-10-01,"Vidarbha Cricket Association Stadium, Jamtha",1,13.6,Australia,India,DA Warner,SPD Smith,KM Jadhav,0,0,,,,,,,,,
1119500,2017/18,2017-10-01,"Vidarbha Cricket Association Stadium, Jamtha",1,13.7,Australia,India,DA Warner,SPD Smith,KM Jadhav,0,0,,,,,,,,,
1119500,2017/18,2017-10-01,"Vidarbha Cricket Association Stadium, Jamtha",1,14.1,Australia,India,SPD Smith,DA Warner,Kuldeep Yadav,0,0,,,,,,,,,
1119500,2017/18,2017-10-01,"Vidarbha Cricket Association Stadium, Jamtha",1,14.2,Australia,India,SPD Smith,DA Warner,Kuldeep Yadav,1,0,,,,,,,,,
1119500,2017/18,2017-10-01,"Vidarbha Cricket Association Stadium, Jamtha",1,14.3,Australia,India,DA Warner,SPD Smith,Kuldeep Yadav,1,0,,,,,,,,,
1119500,2017/18,2017-10-01,"Vidarbha Cricket Association Stadium, Jamtha",1,14.4,Australia,India,SPD Smith,DA Warner,Kuldeep Yadav,0,0,,,,,,,,,
1119500,2017/18,2017-10-01,"Vidarbha Cricket Association Stadium, Jamtha",1,14.5,Australia,India,SPD Smith,DA Warner,Kuldeep Yadav,1,0,,,,,,,,,
1119500,2017/18,2017-10-01,"Vidarbha Cricket Association Stadium, Jamtha",1,14.6,Australia,India,DA Warner,SPD Smith,Kuldeep Yadav,1,0,,,,,,,,,
1119500,2017/18,2017-10-01,"Vidarbha Cricket Association Stadium, Jamtha",1,15.1,Australia,India,DA Warner,SPD Smith,KM Jadhav,1,0,,,,,,,,,
1119500,2017/18,2017-10-01,"Vidarbha Cricket Association Stadium, Jamtha",1,15.2,Australia,India,SPD Smith,DA Warner,KM Jadhav,1,0,,,,,,,,,
1119500,2017/18,2017-10-01,"Vidarbha Cricket Association Stadium, Jamtha",1,15.3,Australia,India,DA Warner,SPD Smith,KM Jadhav,0,0,,,,,,,,,
1119500,2017/18,2017-10-01,"Vidarbha Cricket Association Stadium, Jamtha",1,15.4,Australia,India,DA Warner,SPD Smith,KM Jadhav,0,0,,,,,,,,,
1119500,2017/18,2017-10-01,"Vidarbha Cricket Association Stadium, Jamtha",1,15.5,Australia,India,DA Warner,SPD Smith,KM Jadhav,1,0,,,,,,,,,
1119500,2017/18,2017-10-01,"Vidarbha Cricket Association Stadium, Jamtha",1,15.6,Australia,India,SPD Smith,DA Warner,KM Jadhav,0,1,1,,,,,,,,
1119500,2017/18,2017-10-01,"Vidarbha Cricket Association Stadium, Jamtha",1,15.7,Australia,India,SPD Smith,DA Warner,KM Jadhav,0,0,,,,,,,,,
1119500,2017/18,2017-10-01,"Vidarbha Cricket Association Stadium, Jamtha",1,16.1,Australia,India,DA Warner,SPD Smith,Kuldeep Yadav,1,0,,,,,,,,,
1119500,2017/18,2017-10-01,"Vidarbha Cricket Association Stadium, Jamtha",1,16.2,Australia,India,SPD Smith,DA Warner,Kuldeep Yadav,1,0,,,,,,,,,
1119500,2017/18,2017-10-01,"Vidarbha Cricket Association Stadium, Jamtha",1,16.3,Australia,India,DA Warner,SPD Smith,Kuldeep Yadav,1,0,,,,,,,,,
1119500,2017/18,2017-10-01,"Vidarbha Cricket Association Stadium, Jamtha",1,16.4,Australia,India,SPD Smith,DA Warner,Kuldeep Yadav,0,0,,,,,,,,,
1119500,2017/18,2017-10-01,"Vidarbha Cricket Association Stadium, Jamtha",1,16.5,Australia,India,SPD Smith,DA Warner,Kuldeep Yadav,1,0,,,,,,,,,
1119500,2017/18,2017-10-01,"Vidarbha Cricket Association Stadium, Jamtha",1,16.6,Australia,India,DA Warner,SPD Smith,Kuldeep Yadav,4,0,,,,,,,,,
1119500,2017/18,2017-10-01,"Vidarbha Cricket Association Stadium, Jamtha",1,17.1,Australia,India,SPD Smith,DA Warner,KM Jadhav,1,0,,,,,,,,,
1119500,2017/18,2017-10-01,"Vidarbha Cricket Association Stadium, Jamtha",1,17.2,Australia,India,DA Warner,SPD Smith,KM Jadhav,0,0,,,,,,,,,
1119500,2017/18,2017-10-01,"Vidarbha Cricket Association Stadium, Jamtha",1,17.3,Australia,India,DA Warner,SPD Smith,KM Jadhav,1,0,,,,,,,,,
1119500,2017/18,2017-10-01,"Vidarbha Cricket Association Stadium, Jamtha",1,17.4,Australia,India,SPD Smith,DA Warner,KM Jadhav,1,0,,,,,,,,,
1119500,2017/18,2017-10-01,"Vidarbha Cricket Association Stadium, Jamtha",1,17.5,Australia,India,DA Warner,SPD Smith,KM Jadhav,1,0,,,,,,,,,
1119500,2017/18,2017-10-01,"Vidarbha Cricket Association Stadium, Jamtha",1,17.6,Australia,India,SPD Smith,DA Warner,KM Jadhav,0,0,,,,,,,,,
1119500,2017/18,2017-10-01,"Vidarbha Cricket Association Stadium, Jamtha",1,18.1,Australia,India,DA Warner,SPD Smith,AR Patel,0,0,,,,,,,,,
1119500,2017/18,2017-10-01,"Vidarbha Cricket Association Stadium, Jamtha",1,18.2,Australia,India,DA Warner,SPD Smith,AR Patel,1,0,,,,,,,,,
1119500,2017/18,2017-10-01,"Vidarbha Cricket Association Stadium, Jamtha",1,18.3,Australia,India,SPD Smith,DA Warner,AR Patel,1,0,,,,,,,,,
1119500,2017/18,2017-10-01,"Vidarbha Cricket Association Stadium, Jamtha",1,18.4,Australia,India,DA Warner,SPD Smith,AR Patel,0,0,,,,,,,,,
1119500,2017/18,2017-10-01,"Vidarbha Cricket Association Stadium, Jamtha",1,18.5,Australia,India,DA Warner,SPD Smith,AR Patel,1,0,,,,,,,,,
1119500,2017/18,2017-10-01,"Vidarbha Cricket Association Stadium, Jamtha",1,18.6,Australia,India,SPD Smith,DA Warner,AR Patel,1,0,,,,,,,,,
1119500,2017/18,2017-10-01,"Vidarbha Cricket Association Stadium, Jamtha",1,19.1,Australia,India,SPD Smith,DA Warner,KM Jadhav,1,0,,,,,,,,,
1119500,2017/18,2017-10-01,"Vidarbha Cricket Association Stadium, Jamtha",1,19.2,Australia,India,DA Warner,SPD Smith,KM Jadhav,1,0,,,,,,,,,
1119500,2017/18,2017-10-01,"Vidarbha Cricket Association Stadium, Jamtha",1,19.3,Australia,India,SPD Smith,DA Warner,KM Jadhav,0,0,,,,,,lbw,SPD Smith,,
1119500,2017/18,2017-10-01,"Vidarbha Cricket Association Stadium, Jamtha",1,19.4,Australia,India,PSP Handscomb,DA Warner,KM Jadhav,1,0,,,,,,,,,
1119500,2017/18,2017-10-01,"Vidarbha Cricket Association Stadium, Jamtha",1,19.5,Australia,India,DA Warner,PSP Handscomb,KM Jadhav,1,0,,,,,,,,,
1119500,2017/18,2017-10-01,"Vidarbha Cricket Association Stadium, Jamtha",1,19.6,Australia,India,PSP Handscomb,DA Warner,KM Jadhav,1,0,,,,,,,,,
1119500,2017/18,2017-10-01,"Vidarbha Cricket Association Stadium, Jamtha",1,20.1,Australia,India,PSP Handscomb,DA Warner,AR Patel,0,0,,,,,,,,,
1119500,2017/18,2017-10-01,"Vidarbha Cricket Association Stadium, Jamtha",1,20.2,Australia,India,PSP Handscomb,DA Warner,AR Patel,0,0,,,,,,,,,
1119500,2017/18,2017-10-01,"Vidarbha Cricket Association Stadium, Jamtha",1,20.3,Australia,India,PSP Handscomb,DA Warner,AR Patel,1,0,,,,,,,,,
1119500,2017/18,2017-10-01,"Vidarbha Cricket Association Stadium, Jamtha",1,20.4,Australia,India,DA Warner,PSP Handscomb,AR Patel,1,0,,,,,,,,,
1119500,2017/18,2017-10-01,"Vidarbha Cricket Association Stadium, Jamtha",1,20.5,Australia,India,PSP Handscomb,DA Warner,AR Patel,0,0,,,,,,,,,
1119500,2017/18,2017-10-01,"Vidarbha Cricket Association Stadium, Jamtha",1,20.6,Australia,India,PSP Handscomb,DA Warner,AR Patel,1,0,,,,,,,,,
1119500,2017/18,2017-10-01,"Vidarbha Cricket Association Stadium, Jamtha",1,21.1,Australia,India,PSP Handscomb,DA Warner,KM Jadhav,1,0,,,,,,,,,
1119500,2017/18,2017-10-01,"Vidarbha Cricket Association Stadium, Jamtha",1,21.2,Australia,India,DA Warner,PSP Handscomb,KM Jadhav,0,0,,,,,,,,,
1119500,2017/18,2017-10-01,"Vidarbha Cricket Association Stadium, Jamtha",1,21.3,Australia,India,DA Warner,PSP Handscomb,KM Jadhav,0,0,,,,,,,,,
1119500,2017/18,2017-10-01,"Vidarbha Cricket Association Stadium, Jamtha",1,21.4,Australia,India,DA Warner,PSP Handscomb,KM Jadhav,1,0,,,,,,,,,
1119500,2017/18,2017-10-01,"Vidarbha Cricket Association Stadium, Jamtha",1,21.5,Australia,India,PSP Handscomb,DA Warner,KM Jadhav,2,0,,,,,,,,,
1119500,2017/18,2017-10-01,"Vidarbha Cricket Association Stadium, Jamtha",1,21.6,Australia,India,PSP Handscomb,DA Warner,KM Jadhav,1,0,,,,,,,,,
1119500,2017/18,2017-10-01,"Vidarbha Cricket Association Stadium, Jamtha",1,22.1,Australia,India,PSP Handscomb,DA Warner,AR Patel,1,0,,,,,,,,,
1119500,2017/18,2017-10-01,"Vidarbha Cricket Association Stadium, Jamtha",1,22.2,Australia,India,DA Warner,PSP Handscomb,AR Patel,0,0,,,,,,caught,DA Warner,,
1119500,2017/18,2017-10-01,"Vidarbha Cricket Association Stadium, Jamtha",1,22.3,Australia,India,PSP Handscomb,TM Head,AR Patel,1,0,,,,,,,,,
1119500,2017/18,2017-10-01,"Vidarbha Cricket Association Stadium, Jamtha",1,22.4,Australia,India,TM Head,PSP Handscomb,AR Patel,0,0,,,,,,,,,
1119500,2017/18,2017-10-01,"Vidarbha Cricket Association Stadium, Jamtha",1,22.5,Australia,India,TM Head,PSP Handscomb,AR Patel,1,0,,,,,,,,,
1119500,2017/18,2017-10-01,"Vidarbha Cricket Association Stadium, Jamtha",1,22.6,Australia,India,PSP Handscomb,TM Head,AR Patel,0,0,,,,,,,,,
1119500,2017/18,2017-10-01,"Vidarbha Cricket Association Stadium, Jamtha",1,23.1,Australia,India,TM Head,PSP Handscomb,KM Jadhav,0,0,,,,,,,,,
1119500,2017/18,2017-10-01,"Vidarbha Cricket Association Stadium, Jamtha",1,23.2,Australia,India,TM Head,PSP Handscomb,KM Jadhav,0,0,,,,,,,,,
1119500,2017/18,2017-10-01,"Vidarbha Cricket Association Stadium, Jamtha",1,23.3,Australia,India,TM Head,PSP Handscomb,KM Jadhav,1,0,,,,,,,,,
1119500,2017/18,2017-10-01,"Vidarbha Cricket Association Stadium, Jamtha",1,23.4,Australia,India,PSP Handscomb,TM Head,KM Jadhav,2,0,,,,,,,,,
1119500,2017/18,2017-10-01,"Vidarbha Cricket Association Stadium, Jamtha",1,23.5,Australia,India,PSP Handscomb,TM Head,KM Jadhav,1,0,,,,,,,,,
1119500,2017/18,2017-10-01,"Vidarbha Cricket Association Stadium, Jamtha",1,23.6,Australia,India,TM Head,PSP Handscomb,KM Jadhav,0,0,,,,,,,,,
1119500,2017/18,2017-10-01,"Vidarbha Cricket Association Stadium, Jamtha",1,24.1,Australia,India,PSP Handscomb,TM Head,AR Patel,0,0,,,,,,,,,
1119500,2017/18,2017-10-01,"Vidarbha Cricket Association Stadium, Jamtha",1,24.2,Australia,India,PSP Handscomb,TM Head,AR Patel,0,0,,,,,,caught,PSP Handscomb,,
1119500,2017/18,2017-10-01,"Vidarbha Cricket Association Stadium, Jamtha",1,24.3,Australia,India,TM Head,MP Stoinis,AR Patel,0,0,,,,,,,,,
1119500,2017/18,2017-10-01,"Vidarbha Cricket Association Stadium, Jamtha",1,24.4,Australia,India,TM Head,MP Stoinis,AR Patel,1,0,,,,,,,,,
1119500,2017/18,2017-10-01,"Vidarbha Cricket Association Stadium, Jamtha",1,24.5,Australia,India,MP Stoinis,TM Head,AR Patel,0,0,,,,,,,,,
1119500,2017/18,2017-10-01,"Vidarbha Cricket Association Stadium, Jamtha",1,24.6,Australia,India,MP Stoinis,TM Head,AR Patel,0,0,,,,,,,,,
1119500,2017/18,2017-10-01,"Vidarbha Cricket Association Stadium, Jamtha",1,25.1,Australia,India,TM Head,MP Stoinis,KM Jadhav,0,0,,,,,,,,,
1119500,2017/18,2017-10-01,"Vidarbha Cricket Association Stadium, Jamtha",1,25.2,Australia,India,TM Head,MP Stoinis,KM Jadhav,0,0,,,,,,,,,
1119500,2017/18,2017-10-01,"Vidarbha Cricket Association Stadium, Jamtha",1,25.3,Australia,India,TM Head,MP Stoinis,KM Jadhav,0,0,,,,,,,,,
1119500,2017/18,2017-10-01,"Vidarbha Cricket Association Stadium, Jamtha",1,25.4,Australia,India,TM Head,MP Stoinis,KM Jadhav,4,0,,,,,,,,,
1119500,2017/18,2017-10-01,"Vidarbha Cricket Association Stadium, Jamtha",1,25.5,Australia,India,TM Head,MP Stoinis,KM Jadhav,0,0,,,,,,,,,
1119500,2017/18,2017-10-01,"Vidarbha Cricket Association Stadium, Jamtha",1,25.6,Australia,India,TM Head,MP Stoinis,KM Jadhav,0,0,,,,,,,,,
1119500,2017/18,2017-10-01,"Vidarbha Cricket Association Stadium, Jamtha",1,26.1,Australia,India,MP Stoinis,TM Head,AR Patel,0,0,,,,,,,,,
1119500,2017/18,2017-10-01,"Vidarbha Cricket Association Stadium, Jamtha",1,26.2,Australia,India,MP Stoinis,TM Head,AR Patel,1,0,,,,,,,,,
1119500,2017/18,2017-10-01,"Vidarbha Cricket Association Stadium, Jamtha",1,26.3,Australia,India,TM Head,MP Stoinis,AR Patel,0,0,,,,,,,,,
1119500,2017/18,2017-10-01,"Vidarbha Cricket Association Stadium, Jamtha",1,26.4,Australia,India,TM Head,MP Stoinis,AR Patel,1,0,,,,,,,,,
1119500,2017/18,2017-10-01,"Vidarbha Cricket Association Stadium, Jamtha",1,26.5,Australia,India,MP Stoinis,TM Head,AR Patel,4,0,,,,,,,,,
1119500,2017/18,2017-10-01,"Vidarbha Cricket Association Stadium, Jamtha",1,26.6,Australia,India,MP Stoinis,TM Head,AR Patel,0,0,,,,,,,,,
1119500,2017/18,2017-10-01,"Vidarbha Cricket Association Stadium, Jamtha",1,27.1,Australia,India,TM Head,MP Stoinis,KM Jadhav,0,0,,,,,,,,,
1119500,2017/18,2017-10-01,"Vidarbha Cricket Association Stadium, Jamtha",1,27.2,Australia,India,TM Head,MP Stoinis,KM Jadhav,0,0,,,,,,,,,
1119500,2017/18,2017-10-01,"Vidarbha Cricket Association Stadium, Jamtha",1,27.3,Australia,India,TM Head,MP Stoinis,KM Jadhav,1,0,,,,,,,,,
1119500,2017/18,2017-10-01,"Vidarbha Cricket Association Stadium, Jamtha",1,27.4,Australia,India,MP Stoinis,TM Head,KM Jadhav,1,0,,,,,,,,,
1119500,2017/18,2017-10-01,"Vidarbha Cricket Association Stadium, Jamtha",1,27.5,Australia,India,TM Head,MP Stoinis,KM Jadhav,1,0,,,,,,,,,
1119500,2017/18,2017-10-01,"Vidarbha Cricket Association Stadium, Jamtha",1,27.6,Australia,India,MP Stoinis,TM Head,KM Jadhav,0,0,,,,,,,,,
1119500,2017/18,2017-10-01,"Vidarbha Cricket Association Stadium, Jamtha",1,28.1,Australia,India,TM Head,MP Stoinis,AR Patel,0,0,,,,,,,,,
1119500,2017/18,2017-10-01,"Vidarbha Cricket Association Stadium, Jamtha",1,28.2,Australia,India,TM Head,MP Stoinis,AR Patel,0,0,,,,,,,,,
1119500,2017/18,2017-10-01,"Vidarbha Cricket Association Stadium, Jamtha",1,28.3,Australia,India,TM Head,MP Stoinis,AR Patel,4,0,,,,,,,,,
1119500,2017/18,2017-10-01,"Vidarbha Cricket Association Stadium, Jamtha",1,28.4,Australia,India,TM Head,MP Stoinis,AR Patel,0,0,,,,,,,,,
1119500,2017/18,2017-10-01,"Vidarbha Cricket Association Stadium, Jamtha",1,28.5,Australia,India,TM Head,MP Stoinis,AR Patel,0,0,,,,,,,,,
1119500,2017/18,2017-10-01,"Vidarbha Cricket Association Stadium, Jamtha",1,28.6,Australia,India,TM Head,MP Stoinis,AR Patel,0,0,,,,,,,,,
1119500,2017/18,2017-10-01,"Vidarbha Cricket Association Stadium, Jamtha",1,29.1,Australia,India,MP Stoinis,TM Head,KM Jadhav,0,0,,,,,,,,,
1119500,2017/18,2017-10-01,"Vidarbha Cricket Association Stadium, Jamtha",1,29.2,Australia,India,MP Stoinis,TM Head,KM Jadhav,1,0,,,,,,,,,
1119500,2017/18,2017-10-01,"Vidarbha Cricket Association Stadium, Jamtha",1,29.3,Australia,India,TM Head,MP Stoinis,KM Jadhav,0,0,,,,,,,,,
1119500,2017/18,2017-10-01,"Vidarbha Cricket Association Stadium, Jamtha",1,29.4,Australia,India,TM Head,MP Stoinis,KM Jadhav,1,0,,,,,,,,,
1119500,2017/18,2017-10-01,"Vidarbha Cricket Association Stadium, Jamtha",1,29.5,Australia,India,MP Stoinis,TM Head,KM Jadhav,0,0,,,,,,,,,
1119500,2017/18,2017-10-01,"Vidarbha Cricket Association Stadium, Jamtha",1,29.6,Australia,India,MP Stoinis,TM Head,KM Jadhav,1,0,,,,,,,,,
1119500,2017/18,2017-10-01,"Vidarbha Cricket Association Stadium, Jamtha",1,30.1,Australia,India,MP Stoinis,TM Head,AR Patel,0,0,,,,,,,,,
1119500,2017/18,2017-10-01,"Vidarbha Cricket Association Stadium, Jamtha",1,30.2,Australia,India,MP Stoinis,TM Head,AR Patel,2,0,,,,,,,,,
1119500,2017/18,2017-10-01,"Vidarbha Cricket Association Stadium, Jamtha",1,30.3,Australia,India,MP Stoinis,TM Head,AR Patel,0,0,,,,,,,,,
1119500,2017/18,2017-10-01,"Vidarbha Cricket Association Stadium, Jamtha",1,30.4,Australia,India,MP Stoinis,TM Head,AR Patel,0,0,,,,,,,,,
1119500,2017/18,2017-10-01,"Vidarbha Cricket Association Stadium, Jamtha",1,30.5,Australia,India,MP Stoinis,TM Head,AR Patel,0,0,,,,,,,,,
1119500,2017/18,2017-10-01,"Vidarbha Cricket Association Stadium, Jamtha",1,30.6,Australia,India,MP Stoinis,TM Head,AR Patel,4,0,,,,,,,,,
1119500,2017/18,2017-10-01,"Vidarbha Cricket Association Stadium, Jamtha",1,31.1,Australia,India,TM Head,MP Stoinis,KM Jadhav,4,0,,,,,,,,,
1119500,2017/18,2017-10-01,"Vidarbha Cricket Association Stadium, Jamtha",1,31.2,Australia,India,TM Head,MP Stoinis,KM Jadhav,1,0,,,,,,,,,
1119500,2017/18,2017-10-01,"Vidarbha Cricket Association Stadium, Jamtha",1,31.3,Australia,India,MP Stoinis,TM Head,KM Jadhav,6,0,,,,,,,,,
1119500,2017/18,2017-10-01,"Vidarbha Cricket Association Stadium, Jamtha",1,31.4,Australia,India,MP Stoinis,TM Head,KM Jadhav,1,0,,,,,,,,,
1119500,2017/18,2017-10-01,"Vidarbha Cricket Association Stadium, Jamtha",1,31.5,Australia,India,TM Head,MP Stoinis,KM Jadhav,1,0,,,,,,,,,
1119500,2017/18,2017-10-01,"Vidarbha Cricket Association Stadium, Jamtha",1,31.6,Australia,India,MP Stoinis,TM Head,KM Jadhav,0,0,,,,,,,,,
1119500,2017/18,2017-10-01,"Vidarbha Cricket Association Stadium, Jamtha",1,32.1,Australia,India,TM Head,MP Stoinis,AR Patel,1,0,,,,,,,,,
1119500,2017/18,2017-10-01,"Vidarbha Cricket Association Stadium, Jamtha",1,32.2,Australia,India,MP Stoinis,TM Head,AR Patel,2,0,,,,,,,,,
1119500,2017/18,2017-10-01,"Vidarbha Cricket Association Stadium, Jamtha",1,32.3,Australia,India,MP Stoinis,TM Head,AR Patel,0,0,,,,,,,,,
1119500,2017/18,2017-10-01,"Vidarbha Cricket Association Stadium, Jamtha",1,32.4,Australia,India,MP Stoinis,TM Head,AR Patel,0,0,,,,,,,,,
1119500,2017/18,2017-10-01,"Vidarbha Cricket Association Stadium, Jamtha",1,32.5,Australia,India,MP Stoinis,TM Head,AR Patel,0,0,,,,,,,,,
1119500,2017/18,2017-10-01,"Vidarbha Cricket Association Stadium, Jamtha",1,32.6,Australia,India,MP Stoinis,TM Head,AR Patel,1,0,,,,,,,,,
1119500,2017/18,2017-10-01,"Vidarbha Cricket Association Stadium, Jamtha",1,33.1,Australia,India,MP Stoinis,TM Head,Kuldeep Yadav,0,1,,,,1,,,,,
1119500,2017/18,2017-10-01,"Vidarbha Cricket Association Stadium, Jamtha",1,33.2,Australia,India,TM Head,MP Stoinis,Kuldeep Yadav,1,0,,,,,,,,,
1119500,2017/18,2017-10-01,"Vidarbha Cricket Association Stadium, Jamtha",1,33.3,Australia,India,MP Stoinis,TM Head,Kuldeep Yadav,0,0,,,,,,,,,
1119500,2017/18,2017-10-01,"Vidarbha Cricket Association Stadium, Jamtha",1,33.4,Australia,India,MP Stoinis,TM Head,Kuldeep Yadav,1,0,,,,,,,,,
1119500,2017/18,2017-10-01,"Vidarbha Cricket Association Stadium, Jamtha",1,33.5,Australia,India,TM Head,MP Stoinis,Kuldeep Yadav,0,0,,,,,,,,,
1119500,2017/18,2017-10-01,"Vidarbha Cricket Association Stadium, Jamtha",1,33.6,Australia,India,TM Head,MP Stoinis,Kuldeep Yadav,0,0,,,,,,,,,
1119500,2017/18,2017-10-01,"Vidarbha Cricket Association Stadium, Jamtha",1,34.1,Australia,India,MP Stoinis,TM Head,JJ Bumrah,1,0,,,,,,,,,
1119500,2017/18,2017-10-01,"Vidarbha Cricket Association Stadium, Jamtha",1,34.2,Australia,India,TM Head,MP Stoinis,JJ Bumrah,1,0,,,,,,,,,
1119500,2017/18,2017-10-01,"Vidarbha Cricket Association Stadium, Jamtha",1,34.3,Australia,India,MP Stoinis,TM Head,JJ Bumrah,0,0,,,,,,,,,
1119500,2017/18,2017-10-01,"Vidarbha Cricket Association Stadium, Jamtha",1,34.4,Australia,India,MP Stoinis,TM Head,JJ Bumrah,0,0,,,,,,,,,
1119500,2017/18,2017-10-01,"Vidarbha Cricket Association Stadium, Jamtha",1,34.5,Australia,India,MP Stoinis,TM Head,JJ Bumrah,0,0,,,,,,,,,
1119500,2017/18,2017-10-01,"Vidarbha Cricket Association Stadium, Jamtha",1,34.6,Australia,India,MP Stoinis,TM Head,JJ Bumrah,1,0,,,,,,,,,
1119500,2017/18,2017-10-01,"Vidarbha Cricket Association Stadium, Jamtha",1,35.1,Australia,India,MP Stoinis,TM Head,Kuldeep Yadav,0,0,,,,,,,,,
1119500,2017/18,2017-10-01,"Vidarbha Cricket Association Stadium, Jamtha",1,35.2,Australia,India,MP Stoinis,TM Head,Kuldeep Yadav,1,0,,,,,,,,,
1119500,2017/18,2017-10-01,"Vidarbha Cricket Association Stadium, Jamtha",1,35.3,Australia,India,TM Head,MP Stoinis,Kuldeep Yadav,0,0,,,,,,,,,
1119500,2017/18,2017-10-01,"Vidarbha Cricket Association Stadium, Jamtha",1,35.4,Australia,India,TM Head,MP Stoinis,Kuldeep Yadav,0,0,,,,,,,,,
1119500,2017/18,2017-10-01,"Vidarbha Cricket Association Stadium, Jamtha",1,35.5,Australia,India,TM Head,MP Stoinis,Kuldeep Yadav,1,0,,,,,,,,,
1119500,2017/18,2017-10-01,"Vidarbha Cricket Association Stadium, Jamtha",1,35.6,Australia,India,MP Stoinis,TM Head,Kuldeep Yadav,1,0,,,,,,,,,
1119500,2017/18,2017-10-01,"Vidarbha Cricket Association Stadium, Jamtha",1,36.1,Australia,India,MP Stoinis,TM Head,JJ Bumrah,0,0,,,,,,,,,
1119500,2017/18,2017-10-01,"Vidarbha Cricket Association Stadium, Jamtha",1,36.2,Australia,India,MP Stoinis,TM Head,JJ Bumrah,1,0,,,,,,,,,
1119500,2017/18,2017-10-01,"Vidarbha Cricket Association Stadium, Jamtha",1,36.3,Australia,India,TM Head,MP Stoinis,JJ Bumrah,0,0,,,,,,,,,
1119500,2017/18,2017-10-01,"Vidarbha Cricket Association Stadium, Jamtha",1,36.4,Australia,India,TM Head,MP Stoinis,JJ Bumrah,0,0,,,,,,,,,
1119500,2017/18,2017-10-01,"Vidarbha Cricket Association Stadium, Jamtha",1,36.5,Australia,India,TM Head,MP Stoinis,JJ Bumrah,1,0,,,,,,,,,
1119500,2017/18,2017-10-01,"Vidarbha Cricket Association Stadium, Jamtha",1,36.6,Australia,India,MP Stoinis,TM Head,JJ Bumrah,0,0,,,,,,,,,
1119500,2017/18,2017-10-01,"Vidarbha Cricket Association Stadium, Jamtha",1,37.1,Australia,India,TM Head,MP Stoinis,Kuldeep Yadav,1,0,,,,,,,,,
1119500,2017/18,2017-10-01,"Vidarbha Cricket Association Stadium, Jamtha",1,37.2,Australia,India,MP Stoinis,TM Head,Kuldeep Yadav,0,0,,,,,,,,,
1119500,2017/18,2017-10-01,"Vidarbha Cricket Association Stadium, Jamtha",1,37.3,Australia,India,MP Stoinis,TM Head,Kuldeep Yadav,1,0,,,,,,,,,
1119500,2017/18,2017-10-01,"Vidarbha Cricket Association Stadium, Jamtha",1,37.4,Australia,India,TM Head,MP Stoinis,Kuldeep Yadav,0,0,,,,,,,,,
1119500,2017/18,2017-10-01,"Vidarbha Cricket Association Stadium, Jamtha",1,37.5,Australia,India,TM Head,MP Stoinis,Kuldeep Yadav,2,0,,,,,,,,,
1119500,2017/18,2017-10-01,"Vidarbha Cricket Association Stadium, Jamtha",1,37.6,Australia,India,TM Head,MP Stoinis,Kuldeep Yadav,1,0,,,,,,,,,
1119500,2017/18,2017-10-01,"Vidarbha Cricket Association Stadium, Jamtha",1,38.1,Australia,India,TM Head,MP Stoinis,JJ Bumrah,0,0,,,,,,,,,
1119500,2017/18,2017-10-01,"Vidarbha Cricket Association Stadium, Jamtha",1,38.2,Australia,India,TM Head,MP Stoinis,JJ Bumrah,1,0,,,,,,,,,
1119500,2017/18,2017-10-01,"Vidarbha Cricket Association Stadium, Jamtha",1,38.3,Australia,India,MP Stoinis,TM Head,JJ Bumrah,0,0,,,,,,,,,
1119500,2017/18,2017-10-01,"Vidarbha Cricket Association Stadium, Jamtha",1,38.4,Australia,India,MP Stoinis,TM Head,JJ Bumrah,0,0,,,,,,,,,
1119500,2017/18,2017-10-01,"Vidarbha Cricket Association Stadium, Jamtha",1,38.5,Australia,India,MP Stoinis,TM Head,JJ Bumrah,0,0,,,,,,,,,
1119500,2017/18,2017-10-01,"Vidarbha Cricket Association Stadium, Jamtha",1,38.6,Australia,India,MP Stoinis,TM Head,JJ Bumrah,0,0,,,,,,,,,
1119500,2017/18,2017-10-01,"Vidarbha Cricket Association Stadium, Jamtha",1,39.1,Australia,India,TM Head,MP Stoinis,Kuldeep Yadav,1,0,,,,,,,,,
1119500,2017/18,2017-10-01,"Vidarbha Cricket Association Stadium, Jamtha",1,39.2,Australia,India,MP Stoinis,TM Head,Kuldeep Yadav,4,0,,,,,,,,,
1119500,2017/18,2017-10-01,"Vidarbha Cricket Association Stadium, Jamtha",1,39.3,Australia,India,MP Stoinis,TM Head,Kuldeep Yadav,0,0,,,,,,,,,
1119500,2017/18,2017-10-01,"Vidarbha Cricket Association Stadium, Jamtha",1,39.4,Australia,India,MP Stoinis,TM Head,Kuldeep Yadav,1,0,,,,,,,,,
1119500,2017/18,2017-10-01,"Vidarbha Cricket Association Stadium, Jamtha",1,39.5,Australia,India,TM Head,MP Stoinis,Kuldeep Yadav,1,0,,,,,,,,,
1119500,2017/18,2017-10-01,"Vidarbha Cricket Association Stadium, Jamtha",1,39.6,Australia,India,MP Stoinis,TM Head,Kuldeep Yadav,4,0,,,,,,,,,
1119500,2017/18,2017-10-01,"Vidarbha Cricket Association Stadium, Jamtha",1,40.1,Australia,India,TM Head,MP Stoinis,AR Patel,1,0,,,,,,,,,
1119500,2017/18,2017-10-01,"Vidarbha Cricket Association Stadium, Jamtha",1,40.2,Australia,India,MP Stoinis,TM Head,AR Patel,1,0,,,,,,,,,
1119500,2017/18,2017-10-01,"Vidarbha Cricket Association Stadium, Jamtha",1,40.3,Australia,India,TM Head,MP Stoinis,AR Patel,0,0,,,,,,,,,
1119500,2017/18,2017-10-01,"Vidarbha Cricket Association Stadium, Jamtha",1,40.4,Australia,India,TM Head,MP Stoinis,AR Patel,0,1,,,,1,,,,,
1119500,2017/18,2017-10-01,"Vidarbha Cricket Association Stadium, Jamtha",1,40.5,Australia,India,MP Stoinis,TM Head,AR Patel,0,0,,,,,,,,,
1119500,2017/18,2017-10-01,"Vidarbha Cricket Association Stadium, Jamtha",1,40.6,Australia,India,MP Stoinis,TM Head,AR Patel,2,0,,,,,,,,,
1119500,2017/18,2017-10-01,"Vidarbha Cricket Association Stadium, Jamtha",1,41.1,Australia,India,TM Head,MP Stoinis,Kuldeep Yadav,2,0,,,,,,,,,
1119500,2017/18,2017-10-01,"Vidarbha Cricket Association Stadium, Jamtha",1,41.2,Australia,India,TM Head,MP Stoinis,Kuldeep Yadav,4,0,,,,,,,,,
1119500,2017/18,2017-10-01,"Vidarbha Cricket Association Stadium, Jamtha",1,41.3,Australia,India,TM Head,MP Stoinis,Kuldeep Yadav,1,0,,,,,,,,,
1119500,2017/18,2017-10-01,"Vidarbha Cricket Association Stadium, Jamtha",1,41.4,Australia,India,MP Stoinis,TM Head,Kuldeep Yadav,0,0,,,,,,,,,
1119500,2017/18,2017-10-01,"Vidarbha Cricket Association Stadium, Jamtha",1,41.5,Australia,India,MP Stoinis,TM Head,Kuldeep Yadav,0,0,,,,,,,,,
1119500,2017/18,2017-10-01,"Vidarbha Cricket Association Stadium, Jamtha",1,41.6,Australia,India,MP Stoinis,TM Head,Kuldeep Yadav,0,0,,,,,,,,,
1119500,2017/18,2017-10-01,"Vidarbha Cricket Association Stadium, Jamtha",1,42.1,Australia,India,TM Head,MP Stoinis,AR Patel,0,0,,,,,,,,,
1119500,2017/18,2017-10-01,"Vidarbha Cricket Association Stadium, Jamtha",1,42.2,Australia,India,TM Head,MP Stoinis,AR Patel,1,0,,,,,,,,,
1119500,2017/18,2017-10-01,"Vidarbha Cricket Association Stadium, Jamtha",1,42.3,Australia,India,MP Stoinis,TM Head,AR Patel,0,0,,,,,,,,,
1119500,2017/18,2017-10-01,"Vidarbha Cricket Association Stadium, Jamtha",1,42.4,Australia,India,MP Stoinis,TM Head,AR Patel,0,1,1,,,,,,,,
1119500,2017/18,2017-10-01,"Vidarbha Cricket Association Stadium, Jamtha",1,42.5,Australia,India,MP Stoinis,TM Head,AR Patel,0,0,,,,,,,,,
1119500,2017/18,2017-10-01,"Vidarbha Cricket Association Stadium, Jamtha",1,42.6,Australia,India,MP Stoinis,TM Head,AR Patel,1,0,,,,,,,,,
1119500,2017/18,2017-10-01,"Vidarbha Cricket Association Stadium, Jamtha",1,42.7,Australia,India,TM Head,MP Stoinis,AR Patel,0,0,,,,,,bowled,TM Head,,
1119500,2017/18,2017-10-01,"Vidarbha Cricket Association Stadium, Jamtha",1,43.1,Australia,India,MP Stoinis,MS Wade,Kuldeep Yadav,1,0,,,,,,,,,
1119500,2017/18,2017-10-01,"Vidarbha Cricket Association Stadium, Jamtha",1,43.2,Australia,India,MS Wade,MP Stoinis,Kuldeep Yadav,0,0,,,,,,,,,
1119500,2017/18,2017-10-01,"Vidarbha Cricket Association Stadium, Jamtha",1,43.3,Australia,India,MS Wade,MP Stoinis,Kuldeep Yadav,1,0,,,,,,,,,
1119500,2017/18,2017-10-01,"Vidarbha Cricket Association Stadium, Jamtha",1,43.4,Australia,India,MP Stoinis,MS Wade,Kuldeep Yadav,1,0,,,,,,,,,
1119500,2017/18,2017-10-01,"Vidarbha Cricket Association Stadium, Jamtha",1,43.5,Australia,India,MS Wade,MP Stoinis,Kuldeep Yadav,2,0,,,,,,,,,
1119500,2017/18,2017-10-01,"Vidarbha Cricket Association Stadium, Jamtha",1,43.6,Australia,India,MS Wade,MP Stoinis,Kuldeep Yadav,0,0,,,,,,,,,
1119500,2017/18,2017-10-01,"Vidarbha Cricket Association Stadium, Jamtha",1,44.1,Australia,India,MP Stoinis,MS Wade,JJ Bumrah,0,0,,,,,,,,,
1119500,2017/18,2017-10-01,"Vidarbha Cricket Association Stadium, Jamtha",1,44.2,Australia,India,MP Stoinis,MS Wade,JJ Bumrah,0,0,,,,,,lbw,MP Stoinis,,
1119500,2017/18,2017-10-01,"Vidarbha Cricket Association Stadium, Jamtha",1,44.3,Australia,India,JP Faulkner,MS Wade,JJ Bumrah,0,0,,,,,,,,,
1119500,2017/18,2017-10-01,"Vidarbha Cricket Association Stadium, Jamtha",1,44.4,Australia,India,JP Faulkner,MS Wade,JJ Bumrah,0,0,,,,,,,,,
1119500,2017/18,2017-10-01,"Vidarbha Cricket Association Stadium, Jamtha",1,44.5,Australia,India,JP Faulkner,MS Wade,JJ Bumrah,0,0,,,,,,,,,
1119500,2017/18,2017-10-01,"Vidarbha Cricket Association Stadium, Jamtha",1,44.6,Australia,India,JP Faulkner,MS Wade,JJ Bumrah,0,1,,,1,,,,,,
1119500,2017/18,2017-10-01,"Vidarbha Cricket Association Stadium, Jamtha",1,45.1,Australia,India,JP Faulkner,MS Wade,B Kumar,1,0,,,,,,,,,
1119500,2017/18,2017-10-01,"Vidarbha Cricket Association Stadium, Jamtha",1,45.2,Australia,India,MS Wade,JP Faulkner,B Kumar,1,0,,,,,,,,,
1119500,2017/18,2017-10-01,"Vidarbha Cricket Association Stadium, Jamtha",1,45.3,Australia,India,JP Faulkner,MS Wade,B Kumar,0,0,,,,,,,,,
1119500,2017/18,2017-10-01,"Vidarbha Cricket Association Stadium, Jamtha",1,45.4,Australia,India,JP Faulkner,MS Wade,B Kumar,1,0,,,,,,,,,
1119500,2017/18,2017-10-01,"Vidarbha Cricket Association Stadium, Jamtha",1,45.5,Australia,India,MS Wade,JP Faulkner,B Kumar,0,0,,,,,,,,,
1119500,2017/18,2017-10-01,"Vidarbha Cricket Association Stadium, Jamtha",1,45.6,Australia,India,MS Wade,JP Faulkner,B Kumar,0,0,,,,,,,,,
1119500,2017/18,2017-10-01,"Vidarbha Cricket Association Stadium, Jamtha",1,46.1,Australia,India,JP Faulkner,MS Wade,JJ Bumrah,1,0,,,,,,,,,
1119500,2017/18,2017-10-01,"Vidarbha Cricket Association Stadium, Jamtha",1,46.2,Australia,India,MS Wade,JP Faulkner,JJ Bumrah,0,0,,,,,,,,,
1119500,2017/18,2017-10-01,"Vidarbha Cricket Association Stadium, Jamtha",1,46.3,Australia,India,MS Wade,JP Faulkner,JJ Bumrah,1,0,,,,,,,,,
1119500,2017/18,2017-10-01,"Vidarbha Cricket Association Stadium, Jamtha",1,46.4,Australia,India,JP Faulkner,MS Wade,JJ Bumrah,1,0,,,,,,,,,
1119500,2017/18,2017-10-01,"Vidarbha Cricket Association Stadium, Jamtha",1,46.5,Australia,India,MS Wade,JP Faulkner,JJ Bumrah,2,0,,,,,,,,,
1119500,2017/18,2017-10-01,"Vidarbha Cricket Association Stadium, Jamtha",1,46.6,Australia,India,MS Wade,JP Faulkner,JJ Bumrah,1,0,,,,,,,,,
1119500,2017/18,2017-10-01,"Vidarbha Cricket Association Stadium, Jamtha",1,47.1,Australia,India,MS Wade,JP Faulkner,B Kumar,6,0,,,,,,,,,
1119500,2017/18,2017-10-01,"Vidarbha Cricket Association Stadium, Jamtha",1,47.2,Australia,India,MS Wade,JP Faulkner,B Kumar,1,0,,,,,,,,,
1119500,2017/18,2017-10-01,"Vidarbha Cricket Association Stadium, Jamtha",1,47.3,Australia,India,JP Faulkner,MS Wade,B Kumar,1,0,,,,,,,,,
1119500,2017/18,2017-10-01,"Vidarbha Cricket Association Stadium, Jamtha",1,47.4,Australia,India,MS Wade,JP Faulkner,B Kumar,2,0,,,,,,,,,
1119500,2017/18,2017-10-01,"Vidarbha Cricket Association Stadium, Jamtha",1,47.5,Australia,India,MS Wade,JP Faulkner,B Kumar,1,0,,,,,,,,,
1119500,2017/18,2017-10-01,"Vidarbha Cricket Association Stadium, Jamtha",1,47.6,Australia,India,JP Faulkner,MS Wade,B Kumar,1,0,,,,,,,,,
1119500,2017/18,2017-10-01,"Vidarbha Cricket Association Stadium, Jamtha",1,48.1,Australia,India,JP Faulkner,MS Wade,JJ Bumrah,1,0,,,,,,,,,
1119500,2017/18,2017-10-01,"Vidarbha Cricket Association Stadium, Jamtha",1,48.2,Australia,India,MS Wade,JP Faulkner,JJ Bumrah,1,0,,,,,,,,,
1119500,2017/18,2017-10-01,"Vidarbha Cricket Association Stadium, Jamtha",1,48.3,Australia,India,JP Faulkner,MS Wade,JJ Bumrah,1,0,,,,,,,,,
1119500,2017/18,2017-10-01,"Vidarbha Cricket Association Stadium, Jamtha",1,48.4,Australia,India,MS Wade,JP Faulkner,JJ Bumrah,1,0,,,,,,,,,
1119500,2017/18,2017-10-01,"Vidarbha Cricket Association Stadium, Jamtha",1,48.5,Australia,India,JP Faulkner,MS Wade,JJ Bumrah,1,0,,,,,,,,,
1119500,2017/18,2017-10-01,"Vidarbha Cricket Association Stadium, Jamtha",1,48.6,Australia,India,MS Wade,JP Faulkner,JJ Bumrah,0,0,,,,,,caught,MS Wade,,
1119500,2017/18,2017-10-01,"Vidarbha Cricket Association Stadium, Jamtha",1,49.1,Australia,India,JP Faulkner,PJ Cummins,B Kumar,1,0,,,,,,,,,
1119500,2017/18,2017-10-01,"Vidarbha Cricket Association Stadium, Jamtha",1,49.2,Australia,India,PJ Cummins,JP Faulkner,B Kumar,1,0,,,,,,,,,
1119500,2017/18,2017-10-01,"Vidarbha Cricket Association Stadium, Jamtha",1,49.3,Australia,India,JP Faulkner,PJ Cummins,B Kumar,1,0,,,,,,,,,
1119500,2017/18,2017-10-01,"Vidarbha Cricket Association Stadium, Jamtha",1,49.4,Australia,India,PJ Cummins,JP Faulkner,B Kumar,1,0,,,,,,,,,
1119500,2017/18,2017-10-01,"Vidarbha Cricket Association Stadium, Jamtha",1,49.5,Australia,India,JP Faulkner,PJ Cummins,B Kumar,1,0,,,,,,run out,JP Faulkner,,
1119500,2017/18,2017-10-01,"Vidarbha Cricket Association Stadium, Jamtha",1,49.6,Australia,India,NM Coulter-Nile,PJ Cummins,B Kumar,0,0,,,,,,bowled,NM Coulter-Nile,,
1119500,2017/18,2017-10-01,"Vidarbha Cricket Association Stadium, Jamtha",2,0.1,India,Australia,AM Rahane,RG Sharma,PJ Cummins,0,0,,,,,,,,,
1119500,2017/18,2017-10-01,"Vidarbha Cricket Association Stadium, Jamtha",2,0.2,India,Australia,AM Rahane,RG Sharma,PJ Cummins,0,0,,,,,,,,,
1119500,2017/18,2017-10-01,"Vidarbha Cricket Association Stadium, Jamtha",2,0.3,India,Australia,AM Rahane,RG Sharma,PJ Cummins,4,0,,,,,,,,,
1119500,2017/18,2017-10-01,"Vidarbha Cricket Association Stadium, Jamtha",2,0.4,India,Australia,AM Rahane,RG Sharma,PJ Cummins,1,0,,,,,,,,,
1119500,2017/18,2017-10-01,"Vidarbha Cricket Association Stadium, Jamtha",2,0.5,India,Australia,RG Sharma,AM Rahane,PJ Cummins,0,0,,,,,,,,,
1119500,2017/18,2017-10-01,"Vidarbha Cricket Association Stadium, Jamtha",2,0.6,India,Australia,RG Sharma,AM Rahane,PJ Cummins,0,0,,,,,,,,,
1119500,2017/18,2017-10-01,"Vidarbha Cricket Association Stadium, Jamtha",2,1.1,India,Australia,AM Rahane,RG Sharma,NM Coulter-Nile,0,0,,,,,,,,,
1119500,2017/18,2017-10-01,"Vidarbha Cricket Association Stadium, Jamtha",2,1.2,India,Australia,AM Rahane,RG Sharma,NM Coulter-Nile,0,0,,,,,,,,,
1119500,2017/18,2017-10-01,"Vidarbha Cricket Association Stadium, Jamtha",2,1.3,India,Australia,AM Rahane,RG Sharma,NM Coulter-Nile,1,0,,,,,,,,,
1119500,2017/18,2017-10-01,"Vidarbha Cricket Association Stadium, Jamtha",2,1.4,India,Australia,RG Sharma,AM Rahane,NM Coulter-Nile,0,0,,,,,,,,,
1119500,2017/18,2017-10-01,"Vidarbha Cricket Association Stadium, Jamtha",2,1.5,India,Australia,RG Sharma,AM Rahane,NM Coulter-Nile,0,0,,,,,,,,,
1119500,2017/18,2017-10-01,"Vidarbha Cricket Association Stadium, Jamtha",2,1.6,India,Australia,RG Sharma,AM Rahane,NM Coulter-Nile,0,0,,,,,,,,,
1119500,2017/18,2017-10-01,"Vidarbha Cricket Association Stadium, Jamtha",2,2.1,India,Australia,AM Rahane,RG Sharma,PJ Cummins,4,0,,,,,,,,,
1119500,2017/18,2017-10-01,"Vidarbha Cricket Association Stadium, Jamtha",2,2.2,India,Australia,AM Rahane,RG Sharma,PJ Cummins,0,0,,,,,,,,,
1119500,2017/18,2017-10-01,"Vidarbha Cricket Association Stadium, Jamtha",2,2.3,India,Australia,AM Rahane,RG Sharma,PJ Cummins,1,0,,,,,,,,,
1119500,2017/18,2017-10-01,"Vidarbha Cricket Association Stadium, Jamtha",2,2.4,India,Australia,RG Sharma,AM Rahane,PJ Cummins,0,0,,,,,,,,,
1119500,2017/18,2017-10-01,"Vidarbha Cricket Association Stadium, Jamtha",2,2.5,India,Australia,RG Sharma,AM Rahane,PJ Cummins,0,0,,,,,,,,,
1119500,2017/18,2017-10-01,"Vidarbha Cricket Association Stadium, Jamtha",2,2.6,India,Australia,RG Sharma,AM Rahane,PJ Cummins,0,0,,,,,,,,,
1119500,2017/18,2017-10-01,"Vidarbha Cricket Association Stadium, Jamtha",2,3.1,India,Australia,AM Rahane,RG Sharma,NM Coulter-Nile,0,0,,,,,,,,,
1119500,2017/18,2017-10-01,"Vidarbha Cricket Association Stadium, Jamtha",2,3.2,India,Australia,AM Rahane,RG Sharma,NM Coulter-Nile,1,0,,,,,,,,,
1119500,2017/18,2017-10-01,"Vidarbha Cricket Association Stadium, Jamtha",2,3.3,India,Australia,RG Sharma,AM Rahane,NM Coulter-Nile,0,0,,,,,,,,,
1119500,2017/18,2017-10-01,"Vidarbha Cricket Association Stadium, Jamtha",2,3.4,India,Australia,RG Sharma,AM Rahane,NM Coulter-Nile,0,0,,,,,,,,,
1119500,2017/18,2017-10-01,"Vidarbha Cricket Association Stadium, Jamtha",2,3.5,India,Australia,RG Sharma,AM Rahane,NM Coulter-Nile,0,0,,,,,,,,,
1119500,2017/18,2017-10-01,"Vidarbha Cricket Association Stadium, Jamtha",2,3.6,India,Australia,RG Sharma,AM Rahane,NM Coulter-Nile,0,0,,,,,,,,,
1119500,2017/18,2017-10-01,"Vidarbha Cricket Association Stadium, Jamtha",2,4.1,India,Australia,AM Rahane,RG Sharma,PJ Cummins,0,0,,,,,,,,,
1119500,2017/18,2017-10-01,"Vidarbha Cricket Association Stadium, Jamtha",2,4.2,India,Australia,AM Rahane,RG Sharma,PJ Cummins,1,0,,,,,,,,,
1119500,2017/18,2017-10-01,"Vidarbha Cricket Association Stadium, Jamtha",2,4.3,India,Australia,RG Sharma,AM Rahane,PJ Cummins,0,0,,,,,,,,,
1119500,2017/18,2017-10-01,"Vidarbha Cricket Association Stadium, Jamtha",2,4.4,India,Australia,RG Sharma,AM Rahane,PJ Cummins,0,0,,,,,,,,,
1119500,2017/18,2017-10-01,"Vidarbha Cricket Association Stadium, Jamtha",2,4.5,India,Australia,RG Sharma,AM Rahane,PJ Cummins,4,0,,,,,,,,,
1119500,2017/18,2017-10-01,"Vidarbha Cricket Association Stadium, Jamtha",2,4.6,India,Australia,RG Sharma,AM Rahane,PJ Cummins,4,0,,,,,,,,,
1119500,2017/18,2017-10-01,"Vidarbha Cricket Association Stadium, Jamtha",2,5.1,India,Australia,AM Rahane,RG Sharma,NM Coulter-Nile,0,0,,,,,,,,,
1119500,2017/18,2017-10-01,"Vidarbha Cricket Association Stadium, Jamtha",2,5.2,India,Australia,AM Rahane,RG Sharma,NM Coulter-Nile,4,0,,,,,,,,,
1119500,2017/18,2017-10-01,"Vidarbha Cricket Association Stadium, Jamtha",2,5.3,India,Australia,AM Rahane,RG Sharma,NM Coulter-Nile,0,0,,,,,,,,,
1119500,2017/18,2017-10-01,"Vidarbha Cricket Association Stadium, Jamtha",2,5.4,India,Australia,AM Rahane,RG Sharma,NM Coulter-Nile,0,0,,,,,,,,,
1119500,2017/18,2017-10-01,"Vidarbha Cricket Association Stadium, Jamtha",2,5.5,India,Australia,AM Rahane,RG Sharma,NM Coulter-Nile,0,0,,,,,,,,,
1119500,2017/18,2017-10-01,"Vidarbha Cricket Association Stadium, Jamtha",2,5.6,India,Australia,AM Rahane,RG Sharma,NM Coulter-Nile,0,0,,,,,,,,,
1119500,2017/18,2017-10-01,"Vidarbha Cricket Association Stadium, Jamtha",2,6.1,India,Australia,RG Sharma,AM Rahane,MP Stoinis,1,0,,,,,,,,,
1119500,2017/18,2017-10-01,"Vidarbha Cricket Association Stadium, Jamtha",2,6.2,India,Australia,AM Rahane,RG Sharma,MP Stoinis,0,0,,,,,,,,,
1119500,2017/18,2017-10-01,"Vidarbha Cricket Association Stadium, Jamtha",2,6.3,India,Australia,AM Rahane,RG Sharma,MP Stoinis,0,0,,,,,,,,,
1119500,2017/18,2017-10-01,"Vidarbha Cricket Association Stadium, Jamtha",2,6.4,India,Australia,AM Rahane,RG Sharma,MP Stoinis,1,0,,,,,,,,,
1119500,2017/18,2017-10-01,"Vidarbha Cricket Association Stadium, Jamtha",2,6.5,India,Australia,RG Sharma,AM Rahane,MP Stoinis,1,0,,,,,,,,,
1119500,2017/18,2017-10-01,"Vidarbha Cricket Association Stadium, Jamtha",2,6.6,India,Australia,AM Rahane,RG Sharma,MP Stoinis,0,0,,,,,,,,,
1119500,2017/18,2017-10-01,"Vidarbha Cricket Association Stadium, Jamtha",2,7.1,India,Australia,RG Sharma,AM Rahane,NM Coulter-Nile,0,0,,,,,,,,,
1119500,2017/18,2017-10-01,"Vidarbha Cricket Association Stadium, Jamtha",2,7.2,India,Australia,RG Sharma,AM Rahane,NM Coulter-Nile,0,0,,,,,,,,,
1119500,2017/18,2017-10-01,"Vidarbha Cricket Association Stadium, Jamtha",2,7.3,India,Australia,RG Sharma,AM Rahane,NM Coulter-Nile,0,0,,,,,,,,,
1119500,2017/18,2017-10-01,"Vidarbha Cricket Association Stadium, Jamtha",2,7.4,India,Australia,RG Sharma,AM Rahane,NM Coulter-Nile,0,0,,,,,,,,,
1119500,2017/18,2017-10-01,"Vidarbha Cricket Association Stadium, Jamtha",2,7.5,India,Australia,RG Sharma,AM Rahane,NM Coulter-Nile,4,0,,,,,,,,,
1119500,2017/18,2017-10-01,"Vidarbha Cricket Association Stadium, Jamtha",2,7.6,India,Australia,RG Sharma,AM Rahane,NM Coulter-Nile,0,0,,,,,,,,,
1119500,2017/18,2017-10-01,"Vidarbha Cricket Association Stadium, Jamtha",2,8.1,India,Australia,AM Rahane,RG Sharma,MP Stoinis,0,0,,,,,,,,,
1119500,2017/18,2017-10-01,"Vidarbha Cricket Association Stadium, Jamtha",2,8.2,India,Australia,AM Rahane,RG Sharma,MP Stoinis,1,0,,,,,,,,,
1119500,2017/18,2017-10-01,"Vidarbha Cricket Association Stadium, Jamtha",2,8.3,India,Australia,RG Sharma,AM Rahane,MP Stoinis,4,0,,,,,,,,,
1119500,2017/18,2017-10-01,"Vidarbha Cricket Association Stadium, Jamtha",2,8.4,India,Australia,RG Sharma,AM Rahane,MP Stoinis,0,0,,,,,,,,,
1119500,2017/18,2017-10-01,"Vidarbha Cricket Association Stadium, Jamtha",2,8.5,India,Australia,RG Sharma,AM Rahane,MP Stoinis,0,0,,,,,,,,,
1119500,2017/18,2017-10-01,"Vidarbha Cricket Association Stadium, Jamtha",2,8.6,India,Australia,RG Sharma,AM Rahane,MP Stoinis,0,0,,,,,,,,,
1119500,2017/18,2017-10-01,"Vidarbha Cricket Association Stadium, Jamtha",2,9.1,India,Australia,AM Rahane,RG Sharma,JP Faulkner,4,0,,,,,,,,,
1119500,2017/18,2017-10-01,"Vidarbha Cricket Association Stadium, Jamtha",2,9.2,India,Australia,AM Rahane,RG Sharma,JP Faulkner,1,0,,,,,,,,,
1119500,2017/18,2017-10-01,"Vidarbha Cricket Association Stadium, Jamtha",2,9.3,India,Australia,RG Sharma,AM Rahane,JP Faulkner,0,0,,,,,,,,,
1119500,2017/18,2017-10-01,"Vidarbha Cricket Association Stadium, Jamtha",2,9.4,India,Australia,RG Sharma,AM Rahane,JP Faulkner,0,0,,,,,,,,,
1119500,2017/18,2017-10-01,"Vidarbha Cricket Association Stadium, Jamtha",2,9.5,India,Australia,RG Sharma,AM Rahane,JP Faulkner,1,0,,,,,,,,,
1119500,2017/18,2017-10-01,"Vidarbha Cricket Association Stadium, Jamtha",2,9.6,India,Australia,AM Rahane,RG Sharma,JP Faulkner,0,0,,,,,,,,,
1119500,2017/18,2017-10-01,"Vidarbha Cricket Association Stadium, Jamtha",2,10.1,India,Australia,RG Sharma,AM Rahane,A Zampa,1,0,,,,,,,,,
1119500,2017/18,2017-10-01,"Vidarbha Cricket Association Stadium, Jamtha",2,10.2,India,Australia,AM Rahane,RG Sharma,A Zampa,0,0,,,,,,,,,
1119500,2017/18,2017-10-01,"Vidarbha Cricket Association Stadium, Jamtha",2,10.3,India,Australia,AM Rahane,RG Sharma,A Zampa,0,0,,,,,,,,,
1119500,2017/18,2017-10-01,"Vidarbha Cricket Association Stadium, Jamtha",2,10.4,India,Australia,AM Rahane,RG Sharma,A Zampa,1,0,,,,,,,,,
1119500,2017/18,2017-10-01,"Vidarbha Cricket Association Stadium, Jamtha",2,10.5,India,Australia,RG Sharma,AM Rahane,A Zampa,1,0,,,,,,,,,
1119500,2017/18,2017-10-01,"Vidarbha Cricket Association Stadium, Jamtha",2,10.6,India,Australia,AM Rahane,RG Sharma,A Zampa,1,0,,,,,,,,,
1119500,2017/18,2017-10-01,"Vidarbha Cricket Association Stadium, Jamtha",2,11.1,India,Australia,AM Rahane,RG Sharma,TM Head,1,0,,,,,,,,,
1119500,2017/18,2017-10-01,"Vidarbha Cricket Association Stadium, Jamtha",2,11.2,India,Australia,RG Sharma,AM Rahane,TM Head,1,0,,,,,,,,,
1119500,2017/18,2017-10-01,"Vidarbha Cricket Association Stadium, Jamtha",2,11.3,India,Australia,AM Rahane,RG Sharma,TM Head,1,0,,,,,,,,,
1119500,2017/18,2017-10-01,"Vidarbha Cricket Association Stadium, Jamtha",2,11.4,India,Australia,RG Sharma,AM Rahane,TM Head,1,0,,,,,,,,,
1119500,2017/18,2017-10-01,"Vidarbha Cricket Association Stadium, Jamtha",2,11.5,India,Australia,AM Rahane,RG Sharma,TM Head,1,0,,,,,,,,,
1119500,2017/18,2017-10-01,"Vidarbha Cricket Association Stadium, Jamtha",2,11.6,India,Australia,RG Sharma,AM Rahane,TM Head,1,0,,,,,,,,,
1119500,2017/18,2017-10-01,"Vidarbha Cricket Association Stadium, Jamtha",2,12.1,India,Australia,RG Sharma,AM Rahane,A Zampa,1,0,,,,,,,,,
1119500,2017/18,2017-10-01,"Vidarbha Cricket Association Stadium, Jamtha",2,12.2,India,Australia,AM Rahane,RG Sharma,A Zampa,1,0,,,,,,,,,
1119500,2017/18,2017-10-01,"Vidarbha Cricket Association Stadium, Jamtha",2,12.3,India,Australia,RG Sharma,AM Rahane,A Zampa,4,0,,,,,,,,,
1119500,2017/18,2017-10-01,"Vidarbha Cricket Association Stadium, Jamtha",2,12.4,India,Australia,RG Sharma,AM Rahane,A Zampa,0,0,,,,,,,,,
1119500,2017/18,2017-10-01,"Vidarbha Cricket Association Stadium, Jamtha",2,12.5,India,Australia,RG Sharma,AM Rahane,A Zampa,2,0,,,,,,,,,
1119500,2017/18,2017-10-01,"Vidarbha Cricket Association Stadium, Jamtha",2,12.6,India,Australia,RG Sharma,AM Rahane,A Zampa,4,0,,,,,,,,,
1119500,2017/18,2017-10-01,"Vidarbha Cricket Association Stadium, Jamtha",2,13.1,India,Australia,AM Rahane,RG Sharma,TM Head,0,0,,,,,,,,,
1119500,2017/18,2017-10-01,"Vidarbha Cricket Association Stadium, Jamtha",2,13.2,India,Australia,AM Rahane,RG Sharma,TM Head,2,0,,,,,,,,,
1119500,2017/18,2017-10-01,"Vidarbha Cricket Association Stadium, Jamtha",2,13.3,India,Australia,AM Rahane,RG Sharma,TM Head,0,0,,,,,,,,,
1119500,2017/18,2017-10-01,"Vidarbha Cricket Association Stadium, Jamtha",2,13.4,India,Australia,AM Rahane,RG Sharma,TM Head,2,0,,,,,,,,,
1119500,2017/18,2017-10-01,"Vidarbha Cricket Association Stadium, Jamtha",2,13.5,India,Australia,AM Rahane,RG Sharma,TM Head,1,0,,,,,,,,,
1119500,2017/18,2017-10-01,"Vidarbha Cricket Association Stadium, Jamtha",2,13.6,India,Australia,RG Sharma,AM Rahane,TM Head,0,0,,,,,,,,,
1119500,2017/18,2017-10-01,"Vidarbha Cricket Association Stadium, Jamtha",2,14.1,India,Australia,AM Rahane,RG Sharma,A Zampa,1,0,,,,,,,,,
1119500,2017/18,2017-10-01,"Vidarbha Cricket Association Stadium, Jamtha",2,14.2,India,Australia,RG Sharma,AM Rahane,A Zampa,1,0,,,,,,,,,
1119500,2017/18,2017-10-01,"Vidarbha Cricket Association Stadium, Jamtha",2,14.3,India,Australia,AM Rahane,RG Sharma,A Zampa,4,0,,,,,,,,,
1119500,2017/18,2017-10-01,"Vidarbha Cricket Association Stadium, Jamtha",2,14.4,India,Australia,AM Rahane,RG Sharma,A Zampa,1,0,,,,,,,,,
1119500,2017/18,2017-10-01,"Vidarbha Cricket Association Stadium, Jamtha",2,14.5,India,Australia,RG Sharma,AM Rahane,A Zampa,1,0,,,,,,,,,
1119500,2017/18,2017-10-01,"Vidarbha Cricket Association Stadium, Jamtha",2,14.6,India,Australia,AM Rahane,RG Sharma,A Zampa,1,0,,,,,,,,,
1119500,2017/18,2017-10-01,"Vidarbha Cricket Association Stadium, Jamtha",2,15.1,India,Australia,AM Rahane,RG Sharma,TM Head,0,0,,,,,,,,,
1119500,2017/18,2017-10-01,"Vidarbha Cricket Association Stadium, Jamtha",2,15.2,India,Australia,AM Rahane,RG Sharma,TM Head,1,0,,,,,,,,,
1119500,2017/18,2017-10-01,"Vidarbha Cricket Association Stadium, Jamtha",2,15.3,India,Australia,RG Sharma,AM Rahane,TM Head,1,0,,,,,,,,,
1119500,2017/18,2017-10-01,"Vidarbha Cricket Association Stadium, Jamtha",2,15.4,India,Australia,AM Rahane,RG Sharma,TM Head,0,0,,,,,,,,,
1119500,2017/18,2017-10-01,"Vidarbha Cricket Association Stadium, Jamtha",2,15.5,India,Australia,AM Rahane,RG Sharma,TM Head,1,0,,,,,,,,,
1119500,2017/18,2017-10-01,"Vidarbha Cricket Association Stadium, Jamtha",2,15.6,India,Australia,RG Sharma,AM Rahane,TM Head,0,0,,,,,,,,,
1119500,2017/18,2017-10-01,"Vidarbha Cricket Association Stadium, Jamtha",2,16.1,India,Australia,AM Rahane,RG Sharma,MP Stoinis,1,0,,,,,,,,,
1119500,2017/18,2017-10-01,"Vidarbha Cricket Association Stadium, Jamtha",2,16.2,India,Australia,RG Sharma,AM Rahane,MP Stoinis,0,0,,,,,,,,,
1119500,2017/18,2017-10-01,"Vidarbha Cricket Association Stadium, Jamtha",2,16.3,India,Australia,RG Sharma,AM Rahane,MP Stoinis,1,0,,,,,,,,,
1119500,2017/18,2017-10-01,"Vidarbha Cricket Association Stadium, Jamtha",2,16.4,India,Australia,AM Rahane,RG Sharma,MP Stoinis,0,0,,,,,,,,,
1119500,2017/18,2017-10-01,"Vidarbha Cricket Association Stadium, Jamtha",2,16.5,India,Australia,AM Rahane,RG Sharma,MP Stoinis,0,0,,,,,,,,,
1119500,2017/18,2017-10-01,"Vidarbha Cricket Association Stadium, Jamtha",2,16.6,India,Australia,AM Rahane,RG Sharma,MP Stoinis,1,0,,,,,,,,,
1119500,2017/18,2017-10-01,"Vidarbha Cricket Association Stadium, Jamtha",2,17.1,India,Australia,AM Rahane,RG Sharma,TM Head,0,0,,,,,,,,,
1119500,2017/18,2017-10-01,"Vidarbha Cricket Association Stadium, Jamtha",2,17.2,India,Australia,AM Rahane,RG Sharma,TM Head,0,0,,,,,,,,,
1119500,2017/18,2017-10-01,"Vidarbha Cricket Association Stadium, Jamtha",2,17.3,India,Australia,AM Rahane,RG Sharma,TM Head,0,0,,,,,,,,,
1119500,2017/18,2017-10-01,"Vidarbha Cricket Association Stadium, Jamtha",2,17.4,India,Australia,AM Rahane,RG Sharma,TM Head,1,0,,,,,,,,,
1119500,2017/18,2017-10-01,"Vidarbha Cricket Association Stadium, Jamtha",2,17.5,India,Australia,RG Sharma,AM Rahane,TM Head,6,0,,,,,,,,,
1119500,2017/18,2017-10-01,"Vidarbha Cricket Association Stadium, Jamtha",2,17.6,India,Australia,RG Sharma,AM Rahane,TM Head,4,0,,,,,,,,,
1119500,2017/18,2017-10-01,"Vidarbha Cricket Association Stadium, Jamtha",2,18.1,India,Australia,AM Rahane,RG Sharma,MP Stoinis,1,0,,,,,,,,,
1119500,2017/18,2017-10-01,"Vidarbha Cricket Association Stadium, Jamtha",2,18.2,India,Australia,RG Sharma,AM Rahane,MP Stoinis,0,0,,,,,,,,,
1119500,2017/18,2017-10-01,"Vidarbha Cricket Association Stadium, Jamtha",2,18.3,India,Australia,RG Sharma,AM Rahane,MP Stoinis,2,0,,,,,,,,,
1119500,2017/18,2017-10-01,"Vidarbha Cricket Association Stadium, Jamtha",2,18.4,India,Australia,RG Sharma,AM Rahane,MP Stoinis,0,0,,,,,,,,,
1119500,2017/18,2017-10-01,"Vidarbha Cricket Association Stadium, Jamtha",2,18.5,India,Australia,RG Sharma,AM Rahane,MP Stoinis,4,0,,,,,,,,,
1119500,2017/18,2017-10-01,"Vidarbha Cricket Association Stadium, Jamtha",2,18.6,India,Australia,RG Sharma,AM Rahane,MP Stoinis,2,0,,,,,,,,,
1119500,2017/18,2017-10-01,"Vidarbha Cricket Association Stadium, Jamtha",2,19.1,India,Australia,AM Rahane,RG Sharma,JP Faulkner,0,0,,,,,,,,,
1119500,2017/18,2017-10-01,"Vidarbha Cricket Association Stadium, Jamtha",2,19.2,India,Australia,AM Rahane,RG Sharma,JP Faulkner,0,0,,,,,,,,,
1119500,2017/18,2017-10-01,"Vidarbha Cricket Association Stadium, Jamtha",2,19.3,India,Australia,AM Rahane,RG Sharma,JP Faulkner,1,0,,,,,,,,,
1119500,2017/18,2017-10-01,"Vidarbha Cricket Association Stadium, Jamtha",2,19.4,India,Australia,RG Sharma,AM Rahane,JP Faulkner,1,0,,,,,,,,,
1119500,2017/18,2017-10-01,"Vidarbha Cricket Association Stadium, Jamtha",2,19.5,India,Australia,AM Rahane,RG Sharma,JP Faulkner,0,0,,,,,,,,,
1119500,2017/18,2017-10-01,"Vidarbha Cricket Association Stadium, Jamtha",2,19.6,India,Australia,AM Rahane,RG Sharma,JP Faulkner,4,0,,,,,,,,,
1119500,2017/18,2017-10-01,"Vidarbha Cricket Association Stadium, Jamtha",2,20.1,India,Australia,RG Sharma,AM Rahane,NM Coulter-Nile,0,0,,,,,,,,,
1119500,2017/18,2017-10-01,"Vidarbha Cricket Association Stadium, Jamtha",2,20.2,India,Australia,RG Sharma,AM Rahane,NM Coulter-Nile,1,0,,,,,,,,,
1119500,2017/18,2017-10-01,"Vidarbha Cricket Association Stadium, Jamtha",2,20.3,India,Australia,AM Rahane,RG Sharma,NM Coulter-Nile,1,0,,,,,,,,,
1119500,2017/18,2017-10-01,"Vidarbha Cricket Association Stadium, Jamtha",2,20.4,India,Australia,RG Sharma,AM Rahane,NM Coulter-Nile,1,0,,,,,,,,,
1119500,2017/18,2017-10-01,"Vidarbha Cricket Association Stadium, Jamtha",2,20.5,India,Australia,AM Rahane,RG Sharma,NM Coulter-Nile,0,0,,,,,,,,,
1119500,2017/18,2017-10-01,"Vidarbha Cricket Association Stadium, Jamtha",2,20.6,India,Australia,AM Rahane,RG Sharma,NM Coulter-Nile,1,0,,,,,,,,,
1119500,2017/18,2017-10-01,"Vidarbha Cricket Association Stadium, Jamtha",2,21.1,India,Australia,AM Rahane,RG Sharma,JP Faulkner,1,0,,,,,,,,,
1119500,2017/18,2017-10-01,"Vidarbha Cricket Association Stadium, Jamtha",2,21.2,India,Australia,RG Sharma,AM Rahane,JP Faulkner,1,0,,,,,,,,,
1119500,2017/18,2017-10-01,"Vidarbha Cricket Association Stadium, Jamtha",2,21.3,India,Australia,AM Rahane,RG Sharma,JP Faulkner,0,0,,,,,,,,,
1119500,2017/18,2017-10-01,"Vidarbha Cricket Association Stadium, Jamtha",2,21.4,India,Australia,AM Rahane,RG Sharma,JP Faulkner,0,0,,,,,,,,,
1119500,2017/18,2017-10-01,"Vidarbha Cricket Association Stadium, Jamtha",2,21.5,India,Australia,AM Rahane,RG Sharma,JP Faulkner,1,0,,,,,,,,,
1119500,2017/18,2017-10-01,"Vidarbha Cricket Association Stadium, Jamtha",2,21.6,India,Australia,RG Sharma,AM Rahane,JP Faulkner,2,0,,,,,,,,,
1119500,2017/18,2017-10-01,"Vidarbha Cricket Association Stadium, Jamtha",2,22.1,India,Australia,AM Rahane,RG Sharma,NM Coulter-Nile,0,0,,,,,,,,,
1119500,2017/18,2017-10-01,"Vidarbha Cricket Association Stadium, Jamtha",2,22.2,India,Australia,AM Rahane,RG Sharma,NM Coulter-Nile,4,0,,,,,,,,,
1119500,2017/18,2017-10-01,"Vidarbha Cricket Association Stadium, Jamtha",2,22.3,India,Australia,AM Rahane,RG Sharma,NM Coulter-Nile,0,0,,,,,,lbw,AM Rahane,,
1119500,2017/18,2017-10-01,"Vidarbha Cricket Association Stadium, Jamtha",2,22.4,India,Australia,V Kohli,RG Sharma,NM Coulter-Nile,0,0,,,,,,,,,
1119500,2017/18,2017-10-01,"Vidarbha Cricket Association Stadium, Jamtha",2,22.5,India,Australia,V Kohli,RG Sharma,NM Coulter-Nile,0,0,,,,,,,,,
1119500,2017/18,2017-10-01,"Vidarbha Cricket Association Stadium, Jamtha",2,22.6,India,Australia,V Kohli,RG Sharma,NM Coulter-Nile,0,0,,,,,,,,,
1119500,2017/18,2017-10-01,"Vidarbha Cricket Association Stadium, Jamtha",2,23.1,India,Australia,RG Sharma,V Kohli,A Zampa,4,0,,,,,,,,,
1119500,2017/18,2017-10-01,"Vidarbha Cricket Association Stadium, Jamtha",2,23.2,India,Australia,RG Sharma,V Kohli,A Zampa,1,0,,,,,,,,,
1119500,2017/18,2017-10-01,"Vidarbha Cricket Association Stadium, Jamtha",2,23.3,India,Australia,V Kohli,RG Sharma,A Zampa,1,0,,,,,,,,,
1119500,2017/18,2017-10-01,"Vidarbha Cricket Association Stadium, Jamtha",2,23.4,India,Australia,RG Sharma,V Kohli,A Zampa,1,0,,,,,,,,,
1119500,2017/18,2017-10-01,"Vidarbha Cricket Association Stadium, Jamtha",2,23.5,India,Australia,V Kohli,RG Sharma,A Zampa,1,0,,,,,,,,,
1119500,2017/18,2017-10-01,"Vidarbha Cricket Association Stadium, Jamtha",2,23.6,India,Australia,RG Sharma,V Kohli,A Zampa,0,0,,,,,,,,,
1119500,2017/18,2017-10-01,"Vidarbha Cricket Association Stadium, Jamtha",2,24.1,India,Australia,V Kohli,RG Sharma,NM Coulter-Nile,0,0,,,,,,,,,
1119500,2017/18,2017-10-01,"Vidarbha Cricket Association Stadium, Jamtha",2,24.2,India,Australia,V Kohli,RG Sharma,NM Coulter-Nile,1,0,,,,,,,,,
1119500,2017/18,2017-10-01,"Vidarbha Cricket Association Stadium, Jamtha",2,24.3,India,Australia,RG Sharma,V Kohli,NM Coulter-Nile,1,0,,,,,,,,,
1119500,2017/18,2017-10-01,"Vidarbha Cricket Association Stadium, Jamtha",2,24.4,India,Australia,V Kohli,RG Sharma,NM Coulter-Nile,0,0,,,,,,,,,
1119500,2017/18,2017-10-01,"Vidarbha Cricket Association Stadium, Jamtha",2,24.5,India,Australia,V Kohli,RG Sharma,NM Coulter-Nile,1,0,,,,,,,,,
1119500,2017/18,2017-10-01,"Vidarbha Cricket Association Stadium, Jamtha",2,24.6,India,Australia,RG Sharma,V Kohli,NM Coulter-Nile,0,0,,,,,,,,,
1119500,2017/18,2017-10-01,"Vidarbha Cricket Association Stadium, Jamtha",2,25.1,India,Australia,V Kohli,RG Sharma,A Zampa,0,0,,,,,,,,,
1119500,2017/18,2017-10-01,"Vidarbha Cricket Association Stadium, Jamtha",2,25.2,India,Australia,V Kohli,RG Sharma,A Zampa,2,0,,,,,,,,,
1119500,2017/18,2017-10-01,"Vidarbha Cricket Association Stadium, Jamtha",2,25.3,India,Australia,V Kohli,RG Sharma,A Zampa,1,0,,,,,,,,,
1119500,2017/18,2017-10-01,"Vidarbha Cricket Association Stadium, Jamtha",2,25.4,India,Australia,RG Sharma,V Kohli,A Zampa,0,0,,,,,,,,,
1119500,2017/18,2017-10-01,"Vidarbha Cricket Association Stadium, Jamtha",2,25.5,India,Australia,RG Sharma,V Kohli,A Zampa,4,0,,,,,,,,,
1119500,2017/18,2017-10-01,"Vidarbha Cricket Association Stadium, Jamtha",2,25.6,India,Australia,RG Sharma,V Kohli,A Zampa,0,0,,,,,,,,,
1119500,2017/18,2017-10-01,"Vidarbha Cricket Association Stadium, Jamtha",2,26.1,India,Australia,V Kohli,RG Sharma,PJ Cummins,0,0,,,,,,,,,
1119500,2017/18,2017-10-01,"Vidarbha Cricket Association Stadium, Jamtha",2,26.2,India,Australia,V Kohli,RG Sharma,PJ Cummins,0,0,,,,,,,,,
1119500,2017/18,2017-10-01,"Vidarbha Cricket Association Stadium, Jamtha",2,26.3,India,Australia,V Kohli,RG Sharma,PJ Cummins,0,0,,,,,,,,,
1119500,2017/18,2017-10-01,"Vidarbha Cricket Association Stadium, Jamtha",2,26.4,India,Australia,V Kohli,RG Sharma,PJ Cummins,0,0,,,,,,,,,
1119500,2017/18,2017-10-01,"Vidarbha Cricket Association Stadium, Jamtha",2,26.5,India,Australia,V Kohli,RG Sharma,PJ Cummins,0,0,,,,,,,,,
1119500,2017/18,2017-10-01,"Vidarbha Cricket Association Stadium, Jamtha",2,26.6,India,Australia,V Kohli,RG Sharma,PJ Cummins,1,0,,,,,,,,,
1119500,2017/18,2017-10-01,"Vidarbha Cricket Association Stadium, Jamtha",2,27.1,India,Australia,V Kohli,RG Sharma,A Zampa,1,0,,,,,,,,,
1119500,2017/18,2017-10-01,"Vidarbha Cricket Association Stadium, Jamtha",2,27.2,India,Australia,RG Sharma,V Kohli,A Zampa,1,0,,,,,,,,,
1119500,2017/18,2017-10-01,"Vidarbha Cricket Association Stadium, Jamtha",2,27.3,India,Australia,V Kohli,RG Sharma,A Zampa,2,0,,,,,,,,,
1119500,2017/18,2017-10-01,"Vidarbha Cricket Association Stadium, Jamtha",2,27.4,India,Australia,V Kohli,RG Sharma,A Zampa,3,0,,,,,,,,,
1119500,2017/18,2017-10-01,"Vidarbha Cricket Association Stadium, Jamtha",2,27.5,India,Australia,RG Sharma,V Kohli,A Zampa,1,0,,,,,,,,,
1119500,2017/18,2017-10-01,"Vidarbha Cricket Association Stadium, Jamtha",2,27.6,India,Australia,V Kohli,RG Sharma,A Zampa,0,0,,,,,,,,,
1119500,2017/18,2017-10-01,"Vidarbha Cricket Association Stadium, Jamtha",2,28.1,India,Australia,RG Sharma,V Kohli,PJ Cummins,0,0,,,,,,,,,
1119500,2017/18,2017-10-01,"Vidarbha Cricket Association Stadium, Jamtha",2,28.2,India,Australia,RG Sharma,V Kohli,PJ Cummins,0,0,,,,,,,,,
1119500,2017/18,2017-10-01,"Vidarbha Cricket Association Stadium, Jamtha",2,28.3,India,Australia,RG Sharma,V Kohli,PJ Cummins,2,0,,,,,,,,,
1119500,2017/18,2017-10-01,"Vidarbha Cricket Association Stadium, Jamtha",2,28.4,India,Australia,RG Sharma,V Kohli,PJ Cummins,0,0,,,,,,,,,
1119500,2017/18,2017-10-01,"Vidarbha Cricket Association Stadium, Jamtha",2,28.5,India,Australia,RG Sharma,V Kohli,PJ Cummins,1,0,,,,,,,,,
1119500,2017/18,2017-10-01,"Vidarbha Cricket Association Stadium, Jamtha",2,28.6,India,Australia,V Kohli,RG Sharma,PJ Cummins,0,0,,,,,,,,,
1119500,2017/18,2017-10-01,"Vidarbha Cricket Association Stadium, Jamtha",2,29.1,India,Australia,RG Sharma,V Kohli,TM Head,1,0,,,,,,,,,
1119500,2017/18,2017-10-01,"Vidarbha Cricket Association Stadium, Jamtha",2,29.2,India,Australia,V Kohli,RG Sharma,TM Head,1,0,,,,,,,,,
1119500,2017/18,2017-10-01,"Vidarbha Cricket Association Stadium, Jamtha",2,29.3,India,Australia,RG Sharma,V Kohli,TM Head,1,0,,,,,,,,,
1119500,2017/18,2017-10-01,"Vidarbha Cricket Association Stadium, Jamtha",2,29.4,India,Australia,V Kohli,RG Sharma,TM Head,0,0,,,,,,,,,
1119500,2017/18,2017-10-01,"Vidarbha Cricket Association Stadium, Jamtha",2,29.5,India,Australia,V Kohli,RG Sharma,TM Head,0,0,,,,,,,,,
1119500,2017/18,2017-10-01,"Vidarbha Cricket Association Stadium, Jamtha",2,29.6,India,Australia,V Kohli,RG Sharma,TM Head,0,0,,,,,,,,,
1119500,2017/18,2017-10-01,"Vidarbha Cricket Association Stadium, Jamtha",2,30.1,India,Australia,RG Sharma,V Kohli,PJ Cummins,0,0,,,,,,,,,
1119500,2017/18,2017-10-01,"Vidarbha Cricket Association Stadium, Jamtha",2,30.2,India,Australia,RG Sharma,V Kohli,PJ Cummins,0,0,,,,,,,,,
1119500,2017/18,2017-10-01,"Vidarbha Cricket Association Stadium, Jamtha",2,30.3,India,Australia,RG Sharma,V Kohli,PJ Cummins,0,1,,,,1,,,,,
1119500,2017/18,2017-10-01,"Vidarbha Cricket Association Stadium, Jamtha",2,30.4,India,Australia,V Kohli,RG Sharma,PJ Cummins,0,0,,,,,,,,,
1119500,2017/18,2017-10-01,"Vidarbha Cricket Association Stadium, Jamtha",2,30.5,India,Australia,V Kohli,RG Sharma,PJ Cummins,0,0,,,,,,,,,
1119500,2017/18,2017-10-01,"Vidarbha Cricket Association Stadium, Jamtha",2,30.6,India,Australia,V Kohli,RG Sharma,PJ Cummins,0,0,,,,,,,,,
1119500,2017/18,2017-10-01,"Vidarbha Cricket Association Stadium, Jamtha",2,31.1,India,Australia,RG Sharma,V Kohli,TM Head,1,0,,,,,,,,,
1119500,2017/18,2017-10-01,"Vidarbha Cricket Association Stadium, Jamtha",2,31.2,India,Australia,V Kohli,RG Sharma,TM Head,2,0,,,,,,,,,
1119500,2017/18,2017-10-01,"Vidarbha Cricket Association Stadium, Jamtha",2,31.3,India,Australia,V Kohli,RG Sharma,TM Head,0,0,,,,,,,,,
1119500,2017/18,2017-10-01,"Vidarbha Cricket Association Stadium, Jamtha",2,31.4,India,Australia,V Kohli,RG Sharma,TM Head,0,0,,,,,,,,,
1119500,2017/18,2017-10-01,"Vidarbha Cricket Association Stadium, Jamtha",2,31.5,India,Australia,V Kohli,RG Sharma,TM Head,1,0,,,,,,,,,
1119500,2017/18,2017-10-01,"Vidarbha Cricket Association Stadium, Jamtha",2,31.6,India,Australia,RG Sharma,V Kohli,TM Head,6,0,,,,,,,,,
1119500,2017/18,2017-10-01,"Vidarbha Cricket Association Stadium, Jamtha",2,32.1,India,Australia,V Kohli,RG Sharma,PJ Cummins,1,0,,,,,,,,,
1119500,2017/18,2017-10-01,"Vidarbha Cricket Association Stadium, Jamtha",2,32.2,India,Australia,RG Sharma,V Kohli,PJ Cummins,1,0,,,,,,,,,
1119500,2017/18,2017-10-01,"Vidarbha Cricket Association Stadium, Jamtha",2,32.3,India,Australia,V Kohli,RG Sharma,PJ Cummins,1,0,,,,,,,,,
1119500,2017/18,2017-10-01,"Vidarbha Cricket Association Stadium, Jamtha",2,32.4,India,Australia,RG Sharma,V Kohli,PJ Cummins,2,0,,,,,,,,,
1119500,2017/18,2017-10-01,"Vidarbha Cricket Association Stadium, Jamtha",2,32.5,India,Australia,RG Sharma,V Kohli,PJ Cummins,1,0,,,,,,,,,
1119500,2017/18,2017-10-01,"Vidarbha Cricket Association Stadium, Jamtha",2,32.6,India,Australia,V Kohli,RG Sharma,PJ Cummins,0,0,,,,,,,,,
1119500,2017/18,2017-10-01,"Vidarbha Cricket Association Stadium, Jamtha",2,33.1,India,Australia,RG Sharma,V Kohli,AJ Finch,2,0,,,,,,,,,
1119500,2017/18,2017-10-01,"Vidarbha Cricket Association Stadium, Jamtha",2,33.2,India,Australia,RG Sharma,V Kohli,AJ Finch,1,0,,,,,,,,,
1119500,2017/18,2017-10-01,"Vidarbha Cricket Association Stadium, Jamtha",2,33.3,India,Australia,V Kohli,RG Sharma,AJ Finch,0,0,,,,,,,,,
1119500,2017/18,2017-10-01,"Vidarbha Cricket Association Stadium, Jamtha",2,33.4,India,Australia,V Kohli,RG Sharma,AJ Finch,1,0,,,,,,,,,
1119500,2017/18,2017-10-01,"Vidarbha Cricket Association Stadium, Jamtha",2,33.5,India,Australia,RG Sharma,V Kohli,AJ Finch,1,0,,,,,,,,,
1119500,2017/18,2017-10-01,"Vidarbha Cricket Association Stadium, Jamtha",2,33.6,India,Australia,V Kohli,RG Sharma,AJ Finch,1,0,,,,,,,,,
1119500,2017/18,2017-10-01,"Vidarbha Cricket Association Stadium, Jamtha",2,34.1,India,Australia,V Kohli,RG Sharma,NM Coulter-Nile,0,0,,,,,,,,,
1119500,2017/18,2017-10-01,"Vidarbha Cricket Association Stadium, Jamtha",2,34.2,India,Australia,V Kohli,RG Sharma,NM Coulter-Nile,1,0,,,,,,,,,
1119500,2017/18,2017-10-01,"Vidarbha Cricket Association Stadium, Jamtha",2,34.3,India,Australia,RG Sharma,V Kohli,NM Coulter-Nile,0,0,,,,,,,,,
1119500,2017/18,2017-10-01,"Vidarbha Cricket Association Stadium, Jamtha",2,34.4,India,Australia,RG Sharma,V Kohli,NM Coulter-Nile,0,0,,,,,,,,,
1119500,2017/18,2017-10-01,"Vidarbha Cricket Association Stadium, Jamtha",2,34.5,India,Australia,RG Sharma,V Kohli,NM Coulter-Nile,0,0,,,,,,,,,
1119500,2017/18,2017-10-01,"Vidarbha Cricket Association Stadium, Jamtha",2,34.6,India,Australia,RG Sharma,V Kohli,NM Coulter-Nile,6,0,,,,,,,,,
1119500,2017/18,2017-10-01,"Vidarbha Cricket Association Stadium, Jamtha",2,35.1,India,Australia,V Kohli,RG Sharma,AJ Finch,1,0,,,,,,,,,
1119500,2017/18,2017-10-01,"Vidarbha Cricket Association Stadium, Jamtha",2,35.2,India,Australia,RG Sharma,V Kohli,AJ Finch,0,0,,,,,,,,,
1119500,2017/18,2017-10-01,"Vidarbha Cricket Association Stadium, Jamtha",2,35.3,India,Australia,RG Sharma,V Kohli,AJ Finch,0,0,,,,,,,,,
1119500,2017/18,2017-10-01,"Vidarbha Cricket Association Stadium, Jamtha",2,35.4,India,Australia,RG Sharma,V Kohli,AJ Finch,0,0,,,,,,,,,
1119500,2017/18,2017-10-01,"Vidarbha Cricket Association Stadium, Jamtha",2,35.5,India,Australia,RG Sharma,V Kohli,AJ Finch,1,0,,,,,,,,,
1119500,2017/18,2017-10-01,"Vidarbha Cricket Association Stadium, Jamtha",2,35.6,India,Australia,V Kohli,RG Sharma,AJ Finch,0,0,,,,,,,,,
1119500,2017/18,2017-10-01,"Vidarbha Cricket Association Stadium, Jamtha",2,36.1,India,Australia,RG Sharma,V Kohli,NM Coulter-Nile,1,0,,,,,,,,,
1119500,2017/18,2017-10-01,"Vidarbha Cricket Association Stadium, Jamtha",2,36.2,India,Australia,V Kohli,RG Sharma,NM Coulter-Nile,1,0,,,,,,,,,
1119500,2017/18,2017-10-01,"Vidarbha Cricket Association Stadium, Jamtha",2,36.3,India,Australia,RG Sharma,V Kohli,NM Coulter-Nile,4,0,,,,,,,,,
1119500,2017/18,2017-10-01,"Vidarbha Cricket Association Stadium, Jamtha",2,36.4,India,Australia,RG Sharma,V Kohli,NM Coulter-Nile,1,0,,,,,,,,,
1119500,2017/18,2017-10-01,"Vidarbha Cricket Association Stadium, Jamtha",2,36.5,India,Australia,V Kohli,RG Sharma,NM Coulter-Nile,1,0,,,,,,,,,
1119500,2017/18,2017-10-01,"Vidarbha Cricket Association Stadium, Jamtha",2,36.6,India,Australia,RG Sharma,V Kohli,NM Coulter-Nile,6,0,,,,,,,,,
1119500,2017/18,2017-10-01,"Vidarbha Cricket Association Stadium, Jamtha",2,37.1,India,Australia,V Kohli,RG Sharma,AJ Finch,1,0,,,,,,,,,
1119500,2017/18,2017-10-01,"Vidarbha Cricket Association Stadium, Jamtha",2,37.2,India,Australia,RG Sharma,V Kohli,AJ Finch,1,0,,,,,,,,,
1119500,2017/18,2017-10-01,"Vidarbha Cricket Association Stadium, Jamtha",2,37.3,India,Australia,V Kohli,RG Sharma,AJ Finch,1,0,,,,,,,,,
1119500,2017/18,2017-10-01,"Vidarbha Cricket Association Stadium, Jamtha",2,37.4,India,Australia,RG Sharma,V Kohli,AJ Finch,1,0,,,,,,,,,
1119500,2017/18,2017-10-01,"Vidarbha Cricket Association Stadium, Jamtha",2,37.5,India,Australia,V Kohli,RG Sharma,AJ Finch,4,0,,,,,,,,,
1119500,2017/18,2017-10-01,"Vidarbha Cricket Association Stadium, Jamtha",2,37.6,India,Australia,V Kohli,RG Sharma,AJ Finch,1,0,,,,,,,,,
1119500,2017/18,2017-10-01,"Vidarbha Cricket Association Stadium, Jamtha",2,38.1,India,Australia,V Kohli,RG Sharma,JP Faulkner,0,1,1,,,,,,,,
1119500,2017/18,2017-10-01,"Vidarbha Cricket Association Stadium, Jamtha",2,38.2,India,Australia,V Kohli,RG Sharma,JP Faulkner,1,0,,,,,,,,,
1119500,2017/18,2017-10-01,"Vidarbha Cricket Association Stadium, Jamtha",2,38.3,India,Australia,RG Sharma,V Kohli,JP Faulkner,0,0,,,,,,,,,
1119500,2017/18,2017-10-01,"Vidarbha Cricket Association Stadium, Jamtha",2,38.4,India,Australia,RG Sharma,V Kohli,JP Faulkner,6,0,,,,,,,,,
1119500,2017/18,2017-10-01,"Vidarbha Cricket Association Stadium, Jamtha",2,38.5,India,Australia,RG Sharma,V Kohli,JP Faulkner,1,0,,,,,,,,,
1119500,2017/18,2017-10-01,"Vidarbha Cricket Association Stadium, Jamtha",2,38.6,India,Australia,V Kohli,RG Sharma,JP Faulkner,1,0,,,,,,,,,
1119500,2017/18,2017-10-01,"Vidarbha Cricket Association Stadium, Jamtha",2,38.7,India,Australia,RG Sharma,V Kohli,JP Faulkner,1,0,,,,,,,,,
1119500,2017/18,2017-10-01,"Vidarbha Cricket Association Stadium, Jamtha",2,39.1,India,Australia,RG Sharma,V Kohli,A Zampa,0,0,,,,,,caught,RG Sharma,,
1119500,2017/18,2017-10-01,"Vidarbha Cricket Association Stadium, Jamtha",2,39.2,India,Australia,V Kohli,KM Jadhav,A Zampa,0,0,,,,,,,,,
1119500,2017/18,2017-10-01,"Vidarbha Cricket Association Stadium, Jamtha",2,39.3,India,Australia,V Kohli,KM Jadhav,A Zampa,4,0,,,,,,,,,
1119500,2017/18,2017-10-01,"Vidarbha Cricket Association Stadium, Jamtha",2,39.4,India,Australia,V Kohli,KM Jadhav,A Zampa,0,0,,,,,,caught,V Kohli,,
1119500,2017/18,2017-10-01,"Vidarbha Cricket Association Stadium, Jamtha",2,39.5,India,Australia,KM Jadhav,MK Pandey,A Zampa,4,0,,,,,,,,,
1119500,2017/18,2017-10-01,"Vidarbha Cricket Association Stadium, Jamtha",2,39.6,India,Australia,KM Jadhav,MK Pandey,A Zampa,0,0,,,,,,,,,
1119500,2017/18,2017-10-01,"Vidarbha Cricket Association Stadium, Jamtha",2,40.1,India,Australia,MK Pandey,KM Jadhav,JP Faulkner,0,0,,,,,,,,,
1119500,2017/18,2017-10-01,"Vidarbha Cricket Association Stadium, Jamtha",2,40.2,India,Australia,MK Pandey,KM Jadhav,JP Faulkner,0,0,,,,,,,,,
1119500,2017/18,2017-10-01,"Vidarbha Cricket Association Stadium, Jamtha",2,40.3,India,Australia,MK Pandey,KM Jadhav,JP Faulkner,1,0,,,,,,,,,
1119500,2017/18,2017-10-01,"Vidarbha Cricket Association Stadium, Jamtha",2,40.4,India,Australia,KM Jadhav,MK Pandey,JP Faulkner,0,0,,,,,,,,,
1119500,2017/18,2017-10-01,"Vidarbha Cricket Association Stadium, Jamtha",2,40.5,India,Australia,KM Jadhav,MK Pandey,JP Faulkner,0,0,,,,,,,,,
1119500,2017/18,2017-10-01,"Vidarbha Cricket Association Stadium, Jamtha",2,40.6,India,Australia,KM Jadhav,MK Pandey,JP Faulkner,0,0,,,,,,,,,
1119500,2017/18,2017-10-01,"Vidarbha Cricket Association Stadium, Jamtha",2,41.1,India,Australia,MK Pandey,KM Jadhav,A Zampa,0,0,,,,,,,,,
1119500,2017/18,2017-10-01,"Vidarbha Cricket Association Stadium, Jamtha",2,41.2,India,Australia,MK Pandey,KM Jadhav,A Zampa,1,0,,,,,,,,,
1119500,2017/18,2017-10-01,"Vidarbha Cricket Association Stadium, Jamtha",2,41.3,India,Australia,KM Jadhav,MK Pandey,A Zampa,0,0,,,,,,,,,
1119500,2017/18,2017-10-01,"Vidarbha Cricket Association Stadium, Jamtha",2,41.4,India,Australia,KM Jadhav,MK Pandey,A Zampa,0,0,,,,,,,,,
1119500,2017/18,2017-10-01,"Vidarbha Cricket Association Stadium, Jamtha",2,41.5,India,Australia,KM Jadhav,MK Pandey,A Zampa,1,0,,,,,,,,,
1119500,2017/18,2017-10-01,"Vidarbha Cricket Association Stadium, Jamtha",2,41.6,India,Australia,MK Pandey,KM Jadhav,A Zampa,1,0,,,,,,,,,
1119500,2017/18,2017-10-01,"Vidarbha Cricket Association Stadium, Jamtha",2,42.1,India,Australia,MK Pandey,KM Jadhav,JP Faulkner,0,0,,,,,,,,,
1119500,2017/18,2017-10-01,"Vidarbha Cricket Association Stadium, Jamtha",2,42.2,India,Australia,MK Pandey,KM Jadhav,JP Faulkner,0,0,,,,,,,,,
1119500,2017/18,2017-10-01,"Vidarbha Cricket Association Stadium, Jamtha",2,42.3,India,Australia,MK Pandey,KM Jadhav,JP Faulkner,0,0,,,,,,,,,
1119500,2017/18,2017-10-01,"Vidarbha Cricket Association Stadium, Jamtha",2,42.4,India,Australia,MK Pandey,KM Jadhav,JP Faulkner,4,0,,,,,,,,,
1119500,2017/18,2017-10-01,"Vidarbha Cricket Association Stadium, Jamtha",2,42.5,India,Australia,MK Pandey,KM Jadhav,JP Faulkner,4,0,,,,,,,,,
