match_id,season,start_date,venue,innings,ball,batting_team,bowling_team,striker,non_striker,bowler,runs_off_bat,extras,wides,noballs,byes,legbyes,penalty,wicket_type,player_dismissed,other_wicket_type,other_player_dismissed
1119538,2018,2018-06-16,Sophia Gardens,1,0.1,England,Australia,JJ Roy,JM Bairstow,JA Richardson,1,0,,,,,,,,,
1119538,2018,2018-06-16,Sophia Gardens,1,0.2,England,Australia,JM Bairstow,JJ Roy,JA Richardson,0,0,,,,,,,,,
1119538,2018,2018-06-16,Sophia Gardens,1,0.3,England,Australia,JM Bairstow,JJ Roy,JA Richardson,4,0,,,,,,,,,
1119538,2018,2018-06-16,Sophia Gardens,1,0.4,England,Australia,JM Bairstow,JJ Roy,JA Richardson,1,0,,,,,,,,,
1119538,2018,2018-06-16,Sophia Gardens,1,0.5,England,Australia,JJ Roy,JM Bairstow,JA Richardson,1,0,,,,,,,,,
1119538,2018,2018-06-16,Sophia Gardens,1,0.6,England,Australia,JM Bairstow,JJ Roy,JA Richardson,0,0,,,,,,,,,
1119538,2018,2018-06-16,Sophia Gardens,1,1.1,England,Australia,JJ Roy,JM Bairstow,KW Richardson,0,0,,,,,,,,,
1119538,2018,2018-06-16,Sophia Gardens,1,1.2,England,Australia,JJ Roy,JM Bairstow,KW Richardson,0,0,,,,,,,,,
1119538,2018,2018-06-16,Sophia Gardens,1,1.3,England,Australia,JJ Roy,JM Bairstow,KW Richardson,0,0,,,,,,,,,
1119538,2018,2018-06-16,Sophia Gardens,1,1.4,England,Australia,JJ Roy,JM Bairstow,KW Richardson,0,0,,,,,,,,,
1119538,2018,2018-06-16,Sophia Gardens,1,1.5,England,Australia,JJ Roy,JM Bairstow,KW Richardson,4,0,,,,,,,,,
1119538,2018,2018-06-16,Sophia Gardens,1,1.6,England,Australia,JJ Roy,JM Bairstow,KW Richardson,0,0,,,,,,,,,
1119538,2018,2018-06-16,Sophia Gardens,1,2.1,England,Australia,JM Bairstow,JJ Roy,JA Richardson,4,0,,,,,,,,,
1119538,2018,2018-06-16,Sophia Gardens,1,2.2,England,Australia,JM Bairstow,JJ Roy,JA Richardson,0,0,,,,,,,,,
1119538,2018,2018-06-16,Sophia Gardens,1,2.3,England,Australia,JM Bairstow,JJ Roy,JA Richardson,1,0,,,,,,,,,
1119538,2018,2018-06-16,Sophia Gardens,1,2.4,England,Australia,JJ Roy,JM Bairstow,JA Richardson,0,0,,,,,,,,,
1119538,2018,2018-06-16,Sophia Gardens,1,2.5,England,Australia,JJ Roy,JM Bairstow,JA Richardson,0,0,,,,,,,,,
1119538,2018,2018-06-16,Sophia Gardens,1,2.6,England,Australia,JJ Roy,JM Bairstow,JA Richardson,0,0,,,,,,,,,
1119538,2018,2018-06-16,Sophia Gardens,1,3.1,England,Australia,JM Bairstow,JJ Roy,KW Richardson,1,0,,,,,,,,,
1119538,2018,2018-06-16,Sophia Gardens,1,3.2,England,Australia,JJ Roy,JM Bairstow,KW Richardson,0,0,,,,,,,,,
1119538,2018,2018-06-16,Sophia Gardens,1,3.3,England,Australia,JJ Roy,JM Bairstow,KW Richardson,0,0,,,,,,,,,
1119538,2018,2018-06-16,Sophia Gardens,1,3.4,England,Australia,JJ Roy,JM Bairstow,KW Richardson,0,0,,,,,,,,,
1119538,2018,2018-06-16,Sophia Gardens,1,3.5,England,Australia,JJ Roy,JM Bairstow,KW Richardson,0,0,,,,,,,,,
1119538,2018,2018-06-16,Sophia Gardens,1,3.6,England,Australia,JJ Roy,JM Bairstow,KW Richardson,0,0,,,,,,,,,
1119538,2018,2018-06-16,Sophia Gardens,1,4.1,England,Australia,JM Bairstow,JJ Roy,JA Richardson,0,0,,,,,,,,,
1119538,2018,2018-06-16,Sophia Gardens,1,4.2,England,Australia,JM Bairstow,JJ Roy,JA Richardson,0,0,,,,,,,,,
1119538,2018,2018-06-16,Sophia Gardens,1,4.3,England,Australia,JM Bairstow,JJ Roy,JA Richardson,4,0,,,,,,,,,
1119538,2018,2018-06-16,Sophia Gardens,1,4.4,England,Australia,JM Bairstow,JJ Roy,JA Richardson,0,0,,,,,,,,,
1119538,2018,2018-06-16,Sophia Gardens,1,4.5,England,Australia,JM Bairstow,JJ Roy,JA Richardson,0,0,,,,,,,,,
1119538,2018,2018-06-16,Sophia Gardens,1,4.6,England,Australia,JM Bairstow,JJ Roy,JA Richardson,0,0,,,,,,,,,
1119538,2018,2018-06-16,Sophia Gardens,1,5.1,England,Australia,JJ Roy,JM Bairstow,KW Richardson,4,0,,,,,,,,,
1119538,2018,2018-06-16,Sophia Gardens,1,5.2,England,Australia,JJ Roy,JM Bairstow,KW Richardson,1,0,,,,,,,,,
1119538,2018,2018-06-16,Sophia Gardens,1,5.3,England,Australia,JM Bairstow,JJ Roy,KW Richardson,0,0,,,,,,,,,
1119538,2018,2018-06-16,Sophia Gardens,1,5.4,England,Australia,JM Bairstow,JJ Roy,KW Richardson,6,0,,,,,,,,,
1119538,2018,2018-06-16,Sophia Gardens,1,5.5,England,Australia,JM Bairstow,JJ Roy,KW Richardson,4,0,,,,,,,,,
1119538,2018,2018-06-16,Sophia Gardens,1,5.6,England,Australia,JM Bairstow,JJ Roy,KW Richardson,4,0,,,,,,,,,
1119538,2018,2018-06-16,Sophia Gardens,1,6.1,England,Australia,JJ Roy,JM Bairstow,AC Agar,0,0,,,,,,,,,
1119538,2018,2018-06-16,Sophia Gardens,1,6.2,England,Australia,JJ Roy,JM Bairstow,AC Agar,2,0,,,,,,,,,
1119538,2018,2018-06-16,Sophia Gardens,1,6.3,England,Australia,JJ Roy,JM Bairstow,AC Agar,4,0,,,,,,,,,
1119538,2018,2018-06-16,Sophia Gardens,1,6.4,England,Australia,JJ Roy,JM Bairstow,AC Agar,1,0,,,,,,,,,
1119538,2018,2018-06-16,Sophia Gardens,1,6.5,England,Australia,JM Bairstow,JJ Roy,AC Agar,4,0,,,,,,,,,
1119538,2018,2018-06-16,Sophia Gardens,1,6.6,England,Australia,JM Bairstow,JJ Roy,AC Agar,4,0,,,,,,,,,
1119538,2018,2018-06-16,Sophia Gardens,1,7.1,England,Australia,JJ Roy,JM Bairstow,MP Stoinis,0,0,,,,,,,,,
1119538,2018,2018-06-16,Sophia Gardens,1,7.2,England,Australia,JJ Roy,JM Bairstow,MP Stoinis,1,0,,,,,,,,,
1119538,2018,2018-06-16,Sophia Gardens,1,7.3,England,Australia,JM Bairstow,JJ Roy,MP Stoinis,1,0,,,,,,,,,
1119538,2018,2018-06-16,Sophia Gardens,1,7.4,England,Australia,JJ Roy,JM Bairstow,MP Stoinis,1,0,,,,,,,,,
1119538,2018,2018-06-16,Sophia Gardens,1,7.5,England,Australia,JM Bairstow,JJ Roy,MP Stoinis,4,0,,,,,,,,,
1119538,2018,2018-06-16,Sophia Gardens,1,7.6,England,Australia,JM Bairstow,JJ Roy,MP Stoinis,0,0,,,,,,,,,
1119538,2018,2018-06-16,Sophia Gardens,1,8.1,England,Australia,JJ Roy,JM Bairstow,KW Richardson,1,0,,,,,,,,,
1119538,2018,2018-06-16,Sophia Gardens,1,8.2,England,Australia,JM Bairstow,JJ Roy,KW Richardson,0,0,,,,,,caught,JM Bairstow,,
1119538,2018,2018-06-16,Sophia Gardens,1,8.3,England,Australia,AD Hales,JJ Roy,KW Richardson,0,0,,,,,,,,,
1119538,2018,2018-06-16,Sophia Gardens,1,8.4,England,Australia,AD Hales,JJ Roy,KW Richardson,0,0,,,,,,,,,
1119538,2018,2018-06-16,Sophia Gardens,1,8.5,England,Australia,AD Hales,JJ Roy,KW Richardson,0,0,,,,,,,,,
1119538,2018,2018-06-16,Sophia Gardens,1,8.6,England,Australia,AD Hales,JJ Roy,KW Richardson,0,0,,,,,,,,,
1119538,2018,2018-06-16,Sophia Gardens,1,9.1,England,Australia,JJ Roy,AD Hales,MP Stoinis,1,0,,,,,,,,,
1119538,2018,2018-06-16,Sophia Gardens,1,9.2,England,Australia,AD Hales,JJ Roy,MP Stoinis,1,0,,,,,,,,,
1119538,2018,2018-06-16,Sophia Gardens,1,9.3,England,Australia,JJ Roy,AD Hales,MP Stoinis,1,0,,,,,,,,,
1119538,2018,2018-06-16,Sophia Gardens,1,9.4,England,Australia,AD Hales,JJ Roy,MP Stoinis,0,0,,,,,,,,,
1119538,2018,2018-06-16,Sophia Gardens,1,9.5,England,Australia,AD Hales,JJ Roy,MP Stoinis,4,0,,,,,,,,,
1119538,2018,2018-06-16,Sophia Gardens,1,9.6,England,Australia,AD Hales,JJ Roy,MP Stoinis,1,0,,,,,,,,,
1119538,2018,2018-06-16,Sophia Gardens,1,10.1,England,Australia,AD Hales,JJ Roy,AC Agar,1,0,,,,,,,,,
1119538,2018,2018-06-16,Sophia Gardens,1,10.2,England,Australia,JJ Roy,AD Hales,AC Agar,0,0,,,,,,,,,
1119538,2018,2018-06-16,Sophia Gardens,1,10.3,England,Australia,JJ Roy,AD Hales,AC Agar,1,0,,,,,,,,,
1119538,2018,2018-06-16,Sophia Gardens,1,10.4,England,Australia,AD Hales,JJ Roy,AC Agar,0,0,,,,,,,,,
1119538,2018,2018-06-16,Sophia Gardens,1,10.5,England,Australia,AD Hales,JJ Roy,AC Agar,1,0,,,,,,,,,
1119538,2018,2018-06-16,Sophia Gardens,1,10.6,England,Australia,JJ Roy,AD Hales,AC Agar,1,0,,,,,,,,,
1119538,2018,2018-06-16,Sophia Gardens,1,11.1,England,Australia,JJ Roy,AD Hales,MP Stoinis,0,0,,,,,,,,,
1119538,2018,2018-06-16,Sophia Gardens,1,11.2,England,Australia,JJ Roy,AD Hales,MP Stoinis,1,0,,,,,,,,,
1119538,2018,2018-06-16,Sophia Gardens,1,11.3,England,Australia,AD Hales,JJ Roy,MP Stoinis,0,0,,,,,,,,,
1119538,2018,2018-06-16,Sophia Gardens,1,11.4,England,Australia,AD Hales,JJ Roy,MP Stoinis,0,0,,,,,,,,,
1119538,2018,2018-06-16,Sophia Gardens,1,11.5,England,Australia,AD Hales,JJ Roy,MP Stoinis,0,0,,,,,,,,,
1119538,2018,2018-06-16,Sophia Gardens,1,11.6,England,Australia,AD Hales,JJ Roy,MP Stoinis,1,0,,,,,,,,,
1119538,2018,2018-06-16,Sophia Gardens,1,12.1,England,Australia,AD Hales,JJ Roy,AC Agar,1,0,,,,,,,,,
1119538,2018,2018-06-16,Sophia Gardens,1,12.2,England,Australia,JJ Roy,AD Hales,AC Agar,1,0,,,,,,,,,
1119538,2018,2018-06-16,Sophia Gardens,1,12.3,England,Australia,AD Hales,JJ Roy,AC Agar,1,0,,,,,,,,,
1119538,2018,2018-06-16,Sophia Gardens,1,12.4,England,Australia,JJ Roy,AD Hales,AC Agar,1,0,,,,,,,,,
1119538,2018,2018-06-16,Sophia Gardens,1,12.5,England,Australia,AD Hales,JJ Roy,AC Agar,1,0,,,,,,,,,
1119538,2018,2018-06-16,Sophia Gardens,1,12.6,England,Australia,JJ Roy,AD Hales,AC Agar,1,0,,,,,,,,,
1119538,2018,2018-06-16,Sophia Gardens,1,13.1,England,Australia,JJ Roy,AD Hales,MP Stoinis,0,0,,,,,,,,,
1119538,2018,2018-06-16,Sophia Gardens,1,13.2,England,Australia,JJ Roy,AD Hales,MP Stoinis,0,0,,,,,,,,,
1119538,2018,2018-06-16,Sophia Gardens,1,13.3,England,Australia,JJ Roy,AD Hales,MP Stoinis,1,0,,,,,,,,,
1119538,2018,2018-06-16,Sophia Gardens,1,13.4,England,Australia,AD Hales,JJ Roy,MP Stoinis,1,0,,,,,,,,,
1119538,2018,2018-06-16,Sophia Gardens,1,13.5,England,Australia,JJ Roy,AD Hales,MP Stoinis,0,0,,,,,,,,,
1119538,2018,2018-06-16,Sophia Gardens,1,13.6,England,Australia,JJ Roy,AD Hales,MP Stoinis,1,0,,,,,,,,,
1119538,2018,2018-06-16,Sophia Gardens,1,14.1,England,Australia,JJ Roy,AD Hales,AC Agar,1,0,,,,,,,,,
1119538,2018,2018-06-16,Sophia Gardens,1,14.2,England,Australia,AD Hales,JJ Roy,AC Agar,0,0,,,,,,,,,
1119538,2018,2018-06-16,Sophia Gardens,1,14.3,England,Australia,AD Hales,JJ Roy,AC Agar,0,0,,,,,,,,,
1119538,2018,2018-06-16,Sophia Gardens,1,14.4,England,Australia,AD Hales,JJ Roy,AC Agar,1,0,,,,,,,,,
1119538,2018,2018-06-16,Sophia Gardens,1,14.5,England,Australia,JJ Roy,AD Hales,AC Agar,1,0,,,,,,,,,
1119538,2018,2018-06-16,Sophia Gardens,1,14.6,England,Australia,AD Hales,JJ Roy,AC Agar,1,0,,,,,,,,,
1119538,2018,2018-06-16,Sophia Gardens,1,15.1,England,Australia,AD Hales,JJ Roy,AJ Tye,4,0,,,,,,,,,
1119538,2018,2018-06-16,Sophia Gardens,1,15.2,England,Australia,AD Hales,JJ Roy,AJ Tye,0,0,,,,,,,,,
1119538,2018,2018-06-16,Sophia Gardens,1,15.3,England,Australia,AD Hales,JJ Roy,AJ Tye,1,0,,,,,,,,,
1119538,2018,2018-06-16,Sophia Gardens,1,15.4,England,Australia,JJ Roy,AD Hales,AJ Tye,1,0,,,,,,,,,
1119538,2018,2018-06-16,Sophia Gardens,1,15.5,England,Australia,AD Hales,JJ Roy,AJ Tye,1,0,,,,,,,,,
1119538,2018,2018-06-16,Sophia Gardens,1,15.6,England,Australia,JJ Roy,AD Hales,AJ Tye,4,0,,,,,,,,,
1119538,2018,2018-06-16,Sophia Gardens,1,16.1,England,Australia,AD Hales,JJ Roy,AC Agar,0,0,,,,,,,,,
1119538,2018,2018-06-16,Sophia Gardens,1,16.2,England,Australia,AD Hales,JJ Roy,AC Agar,0,0,,,,,,,,,
1119538,2018,2018-06-16,Sophia Gardens,1,16.3,England,Australia,AD Hales,JJ Roy,AC Agar,0,0,,,,,,,,,
1119538,2018,2018-06-16,Sophia Gardens,1,16.4,England,Australia,AD Hales,JJ Roy,AC Agar,1,0,,,,,,,,,
1119538,2018,2018-06-16,Sophia Gardens,1,16.5,England,Australia,JJ Roy,AD Hales,AC Agar,1,0,,,,,,,,,
1119538,2018,2018-06-16,Sophia Gardens,1,16.6,England,Australia,AD Hales,JJ Roy,AC Agar,0,0,,,,,,,,,
1119538,2018,2018-06-16,Sophia Gardens,1,17.1,England,Australia,JJ Roy,AD Hales,AJ Tye,4,0,,,,,,,,,
1119538,2018,2018-06-16,Sophia Gardens,1,17.2,England,Australia,JJ Roy,AD Hales,AJ Tye,1,0,,,,,,,,,
1119538,2018,2018-06-16,Sophia Gardens,1,17.3,England,Australia,AD Hales,JJ Roy,AJ Tye,0,0,,,,,,,,,
1119538,2018,2018-06-16,Sophia Gardens,1,17.4,England,Australia,AD Hales,JJ Roy,AJ Tye,0,0,,,,,,,,,
1119538,2018,2018-06-16,Sophia Gardens,1,17.5,England,Australia,AD Hales,JJ Roy,AJ Tye,0,0,,,,,,,,,
1119538,2018,2018-06-16,Sophia Gardens,1,17.6,England,Australia,AD Hales,JJ Roy,AJ Tye,4,0,,,,,,,,,
1119538,2018,2018-06-16,Sophia Gardens,1,18.1,England,Australia,JJ Roy,AD Hales,JA Richardson,0,0,,,,,,,,,
1119538,2018,2018-06-16,Sophia Gardens,1,18.2,England,Australia,JJ Roy,AD Hales,JA Richardson,1,0,,,,,,,,,
1119538,2018,2018-06-16,Sophia Gardens,1,18.3,England,Australia,AD Hales,JJ Roy,JA Richardson,0,0,,,,,,,,,
1119538,2018,2018-06-16,Sophia Gardens,1,18.4,England,Australia,AD Hales,JJ Roy,JA Richardson,0,0,,,,,,bowled,AD Hales,,
1119538,2018,2018-06-16,Sophia Gardens,1,18.5,England,Australia,JE Root,JJ Roy,JA Richardson,0,0,,,,,,,,,
1119538,2018,2018-06-16,Sophia Gardens,1,18.6,England,Australia,JE Root,JJ Roy,JA Richardson,4,0,,,,,,,,,
1119538,2018,2018-06-16,Sophia Gardens,1,19.1,England,Australia,JJ Roy,JE Root,MP Stoinis,4,0,,,,,,,,,
1119538,2018,2018-06-16,Sophia Gardens,1,19.2,England,Australia,JJ Roy,JE Root,MP Stoinis,1,0,,,,,,,,,
1119538,2018,2018-06-16,Sophia Gardens,1,19.3,England,Australia,JE Root,JJ Roy,MP Stoinis,0,0,,,,,,,,,
1119538,2018,2018-06-16,Sophia Gardens,1,19.4,England,Australia,JE Root,JJ Roy,MP Stoinis,0,0,,,,,,,,,
1119538,2018,2018-06-16,Sophia Gardens,1,19.5,England,Australia,JE Root,JJ Roy,MP Stoinis,1,0,,,,,,,,,
1119538,2018,2018-06-16,Sophia Gardens,1,19.6,England,Australia,JJ Roy,JE Root,MP Stoinis,1,0,,,,,,,,,
1119538,2018,2018-06-16,Sophia Gardens,1,20.1,England,Australia,JJ Roy,JE Root,JA Richardson,0,0,,,,,,,,,
1119538,2018,2018-06-16,Sophia Gardens,1,20.2,England,Australia,JJ Roy,JE Root,JA Richardson,1,0,,,,,,,,,
1119538,2018,2018-06-16,Sophia Gardens,1,20.3,England,Australia,JE Root,JJ Roy,JA Richardson,4,0,,,,,,,,,
1119538,2018,2018-06-16,Sophia Gardens,1,20.4,England,Australia,JE Root,JJ Roy,JA Richardson,0,0,,,,,,,,,
1119538,2018,2018-06-16,Sophia Gardens,1,20.5,England,Australia,JE Root,JJ Roy,JA Richardson,0,0,,,,,,,,,
1119538,2018,2018-06-16,Sophia Gardens,1,20.6,England,Australia,JE Root,JJ Roy,JA Richardson,0,0,,,,,,,,,
1119538,2018,2018-06-16,Sophia Gardens,1,21.1,England,Australia,JJ Roy,JE Root,MP Stoinis,0,0,,,,,,,,,
1119538,2018,2018-06-16,Sophia Gardens,1,21.2,England,Australia,JJ Roy,JE Root,MP Stoinis,1,0,,,,,,,,,
1119538,2018,2018-06-16,Sophia Gardens,1,21.3,England,Australia,JE Root,JJ Roy,MP Stoinis,1,0,,,,,,,,,
1119538,2018,2018-06-16,Sophia Gardens,1,21.4,England,Australia,JJ Roy,JE Root,MP Stoinis,6,0,,,,,,,,,
1119538,2018,2018-06-16,Sophia Gardens,1,21.5,England,Australia,JJ Roy,JE Root,MP Stoinis,1,0,,,,,,,,,
1119538,2018,2018-06-16,Sophia Gardens,1,21.6,England,Australia,JE Root,JJ Roy,MP Stoinis,1,0,,,,,,,,,
1119538,2018,2018-06-16,Sophia Gardens,1,22.1,England,Australia,JE Root,JJ Roy,JA Richardson,2,0,,,,,,,,,
1119538,2018,2018-06-16,Sophia Gardens,1,22.2,England,Australia,JE Root,JJ Roy,JA Richardson,0,0,,,,,,,,,
1119538,2018,2018-06-16,Sophia Gardens,1,22.3,England,Australia,JE Root,JJ Roy,JA Richardson,1,0,,,,,,,,,
1119538,2018,2018-06-16,Sophia Gardens,1,22.4,England,Australia,JJ Roy,JE Root,JA Richardson,4,0,,,,,,,,,
1119538,2018,2018-06-16,Sophia Gardens,1,22.5,England,Australia,JJ Roy,JE Root,JA Richardson,0,0,,,,,,,,,
1119538,2018,2018-06-16,Sophia Gardens,1,22.6,England,Australia,JJ Roy,JE Root,JA Richardson,1,0,,,,,,,,,
1119538,2018,2018-06-16,Sophia Gardens,1,23.1,England,Australia,JJ Roy,JE Root,AJ Tye,1,0,,,,,,,,,
1119538,2018,2018-06-16,Sophia Gardens,1,23.2,England,Australia,JE Root,JJ Roy,AJ Tye,0,0,,,,,,,,,
1119538,2018,2018-06-16,Sophia Gardens,1,23.3,England,Australia,JE Root,JJ Roy,AJ Tye,1,0,,,,,,,,,
1119538,2018,2018-06-16,Sophia Gardens,1,23.4,England,Australia,JJ Roy,JE Root,AJ Tye,0,0,,,,,,,,,
1119538,2018,2018-06-16,Sophia Gardens,1,23.5,England,Australia,JJ Roy,JE Root,AJ Tye,4,0,,,,,,,,,
1119538,2018,2018-06-16,Sophia Gardens,1,23.6,England,Australia,JJ Roy,JE Root,AJ Tye,1,0,,,,,,,,,
1119538,2018,2018-06-16,Sophia Gardens,1,24.1,England,Australia,JJ Roy,JE Root,KW Richardson,0,0,,,,,,,,,
1119538,2018,2018-06-16,Sophia Gardens,1,24.2,England,Australia,JJ Roy,JE Root,KW Richardson,0,1,1,,,,,,,,
1119538,2018,2018-06-16,Sophia Gardens,1,24.3,England,Australia,JJ Roy,JE Root,KW Richardson,0,0,,,,,,,,,
1119538,2018,2018-06-16,Sophia Gardens,1,24.4,England,Australia,JJ Roy,JE Root,KW Richardson,1,0,,,,,,,,,
1119538,2018,2018-06-16,Sophia Gardens,1,24.5,England,Australia,JE Root,JJ Roy,KW Richardson,1,0,,,,,,,,,
1119538,2018,2018-06-16,Sophia Gardens,1,24.6,England,Australia,JJ Roy,JE Root,KW Richardson,2,0,,,,,,,,,
1119538,2018,2018-06-16,Sophia Gardens,1,24.7,England,Australia,JJ Roy,JE Root,KW Richardson,1,0,,,,,,,,,
1119538,2018,2018-06-16,Sophia Gardens,1,25.1,England,Australia,JJ Roy,JE Root,AJ Tye,0,0,,,,,,,,,
1119538,2018,2018-06-16,Sophia Gardens,1,25.2,England,Australia,JJ Roy,JE Root,AJ Tye,0,0,,,,,,,,,
1119538,2018,2018-06-16,Sophia Gardens,1,25.3,England,Australia,JJ Roy,JE Root,AJ Tye,6,0,,,,,,,,,
1119538,2018,2018-06-16,Sophia Gardens,1,25.4,England,Australia,JJ Roy,JE Root,AJ Tye,1,0,,,,,,,,,
1119538,2018,2018-06-16,Sophia Gardens,1,25.5,England,Australia,JE Root,JJ Roy,AJ Tye,1,0,,,,,,,,,
1119538,2018,2018-06-16,Sophia Gardens,1,25.6,England,Australia,JJ Roy,JE Root,AJ Tye,2,0,,,,,,,,,
1119538,2018,2018-06-16,Sophia Gardens,1,26.1,England,Australia,JE Root,JJ Roy,KW Richardson,1,0,,,,,,,,,
1119538,2018,2018-06-16,Sophia Gardens,1,26.2,England,Australia,JJ Roy,JE Root,KW Richardson,0,0,,,,,,,,,
1119538,2018,2018-06-16,Sophia Gardens,1,26.3,England,Australia,JJ Roy,JE Root,KW Richardson,1,0,,,,,,,,,
1119538,2018,2018-06-16,Sophia Gardens,1,26.4,England,Australia,JE Root,JJ Roy,KW Richardson,3,0,,,,,,,,,
1119538,2018,2018-06-16,Sophia Gardens,1,26.5,England,Australia,JJ Roy,JE Root,KW Richardson,2,0,,,,,,,,,
1119538,2018,2018-06-16,Sophia Gardens,1,26.6,England,Australia,JJ Roy,JE Root,KW Richardson,0,0,,,,,,,,,
1119538,2018,2018-06-16,Sophia Gardens,1,27.1,England,Australia,JE Root,JJ Roy,MP Stoinis,0,0,,,,,,,,,
1119538,2018,2018-06-16,Sophia Gardens,1,27.2,England,Australia,JE Root,JJ Roy,MP Stoinis,0,0,,,,,,,,,
1119538,2018,2018-06-16,Sophia Gardens,1,27.3,England,Australia,JE Root,JJ Roy,MP Stoinis,1,0,,,,,,,,,
1119538,2018,2018-06-16,Sophia Gardens,1,27.4,England,Australia,JJ Roy,JE Root,MP Stoinis,1,0,,,,,,,,,
1119538,2018,2018-06-16,Sophia Gardens,1,27.5,England,Australia,JE Root,JJ Roy,MP Stoinis,0,0,,,,,,caught,JE Root,,
1119538,2018,2018-06-16,Sophia Gardens,1,27.6,England,Australia,JC Buttler,JJ Roy,MP Stoinis,0,0,,,,,,,,,
1119538,2018,2018-06-16,Sophia Gardens,1,28.1,England,Australia,JJ Roy,JC Buttler,AJ Tye,0,0,,,,,,,,,
1119538,2018,2018-06-16,Sophia Gardens,1,28.2,England,Australia,JJ Roy,JC Buttler,AJ Tye,0,0,,,,,,,,,
1119538,2018,2018-06-16,Sophia Gardens,1,28.3,England,Australia,JJ Roy,JC Buttler,AJ Tye,0,0,,,,,,,,,
1119538,2018,2018-06-16,Sophia Gardens,1,28.4,England,Australia,JJ Roy,JC Buttler,AJ Tye,1,0,,,,,,,,,
1119538,2018,2018-06-16,Sophia Gardens,1,28.5,England,Australia,JC Buttler,JJ Roy,AJ Tye,1,0,,,,,,,,,
1119538,2018,2018-06-16,Sophia Gardens,1,28.6,England,Australia,JJ Roy,JC Buttler,AJ Tye,1,0,,,,,,,,,
1119538,2018,2018-06-16,Sophia Gardens,1,29.1,England,Australia,JJ Roy,JC Buttler,MP Stoinis,0,0,,,,,,,,,
1119538,2018,2018-06-16,Sophia Gardens,1,29.2,England,Australia,JJ Roy,JC Buttler,MP Stoinis,0,0,,,,,,,,,
1119538,2018,2018-06-16,Sophia Gardens,1,29.3,England,Australia,JJ Roy,JC Buttler,MP Stoinis,1,0,,,,,,,,,
1119538,2018,2018-06-16,Sophia Gardens,1,29.4,England,Australia,JC Buttler,JJ Roy,MP Stoinis,0,0,,,,,,,,,
1119538,2018,2018-06-16,Sophia Gardens,1,29.5,England,Australia,JC Buttler,JJ Roy,MP Stoinis,0,0,,,,,,,,,
1119538,2018,2018-06-16,Sophia Gardens,1,29.6,England,Australia,JC Buttler,JJ Roy,MP Stoinis,1,0,,,,,,,,,
1119538,2018,2018-06-16,Sophia Gardens,1,30.1,England,Australia,JC Buttler,JJ Roy,DJM Short,1,0,,,,,,,,,
1119538,2018,2018-06-16,Sophia Gardens,1,30.2,England,Australia,JJ Roy,JC Buttler,DJM Short,0,0,,,,,,,,,
1119538,2018,2018-06-16,Sophia Gardens,1,30.3,England,Australia,JJ Roy,JC Buttler,DJM Short,1,0,,,,,,,,,
1119538,2018,2018-06-16,Sophia Gardens,1,30.4,England,Australia,JC Buttler,JJ Roy,DJM Short,2,0,,,,,,,,,
1119538,2018,2018-06-16,Sophia Gardens,1,30.5,England,Australia,JC Buttler,JJ Roy,DJM Short,2,0,,,,,,,,,
1119538,2018,2018-06-16,Sophia Gardens,1,30.6,England,Australia,JC Buttler,JJ Roy,DJM Short,4,0,,,,,,,,,
1119538,2018,2018-06-16,Sophia Gardens,1,31.1,England,Australia,JJ Roy,JC Buttler,MP Stoinis,0,0,,,,,,,,,
1119538,2018,2018-06-16,Sophia Gardens,1,31.2,England,Australia,JJ Roy,JC Buttler,MP Stoinis,4,0,,,,,,,,,
1119538,2018,2018-06-16,Sophia Gardens,1,31.3,England,Australia,JJ Roy,JC Buttler,MP Stoinis,1,0,,,,,,,,,
1119538,2018,2018-06-16,Sophia Gardens,1,31.4,England,Australia,JC Buttler,JJ Roy,MP Stoinis,2,0,,,,,,,,,
1119538,2018,2018-06-16,Sophia Gardens,1,31.5,England,Australia,JC Buttler,JJ Roy,MP Stoinis,0,0,,,,,,,,,
1119538,2018,2018-06-16,Sophia Gardens,1,31.6,England,Australia,JC Buttler,JJ Roy,MP Stoinis,2,0,,,,,,,,,
1119538,2018,2018-06-16,Sophia Gardens,1,32.1,England,Australia,JJ Roy,JC Buttler,AC Agar,1,0,,,,,,,,,
1119538,2018,2018-06-16,Sophia Gardens,1,32.2,England,Australia,JC Buttler,JJ Roy,AC Agar,1,0,,,,,,,,,
1119538,2018,2018-06-16,Sophia Gardens,1,32.3,England,Australia,JJ Roy,JC Buttler,AC Agar,1,0,,,,,,,,,
1119538,2018,2018-06-16,Sophia Gardens,1,32.4,England,Australia,JC Buttler,JJ Roy,AC Agar,0,0,,,,,,,,,
1119538,2018,2018-06-16,Sophia Gardens,1,32.5,England,Australia,JC Buttler,JJ Roy,AC Agar,1,0,,,,,,,,,
1119538,2018,2018-06-16,Sophia Gardens,1,32.6,England,Australia,JJ Roy,JC Buttler,AC Agar,2,0,,,,,,,,,
1119538,2018,2018-06-16,Sophia Gardens,1,33.1,England,Australia,JC Buttler,JJ Roy,MP Stoinis,0,0,,,,,,,,,
1119538,2018,2018-06-16,Sophia Gardens,1,33.2,England,Australia,JC Buttler,JJ Roy,MP Stoinis,2,0,,,,,,,,,
1119538,2018,2018-06-16,Sophia Gardens,1,33.3,England,Australia,JC Buttler,JJ Roy,MP Stoinis,1,0,,,,,,,,,
1119538,2018,2018-06-16,Sophia Gardens,1,33.4,England,Australia,JJ Roy,JC Buttler,MP Stoinis,1,0,,,,,,,,,
1119538,2018,2018-06-16,Sophia Gardens,1,33.5,England,Australia,JC Buttler,JJ Roy,MP Stoinis,2,0,,,,,,,,,
1119538,2018,2018-06-16,Sophia Gardens,1,33.6,England,Australia,JC Buttler,JJ Roy,MP Stoinis,4,0,,,,,,,,,
1119538,2018,2018-06-16,Sophia Gardens,1,34.1,England,Australia,JJ Roy,JC Buttler,AC Agar,2,0,,,,,,,,,
1119538,2018,2018-06-16,Sophia Gardens,1,34.2,England,Australia,JJ Roy,JC Buttler,AC Agar,0,0,,,,,,,,,
1119538,2018,2018-06-16,Sophia Gardens,1,34.3,England,Australia,JJ Roy,JC Buttler,AC Agar,4,0,,,,,,,,,
1119538,2018,2018-06-16,Sophia Gardens,1,34.4,England,Australia,JJ Roy,JC Buttler,AC Agar,1,0,,,,,,,,,
1119538,2018,2018-06-16,Sophia Gardens,1,34.5,England,Australia,JC Buttler,JJ Roy,AC Agar,1,0,,,,,,,,,
1119538,2018,2018-06-16,Sophia Gardens,1,34.6,England,Australia,JJ Roy,JC Buttler,AC Agar,1,0,,,,,,,,,
1119538,2018,2018-06-16,Sophia Gardens,1,35.1,England,Australia,JJ Roy,JC Buttler,AJ Tye,4,0,,,,,,,,,
1119538,2018,2018-06-16,Sophia Gardens,1,35.2,England,Australia,JJ Roy,JC Buttler,AJ Tye,0,0,,,,,,,,,
1119538,2018,2018-06-16,Sophia Gardens,1,35.3,England,Australia,JJ Roy,JC Buttler,AJ Tye,0,1,1,,,,,,,,
1119538,2018,2018-06-16,Sophia Gardens,1,35.4,England,Australia,JJ Roy,JC Buttler,AJ Tye,2,0,,,,,,,,,
1119538,2018,2018-06-16,Sophia Gardens,1,35.5,England,Australia,JJ Roy,JC Buttler,AJ Tye,4,0,,,,,,,,,
1119538,2018,2018-06-16,Sophia Gardens,1,35.6,England,Australia,JJ Roy,JC Buttler,AJ Tye,0,0,,,,,,caught,JJ Roy,,
1119538,2018,2018-06-16,Sophia Gardens,1,35.7,England,Australia,SW Billings,JC Buttler,AJ Tye,0,0,,,,,,,,,
1119538,2018,2018-06-16,Sophia Gardens,1,36.1,England,Australia,JC Buttler,SW Billings,AC Agar,0,0,,,,,,,,,
1119538,2018,2018-06-16,Sophia Gardens,1,36.2,England,Australia,JC Buttler,SW Billings,AC Agar,0,0,,,,,,,,,
1119538,2018,2018-06-16,Sophia Gardens,1,36.3,England,Australia,JC Buttler,SW Billings,AC Agar,0,0,,,,,,,,,
1119538,2018,2018-06-16,Sophia Gardens,1,36.4,England,Australia,JC Buttler,SW Billings,AC Agar,1,0,,,,,,,,,
1119538,2018,2018-06-16,Sophia Gardens,1,36.5,England,Australia,SW Billings,JC Buttler,AC Agar,1,0,,,,,,,,,
1119538,2018,2018-06-16,Sophia Gardens,1,36.6,England,Australia,JC Buttler,SW Billings,AC Agar,0,0,,,,,,,,,
1119538,2018,2018-06-16,Sophia Gardens,1,37.1,England,Australia,SW Billings,JC Buttler,DJM Short,1,0,,,,,,,,,
1119538,2018,2018-06-16,Sophia Gardens,1,37.2,England,Australia,JC Buttler,SW Billings,DJM Short,1,0,,,,,,,,,
1119538,2018,2018-06-16,Sophia Gardens,1,37.3,England,Australia,SW Billings,JC Buttler,DJM Short,0,0,,,,,,,,,
1119538,2018,2018-06-16,Sophia Gardens,1,37.4,England,Australia,SW Billings,JC Buttler,DJM Short,2,0,,,,,,,,,
1119538,2018,2018-06-16,Sophia Gardens,1,37.5,England,Australia,SW Billings,JC Buttler,DJM Short,0,0,,,,,,,,,
1119538,2018,2018-06-16,Sophia Gardens,1,37.6,England,Australia,SW Billings,JC Buttler,DJM Short,0,0,,,,,,,,,
1119538,2018,2018-06-16,Sophia Gardens,1,38.1,England,Australia,JC Buttler,SW Billings,AC Agar,0,0,,,,,,,,,
1119538,2018,2018-06-16,Sophia Gardens,1,38.2,England,Australia,JC Buttler,SW Billings,AC Agar,2,0,,,,,,,,,
1119538,2018,2018-06-16,Sophia Gardens,1,38.3,England,Australia,JC Buttler,SW Billings,AC Agar,0,0,,,,,,,,,
1119538,2018,2018-06-16,Sophia Gardens,1,38.4,England,Australia,JC Buttler,SW Billings,AC Agar,1,0,,,,,,,,,
1119538,2018,2018-06-16,Sophia Gardens,1,38.5,England,Australia,SW Billings,JC Buttler,AC Agar,0,0,,,,,,,,,
1119538,2018,2018-06-16,Sophia Gardens,1,38.6,England,Australia,SW Billings,JC Buttler,AC Agar,1,0,,,,,,,,,
1119538,2018,2018-06-16,Sophia Gardens,1,39.1,England,Australia,SW Billings,JC Buttler,DJM Short,0,0,,,,,,,,,
1119538,2018,2018-06-16,Sophia Gardens,1,39.2,England,Australia,SW Billings,JC Buttler,DJM Short,0,0,,,,,,,,,
1119538,2018,2018-06-16,Sophia Gardens,1,39.3,England,Australia,SW Billings,JC Buttler,DJM Short,1,0,,,,,,,,,
1119538,2018,2018-06-16,Sophia Gardens,1,39.4,England,Australia,JC Buttler,SW Billings,DJM Short,0,2,,,,2,,,,,
1119538,2018,2018-06-16,Sophia Gardens,1,39.5,England,Australia,JC Buttler,SW Billings,DJM Short,0,0,,,,,,,,,
1119538,2018,2018-06-16,Sophia Gardens,1,39.6,England,Australia,JC Buttler,SW Billings,DJM Short,1,0,,,,,,,,,
1119538,2018,2018-06-16,Sophia Gardens,1,40.1,England,Australia,JC Buttler,SW Billings,JA Richardson,4,0,,,,,,,,,
1119538,2018,2018-06-16,Sophia Gardens,1,40.2,England,Australia,JC Buttler,SW Billings,JA Richardson,6,0,,,,,,,,,
1119538,2018,2018-06-16,Sophia Gardens,1,40.3,England,Australia,JC Buttler,SW Billings,JA Richardson,6,0,,,,,,,,,
1119538,2018,2018-06-16,Sophia Gardens,1,40.4,England,Australia,JC Buttler,SW Billings,JA Richardson,2,0,,,,,,,,,
1119538,2018,2018-06-16,Sophia Gardens,1,40.5,England,Australia,JC Buttler,SW Billings,JA Richardson,1,0,,,,,,,,,
1119538,2018,2018-06-16,Sophia Gardens,1,40.6,England,Australia,SW Billings,JC Buttler,JA Richardson,1,0,,,,,,,,,
1119538,2018,2018-06-16,Sophia Gardens,1,41.1,England,Australia,SW Billings,JC Buttler,DJM Short,0,0,,,,,,,,,
1119538,2018,2018-06-16,Sophia Gardens,1,41.2,England,Australia,SW Billings,JC Buttler,DJM Short,2,0,,,,,,,,,
1119538,2018,2018-06-16,Sophia Gardens,1,41.3,England,Australia,SW Billings,JC Buttler,DJM Short,1,0,,,,,,,,,
1119538,2018,2018-06-16,Sophia Gardens,1,41.4,England,Australia,JC Buttler,SW Billings,DJM Short,4,0,,,,,,,,,
1119538,2018,2018-06-16,Sophia Gardens,1,41.5,England,Australia,JC Buttler,SW Billings,DJM Short,0,0,,,,,,,,,
1119538,2018,2018-06-16,Sophia Gardens,1,41.6,England,Australia,JC Buttler,SW Billings,DJM Short,1,0,,,,,,,,,
1119538,2018,2018-06-16,Sophia Gardens,1,42.1,England,Australia,JC Buttler,SW Billings,AJ Tye,4,0,,,,,,,,,
1119538,2018,2018-06-16,Sophia Gardens,1,42.2,England,Australia,JC Buttler,SW Billings,AJ Tye,1,0,,,,,,,,,
1119538,2018,2018-06-16,Sophia Gardens,1,42.3,England,Australia,SW Billings,JC Buttler,AJ Tye,0,1,1,,,,,,,,
1119538,2018,2018-06-16,Sophia Gardens,1,42.4,England,Australia,SW Billings,JC Buttler,AJ Tye,1,0,,,,,,,,,
1119538,2018,2018-06-16,Sophia Gardens,1,42.5,England,Australia,JC Buttler,SW Billings,AJ Tye,1,0,,,,,,,,,
1119538,2018,2018-06-16,Sophia Gardens,1,42.6,England,Australia,SW Billings,JC Buttler,AJ Tye,0,0,,,,,,bowled,SW Billings,,
1119538,2018,2018-06-16,Sophia Gardens,1,42.7,England,Australia,MM Ali,JC Buttler,AJ Tye,4,0,,,,,,,,,
1119538,2018,2018-06-16,Sophia Gardens,1,43.1,England,Australia,JC Buttler,MM Ali,JA Richardson,0,0,,,,,,,,,
1119538,2018,2018-06-16,Sophia Gardens,1,43.2,England,Australia,JC Buttler,MM Ali,JA Richardson,0,0,,,,,,,,,
1119538,2018,2018-06-16,Sophia Gardens,1,43.3,England,Australia,JC Buttler,MM Ali,JA Richardson,0,0,,,,,,,,,
1119538,2018,2018-06-16,Sophia Gardens,1,43.4,England,Australia,JC Buttler,MM Ali,JA Richardson,1,0,,,,,,,,,
1119538,2018,2018-06-16,Sophia Gardens,1,43.5,England,Australia,MM Ali,JC Buttler,JA Richardson,1,0,,,,,,,,,
1119538,2018,2018-06-16,Sophia Gardens,1,43.6,England,Australia,JC Buttler,MM Ali,JA Richardson,0,0,,,,,,,,,
1119538,2018,2018-06-16,Sophia Gardens,1,44.1,England,Australia,MM Ali,JC Buttler,AJ Tye,1,0,,,,,,,,,
1119538,2018,2018-06-16,Sophia Gardens,1,44.2,England,Australia,JC Buttler,MM Ali,AJ Tye,1,0,,,,,,,,,
1119538,2018,2018-06-16,Sophia Gardens,1,44.3,England,Australia,MM Ali,JC Buttler,AJ Tye,1,0,,,,,,,,,
1119538,2018,2018-06-16,Sophia Gardens,1,44.4,England,Australia,JC Buttler,MM Ali,AJ Tye,1,0,,,,,,,,,
1119538,2018,2018-06-16,Sophia Gardens,1,44.5,England,Australia,MM Ali,JC Buttler,AJ Tye,1,0,,,,,,,,,
1119538,2018,2018-06-16,Sophia Gardens,1,44.6,England,Australia,JC Buttler,MM Ali,AJ Tye,0,0,,,,,,,,,
1119538,2018,2018-06-16,Sophia Gardens,1,45.1,England,Australia,MM Ali,JC Buttler,JA Richardson,0,0,,,,,,caught,MM Ali,,
1119538,2018,2018-06-16,Sophia Gardens,1,45.2,England,Australia,JC Buttler,DJ Willey,JA Richardson,1,0,,,,,,,,,
1119538,2018,2018-06-16,Sophia Gardens,1,45.3,England,Australia,DJ Willey,JC Buttler,JA Richardson,1,0,,,,,,,,,
1119538,2018,2018-06-16,Sophia Gardens,1,45.4,England,Australia,JC Buttler,DJ Willey,JA Richardson,0,0,,,,,,,,,
1119538,2018,2018-06-16,Sophia Gardens,1,45.5,England,Australia,JC Buttler,DJ Willey,JA Richardson,1,0,,,,,,,,,
1119538,2018,2018-06-16,Sophia Gardens,1,45.6,England,Australia,DJ Willey,JC Buttler,JA Richardson,0,1,1,,,,,,,,
1119538,2018,2018-06-16,Sophia Gardens,1,45.7,England,Australia,DJ Willey,JC Buttler,JA Richardson,0,0,,,,,,,,,
1119538,2018,2018-06-16,Sophia Gardens,1,46.1,England,Australia,JC Buttler,DJ Willey,KW Richardson,1,0,,,,,,,,,
1119538,2018,2018-06-16,Sophia Gardens,1,46.2,England,Australia,DJ Willey,JC Buttler,KW Richardson,1,0,,,,,,,,,
1119538,2018,2018-06-16,Sophia Gardens,1,46.3,England,Australia,JC Buttler,DJ Willey,KW Richardson,0,0,,,,,,,,,
1119538,2018,2018-06-16,Sophia Gardens,1,46.4,England,Australia,JC Buttler,DJ Willey,KW Richardson,1,0,,,,,,,,,
1119538,2018,2018-06-16,Sophia Gardens,1,46.5,England,Australia,DJ Willey,JC Buttler,KW Richardson,1,0,,,,,,,,,
1119538,2018,2018-06-16,Sophia Gardens,1,46.6,England,Australia,JC Buttler,DJ Willey,KW Richardson,1,0,,,,,,,,,
1119538,2018,2018-06-16,Sophia Gardens,1,47.1,England,Australia,JC Buttler,DJ Willey,JA Richardson,1,0,,,,,,,,,
1119538,2018,2018-06-16,Sophia Gardens,1,47.2,England,Australia,DJ Willey,JC Buttler,JA Richardson,0,1,,,,1,,,,,
1119538,2018,2018-06-16,Sophia Gardens,1,47.3,England,Australia,JC Buttler,DJ Willey,JA Richardson,2,0,,,,,,,,,
1119538,2018,2018-06-16,Sophia Gardens,1,47.4,England,Australia,JC Buttler,DJ Willey,JA Richardson,1,0,,,,,,,,,
1119538,2018,2018-06-16,Sophia Gardens,1,47.5,England,Australia,DJ Willey,JC Buttler,JA Richardson,0,1,,,,1,,,,,
1119538,2018,2018-06-16,Sophia Gardens,1,47.6,England,Australia,JC Buttler,DJ Willey,JA Richardson,0,1,,,,1,,,,,
1119538,2018,2018-06-16,Sophia Gardens,1,48.1,England,Australia,JC Buttler,DJ Willey,KW Richardson,1,0,,,,,,,,,
1119538,2018,2018-06-16,Sophia Gardens,1,48.2,England,Australia,DJ Willey,JC Buttler,KW Richardson,4,0,,,,,,,,,
1119538,2018,2018-06-16,Sophia Gardens,1,48.3,England,Australia,DJ Willey,JC Buttler,KW Richardson,4,0,,,,,,,,,
1119538,2018,2018-06-16,Sophia Gardens,1,48.4,England,Australia,DJ Willey,JC Buttler,KW Richardson,0,0,,,,,,,,,
1119538,2018,2018-06-16,Sophia Gardens,1,48.5,England,Australia,DJ Willey,JC Buttler,KW Richardson,0,0,,,,,,caught and bowled,DJ Willey,,
1119538,2018,2018-06-16,Sophia Gardens,1,48.6,England,Australia,JC Buttler,LE Plunkett,KW Richardson,4,0,,,,,,,,,
1119538,2018,2018-06-16,Sophia Gardens,1,49.1,England,Australia,LE Plunkett,JC Buttler,AJ Tye,0,1,1,,,,,,,,
1119538,2018,2018-06-16,Sophia Gardens,1,49.2,England,Australia,LE Plunkett,JC Buttler,AJ Tye,1,0,,,,,,,,,
1119538,2018,2018-06-16,Sophia Gardens,1,49.3,England,Australia,JC Buttler,LE Plunkett,AJ Tye,1,0,,,,,,,,,
1119538,2018,2018-06-16,Sophia Gardens,1,49.4,England,Australia,LE Plunkett,JC Buttler,AJ Tye,0,0,,,,,,run out,LE Plunkett,,
1119538,2018,2018-06-16,Sophia Gardens,1,49.5,England,Australia,JC Buttler,AU Rashid,AJ Tye,2,0,,,,,,,,,
1119538,2018,2018-06-16,Sophia Gardens,1,49.6,England,Australia,JC Buttler,AU Rashid,AJ Tye,4,0,,,,,,,,,
1119538,2018,2018-06-16,Sophia Gardens,1,49.7,England,Australia,JC Buttler,AU Rashid,AJ Tye,4,0,,,,,,,,,
1119538,2018,2018-06-16,Sophia Gardens,2,0.1,Australia,England,TM Head,DJM Short,DJ Willey,4,0,,,,,,,,,
1119538,2018,2018-06-16,Sophia Gardens,2,0.2,Australia,England,TM Head,DJM Short,DJ Willey,0,0,,,,,,,,,
1119538,2018,2018-06-16,Sophia Gardens,2,0.3,Australia,England,TM Head,DJM Short,DJ Willey,0,0,,,,,,,,,
1119538,2018,2018-06-16,Sophia Gardens,2,0.4,Australia,England,TM Head,DJM Short,DJ Willey,0,0,,,,,,,,,
1119538,2018,2018-06-16,Sophia Gardens,2,0.5,Australia,England,TM Head,DJM Short,DJ Willey,4,0,,,,,,,,,
1119538,2018,2018-06-16,Sophia Gardens,2,0.6,Australia,England,TM Head,DJM Short,DJ Willey,0,0,,,,,,,,,
1119538,2018,2018-06-16,Sophia Gardens,2,1.1,Australia,England,DJM Short,TM Head,MA Wood,0,1,1,,,,,,,,
1119538,2018,2018-06-16,Sophia Gardens,2,1.2,Australia,England,DJM Short,TM Head,MA Wood,2,0,,,,,,,,,
1119538,2018,2018-06-16,Sophia Gardens,2,1.3,Australia,England,DJM Short,TM Head,MA Wood,0,0,,,,,,,,,
1119538,2018,2018-06-16,Sophia Gardens,2,1.4,Australia,England,DJM Short,TM Head,MA Wood,1,0,,,,,,,,,
1119538,2018,2018-06-16,Sophia Gardens,2,1.5,Australia,England,TM Head,DJM Short,MA Wood,0,0,,,,,,,,,
1119538,2018,2018-06-16,Sophia Gardens,2,1.6,Australia,England,TM Head,DJM Short,MA Wood,6,0,,,,,,,,,
1119538,2018,2018-06-16,Sophia Gardens,2,1.7,Australia,England,TM Head,DJM Short,MA Wood,0,0,,,,,,,,,
1119538,2018,2018-06-16,Sophia Gardens,2,2.1,Australia,England,DJM Short,TM Head,DJ Willey,0,0,,,,,,,,,
1119538,2018,2018-06-16,Sophia Gardens,2,2.2,Australia,England,DJM Short,TM Head,DJ Willey,0,1,,,,1,,,,,
1119538,2018,2018-06-16,Sophia Gardens,2,2.3,Australia,England,TM Head,DJM Short,DJ Willey,0,0,,,,,,,,,
1119538,2018,2018-06-16,Sophia Gardens,2,2.4,Australia,England,TM Head,DJM Short,DJ Willey,0,0,,,,,,,,,
1119538,2018,2018-06-16,Sophia Gardens,2,2.5,Australia,England,TM Head,DJM Short,DJ Willey,0,0,,,,,,,,,
1119538,2018,2018-06-16,Sophia Gardens,2,2.6,Australia,England,TM Head,DJM Short,DJ Willey,1,0,,,,,,,,,
1119538,2018,2018-06-16,Sophia Gardens,2,3.1,Australia,England,TM Head,DJM Short,MA Wood,4,0,,,,,,,,,
1119538,2018,2018-06-16,Sophia Gardens,2,3.2,Australia,England,TM Head,DJM Short,MA Wood,0,0,,,,,,caught,TM Head,,
1119538,2018,2018-06-16,Sophia Gardens,2,3.3,Australia,England,SE Marsh,DJM Short,MA Wood,0,0,,,,,,,,,
1119538,2018,2018-06-16,Sophia Gardens,2,3.4,Australia,England,SE Marsh,DJM Short,MA Wood,0,0,,,,,,,,,
1119538,2018,2018-06-16,Sophia Gardens,2,3.5,Australia,England,SE Marsh,DJM Short,MA Wood,0,0,,,,,,,,,
1119538,2018,2018-06-16,Sophia Gardens,2,3.6,Australia,England,SE Marsh,DJM Short,MA Wood,1,0,,,,,,,,,
1119538,2018,2018-06-16,Sophia Gardens,2,4.1,Australia,England,SE Marsh,DJM Short,DJ Willey,0,0,,,,,,,,,
1119538,2018,2018-06-16,Sophia Gardens,2,4.2,Australia,England,SE Marsh,DJM Short,DJ Willey,0,0,,,,,,,,,
1119538,2018,2018-06-16,Sophia Gardens,2,4.3,Australia,England,SE Marsh,DJM Short,DJ Willey,3,0,,,,,,,,,
1119538,2018,2018-06-16,Sophia Gardens,2,4.4,Australia,England,DJM Short,SE Marsh,DJ Willey,0,0,,,,,,,,,
1119538,2018,2018-06-16,Sophia Gardens,2,4.5,Australia,England,DJM Short,SE Marsh,DJ Willey,0,0,,,,,,,,,
1119538,2018,2018-06-16,Sophia Gardens,2,4.6,Australia,England,DJM Short,SE Marsh,DJ Willey,0,0,,,,,,,,,
1119538,2018,2018-06-16,Sophia Gardens,2,5.1,Australia,England,SE Marsh,DJM Short,MA Wood,0,0,,,,,,,,,
1119538,2018,2018-06-16,Sophia Gardens,2,5.2,Australia,England,SE Marsh,DJM Short,MA Wood,1,0,,,,,,,,,
1119538,2018,2018-06-16,Sophia Gardens,2,5.3,Australia,England,DJM Short,SE Marsh,MA Wood,0,0,,,,,,,,,
1119538,2018,2018-06-16,Sophia Gardens,2,5.4,Australia,England,DJM Short,SE Marsh,MA Wood,0,0,,,,,,,,,
1119538,2018,2018-06-16,Sophia Gardens,2,5.5,Australia,England,DJM Short,SE Marsh,MA Wood,0,0,,,,,,,,,
1119538,2018,2018-06-16,Sophia Gardens,2,5.6,Australia,England,DJM Short,SE Marsh,MA Wood,2,0,,,,,,,,,
1119538,2018,2018-06-16,Sophia Gardens,2,6.1,Australia,England,SE Marsh,DJM Short,DJ Willey,0,0,,,,,,,,,
1119538,2018,2018-06-16,Sophia Gardens,2,6.2,Australia,England,SE Marsh,DJM Short,DJ Willey,4,0,,,,,,,,,
1119538,2018,2018-06-16,Sophia Gardens,2,6.3,Australia,England,SE Marsh,DJM Short,DJ Willey,1,0,,,,,,,,,
1119538,2018,2018-06-16,Sophia Gardens,2,6.4,Australia,England,DJM Short,SE Marsh,DJ Willey,0,0,,,,,,,,,
1119538,2018,2018-06-16,Sophia Gardens,2,6.5,Australia,England,DJM Short,SE Marsh,DJ Willey,1,0,,,,,,,,,
1119538,2018,2018-06-16,Sophia Gardens,2,6.6,Australia,England,SE Marsh,DJM Short,DJ Willey,1,0,,,,,,,,,
1119538,2018,2018-06-16,Sophia Gardens,2,7.1,Australia,England,SE Marsh,DJM Short,MA Wood,0,0,,,,,,,,,
1119538,2018,2018-06-16,Sophia Gardens,2,7.2,Australia,England,SE Marsh,DJM Short,MA Wood,0,0,,,,,,,,,
1119538,2018,2018-06-16,Sophia Gardens,2,7.3,Australia,England,SE Marsh,DJM Short,MA Wood,0,1,1,,,,,,,,
1119538,2018,2018-06-16,Sophia Gardens,2,7.4,Australia,England,SE Marsh,DJM Short,MA Wood,0,0,,,,,,,,,
1119538,2018,2018-06-16,Sophia Gardens,2,7.5,Australia,England,SE Marsh,DJM Short,MA Wood,0,0,,,,,,,,,
1119538,2018,2018-06-16,Sophia Gardens,2,7.6,Australia,England,SE Marsh,DJM Short,MA Wood,0,0,,,,,,,,,
1119538,2018,2018-06-16,Sophia Gardens,2,7.7,Australia,England,SE Marsh,DJM Short,MA Wood,4,0,,,,,,,,,
1119538,2018,2018-06-16,Sophia Gardens,2,8.1,Australia,England,DJM Short,SE Marsh,DJ Willey,1,0,,,,,,,,,
1119538,2018,2018-06-16,Sophia Gardens,2,8.2,Australia,England,SE Marsh,DJM Short,DJ Willey,0,0,,,,,,,,,
1119538,2018,2018-06-16,Sophia Gardens,2,8.3,Australia,England,SE Marsh,DJM Short,DJ Willey,2,0,,,,,,,,,
1119538,2018,2018-06-16,Sophia Gardens,2,8.4,Australia,England,SE Marsh,DJM Short,DJ Willey,0,0,,,,,,,,,
1119538,2018,2018-06-16,Sophia Gardens,2,8.5,Australia,England,SE Marsh,DJM Short,DJ Willey,1,0,,,,,,,,,
1119538,2018,2018-06-16,Sophia Gardens,2,8.6,Australia,England,DJM Short,SE Marsh,DJ Willey,1,0,,,,,,,,,
1119538,2018,2018-06-16,Sophia Gardens,2,9.1,Australia,England,DJM Short,SE Marsh,LE Plunkett,4,0,,,,,,,,,
1119538,2018,2018-06-16,Sophia Gardens,2,9.2,Australia,England,DJM Short,SE Marsh,LE Plunkett,0,0,,,,,,,,,
1119538,2018,2018-06-16,Sophia Gardens,2,9.3,Australia,England,DJM Short,SE Marsh,LE Plunkett,4,0,,,,,,,,,
1119538,2018,2018-06-16,Sophia Gardens,2,9.4,Australia,England,DJM Short,SE Marsh,LE Plunkett,1,0,,,,,,,,,
1119538,2018,2018-06-16,Sophia Gardens,2,9.5,Australia,England,SE Marsh,DJM Short,LE Plunkett,0,0,,,,,,,,,
1119538,2018,2018-06-16,Sophia Gardens,2,9.6,Australia,England,SE Marsh,DJM Short,LE Plunkett,3,0,,,,,,,,,
1119538,2018,2018-06-16,Sophia Gardens,2,10.1,Australia,England,SE Marsh,DJM Short,MM Ali,1,0,,,,,,,,,
1119538,2018,2018-06-16,Sophia Gardens,2,10.2,Australia,England,DJM Short,SE Marsh,MM Ali,0,0,,,,,,,,,
1119538,2018,2018-06-16,Sophia Gardens,2,10.3,Australia,England,DJM Short,SE Marsh,MM Ali,1,0,,,,,,,,,
1119538,2018,2018-06-16,Sophia Gardens,2,10.4,Australia,England,SE Marsh,DJM Short,MM Ali,0,0,,,,,,,,,
1119538,2018,2018-06-16,Sophia Gardens,2,10.5,Australia,England,SE Marsh,DJM Short,MM Ali,1,0,,,,,,,,,
1119538,2018,2018-06-16,Sophia Gardens,2,10.6,Australia,England,DJM Short,SE Marsh,MM Ali,0,0,,,,,,,,,
1119538,2018,2018-06-16,Sophia Gardens,2,11.1,Australia,England,SE Marsh,DJM Short,LE Plunkett,0,0,,,,,,,,,
1119538,2018,2018-06-16,Sophia Gardens,2,11.2,Australia,England,SE Marsh,DJM Short,LE Plunkett,0,0,,,,,,,,,
1119538,2018,2018-06-16,Sophia Gardens,2,11.3,Australia,England,SE Marsh,DJM Short,LE Plunkett,0,2,,,,2,,,,,
1119538,2018,2018-06-16,Sophia Gardens,2,11.4,Australia,England,SE Marsh,DJM Short,LE Plunkett,2,0,,,,,,,,,
1119538,2018,2018-06-16,Sophia Gardens,2,11.5,Australia,England,SE Marsh,DJM Short,LE Plunkett,0,0,,,,,,,,,
1119538,2018,2018-06-16,Sophia Gardens,2,11.6,Australia,England,SE Marsh,DJM Short,LE Plunkett,0,0,,,,,,,,,
1119538,2018,2018-06-16,Sophia Gardens,2,12.1,Australia,England,DJM Short,SE Marsh,MM Ali,0,0,,,,,,,,,
1119538,2018,2018-06-16,Sophia Gardens,2,12.2,Australia,England,DJM Short,SE Marsh,MM Ali,1,0,,,,,,,,,
1119538,2018,2018-06-16,Sophia Gardens,2,12.3,Australia,England,SE Marsh,DJM Short,MM Ali,0,0,,,,,,,,,
1119538,2018,2018-06-16,Sophia Gardens,2,12.4,Australia,England,SE Marsh,DJM Short,MM Ali,1,0,,,,,,,,,
1119538,2018,2018-06-16,Sophia Gardens,2,12.5,Australia,England,DJM Short,SE Marsh,MM Ali,1,0,,,,,,,,,
1119538,2018,2018-06-16,Sophia Gardens,2,12.6,Australia,England,SE Marsh,DJM Short,MM Ali,1,0,,,,,,,,,
1119538,2018,2018-06-16,Sophia Gardens,2,13.1,Australia,England,SE Marsh,DJM Short,JE Root,1,0,,,,,,,,,
1119538,2018,2018-06-16,Sophia Gardens,2,13.2,Australia,England,DJM Short,SE Marsh,JE Root,0,0,,,,,,,,,
1119538,2018,2018-06-16,Sophia Gardens,2,13.3,Australia,England,DJM Short,SE Marsh,JE Root,1,0,,,,,,,,,
1119538,2018,2018-06-16,Sophia Gardens,2,13.4,Australia,England,SE Marsh,DJM Short,JE Root,1,0,,,,,,,,,
1119538,2018,2018-06-16,Sophia Gardens,2,13.5,Australia,England,DJM Short,SE Marsh,JE Root,0,0,,,,,,,,,
1119538,2018,2018-06-16,Sophia Gardens,2,13.6,Australia,England,DJM Short,SE Marsh,JE Root,0,0,,,,,,,,,
1119538,2018,2018-06-16,Sophia Gardens,2,14.1,Australia,England,SE Marsh,DJM Short,MM Ali,2,0,,,,,,,,,
1119538,2018,2018-06-16,Sophia Gardens,2,14.2,Australia,England,SE Marsh,DJM Short,MM Ali,1,0,,,,,,,,,
1119538,2018,2018-06-16,Sophia Gardens,2,14.3,Australia,England,DJM Short,SE Marsh,MM Ali,0,0,,,,,,,,,
1119538,2018,2018-06-16,Sophia Gardens,2,14.4,Australia,England,DJM Short,SE Marsh,MM Ali,0,0,,,,,,,,,
1119538,2018,2018-06-16,Sophia Gardens,2,14.5,Australia,England,DJM Short,SE Marsh,MM Ali,0,0,,,,,,caught,DJM Short,,
1119538,2018,2018-06-16,Sophia Gardens,2,14.6,Australia,England,MP Stoinis,SE Marsh,MM Ali,1,0,,,,,,,,,
1119538,2018,2018-06-16,Sophia Gardens,2,15.1,Australia,England,MP Stoinis,SE Marsh,JE Root,1,0,,,,,,,,,
1119538,2018,2018-06-16,Sophia Gardens,2,15.2,Australia,England,SE Marsh,MP Stoinis,JE Root,1,0,,,,,,,,,
1119538,2018,2018-06-16,Sophia Gardens,2,15.3,Australia,England,MP Stoinis,SE Marsh,JE Root,0,0,,,,,,,,,
1119538,2018,2018-06-16,Sophia Gardens,2,15.4,Australia,England,MP Stoinis,SE Marsh,JE Root,1,0,,,,,,,,,
1119538,2018,2018-06-16,Sophia Gardens,2,15.5,Australia,England,SE Marsh,MP Stoinis,JE Root,0,0,,,,,,,,,
1119538,2018,2018-06-16,Sophia Gardens,2,15.6,Australia,England,SE Marsh,MP Stoinis,JE Root,0,0,,,,,,,,,
1119538,2018,2018-06-16,Sophia Gardens,2,16.1,Australia,England,MP Stoinis,SE Marsh,MM Ali,0,0,,,,,,,,,
1119538,2018,2018-06-16,Sophia Gardens,2,16.2,Australia,England,MP Stoinis,SE Marsh,MM Ali,0,0,,,,,,,,,
1119538,2018,2018-06-16,Sophia Gardens,2,16.3,Australia,England,MP Stoinis,SE Marsh,MM Ali,1,0,,,,,,,,,
1119538,2018,2018-06-16,Sophia Gardens,2,16.4,Australia,England,SE Marsh,MP Stoinis,MM Ali,1,0,,,,,,,,,
1119538,2018,2018-06-16,Sophia Gardens,2,16.5,Australia,England,MP Stoinis,SE Marsh,MM Ali,0,0,,,,,,,,,
1119538,2018,2018-06-16,Sophia Gardens,2,16.6,Australia,England,MP Stoinis,SE Marsh,MM Ali,1,0,,,,,,,,,
1119538,2018,2018-06-16,Sophia Gardens,2,17.1,Australia,England,MP Stoinis,SE Marsh,JE Root,0,0,,,,,,,,,
1119538,2018,2018-06-16,Sophia Gardens,2,17.2,Australia,England,MP Stoinis,SE Marsh,JE Root,0,0,,,,,,,,,
1119538,2018,2018-06-16,Sophia Gardens,2,17.3,Australia,England,MP Stoinis,SE Marsh,JE Root,1,0,,,,,,,,,
1119538,2018,2018-06-16,Sophia Gardens,2,17.4,Australia,England,SE Marsh,MP Stoinis,JE Root,6,0,,,,,,,,,
1119538,2018,2018-06-16,Sophia Gardens,2,17.5,Australia,England,SE Marsh,MP Stoinis,JE Root,0,0,,,,,,,,,
1119538,2018,2018-06-16,Sophia Gardens,2,17.6,Australia,England,SE Marsh,MP Stoinis,JE Root,1,0,,,,,,,,,
1119538,2018,2018-06-16,Sophia Gardens,2,18.1,Australia,England,SE Marsh,MP Stoinis,AU Rashid,1,0,,,,,,,,,
1119538,2018,2018-06-16,Sophia Gardens,2,18.2,Australia,England,MP Stoinis,SE Marsh,AU Rashid,0,0,,,,,,,,,
1119538,2018,2018-06-16,Sophia Gardens,2,18.3,Australia,England,MP Stoinis,SE Marsh,AU Rashid,2,0,,,,,,,,,
1119538,2018,2018-06-16,Sophia Gardens,2,18.4,Australia,England,MP Stoinis,SE Marsh,AU Rashid,0,1,1,,,,,,,,
1119538,2018,2018-06-16,Sophia Gardens,2,18.5,Australia,England,MP Stoinis,SE Marsh,AU Rashid,1,0,,,,,,,,,
1119538,2018,2018-06-16,Sophia Gardens,2,18.6,Australia,England,SE Marsh,MP Stoinis,AU Rashid,2,0,,,,,,,,,
1119538,2018,2018-06-16,Sophia Gardens,2,18.7,Australia,England,SE Marsh,MP Stoinis,AU Rashid,0,0,,,,,,,,,
1119538,2018,2018-06-16,Sophia Gardens,2,19.1,Australia,England,MP Stoinis,SE Marsh,LE Plunkett,0,0,,,,,,,,,
1119538,2018,2018-06-16,Sophia Gardens,2,19.2,Australia,England,MP Stoinis,SE Marsh,LE Plunkett,0,0,,,,,,,,,
1119538,2018,2018-06-16,Sophia Gardens,2,19.3,Australia,England,MP Stoinis,SE Marsh,LE Plunkett,0,0,,,,,,bowled,MP Stoinis,,
1119538,2018,2018-06-16,Sophia Gardens,2,19.4,Australia,England,AJ Finch,SE Marsh,LE Plunkett,0,4,,,,4,,,,,
1119538,2018,2018-06-16,Sophia Gardens,2,19.5,Australia,England,AJ Finch,SE Marsh,LE Plunkett,0,0,,,,,,,,,
1119538,2018,2018-06-16,Sophia Gardens,2,19.6,Australia,England,AJ Finch,SE Marsh,LE Plunkett,0,0,,,,,,,,,
1119538,2018,2018-06-16,Sophia Gardens,2,20.1,Australia,England,SE Marsh,AJ Finch,AU Rashid,2,0,,,,,,,,,
1119538,2018,2018-06-16,Sophia Gardens,2,20.2,Australia,England,SE Marsh,AJ Finch,AU Rashid,0,0,,,,,,,,,
1119538,2018,2018-06-16,Sophia Gardens,2,20.3,Australia,England,SE Marsh,AJ Finch,AU Rashid,4,0,,,,,,,,,
1119538,2018,2018-06-16,Sophia Gardens,2,20.4,Australia,England,SE Marsh,AJ Finch,AU Rashid,1,0,,,,,,,,,
1119538,2018,2018-06-16,Sophia Gardens,2,20.5,Australia,England,AJ Finch,SE Marsh,AU Rashid,0,0,,,,,,lbw,AJ Finch,,
1119538,2018,2018-06-16,Sophia Gardens,2,20.6,Australia,England,GJ Maxwell,SE Marsh,AU Rashid,1,0,,,,,,,,,
1119538,2018,2018-06-16,Sophia Gardens,2,21.1,Australia,England,GJ Maxwell,SE Marsh,LE Plunkett,0,0,,,,,,,,,
1119538,2018,2018-06-16,Sophia Gardens,2,21.2,Australia,England,GJ Maxwell,SE Marsh,LE Plunkett,0,0,,,,,,,,,
1119538,2018,2018-06-16,Sophia Gardens,2,21.3,Australia,England,GJ Maxwell,SE Marsh,LE Plunkett,0,0,,,,,,,,,
1119538,2018,2018-06-16,Sophia Gardens,2,21.4,Australia,England,GJ Maxwell,SE Marsh,LE Plunkett,0,0,,,,,,,,,
1119538,2018,2018-06-16,Sophia Gardens,2,21.5,Australia,England,GJ Maxwell,SE Marsh,LE Plunkett,0,0,,,,,,,,,
1119538,2018,2018-06-16,Sophia Gardens,2,21.6,Australia,England,GJ Maxwell,SE Marsh,LE Plunkett,2,0,,,,,,,,,
1119538,2018,2018-06-16,Sophia Gardens,2,22.1,Australia,England,SE Marsh,GJ Maxwell,AU Rashid,4,0,,,,,,,,,
1119538,2018,2018-06-16,Sophia Gardens,2,22.2,Australia,England,SE Marsh,GJ Maxwell,AU Rashid,3,0,,,,,,,,,
1119538,2018,2018-06-16,Sophia Gardens,2,22.3,Australia,England,GJ Maxwell,SE Marsh,AU Rashid,1,0,,,,,,,,,
1119538,2018,2018-06-16,Sophia Gardens,2,22.4,Australia,England,SE Marsh,GJ Maxwell,AU Rashid,0,0,,,,,,,,,
1119538,2018,2018-06-16,Sophia Gardens,2,22.5,Australia,England,SE Marsh,GJ Maxwell,AU Rashid,2,0,,,,,,,,,
1119538,2018,2018-06-16,Sophia Gardens,2,22.6,Australia,England,SE Marsh,GJ Maxwell,AU Rashid,0,0,,,,,,,,,
1119538,2018,2018-06-16,Sophia Gardens,2,23.1,Australia,England,GJ Maxwell,SE Marsh,LE Plunkett,0,0,,,,,,,,,
1119538,2018,2018-06-16,Sophia Gardens,2,23.2,Australia,England,GJ Maxwell,SE Marsh,LE Plunkett,0,0,,,,,,,,,
1119538,2018,2018-06-16,Sophia Gardens,2,23.3,Australia,England,GJ Maxwell,SE Marsh,LE Plunkett,0,0,,,,,,,,,
1119538,2018,2018-06-16,Sophia Gardens,2,23.4,Australia,England,GJ Maxwell,SE Marsh,LE Plunkett,4,0,,,,,,,,,
1119538,2018,2018-06-16,Sophia Gardens,2,23.5,Australia,England,GJ Maxwell,SE Marsh,LE Plunkett,1,0,,,,,,,,,
1119538,2018,2018-06-16,Sophia Gardens,2,23.6,Australia,England,SE Marsh,GJ Maxwell,LE Plunkett,4,0,,,,,,,,,
1119538,2018,2018-06-16,Sophia Gardens,2,24.1,Australia,England,GJ Maxwell,SE Marsh,AU Rashid,4,0,,,,,,,,,
1119538,2018,2018-06-16,Sophia Gardens,2,24.2,Australia,England,GJ Maxwell,SE Marsh,AU Rashid,2,0,,,,,,,,,
1119538,2018,2018-06-16,Sophia Gardens,2,24.3,Australia,England,GJ Maxwell,SE Marsh,AU Rashid,0,0,,,,,,,,,
1119538,2018,2018-06-16,Sophia Gardens,2,24.4,Australia,England,GJ Maxwell,SE Marsh,AU Rashid,2,0,,,,,,,,,
1119538,2018,2018-06-16,Sophia Gardens,2,24.5,Australia,England,GJ Maxwell,SE Marsh,AU Rashid,0,0,,,,,,,,,
1119538,2018,2018-06-16,Sophia Gardens,2,24.6,Australia,England,GJ Maxwell,SE Marsh,AU Rashid,4,0,,,,,,,,,
1119538,2018,2018-06-16,Sophia Gardens,2,25.1,Australia,England,SE Marsh,GJ Maxwell,LE Plunkett,0,0,,,,,,,,,
1119538,2018,2018-06-16,Sophia Gardens,2,25.2,Australia,England,SE Marsh,GJ Maxwell,LE Plunkett,1,0,,,,,,,,,
1119538,2018,2018-06-16,Sophia Gardens,2,25.3,Australia,England,GJ Maxwell,SE Marsh,LE Plunkett,4,0,,,,,,,,,
1119538,2018,2018-06-16,Sophia Gardens,2,25.4,Australia,England,GJ Maxwell,SE Marsh,LE Plunkett,1,0,,,,,,,,,
1119538,2018,2018-06-16,Sophia Gardens,2,25.5,Australia,England,SE Marsh,GJ Maxwell,LE Plunkett,0,0,,,,,,,,,
1119538,2018,2018-06-16,Sophia Gardens,2,25.6,Australia,England,SE Marsh,GJ Maxwell,LE Plunkett,1,0,,,,,,,,,
1119538,2018,2018-06-16,Sophia Gardens,2,26.1,Australia,England,SE Marsh,GJ Maxwell,MM Ali,2,0,,,,,,,,,
1119538,2018,2018-06-16,Sophia Gardens,2,26.2,Australia,England,SE Marsh,GJ Maxwell,MM Ali,0,0,,,,,,,,,
1119538,2018,2018-06-16,Sophia Gardens,2,26.3,Australia,England,SE Marsh,GJ Maxwell,MM Ali,1,0,,,,,,,,,
1119538,2018,2018-06-16,Sophia Gardens,2,26.4,Australia,England,GJ Maxwell,SE Marsh,MM Ali,0,0,,,,,,,,,
1119538,2018,2018-06-16,Sophia Gardens,2,26.5,Australia,England,GJ Maxwell,SE Marsh,MM Ali,1,0,,,,,,,,,
1119538,2018,2018-06-16,Sophia Gardens,2,26.6,Australia,England,SE Marsh,GJ Maxwell,MM Ali,0,0,,,,,,,,,
1119538,2018,2018-06-16,Sophia Gardens,2,27.1,Australia,England,GJ Maxwell,SE Marsh,MA Wood,1,0,,,,,,,,,
1119538,2018,2018-06-16,Sophia Gardens,2,27.2,Australia,England,SE Marsh,GJ Maxwell,MA Wood,1,0,,,,,,,,,
1119538,2018,2018-06-16,Sophia Gardens,2,27.3,Australia,England,GJ Maxwell,SE Marsh,MA Wood,0,0,,,,,,,,,
1119538,2018,2018-06-16,Sophia Gardens,2,27.4,Australia,England,GJ Maxwell,SE Marsh,MA Wood,1,0,,,,,,,,,
1119538,2018,2018-06-16,Sophia Gardens,2,27.5,Australia,England,SE Marsh,GJ Maxwell,MA Wood,1,0,,,,,,,,,
1119538,2018,2018-06-16,Sophia Gardens,2,27.6,Australia,England,GJ Maxwell,SE Marsh,MA Wood,1,0,,,,,,,,,
1119538,2018,2018-06-16,Sophia Gardens,2,28.1,Australia,England,GJ Maxwell,SE Marsh,MM Ali,1,0,,,,,,,,,
1119538,2018,2018-06-16,Sophia Gardens,2,28.2,Australia,England,SE Marsh,GJ Maxwell,MM Ali,0,0,,,,,,,,,
1119538,2018,2018-06-16,Sophia Gardens,2,28.3,Australia,England,SE Marsh,GJ Maxwell,MM Ali,0,0,,,,,,,,,
1119538,2018,2018-06-16,Sophia Gardens,2,28.4,Australia,England,SE Marsh,GJ Maxwell,MM Ali,0,0,,,,,,,,,
1119538,2018,2018-06-16,Sophia Gardens,2,28.5,Australia,England,SE Marsh,GJ Maxwell,MM Ali,0,0,,,,,,,,,
1119538,2018,2018-06-16,Sophia Gardens,2,28.6,Australia,England,SE Marsh,GJ Maxwell,MM Ali,0,0,,,,,,,,,
1119538,2018,2018-06-16,Sophia Gardens,2,29.1,Australia,England,GJ Maxwell,SE Marsh,MA Wood,0,0,,,,,,,,,
1119538,2018,2018-06-16,Sophia Gardens,2,29.2,Australia,England,GJ Maxwell,SE Marsh,MA Wood,0,1,,,,1,,,,,
1119538,2018,2018-06-16,Sophia Gardens,2,29.3,Australia,England,SE Marsh,GJ Maxwell,MA Wood,0,1,,,,1,,,,,
1119538,2018,2018-06-16,Sophia Gardens,2,29.4,Australia,England,GJ Maxwell,SE Marsh,MA Wood,0,0,,,,,,,,,
1119538,2018,2018-06-16,Sophia Gardens,2,29.5,Australia,England,GJ Maxwell,SE Marsh,MA Wood,0,1,,,,1,,,,,
1119538,2018,2018-06-16,Sophia Gardens,2,29.6,Australia,England,SE Marsh,GJ Maxwell,MA Wood,0,0,,,,,,,,,
1119538,2018,2018-06-16,Sophia Gardens,2,30.1,Australia,England,GJ Maxwell,SE Marsh,MM Ali,0,0,,,,,,,,,
1119538,2018,2018-06-16,Sophia Gardens,2,30.2,Australia,England,GJ Maxwell,SE Marsh,MM Ali,0,0,,,,,,caught,GJ Maxwell,,
1119538,2018,2018-06-16,Sophia Gardens,2,30.3,Australia,England,SE Marsh,AC Agar,MM Ali,4,0,,,,,,,,,
1119538,2018,2018-06-16,Sophia Gardens,2,30.4,Australia,England,SE Marsh,AC Agar,MM Ali,1,0,,,,,,,,,
1119538,2018,2018-06-16,Sophia Gardens,2,30.5,Australia,England,AC Agar,SE Marsh,MM Ali,1,0,,,,,,,,,
1119538,2018,2018-06-16,Sophia Gardens,2,30.6,Australia,England,SE Marsh,AC Agar,MM Ali,4,0,,,,,,,,,
1119538,2018,2018-06-16,Sophia Gardens,2,31.1,Australia,England,AC Agar,SE Marsh,MA Wood,0,0,,,,,,,,,
1119538,2018,2018-06-16,Sophia Gardens,2,31.2,Australia,England,AC Agar,SE Marsh,MA Wood,0,0,,,,,,,,,
1119538,2018,2018-06-16,Sophia Gardens,2,31.3,Australia,England,AC Agar,SE Marsh,MA Wood,0,0,,,,,,,,,
1119538,2018,2018-06-16,Sophia Gardens,2,31.4,Australia,England,AC Agar,SE Marsh,MA Wood,0,0,,,,,,,,,
1119538,2018,2018-06-16,Sophia Gardens,2,31.5,Australia,England,AC Agar,SE Marsh,MA Wood,0,0,,,,,,,,,
1119538,2018,2018-06-16,Sophia Gardens,2,31.6,Australia,England,AC Agar,SE Marsh,MA Wood,1,0,,,,,,,,,
1119538,2018,2018-06-16,Sophia Gardens,2,32.1,Australia,England,AC Agar,SE Marsh,MM Ali,1,0,,,,,,,,,
1119538,2018,2018-06-16,Sophia Gardens,2,32.2,Australia,England,SE Marsh,AC Agar,MM Ali,0,0,,,,,,,,,
1119538,2018,2018-06-16,Sophia Gardens,2,32.3,Australia,England,SE Marsh,AC Agar,MM Ali,1,0,,,,,,,,,
1119538,2018,2018-06-16,Sophia Gardens,2,32.4,Australia,England,AC Agar,SE Marsh,MM Ali,1,0,,,,,,,,,
1119538,2018,2018-06-16,Sophia Gardens,2,32.5,Australia,England,SE Marsh,AC Agar,MM Ali,1,0,,,,,,,,,
1119538,2018,2018-06-16,Sophia Gardens,2,32.6,Australia,England,AC Agar,SE Marsh,MM Ali,1,0,,,,,,,,,
1119538,2018,2018-06-16,Sophia Gardens,2,33.1,Australia,England,AC Agar,SE Marsh,DJ Willey,2,0,,,,,,,,,
1119538,2018,2018-06-16,Sophia Gardens,2,33.2,Australia,England,AC Agar,SE Marsh,DJ Willey,1,0,,,,,,,,,
1119538,2018,2018-06-16,Sophia Gardens,2,33.3,Australia,England,SE Marsh,AC Agar,DJ Willey,3,0,,,,,,,,,
1119538,2018,2018-06-16,Sophia Gardens,2,33.4,Australia,England,AC Agar,SE Marsh,DJ Willey,1,0,,,,,,,,,
1119538,2018,2018-06-16,Sophia Gardens,2,33.5,Australia,England,SE Marsh,AC Agar,DJ Willey,0,1,1,,,,,,,,
1119538,2018,2018-06-16,Sophia Gardens,2,33.6,Australia,England,SE Marsh,AC Agar,DJ Willey,0,0,,,,,,,,,
1119538,2018,2018-06-16,Sophia Gardens,2,33.7,Australia,England,SE Marsh,AC Agar,DJ Willey,1,0,,,,,,,,,
1119538,2018,2018-06-16,Sophia Gardens,2,34.1,Australia,England,SE Marsh,AC Agar,MM Ali,0,0,,,,,,,,,
1119538,2018,2018-06-16,Sophia Gardens,2,34.2,Australia,England,SE Marsh,AC Agar,MM Ali,1,0,,,,,,,,,
1119538,2018,2018-06-16,Sophia Gardens,2,34.3,Australia,England,AC Agar,SE Marsh,MM Ali,0,0,,,,,,,,,
1119538,2018,2018-06-16,Sophia Gardens,2,34.4,Australia,England,AC Agar,SE Marsh,MM Ali,4,0,,,,,,,,,
1119538,2018,2018-06-16,Sophia Gardens,2,34.5,Australia,England,AC Agar,SE Marsh,MM Ali,0,0,,,,,,,,,
1119538,2018,2018-06-16,Sophia Gardens,2,34.6,Australia,England,AC Agar,SE Marsh,MM Ali,1,0,,,,,,,,,
1119538,2018,2018-06-16,Sophia Gardens,2,35.1,Australia,England,AC Agar,SE Marsh,DJ Willey,4,0,,,,,,,,,
1119538,2018,2018-06-16,Sophia Gardens,2,35.2,Australia,England,AC Agar,SE Marsh,DJ Willey,1,0,,,,,,,,,
1119538,2018,2018-06-16,Sophia Gardens,2,35.3,Australia,England,SE Marsh,AC Agar,DJ Willey,1,0,,,,,,,,,
1119538,2018,2018-06-16,Sophia Gardens,2,35.4,Australia,England,AC Agar,SE Marsh,DJ Willey,0,0,,,,,,,,,
1119538,2018,2018-06-16,Sophia Gardens,2,35.5,Australia,England,AC Agar,SE Marsh,DJ Willey,0,0,,,,,,,,,
1119538,2018,2018-06-16,Sophia Gardens,2,35.6,Australia,England,AC Agar,SE Marsh,DJ Willey,1,0,,,,,,,,,
1119538,2018,2018-06-16,Sophia Gardens,2,36.1,Australia,England,AC Agar,SE Marsh,MM Ali,1,0,,,,,,,,,
1119538,2018,2018-06-16,Sophia Gardens,2,36.2,Australia,England,SE Marsh,AC Agar,MM Ali,4,0,,,,,,,,,
1119538,2018,2018-06-16,Sophia Gardens,2,36.3,Australia,England,SE Marsh,AC Agar,MM Ali,1,0,,,,,,,,,
1119538,2018,2018-06-16,Sophia Gardens,2,36.4,Australia,England,AC Agar,SE Marsh,MM Ali,0,0,,,,,,,,,
1119538,2018,2018-06-16,Sophia Gardens,2,36.5,Australia,England,AC Agar,SE Marsh,MM Ali,0,0,,,,,,,,,
1119538,2018,2018-06-16,Sophia Gardens,2,36.6,Australia,England,AC Agar,SE Marsh,MM Ali,1,0,,,,,,,,,
1119538,2018,2018-06-16,Sophia Gardens,2,37.1,Australia,England,AC Agar,SE Marsh,LE Plunkett,1,0,,,,,,,,,
1119538,2018,2018-06-16,Sophia Gardens,2,37.2,Australia,England,SE Marsh,AC Agar,LE Plunkett,4,0,,,,,,,,,
1119538,2018,2018-06-16,Sophia Gardens,2,37.3,Australia,England,SE Marsh,AC Agar,LE Plunkett,0,0,,,,,,,,,
1119538,2018,2018-06-16,Sophia Gardens,2,37.4,Australia,England,SE Marsh,AC Agar,LE Plunkett,4,0,,,,,,,,,
1119538,2018,2018-06-16,Sophia Gardens,2,37.5,Australia,England,SE Marsh,AC Agar,LE Plunkett,1,0,,,,,,,,,
1119538,2018,2018-06-16,Sophia Gardens,2,37.6,Australia,England,AC Agar,SE Marsh,LE Plunkett,0,0,,,,,,,,,
1119538,2018,2018-06-16,Sophia Gardens,2,38.1,Australia,England,SE Marsh,AC Agar,JE Root,0,0,,,,,,,,,
1119538,2018,2018-06-16,Sophia Gardens,2,38.2,Australia,England,SE Marsh,AC Agar,JE Root,2,0,,,,,,,,,
1119538,2018,2018-06-16,Sophia Gardens,2,38.3,Australia,England,SE Marsh,AC Agar,JE Root,0,0,,,,,,,,,
1119538,2018,2018-06-16,Sophia Gardens,2,38.4,Australia,England,SE Marsh,AC Agar,JE Root,0,1,,,,1,,,,,
1119538,2018,2018-06-16,Sophia Gardens,2,38.5,Australia,England,AC Agar,SE Marsh,JE Root,4,0,,,,,,,,,
1119538,2018,2018-06-16,Sophia Gardens,2,38.6,Australia,England,AC Agar,SE Marsh,JE Root,4,0,,,,,,,,,
1119538,2018,2018-06-16,Sophia Gardens,2,39.1,Australia,England,SE Marsh,AC Agar,LE Plunkett,1,0,,,,,,,,,
1119538,2018,2018-06-16,Sophia Gardens,2,39.2,Australia,England,AC Agar,SE Marsh,LE Plunkett,0,0,,,,,,,,,
1119538,2018,2018-06-16,Sophia Gardens,2,39.3,Australia,England,AC Agar,SE Marsh,LE Plunkett,0,1,1,,,,,,,,
1119538,2018,2018-06-16,Sophia Gardens,2,39.4,Australia,England,AC Agar,SE Marsh,LE Plunkett,0,0,,,,,,,,,
1119538,2018,2018-06-16,Sophia Gardens,2,39.5,Australia,England,AC Agar,SE Marsh,LE Plunkett,0,0,,,,,,,,,
1119538,2018,2018-06-16,Sophia Gardens,2,39.6,Australia,England,AC Agar,SE Marsh,LE Plunkett,4,0,,,,,,,,,
1119538,2018,2018-06-16,Sophia Gardens,2,39.7,Australia,England,AC Agar,SE Marsh,LE Plunkett,0,0,,,,,,,,,
1119538,2018,2018-06-16,Sophia Gardens,2,40.1,Australia,England,SE Marsh,AC Agar,AU Rashid,1,0,,,,,,,,,
1119538,2018,2018-06-16,Sophia Gardens,2,40.2,Australia,England,AC Agar,SE Marsh,AU Rashid,1,0,,,,,,,,,
1119538,2018,2018-06-16,Sophia Gardens,2,40.3,Australia,England,SE Marsh,AC Agar,AU Rashid,1,0,,,,,,,,,
1119538,2018,2018-06-16,Sophia Gardens,2,40.4,Australia,England,AC Agar,SE Marsh,AU Rashid,1,0,,,,,,,,,
1119538,2018,2018-06-16,Sophia Gardens,2,40.5,Australia,England,SE Marsh,AC Agar,AU Rashid,1,0,,,,,,,,,
1119538,2018,2018-06-16,Sophia Gardens,2,40.6,Australia,England,AC Agar,SE Marsh,AU Rashid,4,0,,,,,,,,,
1119538,2018,2018-06-16,Sophia Gardens,2,41.1,Australia,England,SE Marsh,AC Agar,MA Wood,6,0,,,,,,,,,
1119538,2018,2018-06-16,Sophia Gardens,2,41.2,Australia,England,SE Marsh,AC Agar,MA Wood,1,0,,,,,,,,,
1119538,2018,2018-06-16,Sophia Gardens,2,41.3,Australia,England,AC Agar,SE Marsh,MA Wood,0,0,,,,,,,,,
1119538,2018,2018-06-16,Sophia Gardens,2,41.4,Australia,England,AC Agar,SE Marsh,MA Wood,1,0,,,,,,,,,
1119538,2018,2018-06-16,Sophia Gardens,2,41.5,Australia,England,SE Marsh,AC Agar,MA Wood,0,1,1,,,,,,,,
1119538,2018,2018-06-16,Sophia Gardens,2,41.6,Australia,England,SE Marsh,AC Agar,MA Wood,0,1,,,,1,,,,,
1119538,2018,2018-06-16,Sophia Gardens,2,41.7,Australia,England,AC Agar,SE Marsh,MA Wood,4,0,,,,,,,,,
1119538,2018,2018-06-16,Sophia Gardens,2,42.1,Australia,England,SE Marsh,AC Agar,AU Rashid,1,0,,,,,,,,,
1119538,2018,2018-06-16,Sophia Gardens,2,42.2,Australia,England,AC Agar,SE Marsh,AU Rashid,0,0,,,,,,stumped,AC Agar,,
1119538,2018,2018-06-16,Sophia Gardens,2,42.3,Australia,England,TD Paine,SE Marsh,AU Rashid,1,0,,,,,,,,,
1119538,2018,2018-06-16,Sophia Gardens,2,42.4,Australia,England,SE Marsh,TD Paine,AU Rashid,2,0,,,,,,,,,
1119538,2018,2018-06-16,Sophia Gardens,2,42.5,Australia,England,SE Marsh,TD Paine,AU Rashid,1,0,,,,,,,,,
1119538,2018,2018-06-16,Sophia Gardens,2,42.6,Australia,England,TD Paine,SE Marsh,AU Rashid,1,0,,,,,,,,,
1119538,2018,2018-06-16,Sophia Gardens,2,43.1,Australia,England,TD Paine,SE Marsh,MA Wood,0,1,1,,,,,,,,
1119538,2018,2018-06-16,Sophia Gardens,2,43.2,Australia,England,TD Paine,SE Marsh,MA Wood,0,1,,,,1,,,,,
1119538,2018,2018-06-16,Sophia Gardens,2,43.3,Australia,England,SE Marsh,TD Paine,MA Wood,2,0,,,,,,,,,
1119538,2018,2018-06-16,Sophia Gardens,2,43.4,Australia,England,SE Marsh,TD Paine,MA Wood,1,0,,,,,,,,,
1119538,2018,2018-06-16,Sophia Gardens,2,43.5,Australia,England,TD Paine,SE Marsh,MA Wood,4,0,,,,,,,,,
1119538,2018,2018-06-16,Sophia Gardens,2,43.6,Australia,England,TD Paine,SE Marsh,MA Wood,1,0,,,,,,,,,
1119538,2018,2018-06-16,Sophia Gardens,2,43.7,Australia,England,SE Marsh,TD Paine,MA Wood,6,0,,,,,,,,,
1119538,2018,2018-06-16,Sophia Gardens,2,44.1,Australia,England,TD Paine,SE Marsh,AU Rashid,2,0,,,,,,,,,
1119538,2018,2018-06-16,Sophia Gardens,2,44.2,Australia,England,TD Paine,SE Marsh,AU Rashid,2,0,,,,,,,,,
1119538,2018,2018-06-16,Sophia Gardens,2,44.3,Australia,England,TD Paine,SE Marsh,AU Rashid,1,0,,,,,,,,,
1119538,2018,2018-06-16,Sophia Gardens,2,44.4,Australia,England,SE Marsh,TD Paine,AU Rashid,1,0,,,,,,,,,
1119538,2018,2018-06-16,Sophia Gardens,2,44.5,Australia,England,TD Paine,SE Marsh,AU Rashid,1,0,,,,,,,,,
1119538,2018,2018-06-16,Sophia Gardens,2,44.6,Australia,England,SE Marsh,TD Paine,AU Rashid,2,0,,,,,,,,,
1119538,2018,2018-06-16,Sophia Gardens,2,45.1,Australia,England,TD Paine,SE Marsh,LE Plunkett,2,0,,,,,,,,,
1119538,2018,2018-06-16,Sophia Gardens,2,45.2,Australia,England,TD Paine,SE Marsh,LE Plunkett,0,0,,,,,,caught,TD Paine,,
1119538,2018,2018-06-16,Sophia Gardens,2,45.3,Australia,England,AJ Tye,SE Marsh,LE Plunkett,1,0,,,,,,,,,
1119538,2018,2018-06-16,Sophia Gardens,2,45.4,Australia,England,SE Marsh,AJ Tye,LE Plunkett,0,0,,,,,,bowled,SE Marsh,,
1119538,2018,2018-06-16,Sophia Gardens,2,45.5,Australia,England,JA Richardson,AJ Tye,LE Plunkett,1,0,,,,,,,,,
1119538,2018,2018-06-16,Sophia Gardens,2,45.6,Australia,England,AJ Tye,JA Richardson,LE Plunkett,1,0,,,,,,,,,
1119538,2018,2018-06-16,Sophia Gardens,2,46.1,Australia,England,AJ Tye,JA Richardson,AU Rashid,2,0,,,,,,,,,
1119538,2018,2018-06-16,Sophia Gardens,2,46.2,Australia,England,AJ Tye,JA Richardson,AU Rashid,4,0,,,,,,,,,
1119538,2018,2018-06-16,Sophia Gardens,2,46.3,Australia,England,AJ Tye,JA Richardson,AU Rashid,2,0,,,,,,,,,
1119538,2018,2018-06-16,Sophia Gardens,2,46.4,Australia,England,AJ Tye,JA Richardson,AU Rashid,0,0,,,,,,caught,AJ Tye,,
1119538,2018,2018-06-16,Sophia Gardens,2,46.5,Australia,England,JA Richardson,KW Richardson,AU Rashid,1,0,,,,,,,,,
1119538,2018,2018-06-16,Sophia Gardens,2,46.6,Australia,England,KW Richardson,JA Richardson,AU Rashid,0,0,,,,,,,,,
1119538,2018,2018-06-16,Sophia Gardens,2,47.1,Australia,England,JA Richardson,KW Richardson,LE Plunkett,0,0,,,,,,caught,JA Richardson,,
