version,2.1.0
info,balls_per_over,6
info,team,Pakistan
info,team,Sri Lanka
info,gender,male
info,season,2017/18
info,date,2017/10/13
info,event,Pakistan tour of United Arab Emirates
info,match_number,1
info,venue,Dubai International Cricket Stadium
info,city,
info,toss_winner,Sri Lanka
info,toss_decision,field
info,player_of_match,Shoaib Malik
info,umpire,Ahsan Raza
info,umpire,S Ravi
info,reserve_umpire,Shozab Raza
info,tv_umpire,RA Kettleborough
info,match_referee,AJ Pycroft
info,winner,Pakistan
info,winner_runs,83
info,player,Pakistan,Fakhar Zaman
info,player,Pakistan,Ahmed Shehzad
info,player,Pakistan,Babar Azam
info,player,Pakistan,Mohammad Hafeez
info,player,Pakistan,Shoaib Malik
info,player,Pakistan,Sarfraz Ahmed
info,player,Pakistan,Imad Wasim
info,player,Pakistan,Hasan Ali
info,player,Pakistan,Rumman Raees
info,player,Pakistan,Shadab Khan
info,player,Pakistan,Junaid Khan
info,player,Sri Lanka,N Dickwella
info,player,Sri Lanka,WU Tharanga
info,player,Sri Lanka,LD Chandimal
info,player,Sri Lanka,HDRL Thirimanne
info,player,Sri Lanka,BKG Mendis
info,player,Sri Lanka,TAM Siriwardana
info,player,Sri Lanka,NLTC Perera
info,player,Sri Lanka,A Dananjaya
info,player,Sri Lanka,JDF Vandersay
info,player,Sri Lanka,RAS Lakmal
info,player,Sri Lanka,PLS Gamage
info,registry,people,A Dananjaya,5b16a806
info,registry,people,AJ Pycroft,685d3f80
info,registry,people,Ahmed Shehzad,f8fd6e3f
info,registry,people,Ahsan Raza,e0e5b209
info,registry,people,BKG Mendis,5d1e7582
info,registry,people,Babar Azam,8a75e999
info,registry,people,Faheem Ashraf,bd4ea627
info,registry,people,Fakhar Zaman,1777c020
info,registry,people,HDRL Thirimanne,c5928dec
info,registry,people,Hasan Ali,2911de16
info,registry,people,Imad Wasim,9cb8d7a6
info,registry,people,JDF Vandersay,aceb7654
info,registry,people,Junaid Khan,086f5984
info,registry,people,LD Chandimal,8dd02a98
info,registry,people,Mohammad Hafeez,9ab63e7b
info,registry,people,N Dickwella,45963d9e
info,registry,people,NLTC Perera,0f12f9df
info,registry,people,PLS Gamage,08bae9d5
info,registry,people,RA Kettleborough,4017868f
info,registry,people,RAS Lakmal,2f28dc94
info,registry,people,Rumman Raees,1c790f4f
info,registry,people,S Ravi,9b9ee0df
info,registry,people,Sarfraz Ahmed,2254ab79
info,registry,people,Shadab Khan,9de62878
info,registry,people,Shoaib Malik,64c34cd0
info,registry,people,Shozab Raza,153c67dc
info,registry,people,TAM Siriwardana,bf7842c9
info,registry,people,WU Tharanga,7ed9fd56
