match_id,season,start_date,venue,innings,ball,batting_team,bowling_team,striker,non_striker,bowler,runs_off_bat,extras,wides,noballs,byes,legbyes,penalty,wicket_type,player_dismissed,other_wicket_type,other_player_dismissed
1120290,2017/18,2017-10-23,Sharjah Cricket Stadium,1,0.1,Sri Lanka,Pakistan,WU Tharanga,S Samarawickrama,Usman Shinwari,0,0,,,,,,,,,
1120290,2017/18,2017-10-23,Sharjah Cricket Stadium,1,0.2,Sri Lanka,Pakistan,WU Tharanga,S Samarawickrama,Usman Shinwari,1,0,,,,,,,,,
1120290,2017/18,2017-10-23,Sharjah Cricket Stadium,1,0.3,Sri Lanka,Pakistan,S Samarawickrama,WU Tharanga,Usman Shinwari,0,0,,,,,,,,,
1120290,2017/18,2017-10-23,Sharjah Cricket Stadium,1,0.4,Sri Lanka,Pakistan,S Samarawickrama,WU Tharanga,Usman Shinwari,0,0,,,,,,,,,
1120290,2017/18,2017-10-23,Sharjah Cricket Stadium,1,0.5,Sri Lanka,Pakistan,S Samarawickrama,WU Tharanga,Usman Shinwari,0,0,,,,,,bowled,S Samarawickrama,,
1120290,2017/18,2017-10-23,Sharjah Cricket Stadium,1,0.6,Sri Lanka,Pakistan,LD Chandimal,WU Tharanga,Usman Shinwari,0,0,,,,,,caught,LD Chandimal,,
1120290,2017/18,2017-10-23,Sharjah Cricket Stadium,1,1.1,Sri Lanka,Pakistan,WU Tharanga,HDRL Thirimanne,Faheem Ashraf,0,0,,,,,,,,,
1120290,2017/18,2017-10-23,Sharjah Cricket Stadium,1,1.2,Sri Lanka,Pakistan,WU Tharanga,HDRL Thirimanne,Faheem Ashraf,0,0,,,,,,,,,
1120290,2017/18,2017-10-23,Sharjah Cricket Stadium,1,1.3,Sri Lanka,Pakistan,WU Tharanga,HDRL Thirimanne,Faheem Ashraf,0,0,,,,,,,,,
1120290,2017/18,2017-10-23,Sharjah Cricket Stadium,1,1.4,Sri Lanka,Pakistan,WU Tharanga,HDRL Thirimanne,Faheem Ashraf,1,0,,,,,,,,,
1120290,2017/18,2017-10-23,Sharjah Cricket Stadium,1,1.5,Sri Lanka,Pakistan,HDRL Thirimanne,WU Tharanga,Faheem Ashraf,0,0,,,,,,,,,
1120290,2017/18,2017-10-23,Sharjah Cricket Stadium,1,1.6,Sri Lanka,Pakistan,HDRL Thirimanne,WU Tharanga,Faheem Ashraf,0,0,,,,,,,,,
1120290,2017/18,2017-10-23,Sharjah Cricket Stadium,1,2.1,Sri Lanka,Pakistan,WU Tharanga,HDRL Thirimanne,Usman Shinwari,4,0,,,,,,,,,
1120290,2017/18,2017-10-23,Sharjah Cricket Stadium,1,2.2,Sri Lanka,Pakistan,WU Tharanga,HDRL Thirimanne,Usman Shinwari,2,0,,,,,,,,,
1120290,2017/18,2017-10-23,Sharjah Cricket Stadium,1,2.3,Sri Lanka,Pakistan,WU Tharanga,HDRL Thirimanne,Usman Shinwari,0,0,,,,,,bowled,WU Tharanga,,
1120290,2017/18,2017-10-23,Sharjah Cricket Stadium,1,2.4,Sri Lanka,Pakistan,N Dickwella,HDRL Thirimanne,Usman Shinwari,0,0,,,,,,,,,
1120290,2017/18,2017-10-23,Sharjah Cricket Stadium,1,2.5,Sri Lanka,Pakistan,N Dickwella,HDRL Thirimanne,Usman Shinwari,0,0,,,,,,lbw,N Dickwella,,
1120290,2017/18,2017-10-23,Sharjah Cricket Stadium,1,2.6,Sri Lanka,Pakistan,TAM Siriwardana,HDRL Thirimanne,Usman Shinwari,0,0,,,,,,,,,
1120290,2017/18,2017-10-23,Sharjah Cricket Stadium,1,3.1,Sri Lanka,Pakistan,HDRL Thirimanne,TAM Siriwardana,Faheem Ashraf,0,0,,,,,,,,,
1120290,2017/18,2017-10-23,Sharjah Cricket Stadium,1,3.2,Sri Lanka,Pakistan,HDRL Thirimanne,TAM Siriwardana,Faheem Ashraf,0,0,,,,,,,,,
1120290,2017/18,2017-10-23,Sharjah Cricket Stadium,1,3.3,Sri Lanka,Pakistan,HDRL Thirimanne,TAM Siriwardana,Faheem Ashraf,1,0,,,,,,,,,
1120290,2017/18,2017-10-23,Sharjah Cricket Stadium,1,3.4,Sri Lanka,Pakistan,TAM Siriwardana,HDRL Thirimanne,Faheem Ashraf,0,0,,,,,,,,,
1120290,2017/18,2017-10-23,Sharjah Cricket Stadium,1,3.5,Sri Lanka,Pakistan,TAM Siriwardana,HDRL Thirimanne,Faheem Ashraf,0,0,,,,,,,,,
1120290,2017/18,2017-10-23,Sharjah Cricket Stadium,1,3.6,Sri Lanka,Pakistan,TAM Siriwardana,HDRL Thirimanne,Faheem Ashraf,0,0,,,,,,,,,
1120290,2017/18,2017-10-23,Sharjah Cricket Stadium,1,4.1,Sri Lanka,Pakistan,HDRL Thirimanne,TAM Siriwardana,Usman Shinwari,0,0,,,,,,,,,
1120290,2017/18,2017-10-23,Sharjah Cricket Stadium,1,4.2,Sri Lanka,Pakistan,HDRL Thirimanne,TAM Siriwardana,Usman Shinwari,0,0,,,,,,,,,
1120290,2017/18,2017-10-23,Sharjah Cricket Stadium,1,4.3,Sri Lanka,Pakistan,HDRL Thirimanne,TAM Siriwardana,Usman Shinwari,0,0,,,,,,,,,
1120290,2017/18,2017-10-23,Sharjah Cricket Stadium,1,4.4,Sri Lanka,Pakistan,HDRL Thirimanne,TAM Siriwardana,Usman Shinwari,4,0,,,,,,,,,
1120290,2017/18,2017-10-23,Sharjah Cricket Stadium,1,4.5,Sri Lanka,Pakistan,HDRL Thirimanne,TAM Siriwardana,Usman Shinwari,0,1,,,,1,,,,,
1120290,2017/18,2017-10-23,Sharjah Cricket Stadium,1,4.6,Sri Lanka,Pakistan,TAM Siriwardana,HDRL Thirimanne,Usman Shinwari,1,0,,,,,,,,,
1120290,2017/18,2017-10-23,Sharjah Cricket Stadium,1,5.1,Sri Lanka,Pakistan,TAM Siriwardana,HDRL Thirimanne,Faheem Ashraf,0,0,,,,,,,,,
1120290,2017/18,2017-10-23,Sharjah Cricket Stadium,1,5.2,Sri Lanka,Pakistan,TAM Siriwardana,HDRL Thirimanne,Faheem Ashraf,0,0,,,,,,,,,
1120290,2017/18,2017-10-23,Sharjah Cricket Stadium,1,5.3,Sri Lanka,Pakistan,TAM Siriwardana,HDRL Thirimanne,Faheem Ashraf,4,0,,,,,,,,,
1120290,2017/18,2017-10-23,Sharjah Cricket Stadium,1,5.4,Sri Lanka,Pakistan,TAM Siriwardana,HDRL Thirimanne,Faheem Ashraf,0,0,,,,,,,,,
1120290,2017/18,2017-10-23,Sharjah Cricket Stadium,1,5.5,Sri Lanka,Pakistan,TAM Siriwardana,HDRL Thirimanne,Faheem Ashraf,1,0,,,,,,,,,
1120290,2017/18,2017-10-23,Sharjah Cricket Stadium,1,5.6,Sri Lanka,Pakistan,HDRL Thirimanne,TAM Siriwardana,Faheem Ashraf,0,0,,,,,,,,,
1120290,2017/18,2017-10-23,Sharjah Cricket Stadium,1,6.1,Sri Lanka,Pakistan,TAM Siriwardana,HDRL Thirimanne,Usman Shinwari,0,0,,,,,,,,,
1120290,2017/18,2017-10-23,Sharjah Cricket Stadium,1,6.2,Sri Lanka,Pakistan,TAM Siriwardana,HDRL Thirimanne,Usman Shinwari,0,0,,,,,,,,,
1120290,2017/18,2017-10-23,Sharjah Cricket Stadium,1,6.3,Sri Lanka,Pakistan,TAM Siriwardana,HDRL Thirimanne,Usman Shinwari,0,0,,,,,,caught,TAM Siriwardana,,
1120290,2017/18,2017-10-23,Sharjah Cricket Stadium,1,6.4,Sri Lanka,Pakistan,S Prasanna,HDRL Thirimanne,Usman Shinwari,1,0,,,,,,,,,
1120290,2017/18,2017-10-23,Sharjah Cricket Stadium,1,6.5,Sri Lanka,Pakistan,HDRL Thirimanne,S Prasanna,Usman Shinwari,0,5,5,,,,,,,,
1120290,2017/18,2017-10-23,Sharjah Cricket Stadium,1,6.6,Sri Lanka,Pakistan,HDRL Thirimanne,S Prasanna,Usman Shinwari,0,0,,,,,,,,,
1120290,2017/18,2017-10-23,Sharjah Cricket Stadium,1,6.7,Sri Lanka,Pakistan,HDRL Thirimanne,S Prasanna,Usman Shinwari,0,0,,,,,,,,,
1120290,2017/18,2017-10-23,Sharjah Cricket Stadium,1,7.1,Sri Lanka,Pakistan,S Prasanna,HDRL Thirimanne,Faheem Ashraf,1,0,,,,,,,,,
1120290,2017/18,2017-10-23,Sharjah Cricket Stadium,1,7.2,Sri Lanka,Pakistan,HDRL Thirimanne,S Prasanna,Faheem Ashraf,0,0,,,,,,,,,
1120290,2017/18,2017-10-23,Sharjah Cricket Stadium,1,7.3,Sri Lanka,Pakistan,HDRL Thirimanne,S Prasanna,Faheem Ashraf,2,0,,,,,,,,,
1120290,2017/18,2017-10-23,Sharjah Cricket Stadium,1,7.4,Sri Lanka,Pakistan,HDRL Thirimanne,S Prasanna,Faheem Ashraf,1,0,,,,,,,,,
1120290,2017/18,2017-10-23,Sharjah Cricket Stadium,1,7.5,Sri Lanka,Pakistan,S Prasanna,HDRL Thirimanne,Faheem Ashraf,0,0,,,,,,,,,
1120290,2017/18,2017-10-23,Sharjah Cricket Stadium,1,7.6,Sri Lanka,Pakistan,S Prasanna,HDRL Thirimanne,Faheem Ashraf,0,1,1,,,,,,,,
1120290,2017/18,2017-10-23,Sharjah Cricket Stadium,1,7.7,Sri Lanka,Pakistan,S Prasanna,HDRL Thirimanne,Faheem Ashraf,0,0,,,,,,,,,
1120290,2017/18,2017-10-23,Sharjah Cricket Stadium,1,8.1,Sri Lanka,Pakistan,HDRL Thirimanne,S Prasanna,Usman Shinwari,1,0,,,,,,,,,
1120290,2017/18,2017-10-23,Sharjah Cricket Stadium,1,8.2,Sri Lanka,Pakistan,S Prasanna,HDRL Thirimanne,Usman Shinwari,0,0,,,,,,,,,
1120290,2017/18,2017-10-23,Sharjah Cricket Stadium,1,8.3,Sri Lanka,Pakistan,S Prasanna,HDRL Thirimanne,Usman Shinwari,0,0,,,,,,,,,
1120290,2017/18,2017-10-23,Sharjah Cricket Stadium,1,8.4,Sri Lanka,Pakistan,S Prasanna,HDRL Thirimanne,Usman Shinwari,1,0,,,,,,,,,
1120290,2017/18,2017-10-23,Sharjah Cricket Stadium,1,8.5,Sri Lanka,Pakistan,HDRL Thirimanne,S Prasanna,Usman Shinwari,4,0,,,,,,,,,
1120290,2017/18,2017-10-23,Sharjah Cricket Stadium,1,8.6,Sri Lanka,Pakistan,HDRL Thirimanne,S Prasanna,Usman Shinwari,0,0,,,,,,,,,
1120290,2017/18,2017-10-23,Sharjah Cricket Stadium,1,9.1,Sri Lanka,Pakistan,S Prasanna,HDRL Thirimanne,Imad Wasim,0,0,,,,,,,,,
1120290,2017/18,2017-10-23,Sharjah Cricket Stadium,1,9.2,Sri Lanka,Pakistan,S Prasanna,HDRL Thirimanne,Imad Wasim,0,0,,,,,,,,,
1120290,2017/18,2017-10-23,Sharjah Cricket Stadium,1,9.3,Sri Lanka,Pakistan,S Prasanna,HDRL Thirimanne,Imad Wasim,0,0,,,,,,,,,
1120290,2017/18,2017-10-23,Sharjah Cricket Stadium,1,9.4,Sri Lanka,Pakistan,S Prasanna,HDRL Thirimanne,Imad Wasim,0,0,,,,,,,,,
1120290,2017/18,2017-10-23,Sharjah Cricket Stadium,1,9.5,Sri Lanka,Pakistan,S Prasanna,HDRL Thirimanne,Imad Wasim,0,1,1,,,,,,,,
1120290,2017/18,2017-10-23,Sharjah Cricket Stadium,1,9.6,Sri Lanka,Pakistan,S Prasanna,HDRL Thirimanne,Imad Wasim,0,0,,,,,,,,,
1120290,2017/18,2017-10-23,Sharjah Cricket Stadium,1,9.7,Sri Lanka,Pakistan,S Prasanna,HDRL Thirimanne,Imad Wasim,1,0,,,,,,,,,
1120290,2017/18,2017-10-23,Sharjah Cricket Stadium,1,10.1,Sri Lanka,Pakistan,S Prasanna,HDRL Thirimanne,Hasan Ali,1,0,,,,,,,,,
1120290,2017/18,2017-10-23,Sharjah Cricket Stadium,1,10.2,Sri Lanka,Pakistan,HDRL Thirimanne,S Prasanna,Hasan Ali,0,0,,,,,,,,,
1120290,2017/18,2017-10-23,Sharjah Cricket Stadium,1,10.3,Sri Lanka,Pakistan,HDRL Thirimanne,S Prasanna,Hasan Ali,0,0,,,,,,,,,
1120290,2017/18,2017-10-23,Sharjah Cricket Stadium,1,10.4,Sri Lanka,Pakistan,HDRL Thirimanne,S Prasanna,Hasan Ali,0,0,,,,,,,,,
1120290,2017/18,2017-10-23,Sharjah Cricket Stadium,1,10.5,Sri Lanka,Pakistan,HDRL Thirimanne,S Prasanna,Hasan Ali,0,0,,,,,,,,,
1120290,2017/18,2017-10-23,Sharjah Cricket Stadium,1,10.6,Sri Lanka,Pakistan,HDRL Thirimanne,S Prasanna,Hasan Ali,0,0,,,,,,,,,
1120290,2017/18,2017-10-23,Sharjah Cricket Stadium,1,11.1,Sri Lanka,Pakistan,S Prasanna,HDRL Thirimanne,Imad Wasim,0,1,1,,,,,,,,
1120290,2017/18,2017-10-23,Sharjah Cricket Stadium,1,11.2,Sri Lanka,Pakistan,S Prasanna,HDRL Thirimanne,Imad Wasim,0,0,,,,,,,,,
1120290,2017/18,2017-10-23,Sharjah Cricket Stadium,1,11.3,Sri Lanka,Pakistan,S Prasanna,HDRL Thirimanne,Imad Wasim,0,0,,,,,,,,,
1120290,2017/18,2017-10-23,Sharjah Cricket Stadium,1,11.4,Sri Lanka,Pakistan,S Prasanna,HDRL Thirimanne,Imad Wasim,0,0,,,,,,,,,
1120290,2017/18,2017-10-23,Sharjah Cricket Stadium,1,11.5,Sri Lanka,Pakistan,S Prasanna,HDRL Thirimanne,Imad Wasim,0,0,,,,,,,,,
1120290,2017/18,2017-10-23,Sharjah Cricket Stadium,1,11.6,Sri Lanka,Pakistan,S Prasanna,HDRL Thirimanne,Imad Wasim,1,0,,,,,,,,,
1120290,2017/18,2017-10-23,Sharjah Cricket Stadium,1,11.7,Sri Lanka,Pakistan,HDRL Thirimanne,S Prasanna,Imad Wasim,1,0,,,,,,,,,
1120290,2017/18,2017-10-23,Sharjah Cricket Stadium,1,12.1,Sri Lanka,Pakistan,HDRL Thirimanne,S Prasanna,Hasan Ali,0,0,,,,,,,,,
1120290,2017/18,2017-10-23,Sharjah Cricket Stadium,1,12.2,Sri Lanka,Pakistan,HDRL Thirimanne,S Prasanna,Hasan Ali,1,0,,,,,,,,,
1120290,2017/18,2017-10-23,Sharjah Cricket Stadium,1,12.3,Sri Lanka,Pakistan,S Prasanna,HDRL Thirimanne,Hasan Ali,1,0,,,,,,,,,
1120290,2017/18,2017-10-23,Sharjah Cricket Stadium,1,12.4,Sri Lanka,Pakistan,HDRL Thirimanne,S Prasanna,Hasan Ali,0,0,,,,,,,,,
1120290,2017/18,2017-10-23,Sharjah Cricket Stadium,1,12.5,Sri Lanka,Pakistan,HDRL Thirimanne,S Prasanna,Hasan Ali,4,0,,,,,,,,,
1120290,2017/18,2017-10-23,Sharjah Cricket Stadium,1,12.6,Sri Lanka,Pakistan,HDRL Thirimanne,S Prasanna,Hasan Ali,0,0,,,,,,,,,
1120290,2017/18,2017-10-23,Sharjah Cricket Stadium,1,13.1,Sri Lanka,Pakistan,S Prasanna,HDRL Thirimanne,Imad Wasim,0,0,,,,,,,,,
1120290,2017/18,2017-10-23,Sharjah Cricket Stadium,1,13.2,Sri Lanka,Pakistan,S Prasanna,HDRL Thirimanne,Imad Wasim,0,0,,,,,,,,,
1120290,2017/18,2017-10-23,Sharjah Cricket Stadium,1,13.3,Sri Lanka,Pakistan,S Prasanna,HDRL Thirimanne,Imad Wasim,0,0,,,,,,,,,
1120290,2017/18,2017-10-23,Sharjah Cricket Stadium,1,13.4,Sri Lanka,Pakistan,S Prasanna,HDRL Thirimanne,Imad Wasim,0,0,,,,,,,,,
1120290,2017/18,2017-10-23,Sharjah Cricket Stadium,1,13.5,Sri Lanka,Pakistan,S Prasanna,HDRL Thirimanne,Imad Wasim,0,0,,,,,,,,,
1120290,2017/18,2017-10-23,Sharjah Cricket Stadium,1,13.6,Sri Lanka,Pakistan,S Prasanna,HDRL Thirimanne,Imad Wasim,0,0,,,,,,,,,
1120290,2017/18,2017-10-23,Sharjah Cricket Stadium,1,14.1,Sri Lanka,Pakistan,HDRL Thirimanne,S Prasanna,Hasan Ali,0,0,,,,,,caught,HDRL Thirimanne,,
1120290,2017/18,2017-10-23,Sharjah Cricket Stadium,1,14.2,Sri Lanka,Pakistan,NLTC Perera,S Prasanna,Hasan Ali,1,0,,,,,,,,,
1120290,2017/18,2017-10-23,Sharjah Cricket Stadium,1,14.3,Sri Lanka,Pakistan,S Prasanna,NLTC Perera,Hasan Ali,1,0,,,,,,,,,
1120290,2017/18,2017-10-23,Sharjah Cricket Stadium,1,14.4,Sri Lanka,Pakistan,NLTC Perera,S Prasanna,Hasan Ali,0,0,,,,,,,,,
1120290,2017/18,2017-10-23,Sharjah Cricket Stadium,1,14.5,Sri Lanka,Pakistan,NLTC Perera,S Prasanna,Hasan Ali,0,0,,,,,,,,,
1120290,2017/18,2017-10-23,Sharjah Cricket Stadium,1,14.6,Sri Lanka,Pakistan,NLTC Perera,S Prasanna,Hasan Ali,0,0,,,,,,,,,
1120290,2017/18,2017-10-23,Sharjah Cricket Stadium,1,15.1,Sri Lanka,Pakistan,S Prasanna,NLTC Perera,Imad Wasim,0,0,,,,,,,,,
1120290,2017/18,2017-10-23,Sharjah Cricket Stadium,1,15.2,Sri Lanka,Pakistan,S Prasanna,NLTC Perera,Imad Wasim,0,0,,,,,,,,,
1120290,2017/18,2017-10-23,Sharjah Cricket Stadium,1,15.3,Sri Lanka,Pakistan,S Prasanna,NLTC Perera,Imad Wasim,0,0,,,,,,,,,
1120290,2017/18,2017-10-23,Sharjah Cricket Stadium,1,15.4,Sri Lanka,Pakistan,S Prasanna,NLTC Perera,Imad Wasim,6,0,,,,,,,,,
1120290,2017/18,2017-10-23,Sharjah Cricket Stadium,1,15.5,Sri Lanka,Pakistan,S Prasanna,NLTC Perera,Imad Wasim,0,0,,,,,,,,,
1120290,2017/18,2017-10-23,Sharjah Cricket Stadium,1,15.6,Sri Lanka,Pakistan,S Prasanna,NLTC Perera,Imad Wasim,1,0,,,,,,,,,
1120290,2017/18,2017-10-23,Sharjah Cricket Stadium,1,16.1,Sri Lanka,Pakistan,S Prasanna,NLTC Perera,Hasan Ali,1,0,,,,,,,,,
1120290,2017/18,2017-10-23,Sharjah Cricket Stadium,1,16.2,Sri Lanka,Pakistan,NLTC Perera,S Prasanna,Hasan Ali,0,0,,,,,,,,,
1120290,2017/18,2017-10-23,Sharjah Cricket Stadium,1,16.3,Sri Lanka,Pakistan,NLTC Perera,S Prasanna,Hasan Ali,4,0,,,,,,,,,
1120290,2017/18,2017-10-23,Sharjah Cricket Stadium,1,16.4,Sri Lanka,Pakistan,NLTC Perera,S Prasanna,Hasan Ali,0,0,,,,,,,,,
1120290,2017/18,2017-10-23,Sharjah Cricket Stadium,1,16.5,Sri Lanka,Pakistan,NLTC Perera,S Prasanna,Hasan Ali,0,0,,,,,,run out,S Prasanna,,
1120290,2017/18,2017-10-23,Sharjah Cricket Stadium,1,16.6,Sri Lanka,Pakistan,JDF Vandersay,NLTC Perera,Hasan Ali,0,0,,,,,,,,,
1120290,2017/18,2017-10-23,Sharjah Cricket Stadium,1,17.1,Sri Lanka,Pakistan,NLTC Perera,JDF Vandersay,Shadab Khan,1,0,,,,,,,,,
1120290,2017/18,2017-10-23,Sharjah Cricket Stadium,1,17.2,Sri Lanka,Pakistan,JDF Vandersay,NLTC Perera,Shadab Khan,1,0,,,,,,,,,
1120290,2017/18,2017-10-23,Sharjah Cricket Stadium,1,17.3,Sri Lanka,Pakistan,NLTC Perera,JDF Vandersay,Shadab Khan,0,0,,,,,,,,,
1120290,2017/18,2017-10-23,Sharjah Cricket Stadium,1,17.4,Sri Lanka,Pakistan,NLTC Perera,JDF Vandersay,Shadab Khan,1,0,,,,,,,,,
1120290,2017/18,2017-10-23,Sharjah Cricket Stadium,1,17.5,Sri Lanka,Pakistan,JDF Vandersay,NLTC Perera,Shadab Khan,0,0,,,,,,,,,
1120290,2017/18,2017-10-23,Sharjah Cricket Stadium,1,17.6,Sri Lanka,Pakistan,JDF Vandersay,NLTC Perera,Shadab Khan,0,0,,,,,,,,,
1120290,2017/18,2017-10-23,Sharjah Cricket Stadium,1,18.1,Sri Lanka,Pakistan,NLTC Perera,JDF Vandersay,Hasan Ali,0,0,,,,,,,,,
1120290,2017/18,2017-10-23,Sharjah Cricket Stadium,1,18.2,Sri Lanka,Pakistan,NLTC Perera,JDF Vandersay,Hasan Ali,0,0,,,,,,,,,
1120290,2017/18,2017-10-23,Sharjah Cricket Stadium,1,18.3,Sri Lanka,Pakistan,NLTC Perera,JDF Vandersay,Hasan Ali,0,0,,,,,,,,,
1120290,2017/18,2017-10-23,Sharjah Cricket Stadium,1,18.4,Sri Lanka,Pakistan,NLTC Perera,JDF Vandersay,Hasan Ali,0,0,,,,,,,,,
1120290,2017/18,2017-10-23,Sharjah Cricket Stadium,1,18.5,Sri Lanka,Pakistan,NLTC Perera,JDF Vandersay,Hasan Ali,4,0,,,,,,,,,
1120290,2017/18,2017-10-23,Sharjah Cricket Stadium,1,18.6,Sri Lanka,Pakistan,NLTC Perera,JDF Vandersay,Hasan Ali,1,0,,,,,,,,,
1120290,2017/18,2017-10-23,Sharjah Cricket Stadium,1,19.1,Sri Lanka,Pakistan,NLTC Perera,JDF Vandersay,Shadab Khan,0,0,,,,,,,,,
1120290,2017/18,2017-10-23,Sharjah Cricket Stadium,1,19.2,Sri Lanka,Pakistan,NLTC Perera,JDF Vandersay,Shadab Khan,1,0,,,,,,,,,
1120290,2017/18,2017-10-23,Sharjah Cricket Stadium,1,19.3,Sri Lanka,Pakistan,JDF Vandersay,NLTC Perera,Shadab Khan,1,0,,,,,,,,,
1120290,2017/18,2017-10-23,Sharjah Cricket Stadium,1,19.4,Sri Lanka,Pakistan,NLTC Perera,JDF Vandersay,Shadab Khan,6,0,,,,,,,,,
1120290,2017/18,2017-10-23,Sharjah Cricket Stadium,1,19.5,Sri Lanka,Pakistan,NLTC Perera,JDF Vandersay,Shadab Khan,4,0,,,,,,,,,
1120290,2017/18,2017-10-23,Sharjah Cricket Stadium,1,19.6,Sri Lanka,Pakistan,NLTC Perera,JDF Vandersay,Shadab Khan,1,0,,,,,,,,,
1120290,2017/18,2017-10-23,Sharjah Cricket Stadium,1,20.1,Sri Lanka,Pakistan,NLTC Perera,JDF Vandersay,Mohammad Hafeez,0,0,,,,,,,,,
1120290,2017/18,2017-10-23,Sharjah Cricket Stadium,1,20.2,Sri Lanka,Pakistan,NLTC Perera,JDF Vandersay,Mohammad Hafeez,0,0,,,,,,,,,
1120290,2017/18,2017-10-23,Sharjah Cricket Stadium,1,20.3,Sri Lanka,Pakistan,NLTC Perera,JDF Vandersay,Mohammad Hafeez,0,0,,,,,,,,,
1120290,2017/18,2017-10-23,Sharjah Cricket Stadium,1,20.4,Sri Lanka,Pakistan,NLTC Perera,JDF Vandersay,Mohammad Hafeez,1,0,,,,,,,,,
1120290,2017/18,2017-10-23,Sharjah Cricket Stadium,1,20.5,Sri Lanka,Pakistan,JDF Vandersay,NLTC Perera,Mohammad Hafeez,0,0,,,,,,,,,
1120290,2017/18,2017-10-23,Sharjah Cricket Stadium,1,20.6,Sri Lanka,Pakistan,JDF Vandersay,NLTC Perera,Mohammad Hafeez,0,0,,,,,,,,,
1120290,2017/18,2017-10-23,Sharjah Cricket Stadium,1,21.1,Sri Lanka,Pakistan,NLTC Perera,JDF Vandersay,Shadab Khan,0,0,,,,,,,,,
1120290,2017/18,2017-10-23,Sharjah Cricket Stadium,1,21.2,Sri Lanka,Pakistan,NLTC Perera,JDF Vandersay,Shadab Khan,0,0,,,,,,,,,
1120290,2017/18,2017-10-23,Sharjah Cricket Stadium,1,21.3,Sri Lanka,Pakistan,NLTC Perera,JDF Vandersay,Shadab Khan,0,0,,,,,,caught,NLTC Perera,,
1120290,2017/18,2017-10-23,Sharjah Cricket Stadium,1,21.4,Sri Lanka,Pakistan,JDF Vandersay,PVD Chameera,Shadab Khan,0,0,,,,,,,,,
1120290,2017/18,2017-10-23,Sharjah Cricket Stadium,1,21.5,Sri Lanka,Pakistan,JDF Vandersay,PVD Chameera,Shadab Khan,0,0,,,,,,,,,
1120290,2017/18,2017-10-23,Sharjah Cricket Stadium,1,21.6,Sri Lanka,Pakistan,JDF Vandersay,PVD Chameera,Shadab Khan,0,0,,,,,,lbw,JDF Vandersay,,
1120290,2017/18,2017-10-23,Sharjah Cricket Stadium,1,22.1,Sri Lanka,Pakistan,PVD Chameera,MVT Fernando,Usman Shinwari,0,0,,,,,,,,,
1120290,2017/18,2017-10-23,Sharjah Cricket Stadium,1,22.2,Sri Lanka,Pakistan,PVD Chameera,MVT Fernando,Usman Shinwari,0,0,,,,,,,,,
1120290,2017/18,2017-10-23,Sharjah Cricket Stadium,1,22.3,Sri Lanka,Pakistan,PVD Chameera,MVT Fernando,Usman Shinwari,0,0,,,,,,,,,
1120290,2017/18,2017-10-23,Sharjah Cricket Stadium,1,22.4,Sri Lanka,Pakistan,PVD Chameera,MVT Fernando,Usman Shinwari,0,0,,,,,,,,,
1120290,2017/18,2017-10-23,Sharjah Cricket Stadium,1,22.5,Sri Lanka,Pakistan,PVD Chameera,MVT Fernando,Usman Shinwari,4,0,,,,,,,,,
1120290,2017/18,2017-10-23,Sharjah Cricket Stadium,1,22.6,Sri Lanka,Pakistan,PVD Chameera,MVT Fernando,Usman Shinwari,0,0,,,,,,,,,
1120290,2017/18,2017-10-23,Sharjah Cricket Stadium,1,23.1,Sri Lanka,Pakistan,MVT Fernando,PVD Chameera,Shadab Khan,1,0,,,,,,,,,
1120290,2017/18,2017-10-23,Sharjah Cricket Stadium,1,23.2,Sri Lanka,Pakistan,PVD Chameera,MVT Fernando,Shadab Khan,1,0,,,,,,,,,
1120290,2017/18,2017-10-23,Sharjah Cricket Stadium,1,23.3,Sri Lanka,Pakistan,MVT Fernando,PVD Chameera,Shadab Khan,0,0,,,,,,,,,
1120290,2017/18,2017-10-23,Sharjah Cricket Stadium,1,23.4,Sri Lanka,Pakistan,MVT Fernando,PVD Chameera,Shadab Khan,0,0,,,,,,,,,
1120290,2017/18,2017-10-23,Sharjah Cricket Stadium,1,23.5,Sri Lanka,Pakistan,MVT Fernando,PVD Chameera,Shadab Khan,1,0,,,,,,,,,
1120290,2017/18,2017-10-23,Sharjah Cricket Stadium,1,23.6,Sri Lanka,Pakistan,PVD Chameera,MVT Fernando,Shadab Khan,1,0,,,,,,,,,
1120290,2017/18,2017-10-23,Sharjah Cricket Stadium,1,24.1,Sri Lanka,Pakistan,PVD Chameera,MVT Fernando,Usman Shinwari,1,0,,,,,,,,,
1120290,2017/18,2017-10-23,Sharjah Cricket Stadium,1,24.2,Sri Lanka,Pakistan,MVT Fernando,PVD Chameera,Usman Shinwari,1,0,,,,,,,,,
1120290,2017/18,2017-10-23,Sharjah Cricket Stadium,1,24.3,Sri Lanka,Pakistan,PVD Chameera,MVT Fernando,Usman Shinwari,0,0,,,,,,,,,
1120290,2017/18,2017-10-23,Sharjah Cricket Stadium,1,24.4,Sri Lanka,Pakistan,PVD Chameera,MVT Fernando,Usman Shinwari,2,0,,,,,,,,,
1120290,2017/18,2017-10-23,Sharjah Cricket Stadium,1,24.5,Sri Lanka,Pakistan,PVD Chameera,MVT Fernando,Usman Shinwari,0,0,,,,,,,,,
1120290,2017/18,2017-10-23,Sharjah Cricket Stadium,1,24.6,Sri Lanka,Pakistan,PVD Chameera,MVT Fernando,Usman Shinwari,2,0,,,,,,,,,
1120290,2017/18,2017-10-23,Sharjah Cricket Stadium,1,25.1,Sri Lanka,Pakistan,MVT Fernando,PVD Chameera,Shadab Khan,0,0,,,,,,,,,
1120290,2017/18,2017-10-23,Sharjah Cricket Stadium,1,25.2,Sri Lanka,Pakistan,MVT Fernando,PVD Chameera,Shadab Khan,0,0,,,,,,,,,
1120290,2017/18,2017-10-23,Sharjah Cricket Stadium,1,25.3,Sri Lanka,Pakistan,MVT Fernando,PVD Chameera,Shadab Khan,0,0,,,,,,,,,
1120290,2017/18,2017-10-23,Sharjah Cricket Stadium,1,25.4,Sri Lanka,Pakistan,MVT Fernando,PVD Chameera,Shadab Khan,4,0,,,,,,,,,
1120290,2017/18,2017-10-23,Sharjah Cricket Stadium,1,25.5,Sri Lanka,Pakistan,MVT Fernando,PVD Chameera,Shadab Khan,0,0,,,,,,,,,
1120290,2017/18,2017-10-23,Sharjah Cricket Stadium,1,25.6,Sri Lanka,Pakistan,MVT Fernando,PVD Chameera,Shadab Khan,0,0,,,,,,,,,
1120290,2017/18,2017-10-23,Sharjah Cricket Stadium,1,26.1,Sri Lanka,Pakistan,PVD Chameera,MVT Fernando,Hasan Ali,0,0,,,,,,,,,
1120290,2017/18,2017-10-23,Sharjah Cricket Stadium,1,26.2,Sri Lanka,Pakistan,PVD Chameera,MVT Fernando,Hasan Ali,0,0,,,,,,bowled,PVD Chameera,,
1120290,2017/18,2017-10-23,Sharjah Cricket Stadium,2,0.1,Pakistan,Sri Lanka,Imam-ul-Haq,Fakhar Zaman,PVD Chameera,0,0,,,,,,,,,
1120290,2017/18,2017-10-23,Sharjah Cricket Stadium,2,0.2,Pakistan,Sri Lanka,Imam-ul-Haq,Fakhar Zaman,PVD Chameera,1,0,,,,,,,,,
1120290,2017/18,2017-10-23,Sharjah Cricket Stadium,2,0.3,Pakistan,Sri Lanka,Fakhar Zaman,Imam-ul-Haq,PVD Chameera,2,0,,,,,,,,,
1120290,2017/18,2017-10-23,Sharjah Cricket Stadium,2,0.4,Pakistan,Sri Lanka,Fakhar Zaman,Imam-ul-Haq,PVD Chameera,4,0,,,,,,,,,
1120290,2017/18,2017-10-23,Sharjah Cricket Stadium,2,0.5,Pakistan,Sri Lanka,Fakhar Zaman,Imam-ul-Haq,PVD Chameera,0,0,,,,,,,,,
1120290,2017/18,2017-10-23,Sharjah Cricket Stadium,2,0.6,Pakistan,Sri Lanka,Fakhar Zaman,Imam-ul-Haq,PVD Chameera,0,0,,,,,,,,,
1120290,2017/18,2017-10-23,Sharjah Cricket Stadium,2,1.1,Pakistan,Sri Lanka,Imam-ul-Haq,Fakhar Zaman,MVT Fernando,0,0,,,,,,,,,
1120290,2017/18,2017-10-23,Sharjah Cricket Stadium,2,1.2,Pakistan,Sri Lanka,Imam-ul-Haq,Fakhar Zaman,MVT Fernando,0,0,,,,,,,,,
1120290,2017/18,2017-10-23,Sharjah Cricket Stadium,2,1.3,Pakistan,Sri Lanka,Imam-ul-Haq,Fakhar Zaman,MVT Fernando,0,0,,,,,,,,,
1120290,2017/18,2017-10-23,Sharjah Cricket Stadium,2,1.4,Pakistan,Sri Lanka,Imam-ul-Haq,Fakhar Zaman,MVT Fernando,0,0,,,,,,,,,
1120290,2017/18,2017-10-23,Sharjah Cricket Stadium,2,1.5,Pakistan,Sri Lanka,Imam-ul-Haq,Fakhar Zaman,MVT Fernando,0,0,,,,,,,,,
1120290,2017/18,2017-10-23,Sharjah Cricket Stadium,2,1.6,Pakistan,Sri Lanka,Imam-ul-Haq,Fakhar Zaman,MVT Fernando,0,0,,,,,,,,,
1120290,2017/18,2017-10-23,Sharjah Cricket Stadium,2,2.1,Pakistan,Sri Lanka,Fakhar Zaman,Imam-ul-Haq,PVD Chameera,0,0,,,,,,,,,
1120290,2017/18,2017-10-23,Sharjah Cricket Stadium,2,2.2,Pakistan,Sri Lanka,Fakhar Zaman,Imam-ul-Haq,PVD Chameera,0,1,,,,1,,,,,
1120290,2017/18,2017-10-23,Sharjah Cricket Stadium,2,2.3,Pakistan,Sri Lanka,Imam-ul-Haq,Fakhar Zaman,PVD Chameera,0,0,,,,,,,,,
1120290,2017/18,2017-10-23,Sharjah Cricket Stadium,2,2.4,Pakistan,Sri Lanka,Imam-ul-Haq,Fakhar Zaman,PVD Chameera,0,0,,,,,,,,,
1120290,2017/18,2017-10-23,Sharjah Cricket Stadium,2,2.5,Pakistan,Sri Lanka,Imam-ul-Haq,Fakhar Zaman,PVD Chameera,0,0,,,,,,,,,
1120290,2017/18,2017-10-23,Sharjah Cricket Stadium,2,2.6,Pakistan,Sri Lanka,Imam-ul-Haq,Fakhar Zaman,PVD Chameera,1,0,,,,,,,,,
1120290,2017/18,2017-10-23,Sharjah Cricket Stadium,2,3.1,Pakistan,Sri Lanka,Imam-ul-Haq,Fakhar Zaman,MVT Fernando,0,0,,,,,,,,,
1120290,2017/18,2017-10-23,Sharjah Cricket Stadium,2,3.2,Pakistan,Sri Lanka,Imam-ul-Haq,Fakhar Zaman,MVT Fernando,0,0,,,,,,,,,
1120290,2017/18,2017-10-23,Sharjah Cricket Stadium,2,3.3,Pakistan,Sri Lanka,Imam-ul-Haq,Fakhar Zaman,MVT Fernando,4,0,,,,,,,,,
1120290,2017/18,2017-10-23,Sharjah Cricket Stadium,2,3.4,Pakistan,Sri Lanka,Imam-ul-Haq,Fakhar Zaman,MVT Fernando,2,0,,,,,,,,,
1120290,2017/18,2017-10-23,Sharjah Cricket Stadium,2,3.5,Pakistan,Sri Lanka,Imam-ul-Haq,Fakhar Zaman,MVT Fernando,0,0,,,,,,,,,
1120290,2017/18,2017-10-23,Sharjah Cricket Stadium,2,3.6,Pakistan,Sri Lanka,Imam-ul-Haq,Fakhar Zaman,MVT Fernando,0,0,,,,,,,,,
1120290,2017/18,2017-10-23,Sharjah Cricket Stadium,2,4.1,Pakistan,Sri Lanka,Fakhar Zaman,Imam-ul-Haq,PVD Chameera,0,0,,,,,,,,,
1120290,2017/18,2017-10-23,Sharjah Cricket Stadium,2,4.2,Pakistan,Sri Lanka,Fakhar Zaman,Imam-ul-Haq,PVD Chameera,0,0,,,,,,,,,
1120290,2017/18,2017-10-23,Sharjah Cricket Stadium,2,4.3,Pakistan,Sri Lanka,Fakhar Zaman,Imam-ul-Haq,PVD Chameera,0,1,,,,1,,,,,
1120290,2017/18,2017-10-23,Sharjah Cricket Stadium,2,4.4,Pakistan,Sri Lanka,Imam-ul-Haq,Fakhar Zaman,PVD Chameera,0,0,,,,,,,,,
1120290,2017/18,2017-10-23,Sharjah Cricket Stadium,2,4.5,Pakistan,Sri Lanka,Imam-ul-Haq,Fakhar Zaman,PVD Chameera,0,0,,,,,,,,,
1120290,2017/18,2017-10-23,Sharjah Cricket Stadium,2,4.6,Pakistan,Sri Lanka,Imam-ul-Haq,Fakhar Zaman,PVD Chameera,0,0,,,,,,,,,
1120290,2017/18,2017-10-23,Sharjah Cricket Stadium,2,5.1,Pakistan,Sri Lanka,Fakhar Zaman,Imam-ul-Haq,MVT Fernando,0,0,,,,,,,,,
1120290,2017/18,2017-10-23,Sharjah Cricket Stadium,2,5.2,Pakistan,Sri Lanka,Fakhar Zaman,Imam-ul-Haq,MVT Fernando,4,0,,,,,,,,,
1120290,2017/18,2017-10-23,Sharjah Cricket Stadium,2,5.3,Pakistan,Sri Lanka,Fakhar Zaman,Imam-ul-Haq,MVT Fernando,0,0,,,,,,,,,
1120290,2017/18,2017-10-23,Sharjah Cricket Stadium,2,5.4,Pakistan,Sri Lanka,Fakhar Zaman,Imam-ul-Haq,MVT Fernando,1,0,,,,,,,,,
1120290,2017/18,2017-10-23,Sharjah Cricket Stadium,2,5.5,Pakistan,Sri Lanka,Imam-ul-Haq,Fakhar Zaman,MVT Fernando,0,0,,,,,,,,,
1120290,2017/18,2017-10-23,Sharjah Cricket Stadium,2,5.6,Pakistan,Sri Lanka,Imam-ul-Haq,Fakhar Zaman,MVT Fernando,4,0,,,,,,,,,
1120290,2017/18,2017-10-23,Sharjah Cricket Stadium,2,6.1,Pakistan,Sri Lanka,Fakhar Zaman,Imam-ul-Haq,PVD Chameera,0,0,,,,,,,,,
1120290,2017/18,2017-10-23,Sharjah Cricket Stadium,2,6.2,Pakistan,Sri Lanka,Fakhar Zaman,Imam-ul-Haq,PVD Chameera,1,0,,,,,,,,,
1120290,2017/18,2017-10-23,Sharjah Cricket Stadium,2,6.3,Pakistan,Sri Lanka,Imam-ul-Haq,Fakhar Zaman,PVD Chameera,0,0,,,,,,,,,
1120290,2017/18,2017-10-23,Sharjah Cricket Stadium,2,6.4,Pakistan,Sri Lanka,Imam-ul-Haq,Fakhar Zaman,PVD Chameera,1,0,,,,,,,,,
1120290,2017/18,2017-10-23,Sharjah Cricket Stadium,2,6.5,Pakistan,Sri Lanka,Fakhar Zaman,Imam-ul-Haq,PVD Chameera,2,0,,,,,,,,,
1120290,2017/18,2017-10-23,Sharjah Cricket Stadium,2,6.6,Pakistan,Sri Lanka,Fakhar Zaman,Imam-ul-Haq,PVD Chameera,1,0,,,,,,,,,
1120290,2017/18,2017-10-23,Sharjah Cricket Stadium,2,7.1,Pakistan,Sri Lanka,Fakhar Zaman,Imam-ul-Haq,MVT Fernando,0,0,,,,,,,,,
1120290,2017/18,2017-10-23,Sharjah Cricket Stadium,2,7.2,Pakistan,Sri Lanka,Fakhar Zaman,Imam-ul-Haq,MVT Fernando,1,0,,,,,,,,,
1120290,2017/18,2017-10-23,Sharjah Cricket Stadium,2,7.3,Pakistan,Sri Lanka,Imam-ul-Haq,Fakhar Zaman,MVT Fernando,0,0,,,,,,,,,
1120290,2017/18,2017-10-23,Sharjah Cricket Stadium,2,7.4,Pakistan,Sri Lanka,Imam-ul-Haq,Fakhar Zaman,MVT Fernando,0,0,,,,,,,,,
1120290,2017/18,2017-10-23,Sharjah Cricket Stadium,2,7.5,Pakistan,Sri Lanka,Imam-ul-Haq,Fakhar Zaman,MVT Fernando,1,0,,,,,,,,,
1120290,2017/18,2017-10-23,Sharjah Cricket Stadium,2,7.6,Pakistan,Sri Lanka,Fakhar Zaman,Imam-ul-Haq,MVT Fernando,4,0,,,,,,,,,
1120290,2017/18,2017-10-23,Sharjah Cricket Stadium,2,8.1,Pakistan,Sri Lanka,Imam-ul-Haq,Fakhar Zaman,JDF Vandersay,1,0,,,,,,,,,
1120290,2017/18,2017-10-23,Sharjah Cricket Stadium,2,8.2,Pakistan,Sri Lanka,Fakhar Zaman,Imam-ul-Haq,JDF Vandersay,0,0,,,,,,,,,
1120290,2017/18,2017-10-23,Sharjah Cricket Stadium,2,8.3,Pakistan,Sri Lanka,Fakhar Zaman,Imam-ul-Haq,JDF Vandersay,0,0,,,,,,,,,
1120290,2017/18,2017-10-23,Sharjah Cricket Stadium,2,8.4,Pakistan,Sri Lanka,Fakhar Zaman,Imam-ul-Haq,JDF Vandersay,4,0,,,,,,,,,
1120290,2017/18,2017-10-23,Sharjah Cricket Stadium,2,8.5,Pakistan,Sri Lanka,Fakhar Zaman,Imam-ul-Haq,JDF Vandersay,0,0,,,,,,,,,
1120290,2017/18,2017-10-23,Sharjah Cricket Stadium,2,8.6,Pakistan,Sri Lanka,Fakhar Zaman,Imam-ul-Haq,JDF Vandersay,0,0,,,,,,,,,
1120290,2017/18,2017-10-23,Sharjah Cricket Stadium,2,9.1,Pakistan,Sri Lanka,Imam-ul-Haq,Fakhar Zaman,NLTC Perera,1,0,,,,,,,,,
1120290,2017/18,2017-10-23,Sharjah Cricket Stadium,2,9.2,Pakistan,Sri Lanka,Fakhar Zaman,Imam-ul-Haq,NLTC Perera,0,0,,,,,,,,,
1120290,2017/18,2017-10-23,Sharjah Cricket Stadium,2,9.3,Pakistan,Sri Lanka,Fakhar Zaman,Imam-ul-Haq,NLTC Perera,1,0,,,,,,,,,
1120290,2017/18,2017-10-23,Sharjah Cricket Stadium,2,9.4,Pakistan,Sri Lanka,Imam-ul-Haq,Fakhar Zaman,NLTC Perera,0,0,,,,,,,,,
1120290,2017/18,2017-10-23,Sharjah Cricket Stadium,2,9.5,Pakistan,Sri Lanka,Imam-ul-Haq,Fakhar Zaman,NLTC Perera,6,0,,,,,,,,,
1120290,2017/18,2017-10-23,Sharjah Cricket Stadium,2,9.6,Pakistan,Sri Lanka,Imam-ul-Haq,Fakhar Zaman,NLTC Perera,0,0,,,,,,,,,
1120290,2017/18,2017-10-23,Sharjah Cricket Stadium,2,10.1,Pakistan,Sri Lanka,Fakhar Zaman,Imam-ul-Haq,JDF Vandersay,0,0,,,,,,,,,
1120290,2017/18,2017-10-23,Sharjah Cricket Stadium,2,10.2,Pakistan,Sri Lanka,Fakhar Zaman,Imam-ul-Haq,JDF Vandersay,1,0,,,,,,,,,
1120290,2017/18,2017-10-23,Sharjah Cricket Stadium,2,10.3,Pakistan,Sri Lanka,Imam-ul-Haq,Fakhar Zaman,JDF Vandersay,0,0,,,,,,,,,
1120290,2017/18,2017-10-23,Sharjah Cricket Stadium,2,10.4,Pakistan,Sri Lanka,Imam-ul-Haq,Fakhar Zaman,JDF Vandersay,1,0,,,,,,,,,
1120290,2017/18,2017-10-23,Sharjah Cricket Stadium,2,10.5,Pakistan,Sri Lanka,Fakhar Zaman,Imam-ul-Haq,JDF Vandersay,1,0,,,,,,,,,
1120290,2017/18,2017-10-23,Sharjah Cricket Stadium,2,10.6,Pakistan,Sri Lanka,Imam-ul-Haq,Fakhar Zaman,JDF Vandersay,0,0,,,,,,,,,
1120290,2017/18,2017-10-23,Sharjah Cricket Stadium,2,11.1,Pakistan,Sri Lanka,Fakhar Zaman,Imam-ul-Haq,NLTC Perera,4,0,,,,,,,,,
1120290,2017/18,2017-10-23,Sharjah Cricket Stadium,2,11.2,Pakistan,Sri Lanka,Fakhar Zaman,Imam-ul-Haq,NLTC Perera,1,0,,,,,,,,,
1120290,2017/18,2017-10-23,Sharjah Cricket Stadium,2,11.3,Pakistan,Sri Lanka,Imam-ul-Haq,Fakhar Zaman,NLTC Perera,1,0,,,,,,,,,
1120290,2017/18,2017-10-23,Sharjah Cricket Stadium,2,11.4,Pakistan,Sri Lanka,Fakhar Zaman,Imam-ul-Haq,NLTC Perera,0,0,,,,,,,,,
1120290,2017/18,2017-10-23,Sharjah Cricket Stadium,2,11.5,Pakistan,Sri Lanka,Fakhar Zaman,Imam-ul-Haq,NLTC Perera,4,0,,,,,,,,,
1120290,2017/18,2017-10-23,Sharjah Cricket Stadium,2,11.6,Pakistan,Sri Lanka,Fakhar Zaman,Imam-ul-Haq,NLTC Perera,0,0,,,,,,,,,
1120290,2017/18,2017-10-23,Sharjah Cricket Stadium,2,12.1,Pakistan,Sri Lanka,Imam-ul-Haq,Fakhar Zaman,JDF Vandersay,0,0,,,,,,,,,
1120290,2017/18,2017-10-23,Sharjah Cricket Stadium,2,12.2,Pakistan,Sri Lanka,Imam-ul-Haq,Fakhar Zaman,JDF Vandersay,1,0,,,,,,,,,
1120290,2017/18,2017-10-23,Sharjah Cricket Stadium,2,12.3,Pakistan,Sri Lanka,Fakhar Zaman,Imam-ul-Haq,JDF Vandersay,4,0,,,,,,,,,
1120290,2017/18,2017-10-23,Sharjah Cricket Stadium,2,12.4,Pakistan,Sri Lanka,Fakhar Zaman,Imam-ul-Haq,JDF Vandersay,1,0,,,,,,,,,
1120290,2017/18,2017-10-23,Sharjah Cricket Stadium,2,12.5,Pakistan,Sri Lanka,Imam-ul-Haq,Fakhar Zaman,JDF Vandersay,0,0,,,,,,,,,
1120290,2017/18,2017-10-23,Sharjah Cricket Stadium,2,12.6,Pakistan,Sri Lanka,Imam-ul-Haq,Fakhar Zaman,JDF Vandersay,0,0,,,,,,,,,
1120290,2017/18,2017-10-23,Sharjah Cricket Stadium,2,13.1,Pakistan,Sri Lanka,Fakhar Zaman,Imam-ul-Haq,S Prasanna,1,0,,,,,,,,,
1120290,2017/18,2017-10-23,Sharjah Cricket Stadium,2,13.2,Pakistan,Sri Lanka,Imam-ul-Haq,Fakhar Zaman,S Prasanna,1,0,,,,,,,,,
1120290,2017/18,2017-10-23,Sharjah Cricket Stadium,2,13.3,Pakistan,Sri Lanka,Fakhar Zaman,Imam-ul-Haq,S Prasanna,0,0,,,,,,,,,
1120290,2017/18,2017-10-23,Sharjah Cricket Stadium,2,13.4,Pakistan,Sri Lanka,Fakhar Zaman,Imam-ul-Haq,S Prasanna,2,0,,,,,,,,,
1120290,2017/18,2017-10-23,Sharjah Cricket Stadium,2,13.5,Pakistan,Sri Lanka,Fakhar Zaman,Imam-ul-Haq,S Prasanna,1,0,,,,,,,,,
1120290,2017/18,2017-10-23,Sharjah Cricket Stadium,2,13.6,Pakistan,Sri Lanka,Imam-ul-Haq,Fakhar Zaman,S Prasanna,1,0,,,,,,,,,
1120290,2017/18,2017-10-23,Sharjah Cricket Stadium,2,14.1,Pakistan,Sri Lanka,Imam-ul-Haq,Fakhar Zaman,JDF Vandersay,0,0,,,,,,,,,
1120290,2017/18,2017-10-23,Sharjah Cricket Stadium,2,14.2,Pakistan,Sri Lanka,Imam-ul-Haq,Fakhar Zaman,JDF Vandersay,0,0,,,,,,,,,
1120290,2017/18,2017-10-23,Sharjah Cricket Stadium,2,14.3,Pakistan,Sri Lanka,Imam-ul-Haq,Fakhar Zaman,JDF Vandersay,0,0,,,,,,,,,
1120290,2017/18,2017-10-23,Sharjah Cricket Stadium,2,14.4,Pakistan,Sri Lanka,Imam-ul-Haq,Fakhar Zaman,JDF Vandersay,0,0,,,,,,,,,
1120290,2017/18,2017-10-23,Sharjah Cricket Stadium,2,14.5,Pakistan,Sri Lanka,Imam-ul-Haq,Fakhar Zaman,JDF Vandersay,0,0,,,,,,,,,
1120290,2017/18,2017-10-23,Sharjah Cricket Stadium,2,14.6,Pakistan,Sri Lanka,Imam-ul-Haq,Fakhar Zaman,JDF Vandersay,1,0,,,,,,,,,
1120290,2017/18,2017-10-23,Sharjah Cricket Stadium,2,15.1,Pakistan,Sri Lanka,Imam-ul-Haq,Fakhar Zaman,S Prasanna,1,0,,,,,,,,,
1120290,2017/18,2017-10-23,Sharjah Cricket Stadium,2,15.2,Pakistan,Sri Lanka,Fakhar Zaman,Imam-ul-Haq,S Prasanna,0,0,,,,,,,,,
1120290,2017/18,2017-10-23,Sharjah Cricket Stadium,2,15.3,Pakistan,Sri Lanka,Fakhar Zaman,Imam-ul-Haq,S Prasanna,1,0,,,,,,,,,
1120290,2017/18,2017-10-23,Sharjah Cricket Stadium,2,15.4,Pakistan,Sri Lanka,Imam-ul-Haq,Fakhar Zaman,S Prasanna,0,3,3,,,,,,,,
1120290,2017/18,2017-10-23,Sharjah Cricket Stadium,2,15.5,Pakistan,Sri Lanka,Imam-ul-Haq,Fakhar Zaman,S Prasanna,0,0,,,,,,,,,
1120290,2017/18,2017-10-23,Sharjah Cricket Stadium,2,15.6,Pakistan,Sri Lanka,Imam-ul-Haq,Fakhar Zaman,S Prasanna,1,0,,,,,,,,,
1120290,2017/18,2017-10-23,Sharjah Cricket Stadium,2,15.7,Pakistan,Sri Lanka,Fakhar Zaman,Imam-ul-Haq,S Prasanna,1,0,,,,,,,,,
1120290,2017/18,2017-10-23,Sharjah Cricket Stadium,2,16.1,Pakistan,Sri Lanka,Fakhar Zaman,Imam-ul-Haq,JDF Vandersay,1,0,,,,,,,,,
1120290,2017/18,2017-10-23,Sharjah Cricket Stadium,2,16.2,Pakistan,Sri Lanka,Imam-ul-Haq,Fakhar Zaman,JDF Vandersay,1,0,,,,,,,,,
1120290,2017/18,2017-10-23,Sharjah Cricket Stadium,2,16.3,Pakistan,Sri Lanka,Fakhar Zaman,Imam-ul-Haq,JDF Vandersay,0,0,,,,,,,,,
1120290,2017/18,2017-10-23,Sharjah Cricket Stadium,2,16.4,Pakistan,Sri Lanka,Fakhar Zaman,Imam-ul-Haq,JDF Vandersay,0,0,,,,,,caught,Fakhar Zaman,,
1120290,2017/18,2017-10-23,Sharjah Cricket Stadium,2,16.5,Pakistan,Sri Lanka,Faheem Ashraf,Imam-ul-Haq,JDF Vandersay,0,1,1,,,,,,,,
1120290,2017/18,2017-10-23,Sharjah Cricket Stadium,2,16.6,Pakistan,Sri Lanka,Faheem Ashraf,Imam-ul-Haq,JDF Vandersay,0,0,,,,,,,,,
1120290,2017/18,2017-10-23,Sharjah Cricket Stadium,2,16.7,Pakistan,Sri Lanka,Faheem Ashraf,Imam-ul-Haq,JDF Vandersay,0,0,,,,,,,,,
1120290,2017/18,2017-10-23,Sharjah Cricket Stadium,2,17.1,Pakistan,Sri Lanka,Imam-ul-Haq,Faheem Ashraf,S Prasanna,0,0,,,,,,,,,
1120290,2017/18,2017-10-23,Sharjah Cricket Stadium,2,17.2,Pakistan,Sri Lanka,Imam-ul-Haq,Faheem Ashraf,S Prasanna,1,0,,,,,,,,,
1120290,2017/18,2017-10-23,Sharjah Cricket Stadium,2,17.3,Pakistan,Sri Lanka,Faheem Ashraf,Imam-ul-Haq,S Prasanna,0,1,1,,,,,,,,
1120290,2017/18,2017-10-23,Sharjah Cricket Stadium,2,17.4,Pakistan,Sri Lanka,Faheem Ashraf,Imam-ul-Haq,S Prasanna,1,0,,,,,,,,,
1120290,2017/18,2017-10-23,Sharjah Cricket Stadium,2,17.5,Pakistan,Sri Lanka,Imam-ul-Haq,Faheem Ashraf,S Prasanna,0,0,,,,,,,,,
1120290,2017/18,2017-10-23,Sharjah Cricket Stadium,2,17.6,Pakistan,Sri Lanka,Imam-ul-Haq,Faheem Ashraf,S Prasanna,1,0,,,,,,,,,
1120290,2017/18,2017-10-23,Sharjah Cricket Stadium,2,17.7,Pakistan,Sri Lanka,Faheem Ashraf,Imam-ul-Haq,S Prasanna,0,0,,,,,,,,,
1120290,2017/18,2017-10-23,Sharjah Cricket Stadium,2,18.1,Pakistan,Sri Lanka,Imam-ul-Haq,Faheem Ashraf,JDF Vandersay,4,0,,,,,,,,,
1120290,2017/18,2017-10-23,Sharjah Cricket Stadium,2,18.2,Pakistan,Sri Lanka,Imam-ul-Haq,Faheem Ashraf,JDF Vandersay,1,0,,,,,,,,,
1120290,2017/18,2017-10-23,Sharjah Cricket Stadium,2,18.3,Pakistan,Sri Lanka,Faheem Ashraf,Imam-ul-Haq,JDF Vandersay,1,0,,,,,,,,,
1120290,2017/18,2017-10-23,Sharjah Cricket Stadium,2,18.4,Pakistan,Sri Lanka,Imam-ul-Haq,Faheem Ashraf,JDF Vandersay,0,0,,,,,,,,,
1120290,2017/18,2017-10-23,Sharjah Cricket Stadium,2,18.5,Pakistan,Sri Lanka,Imam-ul-Haq,Faheem Ashraf,JDF Vandersay,1,0,,,,,,,,,
1120290,2017/18,2017-10-23,Sharjah Cricket Stadium,2,18.6,Pakistan,Sri Lanka,Faheem Ashraf,Imam-ul-Haq,JDF Vandersay,0,0,,,,,,,,,
1120290,2017/18,2017-10-23,Sharjah Cricket Stadium,2,19.1,Pakistan,Sri Lanka,Imam-ul-Haq,Faheem Ashraf,S Prasanna,1,0,,,,,,,,,
1120290,2017/18,2017-10-23,Sharjah Cricket Stadium,2,19.2,Pakistan,Sri Lanka,Faheem Ashraf,Imam-ul-Haq,S Prasanna,0,0,,,,,,,,,
1120290,2017/18,2017-10-23,Sharjah Cricket Stadium,2,19.3,Pakistan,Sri Lanka,Faheem Ashraf,Imam-ul-Haq,S Prasanna,1,0,,,,,,,,,
1120290,2017/18,2017-10-23,Sharjah Cricket Stadium,2,19.4,Pakistan,Sri Lanka,Imam-ul-Haq,Faheem Ashraf,S Prasanna,1,0,,,,,,,,,
1120290,2017/18,2017-10-23,Sharjah Cricket Stadium,2,19.5,Pakistan,Sri Lanka,Faheem Ashraf,Imam-ul-Haq,S Prasanna,0,0,,,,,,,,,
1120290,2017/18,2017-10-23,Sharjah Cricket Stadium,2,19.6,Pakistan,Sri Lanka,Faheem Ashraf,Imam-ul-Haq,S Prasanna,1,0,,,,,,,,,
1120290,2017/18,2017-10-23,Sharjah Cricket Stadium,2,20.1,Pakistan,Sri Lanka,Faheem Ashraf,Imam-ul-Haq,JDF Vandersay,1,0,,,,,,,,,
1120290,2017/18,2017-10-23,Sharjah Cricket Stadium,2,20.2,Pakistan,Sri Lanka,Imam-ul-Haq,Faheem Ashraf,JDF Vandersay,4,0,,,,,,,,,
