version,2.1.0
info,balls_per_over,6
info,team,New Zealand
info,team,India
info,gender,male
info,season,2017/18
info,date,2017/10/25
info,event,New Zealand tour of India
info,match_number,2
info,venue,Maharashtra Cricket Association Stadium
info,city,Pune
info,toss_winner,New Zealand
info,toss_decision,bat
info,player_of_match,B Kumar
info,umpire,RJ Tucker
info,umpire,C Shamshuddin
info,reserve_umpire,Nitin Menon
info,tv_umpire,MA Gough
info,match_referee,BC Broad
info,winner,India
info,winner_wickets,6
info,player,New Zealand,MJ Guptill
info,player,New Zealand,C Munro
info,player,New Zealand,KS Williamson
info,player,New Zealand,LRPL Taylor
info,player,New Zealand,TWM Latham
info,player,New Zealand,HM Nicholls
info,player,New Zealand,C de Grandhomme
info,player,New Zealand,MJ Santner
info,player,New Zealand,AF Milne
info,player,New Zealand,TG Southee
info,player,New Zealand,TA Boult
info,player,India,RG Sharma
info,player,India,S Dhawan
info,player,India,V Kohli
info,player,India,KD Karthik
info,player,India,HH Pandya
info,player,India,MS Dhoni
info,player,India,KM Jadhav
info,player,India,AR Patel
info,player,India,B Kumar
info,player,India,JJ Bumrah
info,player,India,YS Chahal
info,registry,people,AF Milne,350bb1b1
info,registry,people,AR Patel,2e171977
info,registry,people,B Kumar,2e81a32d
info,registry,people,BC Broad,d6a7dd38
info,registry,people,C Munro,af2c687b
info,registry,people,C Shamshuddin,0f9d921b
info,registry,people,C de Grandhomme,94d7f855
info,registry,people,HH Pandya,dbe50b21
info,registry,people,HM Nicholls,03521fd3
info,registry,people,JJ Bumrah,462411b3
info,registry,people,KD Karthik,c03f1114
info,registry,people,KM Jadhav,99d63244
info,registry,people,KS Williamson,d027ba9f
info,registry,people,LRPL Taylor,b61a3e1a
info,registry,people,MA Gough,76752ac8
info,registry,people,MJ Guptill,2be41edb
info,registry,people,MJ Santner,e4a0deae
info,registry,people,MS Dhoni,4a8a2e3b
info,registry,people,Nitin Menon,e1d41d9e
info,registry,people,RG Sharma,740742ef
info,registry,people,RJ Tucker,38810cfc
info,registry,people,S Dhawan,0a476045
info,registry,people,TA Boult,a818c1be
info,registry,people,TG Southee,13c35c9e
info,registry,people,TWM Latham,e824e6ee
info,registry,people,V Kohli,ba607b88
info,registry,people,YS Chahal,57ee1fde
