match_id,season,start_date,venue,innings,ball,batting_team,bowling_team,striker,non_striker,bowler,runs_off_bat,extras,wides,noballs,byes,legbyes,penalty,wicket_type,player_dismissed,other_wicket_type,other_player_dismissed
1122728,2017/18,2017-12-17,Dr. Y.S. Rajasekhara Reddy ACA-VDCA Cricket Stadium,1,0.1,Sri Lanka,India,MD Gunathilaka,WU Tharanga,B Kumar,0,0,,,,,,,,,
1122728,2017/18,2017-12-17,Dr. Y.S. Rajasekhara Reddy ACA-VDCA Cricket Stadium,1,0.2,Sri Lanka,India,MD Gunathilaka,WU Tharanga,B Kumar,0,0,,,,,,,,,
1122728,2017/18,2017-12-17,Dr. Y.S. Rajasekhara Reddy ACA-VDCA Cricket Stadium,1,0.3,Sri Lanka,India,MD Gunathilaka,WU Tharanga,B Kumar,4,0,,,,,,,,,
1122728,2017/18,2017-12-17,Dr. Y.S. Rajasekhara Reddy ACA-VDCA Cricket Stadium,1,0.4,Sri Lanka,India,MD Gunathilaka,WU Tharanga,B Kumar,1,0,,,,,,,,,
1122728,2017/18,2017-12-17,Dr. Y.S. Rajasekhara Reddy ACA-VDCA Cricket Stadium,1,0.5,Sri Lanka,India,WU Tharanga,MD Gunathilaka,B Kumar,0,0,,,,,,,,,
1122728,2017/18,2017-12-17,Dr. Y.S. Rajasekhara Reddy ACA-VDCA Cricket Stadium,1,0.6,Sri Lanka,India,WU Tharanga,MD Gunathilaka,B Kumar,0,0,,,,,,,,,
1122728,2017/18,2017-12-17,Dr. Y.S. Rajasekhara Reddy ACA-VDCA Cricket Stadium,1,1.1,Sri Lanka,India,MD Gunathilaka,WU Tharanga,JJ Bumrah,0,0,,,,,,,,,
1122728,2017/18,2017-12-17,Dr. Y.S. Rajasekhara Reddy ACA-VDCA Cricket Stadium,1,1.2,Sri Lanka,India,MD Gunathilaka,WU Tharanga,JJ Bumrah,0,0,,,,,,,,,
1122728,2017/18,2017-12-17,Dr. Y.S. Rajasekhara Reddy ACA-VDCA Cricket Stadium,1,1.3,Sri Lanka,India,MD Gunathilaka,WU Tharanga,JJ Bumrah,0,0,,,,,,,,,
1122728,2017/18,2017-12-17,Dr. Y.S. Rajasekhara Reddy ACA-VDCA Cricket Stadium,1,1.4,Sri Lanka,India,MD Gunathilaka,WU Tharanga,JJ Bumrah,2,0,,,,,,,,,
1122728,2017/18,2017-12-17,Dr. Y.S. Rajasekhara Reddy ACA-VDCA Cricket Stadium,1,1.5,Sri Lanka,India,MD Gunathilaka,WU Tharanga,JJ Bumrah,2,0,,,,,,,,,
1122728,2017/18,2017-12-17,Dr. Y.S. Rajasekhara Reddy ACA-VDCA Cricket Stadium,1,1.6,Sri Lanka,India,MD Gunathilaka,WU Tharanga,JJ Bumrah,0,0,,,,,,,,,
1122728,2017/18,2017-12-17,Dr. Y.S. Rajasekhara Reddy ACA-VDCA Cricket Stadium,1,2.1,Sri Lanka,India,WU Tharanga,MD Gunathilaka,B Kumar,0,0,,,,,,,,,
1122728,2017/18,2017-12-17,Dr. Y.S. Rajasekhara Reddy ACA-VDCA Cricket Stadium,1,2.2,Sri Lanka,India,WU Tharanga,MD Gunathilaka,B Kumar,0,0,,,,,,,,,
1122728,2017/18,2017-12-17,Dr. Y.S. Rajasekhara Reddy ACA-VDCA Cricket Stadium,1,2.3,Sri Lanka,India,WU Tharanga,MD Gunathilaka,B Kumar,0,0,,,,,,,,,
1122728,2017/18,2017-12-17,Dr. Y.S. Rajasekhara Reddy ACA-VDCA Cricket Stadium,1,2.4,Sri Lanka,India,WU Tharanga,MD Gunathilaka,B Kumar,0,0,,,,,,,,,
1122728,2017/18,2017-12-17,Dr. Y.S. Rajasekhara Reddy ACA-VDCA Cricket Stadium,1,2.5,Sri Lanka,India,WU Tharanga,MD Gunathilaka,B Kumar,1,0,,,,,,,,,
1122728,2017/18,2017-12-17,Dr. Y.S. Rajasekhara Reddy ACA-VDCA Cricket Stadium,1,2.6,Sri Lanka,India,MD Gunathilaka,WU Tharanga,B Kumar,4,0,,,,,,,,,
1122728,2017/18,2017-12-17,Dr. Y.S. Rajasekhara Reddy ACA-VDCA Cricket Stadium,1,3.1,Sri Lanka,India,WU Tharanga,MD Gunathilaka,JJ Bumrah,0,0,,,,,,,,,
1122728,2017/18,2017-12-17,Dr. Y.S. Rajasekhara Reddy ACA-VDCA Cricket Stadium,1,3.2,Sri Lanka,India,WU Tharanga,MD Gunathilaka,JJ Bumrah,0,0,,,,,,,,,
1122728,2017/18,2017-12-17,Dr. Y.S. Rajasekhara Reddy ACA-VDCA Cricket Stadium,1,3.3,Sri Lanka,India,WU Tharanga,MD Gunathilaka,JJ Bumrah,1,0,,,,,,,,,
1122728,2017/18,2017-12-17,Dr. Y.S. Rajasekhara Reddy ACA-VDCA Cricket Stadium,1,3.4,Sri Lanka,India,MD Gunathilaka,WU Tharanga,JJ Bumrah,0,0,,,,,,caught,MD Gunathilaka,,
1122728,2017/18,2017-12-17,Dr. Y.S. Rajasekhara Reddy ACA-VDCA Cricket Stadium,1,3.5,Sri Lanka,India,S Samarawickrama,WU Tharanga,JJ Bumrah,4,0,,,,,,,,,
1122728,2017/18,2017-12-17,Dr. Y.S. Rajasekhara Reddy ACA-VDCA Cricket Stadium,1,3.6,Sri Lanka,India,S Samarawickrama,WU Tharanga,JJ Bumrah,0,0,,,,,,,,,
1122728,2017/18,2017-12-17,Dr. Y.S. Rajasekhara Reddy ACA-VDCA Cricket Stadium,1,4.1,Sri Lanka,India,WU Tharanga,S Samarawickrama,B Kumar,0,0,,,,,,,,,
1122728,2017/18,2017-12-17,Dr. Y.S. Rajasekhara Reddy ACA-VDCA Cricket Stadium,1,4.2,Sri Lanka,India,WU Tharanga,S Samarawickrama,B Kumar,0,0,,,,,,,,,
1122728,2017/18,2017-12-17,Dr. Y.S. Rajasekhara Reddy ACA-VDCA Cricket Stadium,1,4.3,Sri Lanka,India,WU Tharanga,S Samarawickrama,B Kumar,4,0,,,,,,,,,
1122728,2017/18,2017-12-17,Dr. Y.S. Rajasekhara Reddy ACA-VDCA Cricket Stadium,1,4.4,Sri Lanka,India,WU Tharanga,S Samarawickrama,B Kumar,2,0,,,,,,,,,
1122728,2017/18,2017-12-17,Dr. Y.S. Rajasekhara Reddy ACA-VDCA Cricket Stadium,1,4.5,Sri Lanka,India,WU Tharanga,S Samarawickrama,B Kumar,4,0,,,,,,,,,
1122728,2017/18,2017-12-17,Dr. Y.S. Rajasekhara Reddy ACA-VDCA Cricket Stadium,1,4.6,Sri Lanka,India,WU Tharanga,S Samarawickrama,B Kumar,1,0,,,,,,,,,
1122728,2017/18,2017-12-17,Dr. Y.S. Rajasekhara Reddy ACA-VDCA Cricket Stadium,1,5.1,Sri Lanka,India,WU Tharanga,S Samarawickrama,JJ Bumrah,0,0,,,,,,,,,
1122728,2017/18,2017-12-17,Dr. Y.S. Rajasekhara Reddy ACA-VDCA Cricket Stadium,1,5.2,Sri Lanka,India,WU Tharanga,S Samarawickrama,JJ Bumrah,4,0,,,,,,,,,
1122728,2017/18,2017-12-17,Dr. Y.S. Rajasekhara Reddy ACA-VDCA Cricket Stadium,1,5.3,Sri Lanka,India,WU Tharanga,S Samarawickrama,JJ Bumrah,4,0,,,,,,,,,
1122728,2017/18,2017-12-17,Dr. Y.S. Rajasekhara Reddy ACA-VDCA Cricket Stadium,1,5.4,Sri Lanka,India,WU Tharanga,S Samarawickrama,JJ Bumrah,2,0,,,,,,,,,
1122728,2017/18,2017-12-17,Dr. Y.S. Rajasekhara Reddy ACA-VDCA Cricket Stadium,1,5.5,Sri Lanka,India,WU Tharanga,S Samarawickrama,JJ Bumrah,1,0,,,,,,,,,
1122728,2017/18,2017-12-17,Dr. Y.S. Rajasekhara Reddy ACA-VDCA Cricket Stadium,1,5.6,Sri Lanka,India,S Samarawickrama,WU Tharanga,JJ Bumrah,0,0,,,,,,,,,
1122728,2017/18,2017-12-17,Dr. Y.S. Rajasekhara Reddy ACA-VDCA Cricket Stadium,1,6.1,Sri Lanka,India,WU Tharanga,S Samarawickrama,HH Pandya,0,0,,,,,,,,,
1122728,2017/18,2017-12-17,Dr. Y.S. Rajasekhara Reddy ACA-VDCA Cricket Stadium,1,6.2,Sri Lanka,India,WU Tharanga,S Samarawickrama,HH Pandya,4,0,,,,,,,,,
1122728,2017/18,2017-12-17,Dr. Y.S. Rajasekhara Reddy ACA-VDCA Cricket Stadium,1,6.3,Sri Lanka,India,WU Tharanga,S Samarawickrama,HH Pandya,0,0,,,,,,,,,
1122728,2017/18,2017-12-17,Dr. Y.S. Rajasekhara Reddy ACA-VDCA Cricket Stadium,1,6.4,Sri Lanka,India,WU Tharanga,S Samarawickrama,HH Pandya,0,0,,,,,,,,,
1122728,2017/18,2017-12-17,Dr. Y.S. Rajasekhara Reddy ACA-VDCA Cricket Stadium,1,6.5,Sri Lanka,India,WU Tharanga,S Samarawickrama,HH Pandya,0,0,,,,,,,,,
1122728,2017/18,2017-12-17,Dr. Y.S. Rajasekhara Reddy ACA-VDCA Cricket Stadium,1,6.6,Sri Lanka,India,WU Tharanga,S Samarawickrama,HH Pandya,0,0,,,,,,,,,
1122728,2017/18,2017-12-17,Dr. Y.S. Rajasekhara Reddy ACA-VDCA Cricket Stadium,1,7.1,Sri Lanka,India,S Samarawickrama,WU Tharanga,JJ Bumrah,0,0,,,,,,,,,
1122728,2017/18,2017-12-17,Dr. Y.S. Rajasekhara Reddy ACA-VDCA Cricket Stadium,1,7.2,Sri Lanka,India,S Samarawickrama,WU Tharanga,JJ Bumrah,0,0,,,,,,,,,
1122728,2017/18,2017-12-17,Dr. Y.S. Rajasekhara Reddy ACA-VDCA Cricket Stadium,1,7.3,Sri Lanka,India,S Samarawickrama,WU Tharanga,JJ Bumrah,0,0,,,,,,,,,
1122728,2017/18,2017-12-17,Dr. Y.S. Rajasekhara Reddy ACA-VDCA Cricket Stadium,1,7.4,Sri Lanka,India,S Samarawickrama,WU Tharanga,JJ Bumrah,0,0,,,,,,,,,
1122728,2017/18,2017-12-17,Dr. Y.S. Rajasekhara Reddy ACA-VDCA Cricket Stadium,1,7.5,Sri Lanka,India,S Samarawickrama,WU Tharanga,JJ Bumrah,0,0,,,,,,,,,
1122728,2017/18,2017-12-17,Dr. Y.S. Rajasekhara Reddy ACA-VDCA Cricket Stadium,1,7.6,Sri Lanka,India,S Samarawickrama,WU Tharanga,JJ Bumrah,0,0,,,,,,,,,
1122728,2017/18,2017-12-17,Dr. Y.S. Rajasekhara Reddy ACA-VDCA Cricket Stadium,1,8.1,Sri Lanka,India,WU Tharanga,S Samarawickrama,HH Pandya,4,0,,,,,,,,,
1122728,2017/18,2017-12-17,Dr. Y.S. Rajasekhara Reddy ACA-VDCA Cricket Stadium,1,8.2,Sri Lanka,India,WU Tharanga,S Samarawickrama,HH Pandya,4,0,,,,,,,,,
1122728,2017/18,2017-12-17,Dr. Y.S. Rajasekhara Reddy ACA-VDCA Cricket Stadium,1,8.3,Sri Lanka,India,WU Tharanga,S Samarawickrama,HH Pandya,4,0,,,,,,,,,
1122728,2017/18,2017-12-17,Dr. Y.S. Rajasekhara Reddy ACA-VDCA Cricket Stadium,1,8.4,Sri Lanka,India,WU Tharanga,S Samarawickrama,HH Pandya,4,0,,,,,,,,,
1122728,2017/18,2017-12-17,Dr. Y.S. Rajasekhara Reddy ACA-VDCA Cricket Stadium,1,8.5,Sri Lanka,India,WU Tharanga,S Samarawickrama,HH Pandya,4,0,,,,,,,,,
1122728,2017/18,2017-12-17,Dr. Y.S. Rajasekhara Reddy ACA-VDCA Cricket Stadium,1,8.6,Sri Lanka,India,WU Tharanga,S Samarawickrama,HH Pandya,0,0,,,,,,,,,
1122728,2017/18,2017-12-17,Dr. Y.S. Rajasekhara Reddy ACA-VDCA Cricket Stadium,1,9.1,Sri Lanka,India,S Samarawickrama,WU Tharanga,JJ Bumrah,0,0,,,,,,,,,
1122728,2017/18,2017-12-17,Dr. Y.S. Rajasekhara Reddy ACA-VDCA Cricket Stadium,1,9.2,Sri Lanka,India,S Samarawickrama,WU Tharanga,JJ Bumrah,0,0,,,,,,,,,
1122728,2017/18,2017-12-17,Dr. Y.S. Rajasekhara Reddy ACA-VDCA Cricket Stadium,1,9.3,Sri Lanka,India,S Samarawickrama,WU Tharanga,JJ Bumrah,1,0,,,,,,,,,
1122728,2017/18,2017-12-17,Dr. Y.S. Rajasekhara Reddy ACA-VDCA Cricket Stadium,1,9.4,Sri Lanka,India,WU Tharanga,S Samarawickrama,JJ Bumrah,0,0,,,,,,,,,
1122728,2017/18,2017-12-17,Dr. Y.S. Rajasekhara Reddy ACA-VDCA Cricket Stadium,1,9.5,Sri Lanka,India,WU Tharanga,S Samarawickrama,JJ Bumrah,1,0,,,,,,,,,
1122728,2017/18,2017-12-17,Dr. Y.S. Rajasekhara Reddy ACA-VDCA Cricket Stadium,1,9.6,Sri Lanka,India,S Samarawickrama,WU Tharanga,JJ Bumrah,1,0,,,,,,,,,
1122728,2017/18,2017-12-17,Dr. Y.S. Rajasekhara Reddy ACA-VDCA Cricket Stadium,1,10.1,Sri Lanka,India,S Samarawickrama,WU Tharanga,HH Pandya,0,0,,,,,,,,,
1122728,2017/18,2017-12-17,Dr. Y.S. Rajasekhara Reddy ACA-VDCA Cricket Stadium,1,10.2,Sri Lanka,India,S Samarawickrama,WU Tharanga,HH Pandya,0,0,,,,,,,,,
1122728,2017/18,2017-12-17,Dr. Y.S. Rajasekhara Reddy ACA-VDCA Cricket Stadium,1,10.3,Sri Lanka,India,S Samarawickrama,WU Tharanga,HH Pandya,0,0,,,,,,,,,
1122728,2017/18,2017-12-17,Dr. Y.S. Rajasekhara Reddy ACA-VDCA Cricket Stadium,1,10.4,Sri Lanka,India,S Samarawickrama,WU Tharanga,HH Pandya,0,0,,,,,,,,,
1122728,2017/18,2017-12-17,Dr. Y.S. Rajasekhara Reddy ACA-VDCA Cricket Stadium,1,10.5,Sri Lanka,India,S Samarawickrama,WU Tharanga,HH Pandya,4,0,,,,,,,,,
1122728,2017/18,2017-12-17,Dr. Y.S. Rajasekhara Reddy ACA-VDCA Cricket Stadium,1,10.6,Sri Lanka,India,S Samarawickrama,WU Tharanga,HH Pandya,0,0,,,,,,,,,
1122728,2017/18,2017-12-17,Dr. Y.S. Rajasekhara Reddy ACA-VDCA Cricket Stadium,1,11.1,Sri Lanka,India,WU Tharanga,S Samarawickrama,Kuldeep Yadav,1,0,,,,,,,,,
1122728,2017/18,2017-12-17,Dr. Y.S. Rajasekhara Reddy ACA-VDCA Cricket Stadium,1,11.2,Sri Lanka,India,S Samarawickrama,WU Tharanga,Kuldeep Yadav,0,0,,,,,,,,,
1122728,2017/18,2017-12-17,Dr. Y.S. Rajasekhara Reddy ACA-VDCA Cricket Stadium,1,11.3,Sri Lanka,India,S Samarawickrama,WU Tharanga,Kuldeep Yadav,0,0,,,,,,,,,
1122728,2017/18,2017-12-17,Dr. Y.S. Rajasekhara Reddy ACA-VDCA Cricket Stadium,1,11.4,Sri Lanka,India,S Samarawickrama,WU Tharanga,Kuldeep Yadav,0,0,,,,,,,,,
1122728,2017/18,2017-12-17,Dr. Y.S. Rajasekhara Reddy ACA-VDCA Cricket Stadium,1,11.5,Sri Lanka,India,S Samarawickrama,WU Tharanga,Kuldeep Yadav,0,0,,,,,,,,,
1122728,2017/18,2017-12-17,Dr. Y.S. Rajasekhara Reddy ACA-VDCA Cricket Stadium,1,11.6,Sri Lanka,India,S Samarawickrama,WU Tharanga,Kuldeep Yadav,0,0,,,,,,,,,
1122728,2017/18,2017-12-17,Dr. Y.S. Rajasekhara Reddy ACA-VDCA Cricket Stadium,1,12.1,Sri Lanka,India,WU Tharanga,S Samarawickrama,B Kumar,2,0,,,,,,,,,
1122728,2017/18,2017-12-17,Dr. Y.S. Rajasekhara Reddy ACA-VDCA Cricket Stadium,1,12.2,Sri Lanka,India,WU Tharanga,S Samarawickrama,B Kumar,0,0,,,,,,,,,
1122728,2017/18,2017-12-17,Dr. Y.S. Rajasekhara Reddy ACA-VDCA Cricket Stadium,1,12.3,Sri Lanka,India,WU Tharanga,S Samarawickrama,B Kumar,1,0,,,,,,,,,
1122728,2017/18,2017-12-17,Dr. Y.S. Rajasekhara Reddy ACA-VDCA Cricket Stadium,1,12.4,Sri Lanka,India,S Samarawickrama,WU Tharanga,B Kumar,4,0,,,,,,,,,
1122728,2017/18,2017-12-17,Dr. Y.S. Rajasekhara Reddy ACA-VDCA Cricket Stadium,1,12.5,Sri Lanka,India,S Samarawickrama,WU Tharanga,B Kumar,0,1,,,,1,,,,,
1122728,2017/18,2017-12-17,Dr. Y.S. Rajasekhara Reddy ACA-VDCA Cricket Stadium,1,12.6,Sri Lanka,India,WU Tharanga,S Samarawickrama,B Kumar,0,0,,,,,,,,,
1122728,2017/18,2017-12-17,Dr. Y.S. Rajasekhara Reddy ACA-VDCA Cricket Stadium,1,13.1,Sri Lanka,India,S Samarawickrama,WU Tharanga,Kuldeep Yadav,1,0,,,,,,,,,
1122728,2017/18,2017-12-17,Dr. Y.S. Rajasekhara Reddy ACA-VDCA Cricket Stadium,1,13.2,Sri Lanka,India,WU Tharanga,S Samarawickrama,Kuldeep Yadav,0,0,,,,,,,,,
1122728,2017/18,2017-12-17,Dr. Y.S. Rajasekhara Reddy ACA-VDCA Cricket Stadium,1,13.3,Sri Lanka,India,WU Tharanga,S Samarawickrama,Kuldeep Yadav,1,0,,,,,,,,,
1122728,2017/18,2017-12-17,Dr. Y.S. Rajasekhara Reddy ACA-VDCA Cricket Stadium,1,13.4,Sri Lanka,India,S Samarawickrama,WU Tharanga,Kuldeep Yadav,0,0,,,,,,,,,
1122728,2017/18,2017-12-17,Dr. Y.S. Rajasekhara Reddy ACA-VDCA Cricket Stadium,1,13.5,Sri Lanka,India,S Samarawickrama,WU Tharanga,Kuldeep Yadav,0,0,,,,,,,,,
1122728,2017/18,2017-12-17,Dr. Y.S. Rajasekhara Reddy ACA-VDCA Cricket Stadium,1,13.6,Sri Lanka,India,S Samarawickrama,WU Tharanga,Kuldeep Yadav,1,0,,,,,,,,,
1122728,2017/18,2017-12-17,Dr. Y.S. Rajasekhara Reddy ACA-VDCA Cricket Stadium,1,14.1,Sri Lanka,India,S Samarawickrama,WU Tharanga,B Kumar,0,0,,,,,,,,,
1122728,2017/18,2017-12-17,Dr. Y.S. Rajasekhara Reddy ACA-VDCA Cricket Stadium,1,14.2,Sri Lanka,India,S Samarawickrama,WU Tharanga,B Kumar,1,0,,,,,,,,,
1122728,2017/18,2017-12-17,Dr. Y.S. Rajasekhara Reddy ACA-VDCA Cricket Stadium,1,14.3,Sri Lanka,India,WU Tharanga,S Samarawickrama,B Kumar,1,0,,,,,,,,,
1122728,2017/18,2017-12-17,Dr. Y.S. Rajasekhara Reddy ACA-VDCA Cricket Stadium,1,14.4,Sri Lanka,India,S Samarawickrama,WU Tharanga,B Kumar,2,0,,,,,,,,,
1122728,2017/18,2017-12-17,Dr. Y.S. Rajasekhara Reddy ACA-VDCA Cricket Stadium,1,14.5,Sri Lanka,India,S Samarawickrama,WU Tharanga,B Kumar,1,0,,,,,,,,,
1122728,2017/18,2017-12-17,Dr. Y.S. Rajasekhara Reddy ACA-VDCA Cricket Stadium,1,14.6,Sri Lanka,India,WU Tharanga,S Samarawickrama,B Kumar,0,0,,,,,,,,,
1122728,2017/18,2017-12-17,Dr. Y.S. Rajasekhara Reddy ACA-VDCA Cricket Stadium,1,15.1,Sri Lanka,India,S Samarawickrama,WU Tharanga,Kuldeep Yadav,4,0,,,,,,,,,
1122728,2017/18,2017-12-17,Dr. Y.S. Rajasekhara Reddy ACA-VDCA Cricket Stadium,1,15.2,Sri Lanka,India,S Samarawickrama,WU Tharanga,Kuldeep Yadav,0,0,,,,,,,,,
1122728,2017/18,2017-12-17,Dr. Y.S. Rajasekhara Reddy ACA-VDCA Cricket Stadium,1,15.3,Sri Lanka,India,S Samarawickrama,WU Tharanga,Kuldeep Yadav,1,0,,,,,,,,,
1122728,2017/18,2017-12-17,Dr. Y.S. Rajasekhara Reddy ACA-VDCA Cricket Stadium,1,15.4,Sri Lanka,India,WU Tharanga,S Samarawickrama,Kuldeep Yadav,1,0,,,,,,,,,
1122728,2017/18,2017-12-17,Dr. Y.S. Rajasekhara Reddy ACA-VDCA Cricket Stadium,1,15.5,Sri Lanka,India,S Samarawickrama,WU Tharanga,Kuldeep Yadav,1,0,,,,,,,,,
1122728,2017/18,2017-12-17,Dr. Y.S. Rajasekhara Reddy ACA-VDCA Cricket Stadium,1,15.6,Sri Lanka,India,WU Tharanga,S Samarawickrama,Kuldeep Yadav,1,0,,,,,,,,,
1122728,2017/18,2017-12-17,Dr. Y.S. Rajasekhara Reddy ACA-VDCA Cricket Stadium,1,16.1,Sri Lanka,India,WU Tharanga,S Samarawickrama,YS Chahal,0,0,,,,,,,,,
1122728,2017/18,2017-12-17,Dr. Y.S. Rajasekhara Reddy ACA-VDCA Cricket Stadium,1,16.2,Sri Lanka,India,WU Tharanga,S Samarawickrama,YS Chahal,0,0,,,,,,,,,
1122728,2017/18,2017-12-17,Dr. Y.S. Rajasekhara Reddy ACA-VDCA Cricket Stadium,1,16.3,Sri Lanka,India,WU Tharanga,S Samarawickrama,YS Chahal,1,0,,,,,,,,,
1122728,2017/18,2017-12-17,Dr. Y.S. Rajasekhara Reddy ACA-VDCA Cricket Stadium,1,16.4,Sri Lanka,India,S Samarawickrama,WU Tharanga,YS Chahal,1,0,,,,,,,,,
1122728,2017/18,2017-12-17,Dr. Y.S. Rajasekhara Reddy ACA-VDCA Cricket Stadium,1,16.5,Sri Lanka,India,WU Tharanga,S Samarawickrama,YS Chahal,0,0,,,,,,,,,
1122728,2017/18,2017-12-17,Dr. Y.S. Rajasekhara Reddy ACA-VDCA Cricket Stadium,1,16.6,Sri Lanka,India,WU Tharanga,S Samarawickrama,YS Chahal,1,0,,,,,,,,,
1122728,2017/18,2017-12-17,Dr. Y.S. Rajasekhara Reddy ACA-VDCA Cricket Stadium,1,17.1,Sri Lanka,India,WU Tharanga,S Samarawickrama,Kuldeep Yadav,0,0,,,,,,,,,
1122728,2017/18,2017-12-17,Dr. Y.S. Rajasekhara Reddy ACA-VDCA Cricket Stadium,1,17.2,Sri Lanka,India,WU Tharanga,S Samarawickrama,Kuldeep Yadav,1,0,,,,,,,,,
1122728,2017/18,2017-12-17,Dr. Y.S. Rajasekhara Reddy ACA-VDCA Cricket Stadium,1,17.3,Sri Lanka,India,S Samarawickrama,WU Tharanga,Kuldeep Yadav,1,0,,,,,,,,,
1122728,2017/18,2017-12-17,Dr. Y.S. Rajasekhara Reddy ACA-VDCA Cricket Stadium,1,17.4,Sri Lanka,India,WU Tharanga,S Samarawickrama,Kuldeep Yadav,0,0,,,,,,,,,
1122728,2017/18,2017-12-17,Dr. Y.S. Rajasekhara Reddy ACA-VDCA Cricket Stadium,1,17.5,Sri Lanka,India,WU Tharanga,S Samarawickrama,Kuldeep Yadav,1,0,,,,,,,,,
1122728,2017/18,2017-12-17,Dr. Y.S. Rajasekhara Reddy ACA-VDCA Cricket Stadium,1,17.6,Sri Lanka,India,S Samarawickrama,WU Tharanga,Kuldeep Yadav,0,0,,,,,,,,,
1122728,2017/18,2017-12-17,Dr. Y.S. Rajasekhara Reddy ACA-VDCA Cricket Stadium,1,18.1,Sri Lanka,India,WU Tharanga,S Samarawickrama,YS Chahal,1,0,,,,,,,,,
1122728,2017/18,2017-12-17,Dr. Y.S. Rajasekhara Reddy ACA-VDCA Cricket Stadium,1,18.2,Sri Lanka,India,S Samarawickrama,WU Tharanga,YS Chahal,0,1,,,,1,,,,,
1122728,2017/18,2017-12-17,Dr. Y.S. Rajasekhara Reddy ACA-VDCA Cricket Stadium,1,18.3,Sri Lanka,India,WU Tharanga,S Samarawickrama,YS Chahal,6,0,,,,,,,,,
1122728,2017/18,2017-12-17,Dr. Y.S. Rajasekhara Reddy ACA-VDCA Cricket Stadium,1,18.4,Sri Lanka,India,WU Tharanga,S Samarawickrama,YS Chahal,1,0,,,,,,,,,
1122728,2017/18,2017-12-17,Dr. Y.S. Rajasekhara Reddy ACA-VDCA Cricket Stadium,1,18.5,Sri Lanka,India,S Samarawickrama,WU Tharanga,YS Chahal,1,0,,,,,,,,,
1122728,2017/18,2017-12-17,Dr. Y.S. Rajasekhara Reddy ACA-VDCA Cricket Stadium,1,18.6,Sri Lanka,India,WU Tharanga,S Samarawickrama,YS Chahal,4,0,,,,,,,,,
1122728,2017/18,2017-12-17,Dr. Y.S. Rajasekhara Reddy ACA-VDCA Cricket Stadium,1,19.1,Sri Lanka,India,S Samarawickrama,WU Tharanga,Kuldeep Yadav,0,0,,,,,,,,,
1122728,2017/18,2017-12-17,Dr. Y.S. Rajasekhara Reddy ACA-VDCA Cricket Stadium,1,19.2,Sri Lanka,India,S Samarawickrama,WU Tharanga,Kuldeep Yadav,1,0,,,,,,,,,
1122728,2017/18,2017-12-17,Dr. Y.S. Rajasekhara Reddy ACA-VDCA Cricket Stadium,1,19.3,Sri Lanka,India,WU Tharanga,S Samarawickrama,Kuldeep Yadav,1,0,,,,,,,,,
1122728,2017/18,2017-12-17,Dr. Y.S. Rajasekhara Reddy ACA-VDCA Cricket Stadium,1,19.4,Sri Lanka,India,S Samarawickrama,WU Tharanga,Kuldeep Yadav,2,0,,,,,,,,,
1122728,2017/18,2017-12-17,Dr. Y.S. Rajasekhara Reddy ACA-VDCA Cricket Stadium,1,19.5,Sri Lanka,India,S Samarawickrama,WU Tharanga,Kuldeep Yadav,0,0,,,,,,,,,
1122728,2017/18,2017-12-17,Dr. Y.S. Rajasekhara Reddy ACA-VDCA Cricket Stadium,1,19.6,Sri Lanka,India,S Samarawickrama,WU Tharanga,Kuldeep Yadav,1,0,,,,,,,,,
1122728,2017/18,2017-12-17,Dr. Y.S. Rajasekhara Reddy ACA-VDCA Cricket Stadium,1,20.1,Sri Lanka,India,S Samarawickrama,WU Tharanga,YS Chahal,1,0,,,,,,,,,
1122728,2017/18,2017-12-17,Dr. Y.S. Rajasekhara Reddy ACA-VDCA Cricket Stadium,1,20.2,Sri Lanka,India,WU Tharanga,S Samarawickrama,YS Chahal,0,0,,,,,,,,,
1122728,2017/18,2017-12-17,Dr. Y.S. Rajasekhara Reddy ACA-VDCA Cricket Stadium,1,20.3,Sri Lanka,India,WU Tharanga,S Samarawickrama,YS Chahal,0,0,,,,,,,,,
1122728,2017/18,2017-12-17,Dr. Y.S. Rajasekhara Reddy ACA-VDCA Cricket Stadium,1,20.4,Sri Lanka,India,WU Tharanga,S Samarawickrama,YS Chahal,1,0,,,,,,,,,
1122728,2017/18,2017-12-17,Dr. Y.S. Rajasekhara Reddy ACA-VDCA Cricket Stadium,1,20.5,Sri Lanka,India,S Samarawickrama,WU Tharanga,YS Chahal,1,0,,,,,,,,,
1122728,2017/18,2017-12-17,Dr. Y.S. Rajasekhara Reddy ACA-VDCA Cricket Stadium,1,20.6,Sri Lanka,India,WU Tharanga,S Samarawickrama,YS Chahal,4,0,,,,,,,,,
1122728,2017/18,2017-12-17,Dr. Y.S. Rajasekhara Reddy ACA-VDCA Cricket Stadium,1,21.1,Sri Lanka,India,S Samarawickrama,WU Tharanga,HH Pandya,0,0,,,,,,,,,
1122728,2017/18,2017-12-17,Dr. Y.S. Rajasekhara Reddy ACA-VDCA Cricket Stadium,1,21.2,Sri Lanka,India,S Samarawickrama,WU Tharanga,HH Pandya,4,0,,,,,,,,,
1122728,2017/18,2017-12-17,Dr. Y.S. Rajasekhara Reddy ACA-VDCA Cricket Stadium,1,21.3,Sri Lanka,India,S Samarawickrama,WU Tharanga,HH Pandya,2,0,,,,,,,,,
1122728,2017/18,2017-12-17,Dr. Y.S. Rajasekhara Reddy ACA-VDCA Cricket Stadium,1,21.4,Sri Lanka,India,S Samarawickrama,WU Tharanga,HH Pandya,1,0,,,,,,,,,
1122728,2017/18,2017-12-17,Dr. Y.S. Rajasekhara Reddy ACA-VDCA Cricket Stadium,1,21.5,Sri Lanka,India,WU Tharanga,S Samarawickrama,HH Pandya,0,0,,,,,,,,,
1122728,2017/18,2017-12-17,Dr. Y.S. Rajasekhara Reddy ACA-VDCA Cricket Stadium,1,21.6,Sri Lanka,India,WU Tharanga,S Samarawickrama,HH Pandya,0,0,,,,,,,,,
1122728,2017/18,2017-12-17,Dr. Y.S. Rajasekhara Reddy ACA-VDCA Cricket Stadium,1,22.1,Sri Lanka,India,S Samarawickrama,WU Tharanga,YS Chahal,0,0,,,,,,,,,
1122728,2017/18,2017-12-17,Dr. Y.S. Rajasekhara Reddy ACA-VDCA Cricket Stadium,1,22.2,Sri Lanka,India,S Samarawickrama,WU Tharanga,YS Chahal,0,0,,,,,,,,,
1122728,2017/18,2017-12-17,Dr. Y.S. Rajasekhara Reddy ACA-VDCA Cricket Stadium,1,22.3,Sri Lanka,India,S Samarawickrama,WU Tharanga,YS Chahal,0,0,,,,,,caught,S Samarawickrama,,
1122728,2017/18,2017-12-17,Dr. Y.S. Rajasekhara Reddy ACA-VDCA Cricket Stadium,1,22.4,Sri Lanka,India,WU Tharanga,AD Mathews,YS Chahal,0,0,,,,,,,,,
1122728,2017/18,2017-12-17,Dr. Y.S. Rajasekhara Reddy ACA-VDCA Cricket Stadium,1,22.5,Sri Lanka,India,WU Tharanga,AD Mathews,YS Chahal,0,0,,,,,,,,,
1122728,2017/18,2017-12-17,Dr. Y.S. Rajasekhara Reddy ACA-VDCA Cricket Stadium,1,22.6,Sri Lanka,India,WU Tharanga,AD Mathews,YS Chahal,0,0,,,,,,,,,
1122728,2017/18,2017-12-17,Dr. Y.S. Rajasekhara Reddy ACA-VDCA Cricket Stadium,1,23.1,Sri Lanka,India,AD Mathews,WU Tharanga,HH Pandya,0,0,,,,,,,,,
1122728,2017/18,2017-12-17,Dr. Y.S. Rajasekhara Reddy ACA-VDCA Cricket Stadium,1,23.2,Sri Lanka,India,AD Mathews,WU Tharanga,HH Pandya,0,0,,,,,,,,,
1122728,2017/18,2017-12-17,Dr. Y.S. Rajasekhara Reddy ACA-VDCA Cricket Stadium,1,23.3,Sri Lanka,India,AD Mathews,WU Tharanga,HH Pandya,1,0,,,,,,,,,
1122728,2017/18,2017-12-17,Dr. Y.S. Rajasekhara Reddy ACA-VDCA Cricket Stadium,1,23.4,Sri Lanka,India,WU Tharanga,AD Mathews,HH Pandya,0,0,,,,,,,,,
1122728,2017/18,2017-12-17,Dr. Y.S. Rajasekhara Reddy ACA-VDCA Cricket Stadium,1,23.5,Sri Lanka,India,WU Tharanga,AD Mathews,HH Pandya,1,0,,,,,,,,,
1122728,2017/18,2017-12-17,Dr. Y.S. Rajasekhara Reddy ACA-VDCA Cricket Stadium,1,23.6,Sri Lanka,India,AD Mathews,WU Tharanga,HH Pandya,0,0,,,,,,,,,
1122728,2017/18,2017-12-17,Dr. Y.S. Rajasekhara Reddy ACA-VDCA Cricket Stadium,1,24.1,Sri Lanka,India,WU Tharanga,AD Mathews,YS Chahal,0,0,,,,,,,,,
1122728,2017/18,2017-12-17,Dr. Y.S. Rajasekhara Reddy ACA-VDCA Cricket Stadium,1,24.2,Sri Lanka,India,WU Tharanga,AD Mathews,YS Chahal,0,0,,,,,,,,,
1122728,2017/18,2017-12-17,Dr. Y.S. Rajasekhara Reddy ACA-VDCA Cricket Stadium,1,24.3,Sri Lanka,India,WU Tharanga,AD Mathews,YS Chahal,0,0,,,,,,,,,
1122728,2017/18,2017-12-17,Dr. Y.S. Rajasekhara Reddy ACA-VDCA Cricket Stadium,1,24.4,Sri Lanka,India,WU Tharanga,AD Mathews,YS Chahal,0,0,,,,,,,,,
1122728,2017/18,2017-12-17,Dr. Y.S. Rajasekhara Reddy ACA-VDCA Cricket Stadium,1,24.5,Sri Lanka,India,WU Tharanga,AD Mathews,YS Chahal,0,1,1,,,,,,,,
1122728,2017/18,2017-12-17,Dr. Y.S. Rajasekhara Reddy ACA-VDCA Cricket Stadium,1,24.6,Sri Lanka,India,WU Tharanga,AD Mathews,YS Chahal,6,0,,,,,,,,,
1122728,2017/18,2017-12-17,Dr. Y.S. Rajasekhara Reddy ACA-VDCA Cricket Stadium,1,24.7,Sri Lanka,India,WU Tharanga,AD Mathews,YS Chahal,0,0,,,,,,,,,
1122728,2017/18,2017-12-17,Dr. Y.S. Rajasekhara Reddy ACA-VDCA Cricket Stadium,1,25.1,Sri Lanka,India,AD Mathews,WU Tharanga,HH Pandya,0,1,,,,1,,,,,
1122728,2017/18,2017-12-17,Dr. Y.S. Rajasekhara Reddy ACA-VDCA Cricket Stadium,1,25.2,Sri Lanka,India,WU Tharanga,AD Mathews,HH Pandya,1,0,,,,,,,,,
1122728,2017/18,2017-12-17,Dr. Y.S. Rajasekhara Reddy ACA-VDCA Cricket Stadium,1,25.3,Sri Lanka,India,AD Mathews,WU Tharanga,HH Pandya,4,0,,,,,,,,,
1122728,2017/18,2017-12-17,Dr. Y.S. Rajasekhara Reddy ACA-VDCA Cricket Stadium,1,25.4,Sri Lanka,India,AD Mathews,WU Tharanga,HH Pandya,0,0,,,,,,,,,
1122728,2017/18,2017-12-17,Dr. Y.S. Rajasekhara Reddy ACA-VDCA Cricket Stadium,1,25.5,Sri Lanka,India,AD Mathews,WU Tharanga,HH Pandya,0,0,,,,,,,,,
1122728,2017/18,2017-12-17,Dr. Y.S. Rajasekhara Reddy ACA-VDCA Cricket Stadium,1,25.6,Sri Lanka,India,AD Mathews,WU Tharanga,HH Pandya,0,0,,,,,,,,,
1122728,2017/18,2017-12-17,Dr. Y.S. Rajasekhara Reddy ACA-VDCA Cricket Stadium,1,26.1,Sri Lanka,India,WU Tharanga,AD Mathews,YS Chahal,1,0,,,,,,,,,
1122728,2017/18,2017-12-17,Dr. Y.S. Rajasekhara Reddy ACA-VDCA Cricket Stadium,1,26.2,Sri Lanka,India,AD Mathews,WU Tharanga,YS Chahal,1,0,,,,,,,,,
1122728,2017/18,2017-12-17,Dr. Y.S. Rajasekhara Reddy ACA-VDCA Cricket Stadium,1,26.3,Sri Lanka,India,WU Tharanga,AD Mathews,YS Chahal,6,0,,,,,,,,,
1122728,2017/18,2017-12-17,Dr. Y.S. Rajasekhara Reddy ACA-VDCA Cricket Stadium,1,26.4,Sri Lanka,India,WU Tharanga,AD Mathews,YS Chahal,1,0,,,,,,,,,
1122728,2017/18,2017-12-17,Dr. Y.S. Rajasekhara Reddy ACA-VDCA Cricket Stadium,1,26.5,Sri Lanka,India,AD Mathews,WU Tharanga,YS Chahal,0,0,,,,,,,,,
1122728,2017/18,2017-12-17,Dr. Y.S. Rajasekhara Reddy ACA-VDCA Cricket Stadium,1,26.6,Sri Lanka,India,AD Mathews,WU Tharanga,YS Chahal,0,0,,,,,,,,,
1122728,2017/18,2017-12-17,Dr. Y.S. Rajasekhara Reddy ACA-VDCA Cricket Stadium,1,27.1,Sri Lanka,India,WU Tharanga,AD Mathews,Kuldeep Yadav,0,0,,,,,,stumped,WU Tharanga,,
1122728,2017/18,2017-12-17,Dr. Y.S. Rajasekhara Reddy ACA-VDCA Cricket Stadium,1,27.2,Sri Lanka,India,N Dickwella,AD Mathews,Kuldeep Yadav,4,0,,,,,,,,,
1122728,2017/18,2017-12-17,Dr. Y.S. Rajasekhara Reddy ACA-VDCA Cricket Stadium,1,27.3,Sri Lanka,India,N Dickwella,AD Mathews,Kuldeep Yadav,0,0,,,,,,,,,
1122728,2017/18,2017-12-17,Dr. Y.S. Rajasekhara Reddy ACA-VDCA Cricket Stadium,1,27.4,Sri Lanka,India,N Dickwella,AD Mathews,Kuldeep Yadav,4,0,,,,,,,,,
1122728,2017/18,2017-12-17,Dr. Y.S. Rajasekhara Reddy ACA-VDCA Cricket Stadium,1,27.5,Sri Lanka,India,N Dickwella,AD Mathews,Kuldeep Yadav,0,0,,,,,,caught,N Dickwella,,
1122728,2017/18,2017-12-17,Dr. Y.S. Rajasekhara Reddy ACA-VDCA Cricket Stadium,1,27.6,Sri Lanka,India,DAS Gunaratne,AD Mathews,Kuldeep Yadav,0,0,,,,,,,,,
1122728,2017/18,2017-12-17,Dr. Y.S. Rajasekhara Reddy ACA-VDCA Cricket Stadium,1,28.1,Sri Lanka,India,AD Mathews,DAS Gunaratne,HH Pandya,1,0,,,,,,,,,
1122728,2017/18,2017-12-17,Dr. Y.S. Rajasekhara Reddy ACA-VDCA Cricket Stadium,1,28.2,Sri Lanka,India,DAS Gunaratne,AD Mathews,HH Pandya,0,0,,,,,,,,,
1122728,2017/18,2017-12-17,Dr. Y.S. Rajasekhara Reddy ACA-VDCA Cricket Stadium,1,28.3,Sri Lanka,India,DAS Gunaratne,AD Mathews,HH Pandya,0,0,,,,,,,,,
1122728,2017/18,2017-12-17,Dr. Y.S. Rajasekhara Reddy ACA-VDCA Cricket Stadium,1,28.4,Sri Lanka,India,DAS Gunaratne,AD Mathews,HH Pandya,0,0,,,,,,,,,
1122728,2017/18,2017-12-17,Dr. Y.S. Rajasekhara Reddy ACA-VDCA Cricket Stadium,1,28.5,Sri Lanka,India,DAS Gunaratne,AD Mathews,HH Pandya,1,0,,,,,,,,,
1122728,2017/18,2017-12-17,Dr. Y.S. Rajasekhara Reddy ACA-VDCA Cricket Stadium,1,28.6,Sri Lanka,India,AD Mathews,DAS Gunaratne,HH Pandya,0,0,,,,,,,,,
1122728,2017/18,2017-12-17,Dr. Y.S. Rajasekhara Reddy ACA-VDCA Cricket Stadium,1,29.1,Sri Lanka,India,DAS Gunaratne,AD Mathews,Kuldeep Yadav,1,0,,,,,,,,,
1122728,2017/18,2017-12-17,Dr. Y.S. Rajasekhara Reddy ACA-VDCA Cricket Stadium,1,29.2,Sri Lanka,India,AD Mathews,DAS Gunaratne,Kuldeep Yadav,2,0,,,,,,,,,
1122728,2017/18,2017-12-17,Dr. Y.S. Rajasekhara Reddy ACA-VDCA Cricket Stadium,1,29.3,Sri Lanka,India,AD Mathews,DAS Gunaratne,Kuldeep Yadav,1,0,,,,,,,,,
1122728,2017/18,2017-12-17,Dr. Y.S. Rajasekhara Reddy ACA-VDCA Cricket Stadium,1,29.4,Sri Lanka,India,DAS Gunaratne,AD Mathews,Kuldeep Yadav,1,0,,,,,,,,,
1122728,2017/18,2017-12-17,Dr. Y.S. Rajasekhara Reddy ACA-VDCA Cricket Stadium,1,29.5,Sri Lanka,India,AD Mathews,DAS Gunaratne,Kuldeep Yadav,0,0,,,,,,,,,
1122728,2017/18,2017-12-17,Dr. Y.S. Rajasekhara Reddy ACA-VDCA Cricket Stadium,1,29.6,Sri Lanka,India,AD Mathews,DAS Gunaratne,Kuldeep Yadav,0,0,,,,,,,,,
1122728,2017/18,2017-12-17,Dr. Y.S. Rajasekhara Reddy ACA-VDCA Cricket Stadium,1,30.1,Sri Lanka,India,DAS Gunaratne,AD Mathews,HH Pandya,0,0,,,,,,,,,
1122728,2017/18,2017-12-17,Dr. Y.S. Rajasekhara Reddy ACA-VDCA Cricket Stadium,1,30.2,Sri Lanka,India,DAS Gunaratne,AD Mathews,HH Pandya,0,0,,,,,,,,,
1122728,2017/18,2017-12-17,Dr. Y.S. Rajasekhara Reddy ACA-VDCA Cricket Stadium,1,30.3,Sri Lanka,India,DAS Gunaratne,AD Mathews,HH Pandya,0,0,,,,,,,,,
1122728,2017/18,2017-12-17,Dr. Y.S. Rajasekhara Reddy ACA-VDCA Cricket Stadium,1,30.4,Sri Lanka,India,DAS Gunaratne,AD Mathews,HH Pandya,0,0,,,,,,,,,
1122728,2017/18,2017-12-17,Dr. Y.S. Rajasekhara Reddy ACA-VDCA Cricket Stadium,1,30.5,Sri Lanka,India,DAS Gunaratne,AD Mathews,HH Pandya,0,1,,,,1,,,,,
1122728,2017/18,2017-12-17,Dr. Y.S. Rajasekhara Reddy ACA-VDCA Cricket Stadium,1,30.6,Sri Lanka,India,AD Mathews,DAS Gunaratne,HH Pandya,0,0,,,,,,,,,
1122728,2017/18,2017-12-17,Dr. Y.S. Rajasekhara Reddy ACA-VDCA Cricket Stadium,1,31.1,Sri Lanka,India,DAS Gunaratne,AD Mathews,Kuldeep Yadav,0,1,1,,,,,,,,
1122728,2017/18,2017-12-17,Dr. Y.S. Rajasekhara Reddy ACA-VDCA Cricket Stadium,1,31.2,Sri Lanka,India,DAS Gunaratne,AD Mathews,Kuldeep Yadav,0,0,,,,,,,,,
1122728,2017/18,2017-12-17,Dr. Y.S. Rajasekhara Reddy ACA-VDCA Cricket Stadium,1,31.3,Sri Lanka,India,DAS Gunaratne,AD Mathews,Kuldeep Yadav,1,0,,,,,,,,,
1122728,2017/18,2017-12-17,Dr. Y.S. Rajasekhara Reddy ACA-VDCA Cricket Stadium,1,31.4,Sri Lanka,India,AD Mathews,DAS Gunaratne,Kuldeep Yadav,1,0,,,,,,,,,
1122728,2017/18,2017-12-17,Dr. Y.S. Rajasekhara Reddy ACA-VDCA Cricket Stadium,1,31.5,Sri Lanka,India,DAS Gunaratne,AD Mathews,Kuldeep Yadav,0,1,1,,,,,,,,
1122728,2017/18,2017-12-17,Dr. Y.S. Rajasekhara Reddy ACA-VDCA Cricket Stadium,1,31.6,Sri Lanka,India,DAS Gunaratne,AD Mathews,Kuldeep Yadav,1,0,,,,,,,,,
1122728,2017/18,2017-12-17,Dr. Y.S. Rajasekhara Reddy ACA-VDCA Cricket Stadium,1,31.7,Sri Lanka,India,AD Mathews,DAS Gunaratne,Kuldeep Yadav,0,0,,,,,,,,,
1122728,2017/18,2017-12-17,Dr. Y.S. Rajasekhara Reddy ACA-VDCA Cricket Stadium,1,31.8,Sri Lanka,India,AD Mathews,DAS Gunaratne,Kuldeep Yadav,0,0,,,,,,,,,
1122728,2017/18,2017-12-17,Dr. Y.S. Rajasekhara Reddy ACA-VDCA Cricket Stadium,1,32.1,Sri Lanka,India,DAS Gunaratne,AD Mathews,JJ Bumrah,0,0,,,,,,,,,
1122728,2017/18,2017-12-17,Dr. Y.S. Rajasekhara Reddy ACA-VDCA Cricket Stadium,1,32.2,Sri Lanka,India,DAS Gunaratne,AD Mathews,JJ Bumrah,1,0,,,,,,,,,
1122728,2017/18,2017-12-17,Dr. Y.S. Rajasekhara Reddy ACA-VDCA Cricket Stadium,1,32.3,Sri Lanka,India,AD Mathews,DAS Gunaratne,JJ Bumrah,4,0,,,,,,,,,
1122728,2017/18,2017-12-17,Dr. Y.S. Rajasekhara Reddy ACA-VDCA Cricket Stadium,1,32.4,Sri Lanka,India,AD Mathews,DAS Gunaratne,JJ Bumrah,0,0,,,,,,,,,
1122728,2017/18,2017-12-17,Dr. Y.S. Rajasekhara Reddy ACA-VDCA Cricket Stadium,1,32.5,Sri Lanka,India,AD Mathews,DAS Gunaratne,JJ Bumrah,1,0,,,,,,,,,
1122728,2017/18,2017-12-17,Dr. Y.S. Rajasekhara Reddy ACA-VDCA Cricket Stadium,1,32.6,Sri Lanka,India,DAS Gunaratne,AD Mathews,JJ Bumrah,0,0,,,,,,,,,
1122728,2017/18,2017-12-17,Dr. Y.S. Rajasekhara Reddy ACA-VDCA Cricket Stadium,1,33.1,Sri Lanka,India,AD Mathews,DAS Gunaratne,YS Chahal,0,0,,,,,,,,,
1122728,2017/18,2017-12-17,Dr. Y.S. Rajasekhara Reddy ACA-VDCA Cricket Stadium,1,33.2,Sri Lanka,India,AD Mathews,DAS Gunaratne,YS Chahal,1,0,,,,,,,,,
1122728,2017/18,2017-12-17,Dr. Y.S. Rajasekhara Reddy ACA-VDCA Cricket Stadium,1,33.3,Sri Lanka,India,DAS Gunaratne,AD Mathews,YS Chahal,0,0,,,,,,,,,
1122728,2017/18,2017-12-17,Dr. Y.S. Rajasekhara Reddy ACA-VDCA Cricket Stadium,1,33.4,Sri Lanka,India,DAS Gunaratne,AD Mathews,YS Chahal,1,0,,,,,,,,,
1122728,2017/18,2017-12-17,Dr. Y.S. Rajasekhara Reddy ACA-VDCA Cricket Stadium,1,33.5,Sri Lanka,India,AD Mathews,DAS Gunaratne,YS Chahal,0,0,,,,,,bowled,AD Mathews,,
1122728,2017/18,2017-12-17,Dr. Y.S. Rajasekhara Reddy ACA-VDCA Cricket Stadium,1,33.6,Sri Lanka,India,NLTC Perera,DAS Gunaratne,YS Chahal,0,0,,,,,,,,,
1122728,2017/18,2017-12-17,Dr. Y.S. Rajasekhara Reddy ACA-VDCA Cricket Stadium,1,34.1,Sri Lanka,India,DAS Gunaratne,NLTC Perera,JJ Bumrah,1,0,,,,,,,,,
1122728,2017/18,2017-12-17,Dr. Y.S. Rajasekhara Reddy ACA-VDCA Cricket Stadium,1,34.2,Sri Lanka,India,NLTC Perera,DAS Gunaratne,JJ Bumrah,2,0,,,,,,,,,
1122728,2017/18,2017-12-17,Dr. Y.S. Rajasekhara Reddy ACA-VDCA Cricket Stadium,1,34.3,Sri Lanka,India,NLTC Perera,DAS Gunaratne,JJ Bumrah,2,0,,,,,,,,,
1122728,2017/18,2017-12-17,Dr. Y.S. Rajasekhara Reddy ACA-VDCA Cricket Stadium,1,34.4,Sri Lanka,India,NLTC Perera,DAS Gunaratne,JJ Bumrah,1,0,,,,,,,,,
1122728,2017/18,2017-12-17,Dr. Y.S. Rajasekhara Reddy ACA-VDCA Cricket Stadium,1,34.5,Sri Lanka,India,DAS Gunaratne,NLTC Perera,JJ Bumrah,1,0,,,,,,,,,
1122728,2017/18,2017-12-17,Dr. Y.S. Rajasekhara Reddy ACA-VDCA Cricket Stadium,1,34.6,Sri Lanka,India,NLTC Perera,DAS Gunaratne,JJ Bumrah,1,0,,,,,,,,,
1122728,2017/18,2017-12-17,Dr. Y.S. Rajasekhara Reddy ACA-VDCA Cricket Stadium,1,35.1,Sri Lanka,India,NLTC Perera,DAS Gunaratne,YS Chahal,0,0,,,,,,lbw,NLTC Perera,,
1122728,2017/18,2017-12-17,Dr. Y.S. Rajasekhara Reddy ACA-VDCA Cricket Stadium,1,35.2,Sri Lanka,India,SS Pathirana,DAS Gunaratne,YS Chahal,0,0,,,,,,,,,
1122728,2017/18,2017-12-17,Dr. Y.S. Rajasekhara Reddy ACA-VDCA Cricket Stadium,1,35.3,Sri Lanka,India,SS Pathirana,DAS Gunaratne,YS Chahal,0,0,,,,,,,,,
1122728,2017/18,2017-12-17,Dr. Y.S. Rajasekhara Reddy ACA-VDCA Cricket Stadium,1,35.4,Sri Lanka,India,SS Pathirana,DAS Gunaratne,YS Chahal,4,0,,,,,,,,,
1122728,2017/18,2017-12-17,Dr. Y.S. Rajasekhara Reddy ACA-VDCA Cricket Stadium,1,35.5,Sri Lanka,India,SS Pathirana,DAS Gunaratne,YS Chahal,0,0,,,,,,,,,
1122728,2017/18,2017-12-17,Dr. Y.S. Rajasekhara Reddy ACA-VDCA Cricket Stadium,1,35.6,Sri Lanka,India,SS Pathirana,DAS Gunaratne,YS Chahal,1,0,,,,,,,,,
1122728,2017/18,2017-12-17,Dr. Y.S. Rajasekhara Reddy ACA-VDCA Cricket Stadium,1,36.1,Sri Lanka,India,SS Pathirana,DAS Gunaratne,B Kumar,1,0,,,,,,,,,
1122728,2017/18,2017-12-17,Dr. Y.S. Rajasekhara Reddy ACA-VDCA Cricket Stadium,1,36.2,Sri Lanka,India,DAS Gunaratne,SS Pathirana,B Kumar,1,0,,,,,,,,,
1122728,2017/18,2017-12-17,Dr. Y.S. Rajasekhara Reddy ACA-VDCA Cricket Stadium,1,36.3,Sri Lanka,India,SS Pathirana,DAS Gunaratne,B Kumar,0,0,,,,,,,,,
1122728,2017/18,2017-12-17,Dr. Y.S. Rajasekhara Reddy ACA-VDCA Cricket Stadium,1,36.4,Sri Lanka,India,SS Pathirana,DAS Gunaratne,B Kumar,0,0,,,,,,,,,
1122728,2017/18,2017-12-17,Dr. Y.S. Rajasekhara Reddy ACA-VDCA Cricket Stadium,1,36.5,Sri Lanka,India,SS Pathirana,DAS Gunaratne,B Kumar,0,0,,,,,,,,,
1122728,2017/18,2017-12-17,Dr. Y.S. Rajasekhara Reddy ACA-VDCA Cricket Stadium,1,36.6,Sri Lanka,India,SS Pathirana,DAS Gunaratne,B Kumar,0,0,,,,,,,,,
1122728,2017/18,2017-12-17,Dr. Y.S. Rajasekhara Reddy ACA-VDCA Cricket Stadium,1,37.1,Sri Lanka,India,DAS Gunaratne,SS Pathirana,YS Chahal,0,0,,,,,,,,,
1122728,2017/18,2017-12-17,Dr. Y.S. Rajasekhara Reddy ACA-VDCA Cricket Stadium,1,37.2,Sri Lanka,India,DAS Gunaratne,SS Pathirana,YS Chahal,0,0,,,,,,,,,
1122728,2017/18,2017-12-17,Dr. Y.S. Rajasekhara Reddy ACA-VDCA Cricket Stadium,1,37.3,Sri Lanka,India,DAS Gunaratne,SS Pathirana,YS Chahal,0,0,,,,,,,,,
1122728,2017/18,2017-12-17,Dr. Y.S. Rajasekhara Reddy ACA-VDCA Cricket Stadium,1,37.4,Sri Lanka,India,DAS Gunaratne,SS Pathirana,YS Chahal,0,0,,,,,,,,,
1122728,2017/18,2017-12-17,Dr. Y.S. Rajasekhara Reddy ACA-VDCA Cricket Stadium,1,37.5,Sri Lanka,India,DAS Gunaratne,SS Pathirana,YS Chahal,0,0,,,,,,,,,
1122728,2017/18,2017-12-17,Dr. Y.S. Rajasekhara Reddy ACA-VDCA Cricket Stadium,1,37.6,Sri Lanka,India,DAS Gunaratne,SS Pathirana,YS Chahal,0,0,,,,,,,,,
1122728,2017/18,2017-12-17,Dr. Y.S. Rajasekhara Reddy ACA-VDCA Cricket Stadium,1,38.1,Sri Lanka,India,SS Pathirana,DAS Gunaratne,HH Pandya,1,0,,,,,,,,,
1122728,2017/18,2017-12-17,Dr. Y.S. Rajasekhara Reddy ACA-VDCA Cricket Stadium,1,38.2,Sri Lanka,India,DAS Gunaratne,SS Pathirana,HH Pandya,2,0,,,,,,,,,
1122728,2017/18,2017-12-17,Dr. Y.S. Rajasekhara Reddy ACA-VDCA Cricket Stadium,1,38.3,Sri Lanka,India,DAS Gunaratne,SS Pathirana,HH Pandya,1,0,,,,,,,,,
1122728,2017/18,2017-12-17,Dr. Y.S. Rajasekhara Reddy ACA-VDCA Cricket Stadium,1,38.4,Sri Lanka,India,SS Pathirana,DAS Gunaratne,HH Pandya,0,0,,,,,,caught,SS Pathirana,,
1122728,2017/18,2017-12-17,Dr. Y.S. Rajasekhara Reddy ACA-VDCA Cricket Stadium,1,38.5,Sri Lanka,India,DAS Gunaratne,A Dananjaya,HH Pandya,0,0,,,,,,,,,
1122728,2017/18,2017-12-17,Dr. Y.S. Rajasekhara Reddy ACA-VDCA Cricket Stadium,1,38.6,Sri Lanka,India,DAS Gunaratne,A Dananjaya,HH Pandya,0,0,,,,,,,,,
1122728,2017/18,2017-12-17,Dr. Y.S. Rajasekhara Reddy ACA-VDCA Cricket Stadium,1,39.1,Sri Lanka,India,A Dananjaya,DAS Gunaratne,Kuldeep Yadav,0,0,,,,,,,,,
1122728,2017/18,2017-12-17,Dr. Y.S. Rajasekhara Reddy ACA-VDCA Cricket Stadium,1,39.2,Sri Lanka,India,A Dananjaya,DAS Gunaratne,Kuldeep Yadav,0,0,,,,,,,,,
1122728,2017/18,2017-12-17,Dr. Y.S. Rajasekhara Reddy ACA-VDCA Cricket Stadium,1,39.3,Sri Lanka,India,A Dananjaya,DAS Gunaratne,Kuldeep Yadav,1,0,,,,,,,,,
1122728,2017/18,2017-12-17,Dr. Y.S. Rajasekhara Reddy ACA-VDCA Cricket Stadium,1,39.4,Sri Lanka,India,DAS Gunaratne,A Dananjaya,Kuldeep Yadav,1,0,,,,,,,,,
1122728,2017/18,2017-12-17,Dr. Y.S. Rajasekhara Reddy ACA-VDCA Cricket Stadium,1,39.5,Sri Lanka,India,A Dananjaya,DAS Gunaratne,Kuldeep Yadav,0,0,,,,,,bowled,A Dananjaya,,
1122728,2017/18,2017-12-17,Dr. Y.S. Rajasekhara Reddy ACA-VDCA Cricket Stadium,1,39.6,Sri Lanka,India,RAS Lakmal,DAS Gunaratne,Kuldeep Yadav,1,0,,,,,,,,,
1122728,2017/18,2017-12-17,Dr. Y.S. Rajasekhara Reddy ACA-VDCA Cricket Stadium,1,40.1,Sri Lanka,India,RAS Lakmal,DAS Gunaratne,HH Pandya,0,0,,,,,,lbw,RAS Lakmal,,
1122728,2017/18,2017-12-17,Dr. Y.S. Rajasekhara Reddy ACA-VDCA Cricket Stadium,1,40.2,Sri Lanka,India,N Pradeep,DAS Gunaratne,HH Pandya,0,0,,,,,,,,,
1122728,2017/18,2017-12-17,Dr. Y.S. Rajasekhara Reddy ACA-VDCA Cricket Stadium,1,40.3,Sri Lanka,India,N Pradeep,DAS Gunaratne,HH Pandya,0,0,,,,,,,,,
1122728,2017/18,2017-12-17,Dr. Y.S. Rajasekhara Reddy ACA-VDCA Cricket Stadium,1,40.4,Sri Lanka,India,N Pradeep,DAS Gunaratne,HH Pandya,0,0,,,,,,,,,
1122728,2017/18,2017-12-17,Dr. Y.S. Rajasekhara Reddy ACA-VDCA Cricket Stadium,1,40.5,Sri Lanka,India,N Pradeep,DAS Gunaratne,HH Pandya,0,0,,,,,,,,,
1122728,2017/18,2017-12-17,Dr. Y.S. Rajasekhara Reddy ACA-VDCA Cricket Stadium,1,40.6,Sri Lanka,India,N Pradeep,DAS Gunaratne,HH Pandya,0,1,1,,,,,,,,
1122728,2017/18,2017-12-17,Dr. Y.S. Rajasekhara Reddy ACA-VDCA Cricket Stadium,1,40.7,Sri Lanka,India,N Pradeep,DAS Gunaratne,HH Pandya,0,0,,,,,,,,,
1122728,2017/18,2017-12-17,Dr. Y.S. Rajasekhara Reddy ACA-VDCA Cricket Stadium,1,41.1,Sri Lanka,India,DAS Gunaratne,N Pradeep,Kuldeep Yadav,0,0,,,,,,,,,
1122728,2017/18,2017-12-17,Dr. Y.S. Rajasekhara Reddy ACA-VDCA Cricket Stadium,1,41.2,Sri Lanka,India,DAS Gunaratne,N Pradeep,Kuldeep Yadav,0,0,,,,,,,,,
1122728,2017/18,2017-12-17,Dr. Y.S. Rajasekhara Reddy ACA-VDCA Cricket Stadium,1,41.3,Sri Lanka,India,DAS Gunaratne,N Pradeep,Kuldeep Yadav,0,0,,,,,,,,,
1122728,2017/18,2017-12-17,Dr. Y.S. Rajasekhara Reddy ACA-VDCA Cricket Stadium,1,41.4,Sri Lanka,India,DAS Gunaratne,N Pradeep,Kuldeep Yadav,0,0,,,,,,,,,
1122728,2017/18,2017-12-17,Dr. Y.S. Rajasekhara Reddy ACA-VDCA Cricket Stadium,1,41.5,Sri Lanka,India,DAS Gunaratne,N Pradeep,Kuldeep Yadav,0,0,,,,,,,,,
1122728,2017/18,2017-12-17,Dr. Y.S. Rajasekhara Reddy ACA-VDCA Cricket Stadium,1,41.6,Sri Lanka,India,DAS Gunaratne,N Pradeep,Kuldeep Yadav,1,0,,,,,,,,,
1122728,2017/18,2017-12-17,Dr. Y.S. Rajasekhara Reddy ACA-VDCA Cricket Stadium,1,42.1,Sri Lanka,India,DAS Gunaratne,N Pradeep,JJ Bumrah,2,0,,,,,,,,,
1122728,2017/18,2017-12-17,Dr. Y.S. Rajasekhara Reddy ACA-VDCA Cricket Stadium,1,42.2,Sri Lanka,India,DAS Gunaratne,N Pradeep,JJ Bumrah,0,0,,,,,,,,,
1122728,2017/18,2017-12-17,Dr. Y.S. Rajasekhara Reddy ACA-VDCA Cricket Stadium,1,42.3,Sri Lanka,India,DAS Gunaratne,N Pradeep,JJ Bumrah,0,0,,,,,,,,,
1122728,2017/18,2017-12-17,Dr. Y.S. Rajasekhara Reddy ACA-VDCA Cricket Stadium,1,42.4,Sri Lanka,India,DAS Gunaratne,N Pradeep,JJ Bumrah,0,0,,,,,,,,,
1122728,2017/18,2017-12-17,Dr. Y.S. Rajasekhara Reddy ACA-VDCA Cricket Stadium,1,42.5,Sri Lanka,India,DAS Gunaratne,N Pradeep,JJ Bumrah,0,0,,,,,,,,,
1122728,2017/18,2017-12-17,Dr. Y.S. Rajasekhara Reddy ACA-VDCA Cricket Stadium,1,42.6,Sri Lanka,India,DAS Gunaratne,N Pradeep,JJ Bumrah,0,0,,,,,,,,,
1122728,2017/18,2017-12-17,Dr. Y.S. Rajasekhara Reddy ACA-VDCA Cricket Stadium,1,43.1,Sri Lanka,India,N Pradeep,DAS Gunaratne,YS Chahal,0,0,,,,,,,,,
1122728,2017/18,2017-12-17,Dr. Y.S. Rajasekhara Reddy ACA-VDCA Cricket Stadium,1,43.2,Sri Lanka,India,N Pradeep,DAS Gunaratne,YS Chahal,0,0,,,,,,,,,
1122728,2017/18,2017-12-17,Dr. Y.S. Rajasekhara Reddy ACA-VDCA Cricket Stadium,1,43.3,Sri Lanka,India,N Pradeep,DAS Gunaratne,YS Chahal,0,0,,,,,,,,,
1122728,2017/18,2017-12-17,Dr. Y.S. Rajasekhara Reddy ACA-VDCA Cricket Stadium,1,43.4,Sri Lanka,India,N Pradeep,DAS Gunaratne,YS Chahal,0,0,,,,,,,,,
1122728,2017/18,2017-12-17,Dr. Y.S. Rajasekhara Reddy ACA-VDCA Cricket Stadium,1,43.5,Sri Lanka,India,N Pradeep,DAS Gunaratne,YS Chahal,0,0,,,,,,,,,
1122728,2017/18,2017-12-17,Dr. Y.S. Rajasekhara Reddy ACA-VDCA Cricket Stadium,1,43.6,Sri Lanka,India,N Pradeep,DAS Gunaratne,YS Chahal,0,0,,,,,,,,,
1122728,2017/18,2017-12-17,Dr. Y.S. Rajasekhara Reddy ACA-VDCA Cricket Stadium,1,44.1,Sri Lanka,India,DAS Gunaratne,N Pradeep,B Kumar,0,0,,,,,,,,,
1122728,2017/18,2017-12-17,Dr. Y.S. Rajasekhara Reddy ACA-VDCA Cricket Stadium,1,44.2,Sri Lanka,India,DAS Gunaratne,N Pradeep,B Kumar,0,0,,,,,,,,,
1122728,2017/18,2017-12-17,Dr. Y.S. Rajasekhara Reddy ACA-VDCA Cricket Stadium,1,44.3,Sri Lanka,India,DAS Gunaratne,N Pradeep,B Kumar,0,0,,,,,,,,,
1122728,2017/18,2017-12-17,Dr. Y.S. Rajasekhara Reddy ACA-VDCA Cricket Stadium,1,44.4,Sri Lanka,India,DAS Gunaratne,N Pradeep,B Kumar,0,0,,,,,,,,,
1122728,2017/18,2017-12-17,Dr. Y.S. Rajasekhara Reddy ACA-VDCA Cricket Stadium,1,44.5,Sri Lanka,India,DAS Gunaratne,N Pradeep,B Kumar,0,0,,,,,,caught,DAS Gunaratne,,
1122728,2017/18,2017-12-17,Dr. Y.S. Rajasekhara Reddy ACA-VDCA Cricket Stadium,2,0.1,India,Sri Lanka,RG Sharma,S Dhawan,RAS Lakmal,0,0,,,,,,,,,
1122728,2017/18,2017-12-17,Dr. Y.S. Rajasekhara Reddy ACA-VDCA Cricket Stadium,2,0.2,India,Sri Lanka,RG Sharma,S Dhawan,RAS Lakmal,0,0,,,,,,,,,
1122728,2017/18,2017-12-17,Dr. Y.S. Rajasekhara Reddy ACA-VDCA Cricket Stadium,2,0.3,India,Sri Lanka,RG Sharma,S Dhawan,RAS Lakmal,0,0,,,,,,,,,
1122728,2017/18,2017-12-17,Dr. Y.S. Rajasekhara Reddy ACA-VDCA Cricket Stadium,2,0.4,India,Sri Lanka,RG Sharma,S Dhawan,RAS Lakmal,0,0,,,,,,,,,
1122728,2017/18,2017-12-17,Dr. Y.S. Rajasekhara Reddy ACA-VDCA Cricket Stadium,2,0.5,India,Sri Lanka,RG Sharma,S Dhawan,RAS Lakmal,0,0,,,,,,,,,
1122728,2017/18,2017-12-17,Dr. Y.S. Rajasekhara Reddy ACA-VDCA Cricket Stadium,2,0.6,India,Sri Lanka,RG Sharma,S Dhawan,RAS Lakmal,0,0,,,,,,,,,
1122728,2017/18,2017-12-17,Dr. Y.S. Rajasekhara Reddy ACA-VDCA Cricket Stadium,2,1.1,India,Sri Lanka,S Dhawan,RG Sharma,A Dananjaya,1,0,,,,,,,,,
1122728,2017/18,2017-12-17,Dr. Y.S. Rajasekhara Reddy ACA-VDCA Cricket Stadium,2,1.2,India,Sri Lanka,RG Sharma,S Dhawan,A Dananjaya,1,0,,,,,,,,,
1122728,2017/18,2017-12-17,Dr. Y.S. Rajasekhara Reddy ACA-VDCA Cricket Stadium,2,1.3,India,Sri Lanka,S Dhawan,RG Sharma,A Dananjaya,1,0,,,,,,,,,
1122728,2017/18,2017-12-17,Dr. Y.S. Rajasekhara Reddy ACA-VDCA Cricket Stadium,2,1.4,India,Sri Lanka,RG Sharma,S Dhawan,A Dananjaya,0,0,,,,,,,,,
1122728,2017/18,2017-12-17,Dr. Y.S. Rajasekhara Reddy ACA-VDCA Cricket Stadium,2,1.5,India,Sri Lanka,RG Sharma,S Dhawan,A Dananjaya,0,0,,,,,,,,,
1122728,2017/18,2017-12-17,Dr. Y.S. Rajasekhara Reddy ACA-VDCA Cricket Stadium,2,1.6,India,Sri Lanka,RG Sharma,S Dhawan,A Dananjaya,0,0,,,,,,,,,
1122728,2017/18,2017-12-17,Dr. Y.S. Rajasekhara Reddy ACA-VDCA Cricket Stadium,2,2.1,India,Sri Lanka,S Dhawan,RG Sharma,RAS Lakmal,0,1,1,,,,,,,,
1122728,2017/18,2017-12-17,Dr. Y.S. Rajasekhara Reddy ACA-VDCA Cricket Stadium,2,2.2,India,Sri Lanka,S Dhawan,RG Sharma,RAS Lakmal,0,0,,,,,,,,,
1122728,2017/18,2017-12-17,Dr. Y.S. Rajasekhara Reddy ACA-VDCA Cricket Stadium,2,2.3,India,Sri Lanka,S Dhawan,RG Sharma,RAS Lakmal,0,0,,,,,,,,,
1122728,2017/18,2017-12-17,Dr. Y.S. Rajasekhara Reddy ACA-VDCA Cricket Stadium,2,2.4,India,Sri Lanka,S Dhawan,RG Sharma,RAS Lakmal,0,0,,,,,,,,,
1122728,2017/18,2017-12-17,Dr. Y.S. Rajasekhara Reddy ACA-VDCA Cricket Stadium,2,2.5,India,Sri Lanka,S Dhawan,RG Sharma,RAS Lakmal,0,0,,,,,,,,,
1122728,2017/18,2017-12-17,Dr. Y.S. Rajasekhara Reddy ACA-VDCA Cricket Stadium,2,2.6,India,Sri Lanka,S Dhawan,RG Sharma,RAS Lakmal,0,0,,,,,,,,,
1122728,2017/18,2017-12-17,Dr. Y.S. Rajasekhara Reddy ACA-VDCA Cricket Stadium,2,2.7,India,Sri Lanka,S Dhawan,RG Sharma,RAS Lakmal,4,0,,,,,,,,,
1122728,2017/18,2017-12-17,Dr. Y.S. Rajasekhara Reddy ACA-VDCA Cricket Stadium,2,3.1,India,Sri Lanka,RG Sharma,S Dhawan,A Dananjaya,0,0,,,,,,,,,
1122728,2017/18,2017-12-17,Dr. Y.S. Rajasekhara Reddy ACA-VDCA Cricket Stadium,2,3.2,India,Sri Lanka,RG Sharma,S Dhawan,A Dananjaya,6,0,,,,,,,,,
1122728,2017/18,2017-12-17,Dr. Y.S. Rajasekhara Reddy ACA-VDCA Cricket Stadium,2,3.3,India,Sri Lanka,RG Sharma,S Dhawan,A Dananjaya,0,0,,,,,,,,,
1122728,2017/18,2017-12-17,Dr. Y.S. Rajasekhara Reddy ACA-VDCA Cricket Stadium,2,3.4,India,Sri Lanka,RG Sharma,S Dhawan,A Dananjaya,0,0,,,,,,bowled,RG Sharma,,
1122728,2017/18,2017-12-17,Dr. Y.S. Rajasekhara Reddy ACA-VDCA Cricket Stadium,2,3.5,India,Sri Lanka,SS Iyer,S Dhawan,A Dananjaya,1,0,,,,,,,,,
1122728,2017/18,2017-12-17,Dr. Y.S. Rajasekhara Reddy ACA-VDCA Cricket Stadium,2,3.6,India,Sri Lanka,S Dhawan,SS Iyer,A Dananjaya,1,0,,,,,,,,,
1122728,2017/18,2017-12-17,Dr. Y.S. Rajasekhara Reddy ACA-VDCA Cricket Stadium,2,4.1,India,Sri Lanka,S Dhawan,SS Iyer,RAS Lakmal,0,1,,,,1,,,,,
1122728,2017/18,2017-12-17,Dr. Y.S. Rajasekhara Reddy ACA-VDCA Cricket Stadium,2,4.2,India,Sri Lanka,SS Iyer,S Dhawan,RAS Lakmal,0,0,,,,,,,,,
1122728,2017/18,2017-12-17,Dr. Y.S. Rajasekhara Reddy ACA-VDCA Cricket Stadium,2,4.3,India,Sri Lanka,SS Iyer,S Dhawan,RAS Lakmal,0,0,,,,,,,,,
1122728,2017/18,2017-12-17,Dr. Y.S. Rajasekhara Reddy ACA-VDCA Cricket Stadium,2,4.4,India,Sri Lanka,SS Iyer,S Dhawan,RAS Lakmal,0,0,,,,,,,,,
1122728,2017/18,2017-12-17,Dr. Y.S. Rajasekhara Reddy ACA-VDCA Cricket Stadium,2,4.5,India,Sri Lanka,SS Iyer,S Dhawan,RAS Lakmal,0,0,,,,,,,,,
1122728,2017/18,2017-12-17,Dr. Y.S. Rajasekhara Reddy ACA-VDCA Cricket Stadium,2,4.6,India,Sri Lanka,SS Iyer,S Dhawan,RAS Lakmal,0,0,,,,,,,,,
1122728,2017/18,2017-12-17,Dr. Y.S. Rajasekhara Reddy ACA-VDCA Cricket Stadium,2,5.1,India,Sri Lanka,S Dhawan,SS Iyer,A Dananjaya,4,0,,,,,,,,,
1122728,2017/18,2017-12-17,Dr. Y.S. Rajasekhara Reddy ACA-VDCA Cricket Stadium,2,5.2,India,Sri Lanka,S Dhawan,SS Iyer,A Dananjaya,0,0,,,,,,,,,
1122728,2017/18,2017-12-17,Dr. Y.S. Rajasekhara Reddy ACA-VDCA Cricket Stadium,2,5.3,India,Sri Lanka,S Dhawan,SS Iyer,A Dananjaya,0,0,,,,,,,,,
1122728,2017/18,2017-12-17,Dr. Y.S. Rajasekhara Reddy ACA-VDCA Cricket Stadium,2,5.4,India,Sri Lanka,S Dhawan,SS Iyer,A Dananjaya,0,0,,,,,,,,,
1122728,2017/18,2017-12-17,Dr. Y.S. Rajasekhara Reddy ACA-VDCA Cricket Stadium,2,5.5,India,Sri Lanka,S Dhawan,SS Iyer,A Dananjaya,0,5,5,,,,,,,,
1122728,2017/18,2017-12-17,Dr. Y.S. Rajasekhara Reddy ACA-VDCA Cricket Stadium,2,5.6,India,Sri Lanka,S Dhawan,SS Iyer,A Dananjaya,0,0,,,,,,,,,
1122728,2017/18,2017-12-17,Dr. Y.S. Rajasekhara Reddy ACA-VDCA Cricket Stadium,2,5.7,India,Sri Lanka,S Dhawan,SS Iyer,A Dananjaya,0,0,,,,,,,,,
1122728,2017/18,2017-12-17,Dr. Y.S. Rajasekhara Reddy ACA-VDCA Cricket Stadium,2,6.1,India,Sri Lanka,SS Iyer,S Dhawan,RAS Lakmal,0,0,,,,,,,,,
1122728,2017/18,2017-12-17,Dr. Y.S. Rajasekhara Reddy ACA-VDCA Cricket Stadium,2,6.2,India,Sri Lanka,SS Iyer,S Dhawan,RAS Lakmal,0,0,,,,,,,,,
1122728,2017/18,2017-12-17,Dr. Y.S. Rajasekhara Reddy ACA-VDCA Cricket Stadium,2,6.3,India,Sri Lanka,SS Iyer,S Dhawan,RAS Lakmal,0,0,,,,,,,,,
1122728,2017/18,2017-12-17,Dr. Y.S. Rajasekhara Reddy ACA-VDCA Cricket Stadium,2,6.4,India,Sri Lanka,SS Iyer,S Dhawan,RAS Lakmal,1,0,,,,,,,,,
1122728,2017/18,2017-12-17,Dr. Y.S. Rajasekhara Reddy ACA-VDCA Cricket Stadium,2,6.5,India,Sri Lanka,S Dhawan,SS Iyer,RAS Lakmal,0,0,,,,,,,,,
1122728,2017/18,2017-12-17,Dr. Y.S. Rajasekhara Reddy ACA-VDCA Cricket Stadium,2,6.6,India,Sri Lanka,S Dhawan,SS Iyer,RAS Lakmal,1,0,,,,,,,,,
1122728,2017/18,2017-12-17,Dr. Y.S. Rajasekhara Reddy ACA-VDCA Cricket Stadium,2,7.1,India,Sri Lanka,S Dhawan,SS Iyer,A Dananjaya,1,0,,,,,,,,,
1122728,2017/18,2017-12-17,Dr. Y.S. Rajasekhara Reddy ACA-VDCA Cricket Stadium,2,7.2,India,Sri Lanka,SS Iyer,S Dhawan,A Dananjaya,1,0,,,,,,,,,
1122728,2017/18,2017-12-17,Dr. Y.S. Rajasekhara Reddy ACA-VDCA Cricket Stadium,2,7.3,India,Sri Lanka,S Dhawan,SS Iyer,A Dananjaya,1,0,,,,,,,,,
1122728,2017/18,2017-12-17,Dr. Y.S. Rajasekhara Reddy ACA-VDCA Cricket Stadium,2,7.4,India,Sri Lanka,SS Iyer,S Dhawan,A Dananjaya,0,0,,,,,,,,,
1122728,2017/18,2017-12-17,Dr. Y.S. Rajasekhara Reddy ACA-VDCA Cricket Stadium,2,7.5,India,Sri Lanka,SS Iyer,S Dhawan,A Dananjaya,1,0,,,,,,,,,
1122728,2017/18,2017-12-17,Dr. Y.S. Rajasekhara Reddy ACA-VDCA Cricket Stadium,2,7.6,India,Sri Lanka,S Dhawan,SS Iyer,A Dananjaya,0,0,,,,,,,,,
1122728,2017/18,2017-12-17,Dr. Y.S. Rajasekhara Reddy ACA-VDCA Cricket Stadium,2,8.1,India,Sri Lanka,SS Iyer,S Dhawan,RAS Lakmal,2,0,,,,,,,,,
1122728,2017/18,2017-12-17,Dr. Y.S. Rajasekhara Reddy ACA-VDCA Cricket Stadium,2,8.2,India,Sri Lanka,SS Iyer,S Dhawan,RAS Lakmal,2,0,,,,,,,,,
1122728,2017/18,2017-12-17,Dr. Y.S. Rajasekhara Reddy ACA-VDCA Cricket Stadium,2,8.3,India,Sri Lanka,SS Iyer,S Dhawan,RAS Lakmal,1,0,,,,,,,,,
1122728,2017/18,2017-12-17,Dr. Y.S. Rajasekhara Reddy ACA-VDCA Cricket Stadium,2,8.4,India,Sri Lanka,S Dhawan,SS Iyer,RAS Lakmal,4,0,,,,,,,,,
1122728,2017/18,2017-12-17,Dr. Y.S. Rajasekhara Reddy ACA-VDCA Cricket Stadium,2,8.5,India,Sri Lanka,S Dhawan,SS Iyer,RAS Lakmal,0,0,,,,,,,,,
1122728,2017/18,2017-12-17,Dr. Y.S. Rajasekhara Reddy ACA-VDCA Cricket Stadium,2,8.6,India,Sri Lanka,S Dhawan,SS Iyer,RAS Lakmal,4,0,,,,,,,,,
1122728,2017/18,2017-12-17,Dr. Y.S. Rajasekhara Reddy ACA-VDCA Cricket Stadium,2,9.1,India,Sri Lanka,SS Iyer,S Dhawan,A Dananjaya,1,0,,,,,,,,,
1122728,2017/18,2017-12-17,Dr. Y.S. Rajasekhara Reddy ACA-VDCA Cricket Stadium,2,9.2,India,Sri Lanka,S Dhawan,SS Iyer,A Dananjaya,4,0,,,,,,,,,
1122728,2017/18,2017-12-17,Dr. Y.S. Rajasekhara Reddy ACA-VDCA Cricket Stadium,2,9.3,India,Sri Lanka,S Dhawan,SS Iyer,A Dananjaya,1,0,,,,,,,,,
1122728,2017/18,2017-12-17,Dr. Y.S. Rajasekhara Reddy ACA-VDCA Cricket Stadium,2,9.4,India,Sri Lanka,SS Iyer,S Dhawan,A Dananjaya,4,0,,,,,,,,,
1122728,2017/18,2017-12-17,Dr. Y.S. Rajasekhara Reddy ACA-VDCA Cricket Stadium,2,9.5,India,Sri Lanka,SS Iyer,S Dhawan,A Dananjaya,0,0,,,,,,,,,
1122728,2017/18,2017-12-17,Dr. Y.S. Rajasekhara Reddy ACA-VDCA Cricket Stadium,2,9.6,India,Sri Lanka,SS Iyer,S Dhawan,A Dananjaya,0,0,,,,,,,,,
1122728,2017/18,2017-12-17,Dr. Y.S. Rajasekhara Reddy ACA-VDCA Cricket Stadium,2,10.1,India,Sri Lanka,S Dhawan,SS Iyer,AD Mathews,1,0,,,,,,,,,
1122728,2017/18,2017-12-17,Dr. Y.S. Rajasekhara Reddy ACA-VDCA Cricket Stadium,2,10.2,India,Sri Lanka,SS Iyer,S Dhawan,AD Mathews,4,0,,,,,,,,,
1122728,2017/18,2017-12-17,Dr. Y.S. Rajasekhara Reddy ACA-VDCA Cricket Stadium,2,10.3,India,Sri Lanka,SS Iyer,S Dhawan,AD Mathews,0,0,,,,,,,,,
1122728,2017/18,2017-12-17,Dr. Y.S. Rajasekhara Reddy ACA-VDCA Cricket Stadium,2,10.4,India,Sri Lanka,SS Iyer,S Dhawan,AD Mathews,2,0,,,,,,,,,
1122728,2017/18,2017-12-17,Dr. Y.S. Rajasekhara Reddy ACA-VDCA Cricket Stadium,2,10.5,India,Sri Lanka,SS Iyer,S Dhawan,AD Mathews,4,0,,,,,,,,,
1122728,2017/18,2017-12-17,Dr. Y.S. Rajasekhara Reddy ACA-VDCA Cricket Stadium,2,10.6,India,Sri Lanka,SS Iyer,S Dhawan,AD Mathews,1,0,,,,,,,,,
1122728,2017/18,2017-12-17,Dr. Y.S. Rajasekhara Reddy ACA-VDCA Cricket Stadium,2,11.1,India,Sri Lanka,SS Iyer,S Dhawan,SS Pathirana,4,0,,,,,,,,,
1122728,2017/18,2017-12-17,Dr. Y.S. Rajasekhara Reddy ACA-VDCA Cricket Stadium,2,11.2,India,Sri Lanka,SS Iyer,S Dhawan,SS Pathirana,1,0,,,,,,,,,
1122728,2017/18,2017-12-17,Dr. Y.S. Rajasekhara Reddy ACA-VDCA Cricket Stadium,2,11.3,India,Sri Lanka,S Dhawan,SS Iyer,SS Pathirana,2,0,,,,,,,,,
1122728,2017/18,2017-12-17,Dr. Y.S. Rajasekhara Reddy ACA-VDCA Cricket Stadium,2,11.4,India,Sri Lanka,S Dhawan,SS Iyer,SS Pathirana,1,0,,,,,,,,,
1122728,2017/18,2017-12-17,Dr. Y.S. Rajasekhara Reddy ACA-VDCA Cricket Stadium,2,11.5,India,Sri Lanka,SS Iyer,S Dhawan,SS Pathirana,0,0,,,,,,,,,
1122728,2017/18,2017-12-17,Dr. Y.S. Rajasekhara Reddy ACA-VDCA Cricket Stadium,2,11.6,India,Sri Lanka,SS Iyer,S Dhawan,SS Pathirana,0,0,,,,,,,,,
1122728,2017/18,2017-12-17,Dr. Y.S. Rajasekhara Reddy ACA-VDCA Cricket Stadium,2,12.1,India,Sri Lanka,S Dhawan,SS Iyer,N Pradeep,1,0,,,,,,,,,
1122728,2017/18,2017-12-17,Dr. Y.S. Rajasekhara Reddy ACA-VDCA Cricket Stadium,2,12.2,India,Sri Lanka,SS Iyer,S Dhawan,N Pradeep,0,0,,,,,,,,,
1122728,2017/18,2017-12-17,Dr. Y.S. Rajasekhara Reddy ACA-VDCA Cricket Stadium,2,12.3,India,Sri Lanka,SS Iyer,S Dhawan,N Pradeep,0,0,,,,,,,,,
1122728,2017/18,2017-12-17,Dr. Y.S. Rajasekhara Reddy ACA-VDCA Cricket Stadium,2,12.4,India,Sri Lanka,SS Iyer,S Dhawan,N Pradeep,1,0,,,,,,,,,
1122728,2017/18,2017-12-17,Dr. Y.S. Rajasekhara Reddy ACA-VDCA Cricket Stadium,2,12.5,India,Sri Lanka,S Dhawan,SS Iyer,N Pradeep,0,0,,,,,,,,,
1122728,2017/18,2017-12-17,Dr. Y.S. Rajasekhara Reddy ACA-VDCA Cricket Stadium,2,12.6,India,Sri Lanka,S Dhawan,SS Iyer,N Pradeep,0,0,,,,,,,,,
1122728,2017/18,2017-12-17,Dr. Y.S. Rajasekhara Reddy ACA-VDCA Cricket Stadium,2,13.1,India,Sri Lanka,SS Iyer,S Dhawan,SS Pathirana,1,0,,,,,,,,,
1122728,2017/18,2017-12-17,Dr. Y.S. Rajasekhara Reddy ACA-VDCA Cricket Stadium,2,13.2,India,Sri Lanka,S Dhawan,SS Iyer,SS Pathirana,1,0,,,,,,,,,
1122728,2017/18,2017-12-17,Dr. Y.S. Rajasekhara Reddy ACA-VDCA Cricket Stadium,2,13.3,India,Sri Lanka,SS Iyer,S Dhawan,SS Pathirana,1,0,,,,,,,,,
1122728,2017/18,2017-12-17,Dr. Y.S. Rajasekhara Reddy ACA-VDCA Cricket Stadium,2,13.4,India,Sri Lanka,S Dhawan,SS Iyer,SS Pathirana,1,0,,,,,,,,,
1122728,2017/18,2017-12-17,Dr. Y.S. Rajasekhara Reddy ACA-VDCA Cricket Stadium,2,13.5,India,Sri Lanka,SS Iyer,S Dhawan,SS Pathirana,4,0,,,,,,,,,
1122728,2017/18,2017-12-17,Dr. Y.S. Rajasekhara Reddy ACA-VDCA Cricket Stadium,2,13.6,India,Sri Lanka,SS Iyer,S Dhawan,SS Pathirana,1,0,,,,,,,,,
1122728,2017/18,2017-12-17,Dr. Y.S. Rajasekhara Reddy ACA-VDCA Cricket Stadium,2,14.1,India,Sri Lanka,SS Iyer,S Dhawan,N Pradeep,0,0,,,,,,,,,
1122728,2017/18,2017-12-17,Dr. Y.S. Rajasekhara Reddy ACA-VDCA Cricket Stadium,2,14.2,India,Sri Lanka,SS Iyer,S Dhawan,N Pradeep,0,0,,,,,,,,,
1122728,2017/18,2017-12-17,Dr. Y.S. Rajasekhara Reddy ACA-VDCA Cricket Stadium,2,14.3,India,Sri Lanka,SS Iyer,S Dhawan,N Pradeep,4,0,,,,,,,,,
1122728,2017/18,2017-12-17,Dr. Y.S. Rajasekhara Reddy ACA-VDCA Cricket Stadium,2,14.4,India,Sri Lanka,SS Iyer,S Dhawan,N Pradeep,0,0,,,,,,,,,
1122728,2017/18,2017-12-17,Dr. Y.S. Rajasekhara Reddy ACA-VDCA Cricket Stadium,2,14.5,India,Sri Lanka,SS Iyer,S Dhawan,N Pradeep,0,0,,,,,,,,,
1122728,2017/18,2017-12-17,Dr. Y.S. Rajasekhara Reddy ACA-VDCA Cricket Stadium,2,14.6,India,Sri Lanka,SS Iyer,S Dhawan,N Pradeep,1,0,,,,,,,,,
1122728,2017/18,2017-12-17,Dr. Y.S. Rajasekhara Reddy ACA-VDCA Cricket Stadium,2,15.1,India,Sri Lanka,SS Iyer,S Dhawan,SS Pathirana,6,0,,,,,,,,,
1122728,2017/18,2017-12-17,Dr. Y.S. Rajasekhara Reddy ACA-VDCA Cricket Stadium,2,15.2,India,Sri Lanka,SS Iyer,S Dhawan,SS Pathirana,1,0,,,,,,,,,
1122728,2017/18,2017-12-17,Dr. Y.S. Rajasekhara Reddy ACA-VDCA Cricket Stadium,2,15.3,India,Sri Lanka,S Dhawan,SS Iyer,SS Pathirana,1,0,,,,,,,,,
1122728,2017/18,2017-12-17,Dr. Y.S. Rajasekhara Reddy ACA-VDCA Cricket Stadium,2,15.4,India,Sri Lanka,SS Iyer,S Dhawan,SS Pathirana,4,0,,,,,,,,,
1122728,2017/18,2017-12-17,Dr. Y.S. Rajasekhara Reddy ACA-VDCA Cricket Stadium,2,15.5,India,Sri Lanka,SS Iyer,S Dhawan,SS Pathirana,0,0,,,,,,,,,
1122728,2017/18,2017-12-17,Dr. Y.S. Rajasekhara Reddy ACA-VDCA Cricket Stadium,2,15.6,India,Sri Lanka,SS Iyer,S Dhawan,SS Pathirana,0,0,,,,,,,,,
1122728,2017/18,2017-12-17,Dr. Y.S. Rajasekhara Reddy ACA-VDCA Cricket Stadium,2,16.1,India,Sri Lanka,S Dhawan,SS Iyer,N Pradeep,1,0,,,,,,,,,
1122728,2017/18,2017-12-17,Dr. Y.S. Rajasekhara Reddy ACA-VDCA Cricket Stadium,2,16.2,India,Sri Lanka,SS Iyer,S Dhawan,N Pradeep,1,0,,,,,,,,,
1122728,2017/18,2017-12-17,Dr. Y.S. Rajasekhara Reddy ACA-VDCA Cricket Stadium,2,16.3,India,Sri Lanka,S Dhawan,SS Iyer,N Pradeep,1,0,,,,,,,,,
1122728,2017/18,2017-12-17,Dr. Y.S. Rajasekhara Reddy ACA-VDCA Cricket Stadium,2,16.4,India,Sri Lanka,SS Iyer,S Dhawan,N Pradeep,0,0,,,,,,,,,
1122728,2017/18,2017-12-17,Dr. Y.S. Rajasekhara Reddy ACA-VDCA Cricket Stadium,2,16.5,India,Sri Lanka,SS Iyer,S Dhawan,N Pradeep,0,0,,,,,,,,,
1122728,2017/18,2017-12-17,Dr. Y.S. Rajasekhara Reddy ACA-VDCA Cricket Stadium,2,16.6,India,Sri Lanka,SS Iyer,S Dhawan,N Pradeep,0,0,,,,,,,,,
1122728,2017/18,2017-12-17,Dr. Y.S. Rajasekhara Reddy ACA-VDCA Cricket Stadium,2,17.1,India,Sri Lanka,S Dhawan,SS Iyer,A Dananjaya,0,0,,,,,,,,,
1122728,2017/18,2017-12-17,Dr. Y.S. Rajasekhara Reddy ACA-VDCA Cricket Stadium,2,17.2,India,Sri Lanka,S Dhawan,SS Iyer,A Dananjaya,1,0,,,,,,,,,
1122728,2017/18,2017-12-17,Dr. Y.S. Rajasekhara Reddy ACA-VDCA Cricket Stadium,2,17.3,India,Sri Lanka,SS Iyer,S Dhawan,A Dananjaya,0,0,,,,,,,,,
1122728,2017/18,2017-12-17,Dr. Y.S. Rajasekhara Reddy ACA-VDCA Cricket Stadium,2,17.4,India,Sri Lanka,SS Iyer,S Dhawan,A Dananjaya,2,0,,,,,,,,,
1122728,2017/18,2017-12-17,Dr. Y.S. Rajasekhara Reddy ACA-VDCA Cricket Stadium,2,17.5,India,Sri Lanka,SS Iyer,S Dhawan,A Dananjaya,0,0,,,,,,,,,
1122728,2017/18,2017-12-17,Dr. Y.S. Rajasekhara Reddy ACA-VDCA Cricket Stadium,2,17.6,India,Sri Lanka,SS Iyer,S Dhawan,A Dananjaya,0,0,,,,,,,,,
1122728,2017/18,2017-12-17,Dr. Y.S. Rajasekhara Reddy ACA-VDCA Cricket Stadium,2,18.1,India,Sri Lanka,S Dhawan,SS Iyer,NLTC Perera,1,0,,,,,,,,,
1122728,2017/18,2017-12-17,Dr. Y.S. Rajasekhara Reddy ACA-VDCA Cricket Stadium,2,18.2,India,Sri Lanka,SS Iyer,S Dhawan,NLTC Perera,0,0,,,,,,,,,
1122728,2017/18,2017-12-17,Dr. Y.S. Rajasekhara Reddy ACA-VDCA Cricket Stadium,2,18.3,India,Sri Lanka,SS Iyer,S Dhawan,NLTC Perera,1,0,,,,,,,,,
1122728,2017/18,2017-12-17,Dr. Y.S. Rajasekhara Reddy ACA-VDCA Cricket Stadium,2,18.4,India,Sri Lanka,S Dhawan,SS Iyer,NLTC Perera,4,0,,,,,,,,,
1122728,2017/18,2017-12-17,Dr. Y.S. Rajasekhara Reddy ACA-VDCA Cricket Stadium,2,18.5,India,Sri Lanka,S Dhawan,SS Iyer,NLTC Perera,0,0,,,,,,,,,
1122728,2017/18,2017-12-17,Dr. Y.S. Rajasekhara Reddy ACA-VDCA Cricket Stadium,2,18.6,India,Sri Lanka,S Dhawan,SS Iyer,NLTC Perera,1,0,,,,,,,,,
1122728,2017/18,2017-12-17,Dr. Y.S. Rajasekhara Reddy ACA-VDCA Cricket Stadium,2,19.1,India,Sri Lanka,S Dhawan,SS Iyer,A Dananjaya,0,0,,,,,,,,,
1122728,2017/18,2017-12-17,Dr. Y.S. Rajasekhara Reddy ACA-VDCA Cricket Stadium,2,19.2,India,Sri Lanka,S Dhawan,SS Iyer,A Dananjaya,0,0,,,,,,,,,
1122728,2017/18,2017-12-17,Dr. Y.S. Rajasekhara Reddy ACA-VDCA Cricket Stadium,2,19.3,India,Sri Lanka,S Dhawan,SS Iyer,A Dananjaya,6,0,,,,,,,,,
1122728,2017/18,2017-12-17,Dr. Y.S. Rajasekhara Reddy ACA-VDCA Cricket Stadium,2,19.4,India,Sri Lanka,S Dhawan,SS Iyer,A Dananjaya,1,0,,,,,,,,,
1122728,2017/18,2017-12-17,Dr. Y.S. Rajasekhara Reddy ACA-VDCA Cricket Stadium,2,19.5,India,Sri Lanka,SS Iyer,S Dhawan,A Dananjaya,0,0,,,,,,,,,
1122728,2017/18,2017-12-17,Dr. Y.S. Rajasekhara Reddy ACA-VDCA Cricket Stadium,2,19.6,India,Sri Lanka,SS Iyer,S Dhawan,A Dananjaya,4,0,,,,,,,,,
1122728,2017/18,2017-12-17,Dr. Y.S. Rajasekhara Reddy ACA-VDCA Cricket Stadium,2,20.1,India,Sri Lanka,S Dhawan,SS Iyer,NLTC Perera,1,0,,,,,,,,,
1122728,2017/18,2017-12-17,Dr. Y.S. Rajasekhara Reddy ACA-VDCA Cricket Stadium,2,20.2,India,Sri Lanka,SS Iyer,S Dhawan,NLTC Perera,1,0,,,,,,,,,
1122728,2017/18,2017-12-17,Dr. Y.S. Rajasekhara Reddy ACA-VDCA Cricket Stadium,2,20.3,India,Sri Lanka,S Dhawan,SS Iyer,NLTC Perera,0,0,,,,,,,,,
1122728,2017/18,2017-12-17,Dr. Y.S. Rajasekhara Reddy ACA-VDCA Cricket Stadium,2,20.4,India,Sri Lanka,S Dhawan,SS Iyer,NLTC Perera,0,0,,,,,,,,,
1122728,2017/18,2017-12-17,Dr. Y.S. Rajasekhara Reddy ACA-VDCA Cricket Stadium,2,20.5,India,Sri Lanka,S Dhawan,SS Iyer,NLTC Perera,1,0,,,,,,,,,
1122728,2017/18,2017-12-17,Dr. Y.S. Rajasekhara Reddy ACA-VDCA Cricket Stadium,2,20.6,India,Sri Lanka,SS Iyer,S Dhawan,NLTC Perera,1,0,,,,,,,,,
1122728,2017/18,2017-12-17,Dr. Y.S. Rajasekhara Reddy ACA-VDCA Cricket Stadium,2,21.1,India,Sri Lanka,SS Iyer,S Dhawan,DAS Gunaratne,0,1,1,,,,,,,,
1122728,2017/18,2017-12-17,Dr. Y.S. Rajasekhara Reddy ACA-VDCA Cricket Stadium,2,21.2,India,Sri Lanka,SS Iyer,S Dhawan,DAS Gunaratne,0,5,5,,,,,,,,
1122728,2017/18,2017-12-17,Dr. Y.S. Rajasekhara Reddy ACA-VDCA Cricket Stadium,2,21.3,India,Sri Lanka,SS Iyer,S Dhawan,DAS Gunaratne,0,1,1,,,,,,,,
1122728,2017/18,2017-12-17,Dr. Y.S. Rajasekhara Reddy ACA-VDCA Cricket Stadium,2,21.4,India,Sri Lanka,SS Iyer,S Dhawan,DAS Gunaratne,1,0,,,,,,,,,
1122728,2017/18,2017-12-17,Dr. Y.S. Rajasekhara Reddy ACA-VDCA Cricket Stadium,2,21.5,India,Sri Lanka,S Dhawan,SS Iyer,DAS Gunaratne,0,0,,,,,,,,,
1122728,2017/18,2017-12-17,Dr. Y.S. Rajasekhara Reddy ACA-VDCA Cricket Stadium,2,21.6,India,Sri Lanka,S Dhawan,SS Iyer,DAS Gunaratne,0,0,,,,,,,,,
1122728,2017/18,2017-12-17,Dr. Y.S. Rajasekhara Reddy ACA-VDCA Cricket Stadium,2,21.7,India,Sri Lanka,S Dhawan,SS Iyer,DAS Gunaratne,0,4,,,4,,,,,,
1122728,2017/18,2017-12-17,Dr. Y.S. Rajasekhara Reddy ACA-VDCA Cricket Stadium,2,21.8,India,Sri Lanka,S Dhawan,SS Iyer,DAS Gunaratne,4,0,,,,,,,,,
1122728,2017/18,2017-12-17,Dr. Y.S. Rajasekhara Reddy ACA-VDCA Cricket Stadium,2,21.9,India,Sri Lanka,S Dhawan,SS Iyer,DAS Gunaratne,1,0,,,,,,,,,
1122728,2017/18,2017-12-17,Dr. Y.S. Rajasekhara Reddy ACA-VDCA Cricket Stadium,2,22.1,India,Sri Lanka,S Dhawan,SS Iyer,NLTC Perera,0,0,,,,,,,,,
1122728,2017/18,2017-12-17,Dr. Y.S. Rajasekhara Reddy ACA-VDCA Cricket Stadium,2,22.2,India,Sri Lanka,S Dhawan,SS Iyer,NLTC Perera,0,0,,,,,,,,,
1122728,2017/18,2017-12-17,Dr. Y.S. Rajasekhara Reddy ACA-VDCA Cricket Stadium,2,22.3,India,Sri Lanka,S Dhawan,SS Iyer,NLTC Perera,1,0,,,,,,,,,
1122728,2017/18,2017-12-17,Dr. Y.S. Rajasekhara Reddy ACA-VDCA Cricket Stadium,2,22.4,India,Sri Lanka,SS Iyer,S Dhawan,NLTC Perera,0,0,,,,,,caught,SS Iyer,,
1122728,2017/18,2017-12-17,Dr. Y.S. Rajasekhara Reddy ACA-VDCA Cricket Stadium,2,22.5,India,Sri Lanka,KD Karthik,S Dhawan,NLTC Perera,1,0,,,,,,,,,
1122728,2017/18,2017-12-17,Dr. Y.S. Rajasekhara Reddy ACA-VDCA Cricket Stadium,2,22.6,India,Sri Lanka,S Dhawan,KD Karthik,NLTC Perera,0,1,,,,1,,,,,
1122728,2017/18,2017-12-17,Dr. Y.S. Rajasekhara Reddy ACA-VDCA Cricket Stadium,2,23.1,India,Sri Lanka,S Dhawan,KD Karthik,SS Pathirana,1,0,,,,,,,,,
1122728,2017/18,2017-12-17,Dr. Y.S. Rajasekhara Reddy ACA-VDCA Cricket Stadium,2,23.2,India,Sri Lanka,KD Karthik,S Dhawan,SS Pathirana,1,0,,,,,,,,,
1122728,2017/18,2017-12-17,Dr. Y.S. Rajasekhara Reddy ACA-VDCA Cricket Stadium,2,23.3,India,Sri Lanka,S Dhawan,KD Karthik,SS Pathirana,1,0,,,,,,,,,
1122728,2017/18,2017-12-17,Dr. Y.S. Rajasekhara Reddy ACA-VDCA Cricket Stadium,2,23.4,India,Sri Lanka,KD Karthik,S Dhawan,SS Pathirana,0,0,,,,,,,,,
1122728,2017/18,2017-12-17,Dr. Y.S. Rajasekhara Reddy ACA-VDCA Cricket Stadium,2,23.5,India,Sri Lanka,KD Karthik,S Dhawan,SS Pathirana,0,0,,,,,,,,,
1122728,2017/18,2017-12-17,Dr. Y.S. Rajasekhara Reddy ACA-VDCA Cricket Stadium,2,23.6,India,Sri Lanka,KD Karthik,S Dhawan,SS Pathirana,1,0,,,,,,,,,
1122728,2017/18,2017-12-17,Dr. Y.S. Rajasekhara Reddy ACA-VDCA Cricket Stadium,2,24.1,India,Sri Lanka,KD Karthik,S Dhawan,NLTC Perera,0,0,,,,,,,,,
1122728,2017/18,2017-12-17,Dr. Y.S. Rajasekhara Reddy ACA-VDCA Cricket Stadium,2,24.2,India,Sri Lanka,KD Karthik,S Dhawan,NLTC Perera,4,0,,,,,,,,,
1122728,2017/18,2017-12-17,Dr. Y.S. Rajasekhara Reddy ACA-VDCA Cricket Stadium,2,24.3,India,Sri Lanka,KD Karthik,S Dhawan,NLTC Perera,0,0,,,,,,,,,
1122728,2017/18,2017-12-17,Dr. Y.S. Rajasekhara Reddy ACA-VDCA Cricket Stadium,2,24.4,India,Sri Lanka,KD Karthik,S Dhawan,NLTC Perera,0,0,,,,,,,,,
1122728,2017/18,2017-12-17,Dr. Y.S. Rajasekhara Reddy ACA-VDCA Cricket Stadium,2,24.5,India,Sri Lanka,KD Karthik,S Dhawan,NLTC Perera,0,0,,,,,,,,,
1122728,2017/18,2017-12-17,Dr. Y.S. Rajasekhara Reddy ACA-VDCA Cricket Stadium,2,24.6,India,Sri Lanka,KD Karthik,S Dhawan,NLTC Perera,0,0,,,,,,,,,
1122728,2017/18,2017-12-17,Dr. Y.S. Rajasekhara Reddy ACA-VDCA Cricket Stadium,2,25.1,India,Sri Lanka,S Dhawan,KD Karthik,DAS Gunaratne,0,0,,,,,,,,,
1122728,2017/18,2017-12-17,Dr. Y.S. Rajasekhara Reddy ACA-VDCA Cricket Stadium,2,25.2,India,Sri Lanka,S Dhawan,KD Karthik,DAS Gunaratne,0,0,,,,,,,,,
1122728,2017/18,2017-12-17,Dr. Y.S. Rajasekhara Reddy ACA-VDCA Cricket Stadium,2,25.3,India,Sri Lanka,S Dhawan,KD Karthik,DAS Gunaratne,1,0,,,,,,,,,
1122728,2017/18,2017-12-17,Dr. Y.S. Rajasekhara Reddy ACA-VDCA Cricket Stadium,2,25.4,India,Sri Lanka,KD Karthik,S Dhawan,DAS Gunaratne,0,0,,,,,,,,,
1122728,2017/18,2017-12-17,Dr. Y.S. Rajasekhara Reddy ACA-VDCA Cricket Stadium,2,25.5,India,Sri Lanka,KD Karthik,S Dhawan,DAS Gunaratne,1,0,,,,,,,,,
1122728,2017/18,2017-12-17,Dr. Y.S. Rajasekhara Reddy ACA-VDCA Cricket Stadium,2,25.6,India,Sri Lanka,S Dhawan,KD Karthik,DAS Gunaratne,1,0,,,,,,,,,
1122728,2017/18,2017-12-17,Dr. Y.S. Rajasekhara Reddy ACA-VDCA Cricket Stadium,2,26.1,India,Sri Lanka,S Dhawan,KD Karthik,NLTC Perera,1,0,,,,,,,,,
1122728,2017/18,2017-12-17,Dr. Y.S. Rajasekhara Reddy ACA-VDCA Cricket Stadium,2,26.2,India,Sri Lanka,KD Karthik,S Dhawan,NLTC Perera,0,0,,,,,,,,,
1122728,2017/18,2017-12-17,Dr. Y.S. Rajasekhara Reddy ACA-VDCA Cricket Stadium,2,26.3,India,Sri Lanka,KD Karthik,S Dhawan,NLTC Perera,1,0,,,,,,,,,
1122728,2017/18,2017-12-17,Dr. Y.S. Rajasekhara Reddy ACA-VDCA Cricket Stadium,2,26.4,India,Sri Lanka,S Dhawan,KD Karthik,NLTC Perera,4,0,,,,,,,,,
1122728,2017/18,2017-12-17,Dr. Y.S. Rajasekhara Reddy ACA-VDCA Cricket Stadium,2,26.5,India,Sri Lanka,S Dhawan,KD Karthik,NLTC Perera,1,0,,,,,,,,,
1122728,2017/18,2017-12-17,Dr. Y.S. Rajasekhara Reddy ACA-VDCA Cricket Stadium,2,26.6,India,Sri Lanka,KD Karthik,S Dhawan,NLTC Perera,1,0,,,,,,,,,
1122728,2017/18,2017-12-17,Dr. Y.S. Rajasekhara Reddy ACA-VDCA Cricket Stadium,2,27.1,India,Sri Lanka,KD Karthik,S Dhawan,DAS Gunaratne,2,0,,,,,,,,,
1122728,2017/18,2017-12-17,Dr. Y.S. Rajasekhara Reddy ACA-VDCA Cricket Stadium,2,27.2,India,Sri Lanka,KD Karthik,S Dhawan,DAS Gunaratne,1,0,,,,,,,,,
1122728,2017/18,2017-12-17,Dr. Y.S. Rajasekhara Reddy ACA-VDCA Cricket Stadium,2,27.3,India,Sri Lanka,S Dhawan,KD Karthik,DAS Gunaratne,1,0,,,,,,,,,
1122728,2017/18,2017-12-17,Dr. Y.S. Rajasekhara Reddy ACA-VDCA Cricket Stadium,2,27.4,India,Sri Lanka,KD Karthik,S Dhawan,DAS Gunaratne,0,0,,,,,,,,,
1122728,2017/18,2017-12-17,Dr. Y.S. Rajasekhara Reddy ACA-VDCA Cricket Stadium,2,27.5,India,Sri Lanka,KD Karthik,S Dhawan,DAS Gunaratne,0,0,,,,,,,,,
1122728,2017/18,2017-12-17,Dr. Y.S. Rajasekhara Reddy ACA-VDCA Cricket Stadium,2,27.6,India,Sri Lanka,KD Karthik,S Dhawan,DAS Gunaratne,0,0,,,,,,,,,
1122728,2017/18,2017-12-17,Dr. Y.S. Rajasekhara Reddy ACA-VDCA Cricket Stadium,2,28.1,India,Sri Lanka,S Dhawan,KD Karthik,AD Mathews,4,0,,,,,,,,,
1122728,2017/18,2017-12-17,Dr. Y.S. Rajasekhara Reddy ACA-VDCA Cricket Stadium,2,28.2,India,Sri Lanka,S Dhawan,KD Karthik,AD Mathews,1,0,,,,,,,,,
1122728,2017/18,2017-12-17,Dr. Y.S. Rajasekhara Reddy ACA-VDCA Cricket Stadium,2,28.3,India,Sri Lanka,KD Karthik,S Dhawan,AD Mathews,0,0,,,,,,,,,
1122728,2017/18,2017-12-17,Dr. Y.S. Rajasekhara Reddy ACA-VDCA Cricket Stadium,2,28.4,India,Sri Lanka,KD Karthik,S Dhawan,AD Mathews,1,0,,,,,,,,,
1122728,2017/18,2017-12-17,Dr. Y.S. Rajasekhara Reddy ACA-VDCA Cricket Stadium,2,28.5,India,Sri Lanka,S Dhawan,KD Karthik,AD Mathews,0,0,,,,,,,,,
1122728,2017/18,2017-12-17,Dr. Y.S. Rajasekhara Reddy ACA-VDCA Cricket Stadium,2,28.6,India,Sri Lanka,S Dhawan,KD Karthik,AD Mathews,1,0,,,,,,,,,
1122728,2017/18,2017-12-17,Dr. Y.S. Rajasekhara Reddy ACA-VDCA Cricket Stadium,2,29.1,India,Sri Lanka,S Dhawan,KD Karthik,MD Gunathilaka,0,0,,,,,,,,,
1122728,2017/18,2017-12-17,Dr. Y.S. Rajasekhara Reddy ACA-VDCA Cricket Stadium,2,29.2,India,Sri Lanka,S Dhawan,KD Karthik,MD Gunathilaka,6,0,,,,,,,,,
1122728,2017/18,2017-12-17,Dr. Y.S. Rajasekhara Reddy ACA-VDCA Cricket Stadium,2,29.3,India,Sri Lanka,S Dhawan,KD Karthik,MD Gunathilaka,0,0,,,,,,,,,
1122728,2017/18,2017-12-17,Dr. Y.S. Rajasekhara Reddy ACA-VDCA Cricket Stadium,2,29.4,India,Sri Lanka,S Dhawan,KD Karthik,MD Gunathilaka,4,0,,,,,,,,,
1122728,2017/18,2017-12-17,Dr. Y.S. Rajasekhara Reddy ACA-VDCA Cricket Stadium,2,29.5,India,Sri Lanka,S Dhawan,KD Karthik,MD Gunathilaka,1,0,,,,,,,,,
1122728,2017/18,2017-12-17,Dr. Y.S. Rajasekhara Reddy ACA-VDCA Cricket Stadium,2,29.6,India,Sri Lanka,KD Karthik,S Dhawan,MD Gunathilaka,1,0,,,,,,,,,
1122728,2017/18,2017-12-17,Dr. Y.S. Rajasekhara Reddy ACA-VDCA Cricket Stadium,2,30.1,India,Sri Lanka,KD Karthik,S Dhawan,AD Mathews,0,0,,,,,,,,,
1122728,2017/18,2017-12-17,Dr. Y.S. Rajasekhara Reddy ACA-VDCA Cricket Stadium,2,30.2,India,Sri Lanka,KD Karthik,S Dhawan,AD Mathews,1,0,,,,,,,,,
1122728,2017/18,2017-12-17,Dr. Y.S. Rajasekhara Reddy ACA-VDCA Cricket Stadium,2,30.3,India,Sri Lanka,S Dhawan,KD Karthik,AD Mathews,4,0,,,,,,,,,
1122728,2017/18,2017-12-17,Dr. Y.S. Rajasekhara Reddy ACA-VDCA Cricket Stadium,2,30.4,India,Sri Lanka,S Dhawan,KD Karthik,AD Mathews,1,0,,,,,,,,,
1122728,2017/18,2017-12-17,Dr. Y.S. Rajasekhara Reddy ACA-VDCA Cricket Stadium,2,30.5,India,Sri Lanka,KD Karthik,S Dhawan,AD Mathews,4,0,,,,,,,,,
1122728,2017/18,2017-12-17,Dr. Y.S. Rajasekhara Reddy ACA-VDCA Cricket Stadium,2,30.6,India,Sri Lanka,KD Karthik,S Dhawan,AD Mathews,1,0,,,,,,,,,
1122728,2017/18,2017-12-17,Dr. Y.S. Rajasekhara Reddy ACA-VDCA Cricket Stadium,2,31.1,India,Sri Lanka,KD Karthik,S Dhawan,DAS Gunaratne,0,0,,,,,,,,,
1122728,2017/18,2017-12-17,Dr. Y.S. Rajasekhara Reddy ACA-VDCA Cricket Stadium,2,31.2,India,Sri Lanka,KD Karthik,S Dhawan,DAS Gunaratne,1,0,,,,,,,,,
1122728,2017/18,2017-12-17,Dr. Y.S. Rajasekhara Reddy ACA-VDCA Cricket Stadium,2,31.3,India,Sri Lanka,S Dhawan,KD Karthik,DAS Gunaratne,4,0,,,,,,,,,
1122728,2017/18,2017-12-17,Dr. Y.S. Rajasekhara Reddy ACA-VDCA Cricket Stadium,2,31.4,India,Sri Lanka,S Dhawan,KD Karthik,DAS Gunaratne,0,1,1,,,,,,,,
1122728,2017/18,2017-12-17,Dr. Y.S. Rajasekhara Reddy ACA-VDCA Cricket Stadium,2,31.5,India,Sri Lanka,S Dhawan,KD Karthik,DAS Gunaratne,0,0,,,,,,,,,
1122728,2017/18,2017-12-17,Dr. Y.S. Rajasekhara Reddy ACA-VDCA Cricket Stadium,2,31.6,India,Sri Lanka,S Dhawan,KD Karthik,DAS Gunaratne,4,0,,,,,,,,,
1122728,2017/18,2017-12-17,Dr. Y.S. Rajasekhara Reddy ACA-VDCA Cricket Stadium,2,31.7,India,Sri Lanka,S Dhawan,KD Karthik,DAS Gunaratne,0,0,,,,,,,,,
1122728,2017/18,2017-12-17,Dr. Y.S. Rajasekhara Reddy ACA-VDCA Cricket Stadium,2,32.1,India,Sri Lanka,KD Karthik,S Dhawan,A Dananjaya,0,1,1,,,,,,,,
1122728,2017/18,2017-12-17,Dr. Y.S. Rajasekhara Reddy ACA-VDCA Cricket Stadium,2,32.2,India,Sri Lanka,KD Karthik,S Dhawan,A Dananjaya,4,0,,,,,,,,,
