version,2.1.0
info,balls_per_over,6
info,team,Bangladesh
info,team,Sri Lanka
info,gender,male
info,season,2017/18
info,date,2018/01/19
info,event,Tri-Nation Tournament in Bangladesh
info,match_number,3
info,venue,"Shere Bangla National Stadium, Mirpur"
info,city,Dhaka
info,toss_winner,Bangladesh
info,toss_decision,bat
info,player_of_match,Shakib Al Hasan
info,umpire,C Shamshuddin
info,umpire,Anisur Rahman
info,reserve_umpire,Masudur Rahman
info,tv_umpire,BNJ Oxenford
info,match_referee,DC Boon
info,winner,Bangladesh
info,winner_runs,163
info,player,Bangladesh,Tamim Iqbal
info,player,Bangladesh,Anamul Haque
info,player,Bangladesh,Shakib Al Hasan
info,player,Bangladesh,Mushfiqur Rahim
info,player,Bangladesh,Mahmudullah
info,player,Bangladesh,Sabbir Rahman
info,player,Bangladesh,Mashrafe Mortaza
info,player,Bangladesh,Nasir Hossain
info,player,Bangladesh,Mohammad Saifuddin
info,player,Bangladesh,Rubel Hossain
info,player,Bangladesh,Mustafizur Rahman
info,player,Sri Lanka,MDKJ Perera
info,player,Sri Lanka,WU Tharanga
info,player,Sri Lanka,BKG Mendis
info,player,Sri Lanka,N Dickwella
info,player,Sri Lanka,LD Chandimal
info,player,Sri Lanka,DAS Gunaratne
info,player,Sri Lanka,NLTC Perera
info,player,Sri Lanka,PWH de Silva
info,player,Sri Lanka,A Dananjaya
info,player,Sri Lanka,RAS Lakmal
info,player,Sri Lanka,N Pradeep
info,registry,people,A Dananjaya,5b16a806
info,registry,people,Anamul Haque,72b245dd
info,registry,people,Anisur Rahman,affbf093
info,registry,people,BKG Mendis,5d1e7582
info,registry,people,BNJ Oxenford,c1add349
info,registry,people,C Shamshuddin,0f9d921b
info,registry,people,DAS Gunaratne,770494eb
info,registry,people,DC Boon,e79a1fe3
info,registry,people,LD Chandimal,8dd02a98
info,registry,people,MDKJ Perera,f21043a5
info,registry,people,Mahmudullah,bf1d7d3e
info,registry,people,Mashrafe Mortaza,e186f49c
info,registry,people,Masudur Rahman,9581ac6b
info,registry,people,Mohammad Saifuddin,b3a28446
info,registry,people,Mushfiqur Rahim,a94e08ea
info,registry,people,Mustafizur Rahman,0a8fce53
info,registry,people,N Dickwella,45963d9e
info,registry,people,N Pradeep,2af838ee
info,registry,people,NLTC Perera,0f12f9df
info,registry,people,Nasir Hossain,6eea0b32
info,registry,people,PWH de Silva,a97c8ec2
info,registry,people,RAS Lakmal,2f28dc94
info,registry,people,Rubel Hossain,f56cd097
info,registry,people,Sabbir Rahman,7147f314
info,registry,people,Shakib Al Hasan,7dc35884
info,registry,people,Tamim Iqbal,3b041a12
info,registry,people,WU Tharanga,7ed9fd56
