match_id,season,start_date,venue,innings,ball,batting_team,bowling_team,striker,non_striker,bowler,runs_off_bat,extras,wides,noballs,byes,legbyes,penalty,wicket_type,player_dismissed,other_wicket_type,other_player_dismissed
1130743,2017/18,2018-01-27,"Shere Bangla National Stadium, Mirpur",1,0.1,Sri Lanka,Bangladesh,MD Gunathilaka,WU Tharanga,Mehedi Hasan Miraz,4,0,,,,,,,,,
1130743,2017/18,2018-01-27,"Shere Bangla National Stadium, Mirpur",1,0.2,Sri Lanka,Bangladesh,MD Gunathilaka,WU Tharanga,Mehedi Hasan Miraz,0,0,,,,,,,,,
1130743,2017/18,2018-01-27,"Shere Bangla National Stadium, Mirpur",1,0.3,Sri Lanka,Bangladesh,MD Gunathilaka,WU Tharanga,Mehedi Hasan Miraz,0,0,,,,,,,,,
1130743,2017/18,2018-01-27,"Shere Bangla National Stadium, Mirpur",1,0.4,Sri Lanka,Bangladesh,MD Gunathilaka,WU Tharanga,Mehedi Hasan Miraz,0,0,,,,,,,,,
1130743,2017/18,2018-01-27,"Shere Bangla National Stadium, Mirpur",1,0.5,Sri Lanka,Bangladesh,MD Gunathilaka,WU Tharanga,Mehedi Hasan Miraz,0,0,,,,,,,,,
1130743,2017/18,2018-01-27,"Shere Bangla National Stadium, Mirpur",1,0.6,Sri Lanka,Bangladesh,MD Gunathilaka,WU Tharanga,Mehedi Hasan Miraz,1,0,,,,,,,,,
1130743,2017/18,2018-01-27,"Shere Bangla National Stadium, Mirpur",1,1.1,Sri Lanka,Bangladesh,MD Gunathilaka,WU Tharanga,Mashrafe Mortaza,1,0,,,,,,,,,
1130743,2017/18,2018-01-27,"Shere Bangla National Stadium, Mirpur",1,1.2,Sri Lanka,Bangladesh,WU Tharanga,MD Gunathilaka,Mashrafe Mortaza,0,0,,,,,,,,,
1130743,2017/18,2018-01-27,"Shere Bangla National Stadium, Mirpur",1,1.3,Sri Lanka,Bangladesh,WU Tharanga,MD Gunathilaka,Mashrafe Mortaza,0,0,,,,,,,,,
1130743,2017/18,2018-01-27,"Shere Bangla National Stadium, Mirpur",1,1.4,Sri Lanka,Bangladesh,WU Tharanga,MD Gunathilaka,Mashrafe Mortaza,0,0,,,,,,,,,
1130743,2017/18,2018-01-27,"Shere Bangla National Stadium, Mirpur",1,1.5,Sri Lanka,Bangladesh,WU Tharanga,MD Gunathilaka,Mashrafe Mortaza,0,0,,,,,,,,,
1130743,2017/18,2018-01-27,"Shere Bangla National Stadium, Mirpur",1,1.6,Sri Lanka,Bangladesh,WU Tharanga,MD Gunathilaka,Mashrafe Mortaza,1,0,,,,,,,,,
1130743,2017/18,2018-01-27,"Shere Bangla National Stadium, Mirpur",1,2.1,Sri Lanka,Bangladesh,WU Tharanga,MD Gunathilaka,Mehedi Hasan Miraz,1,0,,,,,,,,,
1130743,2017/18,2018-01-27,"Shere Bangla National Stadium, Mirpur",1,2.2,Sri Lanka,Bangladesh,MD Gunathilaka,WU Tharanga,Mehedi Hasan Miraz,0,0,,,,,,,,,
1130743,2017/18,2018-01-27,"Shere Bangla National Stadium, Mirpur",1,2.3,Sri Lanka,Bangladesh,MD Gunathilaka,WU Tharanga,Mehedi Hasan Miraz,0,0,,,,,,,,,
1130743,2017/18,2018-01-27,"Shere Bangla National Stadium, Mirpur",1,2.4,Sri Lanka,Bangladesh,MD Gunathilaka,WU Tharanga,Mehedi Hasan Miraz,0,0,,,,,,,,,
1130743,2017/18,2018-01-27,"Shere Bangla National Stadium, Mirpur",1,2.5,Sri Lanka,Bangladesh,MD Gunathilaka,WU Tharanga,Mehedi Hasan Miraz,0,0,,,,,,caught,MD Gunathilaka,,
1130743,2017/18,2018-01-27,"Shere Bangla National Stadium, Mirpur",1,2.6,Sri Lanka,Bangladesh,WU Tharanga,BKG Mendis,Mehedi Hasan Miraz,0,0,,,,,,,,,
1130743,2017/18,2018-01-27,"Shere Bangla National Stadium, Mirpur",1,3.1,Sri Lanka,Bangladesh,BKG Mendis,WU Tharanga,Mashrafe Mortaza,4,0,,,,,,,,,
1130743,2017/18,2018-01-27,"Shere Bangla National Stadium, Mirpur",1,3.2,Sri Lanka,Bangladesh,BKG Mendis,WU Tharanga,Mashrafe Mortaza,0,0,,,,,,,,,
1130743,2017/18,2018-01-27,"Shere Bangla National Stadium, Mirpur",1,3.3,Sri Lanka,Bangladesh,BKG Mendis,WU Tharanga,Mashrafe Mortaza,1,0,,,,,,,,,
1130743,2017/18,2018-01-27,"Shere Bangla National Stadium, Mirpur",1,3.4,Sri Lanka,Bangladesh,WU Tharanga,BKG Mendis,Mashrafe Mortaza,0,0,,,,,,,,,
1130743,2017/18,2018-01-27,"Shere Bangla National Stadium, Mirpur",1,3.5,Sri Lanka,Bangladesh,WU Tharanga,BKG Mendis,Mashrafe Mortaza,0,0,,,,,,,,,
1130743,2017/18,2018-01-27,"Shere Bangla National Stadium, Mirpur",1,3.6,Sri Lanka,Bangladesh,WU Tharanga,BKG Mendis,Mashrafe Mortaza,0,0,,,,,,,,,
1130743,2017/18,2018-01-27,"Shere Bangla National Stadium, Mirpur",1,4.1,Sri Lanka,Bangladesh,BKG Mendis,WU Tharanga,Mehedi Hasan Miraz,6,0,,,,,,,,,
1130743,2017/18,2018-01-27,"Shere Bangla National Stadium, Mirpur",1,4.2,Sri Lanka,Bangladesh,BKG Mendis,WU Tharanga,Mehedi Hasan Miraz,4,0,,,,,,,,,
1130743,2017/18,2018-01-27,"Shere Bangla National Stadium, Mirpur",1,4.3,Sri Lanka,Bangladesh,BKG Mendis,WU Tharanga,Mehedi Hasan Miraz,6,0,,,,,,,,,
1130743,2017/18,2018-01-27,"Shere Bangla National Stadium, Mirpur",1,4.4,Sri Lanka,Bangladesh,BKG Mendis,WU Tharanga,Mehedi Hasan Miraz,6,0,,,,,,,,,
1130743,2017/18,2018-01-27,"Shere Bangla National Stadium, Mirpur",1,4.5,Sri Lanka,Bangladesh,BKG Mendis,WU Tharanga,Mehedi Hasan Miraz,1,0,,,,,,,,,
1130743,2017/18,2018-01-27,"Shere Bangla National Stadium, Mirpur",1,4.6,Sri Lanka,Bangladesh,WU Tharanga,BKG Mendis,Mehedi Hasan Miraz,1,0,,,,,,,,,
1130743,2017/18,2018-01-27,"Shere Bangla National Stadium, Mirpur",1,5.1,Sri Lanka,Bangladesh,WU Tharanga,BKG Mendis,Mashrafe Mortaza,0,0,,,,,,,,,
1130743,2017/18,2018-01-27,"Shere Bangla National Stadium, Mirpur",1,5.2,Sri Lanka,Bangladesh,WU Tharanga,BKG Mendis,Mashrafe Mortaza,0,0,,,,,,,,,
1130743,2017/18,2018-01-27,"Shere Bangla National Stadium, Mirpur",1,5.3,Sri Lanka,Bangladesh,WU Tharanga,BKG Mendis,Mashrafe Mortaza,4,0,,,,,,,,,
1130743,2017/18,2018-01-27,"Shere Bangla National Stadium, Mirpur",1,5.4,Sri Lanka,Bangladesh,WU Tharanga,BKG Mendis,Mashrafe Mortaza,0,0,,,,,,,,,
1130743,2017/18,2018-01-27,"Shere Bangla National Stadium, Mirpur",1,5.5,Sri Lanka,Bangladesh,WU Tharanga,BKG Mendis,Mashrafe Mortaza,1,0,,,,,,,,,
1130743,2017/18,2018-01-27,"Shere Bangla National Stadium, Mirpur",1,5.6,Sri Lanka,Bangladesh,BKG Mendis,WU Tharanga,Mashrafe Mortaza,0,0,,,,,,caught,BKG Mendis,,
1130743,2017/18,2018-01-27,"Shere Bangla National Stadium, Mirpur",1,6.1,Sri Lanka,Bangladesh,WU Tharanga,N Dickwella,Mehedi Hasan Miraz,0,0,,,,,,,,,
1130743,2017/18,2018-01-27,"Shere Bangla National Stadium, Mirpur",1,6.2,Sri Lanka,Bangladesh,WU Tharanga,N Dickwella,Mehedi Hasan Miraz,0,0,,,,,,,,,
1130743,2017/18,2018-01-27,"Shere Bangla National Stadium, Mirpur",1,6.3,Sri Lanka,Bangladesh,WU Tharanga,N Dickwella,Mehedi Hasan Miraz,0,0,,,,,,,,,
1130743,2017/18,2018-01-27,"Shere Bangla National Stadium, Mirpur",1,6.4,Sri Lanka,Bangladesh,WU Tharanga,N Dickwella,Mehedi Hasan Miraz,0,0,,,,,,,,,
1130743,2017/18,2018-01-27,"Shere Bangla National Stadium, Mirpur",1,6.5,Sri Lanka,Bangladesh,WU Tharanga,N Dickwella,Mehedi Hasan Miraz,4,0,,,,,,,,,
1130743,2017/18,2018-01-27,"Shere Bangla National Stadium, Mirpur",1,6.6,Sri Lanka,Bangladesh,WU Tharanga,N Dickwella,Mehedi Hasan Miraz,1,0,,,,,,,,,
1130743,2017/18,2018-01-27,"Shere Bangla National Stadium, Mirpur",1,7.1,Sri Lanka,Bangladesh,WU Tharanga,N Dickwella,Mashrafe Mortaza,1,0,,,,,,,,,
1130743,2017/18,2018-01-27,"Shere Bangla National Stadium, Mirpur",1,7.2,Sri Lanka,Bangladesh,N Dickwella,WU Tharanga,Mashrafe Mortaza,0,0,,,,,,,,,
1130743,2017/18,2018-01-27,"Shere Bangla National Stadium, Mirpur",1,7.3,Sri Lanka,Bangladesh,N Dickwella,WU Tharanga,Mashrafe Mortaza,4,0,,,,,,,,,
1130743,2017/18,2018-01-27,"Shere Bangla National Stadium, Mirpur",1,7.4,Sri Lanka,Bangladesh,N Dickwella,WU Tharanga,Mashrafe Mortaza,0,0,,,,,,,,,
1130743,2017/18,2018-01-27,"Shere Bangla National Stadium, Mirpur",1,7.5,Sri Lanka,Bangladesh,N Dickwella,WU Tharanga,Mashrafe Mortaza,2,0,,,,,,,,,
1130743,2017/18,2018-01-27,"Shere Bangla National Stadium, Mirpur",1,7.6,Sri Lanka,Bangladesh,N Dickwella,WU Tharanga,Mashrafe Mortaza,1,0,,,,,,,,,
1130743,2017/18,2018-01-27,"Shere Bangla National Stadium, Mirpur",1,8.1,Sri Lanka,Bangladesh,N Dickwella,WU Tharanga,Mehedi Hasan Miraz,0,0,,,,,,,,,
1130743,2017/18,2018-01-27,"Shere Bangla National Stadium, Mirpur",1,8.2,Sri Lanka,Bangladesh,N Dickwella,WU Tharanga,Mehedi Hasan Miraz,4,0,,,,,,,,,
1130743,2017/18,2018-01-27,"Shere Bangla National Stadium, Mirpur",1,8.3,Sri Lanka,Bangladesh,N Dickwella,WU Tharanga,Mehedi Hasan Miraz,0,0,,,,,,,,,
1130743,2017/18,2018-01-27,"Shere Bangla National Stadium, Mirpur",1,8.4,Sri Lanka,Bangladesh,N Dickwella,WU Tharanga,Mehedi Hasan Miraz,0,0,,,,,,,,,
1130743,2017/18,2018-01-27,"Shere Bangla National Stadium, Mirpur",1,8.5,Sri Lanka,Bangladesh,N Dickwella,WU Tharanga,Mehedi Hasan Miraz,0,0,,,,,,,,,
1130743,2017/18,2018-01-27,"Shere Bangla National Stadium, Mirpur",1,8.6,Sri Lanka,Bangladesh,N Dickwella,WU Tharanga,Mehedi Hasan Miraz,0,0,,,,,,,,,
1130743,2017/18,2018-01-27,"Shere Bangla National Stadium, Mirpur",1,9.1,Sri Lanka,Bangladesh,WU Tharanga,N Dickwella,Mashrafe Mortaza,0,0,,,,,,,,,
1130743,2017/18,2018-01-27,"Shere Bangla National Stadium, Mirpur",1,9.2,Sri Lanka,Bangladesh,WU Tharanga,N Dickwella,Mashrafe Mortaza,0,0,,,,,,,,,
1130743,2017/18,2018-01-27,"Shere Bangla National Stadium, Mirpur",1,9.3,Sri Lanka,Bangladesh,WU Tharanga,N Dickwella,Mashrafe Mortaza,0,0,,,,,,,,,
1130743,2017/18,2018-01-27,"Shere Bangla National Stadium, Mirpur",1,9.4,Sri Lanka,Bangladesh,WU Tharanga,N Dickwella,Mashrafe Mortaza,0,0,,,,,,,,,
1130743,2017/18,2018-01-27,"Shere Bangla National Stadium, Mirpur",1,9.5,Sri Lanka,Bangladesh,WU Tharanga,N Dickwella,Mashrafe Mortaza,1,0,,,,,,,,,
1130743,2017/18,2018-01-27,"Shere Bangla National Stadium, Mirpur",1,9.6,Sri Lanka,Bangladesh,N Dickwella,WU Tharanga,Mashrafe Mortaza,0,0,,,,,,,,,
1130743,2017/18,2018-01-27,"Shere Bangla National Stadium, Mirpur",1,10.1,Sri Lanka,Bangladesh,WU Tharanga,N Dickwella,Mehedi Hasan Miraz,0,0,,,,,,,,,
1130743,2017/18,2018-01-27,"Shere Bangla National Stadium, Mirpur",1,10.2,Sri Lanka,Bangladesh,WU Tharanga,N Dickwella,Mehedi Hasan Miraz,4,0,,,,,,,,,
1130743,2017/18,2018-01-27,"Shere Bangla National Stadium, Mirpur",1,10.3,Sri Lanka,Bangladesh,WU Tharanga,N Dickwella,Mehedi Hasan Miraz,0,0,,,,,,,,,
1130743,2017/18,2018-01-27,"Shere Bangla National Stadium, Mirpur",1,10.4,Sri Lanka,Bangladesh,WU Tharanga,N Dickwella,Mehedi Hasan Miraz,1,0,,,,,,,,,
1130743,2017/18,2018-01-27,"Shere Bangla National Stadium, Mirpur",1,10.5,Sri Lanka,Bangladesh,N Dickwella,WU Tharanga,Mehedi Hasan Miraz,1,0,,,,,,,,,
1130743,2017/18,2018-01-27,"Shere Bangla National Stadium, Mirpur",1,10.6,Sri Lanka,Bangladesh,WU Tharanga,N Dickwella,Mehedi Hasan Miraz,0,0,,,,,,,,,
1130743,2017/18,2018-01-27,"Shere Bangla National Stadium, Mirpur",1,11.1,Sri Lanka,Bangladesh,N Dickwella,WU Tharanga,Mashrafe Mortaza,2,0,,,,,,,,,
1130743,2017/18,2018-01-27,"Shere Bangla National Stadium, Mirpur",1,11.2,Sri Lanka,Bangladesh,N Dickwella,WU Tharanga,Mashrafe Mortaza,1,0,,,,,,,,,
1130743,2017/18,2018-01-27,"Shere Bangla National Stadium, Mirpur",1,11.3,Sri Lanka,Bangladesh,WU Tharanga,N Dickwella,Mashrafe Mortaza,0,0,,,,,,,,,
1130743,2017/18,2018-01-27,"Shere Bangla National Stadium, Mirpur",1,11.4,Sri Lanka,Bangladesh,WU Tharanga,N Dickwella,Mashrafe Mortaza,0,0,,,,,,,,,
1130743,2017/18,2018-01-27,"Shere Bangla National Stadium, Mirpur",1,11.5,Sri Lanka,Bangladesh,WU Tharanga,N Dickwella,Mashrafe Mortaza,0,0,,,,,,,,,
1130743,2017/18,2018-01-27,"Shere Bangla National Stadium, Mirpur",1,11.6,Sri Lanka,Bangladesh,WU Tharanga,N Dickwella,Mashrafe Mortaza,4,0,,,,,,,,,
1130743,2017/18,2018-01-27,"Shere Bangla National Stadium, Mirpur",1,12.1,Sri Lanka,Bangladesh,N Dickwella,WU Tharanga,Mehedi Hasan Miraz,1,0,,,,,,,,,
1130743,2017/18,2018-01-27,"Shere Bangla National Stadium, Mirpur",1,12.2,Sri Lanka,Bangladesh,WU Tharanga,N Dickwella,Mehedi Hasan Miraz,0,0,,,,,,,,,
1130743,2017/18,2018-01-27,"Shere Bangla National Stadium, Mirpur",1,12.3,Sri Lanka,Bangladesh,WU Tharanga,N Dickwella,Mehedi Hasan Miraz,0,0,,,,,,,,,
1130743,2017/18,2018-01-27,"Shere Bangla National Stadium, Mirpur",1,12.4,Sri Lanka,Bangladesh,WU Tharanga,N Dickwella,Mehedi Hasan Miraz,0,0,,,,,,,,,
1130743,2017/18,2018-01-27,"Shere Bangla National Stadium, Mirpur",1,12.5,Sri Lanka,Bangladesh,WU Tharanga,N Dickwella,Mehedi Hasan Miraz,0,0,,,,,,,,,
1130743,2017/18,2018-01-27,"Shere Bangla National Stadium, Mirpur",1,12.6,Sri Lanka,Bangladesh,WU Tharanga,N Dickwella,Mehedi Hasan Miraz,0,0,,,,,,,,,
1130743,2017/18,2018-01-27,"Shere Bangla National Stadium, Mirpur",1,13.1,Sri Lanka,Bangladesh,N Dickwella,WU Tharanga,Mustafizur Rahman,1,0,,,,,,,,,
1130743,2017/18,2018-01-27,"Shere Bangla National Stadium, Mirpur",1,13.2,Sri Lanka,Bangladesh,WU Tharanga,N Dickwella,Mustafizur Rahman,0,1,1,,,,,,,,
1130743,2017/18,2018-01-27,"Shere Bangla National Stadium, Mirpur",1,13.3,Sri Lanka,Bangladesh,WU Tharanga,N Dickwella,Mustafizur Rahman,1,0,,,,,,,,,
1130743,2017/18,2018-01-27,"Shere Bangla National Stadium, Mirpur",1,13.4,Sri Lanka,Bangladesh,N Dickwella,WU Tharanga,Mustafizur Rahman,0,0,,,,,,,,,
1130743,2017/18,2018-01-27,"Shere Bangla National Stadium, Mirpur",1,13.5,Sri Lanka,Bangladesh,N Dickwella,WU Tharanga,Mustafizur Rahman,0,0,,,,,,,,,
1130743,2017/18,2018-01-27,"Shere Bangla National Stadium, Mirpur",1,13.6,Sri Lanka,Bangladesh,N Dickwella,WU Tharanga,Mustafizur Rahman,1,0,,,,,,,,,
1130743,2017/18,2018-01-27,"Shere Bangla National Stadium, Mirpur",1,13.7,Sri Lanka,Bangladesh,WU Tharanga,N Dickwella,Mustafizur Rahman,0,0,,,,,,,,,
1130743,2017/18,2018-01-27,"Shere Bangla National Stadium, Mirpur",1,14.1,Sri Lanka,Bangladesh,N Dickwella,WU Tharanga,Mehedi Hasan Miraz,0,0,,,,,,,,,
1130743,2017/18,2018-01-27,"Shere Bangla National Stadium, Mirpur",1,14.2,Sri Lanka,Bangladesh,N Dickwella,WU Tharanga,Mehedi Hasan Miraz,0,0,,,,,,,,,
1130743,2017/18,2018-01-27,"Shere Bangla National Stadium, Mirpur",1,14.3,Sri Lanka,Bangladesh,N Dickwella,WU Tharanga,Mehedi Hasan Miraz,1,0,,,,,,,,,
1130743,2017/18,2018-01-27,"Shere Bangla National Stadium, Mirpur",1,14.4,Sri Lanka,Bangladesh,WU Tharanga,N Dickwella,Mehedi Hasan Miraz,1,0,,,,,,,,,
1130743,2017/18,2018-01-27,"Shere Bangla National Stadium, Mirpur",1,14.5,Sri Lanka,Bangladesh,N Dickwella,WU Tharanga,Mehedi Hasan Miraz,0,0,,,,,,,,,
1130743,2017/18,2018-01-27,"Shere Bangla National Stadium, Mirpur",1,14.6,Sri Lanka,Bangladesh,N Dickwella,WU Tharanga,Mehedi Hasan Miraz,1,0,,,,,,,,,
1130743,2017/18,2018-01-27,"Shere Bangla National Stadium, Mirpur",1,15.1,Sri Lanka,Bangladesh,N Dickwella,WU Tharanga,Mustafizur Rahman,0,0,,,,,,,,,
1130743,2017/18,2018-01-27,"Shere Bangla National Stadium, Mirpur",1,15.2,Sri Lanka,Bangladesh,N Dickwella,WU Tharanga,Mustafizur Rahman,0,0,,,,,,,,,
1130743,2017/18,2018-01-27,"Shere Bangla National Stadium, Mirpur",1,15.3,Sri Lanka,Bangladesh,N Dickwella,WU Tharanga,Mustafizur Rahman,0,0,,,,,,,,,
1130743,2017/18,2018-01-27,"Shere Bangla National Stadium, Mirpur",1,15.4,Sri Lanka,Bangladesh,N Dickwella,WU Tharanga,Mustafizur Rahman,1,0,,,,,,,,,
1130743,2017/18,2018-01-27,"Shere Bangla National Stadium, Mirpur",1,15.5,Sri Lanka,Bangladesh,WU Tharanga,N Dickwella,Mustafizur Rahman,0,0,,,,,,,,,
1130743,2017/18,2018-01-27,"Shere Bangla National Stadium, Mirpur",1,15.6,Sri Lanka,Bangladesh,WU Tharanga,N Dickwella,Mustafizur Rahman,1,0,,,,,,,,,
1130743,2017/18,2018-01-27,"Shere Bangla National Stadium, Mirpur",1,16.1,Sri Lanka,Bangladesh,WU Tharanga,N Dickwella,Mahmudullah,1,0,,,,,,,,,
1130743,2017/18,2018-01-27,"Shere Bangla National Stadium, Mirpur",1,16.2,Sri Lanka,Bangladesh,N Dickwella,WU Tharanga,Mahmudullah,0,0,,,,,,,,,
1130743,2017/18,2018-01-27,"Shere Bangla National Stadium, Mirpur",1,16.3,Sri Lanka,Bangladesh,N Dickwella,WU Tharanga,Mahmudullah,0,0,,,,,,,,,
1130743,2017/18,2018-01-27,"Shere Bangla National Stadium, Mirpur",1,16.4,Sri Lanka,Bangladesh,N Dickwella,WU Tharanga,Mahmudullah,1,0,,,,,,,,,
1130743,2017/18,2018-01-27,"Shere Bangla National Stadium, Mirpur",1,16.5,Sri Lanka,Bangladesh,WU Tharanga,N Dickwella,Mahmudullah,1,0,,,,,,,,,
1130743,2017/18,2018-01-27,"Shere Bangla National Stadium, Mirpur",1,16.6,Sri Lanka,Bangladesh,N Dickwella,WU Tharanga,Mahmudullah,1,0,,,,,,,,,
1130743,2017/18,2018-01-27,"Shere Bangla National Stadium, Mirpur",1,17.1,Sri Lanka,Bangladesh,N Dickwella,WU Tharanga,Mehedi Hasan Miraz,1,0,,,,,,,,,
1130743,2017/18,2018-01-27,"Shere Bangla National Stadium, Mirpur",1,17.2,Sri Lanka,Bangladesh,WU Tharanga,N Dickwella,Mehedi Hasan Miraz,0,0,,,,,,,,,
1130743,2017/18,2018-01-27,"Shere Bangla National Stadium, Mirpur",1,17.3,Sri Lanka,Bangladesh,WU Tharanga,N Dickwella,Mehedi Hasan Miraz,0,0,,,,,,,,,
1130743,2017/18,2018-01-27,"Shere Bangla National Stadium, Mirpur",1,17.4,Sri Lanka,Bangladesh,WU Tharanga,N Dickwella,Mehedi Hasan Miraz,0,0,,,,,,,,,
1130743,2017/18,2018-01-27,"Shere Bangla National Stadium, Mirpur",1,17.5,Sri Lanka,Bangladesh,WU Tharanga,N Dickwella,Mehedi Hasan Miraz,1,0,,,,,,,,,
1130743,2017/18,2018-01-27,"Shere Bangla National Stadium, Mirpur",1,17.6,Sri Lanka,Bangladesh,N Dickwella,WU Tharanga,Mehedi Hasan Miraz,1,0,,,,,,,,,
1130743,2017/18,2018-01-27,"Shere Bangla National Stadium, Mirpur",1,18.1,Sri Lanka,Bangladesh,N Dickwella,WU Tharanga,Mahmudullah,1,0,,,,,,,,,
1130743,2017/18,2018-01-27,"Shere Bangla National Stadium, Mirpur",1,18.2,Sri Lanka,Bangladesh,WU Tharanga,N Dickwella,Mahmudullah,1,0,,,,,,,,,
1130743,2017/18,2018-01-27,"Shere Bangla National Stadium, Mirpur",1,18.3,Sri Lanka,Bangladesh,N Dickwella,WU Tharanga,Mahmudullah,0,0,,,,,,,,,
1130743,2017/18,2018-01-27,"Shere Bangla National Stadium, Mirpur",1,18.4,Sri Lanka,Bangladesh,N Dickwella,WU Tharanga,Mahmudullah,1,0,,,,,,,,,
1130743,2017/18,2018-01-27,"Shere Bangla National Stadium, Mirpur",1,18.5,Sri Lanka,Bangladesh,WU Tharanga,N Dickwella,Mahmudullah,0,0,,,,,,,,,
1130743,2017/18,2018-01-27,"Shere Bangla National Stadium, Mirpur",1,18.6,Sri Lanka,Bangladesh,WU Tharanga,N Dickwella,Mahmudullah,0,0,,,,,,,,,
1130743,2017/18,2018-01-27,"Shere Bangla National Stadium, Mirpur",1,19.1,Sri Lanka,Bangladesh,N Dickwella,WU Tharanga,Mehedi Hasan Miraz,0,0,,,,,,,,,
1130743,2017/18,2018-01-27,"Shere Bangla National Stadium, Mirpur",1,19.2,Sri Lanka,Bangladesh,N Dickwella,WU Tharanga,Mehedi Hasan Miraz,0,0,,,,,,,,,
1130743,2017/18,2018-01-27,"Shere Bangla National Stadium, Mirpur",1,19.3,Sri Lanka,Bangladesh,N Dickwella,WU Tharanga,Mehedi Hasan Miraz,0,0,,,,,,,,,
1130743,2017/18,2018-01-27,"Shere Bangla National Stadium, Mirpur",1,19.4,Sri Lanka,Bangladesh,N Dickwella,WU Tharanga,Mehedi Hasan Miraz,0,0,,,,,,,,,
1130743,2017/18,2018-01-27,"Shere Bangla National Stadium, Mirpur",1,19.5,Sri Lanka,Bangladesh,N Dickwella,WU Tharanga,Mehedi Hasan Miraz,0,0,,,,,,,,,
1130743,2017/18,2018-01-27,"Shere Bangla National Stadium, Mirpur",1,19.6,Sri Lanka,Bangladesh,N Dickwella,WU Tharanga,Mehedi Hasan Miraz,1,0,,,,,,,,,
1130743,2017/18,2018-01-27,"Shere Bangla National Stadium, Mirpur",1,20.1,Sri Lanka,Bangladesh,N Dickwella,WU Tharanga,Mahmudullah,1,0,,,,,,,,,
1130743,2017/18,2018-01-27,"Shere Bangla National Stadium, Mirpur",1,20.2,Sri Lanka,Bangladesh,WU Tharanga,N Dickwella,Mahmudullah,1,0,,,,,,,,,
1130743,2017/18,2018-01-27,"Shere Bangla National Stadium, Mirpur",1,20.3,Sri Lanka,Bangladesh,N Dickwella,WU Tharanga,Mahmudullah,1,0,,,,,,,,,
1130743,2017/18,2018-01-27,"Shere Bangla National Stadium, Mirpur",1,20.4,Sri Lanka,Bangladesh,WU Tharanga,N Dickwella,Mahmudullah,0,0,,,,,,,,,
1130743,2017/18,2018-01-27,"Shere Bangla National Stadium, Mirpur",1,20.5,Sri Lanka,Bangladesh,WU Tharanga,N Dickwella,Mahmudullah,1,0,,,,,,,,,
1130743,2017/18,2018-01-27,"Shere Bangla National Stadium, Mirpur",1,20.6,Sri Lanka,Bangladesh,N Dickwella,WU Tharanga,Mahmudullah,1,0,,,,,,,,,
1130743,2017/18,2018-01-27,"Shere Bangla National Stadium, Mirpur",1,21.1,Sri Lanka,Bangladesh,N Dickwella,WU Tharanga,Mohammad Saifuddin,0,0,,,,,,,,,
1130743,2017/18,2018-01-27,"Shere Bangla National Stadium, Mirpur",1,21.2,Sri Lanka,Bangladesh,N Dickwella,WU Tharanga,Mohammad Saifuddin,4,0,,,,,,,,,
1130743,2017/18,2018-01-27,"Shere Bangla National Stadium, Mirpur",1,21.3,Sri Lanka,Bangladesh,N Dickwella,WU Tharanga,Mohammad Saifuddin,1,0,,,,,,,,,
1130743,2017/18,2018-01-27,"Shere Bangla National Stadium, Mirpur",1,21.4,Sri Lanka,Bangladesh,WU Tharanga,N Dickwella,Mohammad Saifuddin,0,0,,,,,,,,,
1130743,2017/18,2018-01-27,"Shere Bangla National Stadium, Mirpur",1,21.5,Sri Lanka,Bangladesh,WU Tharanga,N Dickwella,Mohammad Saifuddin,0,0,,,,,,,,,
1130743,2017/18,2018-01-27,"Shere Bangla National Stadium, Mirpur",1,21.6,Sri Lanka,Bangladesh,WU Tharanga,N Dickwella,Mohammad Saifuddin,1,0,,,,,,,,,
1130743,2017/18,2018-01-27,"Shere Bangla National Stadium, Mirpur",1,22.1,Sri Lanka,Bangladesh,WU Tharanga,N Dickwella,Mahmudullah,0,0,,,,,,,,,
1130743,2017/18,2018-01-27,"Shere Bangla National Stadium, Mirpur",1,22.2,Sri Lanka,Bangladesh,WU Tharanga,N Dickwella,Mahmudullah,1,0,,,,,,,,,
1130743,2017/18,2018-01-27,"Shere Bangla National Stadium, Mirpur",1,22.3,Sri Lanka,Bangladesh,N Dickwella,WU Tharanga,Mahmudullah,0,0,,,,,,,,,
1130743,2017/18,2018-01-27,"Shere Bangla National Stadium, Mirpur",1,22.4,Sri Lanka,Bangladesh,N Dickwella,WU Tharanga,Mahmudullah,0,0,,,,,,,,,
1130743,2017/18,2018-01-27,"Shere Bangla National Stadium, Mirpur",1,22.5,Sri Lanka,Bangladesh,N Dickwella,WU Tharanga,Mahmudullah,4,0,,,,,,,,,
1130743,2017/18,2018-01-27,"Shere Bangla National Stadium, Mirpur",1,22.6,Sri Lanka,Bangladesh,N Dickwella,WU Tharanga,Mahmudullah,1,0,,,,,,,,,
1130743,2017/18,2018-01-27,"Shere Bangla National Stadium, Mirpur",1,23.1,Sri Lanka,Bangladesh,N Dickwella,WU Tharanga,Mohammad Saifuddin,1,0,,,,,,,,,
1130743,2017/18,2018-01-27,"Shere Bangla National Stadium, Mirpur",1,23.2,Sri Lanka,Bangladesh,WU Tharanga,N Dickwella,Mohammad Saifuddin,0,0,,,,,,,,,
1130743,2017/18,2018-01-27,"Shere Bangla National Stadium, Mirpur",1,23.3,Sri Lanka,Bangladesh,WU Tharanga,N Dickwella,Mohammad Saifuddin,1,0,,,,,,,,,
1130743,2017/18,2018-01-27,"Shere Bangla National Stadium, Mirpur",1,23.4,Sri Lanka,Bangladesh,N Dickwella,WU Tharanga,Mohammad Saifuddin,0,0,,,,,,,,,
1130743,2017/18,2018-01-27,"Shere Bangla National Stadium, Mirpur",1,23.5,Sri Lanka,Bangladesh,N Dickwella,WU Tharanga,Mohammad Saifuddin,0,0,,,,,,caught,N Dickwella,,
1130743,2017/18,2018-01-27,"Shere Bangla National Stadium, Mirpur",1,23.6,Sri Lanka,Bangladesh,LD Chandimal,WU Tharanga,Mohammad Saifuddin,1,0,,,,,,,,,
1130743,2017/18,2018-01-27,"Shere Bangla National Stadium, Mirpur",1,24.1,Sri Lanka,Bangladesh,LD Chandimal,WU Tharanga,Shakib Al Hasan,0,0,,,,,,,,,
1130743,2017/18,2018-01-27,"Shere Bangla National Stadium, Mirpur",1,24.2,Sri Lanka,Bangladesh,LD Chandimal,WU Tharanga,Shakib Al Hasan,1,0,,,,,,,,,
1130743,2017/18,2018-01-27,"Shere Bangla National Stadium, Mirpur",1,24.3,Sri Lanka,Bangladesh,WU Tharanga,LD Chandimal,Shakib Al Hasan,0,0,,,,,,,,,
1130743,2017/18,2018-01-27,"Shere Bangla National Stadium, Mirpur",1,24.4,Sri Lanka,Bangladesh,WU Tharanga,LD Chandimal,Shakib Al Hasan,0,0,,,,,,,,,
1130743,2017/18,2018-01-27,"Shere Bangla National Stadium, Mirpur",1,24.5,Sri Lanka,Bangladesh,WU Tharanga,LD Chandimal,Shakib Al Hasan,1,0,,,,,,,,,
1130743,2017/18,2018-01-27,"Shere Bangla National Stadium, Mirpur",1,24.6,Sri Lanka,Bangladesh,LD Chandimal,WU Tharanga,Shakib Al Hasan,0,0,,,,,,,,,
1130743,2017/18,2018-01-27,"Shere Bangla National Stadium, Mirpur",1,25.1,Sri Lanka,Bangladesh,WU Tharanga,LD Chandimal,Mohammad Saifuddin,1,0,,,,,,,,,
1130743,2017/18,2018-01-27,"Shere Bangla National Stadium, Mirpur",1,25.2,Sri Lanka,Bangladesh,LD Chandimal,WU Tharanga,Mohammad Saifuddin,0,0,,,,,,,,,
1130743,2017/18,2018-01-27,"Shere Bangla National Stadium, Mirpur",1,25.3,Sri Lanka,Bangladesh,LD Chandimal,WU Tharanga,Mohammad Saifuddin,1,0,,,,,,,,,
1130743,2017/18,2018-01-27,"Shere Bangla National Stadium, Mirpur",1,25.4,Sri Lanka,Bangladesh,WU Tharanga,LD Chandimal,Mohammad Saifuddin,1,0,,,,,,,,,
1130743,2017/18,2018-01-27,"Shere Bangla National Stadium, Mirpur",1,25.5,Sri Lanka,Bangladesh,LD Chandimal,WU Tharanga,Mohammad Saifuddin,0,0,,,,,,,,,
1130743,2017/18,2018-01-27,"Shere Bangla National Stadium, Mirpur",1,25.6,Sri Lanka,Bangladesh,LD Chandimal,WU Tharanga,Mohammad Saifuddin,0,0,,,,,,,,,
1130743,2017/18,2018-01-27,"Shere Bangla National Stadium, Mirpur",1,26.1,Sri Lanka,Bangladesh,WU Tharanga,LD Chandimal,Shakib Al Hasan,0,0,,,,,,,,,
1130743,2017/18,2018-01-27,"Shere Bangla National Stadium, Mirpur",1,26.2,Sri Lanka,Bangladesh,WU Tharanga,LD Chandimal,Shakib Al Hasan,0,0,,,,,,,,,
1130743,2017/18,2018-01-27,"Shere Bangla National Stadium, Mirpur",1,26.3,Sri Lanka,Bangladesh,WU Tharanga,LD Chandimal,Shakib Al Hasan,1,0,,,,,,,,,
1130743,2017/18,2018-01-27,"Shere Bangla National Stadium, Mirpur",1,26.4,Sri Lanka,Bangladesh,LD Chandimal,WU Tharanga,Shakib Al Hasan,0,0,,,,,,,,,
1130743,2017/18,2018-01-27,"Shere Bangla National Stadium, Mirpur",1,26.5,Sri Lanka,Bangladesh,LD Chandimal,WU Tharanga,Shakib Al Hasan,0,0,,,,,,,,,
1130743,2017/18,2018-01-27,"Shere Bangla National Stadium, Mirpur",1,26.6,Sri Lanka,Bangladesh,LD Chandimal,WU Tharanga,Shakib Al Hasan,1,0,,,,,,,,,
1130743,2017/18,2018-01-27,"Shere Bangla National Stadium, Mirpur",1,27.1,Sri Lanka,Bangladesh,LD Chandimal,WU Tharanga,Rubel Hossain,0,0,,,,,,,,,
1130743,2017/18,2018-01-27,"Shere Bangla National Stadium, Mirpur",1,27.2,Sri Lanka,Bangladesh,LD Chandimal,WU Tharanga,Rubel Hossain,0,0,,,,,,,,,
1130743,2017/18,2018-01-27,"Shere Bangla National Stadium, Mirpur",1,27.3,Sri Lanka,Bangladesh,LD Chandimal,WU Tharanga,Rubel Hossain,1,0,,,,,,,,,
1130743,2017/18,2018-01-27,"Shere Bangla National Stadium, Mirpur",1,27.4,Sri Lanka,Bangladesh,WU Tharanga,LD Chandimal,Rubel Hossain,0,0,,,,,,,,,
1130743,2017/18,2018-01-27,"Shere Bangla National Stadium, Mirpur",1,27.5,Sri Lanka,Bangladesh,WU Tharanga,LD Chandimal,Rubel Hossain,0,0,,,,,,,,,
1130743,2017/18,2018-01-27,"Shere Bangla National Stadium, Mirpur",1,27.6,Sri Lanka,Bangladesh,WU Tharanga,LD Chandimal,Rubel Hossain,1,0,,,,,,,,,
1130743,2017/18,2018-01-27,"Shere Bangla National Stadium, Mirpur",1,28.1,Sri Lanka,Bangladesh,WU Tharanga,LD Chandimal,Shakib Al Hasan,1,0,,,,,,,,,
1130743,2017/18,2018-01-27,"Shere Bangla National Stadium, Mirpur",1,28.2,Sri Lanka,Bangladesh,LD Chandimal,WU Tharanga,Shakib Al Hasan,0,0,,,,,,,,,
1130743,2017/18,2018-01-27,"Shere Bangla National Stadium, Mirpur",1,28.3,Sri Lanka,Bangladesh,LD Chandimal,WU Tharanga,Shakib Al Hasan,0,0,,,,,,,,,
1130743,2017/18,2018-01-27,"Shere Bangla National Stadium, Mirpur",1,28.4,Sri Lanka,Bangladesh,LD Chandimal,WU Tharanga,Shakib Al Hasan,0,0,,,,,,,,,
1130743,2017/18,2018-01-27,"Shere Bangla National Stadium, Mirpur",1,28.5,Sri Lanka,Bangladesh,LD Chandimal,WU Tharanga,Shakib Al Hasan,0,0,,,,,,,,,
1130743,2017/18,2018-01-27,"Shere Bangla National Stadium, Mirpur",1,28.6,Sri Lanka,Bangladesh,LD Chandimal,WU Tharanga,Shakib Al Hasan,0,0,,,,,,,,,
1130743,2017/18,2018-01-27,"Shere Bangla National Stadium, Mirpur",1,29.1,Sri Lanka,Bangladesh,WU Tharanga,LD Chandimal,Rubel Hossain,0,0,,,,,,,,,
1130743,2017/18,2018-01-27,"Shere Bangla National Stadium, Mirpur",1,29.2,Sri Lanka,Bangladesh,WU Tharanga,LD Chandimal,Rubel Hossain,0,0,,,,,,,,,
1130743,2017/18,2018-01-27,"Shere Bangla National Stadium, Mirpur",1,29.3,Sri Lanka,Bangladesh,WU Tharanga,LD Chandimal,Rubel Hossain,1,0,,,,,,,,,
1130743,2017/18,2018-01-27,"Shere Bangla National Stadium, Mirpur",1,29.4,Sri Lanka,Bangladesh,LD Chandimal,WU Tharanga,Rubel Hossain,0,0,,,,,,,,,
1130743,2017/18,2018-01-27,"Shere Bangla National Stadium, Mirpur",1,29.5,Sri Lanka,Bangladesh,LD Chandimal,WU Tharanga,Rubel Hossain,1,0,,,,,,,,,
1130743,2017/18,2018-01-27,"Shere Bangla National Stadium, Mirpur",1,29.6,Sri Lanka,Bangladesh,WU Tharanga,LD Chandimal,Rubel Hossain,0,0,,,,,,,,,
1130743,2017/18,2018-01-27,"Shere Bangla National Stadium, Mirpur",1,30.1,Sri Lanka,Bangladesh,LD Chandimal,WU Tharanga,Shakib Al Hasan,1,0,,,,,,,,,
1130743,2017/18,2018-01-27,"Shere Bangla National Stadium, Mirpur",1,30.2,Sri Lanka,Bangladesh,WU Tharanga,LD Chandimal,Shakib Al Hasan,1,0,,,,,,,,,
1130743,2017/18,2018-01-27,"Shere Bangla National Stadium, Mirpur",1,30.3,Sri Lanka,Bangladesh,LD Chandimal,WU Tharanga,Shakib Al Hasan,2,0,,,,,,,,,
1130743,2017/18,2018-01-27,"Shere Bangla National Stadium, Mirpur",1,30.4,Sri Lanka,Bangladesh,LD Chandimal,WU Tharanga,Shakib Al Hasan,1,0,,,,,,,,,
1130743,2017/18,2018-01-27,"Shere Bangla National Stadium, Mirpur",1,30.5,Sri Lanka,Bangladesh,WU Tharanga,LD Chandimal,Shakib Al Hasan,2,0,,,,,,,,,
1130743,2017/18,2018-01-27,"Shere Bangla National Stadium, Mirpur",1,30.6,Sri Lanka,Bangladesh,WU Tharanga,LD Chandimal,Shakib Al Hasan,0,0,,,,,,,,,
1130743,2017/18,2018-01-27,"Shere Bangla National Stadium, Mirpur",1,31.1,Sri Lanka,Bangladesh,LD Chandimal,WU Tharanga,Rubel Hossain,2,0,,,,,,,,,
1130743,2017/18,2018-01-27,"Shere Bangla National Stadium, Mirpur",1,31.2,Sri Lanka,Bangladesh,LD Chandimal,WU Tharanga,Rubel Hossain,1,0,,,,,,,,,
1130743,2017/18,2018-01-27,"Shere Bangla National Stadium, Mirpur",1,31.3,Sri Lanka,Bangladesh,WU Tharanga,LD Chandimal,Rubel Hossain,0,0,,,,,,,,,
1130743,2017/18,2018-01-27,"Shere Bangla National Stadium, Mirpur",1,31.4,Sri Lanka,Bangladesh,WU Tharanga,LD Chandimal,Rubel Hossain,4,0,,,,,,,,,
1130743,2017/18,2018-01-27,"Shere Bangla National Stadium, Mirpur",1,31.5,Sri Lanka,Bangladesh,WU Tharanga,LD Chandimal,Rubel Hossain,1,0,,,,,,,,,
1130743,2017/18,2018-01-27,"Shere Bangla National Stadium, Mirpur",1,31.6,Sri Lanka,Bangladesh,LD Chandimal,WU Tharanga,Rubel Hossain,0,0,,,,,,,,,
1130743,2017/18,2018-01-27,"Shere Bangla National Stadium, Mirpur",1,32.1,Sri Lanka,Bangladesh,WU Tharanga,LD Chandimal,Shakib Al Hasan,0,0,,,,,,,,,
1130743,2017/18,2018-01-27,"Shere Bangla National Stadium, Mirpur",1,32.2,Sri Lanka,Bangladesh,WU Tharanga,LD Chandimal,Shakib Al Hasan,0,0,,,,,,,,,
1130743,2017/18,2018-01-27,"Shere Bangla National Stadium, Mirpur",1,32.3,Sri Lanka,Bangladesh,WU Tharanga,LD Chandimal,Shakib Al Hasan,0,1,,,,1,,,,,
1130743,2017/18,2018-01-27,"Shere Bangla National Stadium, Mirpur",1,32.4,Sri Lanka,Bangladesh,LD Chandimal,WU Tharanga,Shakib Al Hasan,1,0,,,,,,,,,
1130743,2017/18,2018-01-27,"Shere Bangla National Stadium, Mirpur",1,32.5,Sri Lanka,Bangladesh,WU Tharanga,LD Chandimal,Shakib Al Hasan,1,0,,,,,,,,,
1130743,2017/18,2018-01-27,"Shere Bangla National Stadium, Mirpur",1,32.6,Sri Lanka,Bangladesh,LD Chandimal,WU Tharanga,Shakib Al Hasan,6,0,,,,,,,,,
1130743,2017/18,2018-01-27,"Shere Bangla National Stadium, Mirpur",1,33.1,Sri Lanka,Bangladesh,WU Tharanga,LD Chandimal,Mustafizur Rahman,1,0,,,,,,,,,
1130743,2017/18,2018-01-27,"Shere Bangla National Stadium, Mirpur",1,33.2,Sri Lanka,Bangladesh,LD Chandimal,WU Tharanga,Mustafizur Rahman,0,0,,,,,,,,,
1130743,2017/18,2018-01-27,"Shere Bangla National Stadium, Mirpur",1,33.3,Sri Lanka,Bangladesh,LD Chandimal,WU Tharanga,Mustafizur Rahman,0,0,,,,,,,,,
1130743,2017/18,2018-01-27,"Shere Bangla National Stadium, Mirpur",1,33.4,Sri Lanka,Bangladesh,LD Chandimal,WU Tharanga,Mustafizur Rahman,1,0,,,,,,,,,
1130743,2017/18,2018-01-27,"Shere Bangla National Stadium, Mirpur",1,33.5,Sri Lanka,Bangladesh,WU Tharanga,LD Chandimal,Mustafizur Rahman,1,0,,,,,,,,,
1130743,2017/18,2018-01-27,"Shere Bangla National Stadium, Mirpur",1,33.6,Sri Lanka,Bangladesh,LD Chandimal,WU Tharanga,Mustafizur Rahman,0,0,,,,,,,,,
1130743,2017/18,2018-01-27,"Shere Bangla National Stadium, Mirpur",1,34.1,Sri Lanka,Bangladesh,WU Tharanga,LD Chandimal,Mohammad Saifuddin,0,1,,,,1,,,,,
1130743,2017/18,2018-01-27,"Shere Bangla National Stadium, Mirpur",1,34.2,Sri Lanka,Bangladesh,LD Chandimal,WU Tharanga,Mohammad Saifuddin,0,0,,,,,,,,,
1130743,2017/18,2018-01-27,"Shere Bangla National Stadium, Mirpur",1,34.3,Sri Lanka,Bangladesh,LD Chandimal,WU Tharanga,Mohammad Saifuddin,0,0,,,,,,,,,
1130743,2017/18,2018-01-27,"Shere Bangla National Stadium, Mirpur",1,34.4,Sri Lanka,Bangladesh,LD Chandimal,WU Tharanga,Mohammad Saifuddin,1,0,,,,,,,,,
1130743,2017/18,2018-01-27,"Shere Bangla National Stadium, Mirpur",1,34.5,Sri Lanka,Bangladesh,WU Tharanga,LD Chandimal,Mohammad Saifuddin,0,0,,,,,,,,,
1130743,2017/18,2018-01-27,"Shere Bangla National Stadium, Mirpur",1,34.6,Sri Lanka,Bangladesh,WU Tharanga,LD Chandimal,Mohammad Saifuddin,2,0,,,,,,,,,
1130743,2017/18,2018-01-27,"Shere Bangla National Stadium, Mirpur",1,35.1,Sri Lanka,Bangladesh,LD Chandimal,WU Tharanga,Mustafizur Rahman,1,0,,,,,,,,,
1130743,2017/18,2018-01-27,"Shere Bangla National Stadium, Mirpur",1,35.2,Sri Lanka,Bangladesh,WU Tharanga,LD Chandimal,Mustafizur Rahman,0,0,,,,,,,,,
1130743,2017/18,2018-01-27,"Shere Bangla National Stadium, Mirpur",1,35.3,Sri Lanka,Bangladesh,WU Tharanga,LD Chandimal,Mustafizur Rahman,0,0,,,,,,bowled,WU Tharanga,,
1130743,2017/18,2018-01-27,"Shere Bangla National Stadium, Mirpur",1,35.4,Sri Lanka,Bangladesh,NLTC Perera,LD Chandimal,Mustafizur Rahman,0,0,,,,,,,,,
1130743,2017/18,2018-01-27,"Shere Bangla National Stadium, Mirpur",1,35.5,Sri Lanka,Bangladesh,NLTC Perera,LD Chandimal,Mustafizur Rahman,0,0,,,,,,,,,
1130743,2017/18,2018-01-27,"Shere Bangla National Stadium, Mirpur",1,35.6,Sri Lanka,Bangladesh,NLTC Perera,LD Chandimal,Mustafizur Rahman,0,0,,,,,,,,,
1130743,2017/18,2018-01-27,"Shere Bangla National Stadium, Mirpur",1,36.1,Sri Lanka,Bangladesh,LD Chandimal,NLTC Perera,Rubel Hossain,1,0,,,,,,,,,
1130743,2017/18,2018-01-27,"Shere Bangla National Stadium, Mirpur",1,36.2,Sri Lanka,Bangladesh,NLTC Perera,LD Chandimal,Rubel Hossain,0,0,,,,,,,,,
1130743,2017/18,2018-01-27,"Shere Bangla National Stadium, Mirpur",1,36.3,Sri Lanka,Bangladesh,NLTC Perera,LD Chandimal,Rubel Hossain,0,0,,,,,,,,,
1130743,2017/18,2018-01-27,"Shere Bangla National Stadium, Mirpur",1,36.4,Sri Lanka,Bangladesh,NLTC Perera,LD Chandimal,Rubel Hossain,1,0,,,,,,,,,
1130743,2017/18,2018-01-27,"Shere Bangla National Stadium, Mirpur",1,36.5,Sri Lanka,Bangladesh,LD Chandimal,NLTC Perera,Rubel Hossain,0,0,,,,,,,,,
1130743,2017/18,2018-01-27,"Shere Bangla National Stadium, Mirpur",1,36.6,Sri Lanka,Bangladesh,LD Chandimal,NLTC Perera,Rubel Hossain,0,0,,,,,,,,,
1130743,2017/18,2018-01-27,"Shere Bangla National Stadium, Mirpur",1,37.1,Sri Lanka,Bangladesh,NLTC Perera,LD Chandimal,Mustafizur Rahman,1,0,,,,,,,,,
1130743,2017/18,2018-01-27,"Shere Bangla National Stadium, Mirpur",1,37.2,Sri Lanka,Bangladesh,LD Chandimal,NLTC Perera,Mustafizur Rahman,0,0,,,,,,,,,
1130743,2017/18,2018-01-27,"Shere Bangla National Stadium, Mirpur",1,37.3,Sri Lanka,Bangladesh,LD Chandimal,NLTC Perera,Mustafizur Rahman,0,0,,,,,,,,,
1130743,2017/18,2018-01-27,"Shere Bangla National Stadium, Mirpur",1,37.4,Sri Lanka,Bangladesh,LD Chandimal,NLTC Perera,Mustafizur Rahman,1,0,,,,,,,,,
1130743,2017/18,2018-01-27,"Shere Bangla National Stadium, Mirpur",1,37.5,Sri Lanka,Bangladesh,NLTC Perera,LD Chandimal,Mustafizur Rahman,0,0,,,,,,,,,
1130743,2017/18,2018-01-27,"Shere Bangla National Stadium, Mirpur",1,37.6,Sri Lanka,Bangladesh,NLTC Perera,LD Chandimal,Mustafizur Rahman,0,0,,,,,,,,,
1130743,2017/18,2018-01-27,"Shere Bangla National Stadium, Mirpur",1,38.1,Sri Lanka,Bangladesh,LD Chandimal,NLTC Perera,Rubel Hossain,0,0,,,,,,,,,
1130743,2017/18,2018-01-27,"Shere Bangla National Stadium, Mirpur",1,38.2,Sri Lanka,Bangladesh,LD Chandimal,NLTC Perera,Rubel Hossain,0,0,,,,,,,,,
1130743,2017/18,2018-01-27,"Shere Bangla National Stadium, Mirpur",1,38.3,Sri Lanka,Bangladesh,LD Chandimal,NLTC Perera,Rubel Hossain,0,1,,,,1,,,,,
1130743,2017/18,2018-01-27,"Shere Bangla National Stadium, Mirpur",1,38.4,Sri Lanka,Bangladesh,NLTC Perera,LD Chandimal,Rubel Hossain,0,0,,,,,,caught,NLTC Perera,,
1130743,2017/18,2018-01-27,"Shere Bangla National Stadium, Mirpur",1,38.5,Sri Lanka,Bangladesh,LD Chandimal,DAS Gunaratne,Rubel Hossain,1,0,,,,,,,,,
1130743,2017/18,2018-01-27,"Shere Bangla National Stadium, Mirpur",1,38.6,Sri Lanka,Bangladesh,DAS Gunaratne,LD Chandimal,Rubel Hossain,1,0,,,,,,,,,
1130743,2017/18,2018-01-27,"Shere Bangla National Stadium, Mirpur",1,39.1,Sri Lanka,Bangladesh,DAS Gunaratne,LD Chandimal,Mustafizur Rahman,0,0,,,,,,,,,
1130743,2017/18,2018-01-27,"Shere Bangla National Stadium, Mirpur",1,39.2,Sri Lanka,Bangladesh,DAS Gunaratne,LD Chandimal,Mustafizur Rahman,0,0,,,,,,,,,
1130743,2017/18,2018-01-27,"Shere Bangla National Stadium, Mirpur",1,39.3,Sri Lanka,Bangladesh,DAS Gunaratne,LD Chandimal,Mustafizur Rahman,0,0,,,,,,,,,
1130743,2017/18,2018-01-27,"Shere Bangla National Stadium, Mirpur",1,39.4,Sri Lanka,Bangladesh,DAS Gunaratne,LD Chandimal,Mustafizur Rahman,1,0,,,,,,,,,
1130743,2017/18,2018-01-27,"Shere Bangla National Stadium, Mirpur",1,39.5,Sri Lanka,Bangladesh,LD Chandimal,DAS Gunaratne,Mustafizur Rahman,0,0,,,,,,,,,
1130743,2017/18,2018-01-27,"Shere Bangla National Stadium, Mirpur",1,39.6,Sri Lanka,Bangladesh,LD Chandimal,DAS Gunaratne,Mustafizur Rahman,1,0,,,,,,,,,
1130743,2017/18,2018-01-27,"Shere Bangla National Stadium, Mirpur",1,40.1,Sri Lanka,Bangladesh,LD Chandimal,DAS Gunaratne,Rubel Hossain,0,0,,,,,,,,,
1130743,2017/18,2018-01-27,"Shere Bangla National Stadium, Mirpur",1,40.2,Sri Lanka,Bangladesh,LD Chandimal,DAS Gunaratne,Rubel Hossain,2,0,,,,,,,,,
1130743,2017/18,2018-01-27,"Shere Bangla National Stadium, Mirpur",1,40.3,Sri Lanka,Bangladesh,LD Chandimal,DAS Gunaratne,Rubel Hossain,0,0,,,,,,,,,
1130743,2017/18,2018-01-27,"Shere Bangla National Stadium, Mirpur",1,40.4,Sri Lanka,Bangladesh,LD Chandimal,DAS Gunaratne,Rubel Hossain,1,0,,,,,,,,,
1130743,2017/18,2018-01-27,"Shere Bangla National Stadium, Mirpur",1,40.5,Sri Lanka,Bangladesh,DAS Gunaratne,LD Chandimal,Rubel Hossain,0,0,,,,,,,,,
1130743,2017/18,2018-01-27,"Shere Bangla National Stadium, Mirpur",1,40.6,Sri Lanka,Bangladesh,DAS Gunaratne,LD Chandimal,Rubel Hossain,0,0,,,,,,,,,
1130743,2017/18,2018-01-27,"Shere Bangla National Stadium, Mirpur",1,41.1,Sri Lanka,Bangladesh,LD Chandimal,DAS Gunaratne,Mustafizur Rahman,1,0,,,,,,,,,
1130743,2017/18,2018-01-27,"Shere Bangla National Stadium, Mirpur",1,41.2,Sri Lanka,Bangladesh,DAS Gunaratne,LD Chandimal,Mustafizur Rahman,1,0,,,,,,,,,
1130743,2017/18,2018-01-27,"Shere Bangla National Stadium, Mirpur",1,41.3,Sri Lanka,Bangladesh,LD Chandimal,DAS Gunaratne,Mustafizur Rahman,0,0,,,,,,,,,
1130743,2017/18,2018-01-27,"Shere Bangla National Stadium, Mirpur",1,41.4,Sri Lanka,Bangladesh,LD Chandimal,DAS Gunaratne,Mustafizur Rahman,0,0,,,,,,,,,
1130743,2017/18,2018-01-27,"Shere Bangla National Stadium, Mirpur",1,41.5,Sri Lanka,Bangladesh,LD Chandimal,DAS Gunaratne,Mustafizur Rahman,1,0,,,,,,,,,
1130743,2017/18,2018-01-27,"Shere Bangla National Stadium, Mirpur",1,41.6,Sri Lanka,Bangladesh,DAS Gunaratne,LD Chandimal,Mustafizur Rahman,0,0,,,,,,,,,
1130743,2017/18,2018-01-27,"Shere Bangla National Stadium, Mirpur",1,42.1,Sri Lanka,Bangladesh,LD Chandimal,DAS Gunaratne,Rubel Hossain,1,0,,,,,,,,,
1130743,2017/18,2018-01-27,"Shere Bangla National Stadium, Mirpur",1,42.2,Sri Lanka,Bangladesh,DAS Gunaratne,LD Chandimal,Rubel Hossain,1,0,,,,,,,,,
1130743,2017/18,2018-01-27,"Shere Bangla National Stadium, Mirpur",1,42.3,Sri Lanka,Bangladesh,LD Chandimal,DAS Gunaratne,Rubel Hossain,1,0,,,,,,,,,
1130743,2017/18,2018-01-27,"Shere Bangla National Stadium, Mirpur",1,42.4,Sri Lanka,Bangladesh,DAS Gunaratne,LD Chandimal,Rubel Hossain,1,0,,,,,,,,,
1130743,2017/18,2018-01-27,"Shere Bangla National Stadium, Mirpur",1,42.5,Sri Lanka,Bangladesh,LD Chandimal,DAS Gunaratne,Rubel Hossain,0,0,,,,,,,,,
1130743,2017/18,2018-01-27,"Shere Bangla National Stadium, Mirpur",1,42.6,Sri Lanka,Bangladesh,LD Chandimal,DAS Gunaratne,Rubel Hossain,1,0,,,,,,,,,
1130743,2017/18,2018-01-27,"Shere Bangla National Stadium, Mirpur",1,43.1,Sri Lanka,Bangladesh,LD Chandimal,DAS Gunaratne,Mustafizur Rahman,0,0,,,,,,,,,
1130743,2017/18,2018-01-27,"Shere Bangla National Stadium, Mirpur",1,43.2,Sri Lanka,Bangladesh,LD Chandimal,DAS Gunaratne,Mustafizur Rahman,0,0,,,,,,,,,
1130743,2017/18,2018-01-27,"Shere Bangla National Stadium, Mirpur",1,43.3,Sri Lanka,Bangladesh,LD Chandimal,DAS Gunaratne,Mustafizur Rahman,1,0,,,,,,,,,
1130743,2017/18,2018-01-27,"Shere Bangla National Stadium, Mirpur",1,43.4,Sri Lanka,Bangladesh,DAS Gunaratne,LD Chandimal,Mustafizur Rahman,0,0,,,,,,,,,
1130743,2017/18,2018-01-27,"Shere Bangla National Stadium, Mirpur",1,43.5,Sri Lanka,Bangladesh,DAS Gunaratne,LD Chandimal,Mustafizur Rahman,1,0,,,,,,,,,
1130743,2017/18,2018-01-27,"Shere Bangla National Stadium, Mirpur",1,43.6,Sri Lanka,Bangladesh,LD Chandimal,DAS Gunaratne,Mustafizur Rahman,0,1,,,,1,,,,,
1130743,2017/18,2018-01-27,"Shere Bangla National Stadium, Mirpur",1,44.1,Sri Lanka,Bangladesh,LD Chandimal,DAS Gunaratne,Rubel Hossain,0,0,,,,,,,,,
1130743,2017/18,2018-01-27,"Shere Bangla National Stadium, Mirpur",1,44.2,Sri Lanka,Bangladesh,LD Chandimal,DAS Gunaratne,Rubel Hossain,1,0,,,,,,,,,
1130743,2017/18,2018-01-27,"Shere Bangla National Stadium, Mirpur",1,44.3,Sri Lanka,Bangladesh,DAS Gunaratne,LD Chandimal,Rubel Hossain,0,0,,,,,,lbw,DAS Gunaratne,,
1130743,2017/18,2018-01-27,"Shere Bangla National Stadium, Mirpur",1,44.4,Sri Lanka,Bangladesh,A Dananjaya,LD Chandimal,Rubel Hossain,1,0,,,,,,,,,
1130743,2017/18,2018-01-27,"Shere Bangla National Stadium, Mirpur",1,44.5,Sri Lanka,Bangladesh,LD Chandimal,A Dananjaya,Rubel Hossain,2,0,,,,,,,,,
1130743,2017/18,2018-01-27,"Shere Bangla National Stadium, Mirpur",1,44.6,Sri Lanka,Bangladesh,LD Chandimal,A Dananjaya,Rubel Hossain,0,0,,,,,,,,,
1130743,2017/18,2018-01-27,"Shere Bangla National Stadium, Mirpur",1,45.1,Sri Lanka,Bangladesh,A Dananjaya,LD Chandimal,Mashrafe Mortaza,0,0,,,,,,,,,
1130743,2017/18,2018-01-27,"Shere Bangla National Stadium, Mirpur",1,45.2,Sri Lanka,Bangladesh,A Dananjaya,LD Chandimal,Mashrafe Mortaza,1,0,,,,,,,,,
1130743,2017/18,2018-01-27,"Shere Bangla National Stadium, Mirpur",1,45.3,Sri Lanka,Bangladesh,LD Chandimal,A Dananjaya,Mashrafe Mortaza,0,1,1,,,,,,,,
1130743,2017/18,2018-01-27,"Shere Bangla National Stadium, Mirpur",1,45.4,Sri Lanka,Bangladesh,LD Chandimal,A Dananjaya,Mashrafe Mortaza,1,0,,,,,,,,,
1130743,2017/18,2018-01-27,"Shere Bangla National Stadium, Mirpur",1,45.5,Sri Lanka,Bangladesh,A Dananjaya,LD Chandimal,Mashrafe Mortaza,0,0,,,,,,,,,
1130743,2017/18,2018-01-27,"Shere Bangla National Stadium, Mirpur",1,45.6,Sri Lanka,Bangladesh,A Dananjaya,LD Chandimal,Mashrafe Mortaza,4,0,,,,,,,,,
1130743,2017/18,2018-01-27,"Shere Bangla National Stadium, Mirpur",1,45.7,Sri Lanka,Bangladesh,A Dananjaya,LD Chandimal,Mashrafe Mortaza,0,0,,,,,,,,,
1130743,2017/18,2018-01-27,"Shere Bangla National Stadium, Mirpur",1,46.1,Sri Lanka,Bangladesh,LD Chandimal,A Dananjaya,Mustafizur Rahman,2,0,,,,,,,,,
1130743,2017/18,2018-01-27,"Shere Bangla National Stadium, Mirpur",1,46.2,Sri Lanka,Bangladesh,LD Chandimal,A Dananjaya,Mustafizur Rahman,1,0,,,,,,,,,
1130743,2017/18,2018-01-27,"Shere Bangla National Stadium, Mirpur",1,46.3,Sri Lanka,Bangladesh,A Dananjaya,LD Chandimal,Mustafizur Rahman,0,0,,,,,,,,,
1130743,2017/18,2018-01-27,"Shere Bangla National Stadium, Mirpur",1,46.4,Sri Lanka,Bangladesh,A Dananjaya,LD Chandimal,Mustafizur Rahman,2,0,,,,,,,,,
1130743,2017/18,2018-01-27,"Shere Bangla National Stadium, Mirpur",1,46.5,Sri Lanka,Bangladesh,A Dananjaya,LD Chandimal,Mustafizur Rahman,0,0,,,,,,,,,
1130743,2017/18,2018-01-27,"Shere Bangla National Stadium, Mirpur",1,46.6,Sri Lanka,Bangladesh,A Dananjaya,LD Chandimal,Mustafizur Rahman,0,1,,1,,,,,,,
1130743,2017/18,2018-01-27,"Shere Bangla National Stadium, Mirpur",1,46.7,Sri Lanka,Bangladesh,A Dananjaya,LD Chandimal,Mustafizur Rahman,1,0,,,,,,,,,
1130743,2017/18,2018-01-27,"Shere Bangla National Stadium, Mirpur",1,47.1,Sri Lanka,Bangladesh,A Dananjaya,LD Chandimal,Rubel Hossain,6,1,,1,,,,,,,
1130743,2017/18,2018-01-27,"Shere Bangla National Stadium, Mirpur",1,47.2,Sri Lanka,Bangladesh,A Dananjaya,LD Chandimal,Rubel Hossain,1,0,,,,,,,,,
1130743,2017/18,2018-01-27,"Shere Bangla National Stadium, Mirpur",1,47.3,Sri Lanka,Bangladesh,LD Chandimal,A Dananjaya,Rubel Hossain,2,0,,,,,,,,,
1130743,2017/18,2018-01-27,"Shere Bangla National Stadium, Mirpur",1,47.4,Sri Lanka,Bangladesh,LD Chandimal,A Dananjaya,Rubel Hossain,0,0,,,,,,bowled,LD Chandimal,,
1130743,2017/18,2018-01-27,"Shere Bangla National Stadium, Mirpur",1,47.5,Sri Lanka,Bangladesh,DSK Madushanka,A Dananjaya,Rubel Hossain,1,0,,,,,,,,,
1130743,2017/18,2018-01-27,"Shere Bangla National Stadium, Mirpur",1,47.6,Sri Lanka,Bangladesh,A Dananjaya,DSK Madushanka,Rubel Hossain,1,0,,,,,,,,,
1130743,2017/18,2018-01-27,"Shere Bangla National Stadium, Mirpur",1,47.7,Sri Lanka,Bangladesh,DSK Madushanka,A Dananjaya,Rubel Hossain,4,0,,,,,,,,,
1130743,2017/18,2018-01-27,"Shere Bangla National Stadium, Mirpur",1,48.1,Sri Lanka,Bangladesh,A Dananjaya,DSK Madushanka,Mustafizur Rahman,0,1,,,,1,,,,,
1130743,2017/18,2018-01-27,"Shere Bangla National Stadium, Mirpur",1,48.2,Sri Lanka,Bangladesh,DSK Madushanka,A Dananjaya,Mustafizur Rahman,1,0,,,,,,,,,
1130743,2017/18,2018-01-27,"Shere Bangla National Stadium, Mirpur",1,48.3,Sri Lanka,Bangladesh,A Dananjaya,DSK Madushanka,Mustafizur Rahman,0,0,,,,,,caught,A Dananjaya,,
1130743,2017/18,2018-01-27,"Shere Bangla National Stadium, Mirpur",1,48.4,Sri Lanka,Bangladesh,RAS Lakmal,DSK Madushanka,Mustafizur Rahman,1,0,,,,,,,,,
1130743,2017/18,2018-01-27,"Shere Bangla National Stadium, Mirpur",1,48.5,Sri Lanka,Bangladesh,DSK Madushanka,RAS Lakmal,Mustafizur Rahman,1,0,,,,,,,,,
1130743,2017/18,2018-01-27,"Shere Bangla National Stadium, Mirpur",1,48.6,Sri Lanka,Bangladesh,RAS Lakmal,DSK Madushanka,Mustafizur Rahman,0,0,,,,,,,,,
1130743,2017/18,2018-01-27,"Shere Bangla National Stadium, Mirpur",1,49.1,Sri Lanka,Bangladesh,DSK Madushanka,RAS Lakmal,Rubel Hossain,0,0,,,,,,,,,
1130743,2017/18,2018-01-27,"Shere Bangla National Stadium, Mirpur",1,49.2,Sri Lanka,Bangladesh,DSK Madushanka,RAS Lakmal,Rubel Hossain,0,0,,,,,,bowled,DSK Madushanka,,
1130743,2017/18,2018-01-27,"Shere Bangla National Stadium, Mirpur",1,49.3,Sri Lanka,Bangladesh,PVD Chameera,RAS Lakmal,Rubel Hossain,1,0,,,,,,,,,
1130743,2017/18,2018-01-27,"Shere Bangla National Stadium, Mirpur",1,49.4,Sri Lanka,Bangladesh,RAS Lakmal,PVD Chameera,Rubel Hossain,0,0,,,,,,,,,
1130743,2017/18,2018-01-27,"Shere Bangla National Stadium, Mirpur",1,49.5,Sri Lanka,Bangladesh,RAS Lakmal,PVD Chameera,Rubel Hossain,1,0,,,,,,,,,
1130743,2017/18,2018-01-27,"Shere Bangla National Stadium, Mirpur",1,49.6,Sri Lanka,Bangladesh,PVD Chameera,RAS Lakmal,Rubel Hossain,0,0,,,,,,run out,RAS Lakmal,,
1130743,2017/18,2018-01-27,"Shere Bangla National Stadium, Mirpur",2,0.1,Bangladesh,Sri Lanka,Tamim Iqbal,Mohammad Mithun,RAS Lakmal,0,0,,,,,,,,,
1130743,2017/18,2018-01-27,"Shere Bangla National Stadium, Mirpur",2,0.2,Bangladesh,Sri Lanka,Tamim Iqbal,Mohammad Mithun,RAS Lakmal,0,0,,,,,,,,,
1130743,2017/18,2018-01-27,"Shere Bangla National Stadium, Mirpur",2,0.3,Bangladesh,Sri Lanka,Tamim Iqbal,Mohammad Mithun,RAS Lakmal,0,0,,,,,,,,,
1130743,2017/18,2018-01-27,"Shere Bangla National Stadium, Mirpur",2,0.4,Bangladesh,Sri Lanka,Tamim Iqbal,Mohammad Mithun,RAS Lakmal,0,0,,,,,,,,,
1130743,2017/18,2018-01-27,"Shere Bangla National Stadium, Mirpur",2,0.5,Bangladesh,Sri Lanka,Tamim Iqbal,Mohammad Mithun,RAS Lakmal,0,0,,,,,,,,,
1130743,2017/18,2018-01-27,"Shere Bangla National Stadium, Mirpur",2,0.6,Bangladesh,Sri Lanka,Tamim Iqbal,Mohammad Mithun,RAS Lakmal,0,0,,,,,,,,,
1130743,2017/18,2018-01-27,"Shere Bangla National Stadium, Mirpur",2,1.1,Bangladesh,Sri Lanka,Mohammad Mithun,Tamim Iqbal,PVD Chameera,0,0,,,,,,,,,
1130743,2017/18,2018-01-27,"Shere Bangla National Stadium, Mirpur",2,1.2,Bangladesh,Sri Lanka,Mohammad Mithun,Tamim Iqbal,PVD Chameera,0,0,,,,,,,,,
1130743,2017/18,2018-01-27,"Shere Bangla National Stadium, Mirpur",2,1.3,Bangladesh,Sri Lanka,Mohammad Mithun,Tamim Iqbal,PVD Chameera,0,0,,,,,,,,,
1130743,2017/18,2018-01-27,"Shere Bangla National Stadium, Mirpur",2,1.4,Bangladesh,Sri Lanka,Mohammad Mithun,Tamim Iqbal,PVD Chameera,0,0,,,,,,,,,
1130743,2017/18,2018-01-27,"Shere Bangla National Stadium, Mirpur",2,1.5,Bangladesh,Sri Lanka,Mohammad Mithun,Tamim Iqbal,PVD Chameera,1,0,,,,,,,,,
1130743,2017/18,2018-01-27,"Shere Bangla National Stadium, Mirpur",2,1.6,Bangladesh,Sri Lanka,Tamim Iqbal,Mohammad Mithun,PVD Chameera,1,0,,,,,,,,,
1130743,2017/18,2018-01-27,"Shere Bangla National Stadium, Mirpur",2,2.1,Bangladesh,Sri Lanka,Tamim Iqbal,Mohammad Mithun,RAS Lakmal,0,0,,,,,,,,,
1130743,2017/18,2018-01-27,"Shere Bangla National Stadium, Mirpur",2,2.2,Bangladesh,Sri Lanka,Tamim Iqbal,Mohammad Mithun,RAS Lakmal,0,0,,,,,,,,,
1130743,2017/18,2018-01-27,"Shere Bangla National Stadium, Mirpur",2,2.3,Bangladesh,Sri Lanka,Tamim Iqbal,Mohammad Mithun,RAS Lakmal,1,0,,,,,,,,,
1130743,2017/18,2018-01-27,"Shere Bangla National Stadium, Mirpur",2,2.4,Bangladesh,Sri Lanka,Mohammad Mithun,Tamim Iqbal,RAS Lakmal,0,0,,,,,,,,,
1130743,2017/18,2018-01-27,"Shere Bangla National Stadium, Mirpur",2,2.5,Bangladesh,Sri Lanka,Mohammad Mithun,Tamim Iqbal,RAS Lakmal,0,0,,,,,,,,,
1130743,2017/18,2018-01-27,"Shere Bangla National Stadium, Mirpur",2,2.6,Bangladesh,Sri Lanka,Mohammad Mithun,Tamim Iqbal,RAS Lakmal,0,0,,,,,,,,,
1130743,2017/18,2018-01-27,"Shere Bangla National Stadium, Mirpur",2,3.1,Bangladesh,Sri Lanka,Tamim Iqbal,Mohammad Mithun,PVD Chameera,1,0,,,,,,,,,
1130743,2017/18,2018-01-27,"Shere Bangla National Stadium, Mirpur",2,3.2,Bangladesh,Sri Lanka,Mohammad Mithun,Tamim Iqbal,PVD Chameera,1,0,,,,,,,,,
1130743,2017/18,2018-01-27,"Shere Bangla National Stadium, Mirpur",2,3.3,Bangladesh,Sri Lanka,Tamim Iqbal,Mohammad Mithun,PVD Chameera,0,0,,,,,,,,,
1130743,2017/18,2018-01-27,"Shere Bangla National Stadium, Mirpur",2,3.4,Bangladesh,Sri Lanka,Tamim Iqbal,Mohammad Mithun,PVD Chameera,0,0,,,,,,,,,
1130743,2017/18,2018-01-27,"Shere Bangla National Stadium, Mirpur",2,3.5,Bangladesh,Sri Lanka,Tamim Iqbal,Mohammad Mithun,PVD Chameera,0,0,,,,,,,,,
1130743,2017/18,2018-01-27,"Shere Bangla National Stadium, Mirpur",2,3.6,Bangladesh,Sri Lanka,Tamim Iqbal,Mohammad Mithun,PVD Chameera,0,0,,,,,,,,,
1130743,2017/18,2018-01-27,"Shere Bangla National Stadium, Mirpur",2,4.1,Bangladesh,Sri Lanka,Mohammad Mithun,Tamim Iqbal,RAS Lakmal,0,0,,,,,,,,,
1130743,2017/18,2018-01-27,"Shere Bangla National Stadium, Mirpur",2,4.2,Bangladesh,Sri Lanka,Mohammad Mithun,Tamim Iqbal,RAS Lakmal,6,0,,,,,,,,,
1130743,2017/18,2018-01-27,"Shere Bangla National Stadium, Mirpur",2,4.3,Bangladesh,Sri Lanka,Mohammad Mithun,Tamim Iqbal,RAS Lakmal,0,0,,,,,,,,,
1130743,2017/18,2018-01-27,"Shere Bangla National Stadium, Mirpur",2,4.4,Bangladesh,Sri Lanka,Mohammad Mithun,Tamim Iqbal,RAS Lakmal,0,0,,,,,,,,,
1130743,2017/18,2018-01-27,"Shere Bangla National Stadium, Mirpur",2,4.5,Bangladesh,Sri Lanka,Mohammad Mithun,Tamim Iqbal,RAS Lakmal,0,0,,,,,,,,,
1130743,2017/18,2018-01-27,"Shere Bangla National Stadium, Mirpur",2,4.6,Bangladesh,Sri Lanka,Mohammad Mithun,Tamim Iqbal,RAS Lakmal,0,0,,,,,,,,,
1130743,2017/18,2018-01-27,"Shere Bangla National Stadium, Mirpur",2,5.1,Bangladesh,Sri Lanka,Tamim Iqbal,Mohammad Mithun,PVD Chameera,0,0,,,,,,,,,
1130743,2017/18,2018-01-27,"Shere Bangla National Stadium, Mirpur",2,5.2,Bangladesh,Sri Lanka,Tamim Iqbal,Mohammad Mithun,PVD Chameera,0,0,,,,,,,,,
1130743,2017/18,2018-01-27,"Shere Bangla National Stadium, Mirpur",2,5.3,Bangladesh,Sri Lanka,Tamim Iqbal,Mohammad Mithun,PVD Chameera,0,0,,,,,,caught,Tamim Iqbal,,
1130743,2017/18,2018-01-27,"Shere Bangla National Stadium, Mirpur",2,5.4,Bangladesh,Sri Lanka,Mohammad Mithun,Sabbir Rahman,PVD Chameera,0,0,,,,,,,,,
1130743,2017/18,2018-01-27,"Shere Bangla National Stadium, Mirpur",2,5.5,Bangladesh,Sri Lanka,Mohammad Mithun,Sabbir Rahman,PVD Chameera,0,0,,,,,,,,,
1130743,2017/18,2018-01-27,"Shere Bangla National Stadium, Mirpur",2,5.6,Bangladesh,Sri Lanka,Mohammad Mithun,Sabbir Rahman,PVD Chameera,0,1,,,,1,,,,,
1130743,2017/18,2018-01-27,"Shere Bangla National Stadium, Mirpur",2,6.1,Bangladesh,Sri Lanka,Mohammad Mithun,Sabbir Rahman,RAS Lakmal,0,0,,,,,,,,,
1130743,2017/18,2018-01-27,"Shere Bangla National Stadium, Mirpur",2,6.2,Bangladesh,Sri Lanka,Mohammad Mithun,Sabbir Rahman,RAS Lakmal,0,0,,,,,,,,,
1130743,2017/18,2018-01-27,"Shere Bangla National Stadium, Mirpur",2,6.3,Bangladesh,Sri Lanka,Mohammad Mithun,Sabbir Rahman,RAS Lakmal,0,0,,,,,,,,,
1130743,2017/18,2018-01-27,"Shere Bangla National Stadium, Mirpur",2,6.4,Bangladesh,Sri Lanka,Mohammad Mithun,Sabbir Rahman,RAS Lakmal,0,0,,,,,,,,,
1130743,2017/18,2018-01-27,"Shere Bangla National Stadium, Mirpur",2,6.5,Bangladesh,Sri Lanka,Mohammad Mithun,Sabbir Rahman,RAS Lakmal,0,0,,,,,,,,,
1130743,2017/18,2018-01-27,"Shere Bangla National Stadium, Mirpur",2,6.6,Bangladesh,Sri Lanka,Mohammad Mithun,Sabbir Rahman,RAS Lakmal,0,0,,,,,,,,,
1130743,2017/18,2018-01-27,"Shere Bangla National Stadium, Mirpur",2,7.1,Bangladesh,Sri Lanka,Sabbir Rahman,Mohammad Mithun,PVD Chameera,0,1,1,,,,,,,,
1130743,2017/18,2018-01-27,"Shere Bangla National Stadium, Mirpur",2,7.2,Bangladesh,Sri Lanka,Sabbir Rahman,Mohammad Mithun,PVD Chameera,1,0,,,,,,,,,
1130743,2017/18,2018-01-27,"Shere Bangla National Stadium, Mirpur",2,7.3,Bangladesh,Sri Lanka,Mohammad Mithun,Sabbir Rahman,PVD Chameera,1,0,,,,,,,,,
1130743,2017/18,2018-01-27,"Shere Bangla National Stadium, Mirpur",2,7.4,Bangladesh,Sri Lanka,Sabbir Rahman,Mohammad Mithun,PVD Chameera,0,1,,,1,,,,,,
1130743,2017/18,2018-01-27,"Shere Bangla National Stadium, Mirpur",2,7.5,Bangladesh,Sri Lanka,Mohammad Mithun,Sabbir Rahman,PVD Chameera,1,0,,,,,,,,,
1130743,2017/18,2018-01-27,"Shere Bangla National Stadium, Mirpur",2,7.6,Bangladesh,Sri Lanka,Sabbir Rahman,Mohammad Mithun,PVD Chameera,0,0,,,,,,,,,
1130743,2017/18,2018-01-27,"Shere Bangla National Stadium, Mirpur",2,7.7,Bangladesh,Sri Lanka,Sabbir Rahman,Mohammad Mithun,PVD Chameera,0,0,,,,,,,,,
1130743,2017/18,2018-01-27,"Shere Bangla National Stadium, Mirpur",2,8.1,Bangladesh,Sri Lanka,Mohammad Mithun,Sabbir Rahman,RAS Lakmal,0,0,,,,,,run out,Mohammad Mithun,,
1130743,2017/18,2018-01-27,"Shere Bangla National Stadium, Mirpur",2,8.2,Bangladesh,Sri Lanka,Sabbir Rahman,Mushfiqur Rahim,RAS Lakmal,0,0,,,,,,,,,
1130743,2017/18,2018-01-27,"Shere Bangla National Stadium, Mirpur",2,8.3,Bangladesh,Sri Lanka,Sabbir Rahman,Mushfiqur Rahim,RAS Lakmal,0,0,,,,,,,,,
1130743,2017/18,2018-01-27,"Shere Bangla National Stadium, Mirpur",2,8.4,Bangladesh,Sri Lanka,Sabbir Rahman,Mushfiqur Rahim,RAS Lakmal,1,0,,,,,,,,,
1130743,2017/18,2018-01-27,"Shere Bangla National Stadium, Mirpur",2,8.5,Bangladesh,Sri Lanka,Mushfiqur Rahim,Sabbir Rahman,RAS Lakmal,0,0,,,,,,,,,
1130743,2017/18,2018-01-27,"Shere Bangla National Stadium, Mirpur",2,8.6,Bangladesh,Sri Lanka,Mushfiqur Rahim,Sabbir Rahman,RAS Lakmal,4,0,,,,,,,,,
1130743,2017/18,2018-01-27,"Shere Bangla National Stadium, Mirpur",2,9.1,Bangladesh,Sri Lanka,Sabbir Rahman,Mushfiqur Rahim,PVD Chameera,0,0,,,,,,,,,
1130743,2017/18,2018-01-27,"Shere Bangla National Stadium, Mirpur",2,9.2,Bangladesh,Sri Lanka,Sabbir Rahman,Mushfiqur Rahim,PVD Chameera,0,0,,,,,,caught,Sabbir Rahman,,
1130743,2017/18,2018-01-27,"Shere Bangla National Stadium, Mirpur",2,9.3,Bangladesh,Sri Lanka,Mahmudullah,Mushfiqur Rahim,PVD Chameera,0,0,,,,,,,,,
1130743,2017/18,2018-01-27,"Shere Bangla National Stadium, Mirpur",2,9.4,Bangladesh,Sri Lanka,Mahmudullah,Mushfiqur Rahim,PVD Chameera,0,0,,,,,,,,,
1130743,2017/18,2018-01-27,"Shere Bangla National Stadium, Mirpur",2,9.5,Bangladesh,Sri Lanka,Mahmudullah,Mushfiqur Rahim,PVD Chameera,4,0,,,,,,,,,
1130743,2017/18,2018-01-27,"Shere Bangla National Stadium, Mirpur",2,9.6,Bangladesh,Sri Lanka,Mahmudullah,Mushfiqur Rahim,PVD Chameera,0,0,,,,,,,,,
1130743,2017/18,2018-01-27,"Shere Bangla National Stadium, Mirpur",2,10.1,Bangladesh,Sri Lanka,Mushfiqur Rahim,Mahmudullah,RAS Lakmal,0,0,,,,,,,,,
1130743,2017/18,2018-01-27,"Shere Bangla National Stadium, Mirpur",2,10.2,Bangladesh,Sri Lanka,Mushfiqur Rahim,Mahmudullah,RAS Lakmal,0,0,,,,,,,,,
1130743,2017/18,2018-01-27,"Shere Bangla National Stadium, Mirpur",2,10.3,Bangladesh,Sri Lanka,Mushfiqur Rahim,Mahmudullah,RAS Lakmal,0,0,,,,,,,,,
1130743,2017/18,2018-01-27,"Shere Bangla National Stadium, Mirpur",2,10.4,Bangladesh,Sri Lanka,Mushfiqur Rahim,Mahmudullah,RAS Lakmal,0,0,,,,,,,,,
1130743,2017/18,2018-01-27,"Shere Bangla National Stadium, Mirpur",2,10.5,Bangladesh,Sri Lanka,Mushfiqur Rahim,Mahmudullah,RAS Lakmal,0,0,,,,,,,,,
1130743,2017/18,2018-01-27,"Shere Bangla National Stadium, Mirpur",2,10.6,Bangladesh,Sri Lanka,Mushfiqur Rahim,Mahmudullah,RAS Lakmal,2,0,,,,,,,,,
1130743,2017/18,2018-01-27,"Shere Bangla National Stadium, Mirpur",2,11.1,Bangladesh,Sri Lanka,Mahmudullah,Mushfiqur Rahim,PVD Chameera,0,0,,,,,,,,,
1130743,2017/18,2018-01-27,"Shere Bangla National Stadium, Mirpur",2,11.2,Bangladesh,Sri Lanka,Mahmudullah,Mushfiqur Rahim,PVD Chameera,0,0,,,,,,,,,
1130743,2017/18,2018-01-27,"Shere Bangla National Stadium, Mirpur",2,11.3,Bangladesh,Sri Lanka,Mahmudullah,Mushfiqur Rahim,PVD Chameera,0,0,,,,,,,,,
1130743,2017/18,2018-01-27,"Shere Bangla National Stadium, Mirpur",2,11.4,Bangladesh,Sri Lanka,Mahmudullah,Mushfiqur Rahim,PVD Chameera,1,0,,,,,,,,,
1130743,2017/18,2018-01-27,"Shere Bangla National Stadium, Mirpur",2,11.5,Bangladesh,Sri Lanka,Mushfiqur Rahim,Mahmudullah,PVD Chameera,0,0,,,,,,,,,
1130743,2017/18,2018-01-27,"Shere Bangla National Stadium, Mirpur",2,11.6,Bangladesh,Sri Lanka,Mushfiqur Rahim,Mahmudullah,PVD Chameera,0,0,,,,,,,,,
1130743,2017/18,2018-01-27,"Shere Bangla National Stadium, Mirpur",2,12.1,Bangladesh,Sri Lanka,Mahmudullah,Mushfiqur Rahim,NLTC Perera,0,0,,,,,,,,,
1130743,2017/18,2018-01-27,"Shere Bangla National Stadium, Mirpur",2,12.2,Bangladesh,Sri Lanka,Mahmudullah,Mushfiqur Rahim,NLTC Perera,4,0,,,,,,,,,
1130743,2017/18,2018-01-27,"Shere Bangla National Stadium, Mirpur",2,12.3,Bangladesh,Sri Lanka,Mahmudullah,Mushfiqur Rahim,NLTC Perera,0,0,,,,,,,,,
1130743,2017/18,2018-01-27,"Shere Bangla National Stadium, Mirpur",2,12.4,Bangladesh,Sri Lanka,Mahmudullah,Mushfiqur Rahim,NLTC Perera,1,0,,,,,,,,,
1130743,2017/18,2018-01-27,"Shere Bangla National Stadium, Mirpur",2,12.5,Bangladesh,Sri Lanka,Mushfiqur Rahim,Mahmudullah,NLTC Perera,0,0,,,,,,,,,
1130743,2017/18,2018-01-27,"Shere Bangla National Stadium, Mirpur",2,12.6,Bangladesh,Sri Lanka,Mushfiqur Rahim,Mahmudullah,NLTC Perera,0,0,,,,,,,,,
1130743,2017/18,2018-01-27,"Shere Bangla National Stadium, Mirpur",2,13.1,Bangladesh,Sri Lanka,Mahmudullah,Mushfiqur Rahim,DSK Madushanka,0,0,,,,,,,,,
1130743,2017/18,2018-01-27,"Shere Bangla National Stadium, Mirpur",2,13.2,Bangladesh,Sri Lanka,Mahmudullah,Mushfiqur Rahim,DSK Madushanka,3,0,,,,,,,,,
1130743,2017/18,2018-01-27,"Shere Bangla National Stadium, Mirpur",2,13.3,Bangladesh,Sri Lanka,Mushfiqur Rahim,Mahmudullah,DSK Madushanka,1,0,,,,,,,,,
1130743,2017/18,2018-01-27,"Shere Bangla National Stadium, Mirpur",2,13.4,Bangladesh,Sri Lanka,Mahmudullah,Mushfiqur Rahim,DSK Madushanka,0,0,,,,,,,,,
1130743,2017/18,2018-01-27,"Shere Bangla National Stadium, Mirpur",2,13.5,Bangladesh,Sri Lanka,Mahmudullah,Mushfiqur Rahim,DSK Madushanka,2,0,,,,,,,,,
1130743,2017/18,2018-01-27,"Shere Bangla National Stadium, Mirpur",2,13.6,Bangladesh,Sri Lanka,Mahmudullah,Mushfiqur Rahim,DSK Madushanka,0,0,,,,,,,,,
1130743,2017/18,2018-01-27,"Shere Bangla National Stadium, Mirpur",2,14.1,Bangladesh,Sri Lanka,Mushfiqur Rahim,Mahmudullah,NLTC Perera,2,0,,,,,,,,,
1130743,2017/18,2018-01-27,"Shere Bangla National Stadium, Mirpur",2,14.2,Bangladesh,Sri Lanka,Mushfiqur Rahim,Mahmudullah,NLTC Perera,2,0,,,,,,,,,
1130743,2017/18,2018-01-27,"Shere Bangla National Stadium, Mirpur",2,14.3,Bangladesh,Sri Lanka,Mushfiqur Rahim,Mahmudullah,NLTC Perera,2,0,,,,,,,,,
1130743,2017/18,2018-01-27,"Shere Bangla National Stadium, Mirpur",2,14.4,Bangladesh,Sri Lanka,Mushfiqur Rahim,Mahmudullah,NLTC Perera,1,0,,,,,,,,,
1130743,2017/18,2018-01-27,"Shere Bangla National Stadium, Mirpur",2,14.5,Bangladesh,Sri Lanka,Mahmudullah,Mushfiqur Rahim,NLTC Perera,0,0,,,,,,,,,
1130743,2017/18,2018-01-27,"Shere Bangla National Stadium, Mirpur",2,14.6,Bangladesh,Sri Lanka,Mahmudullah,Mushfiqur Rahim,NLTC Perera,4,0,,,,,,,,,
1130743,2017/18,2018-01-27,"Shere Bangla National Stadium, Mirpur",2,15.1,Bangladesh,Sri Lanka,Mushfiqur Rahim,Mahmudullah,DSK Madushanka,0,0,,,,,,,,,
1130743,2017/18,2018-01-27,"Shere Bangla National Stadium, Mirpur",2,15.2,Bangladesh,Sri Lanka,Mushfiqur Rahim,Mahmudullah,DSK Madushanka,0,0,,,,,,,,,
1130743,2017/18,2018-01-27,"Shere Bangla National Stadium, Mirpur",2,15.3,Bangladesh,Sri Lanka,Mushfiqur Rahim,Mahmudullah,DSK Madushanka,1,0,,,,,,,,,
1130743,2017/18,2018-01-27,"Shere Bangla National Stadium, Mirpur",2,15.4,Bangladesh,Sri Lanka,Mahmudullah,Mushfiqur Rahim,DSK Madushanka,0,1,1,,,,,,,,
1130743,2017/18,2018-01-27,"Shere Bangla National Stadium, Mirpur",2,15.5,Bangladesh,Sri Lanka,Mahmudullah,Mushfiqur Rahim,DSK Madushanka,0,0,,,,,,,,,
1130743,2017/18,2018-01-27,"Shere Bangla National Stadium, Mirpur",2,15.6,Bangladesh,Sri Lanka,Mahmudullah,Mushfiqur Rahim,DSK Madushanka,0,1,1,,,,,,,,
1130743,2017/18,2018-01-27,"Shere Bangla National Stadium, Mirpur",2,15.7,Bangladesh,Sri Lanka,Mahmudullah,Mushfiqur Rahim,DSK Madushanka,0,0,,,,,,,,,
1130743,2017/18,2018-01-27,"Shere Bangla National Stadium, Mirpur",2,15.8,Bangladesh,Sri Lanka,Mahmudullah,Mushfiqur Rahim,DSK Madushanka,0,0,,,,,,,,,
1130743,2017/18,2018-01-27,"Shere Bangla National Stadium, Mirpur",2,16.1,Bangladesh,Sri Lanka,Mushfiqur Rahim,Mahmudullah,A Dananjaya,1,0,,,,,,,,,
1130743,2017/18,2018-01-27,"Shere Bangla National Stadium, Mirpur",2,16.2,Bangladesh,Sri Lanka,Mahmudullah,Mushfiqur Rahim,A Dananjaya,6,0,,,,,,,,,
1130743,2017/18,2018-01-27,"Shere Bangla National Stadium, Mirpur",2,16.3,Bangladesh,Sri Lanka,Mahmudullah,Mushfiqur Rahim,A Dananjaya,0,0,,,,,,,,,
1130743,2017/18,2018-01-27,"Shere Bangla National Stadium, Mirpur",2,16.4,Bangladesh,Sri Lanka,Mahmudullah,Mushfiqur Rahim,A Dananjaya,0,0,,,,,,,,,
1130743,2017/18,2018-01-27,"Shere Bangla National Stadium, Mirpur",2,16.5,Bangladesh,Sri Lanka,Mahmudullah,Mushfiqur Rahim,A Dananjaya,2,0,,,,,,,,,
1130743,2017/18,2018-01-27,"Shere Bangla National Stadium, Mirpur",2,16.6,Bangladesh,Sri Lanka,Mahmudullah,Mushfiqur Rahim,A Dananjaya,0,0,,,,,,,,,
1130743,2017/18,2018-01-27,"Shere Bangla National Stadium, Mirpur",2,17.1,Bangladesh,Sri Lanka,Mushfiqur Rahim,Mahmudullah,DSK Madushanka,0,0,,,,,,,,,
1130743,2017/18,2018-01-27,"Shere Bangla National Stadium, Mirpur",2,17.2,Bangladesh,Sri Lanka,Mushfiqur Rahim,Mahmudullah,DSK Madushanka,0,0,,,,,,,,,
1130743,2017/18,2018-01-27,"Shere Bangla National Stadium, Mirpur",2,17.3,Bangladesh,Sri Lanka,Mushfiqur Rahim,Mahmudullah,DSK Madushanka,0,0,,,,,,,,,
1130743,2017/18,2018-01-27,"Shere Bangla National Stadium, Mirpur",2,17.4,Bangladesh,Sri Lanka,Mushfiqur Rahim,Mahmudullah,DSK Madushanka,0,0,,,,,,,,,
1130743,2017/18,2018-01-27,"Shere Bangla National Stadium, Mirpur",2,17.5,Bangladesh,Sri Lanka,Mushfiqur Rahim,Mahmudullah,DSK Madushanka,0,0,,,,,,,,,
1130743,2017/18,2018-01-27,"Shere Bangla National Stadium, Mirpur",2,17.6,Bangladesh,Sri Lanka,Mushfiqur Rahim,Mahmudullah,DSK Madushanka,0,0,,,,,,,,,
1130743,2017/18,2018-01-27,"Shere Bangla National Stadium, Mirpur",2,18.1,Bangladesh,Sri Lanka,Mahmudullah,Mushfiqur Rahim,A Dananjaya,0,0,,,,,,,,,
1130743,2017/18,2018-01-27,"Shere Bangla National Stadium, Mirpur",2,18.2,Bangladesh,Sri Lanka,Mahmudullah,Mushfiqur Rahim,A Dananjaya,0,0,,,,,,,,,
1130743,2017/18,2018-01-27,"Shere Bangla National Stadium, Mirpur",2,18.3,Bangladesh,Sri Lanka,Mahmudullah,Mushfiqur Rahim,A Dananjaya,0,0,,,,,,,,,
1130743,2017/18,2018-01-27,"Shere Bangla National Stadium, Mirpur",2,18.4,Bangladesh,Sri Lanka,Mahmudullah,Mushfiqur Rahim,A Dananjaya,0,0,,,,,,,,,
1130743,2017/18,2018-01-27,"Shere Bangla National Stadium, Mirpur",2,18.5,Bangladesh,Sri Lanka,Mahmudullah,Mushfiqur Rahim,A Dananjaya,1,0,,,,,,,,,
1130743,2017/18,2018-01-27,"Shere Bangla National Stadium, Mirpur",2,18.6,Bangladesh,Sri Lanka,Mushfiqur Rahim,Mahmudullah,A Dananjaya,1,0,,,,,,,,,
1130743,2017/18,2018-01-27,"Shere Bangla National Stadium, Mirpur",2,19.1,Bangladesh,Sri Lanka,Mushfiqur Rahim,Mahmudullah,DSK Madushanka,1,0,,,,,,,,,
1130743,2017/18,2018-01-27,"Shere Bangla National Stadium, Mirpur",2,19.2,Bangladesh,Sri Lanka,Mahmudullah,Mushfiqur Rahim,DSK Madushanka,0,0,,,,,,,,,
1130743,2017/18,2018-01-27,"Shere Bangla National Stadium, Mirpur",2,19.3,Bangladesh,Sri Lanka,Mahmudullah,Mushfiqur Rahim,DSK Madushanka,0,0,,,,,,,,,
1130743,2017/18,2018-01-27,"Shere Bangla National Stadium, Mirpur",2,19.4,Bangladesh,Sri Lanka,Mahmudullah,Mushfiqur Rahim,DSK Madushanka,1,0,,,,,,,,,
1130743,2017/18,2018-01-27,"Shere Bangla National Stadium, Mirpur",2,19.5,Bangladesh,Sri Lanka,Mushfiqur Rahim,Mahmudullah,DSK Madushanka,1,0,,,,,,,,,
1130743,2017/18,2018-01-27,"Shere Bangla National Stadium, Mirpur",2,19.6,Bangladesh,Sri Lanka,Mahmudullah,Mushfiqur Rahim,DSK Madushanka,4,0,,,,,,,,,
1130743,2017/18,2018-01-27,"Shere Bangla National Stadium, Mirpur",2,20.1,Bangladesh,Sri Lanka,Mushfiqur Rahim,Mahmudullah,A Dananjaya,0,0,,,,,,,,,
1130743,2017/18,2018-01-27,"Shere Bangla National Stadium, Mirpur",2,20.2,Bangladesh,Sri Lanka,Mushfiqur Rahim,Mahmudullah,A Dananjaya,1,0,,,,,,,,,
1130743,2017/18,2018-01-27,"Shere Bangla National Stadium, Mirpur",2,20.3,Bangladesh,Sri Lanka,Mahmudullah,Mushfiqur Rahim,A Dananjaya,1,0,,,,,,,,,
1130743,2017/18,2018-01-27,"Shere Bangla National Stadium, Mirpur",2,20.4,Bangladesh,Sri Lanka,Mushfiqur Rahim,Mahmudullah,A Dananjaya,0,0,,,,,,,,,
1130743,2017/18,2018-01-27,"Shere Bangla National Stadium, Mirpur",2,20.5,Bangladesh,Sri Lanka,Mushfiqur Rahim,Mahmudullah,A Dananjaya,1,0,,,,,,,,,
1130743,2017/18,2018-01-27,"Shere Bangla National Stadium, Mirpur",2,20.6,Bangladesh,Sri Lanka,Mahmudullah,Mushfiqur Rahim,A Dananjaya,1,0,,,,,,,,,
1130743,2017/18,2018-01-27,"Shere Bangla National Stadium, Mirpur",2,21.1,Bangladesh,Sri Lanka,Mahmudullah,Mushfiqur Rahim,NLTC Perera,1,0,,,,,,,,,
1130743,2017/18,2018-01-27,"Shere Bangla National Stadium, Mirpur",2,21.2,Bangladesh,Sri Lanka,Mushfiqur Rahim,Mahmudullah,NLTC Perera,1,0,,,,,,,,,
1130743,2017/18,2018-01-27,"Shere Bangla National Stadium, Mirpur",2,21.3,Bangladesh,Sri Lanka,Mahmudullah,Mushfiqur Rahim,NLTC Perera,1,0,,,,,,,,,
1130743,2017/18,2018-01-27,"Shere Bangla National Stadium, Mirpur",2,21.4,Bangladesh,Sri Lanka,Mushfiqur Rahim,Mahmudullah,NLTC Perera,0,0,,,,,,,,,
1130743,2017/18,2018-01-27,"Shere Bangla National Stadium, Mirpur",2,21.5,Bangladesh,Sri Lanka,Mushfiqur Rahim,Mahmudullah,NLTC Perera,0,0,,,,,,,,,
1130743,2017/18,2018-01-27,"Shere Bangla National Stadium, Mirpur",2,21.6,Bangladesh,Sri Lanka,Mushfiqur Rahim,Mahmudullah,NLTC Perera,0,0,,,,,,,,,
1130743,2017/18,2018-01-27,"Shere Bangla National Stadium, Mirpur",2,22.1,Bangladesh,Sri Lanka,Mahmudullah,Mushfiqur Rahim,A Dananjaya,0,0,,,,,,,,,
1130743,2017/18,2018-01-27,"Shere Bangla National Stadium, Mirpur",2,22.2,Bangladesh,Sri Lanka,Mahmudullah,Mushfiqur Rahim,A Dananjaya,1,0,,,,,,,,,
1130743,2017/18,2018-01-27,"Shere Bangla National Stadium, Mirpur",2,22.3,Bangladesh,Sri Lanka,Mushfiqur Rahim,Mahmudullah,A Dananjaya,0,0,,,,,,,,,
1130743,2017/18,2018-01-27,"Shere Bangla National Stadium, Mirpur",2,22.4,Bangladesh,Sri Lanka,Mushfiqur Rahim,Mahmudullah,A Dananjaya,0,0,,,,,,caught,Mushfiqur Rahim,,
1130743,2017/18,2018-01-27,"Shere Bangla National Stadium, Mirpur",2,22.5,Bangladesh,Sri Lanka,Mehedi Hasan Miraz,Mahmudullah,A Dananjaya,0,0,,,,,,,,,
1130743,2017/18,2018-01-27,"Shere Bangla National Stadium, Mirpur",2,22.6,Bangladesh,Sri Lanka,Mehedi Hasan Miraz,Mahmudullah,A Dananjaya,0,0,,,,,,,,,
1130743,2017/18,2018-01-27,"Shere Bangla National Stadium, Mirpur",2,23.1,Bangladesh,Sri Lanka,Mahmudullah,Mehedi Hasan Miraz,NLTC Perera,0,0,,,,,,,,,
1130743,2017/18,2018-01-27,"Shere Bangla National Stadium, Mirpur",2,23.2,Bangladesh,Sri Lanka,Mahmudullah,Mehedi Hasan Miraz,NLTC Perera,1,0,,,,,,,,,
1130743,2017/18,2018-01-27,"Shere Bangla National Stadium, Mirpur",2,23.3,Bangladesh,Sri Lanka,Mehedi Hasan Miraz,Mahmudullah,NLTC Perera,0,0,,,,,,,,,
1130743,2017/18,2018-01-27,"Shere Bangla National Stadium, Mirpur",2,23.4,Bangladesh,Sri Lanka,Mehedi Hasan Miraz,Mahmudullah,NLTC Perera,1,0,,,,,,,,,
1130743,2017/18,2018-01-27,"Shere Bangla National Stadium, Mirpur",2,23.5,Bangladesh,Sri Lanka,Mahmudullah,Mehedi Hasan Miraz,NLTC Perera,0,0,,,,,,,,,
1130743,2017/18,2018-01-27,"Shere Bangla National Stadium, Mirpur",2,23.6,Bangladesh,Sri Lanka,Mahmudullah,Mehedi Hasan Miraz,NLTC Perera,0,0,,,,,,,,,
1130743,2017/18,2018-01-27,"Shere Bangla National Stadium, Mirpur",2,24.1,Bangladesh,Sri Lanka,Mehedi Hasan Miraz,Mahmudullah,A Dananjaya,1,0,,,,,,,,,
1130743,2017/18,2018-01-27,"Shere Bangla National Stadium, Mirpur",2,24.2,Bangladesh,Sri Lanka,Mahmudullah,Mehedi Hasan Miraz,A Dananjaya,0,0,,,,,,,,,
1130743,2017/18,2018-01-27,"Shere Bangla National Stadium, Mirpur",2,24.3,Bangladesh,Sri Lanka,Mahmudullah,Mehedi Hasan Miraz,A Dananjaya,0,0,,,,,,,,,
1130743,2017/18,2018-01-27,"Shere Bangla National Stadium, Mirpur",2,24.4,Bangladesh,Sri Lanka,Mahmudullah,Mehedi Hasan Miraz,A Dananjaya,1,0,,,,,,,,,
1130743,2017/18,2018-01-27,"Shere Bangla National Stadium, Mirpur",2,24.5,Bangladesh,Sri Lanka,Mehedi Hasan Miraz,Mahmudullah,A Dananjaya,0,0,,,,,,,,,
1130743,2017/18,2018-01-27,"Shere Bangla National Stadium, Mirpur",2,24.6,Bangladesh,Sri Lanka,Mehedi Hasan Miraz,Mahmudullah,A Dananjaya,0,0,,,,,,,,,
1130743,2017/18,2018-01-27,"Shere Bangla National Stadium, Mirpur",2,25.1,Bangladesh,Sri Lanka,Mahmudullah,Mehedi Hasan Miraz,NLTC Perera,0,0,,,,,,,,,
1130743,2017/18,2018-01-27,"Shere Bangla National Stadium, Mirpur",2,25.2,Bangladesh,Sri Lanka,Mahmudullah,Mehedi Hasan Miraz,NLTC Perera,1,0,,,,,,,,,
1130743,2017/18,2018-01-27,"Shere Bangla National Stadium, Mirpur",2,25.3,Bangladesh,Sri Lanka,Mehedi Hasan Miraz,Mahmudullah,NLTC Perera,1,0,,,,,,,,,
1130743,2017/18,2018-01-27,"Shere Bangla National Stadium, Mirpur",2,25.4,Bangladesh,Sri Lanka,Mahmudullah,Mehedi Hasan Miraz,NLTC Perera,0,0,,,,,,,,,
1130743,2017/18,2018-01-27,"Shere Bangla National Stadium, Mirpur",2,25.5,Bangladesh,Sri Lanka,Mahmudullah,Mehedi Hasan Miraz,NLTC Perera,0,0,,,,,,,,,
1130743,2017/18,2018-01-27,"Shere Bangla National Stadium, Mirpur",2,25.6,Bangladesh,Sri Lanka,Mahmudullah,Mehedi Hasan Miraz,NLTC Perera,0,0,,,,,,,,,
1130743,2017/18,2018-01-27,"Shere Bangla National Stadium, Mirpur",2,26.1,Bangladesh,Sri Lanka,Mehedi Hasan Miraz,Mahmudullah,A Dananjaya,1,0,,,,,,,,,
1130743,2017/18,2018-01-27,"Shere Bangla National Stadium, Mirpur",2,26.2,Bangladesh,Sri Lanka,Mahmudullah,Mehedi Hasan Miraz,A Dananjaya,0,0,,,,,,,,,
1130743,2017/18,2018-01-27,"Shere Bangla National Stadium, Mirpur",2,26.3,Bangladesh,Sri Lanka,Mahmudullah,Mehedi Hasan Miraz,A Dananjaya,0,0,,,,,,,,,
1130743,2017/18,2018-01-27,"Shere Bangla National Stadium, Mirpur",2,26.4,Bangladesh,Sri Lanka,Mahmudullah,Mehedi Hasan Miraz,A Dananjaya,1,0,,,,,,,,,
1130743,2017/18,2018-01-27,"Shere Bangla National Stadium, Mirpur",2,26.5,Bangladesh,Sri Lanka,Mehedi Hasan Miraz,Mahmudullah,A Dananjaya,0,0,,,,,,,,,
1130743,2017/18,2018-01-27,"Shere Bangla National Stadium, Mirpur",2,26.6,Bangladesh,Sri Lanka,Mehedi Hasan Miraz,Mahmudullah,A Dananjaya,0,0,,,,,,,,,
1130743,2017/18,2018-01-27,"Shere Bangla National Stadium, Mirpur",2,27.1,Bangladesh,Sri Lanka,Mahmudullah,Mehedi Hasan Miraz,NLTC Perera,0,0,,,,,,,,,
1130743,2017/18,2018-01-27,"Shere Bangla National Stadium, Mirpur",2,27.2,Bangladesh,Sri Lanka,Mahmudullah,Mehedi Hasan Miraz,NLTC Perera,1,0,,,,,,,,,
1130743,2017/18,2018-01-27,"Shere Bangla National Stadium, Mirpur",2,27.3,Bangladesh,Sri Lanka,Mehedi Hasan Miraz,Mahmudullah,NLTC Perera,0,0,,,,,,,,,
1130743,2017/18,2018-01-27,"Shere Bangla National Stadium, Mirpur",2,27.4,Bangladesh,Sri Lanka,Mehedi Hasan Miraz,Mahmudullah,NLTC Perera,1,0,,,,,,,,,
1130743,2017/18,2018-01-27,"Shere Bangla National Stadium, Mirpur",2,27.5,Bangladesh,Sri Lanka,Mahmudullah,Mehedi Hasan Miraz,NLTC Perera,0,0,,,,,,,,,
1130743,2017/18,2018-01-27,"Shere Bangla National Stadium, Mirpur",2,27.6,Bangladesh,Sri Lanka,Mahmudullah,Mehedi Hasan Miraz,NLTC Perera,0,0,,,,,,,,,
1130743,2017/18,2018-01-27,"Shere Bangla National Stadium, Mirpur",2,28.1,Bangladesh,Sri Lanka,Mehedi Hasan Miraz,Mahmudullah,A Dananjaya,0,0,,,,,,caught and bowled,Mehedi Hasan Miraz,,
1130743,2017/18,2018-01-27,"Shere Bangla National Stadium, Mirpur",2,28.2,Bangladesh,Sri Lanka,Mohammad Saifuddin,Mahmudullah,A Dananjaya,0,0,,,,,,,,,
1130743,2017/18,2018-01-27,"Shere Bangla National Stadium, Mirpur",2,28.3,Bangladesh,Sri Lanka,Mohammad Saifuddin,Mahmudullah,A Dananjaya,0,0,,,,,,,,,
1130743,2017/18,2018-01-27,"Shere Bangla National Stadium, Mirpur",2,28.4,Bangladesh,Sri Lanka,Mohammad Saifuddin,Mahmudullah,A Dananjaya,0,0,,,,,,,,,
1130743,2017/18,2018-01-27,"Shere Bangla National Stadium, Mirpur",2,28.5,Bangladesh,Sri Lanka,Mohammad Saifuddin,Mahmudullah,A Dananjaya,1,0,,,,,,,,,
1130743,2017/18,2018-01-27,"Shere Bangla National Stadium, Mirpur",2,28.6,Bangladesh,Sri Lanka,Mahmudullah,Mohammad Saifuddin,A Dananjaya,0,0,,,,,,,,,
1130743,2017/18,2018-01-27,"Shere Bangla National Stadium, Mirpur",2,29.1,Bangladesh,Sri Lanka,Mohammad Saifuddin,Mahmudullah,NLTC Perera,1,0,,,,,,,,,
1130743,2017/18,2018-01-27,"Shere Bangla National Stadium, Mirpur",2,29.2,Bangladesh,Sri Lanka,Mahmudullah,Mohammad Saifuddin,NLTC Perera,0,0,,,,,,,,,
1130743,2017/18,2018-01-27,"Shere Bangla National Stadium, Mirpur",2,29.3,Bangladesh,Sri Lanka,Mahmudullah,Mohammad Saifuddin,NLTC Perera,4,0,,,,,,,,,
1130743,2017/18,2018-01-27,"Shere Bangla National Stadium, Mirpur",2,29.4,Bangladesh,Sri Lanka,Mahmudullah,Mohammad Saifuddin,NLTC Perera,1,0,,,,,,,,,
1130743,2017/18,2018-01-27,"Shere Bangla National Stadium, Mirpur",2,29.5,Bangladesh,Sri Lanka,Mohammad Saifuddin,Mahmudullah,NLTC Perera,0,0,,,,,,,,,
1130743,2017/18,2018-01-27,"Shere Bangla National Stadium, Mirpur",2,29.6,Bangladesh,Sri Lanka,Mohammad Saifuddin,Mahmudullah,NLTC Perera,0,0,,,,,,,,,
1130743,2017/18,2018-01-27,"Shere Bangla National Stadium, Mirpur",2,30.1,Bangladesh,Sri Lanka,Mahmudullah,Mohammad Saifuddin,A Dananjaya,0,1,1,,,,,,,,
1130743,2017/18,2018-01-27,"Shere Bangla National Stadium, Mirpur",2,30.2,Bangladesh,Sri Lanka,Mahmudullah,Mohammad Saifuddin,A Dananjaya,0,0,,,,,,,,,
1130743,2017/18,2018-01-27,"Shere Bangla National Stadium, Mirpur",2,30.3,Bangladesh,Sri Lanka,Mahmudullah,Mohammad Saifuddin,A Dananjaya,0,0,,,,,,,,,
1130743,2017/18,2018-01-27,"Shere Bangla National Stadium, Mirpur",2,30.4,Bangladesh,Sri Lanka,Mahmudullah,Mohammad Saifuddin,A Dananjaya,1,0,,,,,,,,,
1130743,2017/18,2018-01-27,"Shere Bangla National Stadium, Mirpur",2,30.5,Bangladesh,Sri Lanka,Mohammad Saifuddin,Mahmudullah,A Dananjaya,0,0,,,,,,,,,
1130743,2017/18,2018-01-27,"Shere Bangla National Stadium, Mirpur",2,30.6,Bangladesh,Sri Lanka,Mohammad Saifuddin,Mahmudullah,A Dananjaya,0,0,,,,,,,,,
1130743,2017/18,2018-01-27,"Shere Bangla National Stadium, Mirpur",2,30.7,Bangladesh,Sri Lanka,Mohammad Saifuddin,Mahmudullah,A Dananjaya,0,0,,,,,,,,,
1130743,2017/18,2018-01-27,"Shere Bangla National Stadium, Mirpur",2,31.1,Bangladesh,Sri Lanka,Mahmudullah,Mohammad Saifuddin,PVD Chameera,0,0,,,,,,,,,
1130743,2017/18,2018-01-27,"Shere Bangla National Stadium, Mirpur",2,31.2,Bangladesh,Sri Lanka,Mahmudullah,Mohammad Saifuddin,PVD Chameera,1,0,,,,,,,,,
1130743,2017/18,2018-01-27,"Shere Bangla National Stadium, Mirpur",2,31.3,Bangladesh,Sri Lanka,Mohammad Saifuddin,Mahmudullah,PVD Chameera,0,0,,,,,,,,,
1130743,2017/18,2018-01-27,"Shere Bangla National Stadium, Mirpur",2,31.4,Bangladesh,Sri Lanka,Mohammad Saifuddin,Mahmudullah,PVD Chameera,1,0,,,,,,,,,
1130743,2017/18,2018-01-27,"Shere Bangla National Stadium, Mirpur",2,31.5,Bangladesh,Sri Lanka,Mahmudullah,Mohammad Saifuddin,PVD Chameera,1,0,,,,,,,,,
1130743,2017/18,2018-01-27,"Shere Bangla National Stadium, Mirpur",2,31.6,Bangladesh,Sri Lanka,Mohammad Saifuddin,Mahmudullah,PVD Chameera,0,0,,,,,,,,,
1130743,2017/18,2018-01-27,"Shere Bangla National Stadium, Mirpur",2,32.1,Bangladesh,Sri Lanka,Mahmudullah,Mohammad Saifuddin,A Dananjaya,0,1,1,,,,,,,,
1130743,2017/18,2018-01-27,"Shere Bangla National Stadium, Mirpur",2,32.2,Bangladesh,Sri Lanka,Mahmudullah,Mohammad Saifuddin,A Dananjaya,0,0,,,,,,,,,
1130743,2017/18,2018-01-27,"Shere Bangla National Stadium, Mirpur",2,32.3,Bangladesh,Sri Lanka,Mahmudullah,Mohammad Saifuddin,A Dananjaya,0,0,,,,,,,,,
1130743,2017/18,2018-01-27,"Shere Bangla National Stadium, Mirpur",2,32.4,Bangladesh,Sri Lanka,Mahmudullah,Mohammad Saifuddin,A Dananjaya,6,0,,,,,,,,,
1130743,2017/18,2018-01-27,"Shere Bangla National Stadium, Mirpur",2,32.5,Bangladesh,Sri Lanka,Mahmudullah,Mohammad Saifuddin,A Dananjaya,0,0,,,,,,,,,
1130743,2017/18,2018-01-27,"Shere Bangla National Stadium, Mirpur",2,32.6,Bangladesh,Sri Lanka,Mahmudullah,Mohammad Saifuddin,A Dananjaya,0,0,,,,,,,,,
1130743,2017/18,2018-01-27,"Shere Bangla National Stadium, Mirpur",2,32.7,Bangladesh,Sri Lanka,Mahmudullah,Mohammad Saifuddin,A Dananjaya,0,0,,,,,,,,,
1130743,2017/18,2018-01-27,"Shere Bangla National Stadium, Mirpur",2,33.1,Bangladesh,Sri Lanka,Mohammad Saifuddin,Mahmudullah,MD Gunathilaka,0,0,,,,,,,,,
1130743,2017/18,2018-01-27,"Shere Bangla National Stadium, Mirpur",2,33.2,Bangladesh,Sri Lanka,Mohammad Saifuddin,Mahmudullah,MD Gunathilaka,0,0,,,,,,,,,
1130743,2017/18,2018-01-27,"Shere Bangla National Stadium, Mirpur",2,33.3,Bangladesh,Sri Lanka,Mohammad Saifuddin,Mahmudullah,MD Gunathilaka,0,0,,,,,,,,,
1130743,2017/18,2018-01-27,"Shere Bangla National Stadium, Mirpur",2,33.4,Bangladesh,Sri Lanka,Mohammad Saifuddin,Mahmudullah,MD Gunathilaka,0,0,,,,,,,,,
1130743,2017/18,2018-01-27,"Shere Bangla National Stadium, Mirpur",2,33.5,Bangladesh,Sri Lanka,Mohammad Saifuddin,Mahmudullah,MD Gunathilaka,0,0,,,,,,,,,
1130743,2017/18,2018-01-27,"Shere Bangla National Stadium, Mirpur",2,33.6,Bangladesh,Sri Lanka,Mohammad Saifuddin,Mahmudullah,MD Gunathilaka,0,0,,,,,,,,,
1130743,2017/18,2018-01-27,"Shere Bangla National Stadium, Mirpur",2,34.1,Bangladesh,Sri Lanka,Mahmudullah,Mohammad Saifuddin,RAS Lakmal,6,0,,,,,,,,,
1130743,2017/18,2018-01-27,"Shere Bangla National Stadium, Mirpur",2,34.2,Bangladesh,Sri Lanka,Mahmudullah,Mohammad Saifuddin,RAS Lakmal,1,0,,,,,,,,,
1130743,2017/18,2018-01-27,"Shere Bangla National Stadium, Mirpur",2,34.3,Bangladesh,Sri Lanka,Mohammad Saifuddin,Mahmudullah,RAS Lakmal,1,0,,,,,,,,,
1130743,2017/18,2018-01-27,"Shere Bangla National Stadium, Mirpur",2,34.4,Bangladesh,Sri Lanka,Mahmudullah,Mohammad Saifuddin,RAS Lakmal,1,0,,,,,,,,,
1130743,2017/18,2018-01-27,"Shere Bangla National Stadium, Mirpur",2,34.5,Bangladesh,Sri Lanka,Mohammad Saifuddin,Mahmudullah,RAS Lakmal,0,0,,,,,,,,,
1130743,2017/18,2018-01-27,"Shere Bangla National Stadium, Mirpur",2,34.6,Bangladesh,Sri Lanka,Mohammad Saifuddin,Mahmudullah,RAS Lakmal,1,0,,,,,,,,,
1130743,2017/18,2018-01-27,"Shere Bangla National Stadium, Mirpur",2,35.1,Bangladesh,Sri Lanka,Mohammad Saifuddin,Mahmudullah,MD Gunathilaka,0,0,,,,,,,,,
1130743,2017/18,2018-01-27,"Shere Bangla National Stadium, Mirpur",2,35.2,Bangladesh,Sri Lanka,Mohammad Saifuddin,Mahmudullah,MD Gunathilaka,0,2,,,,2,,,,,
1130743,2017/18,2018-01-27,"Shere Bangla National Stadium, Mirpur",2,35.3,Bangladesh,Sri Lanka,Mohammad Saifuddin,Mahmudullah,MD Gunathilaka,0,0,,,,,,,,,
1130743,2017/18,2018-01-27,"Shere Bangla National Stadium, Mirpur",2,35.4,Bangladesh,Sri Lanka,Mohammad Saifuddin,Mahmudullah,MD Gunathilaka,1,0,,,,,,,,,
1130743,2017/18,2018-01-27,"Shere Bangla National Stadium, Mirpur",2,35.5,Bangladesh,Sri Lanka,Mahmudullah,Mohammad Saifuddin,MD Gunathilaka,0,1,1,,,,,,,,
1130743,2017/18,2018-01-27,"Shere Bangla National Stadium, Mirpur",2,35.6,Bangladesh,Sri Lanka,Mahmudullah,Mohammad Saifuddin,MD Gunathilaka,1,0,,,,,,,,,
1130743,2017/18,2018-01-27,"Shere Bangla National Stadium, Mirpur",2,35.7,Bangladesh,Sri Lanka,Mohammad Saifuddin,Mahmudullah,MD Gunathilaka,1,0,,,,,,,,,
1130743,2017/18,2018-01-27,"Shere Bangla National Stadium, Mirpur",2,36.1,Bangladesh,Sri Lanka,Mohammad Saifuddin,Mahmudullah,RAS Lakmal,1,0,,,,,,,,,
1130743,2017/18,2018-01-27,"Shere Bangla National Stadium, Mirpur",2,36.2,Bangladesh,Sri Lanka,Mahmudullah,Mohammad Saifuddin,RAS Lakmal,1,0,,,,,,,,,
1130743,2017/18,2018-01-27,"Shere Bangla National Stadium, Mirpur",2,36.3,Bangladesh,Sri Lanka,Mohammad Saifuddin,Mahmudullah,RAS Lakmal,0,0,,,,,,run out,Mohammad Saifuddin,,
1130743,2017/18,2018-01-27,"Shere Bangla National Stadium, Mirpur",2,36.4,Bangladesh,Sri Lanka,Mahmudullah,Mashrafe Mortaza,RAS Lakmal,0,0,,,,,,,,,
1130743,2017/18,2018-01-27,"Shere Bangla National Stadium, Mirpur",2,36.5,Bangladesh,Sri Lanka,Mahmudullah,Mashrafe Mortaza,RAS Lakmal,1,0,,,,,,,,,
1130743,2017/18,2018-01-27,"Shere Bangla National Stadium, Mirpur",2,36.6,Bangladesh,Sri Lanka,Mashrafe Mortaza,Mahmudullah,RAS Lakmal,0,1,,,,1,,,,,
1130743,2017/18,2018-01-27,"Shere Bangla National Stadium, Mirpur",2,37.1,Bangladesh,Sri Lanka,Mashrafe Mortaza,Mahmudullah,DSK Madushanka,2,0,,,,,,,,,
1130743,2017/18,2018-01-27,"Shere Bangla National Stadium, Mirpur",2,37.2,Bangladesh,Sri Lanka,Mashrafe Mortaza,Mahmudullah,DSK Madushanka,1,0,,,,,,,,,
1130743,2017/18,2018-01-27,"Shere Bangla National Stadium, Mirpur",2,37.3,Bangladesh,Sri Lanka,Mahmudullah,Mashrafe Mortaza,DSK Madushanka,0,0,,,,,,,,,
1130743,2017/18,2018-01-27,"Shere Bangla National Stadium, Mirpur",2,37.4,Bangladesh,Sri Lanka,Mahmudullah,Mashrafe Mortaza,DSK Madushanka,1,0,,,,,,,,,
1130743,2017/18,2018-01-27,"Shere Bangla National Stadium, Mirpur",2,37.5,Bangladesh,Sri Lanka,Mashrafe Mortaza,Mahmudullah,DSK Madushanka,0,0,,,,,,,,,
1130743,2017/18,2018-01-27,"Shere Bangla National Stadium, Mirpur",2,37.6,Bangladesh,Sri Lanka,Mashrafe Mortaza,Mahmudullah,DSK Madushanka,1,0,,,,,,,,,
1130743,2017/18,2018-01-27,"Shere Bangla National Stadium, Mirpur",2,38.1,Bangladesh,Sri Lanka,Mashrafe Mortaza,Mahmudullah,RAS Lakmal,0,0,,,,,,,,,
1130743,2017/18,2018-01-27,"Shere Bangla National Stadium, Mirpur",2,38.2,Bangladesh,Sri Lanka,Mashrafe Mortaza,Mahmudullah,RAS Lakmal,0,0,,,,,,,,,
1130743,2017/18,2018-01-27,"Shere Bangla National Stadium, Mirpur",2,38.3,Bangladesh,Sri Lanka,Mashrafe Mortaza,Mahmudullah,RAS Lakmal,0,0,,,,,,,,,
1130743,2017/18,2018-01-27,"Shere Bangla National Stadium, Mirpur",2,38.4,Bangladesh,Sri Lanka,Mashrafe Mortaza,Mahmudullah,RAS Lakmal,0,0,,,,,,,,,
1130743,2017/18,2018-01-27,"Shere Bangla National Stadium, Mirpur",2,38.5,Bangladesh,Sri Lanka,Mashrafe Mortaza,Mahmudullah,RAS Lakmal,1,0,,,,,,,,,
1130743,2017/18,2018-01-27,"Shere Bangla National Stadium, Mirpur",2,38.6,Bangladesh,Sri Lanka,Mahmudullah,Mashrafe Mortaza,RAS Lakmal,1,0,,,,,,,,,
1130743,2017/18,2018-01-27,"Shere Bangla National Stadium, Mirpur",2,39.1,Bangladesh,Sri Lanka,Mahmudullah,Mashrafe Mortaza,DSK Madushanka,4,0,,,,,,,,,
1130743,2017/18,2018-01-27,"Shere Bangla National Stadium, Mirpur",2,39.2,Bangladesh,Sri Lanka,Mahmudullah,Mashrafe Mortaza,DSK Madushanka,0,0,,,,,,,,,
1130743,2017/18,2018-01-27,"Shere Bangla National Stadium, Mirpur",2,39.3,Bangladesh,Sri Lanka,Mahmudullah,Mashrafe Mortaza,DSK Madushanka,1,0,,,,,,,,,
1130743,2017/18,2018-01-27,"Shere Bangla National Stadium, Mirpur",2,39.4,Bangladesh,Sri Lanka,Mashrafe Mortaza,Mahmudullah,DSK Madushanka,0,0,,,,,,,,,
1130743,2017/18,2018-01-27,"Shere Bangla National Stadium, Mirpur",2,39.5,Bangladesh,Sri Lanka,Mashrafe Mortaza,Mahmudullah,DSK Madushanka,0,0,,,,,,caught,Mashrafe Mortaza,,
1130743,2017/18,2018-01-27,"Shere Bangla National Stadium, Mirpur",2,39.6,Bangladesh,Sri Lanka,Rubel Hossain,Mahmudullah,DSK Madushanka,0,0,,,,,,bowled,Rubel Hossain,,
1130743,2017/18,2018-01-27,"Shere Bangla National Stadium, Mirpur",2,40.1,Bangladesh,Sri Lanka,Mahmudullah,Mustafizur Rahman,PVD Chameera,1,0,,,,,,,,,
1130743,2017/18,2018-01-27,"Shere Bangla National Stadium, Mirpur",2,40.2,Bangladesh,Sri Lanka,Mustafizur Rahman,Mahmudullah,PVD Chameera,0,0,,,,,,,,,
1130743,2017/18,2018-01-27,"Shere Bangla National Stadium, Mirpur",2,40.3,Bangladesh,Sri Lanka,Mustafizur Rahman,Mahmudullah,PVD Chameera,0,0,,,,,,,,,
1130743,2017/18,2018-01-27,"Shere Bangla National Stadium, Mirpur",2,40.4,Bangladesh,Sri Lanka,Mustafizur Rahman,Mahmudullah,PVD Chameera,0,0,,,,,,,,,
1130743,2017/18,2018-01-27,"Shere Bangla National Stadium, Mirpur",2,40.5,Bangladesh,Sri Lanka,Mustafizur Rahman,Mahmudullah,PVD Chameera,0,0,,,,,,,,,
1130743,2017/18,2018-01-27,"Shere Bangla National Stadium, Mirpur",2,40.6,Bangladesh,Sri Lanka,Mustafizur Rahman,Mahmudullah,PVD Chameera,0,0,,,,,,,,,
1130743,2017/18,2018-01-27,"Shere Bangla National Stadium, Mirpur",2,41.1,Bangladesh,Sri Lanka,Mahmudullah,Mustafizur Rahman,DSK Madushanka,0,0,,,,,,caught,Mahmudullah,,
