match_id,season,start_date,venue,innings,ball,batting_team,bowling_team,striker,non_striker,bowler,runs_off_bat,extras,wides,noballs,byes,legbyes,penalty,wicket_type,player_dismissed,other_wicket_type,other_player_dismissed
1131275,2017/18,2018-01-13,ICC Academy,1,0.1,Ireland,United Arab Emirates,WTS Porterfield,PR Stirling,Mohammad Naveed,0,0,,,,,,,,,
1131275,2017/18,2018-01-13,ICC Academy,1,0.2,Ireland,United Arab Emirates,WTS Porterfield,PR Stirling,Mohammad Naveed,0,0,,,,,,,,,
1131275,2017/18,2018-01-13,ICC Academy,1,0.3,Ireland,United Arab Emirates,WTS Porterfield,PR Stirling,Mohammad Naveed,0,0,,,,,,,,,
1131275,2017/18,2018-01-13,ICC Academy,1,0.4,Ireland,United Arab Emirates,WTS Porterfield,PR Stirling,Mohammad Naveed,1,0,,,,,,,,,
1131275,2017/18,2018-01-13,ICC Academy,1,0.5,Ireland,United Arab Emirates,PR Stirling,WTS Porterfield,Mohammad Naveed,3,0,,,,,,,,,
1131275,2017/18,2018-01-13,ICC Academy,1,0.6,Ireland,United Arab Emirates,WTS Porterfield,PR Stirling,Mohammad Naveed,0,0,,,,,,,,,
1131275,2017/18,2018-01-13,ICC Academy,1,1.1,Ireland,United Arab Emirates,PR Stirling,WTS Porterfield,Qadeer Ahmed,0,0,,,,,,,,,
1131275,2017/18,2018-01-13,ICC Academy,1,1.2,Ireland,United Arab Emirates,PR Stirling,WTS Porterfield,Qadeer Ahmed,1,1,,1,,,,,,,
1131275,2017/18,2018-01-13,ICC Academy,1,1.3,Ireland,United Arab Emirates,WTS Porterfield,PR Stirling,Qadeer Ahmed,1,0,,,,,,,,,
1131275,2017/18,2018-01-13,ICC Academy,1,1.4,Ireland,United Arab Emirates,PR Stirling,WTS Porterfield,Qadeer Ahmed,2,0,,,,,,,,,
1131275,2017/18,2018-01-13,ICC Academy,1,1.5,Ireland,United Arab Emirates,PR Stirling,WTS Porterfield,Qadeer Ahmed,0,0,,,,,,,,,
1131275,2017/18,2018-01-13,ICC Academy,1,1.6,Ireland,United Arab Emirates,PR Stirling,WTS Porterfield,Qadeer Ahmed,2,0,,,,,,,,,
1131275,2017/18,2018-01-13,ICC Academy,1,1.7,Ireland,United Arab Emirates,PR Stirling,WTS Porterfield,Qadeer Ahmed,0,0,,,,,,,,,
1131275,2017/18,2018-01-13,ICC Academy,1,2.1,Ireland,United Arab Emirates,WTS Porterfield,PR Stirling,Mohammad Naveed,0,0,,,,,,,,,
1131275,2017/18,2018-01-13,ICC Academy,1,2.2,Ireland,United Arab Emirates,WTS Porterfield,PR Stirling,Mohammad Naveed,1,0,,,,,,,,,
1131275,2017/18,2018-01-13,ICC Academy,1,2.3,Ireland,United Arab Emirates,PR Stirling,WTS Porterfield,Mohammad Naveed,0,0,,,,,,,,,
1131275,2017/18,2018-01-13,ICC Academy,1,2.4,Ireland,United Arab Emirates,PR Stirling,WTS Porterfield,Mohammad Naveed,0,0,,,,,,,,,
1131275,2017/18,2018-01-13,ICC Academy,1,2.5,Ireland,United Arab Emirates,PR Stirling,WTS Porterfield,Mohammad Naveed,1,0,,,,,,,,,
1131275,2017/18,2018-01-13,ICC Academy,1,2.6,Ireland,United Arab Emirates,WTS Porterfield,PR Stirling,Mohammad Naveed,4,0,,,,,,,,,
1131275,2017/18,2018-01-13,ICC Academy,1,3.1,Ireland,United Arab Emirates,PR Stirling,WTS Porterfield,Qadeer Ahmed,0,0,,,,,,,,,
1131275,2017/18,2018-01-13,ICC Academy,1,3.2,Ireland,United Arab Emirates,PR Stirling,WTS Porterfield,Qadeer Ahmed,0,0,,,,,,,,,
1131275,2017/18,2018-01-13,ICC Academy,1,3.3,Ireland,United Arab Emirates,PR Stirling,WTS Porterfield,Qadeer Ahmed,0,0,,,,,,,,,
1131275,2017/18,2018-01-13,ICC Academy,1,3.4,Ireland,United Arab Emirates,PR Stirling,WTS Porterfield,Qadeer Ahmed,0,0,,,,,,,,,
1131275,2017/18,2018-01-13,ICC Academy,1,3.5,Ireland,United Arab Emirates,PR Stirling,WTS Porterfield,Qadeer Ahmed,4,0,,,,,,,,,
1131275,2017/18,2018-01-13,ICC Academy,1,3.6,Ireland,United Arab Emirates,PR Stirling,WTS Porterfield,Qadeer Ahmed,4,0,,,,,,,,,
1131275,2017/18,2018-01-13,ICC Academy,1,4.1,Ireland,United Arab Emirates,WTS Porterfield,PR Stirling,Mohammad Naveed,0,0,,,,,,,,,
1131275,2017/18,2018-01-13,ICC Academy,1,4.2,Ireland,United Arab Emirates,WTS Porterfield,PR Stirling,Mohammad Naveed,0,0,,,,,,,,,
1131275,2017/18,2018-01-13,ICC Academy,1,4.3,Ireland,United Arab Emirates,WTS Porterfield,PR Stirling,Mohammad Naveed,0,0,,,,,,,,,
1131275,2017/18,2018-01-13,ICC Academy,1,4.4,Ireland,United Arab Emirates,WTS Porterfield,PR Stirling,Mohammad Naveed,0,0,,,,,,,,,
1131275,2017/18,2018-01-13,ICC Academy,1,4.5,Ireland,United Arab Emirates,WTS Porterfield,PR Stirling,Mohammad Naveed,1,0,,,,,,,,,
1131275,2017/18,2018-01-13,ICC Academy,1,4.6,Ireland,United Arab Emirates,PR Stirling,WTS Porterfield,Mohammad Naveed,0,0,,,,,,,,,
1131275,2017/18,2018-01-13,ICC Academy,1,5.1,Ireland,United Arab Emirates,WTS Porterfield,PR Stirling,Qadeer Ahmed,0,0,,,,,,,,,
1131275,2017/18,2018-01-13,ICC Academy,1,5.2,Ireland,United Arab Emirates,WTS Porterfield,PR Stirling,Qadeer Ahmed,4,0,,,,,,,,,
1131275,2017/18,2018-01-13,ICC Academy,1,5.3,Ireland,United Arab Emirates,WTS Porterfield,PR Stirling,Qadeer Ahmed,0,0,,,,,,,,,
1131275,2017/18,2018-01-13,ICC Academy,1,5.4,Ireland,United Arab Emirates,WTS Porterfield,PR Stirling,Qadeer Ahmed,1,0,,,,,,,,,
1131275,2017/18,2018-01-13,ICC Academy,1,5.5,Ireland,United Arab Emirates,PR Stirling,WTS Porterfield,Qadeer Ahmed,1,0,,,,,,,,,
1131275,2017/18,2018-01-13,ICC Academy,1,5.6,Ireland,United Arab Emirates,WTS Porterfield,PR Stirling,Qadeer Ahmed,0,0,,,,,,,,,
1131275,2017/18,2018-01-13,ICC Academy,1,6.1,Ireland,United Arab Emirates,PR Stirling,WTS Porterfield,Mohammad Naveed,0,0,,,,,,,,,
1131275,2017/18,2018-01-13,ICC Academy,1,6.2,Ireland,United Arab Emirates,PR Stirling,WTS Porterfield,Mohammad Naveed,2,0,,,,,,,,,
1131275,2017/18,2018-01-13,ICC Academy,1,6.3,Ireland,United Arab Emirates,PR Stirling,WTS Porterfield,Mohammad Naveed,0,0,,,,,,,,,
1131275,2017/18,2018-01-13,ICC Academy,1,6.4,Ireland,United Arab Emirates,PR Stirling,WTS Porterfield,Mohammad Naveed,0,0,,,,,,,,,
1131275,2017/18,2018-01-13,ICC Academy,1,6.5,Ireland,United Arab Emirates,PR Stirling,WTS Porterfield,Mohammad Naveed,0,0,,,,,,,,,
1131275,2017/18,2018-01-13,ICC Academy,1,6.6,Ireland,United Arab Emirates,PR Stirling,WTS Porterfield,Mohammad Naveed,0,0,,,,,,,,,
1131275,2017/18,2018-01-13,ICC Academy,1,7.1,Ireland,United Arab Emirates,WTS Porterfield,PR Stirling,Qadeer Ahmed,0,0,,,,,,,,,
1131275,2017/18,2018-01-13,ICC Academy,1,7.2,Ireland,United Arab Emirates,WTS Porterfield,PR Stirling,Qadeer Ahmed,0,1,1,,,,,,,,
1131275,2017/18,2018-01-13,ICC Academy,1,7.3,Ireland,United Arab Emirates,WTS Porterfield,PR Stirling,Qadeer Ahmed,0,0,,,,,,,,,
1131275,2017/18,2018-01-13,ICC Academy,1,7.4,Ireland,United Arab Emirates,WTS Porterfield,PR Stirling,Qadeer Ahmed,0,0,,,,,,,,,
1131275,2017/18,2018-01-13,ICC Academy,1,7.5,Ireland,United Arab Emirates,WTS Porterfield,PR Stirling,Qadeer Ahmed,0,0,,,,,,,,,
1131275,2017/18,2018-01-13,ICC Academy,1,7.6,Ireland,United Arab Emirates,WTS Porterfield,PR Stirling,Qadeer Ahmed,0,1,,1,,,,,,,
1131275,2017/18,2018-01-13,ICC Academy,1,7.7,Ireland,United Arab Emirates,WTS Porterfield,PR Stirling,Qadeer Ahmed,4,0,,,,,,,,,
1131275,2017/18,2018-01-13,ICC Academy,1,7.8,Ireland,United Arab Emirates,WTS Porterfield,PR Stirling,Qadeer Ahmed,4,0,,,,,,,,,
1131275,2017/18,2018-01-13,ICC Academy,1,8.1,Ireland,United Arab Emirates,PR Stirling,WTS Porterfield,Zahoor Khan,0,0,,,,,,,,,
1131275,2017/18,2018-01-13,ICC Academy,1,8.2,Ireland,United Arab Emirates,PR Stirling,WTS Porterfield,Zahoor Khan,0,0,,,,,,caught and bowled,PR Stirling,,
1131275,2017/18,2018-01-13,ICC Academy,1,8.3,Ireland,United Arab Emirates,A Balbirnie,WTS Porterfield,Zahoor Khan,0,0,,,,,,,,,
1131275,2017/18,2018-01-13,ICC Academy,1,8.4,Ireland,United Arab Emirates,A Balbirnie,WTS Porterfield,Zahoor Khan,0,0,,,,,,,,,
1131275,2017/18,2018-01-13,ICC Academy,1,8.5,Ireland,United Arab Emirates,A Balbirnie,WTS Porterfield,Zahoor Khan,0,0,,,,,,,,,
1131275,2017/18,2018-01-13,ICC Academy,1,8.6,Ireland,United Arab Emirates,A Balbirnie,WTS Porterfield,Zahoor Khan,0,1,1,,,,,,,,
1131275,2017/18,2018-01-13,ICC Academy,1,8.7,Ireland,United Arab Emirates,A Balbirnie,WTS Porterfield,Zahoor Khan,3,0,,,,,,,,,
1131275,2017/18,2018-01-13,ICC Academy,1,9.1,Ireland,United Arab Emirates,A Balbirnie,WTS Porterfield,Ahmed Raza,0,0,,,,,,,,,
1131275,2017/18,2018-01-13,ICC Academy,1,9.2,Ireland,United Arab Emirates,A Balbirnie,WTS Porterfield,Ahmed Raza,0,0,,,,,,,,,
1131275,2017/18,2018-01-13,ICC Academy,1,9.3,Ireland,United Arab Emirates,A Balbirnie,WTS Porterfield,Ahmed Raza,0,0,,,,,,,,,
1131275,2017/18,2018-01-13,ICC Academy,1,9.4,Ireland,United Arab Emirates,A Balbirnie,WTS Porterfield,Ahmed Raza,0,0,,,,,,,,,
1131275,2017/18,2018-01-13,ICC Academy,1,9.5,Ireland,United Arab Emirates,A Balbirnie,WTS Porterfield,Ahmed Raza,0,0,,,,,,,,,
1131275,2017/18,2018-01-13,ICC Academy,1,9.6,Ireland,United Arab Emirates,A Balbirnie,WTS Porterfield,Ahmed Raza,0,1,1,,,,,,,,
1131275,2017/18,2018-01-13,ICC Academy,1,9.7,Ireland,United Arab Emirates,A Balbirnie,WTS Porterfield,Ahmed Raza,0,0,,,,,,,,,
1131275,2017/18,2018-01-13,ICC Academy,1,10.1,Ireland,United Arab Emirates,WTS Porterfield,A Balbirnie,Zahoor Khan,0,0,,,,,,,,,
1131275,2017/18,2018-01-13,ICC Academy,1,10.2,Ireland,United Arab Emirates,WTS Porterfield,A Balbirnie,Zahoor Khan,0,0,,,,,,,,,
1131275,2017/18,2018-01-13,ICC Academy,1,10.3,Ireland,United Arab Emirates,WTS Porterfield,A Balbirnie,Zahoor Khan,0,0,,,,,,,,,
1131275,2017/18,2018-01-13,ICC Academy,1,10.4,Ireland,United Arab Emirates,WTS Porterfield,A Balbirnie,Zahoor Khan,4,0,,,,,,,,,
1131275,2017/18,2018-01-13,ICC Academy,1,10.5,Ireland,United Arab Emirates,WTS Porterfield,A Balbirnie,Zahoor Khan,0,0,,,,,,,,,
1131275,2017/18,2018-01-13,ICC Academy,1,10.6,Ireland,United Arab Emirates,WTS Porterfield,A Balbirnie,Zahoor Khan,0,0,,,,,,,,,
1131275,2017/18,2018-01-13,ICC Academy,1,11.1,Ireland,United Arab Emirates,A Balbirnie,WTS Porterfield,Ahmed Raza,0,0,,,,,,,,,
1131275,2017/18,2018-01-13,ICC Academy,1,11.2,Ireland,United Arab Emirates,A Balbirnie,WTS Porterfield,Ahmed Raza,4,0,,,,,,,,,
1131275,2017/18,2018-01-13,ICC Academy,1,11.3,Ireland,United Arab Emirates,A Balbirnie,WTS Porterfield,Ahmed Raza,1,0,,,,,,,,,
1131275,2017/18,2018-01-13,ICC Academy,1,11.4,Ireland,United Arab Emirates,WTS Porterfield,A Balbirnie,Ahmed Raza,0,0,,,,,,,,,
1131275,2017/18,2018-01-13,ICC Academy,1,11.5,Ireland,United Arab Emirates,WTS Porterfield,A Balbirnie,Ahmed Raza,1,0,,,,,,,,,
1131275,2017/18,2018-01-13,ICC Academy,1,11.6,Ireland,United Arab Emirates,A Balbirnie,WTS Porterfield,Ahmed Raza,1,0,,,,,,,,,
1131275,2017/18,2018-01-13,ICC Academy,1,12.1,Ireland,United Arab Emirates,A Balbirnie,WTS Porterfield,Zahoor Khan,2,0,,,,,,,,,
1131275,2017/18,2018-01-13,ICC Academy,1,12.2,Ireland,United Arab Emirates,A Balbirnie,WTS Porterfield,Zahoor Khan,0,0,,,,,,,,,
1131275,2017/18,2018-01-13,ICC Academy,1,12.3,Ireland,United Arab Emirates,A Balbirnie,WTS Porterfield,Zahoor Khan,1,0,,,,,,,,,
1131275,2017/18,2018-01-13,ICC Academy,1,12.4,Ireland,United Arab Emirates,WTS Porterfield,A Balbirnie,Zahoor Khan,1,0,,,,,,,,,
1131275,2017/18,2018-01-13,ICC Academy,1,12.5,Ireland,United Arab Emirates,A Balbirnie,WTS Porterfield,Zahoor Khan,0,0,,,,,,,,,
1131275,2017/18,2018-01-13,ICC Academy,1,12.6,Ireland,United Arab Emirates,A Balbirnie,WTS Porterfield,Zahoor Khan,0,0,,,,,,,,,
1131275,2017/18,2018-01-13,ICC Academy,1,13.1,Ireland,United Arab Emirates,WTS Porterfield,A Balbirnie,Ahmed Raza,0,0,,,,,,,,,
1131275,2017/18,2018-01-13,ICC Academy,1,13.2,Ireland,United Arab Emirates,WTS Porterfield,A Balbirnie,Ahmed Raza,0,0,,,,,,,,,
1131275,2017/18,2018-01-13,ICC Academy,1,13.3,Ireland,United Arab Emirates,WTS Porterfield,A Balbirnie,Ahmed Raza,0,0,,,,,,,,,
1131275,2017/18,2018-01-13,ICC Academy,1,13.4,Ireland,United Arab Emirates,WTS Porterfield,A Balbirnie,Ahmed Raza,0,0,,,,,,,,,
1131275,2017/18,2018-01-13,ICC Academy,1,13.5,Ireland,United Arab Emirates,WTS Porterfield,A Balbirnie,Ahmed Raza,2,0,,,,,,,,,
1131275,2017/18,2018-01-13,ICC Academy,1,13.6,Ireland,United Arab Emirates,WTS Porterfield,A Balbirnie,Ahmed Raza,1,0,,,,,,,,,
1131275,2017/18,2018-01-13,ICC Academy,1,14.1,Ireland,United Arab Emirates,WTS Porterfield,A Balbirnie,Zahoor Khan,0,0,,,,,,,,,
1131275,2017/18,2018-01-13,ICC Academy,1,14.2,Ireland,United Arab Emirates,WTS Porterfield,A Balbirnie,Zahoor Khan,0,0,,,,,,,,,
1131275,2017/18,2018-01-13,ICC Academy,1,14.3,Ireland,United Arab Emirates,WTS Porterfield,A Balbirnie,Zahoor Khan,0,0,,,,,,,,,
1131275,2017/18,2018-01-13,ICC Academy,1,14.4,Ireland,United Arab Emirates,WTS Porterfield,A Balbirnie,Zahoor Khan,1,0,,,,,,,,,
1131275,2017/18,2018-01-13,ICC Academy,1,14.5,Ireland,United Arab Emirates,A Balbirnie,WTS Porterfield,Zahoor Khan,0,0,,,,,,,,,
1131275,2017/18,2018-01-13,ICC Academy,1,14.6,Ireland,United Arab Emirates,A Balbirnie,WTS Porterfield,Zahoor Khan,0,0,,,,,,,,,
1131275,2017/18,2018-01-13,ICC Academy,1,15.1,Ireland,United Arab Emirates,WTS Porterfield,A Balbirnie,Rohan Mustafa,4,0,,,,,,,,,
1131275,2017/18,2018-01-13,ICC Academy,1,15.2,Ireland,United Arab Emirates,WTS Porterfield,A Balbirnie,Rohan Mustafa,1,0,,,,,,,,,
1131275,2017/18,2018-01-13,ICC Academy,1,15.3,Ireland,United Arab Emirates,A Balbirnie,WTS Porterfield,Rohan Mustafa,1,0,,,,,,,,,
1131275,2017/18,2018-01-13,ICC Academy,1,15.4,Ireland,United Arab Emirates,WTS Porterfield,A Balbirnie,Rohan Mustafa,4,0,,,,,,,,,
1131275,2017/18,2018-01-13,ICC Academy,1,15.5,Ireland,United Arab Emirates,WTS Porterfield,A Balbirnie,Rohan Mustafa,0,0,,,,,,,,,
1131275,2017/18,2018-01-13,ICC Academy,1,15.6,Ireland,United Arab Emirates,WTS Porterfield,A Balbirnie,Rohan Mustafa,0,0,,,,,,,,,
1131275,2017/18,2018-01-13,ICC Academy,1,16.1,Ireland,United Arab Emirates,A Balbirnie,WTS Porterfield,Ahmed Raza,0,0,,,,,,,,,
1131275,2017/18,2018-01-13,ICC Academy,1,16.2,Ireland,United Arab Emirates,A Balbirnie,WTS Porterfield,Ahmed Raza,1,0,,,,,,,,,
1131275,2017/18,2018-01-13,ICC Academy,1,16.3,Ireland,United Arab Emirates,WTS Porterfield,A Balbirnie,Ahmed Raza,0,0,,,,,,,,,
1131275,2017/18,2018-01-13,ICC Academy,1,16.4,Ireland,United Arab Emirates,WTS Porterfield,A Balbirnie,Ahmed Raza,1,0,,,,,,,,,
1131275,2017/18,2018-01-13,ICC Academy,1,16.5,Ireland,United Arab Emirates,A Balbirnie,WTS Porterfield,Ahmed Raza,0,0,,,,,,,,,
1131275,2017/18,2018-01-13,ICC Academy,1,16.6,Ireland,United Arab Emirates,A Balbirnie,WTS Porterfield,Ahmed Raza,1,0,,,,,,,,,
1131275,2017/18,2018-01-13,ICC Academy,1,17.1,Ireland,United Arab Emirates,A Balbirnie,WTS Porterfield,Rohan Mustafa,1,0,,,,,,,,,
1131275,2017/18,2018-01-13,ICC Academy,1,17.2,Ireland,United Arab Emirates,WTS Porterfield,A Balbirnie,Rohan Mustafa,0,0,,,,,,,,,
1131275,2017/18,2018-01-13,ICC Academy,1,17.3,Ireland,United Arab Emirates,WTS Porterfield,A Balbirnie,Rohan Mustafa,0,0,,,,,,,,,
1131275,2017/18,2018-01-13,ICC Academy,1,17.4,Ireland,United Arab Emirates,WTS Porterfield,A Balbirnie,Rohan Mustafa,0,0,,,,,,,,,
1131275,2017/18,2018-01-13,ICC Academy,1,17.5,Ireland,United Arab Emirates,WTS Porterfield,A Balbirnie,Rohan Mustafa,1,0,,,,,,,,,
1131275,2017/18,2018-01-13,ICC Academy,1,17.6,Ireland,United Arab Emirates,A Balbirnie,WTS Porterfield,Rohan Mustafa,0,0,,,,,,,,,
1131275,2017/18,2018-01-13,ICC Academy,1,18.1,Ireland,United Arab Emirates,WTS Porterfield,A Balbirnie,Ahmed Raza,0,0,,,,,,,,,
1131275,2017/18,2018-01-13,ICC Academy,1,18.2,Ireland,United Arab Emirates,WTS Porterfield,A Balbirnie,Ahmed Raza,4,0,,,,,,,,,
1131275,2017/18,2018-01-13,ICC Academy,1,18.3,Ireland,United Arab Emirates,WTS Porterfield,A Balbirnie,Ahmed Raza,0,0,,,,,,,,,
1131275,2017/18,2018-01-13,ICC Academy,1,18.4,Ireland,United Arab Emirates,WTS Porterfield,A Balbirnie,Ahmed Raza,0,0,,,,,,,,,
1131275,2017/18,2018-01-13,ICC Academy,1,18.5,Ireland,United Arab Emirates,WTS Porterfield,A Balbirnie,Ahmed Raza,0,0,,,,,,,,,
1131275,2017/18,2018-01-13,ICC Academy,1,18.6,Ireland,United Arab Emirates,WTS Porterfield,A Balbirnie,Ahmed Raza,0,0,,,,,,,,,
1131275,2017/18,2018-01-13,ICC Academy,1,19.1,Ireland,United Arab Emirates,A Balbirnie,WTS Porterfield,Rohan Mustafa,1,0,,,,,,,,,
1131275,2017/18,2018-01-13,ICC Academy,1,19.2,Ireland,United Arab Emirates,WTS Porterfield,A Balbirnie,Rohan Mustafa,0,0,,,,,,,,,
1131275,2017/18,2018-01-13,ICC Academy,1,19.3,Ireland,United Arab Emirates,WTS Porterfield,A Balbirnie,Rohan Mustafa,0,0,,,,,,,,,
1131275,2017/18,2018-01-13,ICC Academy,1,19.4,Ireland,United Arab Emirates,WTS Porterfield,A Balbirnie,Rohan Mustafa,1,0,,,,,,,,,
1131275,2017/18,2018-01-13,ICC Academy,1,19.5,Ireland,United Arab Emirates,A Balbirnie,WTS Porterfield,Rohan Mustafa,0,0,,,,,,,,,
1131275,2017/18,2018-01-13,ICC Academy,1,19.6,Ireland,United Arab Emirates,A Balbirnie,WTS Porterfield,Rohan Mustafa,0,0,,,,,,,,,
1131275,2017/18,2018-01-13,ICC Academy,1,20.1,Ireland,United Arab Emirates,WTS Porterfield,A Balbirnie,Ahmed Raza,1,0,,,,,,,,,
1131275,2017/18,2018-01-13,ICC Academy,1,20.2,Ireland,United Arab Emirates,A Balbirnie,WTS Porterfield,Ahmed Raza,1,0,,,,,,,,,
1131275,2017/18,2018-01-13,ICC Academy,1,20.3,Ireland,United Arab Emirates,WTS Porterfield,A Balbirnie,Ahmed Raza,0,0,,,,,,,,,
1131275,2017/18,2018-01-13,ICC Academy,1,20.4,Ireland,United Arab Emirates,WTS Porterfield,A Balbirnie,Ahmed Raza,3,0,,,,,,,,,
1131275,2017/18,2018-01-13,ICC Academy,1,20.5,Ireland,United Arab Emirates,A Balbirnie,WTS Porterfield,Ahmed Raza,1,0,,,,,,,,,
1131275,2017/18,2018-01-13,ICC Academy,1,20.6,Ireland,United Arab Emirates,WTS Porterfield,A Balbirnie,Ahmed Raza,1,0,,,,,,,,,
1131275,2017/18,2018-01-13,ICC Academy,1,21.1,Ireland,United Arab Emirates,WTS Porterfield,A Balbirnie,Rohan Mustafa,0,0,,,,,,,,,
1131275,2017/18,2018-01-13,ICC Academy,1,21.2,Ireland,United Arab Emirates,WTS Porterfield,A Balbirnie,Rohan Mustafa,0,0,,,,,,,,,
1131275,2017/18,2018-01-13,ICC Academy,1,21.3,Ireland,United Arab Emirates,WTS Porterfield,A Balbirnie,Rohan Mustafa,1,0,,,,,,,,,
1131275,2017/18,2018-01-13,ICC Academy,1,21.4,Ireland,United Arab Emirates,A Balbirnie,WTS Porterfield,Rohan Mustafa,1,0,,,,,,,,,
1131275,2017/18,2018-01-13,ICC Academy,1,21.5,Ireland,United Arab Emirates,WTS Porterfield,A Balbirnie,Rohan Mustafa,0,0,,,,,,,,,
1131275,2017/18,2018-01-13,ICC Academy,1,21.6,Ireland,United Arab Emirates,WTS Porterfield,A Balbirnie,Rohan Mustafa,0,0,,,,,,,,,
1131275,2017/18,2018-01-13,ICC Academy,1,22.1,Ireland,United Arab Emirates,A Balbirnie,WTS Porterfield,Ahmed Raza,0,0,,,,,,,,,
1131275,2017/18,2018-01-13,ICC Academy,1,22.2,Ireland,United Arab Emirates,A Balbirnie,WTS Porterfield,Ahmed Raza,1,0,,,,,,,,,
1131275,2017/18,2018-01-13,ICC Academy,1,22.3,Ireland,United Arab Emirates,WTS Porterfield,A Balbirnie,Ahmed Raza,0,0,,,,,,,,,
1131275,2017/18,2018-01-13,ICC Academy,1,22.4,Ireland,United Arab Emirates,WTS Porterfield,A Balbirnie,Ahmed Raza,1,0,,,,,,,,,
1131275,2017/18,2018-01-13,ICC Academy,1,22.5,Ireland,United Arab Emirates,A Balbirnie,WTS Porterfield,Ahmed Raza,0,0,,,,,,,,,
1131275,2017/18,2018-01-13,ICC Academy,1,22.6,Ireland,United Arab Emirates,A Balbirnie,WTS Porterfield,Ahmed Raza,1,0,,,,,,,,,
1131275,2017/18,2018-01-13,ICC Academy,1,23.1,Ireland,United Arab Emirates,A Balbirnie,WTS Porterfield,Rohan Mustafa,4,0,,,,,,,,,
1131275,2017/18,2018-01-13,ICC Academy,1,23.2,Ireland,United Arab Emirates,A Balbirnie,WTS Porterfield,Rohan Mustafa,0,0,,,,,,,,,
1131275,2017/18,2018-01-13,ICC Academy,1,23.3,Ireland,United Arab Emirates,A Balbirnie,WTS Porterfield,Rohan Mustafa,1,0,,,,,,,,,
1131275,2017/18,2018-01-13,ICC Academy,1,23.4,Ireland,United Arab Emirates,WTS Porterfield,A Balbirnie,Rohan Mustafa,1,0,,,,,,,,,
1131275,2017/18,2018-01-13,ICC Academy,1,23.5,Ireland,United Arab Emirates,A Balbirnie,WTS Porterfield,Rohan Mustafa,0,0,,,,,,,,,
1131275,2017/18,2018-01-13,ICC Academy,1,23.6,Ireland,United Arab Emirates,A Balbirnie,WTS Porterfield,Rohan Mustafa,1,0,,,,,,,,,
1131275,2017/18,2018-01-13,ICC Academy,1,24.1,Ireland,United Arab Emirates,A Balbirnie,WTS Porterfield,Ahmed Raza,0,0,,,,,,,,,
1131275,2017/18,2018-01-13,ICC Academy,1,24.2,Ireland,United Arab Emirates,A Balbirnie,WTS Porterfield,Ahmed Raza,1,0,,,,,,,,,
1131275,2017/18,2018-01-13,ICC Academy,1,24.3,Ireland,United Arab Emirates,WTS Porterfield,A Balbirnie,Ahmed Raza,1,0,,,,,,,,,
1131275,2017/18,2018-01-13,ICC Academy,1,24.4,Ireland,United Arab Emirates,A Balbirnie,WTS Porterfield,Ahmed Raza,0,0,,,,,,,,,
1131275,2017/18,2018-01-13,ICC Academy,1,24.5,Ireland,United Arab Emirates,A Balbirnie,WTS Porterfield,Ahmed Raza,0,0,,,,,,,,,
1131275,2017/18,2018-01-13,ICC Academy,1,24.6,Ireland,United Arab Emirates,A Balbirnie,WTS Porterfield,Ahmed Raza,0,0,,,,,,,,,
1131275,2017/18,2018-01-13,ICC Academy,1,25.1,Ireland,United Arab Emirates,WTS Porterfield,A Balbirnie,Qadeer Ahmed,1,0,,,,,,,,,
1131275,2017/18,2018-01-13,ICC Academy,1,25.2,Ireland,United Arab Emirates,A Balbirnie,WTS Porterfield,Qadeer Ahmed,1,0,,,,,,,,,
1131275,2017/18,2018-01-13,ICC Academy,1,25.3,Ireland,United Arab Emirates,WTS Porterfield,A Balbirnie,Qadeer Ahmed,0,1,,,,1,,,,,
1131275,2017/18,2018-01-13,ICC Academy,1,25.4,Ireland,United Arab Emirates,A Balbirnie,WTS Porterfield,Qadeer Ahmed,0,0,,,,,,,,,
1131275,2017/18,2018-01-13,ICC Academy,1,25.5,Ireland,United Arab Emirates,A Balbirnie,WTS Porterfield,Qadeer Ahmed,0,0,,,,,,,,,
1131275,2017/18,2018-01-13,ICC Academy,1,25.6,Ireland,United Arab Emirates,A Balbirnie,WTS Porterfield,Qadeer Ahmed,1,0,,,,,,,,,
1131275,2017/18,2018-01-13,ICC Academy,1,26.1,Ireland,United Arab Emirates,A Balbirnie,WTS Porterfield,Ahmed Raza,1,0,,,,,,,,,
1131275,2017/18,2018-01-13,ICC Academy,1,26.2,Ireland,United Arab Emirates,WTS Porterfield,A Balbirnie,Ahmed Raza,0,0,,,,,,,,,
1131275,2017/18,2018-01-13,ICC Academy,1,26.3,Ireland,United Arab Emirates,WTS Porterfield,A Balbirnie,Ahmed Raza,2,0,,,,,,,,,
1131275,2017/18,2018-01-13,ICC Academy,1,26.4,Ireland,United Arab Emirates,WTS Porterfield,A Balbirnie,Ahmed Raza,0,0,,,,,,,,,
1131275,2017/18,2018-01-13,ICC Academy,1,26.5,Ireland,United Arab Emirates,WTS Porterfield,A Balbirnie,Ahmed Raza,0,0,,,,,,,,,
1131275,2017/18,2018-01-13,ICC Academy,1,26.6,Ireland,United Arab Emirates,WTS Porterfield,A Balbirnie,Ahmed Raza,0,0,,,,,,,,,
1131275,2017/18,2018-01-13,ICC Academy,1,27.1,Ireland,United Arab Emirates,A Balbirnie,WTS Porterfield,Qadeer Ahmed,0,0,,,,,,,,,
1131275,2017/18,2018-01-13,ICC Academy,1,27.2,Ireland,United Arab Emirates,A Balbirnie,WTS Porterfield,Qadeer Ahmed,2,0,,,,,,,,,
1131275,2017/18,2018-01-13,ICC Academy,1,27.3,Ireland,United Arab Emirates,A Balbirnie,WTS Porterfield,Qadeer Ahmed,0,0,,,,,,,,,
1131275,2017/18,2018-01-13,ICC Academy,1,27.4,Ireland,United Arab Emirates,A Balbirnie,WTS Porterfield,Qadeer Ahmed,0,0,,,,,,,,,
1131275,2017/18,2018-01-13,ICC Academy,1,27.5,Ireland,United Arab Emirates,A Balbirnie,WTS Porterfield,Qadeer Ahmed,0,1,,1,,,,,,,
1131275,2017/18,2018-01-13,ICC Academy,1,27.6,Ireland,United Arab Emirates,A Balbirnie,WTS Porterfield,Qadeer Ahmed,0,0,,,,,,,,,
1131275,2017/18,2018-01-13,ICC Academy,1,27.7,Ireland,United Arab Emirates,A Balbirnie,WTS Porterfield,Qadeer Ahmed,0,0,,,,,,,,,
1131275,2017/18,2018-01-13,ICC Academy,1,28.1,Ireland,United Arab Emirates,WTS Porterfield,A Balbirnie,Ahmed Raza,1,0,,,,,,,,,
1131275,2017/18,2018-01-13,ICC Academy,1,28.2,Ireland,United Arab Emirates,A Balbirnie,WTS Porterfield,Ahmed Raza,4,0,,,,,,,,,
1131275,2017/18,2018-01-13,ICC Academy,1,28.3,Ireland,United Arab Emirates,A Balbirnie,WTS Porterfield,Ahmed Raza,1,0,,,,,,,,,
1131275,2017/18,2018-01-13,ICC Academy,1,28.4,Ireland,United Arab Emirates,WTS Porterfield,A Balbirnie,Ahmed Raza,1,0,,,,,,,,,
1131275,2017/18,2018-01-13,ICC Academy,1,28.5,Ireland,United Arab Emirates,A Balbirnie,WTS Porterfield,Ahmed Raza,4,0,,,,,,,,,
1131275,2017/18,2018-01-13,ICC Academy,1,28.6,Ireland,United Arab Emirates,A Balbirnie,WTS Porterfield,Ahmed Raza,0,0,,,,,,,,,
1131275,2017/18,2018-01-13,ICC Academy,1,29.1,Ireland,United Arab Emirates,WTS Porterfield,A Balbirnie,Qadeer Ahmed,2,0,,,,,,,,,
1131275,2017/18,2018-01-13,ICC Academy,1,29.2,Ireland,United Arab Emirates,WTS Porterfield,A Balbirnie,Qadeer Ahmed,0,0,,,,,,,,,
1131275,2017/18,2018-01-13,ICC Academy,1,29.3,Ireland,United Arab Emirates,WTS Porterfield,A Balbirnie,Qadeer Ahmed,0,0,,,,,,,,,
1131275,2017/18,2018-01-13,ICC Academy,1,29.4,Ireland,United Arab Emirates,WTS Porterfield,A Balbirnie,Qadeer Ahmed,0,0,,,,,,,,,
1131275,2017/18,2018-01-13,ICC Academy,1,29.5,Ireland,United Arab Emirates,WTS Porterfield,A Balbirnie,Qadeer Ahmed,0,0,,,,,,,,,
1131275,2017/18,2018-01-13,ICC Academy,1,29.6,Ireland,United Arab Emirates,WTS Porterfield,A Balbirnie,Qadeer Ahmed,4,0,,,,,,,,,
1131275,2017/18,2018-01-13,ICC Academy,1,30.1,Ireland,United Arab Emirates,A Balbirnie,WTS Porterfield,Ashfaq Ahmed,1,0,,,,,,,,,
1131275,2017/18,2018-01-13,ICC Academy,1,30.2,Ireland,United Arab Emirates,WTS Porterfield,A Balbirnie,Ashfaq Ahmed,0,0,,,,,,,,,
1131275,2017/18,2018-01-13,ICC Academy,1,30.3,Ireland,United Arab Emirates,WTS Porterfield,A Balbirnie,Ashfaq Ahmed,1,0,,,,,,,,,
1131275,2017/18,2018-01-13,ICC Academy,1,30.4,Ireland,United Arab Emirates,A Balbirnie,WTS Porterfield,Ashfaq Ahmed,0,0,,,,,,,,,
1131275,2017/18,2018-01-13,ICC Academy,1,30.5,Ireland,United Arab Emirates,A Balbirnie,WTS Porterfield,Ashfaq Ahmed,0,0,,,,,,,,,
1131275,2017/18,2018-01-13,ICC Academy,1,30.6,Ireland,United Arab Emirates,A Balbirnie,WTS Porterfield,Ashfaq Ahmed,0,0,,,,,,,,,
1131275,2017/18,2018-01-13,ICC Academy,1,31.1,Ireland,United Arab Emirates,WTS Porterfield,A Balbirnie,Zahoor Khan,0,0,,,,,,,,,
1131275,2017/18,2018-01-13,ICC Academy,1,31.2,Ireland,United Arab Emirates,WTS Porterfield,A Balbirnie,Zahoor Khan,0,1,,,,1,,,,,
1131275,2017/18,2018-01-13,ICC Academy,1,31.3,Ireland,United Arab Emirates,A Balbirnie,WTS Porterfield,Zahoor Khan,0,0,,,,,,,,,
1131275,2017/18,2018-01-13,ICC Academy,1,31.4,Ireland,United Arab Emirates,A Balbirnie,WTS Porterfield,Zahoor Khan,0,0,,,,,,,,,
1131275,2017/18,2018-01-13,ICC Academy,1,31.5,Ireland,United Arab Emirates,A Balbirnie,WTS Porterfield,Zahoor Khan,0,0,,,,,,,,,
1131275,2017/18,2018-01-13,ICC Academy,1,31.6,Ireland,United Arab Emirates,A Balbirnie,WTS Porterfield,Zahoor Khan,0,0,,,,,,,,,
1131275,2017/18,2018-01-13,ICC Academy,1,32.1,Ireland,United Arab Emirates,WTS Porterfield,A Balbirnie,Ashfaq Ahmed,1,0,,,,,,,,,
1131275,2017/18,2018-01-13,ICC Academy,1,32.2,Ireland,United Arab Emirates,A Balbirnie,WTS Porterfield,Ashfaq Ahmed,4,0,,,,,,,,,
1131275,2017/18,2018-01-13,ICC Academy,1,32.3,Ireland,United Arab Emirates,A Balbirnie,WTS Porterfield,Ashfaq Ahmed,1,0,,,,,,,,,
1131275,2017/18,2018-01-13,ICC Academy,1,32.4,Ireland,United Arab Emirates,WTS Porterfield,A Balbirnie,Ashfaq Ahmed,1,0,,,,,,,,,
1131275,2017/18,2018-01-13,ICC Academy,1,32.5,Ireland,United Arab Emirates,A Balbirnie,WTS Porterfield,Ashfaq Ahmed,1,0,,,,,,,,,
1131275,2017/18,2018-01-13,ICC Academy,1,32.6,Ireland,United Arab Emirates,WTS Porterfield,A Balbirnie,Ashfaq Ahmed,1,0,,,,,,,,,
1131275,2017/18,2018-01-13,ICC Academy,1,33.1,Ireland,United Arab Emirates,WTS Porterfield,A Balbirnie,Zahoor Khan,1,0,,,,,,,,,
1131275,2017/18,2018-01-13,ICC Academy,1,33.2,Ireland,United Arab Emirates,A Balbirnie,WTS Porterfield,Zahoor Khan,0,0,,,,,,,,,
1131275,2017/18,2018-01-13,ICC Academy,1,33.3,Ireland,United Arab Emirates,A Balbirnie,WTS Porterfield,Zahoor Khan,0,0,,,,,,,,,
1131275,2017/18,2018-01-13,ICC Academy,1,33.4,Ireland,United Arab Emirates,A Balbirnie,WTS Porterfield,Zahoor Khan,1,0,,,,,,,,,
1131275,2017/18,2018-01-13,ICC Academy,1,33.5,Ireland,United Arab Emirates,WTS Porterfield,A Balbirnie,Zahoor Khan,4,0,,,,,,,,,
1131275,2017/18,2018-01-13,ICC Academy,1,33.6,Ireland,United Arab Emirates,WTS Porterfield,A Balbirnie,Zahoor Khan,0,0,,,,,,,,,
1131275,2017/18,2018-01-13,ICC Academy,1,34.1,Ireland,United Arab Emirates,A Balbirnie,WTS Porterfield,Mohammad Naveed,1,0,,,,,,,,,
1131275,2017/18,2018-01-13,ICC Academy,1,34.2,Ireland,United Arab Emirates,WTS Porterfield,A Balbirnie,Mohammad Naveed,0,0,,,,,,,,,
1131275,2017/18,2018-01-13,ICC Academy,1,34.3,Ireland,United Arab Emirates,WTS Porterfield,A Balbirnie,Mohammad Naveed,4,0,,,,,,,,,
1131275,2017/18,2018-01-13,ICC Academy,1,34.4,Ireland,United Arab Emirates,WTS Porterfield,A Balbirnie,Mohammad Naveed,1,0,,,,,,,,,
1131275,2017/18,2018-01-13,ICC Academy,1,34.5,Ireland,United Arab Emirates,A Balbirnie,WTS Porterfield,Mohammad Naveed,0,0,,,,,,,,,
1131275,2017/18,2018-01-13,ICC Academy,1,34.6,Ireland,United Arab Emirates,A Balbirnie,WTS Porterfield,Mohammad Naveed,1,0,,,,,,,,,
1131275,2017/18,2018-01-13,ICC Academy,1,35.1,Ireland,United Arab Emirates,A Balbirnie,WTS Porterfield,Rohan Mustafa,0,1,,,,1,,,,,
1131275,2017/18,2018-01-13,ICC Academy,1,35.2,Ireland,United Arab Emirates,WTS Porterfield,A Balbirnie,Rohan Mustafa,1,0,,,,,,,,,
1131275,2017/18,2018-01-13,ICC Academy,1,35.3,Ireland,United Arab Emirates,A Balbirnie,WTS Porterfield,Rohan Mustafa,4,0,,,,,,,,,
1131275,2017/18,2018-01-13,ICC Academy,1,35.4,Ireland,United Arab Emirates,A Balbirnie,WTS Porterfield,Rohan Mustafa,4,0,,,,,,,,,
1131275,2017/18,2018-01-13,ICC Academy,1,35.5,Ireland,United Arab Emirates,A Balbirnie,WTS Porterfield,Rohan Mustafa,4,0,,,,,,,,,
1131275,2017/18,2018-01-13,ICC Academy,1,35.6,Ireland,United Arab Emirates,A Balbirnie,WTS Porterfield,Rohan Mustafa,2,0,,,,,,,,,
1131275,2017/18,2018-01-13,ICC Academy,1,36.1,Ireland,United Arab Emirates,WTS Porterfield,A Balbirnie,Mohammad Naveed,0,0,,,,,,,,,
1131275,2017/18,2018-01-13,ICC Academy,1,36.2,Ireland,United Arab Emirates,WTS Porterfield,A Balbirnie,Mohammad Naveed,0,0,,,,,,,,,
1131275,2017/18,2018-01-13,ICC Academy,1,36.3,Ireland,United Arab Emirates,WTS Porterfield,A Balbirnie,Mohammad Naveed,0,0,,,,,,,,,
1131275,2017/18,2018-01-13,ICC Academy,1,36.4,Ireland,United Arab Emirates,WTS Porterfield,A Balbirnie,Mohammad Naveed,0,0,,,,,,,,,
1131275,2017/18,2018-01-13,ICC Academy,1,36.5,Ireland,United Arab Emirates,WTS Porterfield,A Balbirnie,Mohammad Naveed,1,0,,,,,,,,,
1131275,2017/18,2018-01-13,ICC Academy,1,36.6,Ireland,United Arab Emirates,A Balbirnie,WTS Porterfield,Mohammad Naveed,2,0,,,,,,,,,
1131275,2017/18,2018-01-13,ICC Academy,1,37.1,Ireland,United Arab Emirates,WTS Porterfield,A Balbirnie,Rohan Mustafa,1,0,,,,,,,,,
1131275,2017/18,2018-01-13,ICC Academy,1,37.2,Ireland,United Arab Emirates,A Balbirnie,WTS Porterfield,Rohan Mustafa,0,0,,,,,,,,,
1131275,2017/18,2018-01-13,ICC Academy,1,37.3,Ireland,United Arab Emirates,A Balbirnie,WTS Porterfield,Rohan Mustafa,4,0,,,,,,,,,
1131275,2017/18,2018-01-13,ICC Academy,1,37.4,Ireland,United Arab Emirates,A Balbirnie,WTS Porterfield,Rohan Mustafa,0,0,,,,,,,,,
1131275,2017/18,2018-01-13,ICC Academy,1,37.5,Ireland,United Arab Emirates,A Balbirnie,WTS Porterfield,Rohan Mustafa,0,0,,,,,,,,,
1131275,2017/18,2018-01-13,ICC Academy,1,37.6,Ireland,United Arab Emirates,A Balbirnie,WTS Porterfield,Rohan Mustafa,1,0,,,,,,,,,
1131275,2017/18,2018-01-13,ICC Academy,1,38.1,Ireland,United Arab Emirates,A Balbirnie,WTS Porterfield,Mohammad Naveed,4,0,,,,,,,,,
1131275,2017/18,2018-01-13,ICC Academy,1,38.2,Ireland,United Arab Emirates,A Balbirnie,WTS Porterfield,Mohammad Naveed,6,0,,,,,,,,,
1131275,2017/18,2018-01-13,ICC Academy,1,38.3,Ireland,United Arab Emirates,A Balbirnie,WTS Porterfield,Mohammad Naveed,0,1,,,,1,,,,,
1131275,2017/18,2018-01-13,ICC Academy,1,38.4,Ireland,United Arab Emirates,WTS Porterfield,A Balbirnie,Mohammad Naveed,4,0,,,,,,,,,
1131275,2017/18,2018-01-13,ICC Academy,1,38.5,Ireland,United Arab Emirates,WTS Porterfield,A Balbirnie,Mohammad Naveed,1,0,,,,,,,,,
1131275,2017/18,2018-01-13,ICC Academy,1,38.6,Ireland,United Arab Emirates,A Balbirnie,WTS Porterfield,Mohammad Naveed,4,0,,,,,,,,,
1131275,2017/18,2018-01-13,ICC Academy,1,39.1,Ireland,United Arab Emirates,WTS Porterfield,A Balbirnie,Rohan Mustafa,0,0,,,,,,,,,
1131275,2017/18,2018-01-13,ICC Academy,1,39.2,Ireland,United Arab Emirates,WTS Porterfield,A Balbirnie,Rohan Mustafa,2,0,,,,,,,,,
1131275,2017/18,2018-01-13,ICC Academy,1,39.3,Ireland,United Arab Emirates,WTS Porterfield,A Balbirnie,Rohan Mustafa,1,0,,,,,,,,,
1131275,2017/18,2018-01-13,ICC Academy,1,39.4,Ireland,United Arab Emirates,A Balbirnie,WTS Porterfield,Rohan Mustafa,4,0,,,,,,,,,
1131275,2017/18,2018-01-13,ICC Academy,1,39.5,Ireland,United Arab Emirates,A Balbirnie,WTS Porterfield,Rohan Mustafa,0,0,,,,,,,,,
1131275,2017/18,2018-01-13,ICC Academy,1,39.6,Ireland,United Arab Emirates,A Balbirnie,WTS Porterfield,Rohan Mustafa,0,0,,,,,,,,,
1131275,2017/18,2018-01-13,ICC Academy,1,40.1,Ireland,United Arab Emirates,WTS Porterfield,A Balbirnie,Zahoor Khan,6,0,,,,,,,,,
1131275,2017/18,2018-01-13,ICC Academy,1,40.2,Ireland,United Arab Emirates,WTS Porterfield,A Balbirnie,Zahoor Khan,0,0,,,,,,,,,
1131275,2017/18,2018-01-13,ICC Academy,1,40.3,Ireland,United Arab Emirates,WTS Porterfield,A Balbirnie,Zahoor Khan,0,0,,,,,,,,,
1131275,2017/18,2018-01-13,ICC Academy,1,40.4,Ireland,United Arab Emirates,WTS Porterfield,A Balbirnie,Zahoor Khan,4,0,,,,,,,,,
1131275,2017/18,2018-01-13,ICC Academy,1,40.5,Ireland,United Arab Emirates,WTS Porterfield,A Balbirnie,Zahoor Khan,1,0,,,,,,,,,
1131275,2017/18,2018-01-13,ICC Academy,1,40.6,Ireland,United Arab Emirates,A Balbirnie,WTS Porterfield,Zahoor Khan,1,0,,,,,,,,,
1131275,2017/18,2018-01-13,ICC Academy,1,41.1,Ireland,United Arab Emirates,A Balbirnie,WTS Porterfield,Qadeer Ahmed,0,0,,,,,,,,,
1131275,2017/18,2018-01-13,ICC Academy,1,41.2,Ireland,United Arab Emirates,A Balbirnie,WTS Porterfield,Qadeer Ahmed,1,0,,,,,,,,,
1131275,2017/18,2018-01-13,ICC Academy,1,41.3,Ireland,United Arab Emirates,WTS Porterfield,A Balbirnie,Qadeer Ahmed,0,0,,,,,,,,,
1131275,2017/18,2018-01-13,ICC Academy,1,41.4,Ireland,United Arab Emirates,WTS Porterfield,A Balbirnie,Qadeer Ahmed,1,0,,,,,,,,,
1131275,2017/18,2018-01-13,ICC Academy,1,41.5,Ireland,United Arab Emirates,A Balbirnie,WTS Porterfield,Qadeer Ahmed,3,0,,,,,,,,,
1131275,2017/18,2018-01-13,ICC Academy,1,41.6,Ireland,United Arab Emirates,WTS Porterfield,A Balbirnie,Qadeer Ahmed,1,0,,,,,,,,,
1131275,2017/18,2018-01-13,ICC Academy,1,42.1,Ireland,United Arab Emirates,WTS Porterfield,A Balbirnie,Zahoor Khan,1,0,,,,,,,,,
1131275,2017/18,2018-01-13,ICC Academy,1,42.2,Ireland,United Arab Emirates,A Balbirnie,WTS Porterfield,Zahoor Khan,0,0,,,,,,,,,
1131275,2017/18,2018-01-13,ICC Academy,1,42.3,Ireland,United Arab Emirates,A Balbirnie,WTS Porterfield,Zahoor Khan,1,0,,,,,,,,,
1131275,2017/18,2018-01-13,ICC Academy,1,42.4,Ireland,United Arab Emirates,WTS Porterfield,A Balbirnie,Zahoor Khan,1,0,,,,,,,,,
1131275,2017/18,2018-01-13,ICC Academy,1,42.5,Ireland,United Arab Emirates,A Balbirnie,WTS Porterfield,Zahoor Khan,1,0,,,,,,,,,
1131275,2017/18,2018-01-13,ICC Academy,1,42.6,Ireland,United Arab Emirates,WTS Porterfield,A Balbirnie,Zahoor Khan,1,0,,,,,,,,,
1131275,2017/18,2018-01-13,ICC Academy,1,43.1,Ireland,United Arab Emirates,WTS Porterfield,A Balbirnie,Qadeer Ahmed,2,0,,,,,,,,,
1131275,2017/18,2018-01-13,ICC Academy,1,43.2,Ireland,United Arab Emirates,WTS Porterfield,A Balbirnie,Qadeer Ahmed,1,1,,1,,,,,,,
1131275,2017/18,2018-01-13,ICC Academy,1,43.3,Ireland,United Arab Emirates,A Balbirnie,WTS Porterfield,Qadeer Ahmed,1,0,,,,,,,,,
1131275,2017/18,2018-01-13,ICC Academy,1,43.4,Ireland,United Arab Emirates,WTS Porterfield,A Balbirnie,Qadeer Ahmed,1,0,,,,,,,,,
1131275,2017/18,2018-01-13,ICC Academy,1,43.5,Ireland,United Arab Emirates,A Balbirnie,WTS Porterfield,Qadeer Ahmed,2,0,,,,,,,,,
1131275,2017/18,2018-01-13,ICC Academy,1,43.6,Ireland,United Arab Emirates,A Balbirnie,WTS Porterfield,Qadeer Ahmed,0,0,,,,,,caught,A Balbirnie,,
1131275,2017/18,2018-01-13,ICC Academy,1,43.7,Ireland,United Arab Emirates,KJ O'Brien,WTS Porterfield,Qadeer Ahmed,1,0,,,,,,,,,
1131275,2017/18,2018-01-13,ICC Academy,1,44.1,Ireland,United Arab Emirates,KJ O'Brien,WTS Porterfield,Zahoor Khan,1,0,,,,,,,,,
1131275,2017/18,2018-01-13,ICC Academy,1,44.2,Ireland,United Arab Emirates,WTS Porterfield,KJ O'Brien,Zahoor Khan,1,0,,,,,,,,,
1131275,2017/18,2018-01-13,ICC Academy,1,44.3,Ireland,United Arab Emirates,KJ O'Brien,WTS Porterfield,Zahoor Khan,1,0,,,,,,,,,
1131275,2017/18,2018-01-13,ICC Academy,1,44.4,Ireland,United Arab Emirates,WTS Porterfield,KJ O'Brien,Zahoor Khan,1,0,,,,,,,,,
1131275,2017/18,2018-01-13,ICC Academy,1,44.5,Ireland,United Arab Emirates,KJ O'Brien,WTS Porterfield,Zahoor Khan,2,0,,,,,,,,,
1131275,2017/18,2018-01-13,ICC Academy,1,44.6,Ireland,United Arab Emirates,KJ O'Brien,WTS Porterfield,Zahoor Khan,1,0,,,,,,,,,
1131275,2017/18,2018-01-13,ICC Academy,1,45.1,Ireland,United Arab Emirates,KJ O'Brien,WTS Porterfield,Qadeer Ahmed,0,0,,,,,,,,,
1131275,2017/18,2018-01-13,ICC Academy,1,45.2,Ireland,United Arab Emirates,KJ O'Brien,WTS Porterfield,Qadeer Ahmed,6,0,,,,,,,,,
1131275,2017/18,2018-01-13,ICC Academy,1,45.3,Ireland,United Arab Emirates,KJ O'Brien,WTS Porterfield,Qadeer Ahmed,1,0,,,,,,,,,
1131275,2017/18,2018-01-13,ICC Academy,1,45.4,Ireland,United Arab Emirates,WTS Porterfield,KJ O'Brien,Qadeer Ahmed,2,0,,,,,,,,,
1131275,2017/18,2018-01-13,ICC Academy,1,45.5,Ireland,United Arab Emirates,WTS Porterfield,KJ O'Brien,Qadeer Ahmed,2,0,,,,,,,,,
1131275,2017/18,2018-01-13,ICC Academy,1,45.6,Ireland,United Arab Emirates,WTS Porterfield,KJ O'Brien,Qadeer Ahmed,6,0,,,,,,,,,
1131275,2017/18,2018-01-13,ICC Academy,1,46.1,Ireland,United Arab Emirates,KJ O'Brien,WTS Porterfield,Zahoor Khan,0,0,,,,,,,,,
1131275,2017/18,2018-01-13,ICC Academy,1,46.2,Ireland,United Arab Emirates,KJ O'Brien,WTS Porterfield,Zahoor Khan,0,0,,,,,,,,,
1131275,2017/18,2018-01-13,ICC Academy,1,46.3,Ireland,United Arab Emirates,KJ O'Brien,WTS Porterfield,Zahoor Khan,1,0,,,,,,,,,
1131275,2017/18,2018-01-13,ICC Academy,1,46.4,Ireland,United Arab Emirates,WTS Porterfield,KJ O'Brien,Zahoor Khan,4,0,,,,,,,,,
1131275,2017/18,2018-01-13,ICC Academy,1,46.5,Ireland,United Arab Emirates,WTS Porterfield,KJ O'Brien,Zahoor Khan,1,0,,,,,,,,,
1131275,2017/18,2018-01-13,ICC Academy,1,46.6,Ireland,United Arab Emirates,KJ O'Brien,WTS Porterfield,Zahoor Khan,2,0,,,,,,,,,
1131275,2017/18,2018-01-13,ICC Academy,1,47.1,Ireland,United Arab Emirates,WTS Porterfield,KJ O'Brien,Rohan Mustafa,1,0,,,,,,,,,
1131275,2017/18,2018-01-13,ICC Academy,1,47.2,Ireland,United Arab Emirates,KJ O'Brien,WTS Porterfield,Rohan Mustafa,1,0,,,,,,,,,
1131275,2017/18,2018-01-13,ICC Academy,1,47.3,Ireland,United Arab Emirates,WTS Porterfield,KJ O'Brien,Rohan Mustafa,4,0,,,,,,,,,
1131275,2017/18,2018-01-13,ICC Academy,1,47.4,Ireland,United Arab Emirates,WTS Porterfield,KJ O'Brien,Rohan Mustafa,2,0,,,,,,,,,
1131275,2017/18,2018-01-13,ICC Academy,1,47.5,Ireland,United Arab Emirates,WTS Porterfield,KJ O'Brien,Rohan Mustafa,0,0,,,,,,,,,
1131275,2017/18,2018-01-13,ICC Academy,1,47.6,Ireland,United Arab Emirates,WTS Porterfield,KJ O'Brien,Rohan Mustafa,1,0,,,,,,,,,
1131275,2017/18,2018-01-13,ICC Academy,1,48.1,Ireland,United Arab Emirates,WTS Porterfield,KJ O'Brien,Mohammad Naveed,0,0,,,,,,,,,
1131275,2017/18,2018-01-13,ICC Academy,1,48.2,Ireland,United Arab Emirates,WTS Porterfield,KJ O'Brien,Mohammad Naveed,2,0,,,,,,,,,
1131275,2017/18,2018-01-13,ICC Academy,1,48.3,Ireland,United Arab Emirates,WTS Porterfield,KJ O'Brien,Mohammad Naveed,0,0,,,,,,caught,WTS Porterfield,,
1131275,2017/18,2018-01-13,ICC Academy,1,48.4,Ireland,United Arab Emirates,KJ O'Brien,NJ O'Brien,Mohammad Naveed,4,0,,,,,,,,,
1131275,2017/18,2018-01-13,ICC Academy,1,48.5,Ireland,United Arab Emirates,KJ O'Brien,NJ O'Brien,Mohammad Naveed,1,0,,,,,,,,,
1131275,2017/18,2018-01-13,ICC Academy,1,48.6,Ireland,United Arab Emirates,NJ O'Brien,KJ O'Brien,Mohammad Naveed,2,0,,,,,,,,,
1131275,2017/18,2018-01-13,ICC Academy,1,49.1,Ireland,United Arab Emirates,KJ O'Brien,NJ O'Brien,Rohan Mustafa,2,0,,,,,,,,,
1131275,2017/18,2018-01-13,ICC Academy,1,49.2,Ireland,United Arab Emirates,KJ O'Brien,NJ O'Brien,Rohan Mustafa,0,1,1,,,,,,,,
1131275,2017/18,2018-01-13,ICC Academy,1,49.3,Ireland,United Arab Emirates,KJ O'Brien,NJ O'Brien,Rohan Mustafa,0,0,,,,,,caught,KJ O'Brien,,
1131275,2017/18,2018-01-13,ICC Academy,1,49.4,Ireland,United Arab Emirates,NJ O'Brien,GC Wilson,Rohan Mustafa,2,0,,,,,,,,,
1131275,2017/18,2018-01-13,ICC Academy,1,49.5,Ireland,United Arab Emirates,NJ O'Brien,GC Wilson,Rohan Mustafa,0,0,,,,,,,,,
1131275,2017/18,2018-01-13,ICC Academy,1,49.6,Ireland,United Arab Emirates,NJ O'Brien,GC Wilson,Rohan Mustafa,0,0,,,,,,bowled,NJ O'Brien,,
1131275,2017/18,2018-01-13,ICC Academy,1,49.7,Ireland,United Arab Emirates,SW Poynter,GC Wilson,Rohan Mustafa,0,0,,,,,,,,,
1131275,2017/18,2018-01-13,ICC Academy,2,0.1,United Arab Emirates,Ireland,Ashfaq Ahmed,Rohan Mustafa,KJ O'Brien,0,1,1,,,,,,,,
1131275,2017/18,2018-01-13,ICC Academy,2,0.2,United Arab Emirates,Ireland,Ashfaq Ahmed,Rohan Mustafa,KJ O'Brien,0,0,,,,,,,,,
1131275,2017/18,2018-01-13,ICC Academy,2,0.3,United Arab Emirates,Ireland,Ashfaq Ahmed,Rohan Mustafa,KJ O'Brien,4,0,,,,,,,,,
1131275,2017/18,2018-01-13,ICC Academy,2,0.4,United Arab Emirates,Ireland,Ashfaq Ahmed,Rohan Mustafa,KJ O'Brien,1,0,,,,,,,,,
1131275,2017/18,2018-01-13,ICC Academy,2,0.5,United Arab Emirates,Ireland,Rohan Mustafa,Ashfaq Ahmed,KJ O'Brien,0,0,,,,,,,,,
1131275,2017/18,2018-01-13,ICC Academy,2,0.6,United Arab Emirates,Ireland,Rohan Mustafa,Ashfaq Ahmed,KJ O'Brien,0,0,,,,,,,,,
1131275,2017/18,2018-01-13,ICC Academy,2,0.7,United Arab Emirates,Ireland,Rohan Mustafa,Ashfaq Ahmed,KJ O'Brien,0,0,,,,,,,,,
1131275,2017/18,2018-01-13,ICC Academy,2,1.1,United Arab Emirates,Ireland,Ashfaq Ahmed,Rohan Mustafa,BJ McCarthy,0,0,,,,,,,,,
1131275,2017/18,2018-01-13,ICC Academy,2,1.2,United Arab Emirates,Ireland,Ashfaq Ahmed,Rohan Mustafa,BJ McCarthy,0,0,,,,,,,,,
1131275,2017/18,2018-01-13,ICC Academy,2,1.3,United Arab Emirates,Ireland,Ashfaq Ahmed,Rohan Mustafa,BJ McCarthy,4,0,,,,,,,,,
1131275,2017/18,2018-01-13,ICC Academy,2,1.4,United Arab Emirates,Ireland,Ashfaq Ahmed,Rohan Mustafa,BJ McCarthy,0,0,,,,,,,,,
1131275,2017/18,2018-01-13,ICC Academy,2,1.5,United Arab Emirates,Ireland,Ashfaq Ahmed,Rohan Mustafa,BJ McCarthy,0,0,,,,,,,,,
1131275,2017/18,2018-01-13,ICC Academy,2,1.6,United Arab Emirates,Ireland,Ashfaq Ahmed,Rohan Mustafa,BJ McCarthy,0,0,,,,,,,,,
1131275,2017/18,2018-01-13,ICC Academy,2,2.1,United Arab Emirates,Ireland,Rohan Mustafa,Ashfaq Ahmed,KJ O'Brien,1,0,,,,,,,,,
1131275,2017/18,2018-01-13,ICC Academy,2,2.2,United Arab Emirates,Ireland,Ashfaq Ahmed,Rohan Mustafa,KJ O'Brien,0,0,,,,,,,,,
1131275,2017/18,2018-01-13,ICC Academy,2,2.3,United Arab Emirates,Ireland,Ashfaq Ahmed,Rohan Mustafa,KJ O'Brien,0,0,,,,,,,,,
1131275,2017/18,2018-01-13,ICC Academy,2,2.4,United Arab Emirates,Ireland,Ashfaq Ahmed,Rohan Mustafa,KJ O'Brien,6,0,,,,,,,,,
1131275,2017/18,2018-01-13,ICC Academy,2,2.5,United Arab Emirates,Ireland,Ashfaq Ahmed,Rohan Mustafa,KJ O'Brien,0,0,,,,,,,,,
1131275,2017/18,2018-01-13,ICC Academy,2,2.6,United Arab Emirates,Ireland,Ashfaq Ahmed,Rohan Mustafa,KJ O'Brien,0,0,,,,,,,,,
1131275,2017/18,2018-01-13,ICC Academy,2,3.1,United Arab Emirates,Ireland,Rohan Mustafa,Ashfaq Ahmed,BJ McCarthy,0,0,,,,,,,,,
1131275,2017/18,2018-01-13,ICC Academy,2,3.2,United Arab Emirates,Ireland,Rohan Mustafa,Ashfaq Ahmed,BJ McCarthy,1,0,,,,,,,,,
1131275,2017/18,2018-01-13,ICC Academy,2,3.3,United Arab Emirates,Ireland,Ashfaq Ahmed,Rohan Mustafa,BJ McCarthy,1,0,,,,,,,,,
1131275,2017/18,2018-01-13,ICC Academy,2,3.4,United Arab Emirates,Ireland,Rohan Mustafa,Ashfaq Ahmed,BJ McCarthy,0,0,,,,,,,,,
1131275,2017/18,2018-01-13,ICC Academy,2,3.5,United Arab Emirates,Ireland,Rohan Mustafa,Ashfaq Ahmed,BJ McCarthy,0,0,,,,,,,,,
1131275,2017/18,2018-01-13,ICC Academy,2,3.6,United Arab Emirates,Ireland,Rohan Mustafa,Ashfaq Ahmed,BJ McCarthy,0,0,,,,,,,,,
1131275,2017/18,2018-01-13,ICC Academy,2,4.1,United Arab Emirates,Ireland,Ashfaq Ahmed,Rohan Mustafa,KJ O'Brien,0,0,,,,,,,,,
1131275,2017/18,2018-01-13,ICC Academy,2,4.2,United Arab Emirates,Ireland,Ashfaq Ahmed,Rohan Mustafa,KJ O'Brien,0,1,1,,,,,,,,
1131275,2017/18,2018-01-13,ICC Academy,2,4.3,United Arab Emirates,Ireland,Ashfaq Ahmed,Rohan Mustafa,KJ O'Brien,0,0,,,,,,,,,
1131275,2017/18,2018-01-13,ICC Academy,2,4.4,United Arab Emirates,Ireland,Ashfaq Ahmed,Rohan Mustafa,KJ O'Brien,0,0,,,,,,,,,
1131275,2017/18,2018-01-13,ICC Academy,2,4.5,United Arab Emirates,Ireland,Ashfaq Ahmed,Rohan Mustafa,KJ O'Brien,0,0,,,,,,,,,
1131275,2017/18,2018-01-13,ICC Academy,2,4.6,United Arab Emirates,Ireland,Ashfaq Ahmed,Rohan Mustafa,KJ O'Brien,0,0,,,,,,,,,
1131275,2017/18,2018-01-13,ICC Academy,2,4.7,United Arab Emirates,Ireland,Ashfaq Ahmed,Rohan Mustafa,KJ O'Brien,3,0,,,,,,,,,
1131275,2017/18,2018-01-13,ICC Academy,2,5.1,United Arab Emirates,Ireland,Ashfaq Ahmed,Rohan Mustafa,BJ McCarthy,1,0,,,,,,,,,
1131275,2017/18,2018-01-13,ICC Academy,2,5.2,United Arab Emirates,Ireland,Rohan Mustafa,Ashfaq Ahmed,BJ McCarthy,0,0,,,,,,,,,
1131275,2017/18,2018-01-13,ICC Academy,2,5.3,United Arab Emirates,Ireland,Rohan Mustafa,Ashfaq Ahmed,BJ McCarthy,0,0,,,,,,,,,
1131275,2017/18,2018-01-13,ICC Academy,2,5.4,United Arab Emirates,Ireland,Rohan Mustafa,Ashfaq Ahmed,BJ McCarthy,1,0,,,,,,,,,
1131275,2017/18,2018-01-13,ICC Academy,2,5.5,United Arab Emirates,Ireland,Ashfaq Ahmed,Rohan Mustafa,BJ McCarthy,4,0,,,,,,,,,
1131275,2017/18,2018-01-13,ICC Academy,2,5.6,United Arab Emirates,Ireland,Ashfaq Ahmed,Rohan Mustafa,BJ McCarthy,0,0,,,,,,,,,
1131275,2017/18,2018-01-13,ICC Academy,2,6.1,United Arab Emirates,Ireland,Rohan Mustafa,Ashfaq Ahmed,KJ O'Brien,0,0,,,,,,,,,
1131275,2017/18,2018-01-13,ICC Academy,2,6.2,United Arab Emirates,Ireland,Rohan Mustafa,Ashfaq Ahmed,KJ O'Brien,4,0,,,,,,,,,
1131275,2017/18,2018-01-13,ICC Academy,2,6.3,United Arab Emirates,Ireland,Rohan Mustafa,Ashfaq Ahmed,KJ O'Brien,0,0,,,,,,,,,
1131275,2017/18,2018-01-13,ICC Academy,2,6.4,United Arab Emirates,Ireland,Rohan Mustafa,Ashfaq Ahmed,KJ O'Brien,0,0,,,,,,,,,
1131275,2017/18,2018-01-13,ICC Academy,2,6.5,United Arab Emirates,Ireland,Rohan Mustafa,Ashfaq Ahmed,KJ O'Brien,0,1,1,,,,,,,,
1131275,2017/18,2018-01-13,ICC Academy,2,6.6,United Arab Emirates,Ireland,Rohan Mustafa,Ashfaq Ahmed,KJ O'Brien,0,0,,,,,,,,,
1131275,2017/18,2018-01-13,ICC Academy,2,6.7,United Arab Emirates,Ireland,Rohan Mustafa,Ashfaq Ahmed,KJ O'Brien,0,0,,,,,,,,,
1131275,2017/18,2018-01-13,ICC Academy,2,7.1,United Arab Emirates,Ireland,Ashfaq Ahmed,Rohan Mustafa,BJ McCarthy,1,0,,,,,,,,,
1131275,2017/18,2018-01-13,ICC Academy,2,7.2,United Arab Emirates,Ireland,Rohan Mustafa,Ashfaq Ahmed,BJ McCarthy,0,0,,,,,,,,,
1131275,2017/18,2018-01-13,ICC Academy,2,7.3,United Arab Emirates,Ireland,Rohan Mustafa,Ashfaq Ahmed,BJ McCarthy,1,0,,,,,,,,,
1131275,2017/18,2018-01-13,ICC Academy,2,7.4,United Arab Emirates,Ireland,Ashfaq Ahmed,Rohan Mustafa,BJ McCarthy,0,0,,,,,,caught,Ashfaq Ahmed,,
1131275,2017/18,2018-01-13,ICC Academy,2,7.5,United Arab Emirates,Ireland,Ghulam Shabber,Rohan Mustafa,BJ McCarthy,0,0,,,,,,,,,
1131275,2017/18,2018-01-13,ICC Academy,2,7.6,United Arab Emirates,Ireland,Ghulam Shabber,Rohan Mustafa,BJ McCarthy,0,0,,,,,,,,,
1131275,2017/18,2018-01-13,ICC Academy,2,8.1,United Arab Emirates,Ireland,Rohan Mustafa,Ghulam Shabber,PKD Chase,4,0,,,,,,,,,
1131275,2017/18,2018-01-13,ICC Academy,2,8.2,United Arab Emirates,Ireland,Rohan Mustafa,Ghulam Shabber,PKD Chase,0,0,,,,,,,,,
1131275,2017/18,2018-01-13,ICC Academy,2,8.3,United Arab Emirates,Ireland,Rohan Mustafa,Ghulam Shabber,PKD Chase,0,0,,,,,,caught,Rohan Mustafa,,
1131275,2017/18,2018-01-13,ICC Academy,2,8.4,United Arab Emirates,Ireland,Ghulam Shabber,Rameez Shahzad,PKD Chase,0,0,,,,,,,,,
1131275,2017/18,2018-01-13,ICC Academy,2,8.5,United Arab Emirates,Ireland,Ghulam Shabber,Rameez Shahzad,PKD Chase,0,0,,,,,,,,,
1131275,2017/18,2018-01-13,ICC Academy,2,8.6,United Arab Emirates,Ireland,Ghulam Shabber,Rameez Shahzad,PKD Chase,0,0,,,,,,,,,
1131275,2017/18,2018-01-13,ICC Academy,2,9.1,United Arab Emirates,Ireland,Rameez Shahzad,Ghulam Shabber,BJ McCarthy,0,0,,,,,,,,,
1131275,2017/18,2018-01-13,ICC Academy,2,9.2,United Arab Emirates,Ireland,Rameez Shahzad,Ghulam Shabber,BJ McCarthy,1,0,,,,,,,,,
1131275,2017/18,2018-01-13,ICC Academy,2,9.3,United Arab Emirates,Ireland,Ghulam Shabber,Rameez Shahzad,BJ McCarthy,0,0,,,,,,,,,
1131275,2017/18,2018-01-13,ICC Academy,2,9.4,United Arab Emirates,Ireland,Ghulam Shabber,Rameez Shahzad,BJ McCarthy,0,0,,,,,,,,,
1131275,2017/18,2018-01-13,ICC Academy,2,9.5,United Arab Emirates,Ireland,Ghulam Shabber,Rameez Shahzad,BJ McCarthy,0,0,,,,,,,,,
1131275,2017/18,2018-01-13,ICC Academy,2,9.6,United Arab Emirates,Ireland,Ghulam Shabber,Rameez Shahzad,BJ McCarthy,0,1,1,,,,,,,,
1131275,2017/18,2018-01-13,ICC Academy,2,9.7,United Arab Emirates,Ireland,Ghulam Shabber,Rameez Shahzad,BJ McCarthy,0,0,,,,,,,,,
1131275,2017/18,2018-01-13,ICC Academy,2,10.1,United Arab Emirates,Ireland,Rameez Shahzad,Ghulam Shabber,PKD Chase,0,0,,,,,,,,,
1131275,2017/18,2018-01-13,ICC Academy,2,10.2,United Arab Emirates,Ireland,Rameez Shahzad,Ghulam Shabber,PKD Chase,4,0,,,,,,,,,
1131275,2017/18,2018-01-13,ICC Academy,2,10.3,United Arab Emirates,Ireland,Rameez Shahzad,Ghulam Shabber,PKD Chase,0,0,,,,,,,,,
1131275,2017/18,2018-01-13,ICC Academy,2,10.4,United Arab Emirates,Ireland,Rameez Shahzad,Ghulam Shabber,PKD Chase,0,0,,,,,,,,,
1131275,2017/18,2018-01-13,ICC Academy,2,10.5,United Arab Emirates,Ireland,Rameez Shahzad,Ghulam Shabber,PKD Chase,0,0,,,,,,,,,
1131275,2017/18,2018-01-13,ICC Academy,2,10.6,United Arab Emirates,Ireland,Rameez Shahzad,Ghulam Shabber,PKD Chase,0,0,,,,,,,,,
1131275,2017/18,2018-01-13,ICC Academy,2,11.1,United Arab Emirates,Ireland,Ghulam Shabber,Rameez Shahzad,AR McBrine,0,0,,,,,,,,,
1131275,2017/18,2018-01-13,ICC Academy,2,11.2,United Arab Emirates,Ireland,Ghulam Shabber,Rameez Shahzad,AR McBrine,1,0,,,,,,,,,
1131275,2017/18,2018-01-13,ICC Academy,2,11.3,United Arab Emirates,Ireland,Rameez Shahzad,Ghulam Shabber,AR McBrine,1,0,,,,,,,,,
1131275,2017/18,2018-01-13,ICC Academy,2,11.4,United Arab Emirates,Ireland,Ghulam Shabber,Rameez Shahzad,AR McBrine,1,0,,,,,,,,,
1131275,2017/18,2018-01-13,ICC Academy,2,11.5,United Arab Emirates,Ireland,Rameez Shahzad,Ghulam Shabber,AR McBrine,0,0,,,,,,,,,
1131275,2017/18,2018-01-13,ICC Academy,2,11.6,United Arab Emirates,Ireland,Rameez Shahzad,Ghulam Shabber,AR McBrine,0,1,1,,,,,,,,
1131275,2017/18,2018-01-13,ICC Academy,2,11.7,United Arab Emirates,Ireland,Rameez Shahzad,Ghulam Shabber,AR McBrine,0,0,,,,,,,,,
1131275,2017/18,2018-01-13,ICC Academy,2,12.1,United Arab Emirates,Ireland,Ghulam Shabber,Rameez Shahzad,PKD Chase,0,0,,,,,,,,,
1131275,2017/18,2018-01-13,ICC Academy,2,12.2,United Arab Emirates,Ireland,Ghulam Shabber,Rameez Shahzad,PKD Chase,0,1,1,,,,,,,,
1131275,2017/18,2018-01-13,ICC Academy,2,12.3,United Arab Emirates,Ireland,Ghulam Shabber,Rameez Shahzad,PKD Chase,0,0,,,,,,,,,
1131275,2017/18,2018-01-13,ICC Academy,2,12.4,United Arab Emirates,Ireland,Ghulam Shabber,Rameez Shahzad,PKD Chase,0,0,,,,,,,,,
1131275,2017/18,2018-01-13,ICC Academy,2,12.5,United Arab Emirates,Ireland,Ghulam Shabber,Rameez Shahzad,PKD Chase,0,0,,,,,,,,,
1131275,2017/18,2018-01-13,ICC Academy,2,12.6,United Arab Emirates,Ireland,Ghulam Shabber,Rameez Shahzad,PKD Chase,6,0,,,,,,,,,
1131275,2017/18,2018-01-13,ICC Academy,2,12.7,United Arab Emirates,Ireland,Ghulam Shabber,Rameez Shahzad,PKD Chase,0,0,,,,,,,,,
1131275,2017/18,2018-01-13,ICC Academy,2,13.1,United Arab Emirates,Ireland,Rameez Shahzad,Ghulam Shabber,AR McBrine,1,0,,,,,,,,,
1131275,2017/18,2018-01-13,ICC Academy,2,13.2,United Arab Emirates,Ireland,Ghulam Shabber,Rameez Shahzad,AR McBrine,0,0,,,,,,,,,
1131275,2017/18,2018-01-13,ICC Academy,2,13.3,United Arab Emirates,Ireland,Ghulam Shabber,Rameez Shahzad,AR McBrine,0,0,,,,,,,,,
1131275,2017/18,2018-01-13,ICC Academy,2,13.4,United Arab Emirates,Ireland,Ghulam Shabber,Rameez Shahzad,AR McBrine,0,0,,,,,,,,,
1131275,2017/18,2018-01-13,ICC Academy,2,13.5,United Arab Emirates,Ireland,Ghulam Shabber,Rameez Shahzad,AR McBrine,0,0,,,,,,,,,
1131275,2017/18,2018-01-13,ICC Academy,2,13.6,United Arab Emirates,Ireland,Ghulam Shabber,Rameez Shahzad,AR McBrine,1,0,,,,,,,,,
1131275,2017/18,2018-01-13,ICC Academy,2,14.1,United Arab Emirates,Ireland,Ghulam Shabber,Rameez Shahzad,PKD Chase,0,0,,,,,,,,,
1131275,2017/18,2018-01-13,ICC Academy,2,14.2,United Arab Emirates,Ireland,Ghulam Shabber,Rameez Shahzad,PKD Chase,0,0,,,,,,,,,
1131275,2017/18,2018-01-13,ICC Academy,2,14.3,United Arab Emirates,Ireland,Ghulam Shabber,Rameez Shahzad,PKD Chase,0,0,,,,,,,,,
1131275,2017/18,2018-01-13,ICC Academy,2,14.4,United Arab Emirates,Ireland,Ghulam Shabber,Rameez Shahzad,PKD Chase,1,0,,,,,,,,,
1131275,2017/18,2018-01-13,ICC Academy,2,14.5,United Arab Emirates,Ireland,Rameez Shahzad,Ghulam Shabber,PKD Chase,0,0,,,,,,,,,
1131275,2017/18,2018-01-13,ICC Academy,2,14.6,United Arab Emirates,Ireland,Rameez Shahzad,Ghulam Shabber,PKD Chase,0,0,,,,,,,,,
1131275,2017/18,2018-01-13,ICC Academy,2,15.1,United Arab Emirates,Ireland,Ghulam Shabber,Rameez Shahzad,AR McBrine,0,0,,,,,,,,,
1131275,2017/18,2018-01-13,ICC Academy,2,15.2,United Arab Emirates,Ireland,Ghulam Shabber,Rameez Shahzad,AR McBrine,0,0,,,,,,,,,
1131275,2017/18,2018-01-13,ICC Academy,2,15.3,United Arab Emirates,Ireland,Ghulam Shabber,Rameez Shahzad,AR McBrine,0,0,,,,,,,,,
1131275,2017/18,2018-01-13,ICC Academy,2,15.4,United Arab Emirates,Ireland,Ghulam Shabber,Rameez Shahzad,AR McBrine,1,0,,,,,,,,,
1131275,2017/18,2018-01-13,ICC Academy,2,15.5,United Arab Emirates,Ireland,Rameez Shahzad,Ghulam Shabber,AR McBrine,0,0,,,,,,,,,
1131275,2017/18,2018-01-13,ICC Academy,2,15.6,United Arab Emirates,Ireland,Rameez Shahzad,Ghulam Shabber,AR McBrine,1,0,,,,,,,,,
1131275,2017/18,2018-01-13,ICC Academy,2,16.1,United Arab Emirates,Ireland,Rameez Shahzad,Ghulam Shabber,GH Dockrell,0,1,1,,,,,,,,
1131275,2017/18,2018-01-13,ICC Academy,2,16.2,United Arab Emirates,Ireland,Rameez Shahzad,Ghulam Shabber,GH Dockrell,0,0,,,,,,,,,
1131275,2017/18,2018-01-13,ICC Academy,2,16.3,United Arab Emirates,Ireland,Rameez Shahzad,Ghulam Shabber,GH Dockrell,0,0,,,,,,,,,
1131275,2017/18,2018-01-13,ICC Academy,2,16.4,United Arab Emirates,Ireland,Rameez Shahzad,Ghulam Shabber,GH Dockrell,0,0,,,,,,,,,
1131275,2017/18,2018-01-13,ICC Academy,2,16.5,United Arab Emirates,Ireland,Rameez Shahzad,Ghulam Shabber,GH Dockrell,1,0,,,,,,,,,
1131275,2017/18,2018-01-13,ICC Academy,2,16.6,United Arab Emirates,Ireland,Ghulam Shabber,Rameez Shahzad,GH Dockrell,0,0,,,,,,,,,
1131275,2017/18,2018-01-13,ICC Academy,2,16.7,United Arab Emirates,Ireland,Ghulam Shabber,Rameez Shahzad,GH Dockrell,1,0,,,,,,,,,
1131275,2017/18,2018-01-13,ICC Academy,2,17.1,United Arab Emirates,Ireland,Ghulam Shabber,Rameez Shahzad,AR McBrine,1,0,,,,,,,,,
1131275,2017/18,2018-01-13,ICC Academy,2,17.2,United Arab Emirates,Ireland,Rameez Shahzad,Ghulam Shabber,AR McBrine,1,0,,,,,,,,,
1131275,2017/18,2018-01-13,ICC Academy,2,17.3,United Arab Emirates,Ireland,Ghulam Shabber,Rameez Shahzad,AR McBrine,1,0,,,,,,,,,
1131275,2017/18,2018-01-13,ICC Academy,2,17.4,United Arab Emirates,Ireland,Rameez Shahzad,Ghulam Shabber,AR McBrine,0,0,,,,,,,,,
1131275,2017/18,2018-01-13,ICC Academy,2,17.5,United Arab Emirates,Ireland,Rameez Shahzad,Ghulam Shabber,AR McBrine,1,0,,,,,,,,,
1131275,2017/18,2018-01-13,ICC Academy,2,17.6,United Arab Emirates,Ireland,Ghulam Shabber,Rameez Shahzad,AR McBrine,0,0,,,,,,,,,
1131275,2017/18,2018-01-13,ICC Academy,2,18.1,United Arab Emirates,Ireland,Rameez Shahzad,Ghulam Shabber,GH Dockrell,1,0,,,,,,,,,
1131275,2017/18,2018-01-13,ICC Academy,2,18.2,United Arab Emirates,Ireland,Ghulam Shabber,Rameez Shahzad,GH Dockrell,0,0,,,,,,,,,
1131275,2017/18,2018-01-13,ICC Academy,2,18.3,United Arab Emirates,Ireland,Ghulam Shabber,Rameez Shahzad,GH Dockrell,0,0,,,,,,,,,
1131275,2017/18,2018-01-13,ICC Academy,2,18.4,United Arab Emirates,Ireland,Ghulam Shabber,Rameez Shahzad,GH Dockrell,0,0,,,,,,,,,
1131275,2017/18,2018-01-13,ICC Academy,2,18.5,United Arab Emirates,Ireland,Ghulam Shabber,Rameez Shahzad,GH Dockrell,4,0,,,,,,,,,
1131275,2017/18,2018-01-13,ICC Academy,2,18.6,United Arab Emirates,Ireland,Ghulam Shabber,Rameez Shahzad,GH Dockrell,0,0,,,,,,,,,
1131275,2017/18,2018-01-13,ICC Academy,2,19.1,United Arab Emirates,Ireland,Rameez Shahzad,Ghulam Shabber,AR McBrine,1,0,,,,,,,,,
1131275,2017/18,2018-01-13,ICC Academy,2,19.2,United Arab Emirates,Ireland,Ghulam Shabber,Rameez Shahzad,AR McBrine,0,0,,,,,,,,,
1131275,2017/18,2018-01-13,ICC Academy,2,19.3,United Arab Emirates,Ireland,Ghulam Shabber,Rameez Shahzad,AR McBrine,0,0,,,,,,,,,
1131275,2017/18,2018-01-13,ICC Academy,2,19.4,United Arab Emirates,Ireland,Ghulam Shabber,Rameez Shahzad,AR McBrine,0,0,,,,,,bowled,Ghulam Shabber,,
1131275,2017/18,2018-01-13,ICC Academy,2,19.5,United Arab Emirates,Ireland,Muhammad Usman,Rameez Shahzad,AR McBrine,0,0,,,,,,,,,
1131275,2017/18,2018-01-13,ICC Academy,2,19.6,United Arab Emirates,Ireland,Muhammad Usman,Rameez Shahzad,AR McBrine,0,0,,,,,,,,,
1131275,2017/18,2018-01-13,ICC Academy,2,20.1,United Arab Emirates,Ireland,Rameez Shahzad,Muhammad Usman,GH Dockrell,0,2,2,,,,,,,,
1131275,2017/18,2018-01-13,ICC Academy,2,20.2,United Arab Emirates,Ireland,Muhammad Usman,Rameez Shahzad,GH Dockrell,0,0,,,,,,,,,
1131275,2017/18,2018-01-13,ICC Academy,2,20.3,United Arab Emirates,Ireland,Muhammad Usman,Rameez Shahzad,GH Dockrell,1,0,,,,,,,,,
1131275,2017/18,2018-01-13,ICC Academy,2,20.4,United Arab Emirates,Ireland,Rameez Shahzad,Muhammad Usman,GH Dockrell,0,0,,,,,,,,,
1131275,2017/18,2018-01-13,ICC Academy,2,20.5,United Arab Emirates,Ireland,Rameez Shahzad,Muhammad Usman,GH Dockrell,1,0,,,,,,,,,
1131275,2017/18,2018-01-13,ICC Academy,2,20.6,United Arab Emirates,Ireland,Muhammad Usman,Rameez Shahzad,GH Dockrell,0,0,,,,,,,,,
1131275,2017/18,2018-01-13,ICC Academy,2,20.7,United Arab Emirates,Ireland,Muhammad Usman,Rameez Shahzad,GH Dockrell,4,0,,,,,,,,,
1131275,2017/18,2018-01-13,ICC Academy,2,21.1,United Arab Emirates,Ireland,Rameez Shahzad,Muhammad Usman,AR McBrine,1,0,,,,,,,,,
1131275,2017/18,2018-01-13,ICC Academy,2,21.2,United Arab Emirates,Ireland,Muhammad Usman,Rameez Shahzad,AR McBrine,1,0,,,,,,,,,
1131275,2017/18,2018-01-13,ICC Academy,2,21.3,United Arab Emirates,Ireland,Rameez Shahzad,Muhammad Usman,AR McBrine,1,0,,,,,,,,,
1131275,2017/18,2018-01-13,ICC Academy,2,21.4,United Arab Emirates,Ireland,Muhammad Usman,Rameez Shahzad,AR McBrine,0,0,,,,,,,,,
1131275,2017/18,2018-01-13,ICC Academy,2,21.5,United Arab Emirates,Ireland,Muhammad Usman,Rameez Shahzad,AR McBrine,0,0,,,,,,,,,
1131275,2017/18,2018-01-13,ICC Academy,2,21.6,United Arab Emirates,Ireland,Muhammad Usman,Rameez Shahzad,AR McBrine,0,0,,,,,,,,,
1131275,2017/18,2018-01-13,ICC Academy,2,22.1,United Arab Emirates,Ireland,Rameez Shahzad,Muhammad Usman,GH Dockrell,1,0,,,,,,,,,
1131275,2017/18,2018-01-13,ICC Academy,2,22.2,United Arab Emirates,Ireland,Muhammad Usman,Rameez Shahzad,GH Dockrell,6,0,,,,,,,,,
1131275,2017/18,2018-01-13,ICC Academy,2,22.3,United Arab Emirates,Ireland,Muhammad Usman,Rameez Shahzad,GH Dockrell,1,0,,,,,,,,,
1131275,2017/18,2018-01-13,ICC Academy,2,22.4,United Arab Emirates,Ireland,Rameez Shahzad,Muhammad Usman,GH Dockrell,1,0,,,,,,,,,
1131275,2017/18,2018-01-13,ICC Academy,2,22.5,United Arab Emirates,Ireland,Muhammad Usman,Rameez Shahzad,GH Dockrell,0,0,,,,,,,,,
1131275,2017/18,2018-01-13,ICC Academy,2,22.6,United Arab Emirates,Ireland,Muhammad Usman,Rameez Shahzad,GH Dockrell,1,0,,,,,,,,,
1131275,2017/18,2018-01-13,ICC Academy,2,23.1,United Arab Emirates,Ireland,Muhammad Usman,Rameez Shahzad,AR McBrine,0,0,,,,,,,,,
1131275,2017/18,2018-01-13,ICC Academy,2,23.2,United Arab Emirates,Ireland,Muhammad Usman,Rameez Shahzad,AR McBrine,4,0,,,,,,,,,
1131275,2017/18,2018-01-13,ICC Academy,2,23.3,United Arab Emirates,Ireland,Muhammad Usman,Rameez Shahzad,AR McBrine,0,0,,,,,,,,,
1131275,2017/18,2018-01-13,ICC Academy,2,23.4,United Arab Emirates,Ireland,Muhammad Usman,Rameez Shahzad,AR McBrine,0,0,,,,,,,,,
1131275,2017/18,2018-01-13,ICC Academy,2,23.5,United Arab Emirates,Ireland,Muhammad Usman,Rameez Shahzad,AR McBrine,0,0,,,,,,,,,
1131275,2017/18,2018-01-13,ICC Academy,2,23.6,United Arab Emirates,Ireland,Muhammad Usman,Rameez Shahzad,AR McBrine,0,0,,,,,,,,,
1131275,2017/18,2018-01-13,ICC Academy,2,24.1,United Arab Emirates,Ireland,Rameez Shahzad,Muhammad Usman,PKD Chase,1,0,,,,,,,,,
1131275,2017/18,2018-01-13,ICC Academy,2,24.2,United Arab Emirates,Ireland,Muhammad Usman,Rameez Shahzad,PKD Chase,0,0,,,,,,,,,
1131275,2017/18,2018-01-13,ICC Academy,2,24.3,United Arab Emirates,Ireland,Muhammad Usman,Rameez Shahzad,PKD Chase,0,0,,,,,,,,,
1131275,2017/18,2018-01-13,ICC Academy,2,24.4,United Arab Emirates,Ireland,Muhammad Usman,Rameez Shahzad,PKD Chase,0,1,1,,,,,,,,
1131275,2017/18,2018-01-13,ICC Academy,2,24.5,United Arab Emirates,Ireland,Muhammad Usman,Rameez Shahzad,PKD Chase,0,1,1,,,,,,,,
1131275,2017/18,2018-01-13,ICC Academy,2,24.6,United Arab Emirates,Ireland,Muhammad Usman,Rameez Shahzad,PKD Chase,2,0,,,,,,,,,
1131275,2017/18,2018-01-13,ICC Academy,2,24.7,United Arab Emirates,Ireland,Muhammad Usman,Rameez Shahzad,PKD Chase,0,0,,,,,,,,,
1131275,2017/18,2018-01-13,ICC Academy,2,24.8,United Arab Emirates,Ireland,Muhammad Usman,Rameez Shahzad,PKD Chase,0,0,,,,,,,,,
1131275,2017/18,2018-01-13,ICC Academy,2,25.1,United Arab Emirates,Ireland,Rameez Shahzad,Muhammad Usman,AR McBrine,0,0,,,,,,,,,
1131275,2017/18,2018-01-13,ICC Academy,2,25.2,United Arab Emirates,Ireland,Rameez Shahzad,Muhammad Usman,AR McBrine,0,0,,,,,,,,,
1131275,2017/18,2018-01-13,ICC Academy,2,25.3,United Arab Emirates,Ireland,Rameez Shahzad,Muhammad Usman,AR McBrine,1,0,,,,,,,,,
1131275,2017/18,2018-01-13,ICC Academy,2,25.4,United Arab Emirates,Ireland,Muhammad Usman,Rameez Shahzad,AR McBrine,1,0,,,,,,,,,
1131275,2017/18,2018-01-13,ICC Academy,2,25.5,United Arab Emirates,Ireland,Rameez Shahzad,Muhammad Usman,AR McBrine,0,0,,,,,,,,,
1131275,2017/18,2018-01-13,ICC Academy,2,25.6,United Arab Emirates,Ireland,Rameez Shahzad,Muhammad Usman,AR McBrine,1,0,,,,,,,,,
1131275,2017/18,2018-01-13,ICC Academy,2,26.1,United Arab Emirates,Ireland,Rameez Shahzad,Muhammad Usman,PKD Chase,0,0,,,,,,,,,
1131275,2017/18,2018-01-13,ICC Academy,2,26.2,United Arab Emirates,Ireland,Rameez Shahzad,Muhammad Usman,PKD Chase,0,0,,,,,,,,,
1131275,2017/18,2018-01-13,ICC Academy,2,26.3,United Arab Emirates,Ireland,Rameez Shahzad,Muhammad Usman,PKD Chase,2,0,,,,,,,,,
1131275,2017/18,2018-01-13,ICC Academy,2,26.4,United Arab Emirates,Ireland,Rameez Shahzad,Muhammad Usman,PKD Chase,0,0,,,,,,,,,
1131275,2017/18,2018-01-13,ICC Academy,2,26.5,United Arab Emirates,Ireland,Rameez Shahzad,Muhammad Usman,PKD Chase,1,0,,,,,,,,,
1131275,2017/18,2018-01-13,ICC Academy,2,26.6,United Arab Emirates,Ireland,Muhammad Usman,Rameez Shahzad,PKD Chase,0,0,,,,,,,,,
1131275,2017/18,2018-01-13,ICC Academy,2,27.1,United Arab Emirates,Ireland,Rameez Shahzad,Muhammad Usman,GH Dockrell,4,0,,,,,,,,,
1131275,2017/18,2018-01-13,ICC Academy,2,27.2,United Arab Emirates,Ireland,Rameez Shahzad,Muhammad Usman,GH Dockrell,4,0,,,,,,,,,
1131275,2017/18,2018-01-13,ICC Academy,2,27.3,United Arab Emirates,Ireland,Rameez Shahzad,Muhammad Usman,GH Dockrell,0,0,,,,,,,,,
1131275,2017/18,2018-01-13,ICC Academy,2,27.4,United Arab Emirates,Ireland,Rameez Shahzad,Muhammad Usman,GH Dockrell,1,0,,,,,,,,,
1131275,2017/18,2018-01-13,ICC Academy,2,27.5,United Arab Emirates,Ireland,Muhammad Usman,Rameez Shahzad,GH Dockrell,0,0,,,,,,,,,
1131275,2017/18,2018-01-13,ICC Academy,2,27.6,United Arab Emirates,Ireland,Muhammad Usman,Rameez Shahzad,GH Dockrell,0,0,,,,,,,,,
1131275,2017/18,2018-01-13,ICC Academy,2,28.1,United Arab Emirates,Ireland,Rameez Shahzad,Muhammad Usman,BJ McCarthy,1,0,,,,,,,,,
1131275,2017/18,2018-01-13,ICC Academy,2,28.2,United Arab Emirates,Ireland,Muhammad Usman,Rameez Shahzad,BJ McCarthy,1,0,,,,,,,,,
1131275,2017/18,2018-01-13,ICC Academy,2,28.3,United Arab Emirates,Ireland,Rameez Shahzad,Muhammad Usman,BJ McCarthy,4,0,,,,,,,,,
1131275,2017/18,2018-01-13,ICC Academy,2,28.4,United Arab Emirates,Ireland,Rameez Shahzad,Muhammad Usman,BJ McCarthy,0,0,,,,,,,,,
1131275,2017/18,2018-01-13,ICC Academy,2,28.5,United Arab Emirates,Ireland,Rameez Shahzad,Muhammad Usman,BJ McCarthy,1,0,,,,,,,,,
1131275,2017/18,2018-01-13,ICC Academy,2,28.6,United Arab Emirates,Ireland,Muhammad Usman,Rameez Shahzad,BJ McCarthy,1,0,,,,,,,,,
1131275,2017/18,2018-01-13,ICC Academy,2,29.1,United Arab Emirates,Ireland,Muhammad Usman,Rameez Shahzad,KJ O'Brien,1,0,,,,,,,,,
1131275,2017/18,2018-01-13,ICC Academy,2,29.2,United Arab Emirates,Ireland,Rameez Shahzad,Muhammad Usman,KJ O'Brien,4,0,,,,,,,,,
1131275,2017/18,2018-01-13,ICC Academy,2,29.3,United Arab Emirates,Ireland,Rameez Shahzad,Muhammad Usman,KJ O'Brien,1,0,,,,,,,,,
1131275,2017/18,2018-01-13,ICC Academy,2,29.4,United Arab Emirates,Ireland,Muhammad Usman,Rameez Shahzad,KJ O'Brien,0,0,,,,,,,,,
1131275,2017/18,2018-01-13,ICC Academy,2,29.5,United Arab Emirates,Ireland,Muhammad Usman,Rameez Shahzad,KJ O'Brien,0,0,,,,,,,,,
1131275,2017/18,2018-01-13,ICC Academy,2,29.6,United Arab Emirates,Ireland,Muhammad Usman,Rameez Shahzad,KJ O'Brien,1,0,,,,,,,,,
1131275,2017/18,2018-01-13,ICC Academy,2,30.1,United Arab Emirates,Ireland,Muhammad Usman,Rameez Shahzad,BJ McCarthy,0,0,,,,,,,,,
1131275,2017/18,2018-01-13,ICC Academy,2,30.2,United Arab Emirates,Ireland,Muhammad Usman,Rameez Shahzad,BJ McCarthy,0,0,,,,,,,,,
1131275,2017/18,2018-01-13,ICC Academy,2,30.3,United Arab Emirates,Ireland,Muhammad Usman,Rameez Shahzad,BJ McCarthy,1,0,,,,,,,,,
1131275,2017/18,2018-01-13,ICC Academy,2,30.4,United Arab Emirates,Ireland,Rameez Shahzad,Muhammad Usman,BJ McCarthy,4,0,,,,,,,,,
1131275,2017/18,2018-01-13,ICC Academy,2,30.5,United Arab Emirates,Ireland,Rameez Shahzad,Muhammad Usman,BJ McCarthy,0,0,,,,,,,,,
1131275,2017/18,2018-01-13,ICC Academy,2,30.6,United Arab Emirates,Ireland,Rameez Shahzad,Muhammad Usman,BJ McCarthy,2,0,,,,,,,,,
1131275,2017/18,2018-01-13,ICC Academy,2,31.1,United Arab Emirates,Ireland,Muhammad Usman,Rameez Shahzad,AR McBrine,1,0,,,,,,,,,
1131275,2017/18,2018-01-13,ICC Academy,2,31.2,United Arab Emirates,Ireland,Rameez Shahzad,Muhammad Usman,AR McBrine,0,0,,,,,,caught,Rameez Shahzad,,
1131275,2017/18,2018-01-13,ICC Academy,2,31.3,United Arab Emirates,Ireland,Mohammad Boota,Muhammad Usman,AR McBrine,1,0,,,,,,,,,
1131275,2017/18,2018-01-13,ICC Academy,2,31.4,United Arab Emirates,Ireland,Muhammad Usman,Mohammad Boota,AR McBrine,0,0,,,,,,,,,
1131275,2017/18,2018-01-13,ICC Academy,2,31.5,United Arab Emirates,Ireland,Muhammad Usman,Mohammad Boota,AR McBrine,4,0,,,,,,,,,
1131275,2017/18,2018-01-13,ICC Academy,2,31.6,United Arab Emirates,Ireland,Muhammad Usman,Mohammad Boota,AR McBrine,4,0,,,,,,,,,
1131275,2017/18,2018-01-13,ICC Academy,2,32.1,United Arab Emirates,Ireland,Mohammad Boota,Muhammad Usman,KJ O'Brien,1,0,,,,,,,,,
1131275,2017/18,2018-01-13,ICC Academy,2,32.2,United Arab Emirates,Ireland,Muhammad Usman,Mohammad Boota,KJ O'Brien,0,0,,,,,,,,,
1131275,2017/18,2018-01-13,ICC Academy,2,32.3,United Arab Emirates,Ireland,Muhammad Usman,Mohammad Boota,KJ O'Brien,0,0,,,,,,,,,
1131275,2017/18,2018-01-13,ICC Academy,2,32.4,United Arab Emirates,Ireland,Muhammad Usman,Mohammad Boota,KJ O'Brien,2,0,,,,,,,,,
1131275,2017/18,2018-01-13,ICC Academy,2,32.5,United Arab Emirates,Ireland,Muhammad Usman,Mohammad Boota,KJ O'Brien,0,0,,,,,,,,,
1131275,2017/18,2018-01-13,ICC Academy,2,32.6,United Arab Emirates,Ireland,Muhammad Usman,Mohammad Boota,KJ O'Brien,1,0,,,,,,,,,
1131275,2017/18,2018-01-13,ICC Academy,2,33.1,United Arab Emirates,Ireland,Muhammad Usman,Mohammad Boota,AR McBrine,1,0,,,,,,,,,
1131275,2017/18,2018-01-13,ICC Academy,2,33.2,United Arab Emirates,Ireland,Mohammad Boota,Muhammad Usman,AR McBrine,1,0,,,,,,,,,
1131275,2017/18,2018-01-13,ICC Academy,2,33.3,United Arab Emirates,Ireland,Muhammad Usman,Mohammad Boota,AR McBrine,2,0,,,,,,,,,
1131275,2017/18,2018-01-13,ICC Academy,2,33.4,United Arab Emirates,Ireland,Muhammad Usman,Mohammad Boota,AR McBrine,1,0,,,,,,,,,
1131275,2017/18,2018-01-13,ICC Academy,2,33.5,United Arab Emirates,Ireland,Mohammad Boota,Muhammad Usman,AR McBrine,0,0,,,,,,,,,
1131275,2017/18,2018-01-13,ICC Academy,2,33.6,United Arab Emirates,Ireland,Mohammad Boota,Muhammad Usman,AR McBrine,2,0,,,,,,,,,
1131275,2017/18,2018-01-13,ICC Academy,2,34.1,United Arab Emirates,Ireland,Muhammad Usman,Mohammad Boota,KJ O'Brien,0,0,,,,,,,,,
1131275,2017/18,2018-01-13,ICC Academy,2,34.2,United Arab Emirates,Ireland,Muhammad Usman,Mohammad Boota,KJ O'Brien,0,0,,,,,,,,,
1131275,2017/18,2018-01-13,ICC Academy,2,34.3,United Arab Emirates,Ireland,Muhammad Usman,Mohammad Boota,KJ O'Brien,0,0,,,,,,,,,
1131275,2017/18,2018-01-13,ICC Academy,2,34.4,United Arab Emirates,Ireland,Muhammad Usman,Mohammad Boota,KJ O'Brien,2,0,,,,,,,,,
1131275,2017/18,2018-01-13,ICC Academy,2,34.5,United Arab Emirates,Ireland,Muhammad Usman,Mohammad Boota,KJ O'Brien,0,0,,,,,,caught,Muhammad Usman,,
1131275,2017/18,2018-01-13,ICC Academy,2,34.6,United Arab Emirates,Ireland,Adnan Mufti,Mohammad Boota,KJ O'Brien,0,0,,,,,,,,,
1131275,2017/18,2018-01-13,ICC Academy,2,35.1,United Arab Emirates,Ireland,Mohammad Boota,Adnan Mufti,PR Stirling,1,0,,,,,,,,,
1131275,2017/18,2018-01-13,ICC Academy,2,35.2,United Arab Emirates,Ireland,Adnan Mufti,Mohammad Boota,PR Stirling,0,0,,,,,,,,,
1131275,2017/18,2018-01-13,ICC Academy,2,35.3,United Arab Emirates,Ireland,Adnan Mufti,Mohammad Boota,PR Stirling,4,0,,,,,,,,,
1131275,2017/18,2018-01-13,ICC Academy,2,35.4,United Arab Emirates,Ireland,Adnan Mufti,Mohammad Boota,PR Stirling,1,0,,,,,,,,,
1131275,2017/18,2018-01-13,ICC Academy,2,35.5,United Arab Emirates,Ireland,Mohammad Boota,Adnan Mufti,PR Stirling,0,0,,,,,,,,,
1131275,2017/18,2018-01-13,ICC Academy,2,35.6,United Arab Emirates,Ireland,Mohammad Boota,Adnan Mufti,PR Stirling,0,0,,,,,,,,,
1131275,2017/18,2018-01-13,ICC Academy,2,36.1,United Arab Emirates,Ireland,Adnan Mufti,Mohammad Boota,PKD Chase,4,0,,,,,,,,,
1131275,2017/18,2018-01-13,ICC Academy,2,36.2,United Arab Emirates,Ireland,Adnan Mufti,Mohammad Boota,PKD Chase,1,0,,,,,,,,,
1131275,2017/18,2018-01-13,ICC Academy,2,36.3,United Arab Emirates,Ireland,Mohammad Boota,Adnan Mufti,PKD Chase,0,0,,,,,,,,,
1131275,2017/18,2018-01-13,ICC Academy,2,36.4,United Arab Emirates,Ireland,Mohammad Boota,Adnan Mufti,PKD Chase,1,0,,,,,,,,,
1131275,2017/18,2018-01-13,ICC Academy,2,36.5,United Arab Emirates,Ireland,Adnan Mufti,Mohammad Boota,PKD Chase,0,1,,,,1,,,,,
1131275,2017/18,2018-01-13,ICC Academy,2,36.6,United Arab Emirates,Ireland,Mohammad Boota,Adnan Mufti,PKD Chase,0,0,,,,,,,,,
1131275,2017/18,2018-01-13,ICC Academy,2,37.1,United Arab Emirates,Ireland,Adnan Mufti,Mohammad Boota,PR Stirling,1,0,,,,,,,,,
1131275,2017/18,2018-01-13,ICC Academy,2,37.2,United Arab Emirates,Ireland,Mohammad Boota,Adnan Mufti,PR Stirling,0,0,,,,,,,,,
1131275,2017/18,2018-01-13,ICC Academy,2,37.3,United Arab Emirates,Ireland,Mohammad Boota,Adnan Mufti,PR Stirling,6,0,,,,,,,,,
1131275,2017/18,2018-01-13,ICC Academy,2,37.4,United Arab Emirates,Ireland,Mohammad Boota,Adnan Mufti,PR Stirling,1,0,,,,,,,,,
1131275,2017/18,2018-01-13,ICC Academy,2,37.5,United Arab Emirates,Ireland,Adnan Mufti,Mohammad Boota,PR Stirling,4,0,,,,,,,,,
1131275,2017/18,2018-01-13,ICC Academy,2,37.6,United Arab Emirates,Ireland,Adnan Mufti,Mohammad Boota,PR Stirling,0,0,,,,,,,,,
1131275,2017/18,2018-01-13,ICC Academy,2,38.1,United Arab Emirates,Ireland,Mohammad Boota,Adnan Mufti,PKD Chase,0,0,,,,,,,,,
1131275,2017/18,2018-01-13,ICC Academy,2,38.2,United Arab Emirates,Ireland,Mohammad Boota,Adnan Mufti,PKD Chase,1,0,,,,,,,,,
1131275,2017/18,2018-01-13,ICC Academy,2,38.3,United Arab Emirates,Ireland,Adnan Mufti,Mohammad Boota,PKD Chase,0,0,,,,,,,,,
1131275,2017/18,2018-01-13,ICC Academy,2,38.4,United Arab Emirates,Ireland,Adnan Mufti,Mohammad Boota,PKD Chase,1,0,,,,,,,,,
1131275,2017/18,2018-01-13,ICC Academy,2,38.5,United Arab Emirates,Ireland,Mohammad Boota,Adnan Mufti,PKD Chase,0,0,,,,,,,,,
1131275,2017/18,2018-01-13,ICC Academy,2,38.6,United Arab Emirates,Ireland,Mohammad Boota,Adnan Mufti,PKD Chase,1,0,,,,,,,,,
1131275,2017/18,2018-01-13,ICC Academy,2,39.1,United Arab Emirates,Ireland,Mohammad Boota,Adnan Mufti,BJ McCarthy,2,0,,,,,,,,,
1131275,2017/18,2018-01-13,ICC Academy,2,39.2,United Arab Emirates,Ireland,Mohammad Boota,Adnan Mufti,BJ McCarthy,0,0,,,,,,,,,
1131275,2017/18,2018-01-13,ICC Academy,2,39.3,United Arab Emirates,Ireland,Mohammad Boota,Adnan Mufti,BJ McCarthy,0,0,,,,,,,,,
1131275,2017/18,2018-01-13,ICC Academy,2,39.4,United Arab Emirates,Ireland,Mohammad Boota,Adnan Mufti,BJ McCarthy,1,0,,,,,,,,,
1131275,2017/18,2018-01-13,ICC Academy,2,39.5,United Arab Emirates,Ireland,Adnan Mufti,Mohammad Boota,BJ McCarthy,0,0,,,,,,,,,
1131275,2017/18,2018-01-13,ICC Academy,2,39.6,United Arab Emirates,Ireland,Adnan Mufti,Mohammad Boota,BJ McCarthy,0,0,,,,,,,,,
1131275,2017/18,2018-01-13,ICC Academy,2,40.1,United Arab Emirates,Ireland,Mohammad Boota,Adnan Mufti,KJ O'Brien,0,0,,,,,,,,,
1131275,2017/18,2018-01-13,ICC Academy,2,40.2,United Arab Emirates,Ireland,Mohammad Boota,Adnan Mufti,KJ O'Brien,1,0,,,,,,,,,
1131275,2017/18,2018-01-13,ICC Academy,2,40.3,United Arab Emirates,Ireland,Adnan Mufti,Mohammad Boota,KJ O'Brien,0,1,1,,,,,,,,
1131275,2017/18,2018-01-13,ICC Academy,2,40.4,United Arab Emirates,Ireland,Adnan Mufti,Mohammad Boota,KJ O'Brien,1,0,,,,,,,,,
1131275,2017/18,2018-01-13,ICC Academy,2,40.5,United Arab Emirates,Ireland,Mohammad Boota,Adnan Mufti,KJ O'Brien,0,0,,,,,,caught and bowled,Mohammad Boota,,
1131275,2017/18,2018-01-13,ICC Academy,2,40.6,United Arab Emirates,Ireland,Adnan Mufti,Mohammad Naveed,KJ O'Brien,0,0,,,,,,,,,
1131275,2017/18,2018-01-13,ICC Academy,2,40.7,United Arab Emirates,Ireland,Adnan Mufti,Mohammad Naveed,KJ O'Brien,0,0,,,,,,caught,Adnan Mufti,,
1131275,2017/18,2018-01-13,ICC Academy,2,41.1,United Arab Emirates,Ireland,Mohammad Naveed,Ahmed Raza,GH Dockrell,0,0,,,,,,,,,
1131275,2017/18,2018-01-13,ICC Academy,2,41.2,United Arab Emirates,Ireland,Mohammad Naveed,Ahmed Raza,GH Dockrell,1,0,,,,,,,,,
1131275,2017/18,2018-01-13,ICC Academy,2,41.3,United Arab Emirates,Ireland,Ahmed Raza,Mohammad Naveed,GH Dockrell,0,0,,,,,,,,,
1131275,2017/18,2018-01-13,ICC Academy,2,41.4,United Arab Emirates,Ireland,Ahmed Raza,Mohammad Naveed,GH Dockrell,0,0,,,,,,,,,
1131275,2017/18,2018-01-13,ICC Academy,2,41.5,United Arab Emirates,Ireland,Ahmed Raza,Mohammad Naveed,GH Dockrell,0,0,,,,,,bowled,Ahmed Raza,,
1131275,2017/18,2018-01-13,ICC Academy,2,41.6,United Arab Emirates,Ireland,Zahoor Khan,Mohammad Naveed,GH Dockrell,0,0,,,,,,,,,
1131275,2017/18,2018-01-13,ICC Academy,2,42.1,United Arab Emirates,Ireland,Mohammad Naveed,Zahoor Khan,KJ O'Brien,0,0,,,,,,,,,
1131275,2017/18,2018-01-13,ICC Academy,2,42.2,United Arab Emirates,Ireland,Mohammad Naveed,Zahoor Khan,KJ O'Brien,0,0,,,,,,,,,
1131275,2017/18,2018-01-13,ICC Academy,2,42.3,United Arab Emirates,Ireland,Mohammad Naveed,Zahoor Khan,KJ O'Brien,0,0,,,,,,,,,
1131275,2017/18,2018-01-13,ICC Academy,2,42.4,United Arab Emirates,Ireland,Mohammad Naveed,Zahoor Khan,KJ O'Brien,0,0,,,,,,,,,
1131275,2017/18,2018-01-13,ICC Academy,2,42.5,United Arab Emirates,Ireland,Mohammad Naveed,Zahoor Khan,KJ O'Brien,1,0,,,,,,,,,
1131275,2017/18,2018-01-13,ICC Academy,2,42.6,United Arab Emirates,Ireland,Zahoor Khan,Mohammad Naveed,KJ O'Brien,0,0,,,,,,,,,
1131275,2017/18,2018-01-13,ICC Academy,2,43.1,United Arab Emirates,Ireland,Mohammad Naveed,Zahoor Khan,GH Dockrell,0,0,,,,,,,,,
1131275,2017/18,2018-01-13,ICC Academy,2,43.2,United Arab Emirates,Ireland,Mohammad Naveed,Zahoor Khan,GH Dockrell,1,0,,,,,,,,,
1131275,2017/18,2018-01-13,ICC Academy,2,43.3,United Arab Emirates,Ireland,Zahoor Khan,Mohammad Naveed,GH Dockrell,0,0,,,,,,,,,
1131275,2017/18,2018-01-13,ICC Academy,2,43.4,United Arab Emirates,Ireland,Zahoor Khan,Mohammad Naveed,GH Dockrell,0,0,,,,,,,,,
1131275,2017/18,2018-01-13,ICC Academy,2,43.5,United Arab Emirates,Ireland,Zahoor Khan,Mohammad Naveed,GH Dockrell,6,0,,,,,,,,,
1131275,2017/18,2018-01-13,ICC Academy,2,43.6,United Arab Emirates,Ireland,Zahoor Khan,Mohammad Naveed,GH Dockrell,1,0,,,,,,,,,
1131275,2017/18,2018-01-13,ICC Academy,2,44.1,United Arab Emirates,Ireland,Zahoor Khan,Mohammad Naveed,KJ O'Brien,0,0,,,,,,,,,
1131275,2017/18,2018-01-13,ICC Academy,2,44.2,United Arab Emirates,Ireland,Zahoor Khan,Mohammad Naveed,KJ O'Brien,1,0,,,,,,,,,
1131275,2017/18,2018-01-13,ICC Academy,2,44.3,United Arab Emirates,Ireland,Mohammad Naveed,Zahoor Khan,KJ O'Brien,1,0,,,,,,,,,
1131275,2017/18,2018-01-13,ICC Academy,2,44.4,United Arab Emirates,Ireland,Zahoor Khan,Mohammad Naveed,KJ O'Brien,0,0,,,,,,,,,
1131275,2017/18,2018-01-13,ICC Academy,2,44.5,United Arab Emirates,Ireland,Zahoor Khan,Mohammad Naveed,KJ O'Brien,0,0,,,,,,,,,
1131275,2017/18,2018-01-13,ICC Academy,2,44.6,United Arab Emirates,Ireland,Zahoor Khan,Mohammad Naveed,KJ O'Brien,0,0,,,,,,caught,Zahoor Khan,,
1131275,2017/18,2018-01-13,ICC Academy,2,45.1,United Arab Emirates,Ireland,Mohammad Naveed,Qadeer Ahmed,GH Dockrell,0,1,1,,,,,,,,
1131275,2017/18,2018-01-13,ICC Academy,2,45.2,United Arab Emirates,Ireland,Mohammad Naveed,Qadeer Ahmed,GH Dockrell,0,0,,,,,,,,,
1131275,2017/18,2018-01-13,ICC Academy,2,45.3,United Arab Emirates,Ireland,Mohammad Naveed,Qadeer Ahmed,GH Dockrell,0,1,1,,,,,,,,
1131275,2017/18,2018-01-13,ICC Academy,2,45.4,United Arab Emirates,Ireland,Mohammad Naveed,Qadeer Ahmed,GH Dockrell,0,0,,,,,,,,,
1131275,2017/18,2018-01-13,ICC Academy,2,45.5,United Arab Emirates,Ireland,Mohammad Naveed,Qadeer Ahmed,GH Dockrell,0,0,,,,,,,,,
1131275,2017/18,2018-01-13,ICC Academy,2,45.6,United Arab Emirates,Ireland,Mohammad Naveed,Qadeer Ahmed,GH Dockrell,0,0,,,,,,,,,
1131275,2017/18,2018-01-13,ICC Academy,2,45.7,United Arab Emirates,Ireland,Mohammad Naveed,Qadeer Ahmed,GH Dockrell,1,0,,,,,,,,,
1131275,2017/18,2018-01-13,ICC Academy,2,45.8,United Arab Emirates,Ireland,Qadeer Ahmed,Mohammad Naveed,GH Dockrell,0,0,,,,,,,,,
1131275,2017/18,2018-01-13,ICC Academy,2,46.1,United Arab Emirates,Ireland,Mohammad Naveed,Qadeer Ahmed,BJ McCarthy,0,0,,,,,,,,,
1131275,2017/18,2018-01-13,ICC Academy,2,46.2,United Arab Emirates,Ireland,Mohammad Naveed,Qadeer Ahmed,BJ McCarthy,0,0,,,,,,,,,
1131275,2017/18,2018-01-13,ICC Academy,2,46.3,United Arab Emirates,Ireland,Mohammad Naveed,Qadeer Ahmed,BJ McCarthy,0,0,,,,,,,,,
1131275,2017/18,2018-01-13,ICC Academy,2,46.4,United Arab Emirates,Ireland,Mohammad Naveed,Qadeer Ahmed,BJ McCarthy,4,0,,,,,,,,,
1131275,2017/18,2018-01-13,ICC Academy,2,46.5,United Arab Emirates,Ireland,Mohammad Naveed,Qadeer Ahmed,BJ McCarthy,4,0,,,,,,,,,
1131275,2017/18,2018-01-13,ICC Academy,2,46.6,United Arab Emirates,Ireland,Mohammad Naveed,Qadeer Ahmed,BJ McCarthy,1,0,,,,,,,,,
1131275,2017/18,2018-01-13,ICC Academy,2,47.1,United Arab Emirates,Ireland,Mohammad Naveed,Qadeer Ahmed,GH Dockrell,0,0,,,,,,,,,
1131275,2017/18,2018-01-13,ICC Academy,2,47.2,United Arab Emirates,Ireland,Mohammad Naveed,Qadeer Ahmed,GH Dockrell,0,0,,,,,,,,,
1131275,2017/18,2018-01-13,ICC Academy,2,47.3,United Arab Emirates,Ireland,Mohammad Naveed,Qadeer Ahmed,GH Dockrell,0,0,,,,,,,,,
1131275,2017/18,2018-01-13,ICC Academy,2,47.4,United Arab Emirates,Ireland,Mohammad Naveed,Qadeer Ahmed,GH Dockrell,4,0,,,,,,,,,
1131275,2017/18,2018-01-13,ICC Academy,2,47.5,United Arab Emirates,Ireland,Mohammad Naveed,Qadeer Ahmed,GH Dockrell,0,0,,,,,,,,,
1131275,2017/18,2018-01-13,ICC Academy,2,47.6,United Arab Emirates,Ireland,Mohammad Naveed,Qadeer Ahmed,GH Dockrell,1,0,,,,,,,,,
1131275,2017/18,2018-01-13,ICC Academy,2,48.1,United Arab Emirates,Ireland,Mohammad Naveed,Qadeer Ahmed,BJ McCarthy,0,0,,,,,,,,,
1131275,2017/18,2018-01-13,ICC Academy,2,48.2,United Arab Emirates,Ireland,Mohammad Naveed,Qadeer Ahmed,BJ McCarthy,4,0,,,,,,,,,
1131275,2017/18,2018-01-13,ICC Academy,2,48.3,United Arab Emirates,Ireland,Mohammad Naveed,Qadeer Ahmed,BJ McCarthy,2,0,,,,,,,,,
1131275,2017/18,2018-01-13,ICC Academy,2,48.4,United Arab Emirates,Ireland,Mohammad Naveed,Qadeer Ahmed,BJ McCarthy,0,0,,,,,,caught,Mohammad Naveed,,
