match_id,season,start_date,venue,innings,ball,batting_team,bowling_team,striker,non_striker,bowler,runs_off_bat,extras,wides,noballs,byes,legbyes,penalty,wicket_type,player_dismissed,other_wicket_type,other_player_dismissed
1133003,2017/18,2018-03-06,Old Hararians,1,0.1,West Indies,United Arab Emirates,CH Gayle,E Lewis,Mohammad Naveed,0,0,,,,,,,,,
1133003,2017/18,2018-03-06,Old Hararians,1,0.2,West Indies,United Arab Emirates,CH Gayle,E Lewis,Mohammad Naveed,0,0,,,,,,,,,
1133003,2017/18,2018-03-06,Old Hararians,1,0.3,West Indies,United Arab Emirates,CH Gayle,E Lewis,Mohammad Naveed,0,0,,,,,,,,,
1133003,2017/18,2018-03-06,Old Hararians,1,0.4,West Indies,United Arab Emirates,CH Gayle,E Lewis,Mohammad Naveed,1,0,,,,,,,,,
1133003,2017/18,2018-03-06,Old Hararians,1,0.5,West Indies,United Arab Emirates,E Lewis,CH Gayle,Mohammad Naveed,0,0,,,,,,,,,
1133003,2017/18,2018-03-06,Old Hararians,1,0.6,West Indies,United Arab Emirates,E Lewis,CH Gayle,Mohammad Naveed,4,0,,,,,,,,,
1133003,2017/18,2018-03-06,Old Hararians,1,1.1,West Indies,United Arab Emirates,CH Gayle,E Lewis,Amir Hayat,0,1,,,,1,,,,,
1133003,2017/18,2018-03-06,Old Hararians,1,1.2,West Indies,United Arab Emirates,E Lewis,CH Gayle,Amir Hayat,0,0,,,,,,,,,
1133003,2017/18,2018-03-06,Old Hararians,1,1.3,West Indies,United Arab Emirates,E Lewis,CH Gayle,Amir Hayat,0,0,,,,,,,,,
1133003,2017/18,2018-03-06,Old Hararians,1,1.4,West Indies,United Arab Emirates,E Lewis,CH Gayle,Amir Hayat,0,0,,,,,,,,,
1133003,2017/18,2018-03-06,Old Hararians,1,1.5,West Indies,United Arab Emirates,E Lewis,CH Gayle,Amir Hayat,0,0,,,,,,,,,
1133003,2017/18,2018-03-06,Old Hararians,1,1.6,West Indies,United Arab Emirates,E Lewis,CH Gayle,Amir Hayat,0,0,,,,,,,,,
1133003,2017/18,2018-03-06,Old Hararians,1,2.1,West Indies,United Arab Emirates,CH Gayle,E Lewis,Mohammad Naveed,0,0,,,,,,,,,
1133003,2017/18,2018-03-06,Old Hararians,1,2.2,West Indies,United Arab Emirates,CH Gayle,E Lewis,Mohammad Naveed,0,0,,,,,,,,,
1133003,2017/18,2018-03-06,Old Hararians,1,2.3,West Indies,United Arab Emirates,CH Gayle,E Lewis,Mohammad Naveed,0,0,,,,,,,,,
1133003,2017/18,2018-03-06,Old Hararians,1,2.4,West Indies,United Arab Emirates,CH Gayle,E Lewis,Mohammad Naveed,0,0,,,,,,,,,
1133003,2017/18,2018-03-06,Old Hararians,1,2.5,West Indies,United Arab Emirates,CH Gayle,E Lewis,Mohammad Naveed,1,0,,,,,,,,,
1133003,2017/18,2018-03-06,Old Hararians,1,2.6,West Indies,United Arab Emirates,E Lewis,CH Gayle,Mohammad Naveed,0,0,,,,,,,,,
1133003,2017/18,2018-03-06,Old Hararians,1,3.1,West Indies,United Arab Emirates,CH Gayle,E Lewis,Amir Hayat,0,0,,,,,,,,,
1133003,2017/18,2018-03-06,Old Hararians,1,3.2,West Indies,United Arab Emirates,CH Gayle,E Lewis,Amir Hayat,1,0,,,,,,,,,
1133003,2017/18,2018-03-06,Old Hararians,1,3.3,West Indies,United Arab Emirates,E Lewis,CH Gayle,Amir Hayat,1,0,,,,,,,,,
1133003,2017/18,2018-03-06,Old Hararians,1,3.4,West Indies,United Arab Emirates,CH Gayle,E Lewis,Amir Hayat,0,0,,,,,,,,,
1133003,2017/18,2018-03-06,Old Hararians,1,3.5,West Indies,United Arab Emirates,CH Gayle,E Lewis,Amir Hayat,4,0,,,,,,,,,
1133003,2017/18,2018-03-06,Old Hararians,1,3.6,West Indies,United Arab Emirates,CH Gayle,E Lewis,Amir Hayat,0,0,,,,,,,,,
1133003,2017/18,2018-03-06,Old Hararians,1,4.1,West Indies,United Arab Emirates,E Lewis,CH Gayle,Mohammad Naveed,4,0,,,,,,,,,
1133003,2017/18,2018-03-06,Old Hararians,1,4.2,West Indies,United Arab Emirates,E Lewis,CH Gayle,Mohammad Naveed,0,0,,,,,,,,,
1133003,2017/18,2018-03-06,Old Hararians,1,4.3,West Indies,United Arab Emirates,E Lewis,CH Gayle,Mohammad Naveed,0,0,,,,,,,,,
1133003,2017/18,2018-03-06,Old Hararians,1,4.4,West Indies,United Arab Emirates,E Lewis,CH Gayle,Mohammad Naveed,0,0,,,,,,,,,
1133003,2017/18,2018-03-06,Old Hararians,1,4.5,West Indies,United Arab Emirates,E Lewis,CH Gayle,Mohammad Naveed,0,0,,,,,,,,,
1133003,2017/18,2018-03-06,Old Hararians,1,4.6,West Indies,United Arab Emirates,E Lewis,CH Gayle,Mohammad Naveed,1,0,,,,,,,,,
1133003,2017/18,2018-03-06,Old Hararians,1,5.1,West Indies,United Arab Emirates,E Lewis,CH Gayle,Amir Hayat,2,0,,,,,,,,,
1133003,2017/18,2018-03-06,Old Hararians,1,5.2,West Indies,United Arab Emirates,E Lewis,CH Gayle,Amir Hayat,0,0,,,,,,,,,
1133003,2017/18,2018-03-06,Old Hararians,1,5.3,West Indies,United Arab Emirates,E Lewis,CH Gayle,Amir Hayat,0,1,,,,1,,,,,
1133003,2017/18,2018-03-06,Old Hararians,1,5.4,West Indies,United Arab Emirates,CH Gayle,E Lewis,Amir Hayat,0,0,,,,,,,,,
1133003,2017/18,2018-03-06,Old Hararians,1,5.5,West Indies,United Arab Emirates,CH Gayle,E Lewis,Amir Hayat,0,0,,,,,,,,,
1133003,2017/18,2018-03-06,Old Hararians,1,5.6,West Indies,United Arab Emirates,CH Gayle,E Lewis,Amir Hayat,4,0,,,,,,,,,
1133003,2017/18,2018-03-06,Old Hararians,1,6.1,West Indies,United Arab Emirates,E Lewis,CH Gayle,Mohammad Naveed,0,0,,,,,,,,,
1133003,2017/18,2018-03-06,Old Hararians,1,6.2,West Indies,United Arab Emirates,E Lewis,CH Gayle,Mohammad Naveed,1,0,,,,,,,,,
1133003,2017/18,2018-03-06,Old Hararians,1,6.3,West Indies,United Arab Emirates,CH Gayle,E Lewis,Mohammad Naveed,0,1,1,,,,,,,,
1133003,2017/18,2018-03-06,Old Hararians,1,6.4,West Indies,United Arab Emirates,CH Gayle,E Lewis,Mohammad Naveed,0,0,,,,,,,,,
1133003,2017/18,2018-03-06,Old Hararians,1,6.5,West Indies,United Arab Emirates,CH Gayle,E Lewis,Mohammad Naveed,4,0,,,,,,,,,
1133003,2017/18,2018-03-06,Old Hararians,1,6.6,West Indies,United Arab Emirates,CH Gayle,E Lewis,Mohammad Naveed,6,0,,,,,,,,,
1133003,2017/18,2018-03-06,Old Hararians,1,6.7,West Indies,United Arab Emirates,CH Gayle,E Lewis,Mohammad Naveed,6,0,,,,,,,,,
1133003,2017/18,2018-03-06,Old Hararians,1,7.1,West Indies,United Arab Emirates,E Lewis,CH Gayle,Rohan Mustafa,0,0,,,,,,,,,
1133003,2017/18,2018-03-06,Old Hararians,1,7.2,West Indies,United Arab Emirates,E Lewis,CH Gayle,Rohan Mustafa,1,0,,,,,,,,,
1133003,2017/18,2018-03-06,Old Hararians,1,7.3,West Indies,United Arab Emirates,CH Gayle,E Lewis,Rohan Mustafa,0,0,,,,,,,,,
1133003,2017/18,2018-03-06,Old Hararians,1,7.4,West Indies,United Arab Emirates,CH Gayle,E Lewis,Rohan Mustafa,4,0,,,,,,,,,
1133003,2017/18,2018-03-06,Old Hararians,1,7.5,West Indies,United Arab Emirates,CH Gayle,E Lewis,Rohan Mustafa,0,0,,,,,,,,,
1133003,2017/18,2018-03-06,Old Hararians,1,7.6,West Indies,United Arab Emirates,CH Gayle,E Lewis,Rohan Mustafa,4,0,,,,,,,,,
1133003,2017/18,2018-03-06,Old Hararians,1,8.1,West Indies,United Arab Emirates,E Lewis,CH Gayle,Amir Hayat,0,0,,,,,,,,,
1133003,2017/18,2018-03-06,Old Hararians,1,8.2,West Indies,United Arab Emirates,E Lewis,CH Gayle,Amir Hayat,0,0,,,,,,,,,
1133003,2017/18,2018-03-06,Old Hararians,1,8.3,West Indies,United Arab Emirates,E Lewis,CH Gayle,Amir Hayat,0,0,,,,,,,,,
1133003,2017/18,2018-03-06,Old Hararians,1,8.4,West Indies,United Arab Emirates,E Lewis,CH Gayle,Amir Hayat,0,0,,,,,,,,,
1133003,2017/18,2018-03-06,Old Hararians,1,8.5,West Indies,United Arab Emirates,E Lewis,CH Gayle,Amir Hayat,0,0,,,,,,,,,
1133003,2017/18,2018-03-06,Old Hararians,1,8.6,West Indies,United Arab Emirates,E Lewis,CH Gayle,Amir Hayat,4,0,,,,,,,,,
1133003,2017/18,2018-03-06,Old Hararians,1,9.1,West Indies,United Arab Emirates,CH Gayle,E Lewis,Rohan Mustafa,0,0,,,,,,,,,
1133003,2017/18,2018-03-06,Old Hararians,1,9.2,West Indies,United Arab Emirates,CH Gayle,E Lewis,Rohan Mustafa,0,0,,,,,,,,,
1133003,2017/18,2018-03-06,Old Hararians,1,9.3,West Indies,United Arab Emirates,CH Gayle,E Lewis,Rohan Mustafa,0,0,,,,,,,,,
1133003,2017/18,2018-03-06,Old Hararians,1,9.4,West Indies,United Arab Emirates,CH Gayle,E Lewis,Rohan Mustafa,0,0,,,,,,,,,
1133003,2017/18,2018-03-06,Old Hararians,1,9.5,West Indies,United Arab Emirates,CH Gayle,E Lewis,Rohan Mustafa,0,0,,,,,,,,,
1133003,2017/18,2018-03-06,Old Hararians,1,9.6,West Indies,United Arab Emirates,CH Gayle,E Lewis,Rohan Mustafa,1,0,,,,,,,,,
1133003,2017/18,2018-03-06,Old Hararians,1,10.1,West Indies,United Arab Emirates,CH Gayle,E Lewis,Amir Hayat,2,0,,,,,,,,,
1133003,2017/18,2018-03-06,Old Hararians,1,10.2,West Indies,United Arab Emirates,CH Gayle,E Lewis,Amir Hayat,1,0,,,,,,,,,
1133003,2017/18,2018-03-06,Old Hararians,1,10.3,West Indies,United Arab Emirates,E Lewis,CH Gayle,Amir Hayat,0,0,,,,,,,,,
1133003,2017/18,2018-03-06,Old Hararians,1,10.4,West Indies,United Arab Emirates,E Lewis,CH Gayle,Amir Hayat,0,1,1,,,,,,,,
1133003,2017/18,2018-03-06,Old Hararians,1,10.5,West Indies,United Arab Emirates,E Lewis,CH Gayle,Amir Hayat,1,0,,,,,,,,,
1133003,2017/18,2018-03-06,Old Hararians,1,10.6,West Indies,United Arab Emirates,CH Gayle,E Lewis,Amir Hayat,0,0,,,,,,,,,
1133003,2017/18,2018-03-06,Old Hararians,1,10.7,West Indies,United Arab Emirates,CH Gayle,E Lewis,Amir Hayat,0,0,,,,,,,,,
1133003,2017/18,2018-03-06,Old Hararians,1,11.1,West Indies,United Arab Emirates,E Lewis,CH Gayle,Rohan Mustafa,1,0,,,,,,,,,
1133003,2017/18,2018-03-06,Old Hararians,1,11.2,West Indies,United Arab Emirates,CH Gayle,E Lewis,Rohan Mustafa,0,0,,,,,,,,,
1133003,2017/18,2018-03-06,Old Hararians,1,11.3,West Indies,United Arab Emirates,CH Gayle,E Lewis,Rohan Mustafa,0,0,,,,,,,,,
1133003,2017/18,2018-03-06,Old Hararians,1,11.4,West Indies,United Arab Emirates,CH Gayle,E Lewis,Rohan Mustafa,1,0,,,,,,,,,
1133003,2017/18,2018-03-06,Old Hararians,1,11.5,West Indies,United Arab Emirates,E Lewis,CH Gayle,Rohan Mustafa,0,0,,,,,,,,,
1133003,2017/18,2018-03-06,Old Hararians,1,11.6,West Indies,United Arab Emirates,E Lewis,CH Gayle,Rohan Mustafa,0,0,,,,,,,,,
1133003,2017/18,2018-03-06,Old Hararians,1,12.1,West Indies,United Arab Emirates,CH Gayle,E Lewis,Imran Haider,0,0,,,,,,,,,
1133003,2017/18,2018-03-06,Old Hararians,1,12.2,West Indies,United Arab Emirates,CH Gayle,E Lewis,Imran Haider,0,0,,,,,,,,,
1133003,2017/18,2018-03-06,Old Hararians,1,12.3,West Indies,United Arab Emirates,CH Gayle,E Lewis,Imran Haider,6,0,,,,,,,,,
1133003,2017/18,2018-03-06,Old Hararians,1,12.4,West Indies,United Arab Emirates,CH Gayle,E Lewis,Imran Haider,1,0,,,,,,,,,
1133003,2017/18,2018-03-06,Old Hararians,1,12.5,West Indies,United Arab Emirates,E Lewis,CH Gayle,Imran Haider,2,0,,,,,,,,,
1133003,2017/18,2018-03-06,Old Hararians,1,12.6,West Indies,United Arab Emirates,E Lewis,CH Gayle,Imran Haider,0,1,1,,,,,,,,
1133003,2017/18,2018-03-06,Old Hararians,1,12.7,West Indies,United Arab Emirates,E Lewis,CH Gayle,Imran Haider,1,0,,,,,,,,,
1133003,2017/18,2018-03-06,Old Hararians,1,13.1,West Indies,United Arab Emirates,E Lewis,CH Gayle,Rohan Mustafa,0,0,,,,,,,,,
1133003,2017/18,2018-03-06,Old Hararians,1,13.2,West Indies,United Arab Emirates,E Lewis,CH Gayle,Rohan Mustafa,1,0,,,,,,,,,
1133003,2017/18,2018-03-06,Old Hararians,1,13.3,West Indies,United Arab Emirates,CH Gayle,E Lewis,Rohan Mustafa,1,0,,,,,,,,,
1133003,2017/18,2018-03-06,Old Hararians,1,13.4,West Indies,United Arab Emirates,E Lewis,CH Gayle,Rohan Mustafa,2,0,,,,,,,,,
1133003,2017/18,2018-03-06,Old Hararians,1,13.5,West Indies,United Arab Emirates,E Lewis,CH Gayle,Rohan Mustafa,0,0,,,,,,,,,
1133003,2017/18,2018-03-06,Old Hararians,1,13.6,West Indies,United Arab Emirates,E Lewis,CH Gayle,Rohan Mustafa,1,0,,,,,,,,,
1133003,2017/18,2018-03-06,Old Hararians,1,14.1,West Indies,United Arab Emirates,E Lewis,CH Gayle,Imran Haider,1,0,,,,,,,,,
1133003,2017/18,2018-03-06,Old Hararians,1,14.2,West Indies,United Arab Emirates,CH Gayle,E Lewis,Imran Haider,1,0,,,,,,,,,
1133003,2017/18,2018-03-06,Old Hararians,1,14.3,West Indies,United Arab Emirates,E Lewis,CH Gayle,Imran Haider,1,0,,,,,,,,,
1133003,2017/18,2018-03-06,Old Hararians,1,14.4,West Indies,United Arab Emirates,CH Gayle,E Lewis,Imran Haider,0,0,,,,,,,,,
1133003,2017/18,2018-03-06,Old Hararians,1,14.5,West Indies,United Arab Emirates,CH Gayle,E Lewis,Imran Haider,1,0,,,,,,,,,
1133003,2017/18,2018-03-06,Old Hararians,1,14.6,West Indies,United Arab Emirates,E Lewis,CH Gayle,Imran Haider,0,0,,,,,,,,,
1133003,2017/18,2018-03-06,Old Hararians,1,15.1,West Indies,United Arab Emirates,CH Gayle,E Lewis,Rohan Mustafa,0,0,,,,,,,,,
1133003,2017/18,2018-03-06,Old Hararians,1,15.2,West Indies,United Arab Emirates,CH Gayle,E Lewis,Rohan Mustafa,1,0,,,,,,,,,
1133003,2017/18,2018-03-06,Old Hararians,1,15.3,West Indies,United Arab Emirates,E Lewis,CH Gayle,Rohan Mustafa,0,0,,,,,,,,,
1133003,2017/18,2018-03-06,Old Hararians,1,15.4,West Indies,United Arab Emirates,E Lewis,CH Gayle,Rohan Mustafa,0,0,,,,,,,,,
1133003,2017/18,2018-03-06,Old Hararians,1,15.5,West Indies,United Arab Emirates,E Lewis,CH Gayle,Rohan Mustafa,1,0,,,,,,,,,
1133003,2017/18,2018-03-06,Old Hararians,1,15.6,West Indies,United Arab Emirates,CH Gayle,E Lewis,Rohan Mustafa,0,0,,,,,,,,,
1133003,2017/18,2018-03-06,Old Hararians,1,16.1,West Indies,United Arab Emirates,E Lewis,CH Gayle,Ahmed Raza,1,0,,,,,,,,,
1133003,2017/18,2018-03-06,Old Hararians,1,16.2,West Indies,United Arab Emirates,CH Gayle,E Lewis,Ahmed Raza,0,0,,,,,,,,,
1133003,2017/18,2018-03-06,Old Hararians,1,16.3,West Indies,United Arab Emirates,CH Gayle,E Lewis,Ahmed Raza,1,0,,,,,,,,,
1133003,2017/18,2018-03-06,Old Hararians,1,16.4,West Indies,United Arab Emirates,E Lewis,CH Gayle,Ahmed Raza,0,0,,,,,,,,,
1133003,2017/18,2018-03-06,Old Hararians,1,16.5,West Indies,United Arab Emirates,E Lewis,CH Gayle,Ahmed Raza,0,0,,,,,,lbw,E Lewis,,
1133003,2017/18,2018-03-06,Old Hararians,1,16.6,West Indies,United Arab Emirates,SO Hetmyer,CH Gayle,Ahmed Raza,1,0,,,,,,,,,
1133003,2017/18,2018-03-06,Old Hararians,1,17.1,West Indies,United Arab Emirates,SO Hetmyer,CH Gayle,Rohan Mustafa,0,0,,,,,,,,,
1133003,2017/18,2018-03-06,Old Hararians,1,17.2,West Indies,United Arab Emirates,SO Hetmyer,CH Gayle,Rohan Mustafa,0,0,,,,,,,,,
1133003,2017/18,2018-03-06,Old Hararians,1,17.3,West Indies,United Arab Emirates,SO Hetmyer,CH Gayle,Rohan Mustafa,4,0,,,,,,,,,
1133003,2017/18,2018-03-06,Old Hararians,1,17.4,West Indies,United Arab Emirates,SO Hetmyer,CH Gayle,Rohan Mustafa,4,0,,,,,,,,,
1133003,2017/18,2018-03-06,Old Hararians,1,17.5,West Indies,United Arab Emirates,SO Hetmyer,CH Gayle,Rohan Mustafa,0,0,,,,,,,,,
1133003,2017/18,2018-03-06,Old Hararians,1,17.6,West Indies,United Arab Emirates,SO Hetmyer,CH Gayle,Rohan Mustafa,1,0,,,,,,,,,
1133003,2017/18,2018-03-06,Old Hararians,1,18.1,West Indies,United Arab Emirates,SO Hetmyer,CH Gayle,Ahmed Raza,1,0,,,,,,,,,
1133003,2017/18,2018-03-06,Old Hararians,1,18.2,West Indies,United Arab Emirates,CH Gayle,SO Hetmyer,Ahmed Raza,2,0,,,,,,,,,
1133003,2017/18,2018-03-06,Old Hararians,1,18.3,West Indies,United Arab Emirates,CH Gayle,SO Hetmyer,Ahmed Raza,0,0,,,,,,,,,
1133003,2017/18,2018-03-06,Old Hararians,1,18.4,West Indies,United Arab Emirates,CH Gayle,SO Hetmyer,Ahmed Raza,4,0,,,,,,,,,
1133003,2017/18,2018-03-06,Old Hararians,1,18.5,West Indies,United Arab Emirates,CH Gayle,SO Hetmyer,Ahmed Raza,6,0,,,,,,,,,
1133003,2017/18,2018-03-06,Old Hararians,1,18.6,West Indies,United Arab Emirates,CH Gayle,SO Hetmyer,Ahmed Raza,0,0,,,,,,,,,
1133003,2017/18,2018-03-06,Old Hararians,1,19.1,West Indies,United Arab Emirates,SO Hetmyer,CH Gayle,Imran Haider,0,0,,,,,,,,,
1133003,2017/18,2018-03-06,Old Hararians,1,19.2,West Indies,United Arab Emirates,SO Hetmyer,CH Gayle,Imran Haider,1,0,,,,,,,,,
1133003,2017/18,2018-03-06,Old Hararians,1,19.3,West Indies,United Arab Emirates,CH Gayle,SO Hetmyer,Imran Haider,1,0,,,,,,,,,
1133003,2017/18,2018-03-06,Old Hararians,1,19.4,West Indies,United Arab Emirates,SO Hetmyer,CH Gayle,Imran Haider,1,0,,,,,,,,,
1133003,2017/18,2018-03-06,Old Hararians,1,19.5,West Indies,United Arab Emirates,CH Gayle,SO Hetmyer,Imran Haider,1,0,,,,,,,,,
1133003,2017/18,2018-03-06,Old Hararians,1,19.6,West Indies,United Arab Emirates,SO Hetmyer,CH Gayle,Imran Haider,0,0,,,,,,,,,
1133003,2017/18,2018-03-06,Old Hararians,1,20.1,West Indies,United Arab Emirates,CH Gayle,SO Hetmyer,Ahmed Raza,0,0,,,,,,,,,
1133003,2017/18,2018-03-06,Old Hararians,1,20.2,West Indies,United Arab Emirates,CH Gayle,SO Hetmyer,Ahmed Raza,6,0,,,,,,,,,
1133003,2017/18,2018-03-06,Old Hararians,1,20.3,West Indies,United Arab Emirates,CH Gayle,SO Hetmyer,Ahmed Raza,6,0,,,,,,,,,
1133003,2017/18,2018-03-06,Old Hararians,1,20.4,West Indies,United Arab Emirates,CH Gayle,SO Hetmyer,Ahmed Raza,0,0,,,,,,,,,
1133003,2017/18,2018-03-06,Old Hararians,1,20.5,West Indies,United Arab Emirates,CH Gayle,SO Hetmyer,Ahmed Raza,1,0,,,,,,,,,
1133003,2017/18,2018-03-06,Old Hararians,1,20.6,West Indies,United Arab Emirates,SO Hetmyer,CH Gayle,Ahmed Raza,1,0,,,,,,,,,
1133003,2017/18,2018-03-06,Old Hararians,1,21.1,West Indies,United Arab Emirates,SO Hetmyer,CH Gayle,Imran Haider,1,0,,,,,,,,,
1133003,2017/18,2018-03-06,Old Hararians,1,21.2,West Indies,United Arab Emirates,CH Gayle,SO Hetmyer,Imran Haider,2,0,,,,,,,,,
1133003,2017/18,2018-03-06,Old Hararians,1,21.3,West Indies,United Arab Emirates,CH Gayle,SO Hetmyer,Imran Haider,6,0,,,,,,,,,
1133003,2017/18,2018-03-06,Old Hararians,1,21.4,West Indies,United Arab Emirates,CH Gayle,SO Hetmyer,Imran Haider,6,0,,,,,,,,,
1133003,2017/18,2018-03-06,Old Hararians,1,21.5,West Indies,United Arab Emirates,CH Gayle,SO Hetmyer,Imran Haider,1,0,,,,,,,,,
1133003,2017/18,2018-03-06,Old Hararians,1,21.6,West Indies,United Arab Emirates,SO Hetmyer,CH Gayle,Imran Haider,0,0,,,,,,,,,
1133003,2017/18,2018-03-06,Old Hararians,1,22.1,West Indies,United Arab Emirates,CH Gayle,SO Hetmyer,Mohammad Naveed,1,0,,,,,,,,,
1133003,2017/18,2018-03-06,Old Hararians,1,22.2,West Indies,United Arab Emirates,SO Hetmyer,CH Gayle,Mohammad Naveed,1,0,,,,,,,,,
1133003,2017/18,2018-03-06,Old Hararians,1,22.3,West Indies,United Arab Emirates,CH Gayle,SO Hetmyer,Mohammad Naveed,0,0,,,,,,,,,
1133003,2017/18,2018-03-06,Old Hararians,1,22.4,West Indies,United Arab Emirates,CH Gayle,SO Hetmyer,Mohammad Naveed,0,0,,,,,,,,,
1133003,2017/18,2018-03-06,Old Hararians,1,22.5,West Indies,United Arab Emirates,CH Gayle,SO Hetmyer,Mohammad Naveed,0,0,,,,,,,,,
1133003,2017/18,2018-03-06,Old Hararians,1,22.6,West Indies,United Arab Emirates,CH Gayle,SO Hetmyer,Mohammad Naveed,0,0,,,,,,,,,
1133003,2017/18,2018-03-06,Old Hararians,1,23.1,West Indies,United Arab Emirates,SO Hetmyer,CH Gayle,Rohan Mustafa,1,0,,,,,,,,,
1133003,2017/18,2018-03-06,Old Hararians,1,23.2,West Indies,United Arab Emirates,CH Gayle,SO Hetmyer,Rohan Mustafa,0,0,,,,,,,,,
1133003,2017/18,2018-03-06,Old Hararians,1,23.3,West Indies,United Arab Emirates,CH Gayle,SO Hetmyer,Rohan Mustafa,0,0,,,,,,,,,
1133003,2017/18,2018-03-06,Old Hararians,1,23.4,West Indies,United Arab Emirates,CH Gayle,SO Hetmyer,Rohan Mustafa,0,0,,,,,,,,,
1133003,2017/18,2018-03-06,Old Hararians,1,23.5,West Indies,United Arab Emirates,CH Gayle,SO Hetmyer,Rohan Mustafa,4,0,,,,,,,,,
1133003,2017/18,2018-03-06,Old Hararians,1,23.6,West Indies,United Arab Emirates,CH Gayle,SO Hetmyer,Rohan Mustafa,1,0,,,,,,,,,
1133003,2017/18,2018-03-06,Old Hararians,1,24.1,West Indies,United Arab Emirates,CH Gayle,SO Hetmyer,Mohammad Naveed,0,0,,,,,,,,,
1133003,2017/18,2018-03-06,Old Hararians,1,24.2,West Indies,United Arab Emirates,CH Gayle,SO Hetmyer,Mohammad Naveed,1,0,,,,,,,,,
1133003,2017/18,2018-03-06,Old Hararians,1,24.3,West Indies,United Arab Emirates,SO Hetmyer,CH Gayle,Mohammad Naveed,0,0,,,,,,,,,
1133003,2017/18,2018-03-06,Old Hararians,1,24.4,West Indies,United Arab Emirates,SO Hetmyer,CH Gayle,Mohammad Naveed,1,0,,,,,,,,,
1133003,2017/18,2018-03-06,Old Hararians,1,24.5,West Indies,United Arab Emirates,CH Gayle,SO Hetmyer,Mohammad Naveed,0,0,,,,,,,,,
1133003,2017/18,2018-03-06,Old Hararians,1,24.6,West Indies,United Arab Emirates,CH Gayle,SO Hetmyer,Mohammad Naveed,1,0,,,,,,,,,
1133003,2017/18,2018-03-06,Old Hararians,1,25.1,West Indies,United Arab Emirates,CH Gayle,SO Hetmyer,Rohan Mustafa,6,0,,,,,,,,,
1133003,2017/18,2018-03-06,Old Hararians,1,25.2,West Indies,United Arab Emirates,CH Gayle,SO Hetmyer,Rohan Mustafa,6,0,,,,,,,,,
1133003,2017/18,2018-03-06,Old Hararians,1,25.3,West Indies,United Arab Emirates,CH Gayle,SO Hetmyer,Rohan Mustafa,6,0,,,,,,,,,
1133003,2017/18,2018-03-06,Old Hararians,1,25.4,West Indies,United Arab Emirates,CH Gayle,SO Hetmyer,Rohan Mustafa,1,0,,,,,,,,,
1133003,2017/18,2018-03-06,Old Hararians,1,25.5,West Indies,United Arab Emirates,SO Hetmyer,CH Gayle,Rohan Mustafa,0,0,,,,,,,,,
1133003,2017/18,2018-03-06,Old Hararians,1,25.6,West Indies,United Arab Emirates,SO Hetmyer,CH Gayle,Rohan Mustafa,0,0,,,,,,,,,
1133003,2017/18,2018-03-06,Old Hararians,1,26.1,West Indies,United Arab Emirates,CH Gayle,SO Hetmyer,Mohammad Naveed,1,0,,,,,,,,,
1133003,2017/18,2018-03-06,Old Hararians,1,26.2,West Indies,United Arab Emirates,SO Hetmyer,CH Gayle,Mohammad Naveed,0,0,,,,,,,,,
1133003,2017/18,2018-03-06,Old Hararians,1,26.3,West Indies,United Arab Emirates,SO Hetmyer,CH Gayle,Mohammad Naveed,0,0,,,,,,,,,
1133003,2017/18,2018-03-06,Old Hararians,1,26.4,West Indies,United Arab Emirates,SO Hetmyer,CH Gayle,Mohammad Naveed,4,0,,,,,,,,,
1133003,2017/18,2018-03-06,Old Hararians,1,26.5,West Indies,United Arab Emirates,SO Hetmyer,CH Gayle,Mohammad Naveed,1,0,,,,,,,,,
1133003,2017/18,2018-03-06,Old Hararians,1,26.6,West Indies,United Arab Emirates,CH Gayle,SO Hetmyer,Mohammad Naveed,0,0,,,,,,,,,
1133003,2017/18,2018-03-06,Old Hararians,1,27.1,West Indies,United Arab Emirates,SO Hetmyer,CH Gayle,Amir Hayat,1,0,,,,,,,,,
1133003,2017/18,2018-03-06,Old Hararians,1,27.2,West Indies,United Arab Emirates,CH Gayle,SO Hetmyer,Amir Hayat,0,0,,,,,,,,,
1133003,2017/18,2018-03-06,Old Hararians,1,27.3,West Indies,United Arab Emirates,CH Gayle,SO Hetmyer,Amir Hayat,1,0,,,,,,,,,
1133003,2017/18,2018-03-06,Old Hararians,1,27.4,West Indies,United Arab Emirates,SO Hetmyer,CH Gayle,Amir Hayat,4,0,,,,,,,,,
1133003,2017/18,2018-03-06,Old Hararians,1,27.5,West Indies,United Arab Emirates,SO Hetmyer,CH Gayle,Amir Hayat,4,0,,,,,,,,,
1133003,2017/18,2018-03-06,Old Hararians,1,27.6,West Indies,United Arab Emirates,SO Hetmyer,CH Gayle,Amir Hayat,0,0,,,,,,,,,
1133003,2017/18,2018-03-06,Old Hararians,1,28.1,West Indies,United Arab Emirates,CH Gayle,SO Hetmyer,Imran Haider,0,0,,,,,,caught,CH Gayle,,
1133003,2017/18,2018-03-06,Old Hararians,1,28.2,West Indies,United Arab Emirates,MN Samuels,SO Hetmyer,Imran Haider,1,0,,,,,,,,,
1133003,2017/18,2018-03-06,Old Hararians,1,28.3,West Indies,United Arab Emirates,SO Hetmyer,MN Samuels,Imran Haider,0,0,,,,,,,,,
1133003,2017/18,2018-03-06,Old Hararians,1,28.4,West Indies,United Arab Emirates,SO Hetmyer,MN Samuels,Imran Haider,1,0,,,,,,,,,
1133003,2017/18,2018-03-06,Old Hararians,1,28.5,West Indies,United Arab Emirates,MN Samuels,SO Hetmyer,Imran Haider,0,0,,,,,,,,,
1133003,2017/18,2018-03-06,Old Hararians,1,28.6,West Indies,United Arab Emirates,MN Samuels,SO Hetmyer,Imran Haider,0,0,,,,,,,,,
1133003,2017/18,2018-03-06,Old Hararians,1,29.1,West Indies,United Arab Emirates,SO Hetmyer,MN Samuels,Ahmed Raza,0,0,,,,,,,,,
1133003,2017/18,2018-03-06,Old Hararians,1,29.2,West Indies,United Arab Emirates,SO Hetmyer,MN Samuels,Ahmed Raza,6,0,,,,,,,,,
1133003,2017/18,2018-03-06,Old Hararians,1,29.3,West Indies,United Arab Emirates,SO Hetmyer,MN Samuels,Ahmed Raza,1,0,,,,,,,,,
1133003,2017/18,2018-03-06,Old Hararians,1,29.4,West Indies,United Arab Emirates,MN Samuels,SO Hetmyer,Ahmed Raza,1,0,,,,,,,,,
1133003,2017/18,2018-03-06,Old Hararians,1,29.5,West Indies,United Arab Emirates,SO Hetmyer,MN Samuels,Ahmed Raza,1,0,,,,,,,,,
1133003,2017/18,2018-03-06,Old Hararians,1,29.6,West Indies,United Arab Emirates,MN Samuels,SO Hetmyer,Ahmed Raza,1,0,,,,,,,,,
1133003,2017/18,2018-03-06,Old Hararians,1,30.1,West Indies,United Arab Emirates,MN Samuels,SO Hetmyer,Imran Haider,1,0,,,,,,,,,
1133003,2017/18,2018-03-06,Old Hararians,1,30.2,West Indies,United Arab Emirates,SO Hetmyer,MN Samuels,Imran Haider,1,0,,,,,,,,,
1133003,2017/18,2018-03-06,Old Hararians,1,30.3,West Indies,United Arab Emirates,MN Samuels,SO Hetmyer,Imran Haider,0,0,,,,,,,,,
1133003,2017/18,2018-03-06,Old Hararians,1,30.4,West Indies,United Arab Emirates,MN Samuels,SO Hetmyer,Imran Haider,0,0,,,,,,,,,
1133003,2017/18,2018-03-06,Old Hararians,1,30.5,West Indies,United Arab Emirates,MN Samuels,SO Hetmyer,Imran Haider,0,0,,,,,,,,,
1133003,2017/18,2018-03-06,Old Hararians,1,30.6,West Indies,United Arab Emirates,MN Samuels,SO Hetmyer,Imran Haider,0,0,,,,,,,,,
1133003,2017/18,2018-03-06,Old Hararians,1,31.1,West Indies,United Arab Emirates,SO Hetmyer,MN Samuels,Ahmed Raza,0,0,,,,,,,,,
1133003,2017/18,2018-03-06,Old Hararians,1,31.2,West Indies,United Arab Emirates,SO Hetmyer,MN Samuels,Ahmed Raza,1,0,,,,,,,,,
1133003,2017/18,2018-03-06,Old Hararians,1,31.3,West Indies,United Arab Emirates,MN Samuels,SO Hetmyer,Ahmed Raza,0,0,,,,,,,,,
1133003,2017/18,2018-03-06,Old Hararians,1,31.4,West Indies,United Arab Emirates,MN Samuels,SO Hetmyer,Ahmed Raza,0,0,,,,,,,,,
1133003,2017/18,2018-03-06,Old Hararians,1,31.5,West Indies,United Arab Emirates,MN Samuels,SO Hetmyer,Ahmed Raza,1,0,,,,,,,,,
1133003,2017/18,2018-03-06,Old Hararians,1,31.6,West Indies,United Arab Emirates,SO Hetmyer,MN Samuels,Ahmed Raza,0,0,,,,,,,,,
1133003,2017/18,2018-03-06,Old Hararians,1,32.1,West Indies,United Arab Emirates,MN Samuels,SO Hetmyer,Imran Haider,0,0,,,,,,,,,
1133003,2017/18,2018-03-06,Old Hararians,1,32.2,West Indies,United Arab Emirates,MN Samuels,SO Hetmyer,Imran Haider,0,0,,,,,,,,,
1133003,2017/18,2018-03-06,Old Hararians,1,32.3,West Indies,United Arab Emirates,MN Samuels,SO Hetmyer,Imran Haider,1,0,,,,,,,,,
1133003,2017/18,2018-03-06,Old Hararians,1,32.4,West Indies,United Arab Emirates,SO Hetmyer,MN Samuels,Imran Haider,1,0,,,,,,,,,
1133003,2017/18,2018-03-06,Old Hararians,1,32.5,West Indies,United Arab Emirates,MN Samuels,SO Hetmyer,Imran Haider,0,0,,,,,,,,,
1133003,2017/18,2018-03-06,Old Hararians,1,32.6,West Indies,United Arab Emirates,MN Samuels,SO Hetmyer,Imran Haider,0,0,,,,,,,,,
1133003,2017/18,2018-03-06,Old Hararians,1,33.1,West Indies,United Arab Emirates,SO Hetmyer,MN Samuels,Ahmed Raza,0,0,,,,,,,,,
1133003,2017/18,2018-03-06,Old Hararians,1,33.2,West Indies,United Arab Emirates,SO Hetmyer,MN Samuels,Ahmed Raza,4,0,,,,,,,,,
1133003,2017/18,2018-03-06,Old Hararians,1,33.3,West Indies,United Arab Emirates,SO Hetmyer,MN Samuels,Ahmed Raza,0,0,,,,,,,,,
1133003,2017/18,2018-03-06,Old Hararians,1,33.4,West Indies,United Arab Emirates,SO Hetmyer,MN Samuels,Ahmed Raza,4,0,,,,,,,,,
1133003,2017/18,2018-03-06,Old Hararians,1,33.5,West Indies,United Arab Emirates,SO Hetmyer,MN Samuels,Ahmed Raza,0,0,,,,,,,,,
1133003,2017/18,2018-03-06,Old Hararians,1,33.6,West Indies,United Arab Emirates,SO Hetmyer,MN Samuels,Ahmed Raza,3,0,,,,,,,,,
1133003,2017/18,2018-03-06,Old Hararians,1,34.1,West Indies,United Arab Emirates,SO Hetmyer,MN Samuels,Imran Haider,1,0,,,,,,,,,
1133003,2017/18,2018-03-06,Old Hararians,1,34.2,West Indies,United Arab Emirates,MN Samuels,SO Hetmyer,Imran Haider,1,0,,,,,,,,,
1133003,2017/18,2018-03-06,Old Hararians,1,34.3,West Indies,United Arab Emirates,SO Hetmyer,MN Samuels,Imran Haider,0,0,,,,,,,,,
1133003,2017/18,2018-03-06,Old Hararians,1,34.4,West Indies,United Arab Emirates,SO Hetmyer,MN Samuels,Imran Haider,1,0,,,,,,,,,
1133003,2017/18,2018-03-06,Old Hararians,1,34.5,West Indies,United Arab Emirates,MN Samuels,SO Hetmyer,Imran Haider,1,0,,,,,,,,,
1133003,2017/18,2018-03-06,Old Hararians,1,34.6,West Indies,United Arab Emirates,SO Hetmyer,MN Samuels,Imran Haider,1,0,,,,,,,,,
1133003,2017/18,2018-03-06,Old Hararians,1,35.1,West Indies,United Arab Emirates,SO Hetmyer,MN Samuels,Shaiman Anwar,0,0,,,,,,,,,
1133003,2017/18,2018-03-06,Old Hararians,1,35.2,West Indies,United Arab Emirates,SO Hetmyer,MN Samuels,Shaiman Anwar,0,0,,,,,,,,,
1133003,2017/18,2018-03-06,Old Hararians,1,35.3,West Indies,United Arab Emirates,SO Hetmyer,MN Samuels,Shaiman Anwar,1,0,,,,,,,,,
1133003,2017/18,2018-03-06,Old Hararians,1,35.4,West Indies,United Arab Emirates,MN Samuels,SO Hetmyer,Shaiman Anwar,0,0,,,,,,,,,
1133003,2017/18,2018-03-06,Old Hararians,1,35.5,West Indies,United Arab Emirates,MN Samuels,SO Hetmyer,Shaiman Anwar,0,0,,,,,,,,,
1133003,2017/18,2018-03-06,Old Hararians,1,35.6,West Indies,United Arab Emirates,MN Samuels,SO Hetmyer,Shaiman Anwar,1,0,,,,,,,,,
1133003,2017/18,2018-03-06,Old Hararians,1,36.1,West Indies,United Arab Emirates,MN Samuels,SO Hetmyer,Imran Haider,0,0,,,,,,,,,
1133003,2017/18,2018-03-06,Old Hararians,1,36.2,West Indies,United Arab Emirates,MN Samuels,SO Hetmyer,Imran Haider,4,0,,,,,,,,,
1133003,2017/18,2018-03-06,Old Hararians,1,36.3,West Indies,United Arab Emirates,MN Samuels,SO Hetmyer,Imran Haider,0,0,,,,,,,,,
1133003,2017/18,2018-03-06,Old Hararians,1,36.4,West Indies,United Arab Emirates,MN Samuels,SO Hetmyer,Imran Haider,0,0,,,,,,,,,
1133003,2017/18,2018-03-06,Old Hararians,1,36.5,West Indies,United Arab Emirates,MN Samuels,SO Hetmyer,Imran Haider,0,0,,,,,,,,,
1133003,2017/18,2018-03-06,Old Hararians,1,36.6,West Indies,United Arab Emirates,MN Samuels,SO Hetmyer,Imran Haider,0,0,,,,,,,,,
1133003,2017/18,2018-03-06,Old Hararians,1,37.1,West Indies,United Arab Emirates,SO Hetmyer,MN Samuels,Shaiman Anwar,6,0,,,,,,,,,
1133003,2017/18,2018-03-06,Old Hararians,1,37.2,West Indies,United Arab Emirates,SO Hetmyer,MN Samuels,Shaiman Anwar,4,0,,,,,,,,,
1133003,2017/18,2018-03-06,Old Hararians,1,37.3,West Indies,United Arab Emirates,SO Hetmyer,MN Samuels,Shaiman Anwar,1,0,,,,,,,,,
1133003,2017/18,2018-03-06,Old Hararians,1,37.4,West Indies,United Arab Emirates,MN Samuels,SO Hetmyer,Shaiman Anwar,0,0,,,,,,,,,
1133003,2017/18,2018-03-06,Old Hararians,1,37.5,West Indies,United Arab Emirates,MN Samuels,SO Hetmyer,Shaiman Anwar,1,0,,,,,,,,,
1133003,2017/18,2018-03-06,Old Hararians,1,37.6,West Indies,United Arab Emirates,SO Hetmyer,MN Samuels,Shaiman Anwar,6,0,,,,,,,,,
1133003,2017/18,2018-03-06,Old Hararians,1,38.1,West Indies,United Arab Emirates,MN Samuels,SO Hetmyer,Imran Haider,1,0,,,,,,,,,
1133003,2017/18,2018-03-06,Old Hararians,1,38.2,West Indies,United Arab Emirates,SO Hetmyer,MN Samuels,Imran Haider,4,0,,,,,,,,,
1133003,2017/18,2018-03-06,Old Hararians,1,38.3,West Indies,United Arab Emirates,SO Hetmyer,MN Samuels,Imran Haider,0,0,,,,,,,,,
1133003,2017/18,2018-03-06,Old Hararians,1,38.4,West Indies,United Arab Emirates,SO Hetmyer,MN Samuels,Imran Haider,6,0,,,,,,,,,
1133003,2017/18,2018-03-06,Old Hararians,1,38.5,West Indies,United Arab Emirates,SO Hetmyer,MN Samuels,Imran Haider,0,2,,,,2,,,,,
1133003,2017/18,2018-03-06,Old Hararians,1,38.6,West Indies,United Arab Emirates,SO Hetmyer,MN Samuels,Imran Haider,1,0,,,,,,,,,
1133003,2017/18,2018-03-06,Old Hararians,1,39.1,West Indies,United Arab Emirates,SO Hetmyer,MN Samuels,Rohan Mustafa,4,0,,,,,,,,,
1133003,2017/18,2018-03-06,Old Hararians,1,39.2,West Indies,United Arab Emirates,SO Hetmyer,MN Samuels,Rohan Mustafa,0,0,,,,,,,,,
1133003,2017/18,2018-03-06,Old Hararians,1,39.3,West Indies,United Arab Emirates,SO Hetmyer,MN Samuels,Rohan Mustafa,1,0,,,,,,,,,
1133003,2017/18,2018-03-06,Old Hararians,1,39.4,West Indies,United Arab Emirates,MN Samuels,SO Hetmyer,Rohan Mustafa,0,0,,,,,,,,,
1133003,2017/18,2018-03-06,Old Hararians,1,39.5,West Indies,United Arab Emirates,MN Samuels,SO Hetmyer,Rohan Mustafa,0,0,,,,,,caught,MN Samuels,,
1133003,2017/18,2018-03-06,Old Hararians,1,39.6,West Indies,United Arab Emirates,SD Hope,SO Hetmyer,Rohan Mustafa,0,0,,,,,,,,,
1133003,2017/18,2018-03-06,Old Hararians,1,40.1,West Indies,United Arab Emirates,SO Hetmyer,SD Hope,Ahmed Raza,0,0,,,,,,,,,
1133003,2017/18,2018-03-06,Old Hararians,1,40.2,West Indies,United Arab Emirates,SO Hetmyer,SD Hope,Ahmed Raza,0,0,,,,,,,,,
1133003,2017/18,2018-03-06,Old Hararians,1,40.3,West Indies,United Arab Emirates,SO Hetmyer,SD Hope,Ahmed Raza,0,1,1,,,,,,,,
1133003,2017/18,2018-03-06,Old Hararians,1,40.4,West Indies,United Arab Emirates,SO Hetmyer,SD Hope,Ahmed Raza,1,0,,,,,,,,,
1133003,2017/18,2018-03-06,Old Hararians,1,40.5,West Indies,United Arab Emirates,SD Hope,SO Hetmyer,Ahmed Raza,0,0,,,,,,,,,
1133003,2017/18,2018-03-06,Old Hararians,1,40.6,West Indies,United Arab Emirates,SD Hope,SO Hetmyer,Ahmed Raza,0,0,,,,,,,,,
1133003,2017/18,2018-03-06,Old Hararians,1,40.7,West Indies,United Arab Emirates,SD Hope,SO Hetmyer,Ahmed Raza,0,0,,,,,,,,,
1133003,2017/18,2018-03-06,Old Hararians,1,41.1,West Indies,United Arab Emirates,SO Hetmyer,SD Hope,Rohan Mustafa,2,0,,,,,,,,,
1133003,2017/18,2018-03-06,Old Hararians,1,41.2,West Indies,United Arab Emirates,SO Hetmyer,SD Hope,Rohan Mustafa,1,0,,,,,,,,,
1133003,2017/18,2018-03-06,Old Hararians,1,41.3,West Indies,United Arab Emirates,SD Hope,SO Hetmyer,Rohan Mustafa,2,0,,,,,,,,,
1133003,2017/18,2018-03-06,Old Hararians,1,41.4,West Indies,United Arab Emirates,SD Hope,SO Hetmyer,Rohan Mustafa,1,0,,,,,,,,,
1133003,2017/18,2018-03-06,Old Hararians,1,41.5,West Indies,United Arab Emirates,SO Hetmyer,SD Hope,Rohan Mustafa,2,0,,,,,,,,,
1133003,2017/18,2018-03-06,Old Hararians,1,41.6,West Indies,United Arab Emirates,SO Hetmyer,SD Hope,Rohan Mustafa,0,0,,,,,,,,,
1133003,2017/18,2018-03-06,Old Hararians,1,42.1,West Indies,United Arab Emirates,SD Hope,SO Hetmyer,Ahmed Raza,1,0,,,,,,,,,
1133003,2017/18,2018-03-06,Old Hararians,1,42.2,West Indies,United Arab Emirates,SO Hetmyer,SD Hope,Ahmed Raza,0,0,,,,,,,,,
1133003,2017/18,2018-03-06,Old Hararians,1,42.3,West Indies,United Arab Emirates,SO Hetmyer,SD Hope,Ahmed Raza,0,0,,,,,,,,,
1133003,2017/18,2018-03-06,Old Hararians,1,42.4,West Indies,United Arab Emirates,SO Hetmyer,SD Hope,Ahmed Raza,0,0,,,,,,,,,
1133003,2017/18,2018-03-06,Old Hararians,1,42.5,West Indies,United Arab Emirates,SO Hetmyer,SD Hope,Ahmed Raza,1,0,,,,,,,,,
1133003,2017/18,2018-03-06,Old Hararians,1,42.6,West Indies,United Arab Emirates,SD Hope,SO Hetmyer,Ahmed Raza,0,0,,,,,,,,,
1133003,2017/18,2018-03-06,Old Hararians,1,43.1,West Indies,United Arab Emirates,SO Hetmyer,SD Hope,Amir Hayat,0,0,,,,,,,,,
1133003,2017/18,2018-03-06,Old Hararians,1,43.2,West Indies,United Arab Emirates,SO Hetmyer,SD Hope,Amir Hayat,0,0,,,,,,,,,
1133003,2017/18,2018-03-06,Old Hararians,1,43.3,West Indies,United Arab Emirates,SO Hetmyer,SD Hope,Amir Hayat,2,0,,,,,,,,,
1133003,2017/18,2018-03-06,Old Hararians,1,43.4,West Indies,United Arab Emirates,SO Hetmyer,SD Hope,Amir Hayat,1,0,,,,,,,,,
1133003,2017/18,2018-03-06,Old Hararians,1,43.5,West Indies,United Arab Emirates,SD Hope,SO Hetmyer,Amir Hayat,1,0,,,,,,,,,
1133003,2017/18,2018-03-06,Old Hararians,1,43.6,West Indies,United Arab Emirates,SO Hetmyer,SD Hope,Amir Hayat,4,0,,,,,,,,,
1133003,2017/18,2018-03-06,Old Hararians,1,44.1,West Indies,United Arab Emirates,SD Hope,SO Hetmyer,Ahmed Raza,6,0,,,,,,,,,
1133003,2017/18,2018-03-06,Old Hararians,1,44.2,West Indies,United Arab Emirates,SD Hope,SO Hetmyer,Ahmed Raza,1,0,,,,,,,,,
1133003,2017/18,2018-03-06,Old Hararians,1,44.3,West Indies,United Arab Emirates,SO Hetmyer,SD Hope,Ahmed Raza,1,0,,,,,,,,,
1133003,2017/18,2018-03-06,Old Hararians,1,44.4,West Indies,United Arab Emirates,SD Hope,SO Hetmyer,Ahmed Raza,0,0,,,,,,,,,
1133003,2017/18,2018-03-06,Old Hararians,1,44.5,West Indies,United Arab Emirates,SD Hope,SO Hetmyer,Ahmed Raza,0,0,,,,,,,,,
1133003,2017/18,2018-03-06,Old Hararians,1,44.6,West Indies,United Arab Emirates,SD Hope,SO Hetmyer,Ahmed Raza,2,0,,,,,,,,,
1133003,2017/18,2018-03-06,Old Hararians,1,45.1,West Indies,United Arab Emirates,SO Hetmyer,SD Hope,Amir Hayat,2,0,,,,,,,,,
1133003,2017/18,2018-03-06,Old Hararians,1,45.2,West Indies,United Arab Emirates,SO Hetmyer,SD Hope,Amir Hayat,1,0,,,,,,,,,
1133003,2017/18,2018-03-06,Old Hararians,1,45.3,West Indies,United Arab Emirates,SD Hope,SO Hetmyer,Amir Hayat,0,1,,,1,,,,,,
1133003,2017/18,2018-03-06,Old Hararians,1,45.4,West Indies,United Arab Emirates,SO Hetmyer,SD Hope,Amir Hayat,1,0,,,,,,,,,
1133003,2017/18,2018-03-06,Old Hararians,1,45.5,West Indies,United Arab Emirates,SD Hope,SO Hetmyer,Amir Hayat,6,0,,,,,,,,,
1133003,2017/18,2018-03-06,Old Hararians,1,45.6,West Indies,United Arab Emirates,SD Hope,SO Hetmyer,Amir Hayat,6,0,,,,,,,,,
1133003,2017/18,2018-03-06,Old Hararians,1,46.1,West Indies,United Arab Emirates,SO Hetmyer,SD Hope,Mohammad Naveed,1,0,,,,,,,,,
1133003,2017/18,2018-03-06,Old Hararians,1,46.2,West Indies,United Arab Emirates,SD Hope,SO Hetmyer,Mohammad Naveed,0,1,,,,1,,,,,
1133003,2017/18,2018-03-06,Old Hararians,1,46.3,West Indies,United Arab Emirates,SO Hetmyer,SD Hope,Mohammad Naveed,4,0,,,,,,,,,
1133003,2017/18,2018-03-06,Old Hararians,1,46.4,West Indies,United Arab Emirates,SO Hetmyer,SD Hope,Mohammad Naveed,2,0,,,,,,,,,
1133003,2017/18,2018-03-06,Old Hararians,1,46.5,West Indies,United Arab Emirates,SO Hetmyer,SD Hope,Mohammad Naveed,0,0,,,,,,,,,
1133003,2017/18,2018-03-06,Old Hararians,1,46.6,West Indies,United Arab Emirates,SO Hetmyer,SD Hope,Mohammad Naveed,1,0,,,,,,,,,
1133003,2017/18,2018-03-06,Old Hararians,1,47.1,West Indies,United Arab Emirates,SO Hetmyer,SD Hope,Amir Hayat,4,0,,,,,,,,,
1133003,2017/18,2018-03-06,Old Hararians,1,47.2,West Indies,United Arab Emirates,SO Hetmyer,SD Hope,Amir Hayat,4,0,,,,,,,,,
1133003,2017/18,2018-03-06,Old Hararians,1,47.3,West Indies,United Arab Emirates,SO Hetmyer,SD Hope,Amir Hayat,0,1,1,,,,,,,,
1133003,2017/18,2018-03-06,Old Hararians,1,47.4,West Indies,United Arab Emirates,SO Hetmyer,SD Hope,Amir Hayat,0,0,,,,,,caught,SO Hetmyer,,
1133003,2017/18,2018-03-06,Old Hararians,1,47.5,West Indies,United Arab Emirates,JO Holder,SD Hope,Amir Hayat,1,0,,,,,,,,,
1133003,2017/18,2018-03-06,Old Hararians,1,47.6,West Indies,United Arab Emirates,SD Hope,JO Holder,Amir Hayat,4,0,,,,,,,,,
1133003,2017/18,2018-03-06,Old Hararians,1,47.7,West Indies,United Arab Emirates,SD Hope,JO Holder,Amir Hayat,0,1,,,,1,,,,,
1133003,2017/18,2018-03-06,Old Hararians,1,48.1,West Indies,United Arab Emirates,SD Hope,JO Holder,Mohammad Naveed,2,0,,,,,,,,,
1133003,2017/18,2018-03-06,Old Hararians,1,48.2,West Indies,United Arab Emirates,SD Hope,JO Holder,Mohammad Naveed,1,0,,,,,,,,,
1133003,2017/18,2018-03-06,Old Hararians,1,48.3,West Indies,United Arab Emirates,JO Holder,SD Hope,Mohammad Naveed,1,0,,,,,,,,,
1133003,2017/18,2018-03-06,Old Hararians,1,48.4,West Indies,United Arab Emirates,SD Hope,JO Holder,Mohammad Naveed,0,1,,,,1,,,,,
1133003,2017/18,2018-03-06,Old Hararians,1,48.5,West Indies,United Arab Emirates,JO Holder,SD Hope,Mohammad Naveed,1,0,,,,,,,,,
1133003,2017/18,2018-03-06,Old Hararians,1,48.6,West Indies,United Arab Emirates,SD Hope,JO Holder,Mohammad Naveed,0,1,,,,1,,,,,
1133003,2017/18,2018-03-06,Old Hararians,1,49.1,West Indies,United Arab Emirates,SD Hope,JO Holder,Amir Hayat,1,0,,,,,,,,,
1133003,2017/18,2018-03-06,Old Hararians,1,49.2,West Indies,United Arab Emirates,JO Holder,SD Hope,Amir Hayat,1,0,,,,,,,,,
1133003,2017/18,2018-03-06,Old Hararians,1,49.3,West Indies,United Arab Emirates,SD Hope,JO Holder,Amir Hayat,0,0,,,,,,,,,
1133003,2017/18,2018-03-06,Old Hararians,1,49.4,West Indies,United Arab Emirates,SD Hope,JO Holder,Amir Hayat,1,0,,,,,,,,,
1133003,2017/18,2018-03-06,Old Hararians,1,49.5,West Indies,United Arab Emirates,JO Holder,SD Hope,Amir Hayat,6,0,,,,,,retired hurt,SD Hope,,
1133003,2017/18,2018-03-06,Old Hararians,1,49.6,West Indies,United Arab Emirates,JO Holder,AR Nurse,Amir Hayat,2,0,,,,,,,,,
1133003,2017/18,2018-03-06,Old Hararians,2,0.1,United Arab Emirates,West Indies,Rohan Mustafa,Chirag Suri,SS Cottrell,1,0,,,,,,,,,
1133003,2017/18,2018-03-06,Old Hararians,2,0.2,United Arab Emirates,West Indies,Chirag Suri,Rohan Mustafa,SS Cottrell,0,0,,,,,,,,,
1133003,2017/18,2018-03-06,Old Hararians,2,0.3,United Arab Emirates,West Indies,Chirag Suri,Rohan Mustafa,SS Cottrell,0,0,,,,,,,,,
1133003,2017/18,2018-03-06,Old Hararians,2,0.4,United Arab Emirates,West Indies,Chirag Suri,Rohan Mustafa,SS Cottrell,0,0,,,,,,,,,
1133003,2017/18,2018-03-06,Old Hararians,2,0.5,United Arab Emirates,West Indies,Chirag Suri,Rohan Mustafa,SS Cottrell,0,0,,,,,,,,,
1133003,2017/18,2018-03-06,Old Hararians,2,0.6,United Arab Emirates,West Indies,Chirag Suri,Rohan Mustafa,SS Cottrell,0,0,,,,,,,,,
1133003,2017/18,2018-03-06,Old Hararians,2,1.1,United Arab Emirates,West Indies,Rohan Mustafa,Chirag Suri,KAJ Roach,0,0,,,,,,,,,
1133003,2017/18,2018-03-06,Old Hararians,2,1.2,United Arab Emirates,West Indies,Rohan Mustafa,Chirag Suri,KAJ Roach,0,0,,,,,,,,,
1133003,2017/18,2018-03-06,Old Hararians,2,1.3,United Arab Emirates,West Indies,Rohan Mustafa,Chirag Suri,KAJ Roach,0,4,,,4,,,,,,
1133003,2017/18,2018-03-06,Old Hararians,2,1.4,United Arab Emirates,West Indies,Rohan Mustafa,Chirag Suri,KAJ Roach,0,0,,,,,,,,,
1133003,2017/18,2018-03-06,Old Hararians,2,1.5,United Arab Emirates,West Indies,Rohan Mustafa,Chirag Suri,KAJ Roach,0,0,,,,,,,,,
1133003,2017/18,2018-03-06,Old Hararians,2,1.6,United Arab Emirates,West Indies,Rohan Mustafa,Chirag Suri,KAJ Roach,6,0,,,,,,,,,
1133003,2017/18,2018-03-06,Old Hararians,2,2.1,United Arab Emirates,West Indies,Chirag Suri,Rohan Mustafa,SS Cottrell,0,0,,,,,,,,,
1133003,2017/18,2018-03-06,Old Hararians,2,2.2,United Arab Emirates,West Indies,Chirag Suri,Rohan Mustafa,SS Cottrell,0,0,,,,,,,,,
1133003,2017/18,2018-03-06,Old Hararians,2,2.3,United Arab Emirates,West Indies,Chirag Suri,Rohan Mustafa,SS Cottrell,4,0,,,,,,,,,
1133003,2017/18,2018-03-06,Old Hararians,2,2.4,United Arab Emirates,West Indies,Chirag Suri,Rohan Mustafa,SS Cottrell,1,0,,,,,,,,,
1133003,2017/18,2018-03-06,Old Hararians,2,2.5,United Arab Emirates,West Indies,Rohan Mustafa,Chirag Suri,SS Cottrell,1,0,,,,,,,,,
1133003,2017/18,2018-03-06,Old Hararians,2,2.6,United Arab Emirates,West Indies,Chirag Suri,Rohan Mustafa,SS Cottrell,2,0,,,,,,,,,
1133003,2017/18,2018-03-06,Old Hararians,2,3.1,United Arab Emirates,West Indies,Rohan Mustafa,Chirag Suri,KAJ Roach,0,0,,,,,,caught,Rohan Mustafa,,
1133003,2017/18,2018-03-06,Old Hararians,2,3.2,United Arab Emirates,West Indies,Ghulam Shabber,Chirag Suri,KAJ Roach,0,0,,,,,,,,,
1133003,2017/18,2018-03-06,Old Hararians,2,3.3,United Arab Emirates,West Indies,Ghulam Shabber,Chirag Suri,KAJ Roach,0,0,,,,,,,,,
1133003,2017/18,2018-03-06,Old Hararians,2,3.4,United Arab Emirates,West Indies,Ghulam Shabber,Chirag Suri,KAJ Roach,1,0,,,,,,,,,
1133003,2017/18,2018-03-06,Old Hararians,2,3.5,United Arab Emirates,West Indies,Chirag Suri,Ghulam Shabber,KAJ Roach,0,0,,,,,,,,,
1133003,2017/18,2018-03-06,Old Hararians,2,3.6,United Arab Emirates,West Indies,Chirag Suri,Ghulam Shabber,KAJ Roach,0,0,,,,,,,,,
1133003,2017/18,2018-03-06,Old Hararians,2,4.1,United Arab Emirates,West Indies,Ghulam Shabber,Chirag Suri,SS Cottrell,0,1,,,,1,,,,,
1133003,2017/18,2018-03-06,Old Hararians,2,4.2,United Arab Emirates,West Indies,Chirag Suri,Ghulam Shabber,SS Cottrell,4,0,,,,,,,,,
1133003,2017/18,2018-03-06,Old Hararians,2,4.3,United Arab Emirates,West Indies,Chirag Suri,Ghulam Shabber,SS Cottrell,0,0,,,,,,,,,
1133003,2017/18,2018-03-06,Old Hararians,2,4.4,United Arab Emirates,West Indies,Chirag Suri,Ghulam Shabber,SS Cottrell,0,0,,,,,,,,,
1133003,2017/18,2018-03-06,Old Hararians,2,4.5,United Arab Emirates,West Indies,Chirag Suri,Ghulam Shabber,SS Cottrell,0,0,,,,,,,,,
1133003,2017/18,2018-03-06,Old Hararians,2,4.6,United Arab Emirates,West Indies,Chirag Suri,Ghulam Shabber,SS Cottrell,1,0,,,,,,,,,
1133003,2017/18,2018-03-06,Old Hararians,2,5.1,United Arab Emirates,West Indies,Chirag Suri,Ghulam Shabber,KAJ Roach,0,0,,,,,,,,,
1133003,2017/18,2018-03-06,Old Hararians,2,5.2,United Arab Emirates,West Indies,Chirag Suri,Ghulam Shabber,KAJ Roach,4,0,,,,,,,,,
1133003,2017/18,2018-03-06,Old Hararians,2,5.3,United Arab Emirates,West Indies,Chirag Suri,Ghulam Shabber,KAJ Roach,0,0,,,,,,,,,
1133003,2017/18,2018-03-06,Old Hararians,2,5.4,United Arab Emirates,West Indies,Chirag Suri,Ghulam Shabber,KAJ Roach,1,0,,,,,,,,,
1133003,2017/18,2018-03-06,Old Hararians,2,5.5,United Arab Emirates,West Indies,Ghulam Shabber,Chirag Suri,KAJ Roach,0,0,,,,,,,,,
1133003,2017/18,2018-03-06,Old Hararians,2,5.6,United Arab Emirates,West Indies,Ghulam Shabber,Chirag Suri,KAJ Roach,0,0,,,,,,,,,
1133003,2017/18,2018-03-06,Old Hararians,2,6.1,United Arab Emirates,West Indies,Chirag Suri,Ghulam Shabber,SS Cottrell,0,0,,,,,,,,,
1133003,2017/18,2018-03-06,Old Hararians,2,6.2,United Arab Emirates,West Indies,Chirag Suri,Ghulam Shabber,SS Cottrell,0,1,1,,,,,,,,
1133003,2017/18,2018-03-06,Old Hararians,2,6.3,United Arab Emirates,West Indies,Chirag Suri,Ghulam Shabber,SS Cottrell,0,0,,,,,,,,,
1133003,2017/18,2018-03-06,Old Hararians,2,6.4,United Arab Emirates,West Indies,Chirag Suri,Ghulam Shabber,SS Cottrell,0,1,1,,,,,,,,
1133003,2017/18,2018-03-06,Old Hararians,2,6.5,United Arab Emirates,West Indies,Chirag Suri,Ghulam Shabber,SS Cottrell,0,0,,,,,,,,,
1133003,2017/18,2018-03-06,Old Hararians,2,6.6,United Arab Emirates,West Indies,Chirag Suri,Ghulam Shabber,SS Cottrell,1,0,,,,,,,,,
1133003,2017/18,2018-03-06,Old Hararians,2,6.7,United Arab Emirates,West Indies,Ghulam Shabber,Chirag Suri,SS Cottrell,0,0,,,,,,,,,
1133003,2017/18,2018-03-06,Old Hararians,2,6.8,United Arab Emirates,West Indies,Ghulam Shabber,Chirag Suri,SS Cottrell,0,0,,,,,,,,,
1133003,2017/18,2018-03-06,Old Hararians,2,7.1,United Arab Emirates,West Indies,Chirag Suri,Ghulam Shabber,KAJ Roach,0,0,,,,,,,,,
1133003,2017/18,2018-03-06,Old Hararians,2,7.2,United Arab Emirates,West Indies,Chirag Suri,Ghulam Shabber,KAJ Roach,0,0,,,,,,,,,
1133003,2017/18,2018-03-06,Old Hararians,2,7.3,United Arab Emirates,West Indies,Chirag Suri,Ghulam Shabber,KAJ Roach,0,0,,,,,,,,,
1133003,2017/18,2018-03-06,Old Hararians,2,7.4,United Arab Emirates,West Indies,Chirag Suri,Ghulam Shabber,KAJ Roach,0,0,,,,,,,,,
1133003,2017/18,2018-03-06,Old Hararians,2,7.5,United Arab Emirates,West Indies,Chirag Suri,Ghulam Shabber,KAJ Roach,0,0,,,,,,,,,
1133003,2017/18,2018-03-06,Old Hararians,2,7.6,United Arab Emirates,West Indies,Chirag Suri,Ghulam Shabber,KAJ Roach,3,0,,,,,,,,,
1133003,2017/18,2018-03-06,Old Hararians,2,8.1,United Arab Emirates,West Indies,Chirag Suri,Ghulam Shabber,JO Holder,0,0,,,,,,,,,
1133003,2017/18,2018-03-06,Old Hararians,2,8.2,United Arab Emirates,West Indies,Chirag Suri,Ghulam Shabber,JO Holder,0,0,,,,,,,,,
1133003,2017/18,2018-03-06,Old Hararians,2,8.3,United Arab Emirates,West Indies,Chirag Suri,Ghulam Shabber,JO Holder,0,0,,,,,,,,,
1133003,2017/18,2018-03-06,Old Hararians,2,8.4,United Arab Emirates,West Indies,Chirag Suri,Ghulam Shabber,JO Holder,0,0,,,,,,,,,
1133003,2017/18,2018-03-06,Old Hararians,2,8.5,United Arab Emirates,West Indies,Chirag Suri,Ghulam Shabber,JO Holder,0,0,,,,,,,,,
1133003,2017/18,2018-03-06,Old Hararians,2,8.6,United Arab Emirates,West Indies,Chirag Suri,Ghulam Shabber,JO Holder,0,0,,,,,,,,,
1133003,2017/18,2018-03-06,Old Hararians,2,9.1,United Arab Emirates,West Indies,Ghulam Shabber,Chirag Suri,KAJ Roach,1,0,,,,,,,,,
1133003,2017/18,2018-03-06,Old Hararians,2,9.2,United Arab Emirates,West Indies,Chirag Suri,Ghulam Shabber,KAJ Roach,0,0,,,,,,,,,
1133003,2017/18,2018-03-06,Old Hararians,2,9.3,United Arab Emirates,West Indies,Chirag Suri,Ghulam Shabber,KAJ Roach,4,0,,,,,,,,,
1133003,2017/18,2018-03-06,Old Hararians,2,9.4,United Arab Emirates,West Indies,Chirag Suri,Ghulam Shabber,KAJ Roach,0,0,,,,,,,,,
1133003,2017/18,2018-03-06,Old Hararians,2,9.5,United Arab Emirates,West Indies,Chirag Suri,Ghulam Shabber,KAJ Roach,0,0,,,,,,,,,
1133003,2017/18,2018-03-06,Old Hararians,2,9.6,United Arab Emirates,West Indies,Chirag Suri,Ghulam Shabber,KAJ Roach,0,0,,,,,,,,,
1133003,2017/18,2018-03-06,Old Hararians,2,10.1,United Arab Emirates,West Indies,Ghulam Shabber,Chirag Suri,JO Holder,1,0,,,,,,,,,
1133003,2017/18,2018-03-06,Old Hararians,2,10.2,United Arab Emirates,West Indies,Chirag Suri,Ghulam Shabber,JO Holder,0,0,,,,,,,,,
1133003,2017/18,2018-03-06,Old Hararians,2,10.3,United Arab Emirates,West Indies,Chirag Suri,Ghulam Shabber,JO Holder,0,0,,,,,,,,,
1133003,2017/18,2018-03-06,Old Hararians,2,10.4,United Arab Emirates,West Indies,Chirag Suri,Ghulam Shabber,JO Holder,0,0,,,,,,,,,
1133003,2017/18,2018-03-06,Old Hararians,2,10.5,United Arab Emirates,West Indies,Chirag Suri,Ghulam Shabber,JO Holder,1,0,,,,,,,,,
1133003,2017/18,2018-03-06,Old Hararians,2,10.6,United Arab Emirates,West Indies,Ghulam Shabber,Chirag Suri,JO Holder,1,0,,,,,,,,,
1133003,2017/18,2018-03-06,Old Hararians,2,11.1,United Arab Emirates,West Indies,Ghulam Shabber,Chirag Suri,MN Samuels,0,0,,,,,,,,,
1133003,2017/18,2018-03-06,Old Hararians,2,11.2,United Arab Emirates,West Indies,Ghulam Shabber,Chirag Suri,MN Samuels,0,0,,,,,,,,,
1133003,2017/18,2018-03-06,Old Hararians,2,11.3,United Arab Emirates,West Indies,Ghulam Shabber,Chirag Suri,MN Samuels,0,0,,,,,,,,,
1133003,2017/18,2018-03-06,Old Hararians,2,11.4,United Arab Emirates,West Indies,Ghulam Shabber,Chirag Suri,MN Samuels,1,0,,,,,,,,,
1133003,2017/18,2018-03-06,Old Hararians,2,11.5,United Arab Emirates,West Indies,Chirag Suri,Ghulam Shabber,MN Samuels,0,0,,,,,,,,,
1133003,2017/18,2018-03-06,Old Hararians,2,11.6,United Arab Emirates,West Indies,Chirag Suri,Ghulam Shabber,MN Samuels,1,0,,,,,,,,,
1133003,2017/18,2018-03-06,Old Hararians,2,12.1,United Arab Emirates,West Indies,Chirag Suri,Ghulam Shabber,JO Holder,1,0,,,,,,,,,
1133003,2017/18,2018-03-06,Old Hararians,2,12.2,United Arab Emirates,West Indies,Ghulam Shabber,Chirag Suri,JO Holder,1,0,,,,,,,,,
1133003,2017/18,2018-03-06,Old Hararians,2,12.3,United Arab Emirates,West Indies,Chirag Suri,Ghulam Shabber,JO Holder,1,0,,,,,,,,,
1133003,2017/18,2018-03-06,Old Hararians,2,12.4,United Arab Emirates,West Indies,Ghulam Shabber,Chirag Suri,JO Holder,0,0,,,,,,caught and bowled,Ghulam Shabber,,
1133003,2017/18,2018-03-06,Old Hararians,2,12.5,United Arab Emirates,West Indies,Rameez Shahzad,Chirag Suri,JO Holder,0,0,,,,,,,,,
1133003,2017/18,2018-03-06,Old Hararians,2,12.6,United Arab Emirates,West Indies,Rameez Shahzad,Chirag Suri,JO Holder,1,0,,,,,,,,,
1133003,2017/18,2018-03-06,Old Hararians,2,13.1,United Arab Emirates,West Indies,Rameez Shahzad,Chirag Suri,MN Samuels,0,0,,,,,,,,,
1133003,2017/18,2018-03-06,Old Hararians,2,13.2,United Arab Emirates,West Indies,Rameez Shahzad,Chirag Suri,MN Samuels,1,0,,,,,,,,,
1133003,2017/18,2018-03-06,Old Hararians,2,13.3,United Arab Emirates,West Indies,Chirag Suri,Rameez Shahzad,MN Samuels,0,0,,,,,,,,,
1133003,2017/18,2018-03-06,Old Hararians,2,13.4,United Arab Emirates,West Indies,Chirag Suri,Rameez Shahzad,MN Samuels,1,0,,,,,,,,,
1133003,2017/18,2018-03-06,Old Hararians,2,13.5,United Arab Emirates,West Indies,Rameez Shahzad,Chirag Suri,MN Samuels,0,0,,,,,,,,,
1133003,2017/18,2018-03-06,Old Hararians,2,13.6,United Arab Emirates,West Indies,Rameez Shahzad,Chirag Suri,MN Samuels,0,0,,,,,,,,,
1133003,2017/18,2018-03-06,Old Hararians,2,14.1,United Arab Emirates,West Indies,Chirag Suri,Rameez Shahzad,JO Holder,0,0,,,,,,,,,
1133003,2017/18,2018-03-06,Old Hararians,2,14.2,United Arab Emirates,West Indies,Chirag Suri,Rameez Shahzad,JO Holder,1,0,,,,,,,,,
1133003,2017/18,2018-03-06,Old Hararians,2,14.3,United Arab Emirates,West Indies,Rameez Shahzad,Chirag Suri,JO Holder,1,0,,,,,,,,,
1133003,2017/18,2018-03-06,Old Hararians,2,14.4,United Arab Emirates,West Indies,Chirag Suri,Rameez Shahzad,JO Holder,0,1,1,,,,,,,,
1133003,2017/18,2018-03-06,Old Hararians,2,14.5,United Arab Emirates,West Indies,Chirag Suri,Rameez Shahzad,JO Holder,0,4,,,4,,,,,,
1133003,2017/18,2018-03-06,Old Hararians,2,14.6,United Arab Emirates,West Indies,Chirag Suri,Rameez Shahzad,JO Holder,0,1,1,,,,,,,,
1133003,2017/18,2018-03-06,Old Hararians,2,14.7,United Arab Emirates,West Indies,Chirag Suri,Rameez Shahzad,JO Holder,1,0,,,,,,,,,
1133003,2017/18,2018-03-06,Old Hararians,2,14.8,United Arab Emirates,West Indies,Rameez Shahzad,Chirag Suri,JO Holder,0,0,,,,,,,,,
1133003,2017/18,2018-03-06,Old Hararians,2,15.1,United Arab Emirates,West Indies,Chirag Suri,Rameez Shahzad,MN Samuels,2,0,,,,,,,,,
1133003,2017/18,2018-03-06,Old Hararians,2,15.2,United Arab Emirates,West Indies,Chirag Suri,Rameez Shahzad,MN Samuels,1,0,,,,,,,,,
1133003,2017/18,2018-03-06,Old Hararians,2,15.3,United Arab Emirates,West Indies,Rameez Shahzad,Chirag Suri,MN Samuels,0,0,,,,,,,,,
1133003,2017/18,2018-03-06,Old Hararians,2,15.4,United Arab Emirates,West Indies,Rameez Shahzad,Chirag Suri,MN Samuels,0,0,,,,,,,,,
1133003,2017/18,2018-03-06,Old Hararians,2,15.5,United Arab Emirates,West Indies,Rameez Shahzad,Chirag Suri,MN Samuels,1,0,,,,,,,,,
1133003,2017/18,2018-03-06,Old Hararians,2,15.6,United Arab Emirates,West Indies,Chirag Suri,Rameez Shahzad,MN Samuels,1,0,,,,,,,,,
1133003,2017/18,2018-03-06,Old Hararians,2,16.1,United Arab Emirates,West Indies,Chirag Suri,Rameez Shahzad,JO Holder,0,0,,,,,,,,,
1133003,2017/18,2018-03-06,Old Hararians,2,16.2,United Arab Emirates,West Indies,Chirag Suri,Rameez Shahzad,JO Holder,2,0,,,,,,,,,
1133003,2017/18,2018-03-06,Old Hararians,2,16.3,United Arab Emirates,West Indies,Chirag Suri,Rameez Shahzad,JO Holder,0,0,,,,,,caught,Chirag Suri,,
1133003,2017/18,2018-03-06,Old Hararians,2,16.4,United Arab Emirates,West Indies,Shaiman Anwar,Rameez Shahzad,JO Holder,0,0,,,,,,,,,
1133003,2017/18,2018-03-06,Old Hararians,2,16.5,United Arab Emirates,West Indies,Shaiman Anwar,Rameez Shahzad,JO Holder,1,0,,,,,,,,,
1133003,2017/18,2018-03-06,Old Hararians,2,16.6,United Arab Emirates,West Indies,Rameez Shahzad,Shaiman Anwar,JO Holder,0,0,,,,,,,,,
1133003,2017/18,2018-03-06,Old Hararians,2,17.1,United Arab Emirates,West Indies,Shaiman Anwar,Rameez Shahzad,MN Samuels,0,0,,,,,,,,,
1133003,2017/18,2018-03-06,Old Hararians,2,17.2,United Arab Emirates,West Indies,Shaiman Anwar,Rameez Shahzad,MN Samuels,1,0,,,,,,,,,
1133003,2017/18,2018-03-06,Old Hararians,2,17.3,United Arab Emirates,West Indies,Rameez Shahzad,Shaiman Anwar,MN Samuels,0,0,,,,,,,,,
1133003,2017/18,2018-03-06,Old Hararians,2,17.4,United Arab Emirates,West Indies,Rameez Shahzad,Shaiman Anwar,MN Samuels,1,0,,,,,,,,,
1133003,2017/18,2018-03-06,Old Hararians,2,17.5,United Arab Emirates,West Indies,Shaiman Anwar,Rameez Shahzad,MN Samuels,0,0,,,,,,,,,
1133003,2017/18,2018-03-06,Old Hararians,2,17.6,United Arab Emirates,West Indies,Shaiman Anwar,Rameez Shahzad,MN Samuels,0,0,,,,,,,,,
1133003,2017/18,2018-03-06,Old Hararians,2,18.1,United Arab Emirates,West Indies,Rameez Shahzad,Shaiman Anwar,SS Cottrell,0,0,,,,,,,,,
1133003,2017/18,2018-03-06,Old Hararians,2,18.2,United Arab Emirates,West Indies,Rameez Shahzad,Shaiman Anwar,SS Cottrell,0,0,,,,,,,,,
1133003,2017/18,2018-03-06,Old Hararians,2,18.3,United Arab Emirates,West Indies,Rameez Shahzad,Shaiman Anwar,SS Cottrell,4,0,,,,,,,,,
1133003,2017/18,2018-03-06,Old Hararians,2,18.4,United Arab Emirates,West Indies,Rameez Shahzad,Shaiman Anwar,SS Cottrell,0,0,,,,,,,,,
1133003,2017/18,2018-03-06,Old Hararians,2,18.5,United Arab Emirates,West Indies,Rameez Shahzad,Shaiman Anwar,SS Cottrell,0,1,1,,,,,,,,
1133003,2017/18,2018-03-06,Old Hararians,2,18.6,United Arab Emirates,West Indies,Rameez Shahzad,Shaiman Anwar,JN Mohammed,0,0,,,,,,,,,
1133003,2017/18,2018-03-06,Old Hararians,2,18.7,United Arab Emirates,West Indies,Rameez Shahzad,Shaiman Anwar,JN Mohammed,0,0,,,,,,,,,
1133003,2017/18,2018-03-06,Old Hararians,2,19.1,United Arab Emirates,West Indies,Shaiman Anwar,Rameez Shahzad,MN Samuels,1,0,,,,,,,,,
1133003,2017/18,2018-03-06,Old Hararians,2,19.2,United Arab Emirates,West Indies,Rameez Shahzad,Shaiman Anwar,MN Samuels,0,0,,,,,,,,,
1133003,2017/18,2018-03-06,Old Hararians,2,19.3,United Arab Emirates,West Indies,Rameez Shahzad,Shaiman Anwar,MN Samuels,1,0,,,,,,,,,
1133003,2017/18,2018-03-06,Old Hararians,2,19.4,United Arab Emirates,West Indies,Shaiman Anwar,Rameez Shahzad,MN Samuels,1,0,,,,,,,,,
1133003,2017/18,2018-03-06,Old Hararians,2,19.5,United Arab Emirates,West Indies,Rameez Shahzad,Shaiman Anwar,MN Samuels,2,0,,,,,,,,,
1133003,2017/18,2018-03-06,Old Hararians,2,19.6,United Arab Emirates,West Indies,Rameez Shahzad,Shaiman Anwar,MN Samuels,0,0,,,,,,,,,
1133003,2017/18,2018-03-06,Old Hararians,2,20.1,United Arab Emirates,West Indies,Shaiman Anwar,Rameez Shahzad,AR Nurse,4,0,,,,,,,,,
1133003,2017/18,2018-03-06,Old Hararians,2,20.2,United Arab Emirates,West Indies,Shaiman Anwar,Rameez Shahzad,AR Nurse,1,0,,,,,,,,,
1133003,2017/18,2018-03-06,Old Hararians,2,20.3,United Arab Emirates,West Indies,Rameez Shahzad,Shaiman Anwar,AR Nurse,1,0,,,,,,,,,
1133003,2017/18,2018-03-06,Old Hararians,2,20.4,United Arab Emirates,West Indies,Shaiman Anwar,Rameez Shahzad,AR Nurse,0,0,,,,,,,,,
1133003,2017/18,2018-03-06,Old Hararians,2,20.5,United Arab Emirates,West Indies,Shaiman Anwar,Rameez Shahzad,AR Nurse,0,0,,,,,,,,,
1133003,2017/18,2018-03-06,Old Hararians,2,20.6,United Arab Emirates,West Indies,Shaiman Anwar,Rameez Shahzad,AR Nurse,0,0,,,,,,,,,
1133003,2017/18,2018-03-06,Old Hararians,2,21.1,United Arab Emirates,West Indies,Rameez Shahzad,Shaiman Anwar,NO Miller,0,0,,,,,,,,,
1133003,2017/18,2018-03-06,Old Hararians,2,21.2,United Arab Emirates,West Indies,Rameez Shahzad,Shaiman Anwar,NO Miller,0,0,,,,,,,,,
1133003,2017/18,2018-03-06,Old Hararians,2,21.3,United Arab Emirates,West Indies,Rameez Shahzad,Shaiman Anwar,NO Miller,1,0,,,,,,,,,
1133003,2017/18,2018-03-06,Old Hararians,2,21.4,United Arab Emirates,West Indies,Shaiman Anwar,Rameez Shahzad,NO Miller,1,0,,,,,,,,,
1133003,2017/18,2018-03-06,Old Hararians,2,21.5,United Arab Emirates,West Indies,Rameez Shahzad,Shaiman Anwar,NO Miller,1,0,,,,,,,,,
1133003,2017/18,2018-03-06,Old Hararians,2,21.6,United Arab Emirates,West Indies,Shaiman Anwar,Rameez Shahzad,NO Miller,0,0,,,,,,,,,
1133003,2017/18,2018-03-06,Old Hararians,2,22.1,United Arab Emirates,West Indies,Rameez Shahzad,Shaiman Anwar,AR Nurse,0,0,,,,,,,,,
1133003,2017/18,2018-03-06,Old Hararians,2,22.2,United Arab Emirates,West Indies,Rameez Shahzad,Shaiman Anwar,AR Nurse,1,0,,,,,,,,,
1133003,2017/18,2018-03-06,Old Hararians,2,22.3,United Arab Emirates,West Indies,Shaiman Anwar,Rameez Shahzad,AR Nurse,1,0,,,,,,,,,
1133003,2017/18,2018-03-06,Old Hararians,2,22.4,United Arab Emirates,West Indies,Rameez Shahzad,Shaiman Anwar,AR Nurse,1,0,,,,,,,,,
1133003,2017/18,2018-03-06,Old Hararians,2,22.5,United Arab Emirates,West Indies,Shaiman Anwar,Rameez Shahzad,AR Nurse,1,0,,,,,,,,,
1133003,2017/18,2018-03-06,Old Hararians,2,22.6,United Arab Emirates,West Indies,Rameez Shahzad,Shaiman Anwar,AR Nurse,1,0,,,,,,,,,
1133003,2017/18,2018-03-06,Old Hararians,2,23.1,United Arab Emirates,West Indies,Rameez Shahzad,Shaiman Anwar,NO Miller,0,0,,,,,,,,,
1133003,2017/18,2018-03-06,Old Hararians,2,23.2,United Arab Emirates,West Indies,Rameez Shahzad,Shaiman Anwar,NO Miller,2,0,,,,,,,,,
1133003,2017/18,2018-03-06,Old Hararians,2,23.3,United Arab Emirates,West Indies,Rameez Shahzad,Shaiman Anwar,NO Miller,1,0,,,,,,,,,
1133003,2017/18,2018-03-06,Old Hararians,2,23.4,United Arab Emirates,West Indies,Shaiman Anwar,Rameez Shahzad,NO Miller,1,0,,,,,,,,,
1133003,2017/18,2018-03-06,Old Hararians,2,23.5,United Arab Emirates,West Indies,Rameez Shahzad,Shaiman Anwar,NO Miller,0,0,,,,,,,,,
1133003,2017/18,2018-03-06,Old Hararians,2,23.6,United Arab Emirates,West Indies,Rameez Shahzad,Shaiman Anwar,NO Miller,0,0,,,,,,,,,
1133003,2017/18,2018-03-06,Old Hararians,2,24.1,United Arab Emirates,West Indies,Shaiman Anwar,Rameez Shahzad,AR Nurse,2,0,,,,,,,,,
1133003,2017/18,2018-03-06,Old Hararians,2,24.2,United Arab Emirates,West Indies,Shaiman Anwar,Rameez Shahzad,AR Nurse,0,0,,,,,,,,,
1133003,2017/18,2018-03-06,Old Hararians,2,24.3,United Arab Emirates,West Indies,Shaiman Anwar,Rameez Shahzad,AR Nurse,1,0,,,,,,,,,
1133003,2017/18,2018-03-06,Old Hararians,2,24.4,United Arab Emirates,West Indies,Rameez Shahzad,Shaiman Anwar,AR Nurse,0,0,,,,,,,,,
1133003,2017/18,2018-03-06,Old Hararians,2,24.5,United Arab Emirates,West Indies,Rameez Shahzad,Shaiman Anwar,AR Nurse,1,0,,,,,,,,,
1133003,2017/18,2018-03-06,Old Hararians,2,24.6,United Arab Emirates,West Indies,Shaiman Anwar,Rameez Shahzad,AR Nurse,0,0,,,,,,,,,
1133003,2017/18,2018-03-06,Old Hararians,2,25.1,United Arab Emirates,West Indies,Rameez Shahzad,Shaiman Anwar,NO Miller,2,0,,,,,,,,,
1133003,2017/18,2018-03-06,Old Hararians,2,25.2,United Arab Emirates,West Indies,Rameez Shahzad,Shaiman Anwar,NO Miller,0,0,,,,,,,,,
1133003,2017/18,2018-03-06,Old Hararians,2,25.3,United Arab Emirates,West Indies,Rameez Shahzad,Shaiman Anwar,NO Miller,0,0,,,,,,,,,
1133003,2017/18,2018-03-06,Old Hararians,2,25.4,United Arab Emirates,West Indies,Rameez Shahzad,Shaiman Anwar,NO Miller,2,0,,,,,,,,,
1133003,2017/18,2018-03-06,Old Hararians,2,25.5,United Arab Emirates,West Indies,Rameez Shahzad,Shaiman Anwar,NO Miller,0,0,,,,,,,,,
1133003,2017/18,2018-03-06,Old Hararians,2,25.6,United Arab Emirates,West Indies,Rameez Shahzad,Shaiman Anwar,NO Miller,0,0,,,,,,,,,
1133003,2017/18,2018-03-06,Old Hararians,2,26.1,United Arab Emirates,West Indies,Shaiman Anwar,Rameez Shahzad,AR Nurse,0,0,,,,,,,,,
1133003,2017/18,2018-03-06,Old Hararians,2,26.2,United Arab Emirates,West Indies,Shaiman Anwar,Rameez Shahzad,AR Nurse,4,0,,,,,,,,,
1133003,2017/18,2018-03-06,Old Hararians,2,26.3,United Arab Emirates,West Indies,Shaiman Anwar,Rameez Shahzad,AR Nurse,0,0,,,,,,,,,
1133003,2017/18,2018-03-06,Old Hararians,2,26.4,United Arab Emirates,West Indies,Shaiman Anwar,Rameez Shahzad,AR Nurse,0,0,,,,,,,,,
1133003,2017/18,2018-03-06,Old Hararians,2,26.5,United Arab Emirates,West Indies,Shaiman Anwar,Rameez Shahzad,AR Nurse,1,0,,,,,,,,,
1133003,2017/18,2018-03-06,Old Hararians,2,26.6,United Arab Emirates,West Indies,Rameez Shahzad,Shaiman Anwar,AR Nurse,0,0,,,,,,,,,
1133003,2017/18,2018-03-06,Old Hararians,2,27.1,United Arab Emirates,West Indies,Shaiman Anwar,Rameez Shahzad,NO Miller,0,1,,,,1,,,,,
1133003,2017/18,2018-03-06,Old Hararians,2,27.2,United Arab Emirates,West Indies,Rameez Shahzad,Shaiman Anwar,NO Miller,1,0,,,,,,,,,
1133003,2017/18,2018-03-06,Old Hararians,2,27.3,United Arab Emirates,West Indies,Shaiman Anwar,Rameez Shahzad,NO Miller,0,0,,,,,,,,,
1133003,2017/18,2018-03-06,Old Hararians,2,27.4,United Arab Emirates,West Indies,Shaiman Anwar,Rameez Shahzad,NO Miller,0,0,,,,,,,,,
1133003,2017/18,2018-03-06,Old Hararians,2,27.5,United Arab Emirates,West Indies,Shaiman Anwar,Rameez Shahzad,NO Miller,0,3,,,3,,,,,,
1133003,2017/18,2018-03-06,Old Hararians,2,27.6,United Arab Emirates,West Indies,Rameez Shahzad,Shaiman Anwar,NO Miller,0,0,,,,,,,,,
1133003,2017/18,2018-03-06,Old Hararians,2,28.1,United Arab Emirates,West Indies,Shaiman Anwar,Rameez Shahzad,AR Nurse,4,0,,,,,,,,,
1133003,2017/18,2018-03-06,Old Hararians,2,28.2,United Arab Emirates,West Indies,Shaiman Anwar,Rameez Shahzad,AR Nurse,1,0,,,,,,,,,
1133003,2017/18,2018-03-06,Old Hararians,2,28.3,United Arab Emirates,West Indies,Rameez Shahzad,Shaiman Anwar,AR Nurse,0,0,,,,,,,,,
1133003,2017/18,2018-03-06,Old Hararians,2,28.4,United Arab Emirates,West Indies,Rameez Shahzad,Shaiman Anwar,AR Nurse,1,0,,,,,,,,,
1133003,2017/18,2018-03-06,Old Hararians,2,28.5,United Arab Emirates,West Indies,Shaiman Anwar,Rameez Shahzad,AR Nurse,1,0,,,,,,,,,
1133003,2017/18,2018-03-06,Old Hararians,2,28.6,United Arab Emirates,West Indies,Rameez Shahzad,Shaiman Anwar,AR Nurse,1,0,,,,,,,,,
1133003,2017/18,2018-03-06,Old Hararians,2,29.1,United Arab Emirates,West Indies,Rameez Shahzad,Shaiman Anwar,NO Miller,1,0,,,,,,,,,
1133003,2017/18,2018-03-06,Old Hararians,2,29.2,United Arab Emirates,West Indies,Shaiman Anwar,Rameez Shahzad,NO Miller,1,0,,,,,,,,,
1133003,2017/18,2018-03-06,Old Hararians,2,29.3,United Arab Emirates,West Indies,Rameez Shahzad,Shaiman Anwar,NO Miller,1,0,,,,,,,,,
1133003,2017/18,2018-03-06,Old Hararians,2,29.4,United Arab Emirates,West Indies,Shaiman Anwar,Rameez Shahzad,NO Miller,0,1,1,,,,,,,,
1133003,2017/18,2018-03-06,Old Hararians,2,29.5,United Arab Emirates,West Indies,Shaiman Anwar,Rameez Shahzad,NO Miller,1,0,,,,,,,,,
1133003,2017/18,2018-03-06,Old Hararians,2,29.6,United Arab Emirates,West Indies,Rameez Shahzad,Shaiman Anwar,NO Miller,6,0,,,,,,,,,
1133003,2017/18,2018-03-06,Old Hararians,2,29.7,United Arab Emirates,West Indies,Rameez Shahzad,Shaiman Anwar,NO Miller,0,0,,,,,,,,,
1133003,2017/18,2018-03-06,Old Hararians,2,30.1,United Arab Emirates,West Indies,Shaiman Anwar,Rameez Shahzad,AR Nurse,1,0,,,,,,,,,
1133003,2017/18,2018-03-06,Old Hararians,2,30.2,United Arab Emirates,West Indies,Rameez Shahzad,Shaiman Anwar,AR Nurse,1,0,,,,,,,,,
1133003,2017/18,2018-03-06,Old Hararians,2,30.3,United Arab Emirates,West Indies,Shaiman Anwar,Rameez Shahzad,AR Nurse,0,0,,,,,,,,,
1133003,2017/18,2018-03-06,Old Hararians,2,30.4,United Arab Emirates,West Indies,Shaiman Anwar,Rameez Shahzad,AR Nurse,0,0,,,,,,,,,
1133003,2017/18,2018-03-06,Old Hararians,2,30.5,United Arab Emirates,West Indies,Shaiman Anwar,Rameez Shahzad,AR Nurse,0,0,,,,,,,,,
1133003,2017/18,2018-03-06,Old Hararians,2,30.6,United Arab Emirates,West Indies,Shaiman Anwar,Rameez Shahzad,AR Nurse,1,0,,,,,,,,,
1133003,2017/18,2018-03-06,Old Hararians,2,31.1,United Arab Emirates,West Indies,Shaiman Anwar,Rameez Shahzad,NO Miller,0,0,,,,,,,,,
1133003,2017/18,2018-03-06,Old Hararians,2,31.2,United Arab Emirates,West Indies,Shaiman Anwar,Rameez Shahzad,NO Miller,0,0,,,,,,,,,
1133003,2017/18,2018-03-06,Old Hararians,2,31.3,United Arab Emirates,West Indies,Shaiman Anwar,Rameez Shahzad,NO Miller,0,0,,,,,,,,,
1133003,2017/18,2018-03-06,Old Hararians,2,31.4,United Arab Emirates,West Indies,Shaiman Anwar,Rameez Shahzad,NO Miller,1,0,,,,,,,,,
1133003,2017/18,2018-03-06,Old Hararians,2,31.5,United Arab Emirates,West Indies,Rameez Shahzad,Shaiman Anwar,NO Miller,0,0,,,,,,,,,
1133003,2017/18,2018-03-06,Old Hararians,2,31.6,United Arab Emirates,West Indies,Rameez Shahzad,Shaiman Anwar,NO Miller,1,0,,,,,,,,,
1133003,2017/18,2018-03-06,Old Hararians,2,32.1,United Arab Emirates,West Indies,Rameez Shahzad,Shaiman Anwar,AR Nurse,0,0,,,,,,,,,
1133003,2017/18,2018-03-06,Old Hararians,2,32.2,United Arab Emirates,West Indies,Rameez Shahzad,Shaiman Anwar,AR Nurse,1,0,,,,,,,,,
1133003,2017/18,2018-03-06,Old Hararians,2,32.3,United Arab Emirates,West Indies,Shaiman Anwar,Rameez Shahzad,AR Nurse,1,0,,,,,,,,,
1133003,2017/18,2018-03-06,Old Hararians,2,32.4,United Arab Emirates,West Indies,Rameez Shahzad,Shaiman Anwar,AR Nurse,1,0,,,,,,,,,
1133003,2017/18,2018-03-06,Old Hararians,2,32.5,United Arab Emirates,West Indies,Shaiman Anwar,Rameez Shahzad,AR Nurse,0,0,,,,,,,,,
1133003,2017/18,2018-03-06,Old Hararians,2,32.6,United Arab Emirates,West Indies,Shaiman Anwar,Rameez Shahzad,AR Nurse,1,0,,,,,,,,,
1133003,2017/18,2018-03-06,Old Hararians,2,33.1,United Arab Emirates,West Indies,Shaiman Anwar,Rameez Shahzad,NO Miller,6,0,,,,,,,,,
1133003,2017/18,2018-03-06,Old Hararians,2,33.2,United Arab Emirates,West Indies,Shaiman Anwar,Rameez Shahzad,NO Miller,1,0,,,,,,,,,
1133003,2017/18,2018-03-06,Old Hararians,2,33.3,United Arab Emirates,West Indies,Rameez Shahzad,Shaiman Anwar,NO Miller,1,0,,,,,,,,,
1133003,2017/18,2018-03-06,Old Hararians,2,33.4,United Arab Emirates,West Indies,Shaiman Anwar,Rameez Shahzad,NO Miller,0,0,,,,,,,,,
1133003,2017/18,2018-03-06,Old Hararians,2,33.5,United Arab Emirates,West Indies,Shaiman Anwar,Rameez Shahzad,NO Miller,0,0,,,,,,,,,
1133003,2017/18,2018-03-06,Old Hararians,2,33.6,United Arab Emirates,West Indies,Shaiman Anwar,Rameez Shahzad,NO Miller,4,0,,,,,,,,,
1133003,2017/18,2018-03-06,Old Hararians,2,34.1,United Arab Emirates,West Indies,Rameez Shahzad,Shaiman Anwar,AR Nurse,0,0,,,,,,,,,
1133003,2017/18,2018-03-06,Old Hararians,2,34.2,United Arab Emirates,West Indies,Rameez Shahzad,Shaiman Anwar,AR Nurse,0,0,,,,,,,,,
1133003,2017/18,2018-03-06,Old Hararians,2,34.3,United Arab Emirates,West Indies,Rameez Shahzad,Shaiman Anwar,AR Nurse,4,0,,,,,,,,,
1133003,2017/18,2018-03-06,Old Hararians,2,34.4,United Arab Emirates,West Indies,Rameez Shahzad,Shaiman Anwar,AR Nurse,4,0,,,,,,,,,
1133003,2017/18,2018-03-06,Old Hararians,2,34.5,United Arab Emirates,West Indies,Rameez Shahzad,Shaiman Anwar,AR Nurse,0,0,,,,,,,,,
1133003,2017/18,2018-03-06,Old Hararians,2,34.6,United Arab Emirates,West Indies,Rameez Shahzad,Shaiman Anwar,AR Nurse,1,0,,,,,,,,,
1133003,2017/18,2018-03-06,Old Hararians,2,35.1,United Arab Emirates,West Indies,Rameez Shahzad,Shaiman Anwar,KAJ Roach,1,0,,,,,,,,,
1133003,2017/18,2018-03-06,Old Hararians,2,35.2,United Arab Emirates,West Indies,Shaiman Anwar,Rameez Shahzad,KAJ Roach,1,0,,,,,,,,,
1133003,2017/18,2018-03-06,Old Hararians,2,35.3,United Arab Emirates,West Indies,Rameez Shahzad,Shaiman Anwar,KAJ Roach,1,0,,,,,,,,,
1133003,2017/18,2018-03-06,Old Hararians,2,35.4,United Arab Emirates,West Indies,Shaiman Anwar,Rameez Shahzad,KAJ Roach,4,0,,,,,,,,,
1133003,2017/18,2018-03-06,Old Hararians,2,35.5,United Arab Emirates,West Indies,Shaiman Anwar,Rameez Shahzad,KAJ Roach,1,0,,,,,,,,,
1133003,2017/18,2018-03-06,Old Hararians,2,35.6,United Arab Emirates,West Indies,Rameez Shahzad,Shaiman Anwar,KAJ Roach,1,0,,,,,,,,,
1133003,2017/18,2018-03-06,Old Hararians,2,36.1,United Arab Emirates,West Indies,Rameez Shahzad,Shaiman Anwar,AR Nurse,4,0,,,,,,,,,
1133003,2017/18,2018-03-06,Old Hararians,2,36.2,United Arab Emirates,West Indies,Rameez Shahzad,Shaiman Anwar,AR Nurse,0,0,,,,,,,,,
1133003,2017/18,2018-03-06,Old Hararians,2,36.3,United Arab Emirates,West Indies,Rameez Shahzad,Shaiman Anwar,AR Nurse,0,0,,,,,,,,,
1133003,2017/18,2018-03-06,Old Hararians,2,36.4,United Arab Emirates,West Indies,Rameez Shahzad,Shaiman Anwar,AR Nurse,6,0,,,,,,,,,
1133003,2017/18,2018-03-06,Old Hararians,2,36.5,United Arab Emirates,West Indies,Rameez Shahzad,Shaiman Anwar,AR Nurse,1,0,,,,,,,,,
1133003,2017/18,2018-03-06,Old Hararians,2,36.6,United Arab Emirates,West Indies,Shaiman Anwar,Rameez Shahzad,AR Nurse,6,0,,,,,,,,,
1133003,2017/18,2018-03-06,Old Hararians,2,37.1,United Arab Emirates,West Indies,Rameez Shahzad,Shaiman Anwar,KAJ Roach,4,0,,,,,,,,,
1133003,2017/18,2018-03-06,Old Hararians,2,37.2,United Arab Emirates,West Indies,Rameez Shahzad,Shaiman Anwar,KAJ Roach,6,0,,,,,,,,,
1133003,2017/18,2018-03-06,Old Hararians,2,37.3,United Arab Emirates,West Indies,Rameez Shahzad,Shaiman Anwar,KAJ Roach,1,0,,,,,,,,,
1133003,2017/18,2018-03-06,Old Hararians,2,37.4,United Arab Emirates,West Indies,Shaiman Anwar,Rameez Shahzad,KAJ Roach,0,0,,,,,,,,,
1133003,2017/18,2018-03-06,Old Hararians,2,37.5,United Arab Emirates,West Indies,Shaiman Anwar,Rameez Shahzad,KAJ Roach,1,0,,,,,,,,,
1133003,2017/18,2018-03-06,Old Hararians,2,37.6,United Arab Emirates,West Indies,Rameez Shahzad,Shaiman Anwar,KAJ Roach,2,0,,,,,,,,,
1133003,2017/18,2018-03-06,Old Hararians,2,38.1,United Arab Emirates,West Indies,Shaiman Anwar,Rameez Shahzad,JO Holder,6,0,,,,,,,,,
1133003,2017/18,2018-03-06,Old Hararians,2,38.2,United Arab Emirates,West Indies,Shaiman Anwar,Rameez Shahzad,JO Holder,0,0,,,,,,,,,
1133003,2017/18,2018-03-06,Old Hararians,2,38.3,United Arab Emirates,West Indies,Shaiman Anwar,Rameez Shahzad,JO Holder,0,0,,,,,,lbw,Shaiman Anwar,,
1133003,2017/18,2018-03-06,Old Hararians,2,38.4,United Arab Emirates,West Indies,Muhammad Usman,Rameez Shahzad,JO Holder,1,0,,,,,,,,,
1133003,2017/18,2018-03-06,Old Hararians,2,38.5,United Arab Emirates,West Indies,Rameez Shahzad,Muhammad Usman,JO Holder,1,0,,,,,,,,,
1133003,2017/18,2018-03-06,Old Hararians,2,38.6,United Arab Emirates,West Indies,Muhammad Usman,Rameez Shahzad,JO Holder,0,0,,,,,,caught,Muhammad Usman,,
1133003,2017/18,2018-03-06,Old Hararians,2,39.1,United Arab Emirates,West Indies,Rameez Shahzad,Adnan Mufti,NO Miller,1,0,,,,,,,,,
1133003,2017/18,2018-03-06,Old Hararians,2,39.2,United Arab Emirates,West Indies,Adnan Mufti,Rameez Shahzad,NO Miller,1,0,,,,,,,,,
1133003,2017/18,2018-03-06,Old Hararians,2,39.3,United Arab Emirates,West Indies,Rameez Shahzad,Adnan Mufti,NO Miller,0,0,,,,,,,,,
1133003,2017/18,2018-03-06,Old Hararians,2,39.4,United Arab Emirates,West Indies,Rameez Shahzad,Adnan Mufti,NO Miller,0,0,,,,,,,,,
1133003,2017/18,2018-03-06,Old Hararians,2,39.5,United Arab Emirates,West Indies,Rameez Shahzad,Adnan Mufti,NO Miller,1,0,,,,,,,,,
1133003,2017/18,2018-03-06,Old Hararians,2,39.6,United Arab Emirates,West Indies,Adnan Mufti,Rameez Shahzad,NO Miller,1,0,,,,,,,,,
1133003,2017/18,2018-03-06,Old Hararians,2,40.1,United Arab Emirates,West Indies,Adnan Mufti,Rameez Shahzad,JO Holder,1,0,,,,,,,,,
1133003,2017/18,2018-03-06,Old Hararians,2,40.2,United Arab Emirates,West Indies,Rameez Shahzad,Adnan Mufti,JO Holder,0,0,,,,,,,,,
1133003,2017/18,2018-03-06,Old Hararians,2,40.3,United Arab Emirates,West Indies,Rameez Shahzad,Adnan Mufti,JO Holder,1,0,,,,,,,,,
1133003,2017/18,2018-03-06,Old Hararians,2,40.4,United Arab Emirates,West Indies,Adnan Mufti,Rameez Shahzad,JO Holder,0,0,,,,,,,,,
1133003,2017/18,2018-03-06,Old Hararians,2,40.5,United Arab Emirates,West Indies,Adnan Mufti,Rameez Shahzad,JO Holder,1,0,,,,,,,,,
1133003,2017/18,2018-03-06,Old Hararians,2,40.6,United Arab Emirates,West Indies,Rameez Shahzad,Adnan Mufti,JO Holder,0,0,,,,,,,,,
1133003,2017/18,2018-03-06,Old Hararians,2,41.1,United Arab Emirates,West Indies,Adnan Mufti,Rameez Shahzad,NO Miller,2,0,,,,,,,,,
1133003,2017/18,2018-03-06,Old Hararians,2,41.2,United Arab Emirates,West Indies,Adnan Mufti,Rameez Shahzad,NO Miller,0,0,,,,,,,,,
1133003,2017/18,2018-03-06,Old Hararians,2,41.3,United Arab Emirates,West Indies,Adnan Mufti,Rameez Shahzad,NO Miller,0,0,,,,,,,,,
1133003,2017/18,2018-03-06,Old Hararians,2,41.4,United Arab Emirates,West Indies,Adnan Mufti,Rameez Shahzad,NO Miller,0,0,,,,,,,,,
1133003,2017/18,2018-03-06,Old Hararians,2,41.5,United Arab Emirates,West Indies,Adnan Mufti,Rameez Shahzad,NO Miller,6,0,,,,,,,,,
1133003,2017/18,2018-03-06,Old Hararians,2,41.6,United Arab Emirates,West Indies,Adnan Mufti,Rameez Shahzad,NO Miller,1,0,,,,,,,,,
1133003,2017/18,2018-03-06,Old Hararians,2,42.1,United Arab Emirates,West Indies,Adnan Mufti,Rameez Shahzad,JO Holder,2,0,,,,,,,,,
1133003,2017/18,2018-03-06,Old Hararians,2,42.2,United Arab Emirates,West Indies,Adnan Mufti,Rameez Shahzad,JO Holder,4,0,,,,,,,,,
1133003,2017/18,2018-03-06,Old Hararians,2,42.3,United Arab Emirates,West Indies,Adnan Mufti,Rameez Shahzad,JO Holder,0,0,,,,,,,,,
1133003,2017/18,2018-03-06,Old Hararians,2,42.4,United Arab Emirates,West Indies,Adnan Mufti,Rameez Shahzad,JO Holder,4,0,,,,,,,,,
1133003,2017/18,2018-03-06,Old Hararians,2,42.5,United Arab Emirates,West Indies,Adnan Mufti,Rameez Shahzad,JO Holder,1,0,,,,,,,,,
1133003,2017/18,2018-03-06,Old Hararians,2,42.6,United Arab Emirates,West Indies,Rameez Shahzad,Adnan Mufti,JO Holder,4,0,,,,,,,,,
1133003,2017/18,2018-03-06,Old Hararians,2,43.1,United Arab Emirates,West Indies,Adnan Mufti,Rameez Shahzad,KAJ Roach,2,0,,,,,,,,,
1133003,2017/18,2018-03-06,Old Hararians,2,43.2,United Arab Emirates,West Indies,Adnan Mufti,Rameez Shahzad,KAJ Roach,2,0,,,,,,,,,
1133003,2017/18,2018-03-06,Old Hararians,2,43.3,United Arab Emirates,West Indies,Adnan Mufti,Rameez Shahzad,KAJ Roach,0,0,,,,,,,,,
1133003,2017/18,2018-03-06,Old Hararians,2,43.4,United Arab Emirates,West Indies,Adnan Mufti,Rameez Shahzad,KAJ Roach,2,0,,,,,,,,,
1133003,2017/18,2018-03-06,Old Hararians,2,43.5,United Arab Emirates,West Indies,Adnan Mufti,Rameez Shahzad,KAJ Roach,1,0,,,,,,,,,
1133003,2017/18,2018-03-06,Old Hararians,2,43.6,United Arab Emirates,West Indies,Rameez Shahzad,Adnan Mufti,KAJ Roach,1,0,,,,,,,,,
1133003,2017/18,2018-03-06,Old Hararians,2,44.1,United Arab Emirates,West Indies,Rameez Shahzad,Adnan Mufti,MN Samuels,0,0,,,,,,,,,
1133003,2017/18,2018-03-06,Old Hararians,2,44.2,United Arab Emirates,West Indies,Rameez Shahzad,Adnan Mufti,MN Samuels,6,0,,,,,,,,,
1133003,2017/18,2018-03-06,Old Hararians,2,44.3,United Arab Emirates,West Indies,Rameez Shahzad,Adnan Mufti,MN Samuels,1,0,,,,,,,,,
1133003,2017/18,2018-03-06,Old Hararians,2,44.4,United Arab Emirates,West Indies,Adnan Mufti,Rameez Shahzad,MN Samuels,1,0,,,,,,,,,
1133003,2017/18,2018-03-06,Old Hararians,2,44.5,United Arab Emirates,West Indies,Rameez Shahzad,Adnan Mufti,MN Samuels,4,0,,,,,,,,,
1133003,2017/18,2018-03-06,Old Hararians,2,44.6,United Arab Emirates,West Indies,Rameez Shahzad,Adnan Mufti,MN Samuels,0,0,,,,,,,,,
1133003,2017/18,2018-03-06,Old Hararians,2,45.1,United Arab Emirates,West Indies,Adnan Mufti,Rameez Shahzad,NO Miller,4,0,,,,,,,,,
1133003,2017/18,2018-03-06,Old Hararians,2,45.2,United Arab Emirates,West Indies,Adnan Mufti,Rameez Shahzad,NO Miller,1,0,,,,,,,,,
1133003,2017/18,2018-03-06,Old Hararians,2,45.3,United Arab Emirates,West Indies,Rameez Shahzad,Adnan Mufti,NO Miller,1,0,,,,,,,,,
1133003,2017/18,2018-03-06,Old Hararians,2,45.4,United Arab Emirates,West Indies,Adnan Mufti,Rameez Shahzad,NO Miller,0,0,,,,,,,,,
1133003,2017/18,2018-03-06,Old Hararians,2,45.5,United Arab Emirates,West Indies,Adnan Mufti,Rameez Shahzad,NO Miller,2,0,,,,,,,,,
1133003,2017/18,2018-03-06,Old Hararians,2,45.6,United Arab Emirates,West Indies,Adnan Mufti,Rameez Shahzad,NO Miller,1,0,,,,,,,,,
1133003,2017/18,2018-03-06,Old Hararians,2,46.1,United Arab Emirates,West Indies,Adnan Mufti,Rameez Shahzad,JO Holder,0,1,1,,,,,,,,
1133003,2017/18,2018-03-06,Old Hararians,2,46.2,United Arab Emirates,West Indies,Adnan Mufti,Rameez Shahzad,JO Holder,1,0,,,,,,,,,
1133003,2017/18,2018-03-06,Old Hararians,2,46.3,United Arab Emirates,West Indies,Rameez Shahzad,Adnan Mufti,JO Holder,1,0,,,,,,,,,
1133003,2017/18,2018-03-06,Old Hararians,2,46.4,United Arab Emirates,West Indies,Adnan Mufti,Rameez Shahzad,JO Holder,0,0,,,,,,,,,
1133003,2017/18,2018-03-06,Old Hararians,2,46.5,United Arab Emirates,West Indies,Adnan Mufti,Rameez Shahzad,JO Holder,2,0,,,,,,,,,
1133003,2017/18,2018-03-06,Old Hararians,2,46.6,United Arab Emirates,West Indies,Adnan Mufti,Rameez Shahzad,JO Holder,0,1,1,,,,,,,,
1133003,2017/18,2018-03-06,Old Hararians,2,46.7,United Arab Emirates,West Indies,Adnan Mufti,Rameez Shahzad,JO Holder,0,0,,,,,,,,,
1133003,2017/18,2018-03-06,Old Hararians,2,46.8,United Arab Emirates,West Indies,Adnan Mufti,Rameez Shahzad,JO Holder,0,0,,,,,,,,,
1133003,2017/18,2018-03-06,Old Hararians,2,47.1,United Arab Emirates,West Indies,Rameez Shahzad,Adnan Mufti,KAJ Roach,0,0,,,,,,,,,
1133003,2017/18,2018-03-06,Old Hararians,2,47.2,United Arab Emirates,West Indies,Rameez Shahzad,Adnan Mufti,KAJ Roach,4,0,,,,,,,,,
1133003,2017/18,2018-03-06,Old Hararians,2,47.3,United Arab Emirates,West Indies,Rameez Shahzad,Adnan Mufti,KAJ Roach,1,0,,,,,,,,,
1133003,2017/18,2018-03-06,Old Hararians,2,47.4,United Arab Emirates,West Indies,Adnan Mufti,Rameez Shahzad,KAJ Roach,1,0,,,,,,,,,
1133003,2017/18,2018-03-06,Old Hararians,2,47.5,United Arab Emirates,West Indies,Rameez Shahzad,Adnan Mufti,KAJ Roach,0,0,,,,,,,,,
1133003,2017/18,2018-03-06,Old Hararians,2,47.6,United Arab Emirates,West Indies,Rameez Shahzad,Adnan Mufti,KAJ Roach,1,0,,,,,,,,,
1133003,2017/18,2018-03-06,Old Hararians,2,48.1,United Arab Emirates,West Indies,Rameez Shahzad,Adnan Mufti,JO Holder,1,0,,,,,,,,,
1133003,2017/18,2018-03-06,Old Hararians,2,48.2,United Arab Emirates,West Indies,Adnan Mufti,Rameez Shahzad,JO Holder,1,0,,,,,,,,,
1133003,2017/18,2018-03-06,Old Hararians,2,48.3,United Arab Emirates,West Indies,Rameez Shahzad,Adnan Mufti,JO Holder,4,0,,,,,,,,,
1133003,2017/18,2018-03-06,Old Hararians,2,48.4,United Arab Emirates,West Indies,Rameez Shahzad,Adnan Mufti,JO Holder,0,1,,,,1,,,,,
1133003,2017/18,2018-03-06,Old Hararians,2,48.5,United Arab Emirates,West Indies,Adnan Mufti,Rameez Shahzad,JO Holder,0,0,,,,,,,,,
1133003,2017/18,2018-03-06,Old Hararians,2,48.6,United Arab Emirates,West Indies,Adnan Mufti,Rameez Shahzad,JO Holder,0,0,,,,,,caught,Adnan Mufti,,
1133003,2017/18,2018-03-06,Old Hararians,2,49.1,United Arab Emirates,West Indies,Amir Hayat,Rameez Shahzad,KAJ Roach,0,0,,,,,,,,,
1133003,2017/18,2018-03-06,Old Hararians,2,49.2,United Arab Emirates,West Indies,Amir Hayat,Rameez Shahzad,KAJ Roach,0,0,,,,,,,,,
1133003,2017/18,2018-03-06,Old Hararians,2,49.3,United Arab Emirates,West Indies,Amir Hayat,Rameez Shahzad,KAJ Roach,0,0,,,,,,,,,
1133003,2017/18,2018-03-06,Old Hararians,2,49.4,United Arab Emirates,West Indies,Amir Hayat,Rameez Shahzad,KAJ Roach,1,0,,,,,,,,,
1133003,2017/18,2018-03-06,Old Hararians,2,49.5,United Arab Emirates,West Indies,Rameez Shahzad,Amir Hayat,KAJ Roach,1,0,,,,,,,,,
1133003,2017/18,2018-03-06,Old Hararians,2,49.6,United Arab Emirates,West Indies,Amir Hayat,Rameez Shahzad,KAJ Roach,0,0,,,,,,,,,
