match_id,season,start_date,venue,innings,ball,batting_team,bowling_team,striker,non_striker,bowler,runs_off_bat,extras,wides,noballs,byes,legbyes,penalty,wicket_type,player_dismissed,other_wicket_type,other_player_dismissed
1133007,2017/18,2018-03-08,Old Hararians,1,0.1,Papua New Guinea,West Indies,TP Ura,VV Morea,JO Holder,1,0,,,,,,,,,
1133007,2017/18,2018-03-08,Old Hararians,1,0.2,Papua New Guinea,West Indies,VV Morea,TP Ura,JO Holder,0,0,,,,,,,,,
1133007,2017/18,2018-03-08,Old Hararians,1,0.3,Papua New Guinea,West Indies,VV Morea,TP Ura,JO Holder,0,0,,,,,,run out,VV Morea,,
1133007,2017/18,2018-03-08,Old Hararians,1,0.4,Papua New Guinea,West Indies,TP Ura,A Vala,JO Holder,0,0,,,,,,,,,
1133007,2017/18,2018-03-08,Old Hararians,1,0.5,Papua New Guinea,West Indies,TP Ura,A Vala,JO Holder,3,0,,,,,,,,,
1133007,2017/18,2018-03-08,Old Hararians,1,0.6,Papua New Guinea,West Indies,A Vala,TP Ura,JO Holder,0,4,,,,4,,,,,
1133007,2017/18,2018-03-08,Old Hararians,1,1.1,Papua New Guinea,West Indies,TP Ura,A Vala,KOK Williams,0,0,,,,,,,,,
1133007,2017/18,2018-03-08,Old Hararians,1,1.2,Papua New Guinea,West Indies,TP Ura,A Vala,KOK Williams,0,0,,,,,,,,,
1133007,2017/18,2018-03-08,Old Hararians,1,1.3,Papua New Guinea,West Indies,TP Ura,A Vala,KOK Williams,0,0,,,,,,,,,
1133007,2017/18,2018-03-08,Old Hararians,1,1.4,Papua New Guinea,West Indies,TP Ura,A Vala,KOK Williams,1,0,,,,,,,,,
1133007,2017/18,2018-03-08,Old Hararians,1,1.5,Papua New Guinea,West Indies,A Vala,TP Ura,KOK Williams,0,0,,,,,,,,,
1133007,2017/18,2018-03-08,Old Hararians,1,1.6,Papua New Guinea,West Indies,A Vala,TP Ura,KOK Williams,0,0,,,,,,,,,
1133007,2017/18,2018-03-08,Old Hararians,1,2.1,Papua New Guinea,West Indies,TP Ura,A Vala,JO Holder,0,0,,,,,,,,,
1133007,2017/18,2018-03-08,Old Hararians,1,2.2,Papua New Guinea,West Indies,TP Ura,A Vala,JO Holder,2,0,,,,,,,,,
1133007,2017/18,2018-03-08,Old Hararians,1,2.3,Papua New Guinea,West Indies,TP Ura,A Vala,JO Holder,0,0,,,,,,,,,
1133007,2017/18,2018-03-08,Old Hararians,1,2.4,Papua New Guinea,West Indies,TP Ura,A Vala,JO Holder,1,0,,,,,,,,,
1133007,2017/18,2018-03-08,Old Hararians,1,2.5,Papua New Guinea,West Indies,A Vala,TP Ura,JO Holder,0,0,,,,,,,,,
1133007,2017/18,2018-03-08,Old Hararians,1,2.6,Papua New Guinea,West Indies,A Vala,TP Ura,JO Holder,0,0,,,,,,,,,
1133007,2017/18,2018-03-08,Old Hararians,1,3.1,Papua New Guinea,West Indies,TP Ura,A Vala,KOK Williams,0,0,,,,,,,,,
1133007,2017/18,2018-03-08,Old Hararians,1,3.2,Papua New Guinea,West Indies,TP Ura,A Vala,KOK Williams,4,0,,,,,,,,,
1133007,2017/18,2018-03-08,Old Hararians,1,3.3,Papua New Guinea,West Indies,TP Ura,A Vala,KOK Williams,0,0,,,,,,,,,
1133007,2017/18,2018-03-08,Old Hararians,1,3.4,Papua New Guinea,West Indies,TP Ura,A Vala,KOK Williams,0,0,,,,,,,,,
1133007,2017/18,2018-03-08,Old Hararians,1,3.5,Papua New Guinea,West Indies,TP Ura,A Vala,KOK Williams,0,0,,,,,,,,,
1133007,2017/18,2018-03-08,Old Hararians,1,3.6,Papua New Guinea,West Indies,TP Ura,A Vala,KOK Williams,0,0,,,,,,,,,
1133007,2017/18,2018-03-08,Old Hararians,1,4.1,Papua New Guinea,West Indies,A Vala,TP Ura,JO Holder,0,0,,,,,,,,,
1133007,2017/18,2018-03-08,Old Hararians,1,4.2,Papua New Guinea,West Indies,A Vala,TP Ura,JO Holder,0,0,,,,,,,,,
1133007,2017/18,2018-03-08,Old Hararians,1,4.3,Papua New Guinea,West Indies,A Vala,TP Ura,JO Holder,0,0,,,,,,,,,
1133007,2017/18,2018-03-08,Old Hararians,1,4.4,Papua New Guinea,West Indies,A Vala,TP Ura,JO Holder,0,0,,,,,,,,,
1133007,2017/18,2018-03-08,Old Hararians,1,4.5,Papua New Guinea,West Indies,A Vala,TP Ura,JO Holder,0,0,,,,,,,,,
1133007,2017/18,2018-03-08,Old Hararians,1,4.6,Papua New Guinea,West Indies,A Vala,TP Ura,JO Holder,1,0,,,,,,,,,
1133007,2017/18,2018-03-08,Old Hararians,1,5.1,Papua New Guinea,West Indies,A Vala,TP Ura,KOK Williams,2,0,,,,,,,,,
1133007,2017/18,2018-03-08,Old Hararians,1,5.2,Papua New Guinea,West Indies,A Vala,TP Ura,KOK Williams,0,0,,,,,,,,,
1133007,2017/18,2018-03-08,Old Hararians,1,5.3,Papua New Guinea,West Indies,A Vala,TP Ura,KOK Williams,1,0,,,,,,,,,
1133007,2017/18,2018-03-08,Old Hararians,1,5.4,Papua New Guinea,West Indies,TP Ura,A Vala,KOK Williams,2,0,,,,,,,,,
1133007,2017/18,2018-03-08,Old Hararians,1,5.5,Papua New Guinea,West Indies,TP Ura,A Vala,KOK Williams,1,0,,,,,,,,,
1133007,2017/18,2018-03-08,Old Hararians,1,5.6,Papua New Guinea,West Indies,A Vala,TP Ura,KOK Williams,0,0,,,,,,,,,
1133007,2017/18,2018-03-08,Old Hararians,1,6.1,Papua New Guinea,West Indies,TP Ura,A Vala,JO Holder,0,0,,,,,,,,,
1133007,2017/18,2018-03-08,Old Hararians,1,6.2,Papua New Guinea,West Indies,TP Ura,A Vala,JO Holder,4,0,,,,,,,,,
1133007,2017/18,2018-03-08,Old Hararians,1,6.3,Papua New Guinea,West Indies,TP Ura,A Vala,JO Holder,0,0,,,,,,,,,
1133007,2017/18,2018-03-08,Old Hararians,1,6.4,Papua New Guinea,West Indies,TP Ura,A Vala,JO Holder,0,0,,,,,,,,,
1133007,2017/18,2018-03-08,Old Hararians,1,6.5,Papua New Guinea,West Indies,TP Ura,A Vala,JO Holder,1,1,,1,,,,,,,
1133007,2017/18,2018-03-08,Old Hararians,1,6.6,Papua New Guinea,West Indies,A Vala,TP Ura,JO Holder,4,0,,,,,,,,,
1133007,2017/18,2018-03-08,Old Hararians,1,6.7,Papua New Guinea,West Indies,A Vala,TP Ura,JO Holder,0,0,,,,,,,,,
1133007,2017/18,2018-03-08,Old Hararians,1,7.1,Papua New Guinea,West Indies,TP Ura,A Vala,KOK Williams,0,0,,,,,,,,,
1133007,2017/18,2018-03-08,Old Hararians,1,7.2,Papua New Guinea,West Indies,TP Ura,A Vala,KOK Williams,0,0,,,,,,,,,
1133007,2017/18,2018-03-08,Old Hararians,1,7.3,Papua New Guinea,West Indies,TP Ura,A Vala,KOK Williams,0,1,,,,1,,,,,
1133007,2017/18,2018-03-08,Old Hararians,1,7.4,Papua New Guinea,West Indies,A Vala,TP Ura,KOK Williams,4,0,,,,,,,,,
1133007,2017/18,2018-03-08,Old Hararians,1,7.5,Papua New Guinea,West Indies,A Vala,TP Ura,KOK Williams,2,0,,,,,,,,,
1133007,2017/18,2018-03-08,Old Hararians,1,7.6,Papua New Guinea,West Indies,A Vala,TP Ura,KOK Williams,0,0,,,,,,,,,
1133007,2017/18,2018-03-08,Old Hararians,1,8.1,Papua New Guinea,West Indies,TP Ura,A Vala,AR Nurse,0,0,,,,,,,,,
1133007,2017/18,2018-03-08,Old Hararians,1,8.2,Papua New Guinea,West Indies,TP Ura,A Vala,AR Nurse,6,0,,,,,,,,,
1133007,2017/18,2018-03-08,Old Hararians,1,8.3,Papua New Guinea,West Indies,TP Ura,A Vala,AR Nurse,0,0,,,,,,,,,
1133007,2017/18,2018-03-08,Old Hararians,1,8.4,Papua New Guinea,West Indies,TP Ura,A Vala,AR Nurse,0,0,,,,,,,,,
1133007,2017/18,2018-03-08,Old Hararians,1,8.5,Papua New Guinea,West Indies,TP Ura,A Vala,AR Nurse,6,0,,,,,,,,,
1133007,2017/18,2018-03-08,Old Hararians,1,8.6,Papua New Guinea,West Indies,TP Ura,A Vala,AR Nurse,1,0,,,,,,,,,
1133007,2017/18,2018-03-08,Old Hararians,1,9.1,Papua New Guinea,West Indies,TP Ura,A Vala,KOK Williams,0,0,,,,,,,,,
1133007,2017/18,2018-03-08,Old Hararians,1,9.2,Papua New Guinea,West Indies,TP Ura,A Vala,KOK Williams,0,0,,,,,,,,,
1133007,2017/18,2018-03-08,Old Hararians,1,9.3,Papua New Guinea,West Indies,TP Ura,A Vala,KOK Williams,0,1,1,,,,,,,,
1133007,2017/18,2018-03-08,Old Hararians,1,9.4,Papua New Guinea,West Indies,TP Ura,A Vala,KOK Williams,1,0,,,,,,,,,
1133007,2017/18,2018-03-08,Old Hararians,1,9.5,Papua New Guinea,West Indies,A Vala,TP Ura,KOK Williams,0,0,,,,,,,,,
1133007,2017/18,2018-03-08,Old Hararians,1,9.6,Papua New Guinea,West Indies,A Vala,TP Ura,KOK Williams,0,0,,,,,,,,,
1133007,2017/18,2018-03-08,Old Hararians,1,9.7,Papua New Guinea,West Indies,A Vala,TP Ura,KOK Williams,0,1,1,,,,,,,,
1133007,2017/18,2018-03-08,Old Hararians,1,9.8,Papua New Guinea,West Indies,A Vala,TP Ura,KOK Williams,4,0,,,,,,,,,
1133007,2017/18,2018-03-08,Old Hararians,1,10.1,Papua New Guinea,West Indies,TP Ura,A Vala,CR Brathwaite,0,0,,,,,,,,,
1133007,2017/18,2018-03-08,Old Hararians,1,10.2,Papua New Guinea,West Indies,TP Ura,A Vala,CR Brathwaite,0,0,,,,,,,,,
1133007,2017/18,2018-03-08,Old Hararians,1,10.3,Papua New Guinea,West Indies,TP Ura,A Vala,CR Brathwaite,1,0,,,,,,,,,
1133007,2017/18,2018-03-08,Old Hararians,1,10.4,Papua New Guinea,West Indies,A Vala,TP Ura,CR Brathwaite,0,0,,,,,,,,,
1133007,2017/18,2018-03-08,Old Hararians,1,10.5,Papua New Guinea,West Indies,A Vala,TP Ura,CR Brathwaite,0,0,,,,,,,,,
1133007,2017/18,2018-03-08,Old Hararians,1,10.6,Papua New Guinea,West Indies,A Vala,TP Ura,CR Brathwaite,0,0,,,,,,,,,
1133007,2017/18,2018-03-08,Old Hararians,1,11.1,Papua New Guinea,West Indies,TP Ura,A Vala,AR Nurse,0,0,,,,,,,,,
1133007,2017/18,2018-03-08,Old Hararians,1,11.2,Papua New Guinea,West Indies,TP Ura,A Vala,AR Nurse,0,0,,,,,,,,,
1133007,2017/18,2018-03-08,Old Hararians,1,11.3,Papua New Guinea,West Indies,TP Ura,A Vala,AR Nurse,2,0,,,,,,,,,
1133007,2017/18,2018-03-08,Old Hararians,1,11.4,Papua New Guinea,West Indies,TP Ura,A Vala,AR Nurse,0,0,,,,,,,,,
1133007,2017/18,2018-03-08,Old Hararians,1,11.5,Papua New Guinea,West Indies,TP Ura,A Vala,AR Nurse,0,0,,,,,,,,,
1133007,2017/18,2018-03-08,Old Hararians,1,11.6,Papua New Guinea,West Indies,TP Ura,A Vala,AR Nurse,0,0,,,,,,caught,TP Ura,,
1133007,2017/18,2018-03-08,Old Hararians,1,12.1,Papua New Guinea,West Indies,L Siaka,A Vala,CR Brathwaite,0,0,,,,,,caught,L Siaka,,
1133007,2017/18,2018-03-08,Old Hararians,1,12.2,Papua New Guinea,West Indies,S Bau,A Vala,CR Brathwaite,0,0,,,,,,,,,
1133007,2017/18,2018-03-08,Old Hararians,1,12.3,Papua New Guinea,West Indies,S Bau,A Vala,CR Brathwaite,0,0,,,,,,,,,
1133007,2017/18,2018-03-08,Old Hararians,1,12.4,Papua New Guinea,West Indies,S Bau,A Vala,CR Brathwaite,0,0,,,,,,,,,
1133007,2017/18,2018-03-08,Old Hararians,1,12.5,Papua New Guinea,West Indies,S Bau,A Vala,CR Brathwaite,0,0,,,,,,,,,
1133007,2017/18,2018-03-08,Old Hararians,1,12.6,Papua New Guinea,West Indies,S Bau,A Vala,CR Brathwaite,0,0,,,,,,,,,
1133007,2017/18,2018-03-08,Old Hararians,1,13.1,Papua New Guinea,West Indies,A Vala,S Bau,AR Nurse,0,0,,,,,,,,,
1133007,2017/18,2018-03-08,Old Hararians,1,13.2,Papua New Guinea,West Indies,A Vala,S Bau,AR Nurse,2,0,,,,,,,,,
1133007,2017/18,2018-03-08,Old Hararians,1,13.3,Papua New Guinea,West Indies,A Vala,S Bau,AR Nurse,1,0,,,,,,,,,
1133007,2017/18,2018-03-08,Old Hararians,1,13.4,Papua New Guinea,West Indies,S Bau,A Vala,AR Nurse,0,0,,,,,,,,,
1133007,2017/18,2018-03-08,Old Hararians,1,13.5,Papua New Guinea,West Indies,S Bau,A Vala,AR Nurse,0,0,,,,,,,,,
1133007,2017/18,2018-03-08,Old Hararians,1,13.6,Papua New Guinea,West Indies,S Bau,A Vala,AR Nurse,0,0,,,,,,,,,
1133007,2017/18,2018-03-08,Old Hararians,1,14.1,Papua New Guinea,West Indies,A Vala,S Bau,CR Brathwaite,0,0,,,,,,,,,
1133007,2017/18,2018-03-08,Old Hararians,1,14.2,Papua New Guinea,West Indies,A Vala,S Bau,CR Brathwaite,3,0,,,,,,,,,
1133007,2017/18,2018-03-08,Old Hararians,1,14.3,Papua New Guinea,West Indies,S Bau,A Vala,CR Brathwaite,0,0,,,,,,,,,
1133007,2017/18,2018-03-08,Old Hararians,1,14.4,Papua New Guinea,West Indies,S Bau,A Vala,CR Brathwaite,0,0,,,,,,,,,
1133007,2017/18,2018-03-08,Old Hararians,1,14.5,Papua New Guinea,West Indies,S Bau,A Vala,CR Brathwaite,0,0,,,,,,,,,
1133007,2017/18,2018-03-08,Old Hararians,1,14.6,Papua New Guinea,West Indies,S Bau,A Vala,CR Brathwaite,0,1,1,,,,,,,,
1133007,2017/18,2018-03-08,Old Hararians,1,14.7,Papua New Guinea,West Indies,S Bau,A Vala,CR Brathwaite,0,0,,,,,,,,,
1133007,2017/18,2018-03-08,Old Hararians,1,15.1,Papua New Guinea,West Indies,A Vala,S Bau,AR Nurse,1,0,,,,,,,,,
1133007,2017/18,2018-03-08,Old Hararians,1,15.2,Papua New Guinea,West Indies,S Bau,A Vala,AR Nurse,0,0,,,,,,,,,
1133007,2017/18,2018-03-08,Old Hararians,1,15.3,Papua New Guinea,West Indies,S Bau,A Vala,AR Nurse,0,0,,,,,,,,,
1133007,2017/18,2018-03-08,Old Hararians,1,15.4,Papua New Guinea,West Indies,S Bau,A Vala,AR Nurse,0,0,,,,,,,,,
1133007,2017/18,2018-03-08,Old Hararians,1,15.5,Papua New Guinea,West Indies,S Bau,A Vala,AR Nurse,0,0,,,,,,,,,
1133007,2017/18,2018-03-08,Old Hararians,1,15.6,Papua New Guinea,West Indies,S Bau,A Vala,AR Nurse,1,0,,,,,,,,,
1133007,2017/18,2018-03-08,Old Hararians,1,16.1,Papua New Guinea,West Indies,S Bau,A Vala,CR Brathwaite,2,0,,,,,,,,,
1133007,2017/18,2018-03-08,Old Hararians,1,16.2,Papua New Guinea,West Indies,S Bau,A Vala,CR Brathwaite,0,0,,,,,,,,,
1133007,2017/18,2018-03-08,Old Hararians,1,16.3,Papua New Guinea,West Indies,S Bau,A Vala,CR Brathwaite,0,0,,,,,,,,,
1133007,2017/18,2018-03-08,Old Hararians,1,16.4,Papua New Guinea,West Indies,S Bau,A Vala,CR Brathwaite,2,0,,,,,,,,,
1133007,2017/18,2018-03-08,Old Hararians,1,16.5,Papua New Guinea,West Indies,S Bau,A Vala,CR Brathwaite,0,0,,,,,,,,,
1133007,2017/18,2018-03-08,Old Hararians,1,16.6,Papua New Guinea,West Indies,S Bau,A Vala,CR Brathwaite,0,0,,,,,,,,,
1133007,2017/18,2018-03-08,Old Hararians,1,17.1,Papua New Guinea,West Indies,A Vala,S Bau,AR Nurse,0,0,,,,,,,,,
1133007,2017/18,2018-03-08,Old Hararians,1,17.2,Papua New Guinea,West Indies,A Vala,S Bau,AR Nurse,0,0,,,,,,,,,
1133007,2017/18,2018-03-08,Old Hararians,1,17.3,Papua New Guinea,West Indies,A Vala,S Bau,AR Nurse,0,0,,,,,,,,,
1133007,2017/18,2018-03-08,Old Hararians,1,17.4,Papua New Guinea,West Indies,A Vala,S Bau,AR Nurse,1,0,,,,,,,,,
1133007,2017/18,2018-03-08,Old Hararians,1,17.5,Papua New Guinea,West Indies,S Bau,A Vala,AR Nurse,0,0,,,,,,,,,
1133007,2017/18,2018-03-08,Old Hararians,1,17.6,Papua New Guinea,West Indies,S Bau,A Vala,AR Nurse,4,0,,,,,,,,,
1133007,2017/18,2018-03-08,Old Hararians,1,18.1,Papua New Guinea,West Indies,A Vala,S Bau,CR Brathwaite,0,0,,,,,,,,,
1133007,2017/18,2018-03-08,Old Hararians,1,18.2,Papua New Guinea,West Indies,A Vala,S Bau,CR Brathwaite,0,0,,,,,,,,,
1133007,2017/18,2018-03-08,Old Hararians,1,18.3,Papua New Guinea,West Indies,A Vala,S Bau,CR Brathwaite,1,0,,,,,,,,,
1133007,2017/18,2018-03-08,Old Hararians,1,18.4,Papua New Guinea,West Indies,S Bau,A Vala,CR Brathwaite,0,0,,,,,,,,,
1133007,2017/18,2018-03-08,Old Hararians,1,18.5,Papua New Guinea,West Indies,S Bau,A Vala,CR Brathwaite,0,0,,,,,,,,,
1133007,2017/18,2018-03-08,Old Hararians,1,18.6,Papua New Guinea,West Indies,S Bau,A Vala,CR Brathwaite,0,0,,,,,,bowled,S Bau,,
1133007,2017/18,2018-03-08,Old Hararians,1,19.1,Papua New Guinea,West Indies,A Vala,MD Dai,AR Nurse,1,0,,,,,,,,,
1133007,2017/18,2018-03-08,Old Hararians,1,19.2,Papua New Guinea,West Indies,MD Dai,A Vala,AR Nurse,0,0,,,,,,,,,
1133007,2017/18,2018-03-08,Old Hararians,1,19.3,Papua New Guinea,West Indies,MD Dai,A Vala,AR Nurse,0,0,,,,,,,,,
1133007,2017/18,2018-03-08,Old Hararians,1,19.4,Papua New Guinea,West Indies,MD Dai,A Vala,AR Nurse,1,0,,,,,,,,,
1133007,2017/18,2018-03-08,Old Hararians,1,19.5,Papua New Guinea,West Indies,A Vala,MD Dai,AR Nurse,4,0,,,,,,,,,
1133007,2017/18,2018-03-08,Old Hararians,1,19.6,Papua New Guinea,West Indies,A Vala,MD Dai,AR Nurse,0,1,,,,1,,,,,
1133007,2017/18,2018-03-08,Old Hararians,1,20.1,Papua New Guinea,West Indies,A Vala,MD Dai,CR Brathwaite,0,0,,,,,,,,,
1133007,2017/18,2018-03-08,Old Hararians,1,20.2,Papua New Guinea,West Indies,A Vala,MD Dai,CR Brathwaite,0,0,,,,,,,,,
1133007,2017/18,2018-03-08,Old Hararians,1,20.3,Papua New Guinea,West Indies,A Vala,MD Dai,CR Brathwaite,0,1,,,,1,,,,,
1133007,2017/18,2018-03-08,Old Hararians,1,20.4,Papua New Guinea,West Indies,MD Dai,A Vala,CR Brathwaite,1,0,,,,,,,,,
1133007,2017/18,2018-03-08,Old Hararians,1,20.5,Papua New Guinea,West Indies,A Vala,MD Dai,CR Brathwaite,0,0,,,,,,,,,
1133007,2017/18,2018-03-08,Old Hararians,1,20.6,Papua New Guinea,West Indies,A Vala,MD Dai,CR Brathwaite,0,0,,,,,,,,,
1133007,2017/18,2018-03-08,Old Hararians,1,21.1,Papua New Guinea,West Indies,MD Dai,A Vala,MN Samuels,0,0,,,,,,,,,
1133007,2017/18,2018-03-08,Old Hararians,1,21.2,Papua New Guinea,West Indies,MD Dai,A Vala,MN Samuels,1,0,,,,,,,,,
1133007,2017/18,2018-03-08,Old Hararians,1,21.3,Papua New Guinea,West Indies,A Vala,MD Dai,MN Samuels,0,0,,,,,,,,,
1133007,2017/18,2018-03-08,Old Hararians,1,21.4,Papua New Guinea,West Indies,A Vala,MD Dai,MN Samuels,0,0,,,,,,,,,
1133007,2017/18,2018-03-08,Old Hararians,1,21.5,Papua New Guinea,West Indies,A Vala,MD Dai,MN Samuels,0,0,,,,,,,,,
1133007,2017/18,2018-03-08,Old Hararians,1,21.6,Papua New Guinea,West Indies,A Vala,MD Dai,MN Samuels,0,0,,,,,,,,,
1133007,2017/18,2018-03-08,Old Hararians,1,22.1,Papua New Guinea,West Indies,MD Dai,A Vala,JO Holder,0,0,,,,,,,,,
1133007,2017/18,2018-03-08,Old Hararians,1,22.2,Papua New Guinea,West Indies,MD Dai,A Vala,JO Holder,0,0,,,,,,,,,
1133007,2017/18,2018-03-08,Old Hararians,1,22.3,Papua New Guinea,West Indies,MD Dai,A Vala,JO Holder,1,0,,,,,,,,,
1133007,2017/18,2018-03-08,Old Hararians,1,22.4,Papua New Guinea,West Indies,A Vala,MD Dai,JO Holder,0,0,,,,,,,,,
1133007,2017/18,2018-03-08,Old Hararians,1,22.5,Papua New Guinea,West Indies,A Vala,MD Dai,JO Holder,4,0,,,,,,,,,
1133007,2017/18,2018-03-08,Old Hararians,1,22.6,Papua New Guinea,West Indies,A Vala,MD Dai,JO Holder,0,0,,,,,,,,,
1133007,2017/18,2018-03-08,Old Hararians,1,23.1,Papua New Guinea,West Indies,MD Dai,A Vala,MN Samuels,1,0,,,,,,,,,
1133007,2017/18,2018-03-08,Old Hararians,1,23.2,Papua New Guinea,West Indies,A Vala,MD Dai,MN Samuels,1,0,,,,,,,,,
1133007,2017/18,2018-03-08,Old Hararians,1,23.3,Papua New Guinea,West Indies,MD Dai,A Vala,MN Samuels,1,0,,,,,,,,,
1133007,2017/18,2018-03-08,Old Hararians,1,23.4,Papua New Guinea,West Indies,A Vala,MD Dai,MN Samuels,0,0,,,,,,,,,
1133007,2017/18,2018-03-08,Old Hararians,1,23.5,Papua New Guinea,West Indies,A Vala,MD Dai,MN Samuels,0,0,,,,,,,,,
1133007,2017/18,2018-03-08,Old Hararians,1,23.6,Papua New Guinea,West Indies,A Vala,MD Dai,MN Samuels,0,0,,,,,,,,,
1133007,2017/18,2018-03-08,Old Hararians,1,24.1,Papua New Guinea,West Indies,MD Dai,A Vala,JO Holder,0,0,,,,,,,,,
1133007,2017/18,2018-03-08,Old Hararians,1,24.2,Papua New Guinea,West Indies,MD Dai,A Vala,JO Holder,0,0,,,,,,,,,
1133007,2017/18,2018-03-08,Old Hararians,1,24.3,Papua New Guinea,West Indies,MD Dai,A Vala,JO Holder,1,0,,,,,,,,,
1133007,2017/18,2018-03-08,Old Hararians,1,24.4,Papua New Guinea,West Indies,A Vala,MD Dai,JO Holder,0,0,,,,,,,,,
1133007,2017/18,2018-03-08,Old Hararians,1,24.5,Papua New Guinea,West Indies,A Vala,MD Dai,JO Holder,0,0,,,,,,,,,
1133007,2017/18,2018-03-08,Old Hararians,1,24.6,Papua New Guinea,West Indies,A Vala,MD Dai,JO Holder,0,0,,,,,,,,,
1133007,2017/18,2018-03-08,Old Hararians,1,25.1,Papua New Guinea,West Indies,MD Dai,A Vala,MN Samuels,2,0,,,,,,,,,
1133007,2017/18,2018-03-08,Old Hararians,1,25.2,Papua New Guinea,West Indies,MD Dai,A Vala,MN Samuels,1,0,,,,,,,,,
1133007,2017/18,2018-03-08,Old Hararians,1,25.3,Papua New Guinea,West Indies,A Vala,MD Dai,MN Samuels,0,0,,,,,,,,,
1133007,2017/18,2018-03-08,Old Hararians,1,25.4,Papua New Guinea,West Indies,A Vala,MD Dai,MN Samuels,0,0,,,,,,,,,
1133007,2017/18,2018-03-08,Old Hararians,1,25.5,Papua New Guinea,West Indies,A Vala,MD Dai,MN Samuels,0,0,,,,,,,,,
1133007,2017/18,2018-03-08,Old Hararians,1,25.6,Papua New Guinea,West Indies,A Vala,MD Dai,MN Samuels,1,0,,,,,,,,,
1133007,2017/18,2018-03-08,Old Hararians,1,26.1,Papua New Guinea,West Indies,A Vala,MD Dai,NO Miller,1,0,,,,,,,,,
1133007,2017/18,2018-03-08,Old Hararians,1,26.2,Papua New Guinea,West Indies,MD Dai,A Vala,NO Miller,1,0,,,,,,,,,
1133007,2017/18,2018-03-08,Old Hararians,1,26.3,Papua New Guinea,West Indies,A Vala,MD Dai,NO Miller,2,0,,,,,,,,,
1133007,2017/18,2018-03-08,Old Hararians,1,26.4,Papua New Guinea,West Indies,A Vala,MD Dai,NO Miller,1,0,,,,,,,,,
1133007,2017/18,2018-03-08,Old Hararians,1,26.5,Papua New Guinea,West Indies,MD Dai,A Vala,NO Miller,0,0,,,,,,,,,
1133007,2017/18,2018-03-08,Old Hararians,1,26.6,Papua New Guinea,West Indies,MD Dai,A Vala,NO Miller,0,3,3,,,,,,,,
1133007,2017/18,2018-03-08,Old Hararians,1,26.7,Papua New Guinea,West Indies,MD Dai,A Vala,NO Miller,0,0,,,,,,,,,
1133007,2017/18,2018-03-08,Old Hararians,1,27.1,Papua New Guinea,West Indies,A Vala,MD Dai,MN Samuels,1,0,,,,,,,,,
1133007,2017/18,2018-03-08,Old Hararians,1,27.2,Papua New Guinea,West Indies,MD Dai,A Vala,MN Samuels,1,0,,,,,,,,,
1133007,2017/18,2018-03-08,Old Hararians,1,27.3,Papua New Guinea,West Indies,A Vala,MD Dai,MN Samuels,0,0,,,,,,,,,
1133007,2017/18,2018-03-08,Old Hararians,1,27.4,Papua New Guinea,West Indies,A Vala,MD Dai,MN Samuels,1,0,,,,,,,,,
1133007,2017/18,2018-03-08,Old Hararians,1,27.5,Papua New Guinea,West Indies,MD Dai,A Vala,MN Samuels,2,0,,,,,,,,,
1133007,2017/18,2018-03-08,Old Hararians,1,27.6,Papua New Guinea,West Indies,MD Dai,A Vala,MN Samuels,1,0,,,,,,,,,
1133007,2017/18,2018-03-08,Old Hararians,1,28.1,Papua New Guinea,West Indies,MD Dai,A Vala,NO Miller,1,0,,,,,,,,,
1133007,2017/18,2018-03-08,Old Hararians,1,28.2,Papua New Guinea,West Indies,A Vala,MD Dai,NO Miller,0,0,,,,,,,,,
1133007,2017/18,2018-03-08,Old Hararians,1,28.3,Papua New Guinea,West Indies,A Vala,MD Dai,NO Miller,1,0,,,,,,,,,
1133007,2017/18,2018-03-08,Old Hararians,1,28.4,Papua New Guinea,West Indies,MD Dai,A Vala,NO Miller,0,0,,,,,,,,,
1133007,2017/18,2018-03-08,Old Hararians,1,28.5,Papua New Guinea,West Indies,MD Dai,A Vala,NO Miller,0,0,,,,,,,,,
1133007,2017/18,2018-03-08,Old Hararians,1,28.6,Papua New Guinea,West Indies,MD Dai,A Vala,NO Miller,0,0,,,,,,,,,
1133007,2017/18,2018-03-08,Old Hararians,1,29.1,Papua New Guinea,West Indies,A Vala,MD Dai,MN Samuels,1,0,,,,,,,,,
1133007,2017/18,2018-03-08,Old Hararians,1,29.2,Papua New Guinea,West Indies,MD Dai,A Vala,MN Samuels,0,0,,,,,,,,,
1133007,2017/18,2018-03-08,Old Hararians,1,29.3,Papua New Guinea,West Indies,MD Dai,A Vala,MN Samuels,0,0,,,,,,,,,
1133007,2017/18,2018-03-08,Old Hararians,1,29.4,Papua New Guinea,West Indies,MD Dai,A Vala,MN Samuels,4,0,,,,,,,,,
1133007,2017/18,2018-03-08,Old Hararians,1,29.5,Papua New Guinea,West Indies,MD Dai,A Vala,MN Samuels,0,0,,,,,,,,,
1133007,2017/18,2018-03-08,Old Hararians,1,29.6,Papua New Guinea,West Indies,MD Dai,A Vala,MN Samuels,0,0,,,,,,,,,
1133007,2017/18,2018-03-08,Old Hararians,1,30.1,Papua New Guinea,West Indies,A Vala,MD Dai,KOK Williams,0,0,,,,,,,,,
1133007,2017/18,2018-03-08,Old Hararians,1,30.2,Papua New Guinea,West Indies,A Vala,MD Dai,KOK Williams,4,0,,,,,,,,,
1133007,2017/18,2018-03-08,Old Hararians,1,30.3,Papua New Guinea,West Indies,A Vala,MD Dai,KOK Williams,0,0,,,,,,,,,
1133007,2017/18,2018-03-08,Old Hararians,1,30.4,Papua New Guinea,West Indies,A Vala,MD Dai,KOK Williams,0,0,,,,,,,,,
1133007,2017/18,2018-03-08,Old Hararians,1,30.5,Papua New Guinea,West Indies,A Vala,MD Dai,KOK Williams,0,0,,,,,,,,,
1133007,2017/18,2018-03-08,Old Hararians,1,30.6,Papua New Guinea,West Indies,A Vala,MD Dai,KOK Williams,1,0,,,,,,,,,
1133007,2017/18,2018-03-08,Old Hararians,1,31.1,Papua New Guinea,West Indies,A Vala,MD Dai,NO Miller,1,0,,,,,,,,,
1133007,2017/18,2018-03-08,Old Hararians,1,31.2,Papua New Guinea,West Indies,MD Dai,A Vala,NO Miller,2,0,,,,,,,,,
1133007,2017/18,2018-03-08,Old Hararians,1,31.3,Papua New Guinea,West Indies,MD Dai,A Vala,NO Miller,2,0,,,,,,,,,
1133007,2017/18,2018-03-08,Old Hararians,1,31.4,Papua New Guinea,West Indies,MD Dai,A Vala,NO Miller,0,0,,,,,,,,,
1133007,2017/18,2018-03-08,Old Hararians,1,31.5,Papua New Guinea,West Indies,MD Dai,A Vala,NO Miller,0,0,,,,,,,,,
1133007,2017/18,2018-03-08,Old Hararians,1,31.6,Papua New Guinea,West Indies,MD Dai,A Vala,NO Miller,0,0,,,,,,,,,
1133007,2017/18,2018-03-08,Old Hararians,1,32.1,Papua New Guinea,West Indies,A Vala,MD Dai,KOK Williams,1,0,,,,,,,,,
1133007,2017/18,2018-03-08,Old Hararians,1,32.2,Papua New Guinea,West Indies,MD Dai,A Vala,KOK Williams,2,0,,,,,,,,,
1133007,2017/18,2018-03-08,Old Hararians,1,32.3,Papua New Guinea,West Indies,MD Dai,A Vala,KOK Williams,4,0,,,,,,,,,
1133007,2017/18,2018-03-08,Old Hararians,1,32.4,Papua New Guinea,West Indies,MD Dai,A Vala,KOK Williams,0,0,,,,,,,,,
1133007,2017/18,2018-03-08,Old Hararians,1,32.5,Papua New Guinea,West Indies,MD Dai,A Vala,KOK Williams,1,1,,1,,,,,,,
1133007,2017/18,2018-03-08,Old Hararians,1,32.6,Papua New Guinea,West Indies,A Vala,MD Dai,KOK Williams,1,0,,,,,,,,,
1133007,2017/18,2018-03-08,Old Hararians,1,32.7,Papua New Guinea,West Indies,MD Dai,A Vala,KOK Williams,4,0,,,,,,,,,
1133007,2017/18,2018-03-08,Old Hararians,1,33.1,Papua New Guinea,West Indies,A Vala,MD Dai,NO Miller,0,0,,,,,,,,,
1133007,2017/18,2018-03-08,Old Hararians,1,33.2,Papua New Guinea,West Indies,A Vala,MD Dai,NO Miller,1,0,,,,,,,,,
1133007,2017/18,2018-03-08,Old Hararians,1,33.3,Papua New Guinea,West Indies,MD Dai,A Vala,NO Miller,0,0,,,,,,,,,
1133007,2017/18,2018-03-08,Old Hararians,1,33.4,Papua New Guinea,West Indies,MD Dai,A Vala,NO Miller,0,0,,,,,,lbw,MD Dai,,
1133007,2017/18,2018-03-08,Old Hararians,1,33.5,Papua New Guinea,West Indies,CJA Amini,A Vala,NO Miller,0,0,,,,,,,,,
1133007,2017/18,2018-03-08,Old Hararians,1,33.6,Papua New Guinea,West Indies,CJA Amini,A Vala,NO Miller,1,0,,,,,,,,,
1133007,2017/18,2018-03-08,Old Hararians,1,34.1,Papua New Guinea,West Indies,CJA Amini,A Vala,CR Brathwaite,0,0,,,,,,,,,
1133007,2017/18,2018-03-08,Old Hararians,1,34.2,Papua New Guinea,West Indies,CJA Amini,A Vala,CR Brathwaite,0,0,,,,,,,,,
1133007,2017/18,2018-03-08,Old Hararians,1,34.3,Papua New Guinea,West Indies,CJA Amini,A Vala,CR Brathwaite,0,0,,,,,,,,,
1133007,2017/18,2018-03-08,Old Hararians,1,34.4,Papua New Guinea,West Indies,CJA Amini,A Vala,CR Brathwaite,0,0,,,,,,,,,
1133007,2017/18,2018-03-08,Old Hararians,1,34.5,Papua New Guinea,West Indies,CJA Amini,A Vala,CR Brathwaite,0,0,,,,,,,,,
1133007,2017/18,2018-03-08,Old Hararians,1,34.6,Papua New Guinea,West Indies,CJA Amini,A Vala,CR Brathwaite,0,0,,,,,,,,,
1133007,2017/18,2018-03-08,Old Hararians,1,35.1,Papua New Guinea,West Indies,A Vala,CJA Amini,NO Miller,1,0,,,,,,,,,
1133007,2017/18,2018-03-08,Old Hararians,1,35.2,Papua New Guinea,West Indies,CJA Amini,A Vala,NO Miller,4,0,,,,,,,,,
1133007,2017/18,2018-03-08,Old Hararians,1,35.3,Papua New Guinea,West Indies,CJA Amini,A Vala,NO Miller,0,0,,,,,,,,,
1133007,2017/18,2018-03-08,Old Hararians,1,35.4,Papua New Guinea,West Indies,CJA Amini,A Vala,NO Miller,1,0,,,,,,,,,
1133007,2017/18,2018-03-08,Old Hararians,1,35.5,Papua New Guinea,West Indies,A Vala,CJA Amini,NO Miller,0,0,,,,,,,,,
1133007,2017/18,2018-03-08,Old Hararians,1,35.6,Papua New Guinea,West Indies,A Vala,CJA Amini,NO Miller,1,0,,,,,,,,,
1133007,2017/18,2018-03-08,Old Hararians,1,36.1,Papua New Guinea,West Indies,A Vala,CJA Amini,CR Brathwaite,0,0,,,,,,caught,A Vala,,
1133007,2017/18,2018-03-08,Old Hararians,1,36.2,Papua New Guinea,West Indies,JNT Vare,CJA Amini,CR Brathwaite,1,0,,,,,,,,,
1133007,2017/18,2018-03-08,Old Hararians,1,36.3,Papua New Guinea,West Indies,CJA Amini,JNT Vare,CR Brathwaite,0,0,,,,,,,,,
1133007,2017/18,2018-03-08,Old Hararians,1,36.4,Papua New Guinea,West Indies,CJA Amini,JNT Vare,CR Brathwaite,0,0,,,,,,,,,
1133007,2017/18,2018-03-08,Old Hararians,1,36.5,Papua New Guinea,West Indies,CJA Amini,JNT Vare,CR Brathwaite,1,0,,,,,,,,,
1133007,2017/18,2018-03-08,Old Hararians,1,36.6,Papua New Guinea,West Indies,JNT Vare,CJA Amini,CR Brathwaite,0,0,,,,,,,,,
1133007,2017/18,2018-03-08,Old Hararians,1,37.1,Papua New Guinea,West Indies,CJA Amini,JNT Vare,NO Miller,0,0,,,,,,caught,CJA Amini,,
1133007,2017/18,2018-03-08,Old Hararians,1,37.2,Papua New Guinea,West Indies,CA Soper,JNT Vare,NO Miller,0,0,,,,,,,,,
1133007,2017/18,2018-03-08,Old Hararians,1,37.3,Papua New Guinea,West Indies,CA Soper,JNT Vare,NO Miller,0,0,,,,,,,,,
1133007,2017/18,2018-03-08,Old Hararians,1,37.4,Papua New Guinea,West Indies,CA Soper,JNT Vare,NO Miller,0,0,,,,,,,,,
1133007,2017/18,2018-03-08,Old Hararians,1,37.5,Papua New Guinea,West Indies,CA Soper,JNT Vare,NO Miller,1,0,,,,,,,,,
1133007,2017/18,2018-03-08,Old Hararians,1,37.6,Papua New Guinea,West Indies,JNT Vare,CA Soper,NO Miller,0,0,,,,,,,,,
1133007,2017/18,2018-03-08,Old Hararians,1,38.1,Papua New Guinea,West Indies,CA Soper,JNT Vare,CR Brathwaite,0,0,,,,,,,,,
1133007,2017/18,2018-03-08,Old Hararians,1,38.2,Papua New Guinea,West Indies,CA Soper,JNT Vare,CR Brathwaite,0,0,,,,,,,,,
1133007,2017/18,2018-03-08,Old Hararians,1,38.3,Papua New Guinea,West Indies,CA Soper,JNT Vare,CR Brathwaite,0,0,,,,,,,,,
1133007,2017/18,2018-03-08,Old Hararians,1,38.4,Papua New Guinea,West Indies,CA Soper,JNT Vare,CR Brathwaite,0,0,,,,,,caught,CA Soper,,
1133007,2017/18,2018-03-08,Old Hararians,1,38.5,Papua New Guinea,West Indies,N Vanua,JNT Vare,CR Brathwaite,1,0,,,,,,,,,
1133007,2017/18,2018-03-08,Old Hararians,1,38.6,Papua New Guinea,West Indies,JNT Vare,N Vanua,CR Brathwaite,0,0,,,,,,caught,JNT Vare,,
1133007,2017/18,2018-03-08,Old Hararians,1,39.1,Papua New Guinea,West Indies,N Vanua,A Nao,JO Holder,2,0,,,,,,,,,
1133007,2017/18,2018-03-08,Old Hararians,1,39.2,Papua New Guinea,West Indies,N Vanua,A Nao,JO Holder,0,0,,,,,,,,,
1133007,2017/18,2018-03-08,Old Hararians,1,39.3,Papua New Guinea,West Indies,N Vanua,A Nao,JO Holder,1,0,,,,,,,,,
1133007,2017/18,2018-03-08,Old Hararians,1,39.4,Papua New Guinea,West Indies,A Nao,N Vanua,JO Holder,0,1,1,,,,,,,,
1133007,2017/18,2018-03-08,Old Hararians,1,39.5,Papua New Guinea,West Indies,A Nao,N Vanua,JO Holder,1,0,,,,,,,,,
1133007,2017/18,2018-03-08,Old Hararians,1,39.6,Papua New Guinea,West Indies,N Vanua,A Nao,JO Holder,4,0,,,,,,,,,
1133007,2017/18,2018-03-08,Old Hararians,1,39.7,Papua New Guinea,West Indies,N Vanua,A Nao,JO Holder,1,0,,,,,,,,,
1133007,2017/18,2018-03-08,Old Hararians,1,40.1,Papua New Guinea,West Indies,N Vanua,A Nao,CR Brathwaite,6,0,,,,,,,,,
1133007,2017/18,2018-03-08,Old Hararians,1,40.2,Papua New Guinea,West Indies,N Vanua,A Nao,CR Brathwaite,0,0,,,,,,,,,
1133007,2017/18,2018-03-08,Old Hararians,1,40.3,Papua New Guinea,West Indies,N Vanua,A Nao,CR Brathwaite,0,0,,,,,,,,,
1133007,2017/18,2018-03-08,Old Hararians,1,40.4,Papua New Guinea,West Indies,N Vanua,A Nao,CR Brathwaite,0,0,,,,,,,,,
1133007,2017/18,2018-03-08,Old Hararians,1,40.5,Papua New Guinea,West Indies,N Vanua,A Nao,CR Brathwaite,6,0,,,,,,,,,
1133007,2017/18,2018-03-08,Old Hararians,1,40.6,Papua New Guinea,West Indies,N Vanua,A Nao,CR Brathwaite,1,0,,,,,,,,,
1133007,2017/18,2018-03-08,Old Hararians,1,41.1,Papua New Guinea,West Indies,N Vanua,A Nao,JO Holder,0,0,,,,,,,,,
1133007,2017/18,2018-03-08,Old Hararians,1,41.2,Papua New Guinea,West Indies,N Vanua,A Nao,JO Holder,0,0,,,,,,,,,
1133007,2017/18,2018-03-08,Old Hararians,1,41.3,Papua New Guinea,West Indies,N Vanua,A Nao,JO Holder,6,0,,,,,,,,,
1133007,2017/18,2018-03-08,Old Hararians,1,41.4,Papua New Guinea,West Indies,N Vanua,A Nao,JO Holder,4,0,,,,,,,,,
1133007,2017/18,2018-03-08,Old Hararians,1,41.5,Papua New Guinea,West Indies,N Vanua,A Nao,JO Holder,2,0,,,,,,,,,
1133007,2017/18,2018-03-08,Old Hararians,1,41.6,Papua New Guinea,West Indies,N Vanua,A Nao,JO Holder,1,0,,,,,,,,,
1133007,2017/18,2018-03-08,Old Hararians,1,42.1,Papua New Guinea,West Indies,N Vanua,A Nao,KOK Williams,0,0,,,,,,,,,
1133007,2017/18,2018-03-08,Old Hararians,1,42.2,Papua New Guinea,West Indies,N Vanua,A Nao,KOK Williams,0,1,1,,,,,,,,
1133007,2017/18,2018-03-08,Old Hararians,1,42.3,Papua New Guinea,West Indies,N Vanua,A Nao,KOK Williams,0,0,,,,,,,,,
1133007,2017/18,2018-03-08,Old Hararians,1,42.4,Papua New Guinea,West Indies,N Vanua,A Nao,KOK Williams,0,0,,,,,,,,,
1133007,2017/18,2018-03-08,Old Hararians,1,42.5,Papua New Guinea,West Indies,N Vanua,A Nao,KOK Williams,0,0,,,,,,caught,N Vanua,,
1133007,2017/18,2018-03-08,Old Hararians,2,0.1,West Indies,Papua New Guinea,E Lewis,SO Hetmyer,N Vanua,0,0,,,,,,,,,
1133007,2017/18,2018-03-08,Old Hararians,2,0.2,West Indies,Papua New Guinea,E Lewis,SO Hetmyer,N Vanua,2,0,,,,,,,,,
1133007,2017/18,2018-03-08,Old Hararians,2,0.3,West Indies,Papua New Guinea,E Lewis,SO Hetmyer,N Vanua,0,0,,,,,,,,,
1133007,2017/18,2018-03-08,Old Hararians,2,0.4,West Indies,Papua New Guinea,E Lewis,SO Hetmyer,N Vanua,0,0,,,,,,,,,
1133007,2017/18,2018-03-08,Old Hararians,2,0.5,West Indies,Papua New Guinea,E Lewis,SO Hetmyer,N Vanua,0,0,,,,,,,,,
1133007,2017/18,2018-03-08,Old Hararians,2,0.6,West Indies,Papua New Guinea,E Lewis,SO Hetmyer,N Vanua,6,0,,,,,,,,,
1133007,2017/18,2018-03-08,Old Hararians,2,1.1,West Indies,Papua New Guinea,SO Hetmyer,E Lewis,MD Dai,0,0,,,,,,,,,
1133007,2017/18,2018-03-08,Old Hararians,2,1.2,West Indies,Papua New Guinea,SO Hetmyer,E Lewis,MD Dai,4,0,,,,,,,,,
1133007,2017/18,2018-03-08,Old Hararians,2,1.3,West Indies,Papua New Guinea,SO Hetmyer,E Lewis,MD Dai,0,0,,,,,,,,,
1133007,2017/18,2018-03-08,Old Hararians,2,1.4,West Indies,Papua New Guinea,SO Hetmyer,E Lewis,MD Dai,0,0,,,,,,,,,
1133007,2017/18,2018-03-08,Old Hararians,2,1.5,West Indies,Papua New Guinea,SO Hetmyer,E Lewis,MD Dai,0,0,,,,,,,,,
1133007,2017/18,2018-03-08,Old Hararians,2,1.6,West Indies,Papua New Guinea,SO Hetmyer,E Lewis,MD Dai,2,0,,,,,,run out,E Lewis,,
1133007,2017/18,2018-03-08,Old Hararians,2,2.1,West Indies,Papua New Guinea,SO Hetmyer,SD Hope,N Vanua,0,0,,,,,,,,,
1133007,2017/18,2018-03-08,Old Hararians,2,2.2,West Indies,Papua New Guinea,SO Hetmyer,SD Hope,N Vanua,2,0,,,,,,,,,
1133007,2017/18,2018-03-08,Old Hararians,2,2.3,West Indies,Papua New Guinea,SO Hetmyer,SD Hope,N Vanua,0,0,,,,,,,,,
1133007,2017/18,2018-03-08,Old Hararians,2,2.4,West Indies,Papua New Guinea,SO Hetmyer,SD Hope,N Vanua,0,0,,,,,,,,,
1133007,2017/18,2018-03-08,Old Hararians,2,2.5,West Indies,Papua New Guinea,SO Hetmyer,SD Hope,N Vanua,0,0,,,,,,,,,
1133007,2017/18,2018-03-08,Old Hararians,2,2.6,West Indies,Papua New Guinea,SO Hetmyer,SD Hope,N Vanua,0,0,,,,,,caught,SO Hetmyer,,
1133007,2017/18,2018-03-08,Old Hararians,2,3.1,West Indies,Papua New Guinea,SD Hope,MN Samuels,MD Dai,0,0,,,,,,,,,
1133007,2017/18,2018-03-08,Old Hararians,2,3.2,West Indies,Papua New Guinea,SD Hope,MN Samuels,MD Dai,0,0,,,,,,,,,
1133007,2017/18,2018-03-08,Old Hararians,2,3.3,West Indies,Papua New Guinea,SD Hope,MN Samuels,MD Dai,0,0,,,,,,,,,
1133007,2017/18,2018-03-08,Old Hararians,2,3.4,West Indies,Papua New Guinea,SD Hope,MN Samuels,MD Dai,2,0,,,,,,,,,
1133007,2017/18,2018-03-08,Old Hararians,2,3.5,West Indies,Papua New Guinea,SD Hope,MN Samuels,MD Dai,0,0,,,,,,,,,
1133007,2017/18,2018-03-08,Old Hararians,2,3.6,West Indies,Papua New Guinea,SD Hope,MN Samuels,MD Dai,1,0,,,,,,,,,
1133007,2017/18,2018-03-08,Old Hararians,2,4.1,West Indies,Papua New Guinea,SD Hope,MN Samuels,N Vanua,0,0,,,,,,,,,
1133007,2017/18,2018-03-08,Old Hararians,2,4.2,West Indies,Papua New Guinea,SD Hope,MN Samuels,N Vanua,0,0,,,,,,,,,
1133007,2017/18,2018-03-08,Old Hararians,2,4.3,West Indies,Papua New Guinea,SD Hope,MN Samuels,N Vanua,0,0,,,,,,,,,
1133007,2017/18,2018-03-08,Old Hararians,2,4.4,West Indies,Papua New Guinea,SD Hope,MN Samuels,N Vanua,1,0,,,,,,,,,
1133007,2017/18,2018-03-08,Old Hararians,2,4.5,West Indies,Papua New Guinea,MN Samuels,SD Hope,N Vanua,0,0,,,,,,,,,
1133007,2017/18,2018-03-08,Old Hararians,2,4.6,West Indies,Papua New Guinea,MN Samuels,SD Hope,N Vanua,0,0,,,,,,,,,
1133007,2017/18,2018-03-08,Old Hararians,2,5.1,West Indies,Papua New Guinea,SD Hope,MN Samuels,MD Dai,0,0,,,,,,,,,
1133007,2017/18,2018-03-08,Old Hararians,2,5.2,West Indies,Papua New Guinea,SD Hope,MN Samuels,MD Dai,1,0,,,,,,,,,
1133007,2017/18,2018-03-08,Old Hararians,2,5.3,West Indies,Papua New Guinea,MN Samuels,SD Hope,MD Dai,0,0,,,,,,,,,
1133007,2017/18,2018-03-08,Old Hararians,2,5.4,West Indies,Papua New Guinea,MN Samuels,SD Hope,MD Dai,1,0,,,,,,,,,
1133007,2017/18,2018-03-08,Old Hararians,2,5.5,West Indies,Papua New Guinea,SD Hope,MN Samuels,MD Dai,1,0,,,,,,,,,
1133007,2017/18,2018-03-08,Old Hararians,2,5.6,West Indies,Papua New Guinea,MN Samuels,SD Hope,MD Dai,0,0,,,,,,,,,
1133007,2017/18,2018-03-08,Old Hararians,2,6.1,West Indies,Papua New Guinea,SD Hope,MN Samuels,N Vanua,0,1,1,,,,,,,,
1133007,2017/18,2018-03-08,Old Hararians,2,6.2,West Indies,Papua New Guinea,SD Hope,MN Samuels,N Vanua,4,0,,,,,,,,,
1133007,2017/18,2018-03-08,Old Hararians,2,6.3,West Indies,Papua New Guinea,SD Hope,MN Samuels,N Vanua,0,0,,,,,,,,,
1133007,2017/18,2018-03-08,Old Hararians,2,6.4,West Indies,Papua New Guinea,SD Hope,MN Samuels,N Vanua,0,0,,,,,,,,,
1133007,2017/18,2018-03-08,Old Hararians,2,6.5,West Indies,Papua New Guinea,SD Hope,MN Samuels,N Vanua,0,0,,,,,,,,,
1133007,2017/18,2018-03-08,Old Hararians,2,6.6,West Indies,Papua New Guinea,SD Hope,MN Samuels,N Vanua,0,0,,,,,,,,,
1133007,2017/18,2018-03-08,Old Hararians,2,6.7,West Indies,Papua New Guinea,SD Hope,MN Samuels,N Vanua,0,0,,,,,,,,,
1133007,2017/18,2018-03-08,Old Hararians,2,7.1,West Indies,Papua New Guinea,MN Samuels,SD Hope,MD Dai,0,0,,,,,,,,,
1133007,2017/18,2018-03-08,Old Hararians,2,7.2,West Indies,Papua New Guinea,MN Samuels,SD Hope,MD Dai,1,0,,,,,,,,,
1133007,2017/18,2018-03-08,Old Hararians,2,7.3,West Indies,Papua New Guinea,SD Hope,MN Samuels,MD Dai,0,0,,,,,,,,,
1133007,2017/18,2018-03-08,Old Hararians,2,7.4,West Indies,Papua New Guinea,SD Hope,MN Samuels,MD Dai,0,0,,,,,,,,,
1133007,2017/18,2018-03-08,Old Hararians,2,7.5,West Indies,Papua New Guinea,SD Hope,MN Samuels,MD Dai,0,0,,,,,,,,,
1133007,2017/18,2018-03-08,Old Hararians,2,7.6,West Indies,Papua New Guinea,SD Hope,MN Samuels,MD Dai,1,0,,,,,,,,,
1133007,2017/18,2018-03-08,Old Hararians,2,8.1,West Indies,Papua New Guinea,SD Hope,MN Samuels,A Nao,1,0,,,,,,,,,
1133007,2017/18,2018-03-08,Old Hararians,2,8.2,West Indies,Papua New Guinea,MN Samuels,SD Hope,A Nao,0,0,,,,,,,,,
1133007,2017/18,2018-03-08,Old Hararians,2,8.3,West Indies,Papua New Guinea,MN Samuels,SD Hope,A Nao,0,0,,,,,,,,,
1133007,2017/18,2018-03-08,Old Hararians,2,8.4,West Indies,Papua New Guinea,MN Samuels,SD Hope,A Nao,4,0,,,,,,,,,
1133007,2017/18,2018-03-08,Old Hararians,2,8.5,West Indies,Papua New Guinea,MN Samuels,SD Hope,A Nao,1,0,,,,,,,,,
1133007,2017/18,2018-03-08,Old Hararians,2,8.6,West Indies,Papua New Guinea,SD Hope,MN Samuels,A Nao,0,0,,,,,,,,,
1133007,2017/18,2018-03-08,Old Hararians,2,9.1,West Indies,Papua New Guinea,MN Samuels,SD Hope,MD Dai,0,0,,,,,,,,,
1133007,2017/18,2018-03-08,Old Hararians,2,9.2,West Indies,Papua New Guinea,MN Samuels,SD Hope,MD Dai,4,0,,,,,,,,,
1133007,2017/18,2018-03-08,Old Hararians,2,9.3,West Indies,Papua New Guinea,MN Samuels,SD Hope,MD Dai,0,0,,,,,,,,,
1133007,2017/18,2018-03-08,Old Hararians,2,9.4,West Indies,Papua New Guinea,MN Samuels,SD Hope,MD Dai,6,0,,,,,,,,,
1133007,2017/18,2018-03-08,Old Hararians,2,9.5,West Indies,Papua New Guinea,MN Samuels,SD Hope,MD Dai,1,0,,,,,,,,,
1133007,2017/18,2018-03-08,Old Hararians,2,9.6,West Indies,Papua New Guinea,SD Hope,MN Samuels,MD Dai,0,0,,,,,,,,,
1133007,2017/18,2018-03-08,Old Hararians,2,10.1,West Indies,Papua New Guinea,MN Samuels,SD Hope,A Nao,0,0,,,,,,,,,
1133007,2017/18,2018-03-08,Old Hararians,2,10.2,West Indies,Papua New Guinea,MN Samuels,SD Hope,A Nao,2,0,,,,,,,,,
1133007,2017/18,2018-03-08,Old Hararians,2,10.3,West Indies,Papua New Guinea,MN Samuels,SD Hope,A Nao,0,0,,,,,,,,,
1133007,2017/18,2018-03-08,Old Hararians,2,10.4,West Indies,Papua New Guinea,MN Samuels,SD Hope,A Nao,4,0,,,,,,,,,
1133007,2017/18,2018-03-08,Old Hararians,2,10.5,West Indies,Papua New Guinea,MN Samuels,SD Hope,A Nao,0,0,,,,,,caught,MN Samuels,,
1133007,2017/18,2018-03-08,Old Hararians,2,10.6,West Indies,Papua New Guinea,JN Mohammed,SD Hope,A Nao,0,0,,,,,,,,,
1133007,2017/18,2018-03-08,Old Hararians,2,11.1,West Indies,Papua New Guinea,SD Hope,JN Mohammed,CJA Amini,4,0,,,,,,,,,
1133007,2017/18,2018-03-08,Old Hararians,2,11.2,West Indies,Papua New Guinea,SD Hope,JN Mohammed,CJA Amini,1,0,,,,,,,,,
1133007,2017/18,2018-03-08,Old Hararians,2,11.3,West Indies,Papua New Guinea,JN Mohammed,SD Hope,CJA Amini,0,0,,,,,,,,,
1133007,2017/18,2018-03-08,Old Hararians,2,11.4,West Indies,Papua New Guinea,JN Mohammed,SD Hope,CJA Amini,0,0,,,,,,lbw,JN Mohammed,,
1133007,2017/18,2018-03-08,Old Hararians,2,11.5,West Indies,Papua New Guinea,JO Holder,SD Hope,CJA Amini,0,0,,,,,,,,,
1133007,2017/18,2018-03-08,Old Hararians,2,11.6,West Indies,Papua New Guinea,JO Holder,SD Hope,CJA Amini,0,0,,,,,,,,,
1133007,2017/18,2018-03-08,Old Hararians,2,12.1,West Indies,Papua New Guinea,SD Hope,JO Holder,A Nao,0,0,,,,,,,,,
1133007,2017/18,2018-03-08,Old Hararians,2,12.2,West Indies,Papua New Guinea,SD Hope,JO Holder,A Nao,0,0,,,,,,,,,
1133007,2017/18,2018-03-08,Old Hararians,2,12.3,West Indies,Papua New Guinea,SD Hope,JO Holder,A Nao,0,0,,,,,,,,,
1133007,2017/18,2018-03-08,Old Hararians,2,12.4,West Indies,Papua New Guinea,SD Hope,JO Holder,A Nao,0,0,,,,,,,,,
1133007,2017/18,2018-03-08,Old Hararians,2,12.5,West Indies,Papua New Guinea,SD Hope,JO Holder,A Nao,0,0,,,,,,,,,
1133007,2017/18,2018-03-08,Old Hararians,2,12.6,West Indies,Papua New Guinea,SD Hope,JO Holder,A Nao,0,0,,,,,,,,,
1133007,2017/18,2018-03-08,Old Hararians,2,13.1,West Indies,Papua New Guinea,JO Holder,SD Hope,CJA Amini,0,0,,,,,,,,,
1133007,2017/18,2018-03-08,Old Hararians,2,13.2,West Indies,Papua New Guinea,JO Holder,SD Hope,CJA Amini,4,0,,,,,,,,,
1133007,2017/18,2018-03-08,Old Hararians,2,13.3,West Indies,Papua New Guinea,JO Holder,SD Hope,CJA Amini,4,0,,,,,,,,,
1133007,2017/18,2018-03-08,Old Hararians,2,13.4,West Indies,Papua New Guinea,JO Holder,SD Hope,CJA Amini,0,0,,,,,,,,,
1133007,2017/18,2018-03-08,Old Hararians,2,13.5,West Indies,Papua New Guinea,JO Holder,SD Hope,CJA Amini,0,0,,,,,,,,,
1133007,2017/18,2018-03-08,Old Hararians,2,13.6,West Indies,Papua New Guinea,JO Holder,SD Hope,CJA Amini,1,0,,,,,,,,,
1133007,2017/18,2018-03-08,Old Hararians,2,14.1,West Indies,Papua New Guinea,JO Holder,SD Hope,A Nao,1,0,,,,,,,,,
1133007,2017/18,2018-03-08,Old Hararians,2,14.2,West Indies,Papua New Guinea,SD Hope,JO Holder,A Nao,0,0,,,,,,,,,
1133007,2017/18,2018-03-08,Old Hararians,2,14.3,West Indies,Papua New Guinea,SD Hope,JO Holder,A Nao,0,0,,,,,,,,,
1133007,2017/18,2018-03-08,Old Hararians,2,14.4,West Indies,Papua New Guinea,SD Hope,JO Holder,A Nao,0,0,,,,,,,,,
1133007,2017/18,2018-03-08,Old Hararians,2,14.5,West Indies,Papua New Guinea,SD Hope,JO Holder,A Nao,0,0,,,,,,,,,
1133007,2017/18,2018-03-08,Old Hararians,2,14.6,West Indies,Papua New Guinea,SD Hope,JO Holder,A Nao,0,0,,,,,,,,,
1133007,2017/18,2018-03-08,Old Hararians,2,15.1,West Indies,Papua New Guinea,JO Holder,SD Hope,N Vanua,1,0,,,,,,,,,
1133007,2017/18,2018-03-08,Old Hararians,2,15.2,West Indies,Papua New Guinea,SD Hope,JO Holder,N Vanua,0,0,,,,,,,,,
1133007,2017/18,2018-03-08,Old Hararians,2,15.3,West Indies,Papua New Guinea,SD Hope,JO Holder,N Vanua,0,0,,,,,,,,,
1133007,2017/18,2018-03-08,Old Hararians,2,15.4,West Indies,Papua New Guinea,SD Hope,JO Holder,N Vanua,0,0,,,,,,,,,
1133007,2017/18,2018-03-08,Old Hararians,2,15.5,West Indies,Papua New Guinea,SD Hope,JO Holder,N Vanua,1,0,,,,,,,,,
1133007,2017/18,2018-03-08,Old Hararians,2,15.6,West Indies,Papua New Guinea,JO Holder,SD Hope,N Vanua,0,0,,,,,,,,,
1133007,2017/18,2018-03-08,Old Hararians,2,16.1,West Indies,Papua New Guinea,SD Hope,JO Holder,A Nao,1,0,,,,,,,,,
1133007,2017/18,2018-03-08,Old Hararians,2,16.2,West Indies,Papua New Guinea,JO Holder,SD Hope,A Nao,0,0,,,,,,,,,
1133007,2017/18,2018-03-08,Old Hararians,2,16.3,West Indies,Papua New Guinea,JO Holder,SD Hope,A Nao,0,0,,,,,,,,,
1133007,2017/18,2018-03-08,Old Hararians,2,16.4,West Indies,Papua New Guinea,JO Holder,SD Hope,A Nao,0,0,,,,,,,,,
1133007,2017/18,2018-03-08,Old Hararians,2,16.5,West Indies,Papua New Guinea,JO Holder,SD Hope,A Nao,1,0,,,,,,,,,
1133007,2017/18,2018-03-08,Old Hararians,2,16.6,West Indies,Papua New Guinea,SD Hope,JO Holder,A Nao,0,0,,,,,,,,,
1133007,2017/18,2018-03-08,Old Hararians,2,17.1,West Indies,Papua New Guinea,JO Holder,SD Hope,N Vanua,0,0,,,,,,,,,
1133007,2017/18,2018-03-08,Old Hararians,2,17.2,West Indies,Papua New Guinea,JO Holder,SD Hope,N Vanua,0,0,,,,,,,,,
1133007,2017/18,2018-03-08,Old Hararians,2,17.3,West Indies,Papua New Guinea,JO Holder,SD Hope,N Vanua,0,0,,,,,,,,,
1133007,2017/18,2018-03-08,Old Hararians,2,17.4,West Indies,Papua New Guinea,JO Holder,SD Hope,N Vanua,4,0,,,,,,,,,
1133007,2017/18,2018-03-08,Old Hararians,2,17.5,West Indies,Papua New Guinea,JO Holder,SD Hope,N Vanua,1,0,,,,,,,,,
1133007,2017/18,2018-03-08,Old Hararians,2,17.6,West Indies,Papua New Guinea,SD Hope,JO Holder,N Vanua,0,0,,,,,,,,,
1133007,2017/18,2018-03-08,Old Hararians,2,18.1,West Indies,Papua New Guinea,JO Holder,SD Hope,CA Soper,1,0,,,,,,,,,
1133007,2017/18,2018-03-08,Old Hararians,2,18.2,West Indies,Papua New Guinea,SD Hope,JO Holder,CA Soper,1,0,,,,,,,,,
1133007,2017/18,2018-03-08,Old Hararians,2,18.3,West Indies,Papua New Guinea,JO Holder,SD Hope,CA Soper,6,0,,,,,,,,,
1133007,2017/18,2018-03-08,Old Hararians,2,18.4,West Indies,Papua New Guinea,JO Holder,SD Hope,CA Soper,0,0,,,,,,,,,
1133007,2017/18,2018-03-08,Old Hararians,2,18.5,West Indies,Papua New Guinea,JO Holder,SD Hope,CA Soper,1,0,,,,,,,,,
1133007,2017/18,2018-03-08,Old Hararians,2,18.6,West Indies,Papua New Guinea,SD Hope,JO Holder,CA Soper,1,0,,,,,,,,,
1133007,2017/18,2018-03-08,Old Hararians,2,19.1,West Indies,Papua New Guinea,SD Hope,JO Holder,A Vala,0,0,,,,,,,,,
1133007,2017/18,2018-03-08,Old Hararians,2,19.2,West Indies,Papua New Guinea,SD Hope,JO Holder,A Vala,0,0,,,,,,,,,
1133007,2017/18,2018-03-08,Old Hararians,2,19.3,West Indies,Papua New Guinea,SD Hope,JO Holder,A Vala,0,0,,,,,,,,,
1133007,2017/18,2018-03-08,Old Hararians,2,19.4,West Indies,Papua New Guinea,SD Hope,JO Holder,A Vala,1,0,,,,,,,,,
1133007,2017/18,2018-03-08,Old Hararians,2,19.5,West Indies,Papua New Guinea,JO Holder,SD Hope,A Vala,0,0,,,,,,,,,
1133007,2017/18,2018-03-08,Old Hararians,2,19.6,West Indies,Papua New Guinea,JO Holder,SD Hope,A Vala,0,0,,,,,,,,,
1133007,2017/18,2018-03-08,Old Hararians,2,20.1,West Indies,Papua New Guinea,SD Hope,JO Holder,CA Soper,0,0,,,,,,,,,
1133007,2017/18,2018-03-08,Old Hararians,2,20.2,West Indies,Papua New Guinea,SD Hope,JO Holder,CA Soper,0,0,,,,,,,,,
1133007,2017/18,2018-03-08,Old Hararians,2,20.3,West Indies,Papua New Guinea,SD Hope,JO Holder,CA Soper,0,0,,,,,,,,,
1133007,2017/18,2018-03-08,Old Hararians,2,20.4,West Indies,Papua New Guinea,SD Hope,JO Holder,CA Soper,0,0,,,,,,,,,
1133007,2017/18,2018-03-08,Old Hararians,2,20.5,West Indies,Papua New Guinea,SD Hope,JO Holder,CA Soper,0,0,,,,,,,,,
1133007,2017/18,2018-03-08,Old Hararians,2,20.6,West Indies,Papua New Guinea,SD Hope,JO Holder,CA Soper,0,0,,,,,,,,,
1133007,2017/18,2018-03-08,Old Hararians,2,21.1,West Indies,Papua New Guinea,JO Holder,SD Hope,A Vala,0,0,,,,,,,,,
1133007,2017/18,2018-03-08,Old Hararians,2,21.2,West Indies,Papua New Guinea,JO Holder,SD Hope,A Vala,0,0,,,,,,,,,
1133007,2017/18,2018-03-08,Old Hararians,2,21.3,West Indies,Papua New Guinea,JO Holder,SD Hope,A Vala,0,0,,,,,,,,,
1133007,2017/18,2018-03-08,Old Hararians,2,21.4,West Indies,Papua New Guinea,JO Holder,SD Hope,A Vala,4,0,,,,,,,,,
1133007,2017/18,2018-03-08,Old Hararians,2,21.5,West Indies,Papua New Guinea,JO Holder,SD Hope,A Vala,0,0,,,,,,,,,
1133007,2017/18,2018-03-08,Old Hararians,2,21.6,West Indies,Papua New Guinea,JO Holder,SD Hope,A Vala,1,0,,,,,,,,,
1133007,2017/18,2018-03-08,Old Hararians,2,22.1,West Indies,Papua New Guinea,JO Holder,SD Hope,CA Soper,0,0,,,,,,,,,
1133007,2017/18,2018-03-08,Old Hararians,2,22.2,West Indies,Papua New Guinea,JO Holder,SD Hope,CA Soper,0,0,,,,,,,,,
1133007,2017/18,2018-03-08,Old Hararians,2,22.3,West Indies,Papua New Guinea,JO Holder,SD Hope,CA Soper,1,0,,,,,,,,,
1133007,2017/18,2018-03-08,Old Hararians,2,22.4,West Indies,Papua New Guinea,SD Hope,JO Holder,CA Soper,1,0,,,,,,,,,
1133007,2017/18,2018-03-08,Old Hararians,2,22.5,West Indies,Papua New Guinea,JO Holder,SD Hope,CA Soper,0,0,,,,,,,,,
1133007,2017/18,2018-03-08,Old Hararians,2,22.6,West Indies,Papua New Guinea,JO Holder,SD Hope,CA Soper,0,0,,,,,,,,,
1133007,2017/18,2018-03-08,Old Hararians,2,23.1,West Indies,Papua New Guinea,SD Hope,JO Holder,CJA Amini,1,0,,,,,,,,,
1133007,2017/18,2018-03-08,Old Hararians,2,23.2,West Indies,Papua New Guinea,JO Holder,SD Hope,CJA Amini,0,0,,,,,,,,,
1133007,2017/18,2018-03-08,Old Hararians,2,23.3,West Indies,Papua New Guinea,JO Holder,SD Hope,CJA Amini,0,0,,,,,,,,,
1133007,2017/18,2018-03-08,Old Hararians,2,23.4,West Indies,Papua New Guinea,JO Holder,SD Hope,CJA Amini,1,0,,,,,,,,,
1133007,2017/18,2018-03-08,Old Hararians,2,23.5,West Indies,Papua New Guinea,SD Hope,JO Holder,CJA Amini,4,0,,,,,,,,,
1133007,2017/18,2018-03-08,Old Hararians,2,23.6,West Indies,Papua New Guinea,SD Hope,JO Holder,CJA Amini,0,0,,,,,,,,,
1133007,2017/18,2018-03-08,Old Hararians,2,24.1,West Indies,Papua New Guinea,JO Holder,SD Hope,CA Soper,0,0,,,,,,,,,
1133007,2017/18,2018-03-08,Old Hararians,2,24.2,West Indies,Papua New Guinea,JO Holder,SD Hope,CA Soper,0,0,,,,,,,,,
1133007,2017/18,2018-03-08,Old Hararians,2,24.3,West Indies,Papua New Guinea,JO Holder,SD Hope,CA Soper,1,0,,,,,,,,,
1133007,2017/18,2018-03-08,Old Hararians,2,24.4,West Indies,Papua New Guinea,SD Hope,JO Holder,CA Soper,1,0,,,,,,,,,
1133007,2017/18,2018-03-08,Old Hararians,2,24.5,West Indies,Papua New Guinea,JO Holder,SD Hope,CA Soper,1,0,,,,,,,,,
1133007,2017/18,2018-03-08,Old Hararians,2,24.6,West Indies,Papua New Guinea,SD Hope,JO Holder,CA Soper,0,0,,,,,,,,,
1133007,2017/18,2018-03-08,Old Hararians,2,25.1,West Indies,Papua New Guinea,JO Holder,SD Hope,MD Dai,0,0,,,,,,,,,
1133007,2017/18,2018-03-08,Old Hararians,2,25.2,West Indies,Papua New Guinea,JO Holder,SD Hope,MD Dai,1,0,,,,,,,,,
1133007,2017/18,2018-03-08,Old Hararians,2,25.3,West Indies,Papua New Guinea,SD Hope,JO Holder,MD Dai,1,0,,,,,,,,,
1133007,2017/18,2018-03-08,Old Hararians,2,25.4,West Indies,Papua New Guinea,JO Holder,SD Hope,MD Dai,0,1,1,,,,,,,,
1133007,2017/18,2018-03-08,Old Hararians,2,25.5,West Indies,Papua New Guinea,JO Holder,SD Hope,MD Dai,4,0,,,,,,,,,
1133007,2017/18,2018-03-08,Old Hararians,2,25.6,West Indies,Papua New Guinea,JO Holder,SD Hope,MD Dai,0,0,,,,,,,,,
1133007,2017/18,2018-03-08,Old Hararians,2,25.7,West Indies,Papua New Guinea,JO Holder,SD Hope,MD Dai,0,0,,,,,,,,,
1133007,2017/18,2018-03-08,Old Hararians,2,26.1,West Indies,Papua New Guinea,SD Hope,JO Holder,L Siaka,1,0,,,,,,,,,
1133007,2017/18,2018-03-08,Old Hararians,2,26.2,West Indies,Papua New Guinea,JO Holder,SD Hope,L Siaka,0,0,,,,,,,,,
1133007,2017/18,2018-03-08,Old Hararians,2,26.3,West Indies,Papua New Guinea,JO Holder,SD Hope,L Siaka,4,0,,,,,,,,,
1133007,2017/18,2018-03-08,Old Hararians,2,26.4,West Indies,Papua New Guinea,JO Holder,SD Hope,L Siaka,0,0,,,,,,,,,
1133007,2017/18,2018-03-08,Old Hararians,2,26.5,West Indies,Papua New Guinea,JO Holder,SD Hope,L Siaka,1,0,,,,,,,,,
1133007,2017/18,2018-03-08,Old Hararians,2,26.6,West Indies,Papua New Guinea,SD Hope,JO Holder,L Siaka,1,0,,,,,,,,,
1133007,2017/18,2018-03-08,Old Hararians,2,27.1,West Indies,Papua New Guinea,SD Hope,JO Holder,CJA Amini,0,0,,,,,,,,,
1133007,2017/18,2018-03-08,Old Hararians,2,27.2,West Indies,Papua New Guinea,SD Hope,JO Holder,CJA Amini,1,0,,,,,,,,,
1133007,2017/18,2018-03-08,Old Hararians,2,27.3,West Indies,Papua New Guinea,JO Holder,SD Hope,CJA Amini,0,0,,,,,,,,,
1133007,2017/18,2018-03-08,Old Hararians,2,27.4,West Indies,Papua New Guinea,JO Holder,SD Hope,CJA Amini,0,0,,,,,,,,,
1133007,2017/18,2018-03-08,Old Hararians,2,27.5,West Indies,Papua New Guinea,JO Holder,SD Hope,CJA Amini,0,0,,,,,,,,,
1133007,2017/18,2018-03-08,Old Hararians,2,27.6,West Indies,Papua New Guinea,JO Holder,SD Hope,CJA Amini,0,0,,,,,,,,,
1133007,2017/18,2018-03-08,Old Hararians,2,28.1,West Indies,Papua New Guinea,SD Hope,JO Holder,L Siaka,0,0,,,,,,,,,
1133007,2017/18,2018-03-08,Old Hararians,2,28.2,West Indies,Papua New Guinea,SD Hope,JO Holder,L Siaka,1,0,,,,,,,,,
1133007,2017/18,2018-03-08,Old Hararians,2,28.3,West Indies,Papua New Guinea,JO Holder,SD Hope,L Siaka,0,0,,,,,,,,,
1133007,2017/18,2018-03-08,Old Hararians,2,28.4,West Indies,Papua New Guinea,JO Holder,SD Hope,L Siaka,1,0,,,,,,,,,
1133007,2017/18,2018-03-08,Old Hararians,2,28.5,West Indies,Papua New Guinea,SD Hope,JO Holder,L Siaka,1,0,,,,,,,,,
1133007,2017/18,2018-03-08,Old Hararians,2,28.6,West Indies,Papua New Guinea,JO Holder,SD Hope,L Siaka,2,0,,,,,,,,,
1133007,2017/18,2018-03-08,Old Hararians,2,29.1,West Indies,Papua New Guinea,SD Hope,JO Holder,CJA Amini,0,0,,,,,,,,,
1133007,2017/18,2018-03-08,Old Hararians,2,29.2,West Indies,Papua New Guinea,SD Hope,JO Holder,CJA Amini,1,0,,,,,,,,,
1133007,2017/18,2018-03-08,Old Hararians,2,29.3,West Indies,Papua New Guinea,JO Holder,SD Hope,CJA Amini,1,0,,,,,,,,,
1133007,2017/18,2018-03-08,Old Hararians,2,29.4,West Indies,Papua New Guinea,SD Hope,JO Holder,CJA Amini,1,0,,,,,,,,,
1133007,2017/18,2018-03-08,Old Hararians,2,29.5,West Indies,Papua New Guinea,JO Holder,SD Hope,CJA Amini,0,0,,,,,,,,,
1133007,2017/18,2018-03-08,Old Hararians,2,29.6,West Indies,Papua New Guinea,JO Holder,SD Hope,CJA Amini,0,0,,,,,,,,,
1133007,2017/18,2018-03-08,Old Hararians,2,30.1,West Indies,Papua New Guinea,SD Hope,JO Holder,L Siaka,0,0,,,,,,,,,
1133007,2017/18,2018-03-08,Old Hararians,2,30.2,West Indies,Papua New Guinea,SD Hope,JO Holder,L Siaka,1,0,,,,,,,,,
1133007,2017/18,2018-03-08,Old Hararians,2,30.3,West Indies,Papua New Guinea,JO Holder,SD Hope,L Siaka,1,0,,,,,,,,,
1133007,2017/18,2018-03-08,Old Hararians,2,30.4,West Indies,Papua New Guinea,SD Hope,JO Holder,L Siaka,0,0,,,,,,,,,
1133007,2017/18,2018-03-08,Old Hararians,2,30.5,West Indies,Papua New Guinea,SD Hope,JO Holder,L Siaka,1,0,,,,,,,,,
1133007,2017/18,2018-03-08,Old Hararians,2,30.6,West Indies,Papua New Guinea,JO Holder,SD Hope,L Siaka,0,0,,,,,,,,,
1133007,2017/18,2018-03-08,Old Hararians,2,31.1,West Indies,Papua New Guinea,SD Hope,JO Holder,CJA Amini,1,0,,,,,,,,,
1133007,2017/18,2018-03-08,Old Hararians,2,31.2,West Indies,Papua New Guinea,JO Holder,SD Hope,CJA Amini,1,0,,,,,,,,,
1133007,2017/18,2018-03-08,Old Hararians,2,31.3,West Indies,Papua New Guinea,SD Hope,JO Holder,CJA Amini,1,0,,,,,,,,,
1133007,2017/18,2018-03-08,Old Hararians,2,31.4,West Indies,Papua New Guinea,JO Holder,SD Hope,CJA Amini,1,0,,,,,,,,,
1133007,2017/18,2018-03-08,Old Hararians,2,31.5,West Indies,Papua New Guinea,SD Hope,JO Holder,CJA Amini,0,0,,,,,,,,,
1133007,2017/18,2018-03-08,Old Hararians,2,31.6,West Indies,Papua New Guinea,SD Hope,JO Holder,CJA Amini,0,0,,,,,,,,,
1133007,2017/18,2018-03-08,Old Hararians,2,32.1,West Indies,Papua New Guinea,JO Holder,SD Hope,N Vanua,0,0,,,,,,,,,
1133007,2017/18,2018-03-08,Old Hararians,2,32.2,West Indies,Papua New Guinea,JO Holder,SD Hope,N Vanua,1,0,,,,,,,,,
1133007,2017/18,2018-03-08,Old Hararians,2,32.3,West Indies,Papua New Guinea,SD Hope,JO Holder,N Vanua,1,0,,,,,,,,,
1133007,2017/18,2018-03-08,Old Hararians,2,32.4,West Indies,Papua New Guinea,JO Holder,SD Hope,N Vanua,2,0,,,,,,,,,
1133007,2017/18,2018-03-08,Old Hararians,2,32.5,West Indies,Papua New Guinea,JO Holder,SD Hope,N Vanua,0,1,,,,1,,,,,
1133007,2017/18,2018-03-08,Old Hararians,2,32.6,West Indies,Papua New Guinea,SD Hope,JO Holder,N Vanua,0,0,,,,,,,,,
1133007,2017/18,2018-03-08,Old Hararians,2,33.1,West Indies,Papua New Guinea,JO Holder,SD Hope,CJA Amini,0,0,,,,,,,,,
1133007,2017/18,2018-03-08,Old Hararians,2,33.2,West Indies,Papua New Guinea,JO Holder,SD Hope,CJA Amini,1,0,,,,,,,,,
1133007,2017/18,2018-03-08,Old Hararians,2,33.3,West Indies,Papua New Guinea,SD Hope,JO Holder,CJA Amini,0,0,,,,,,,,,
1133007,2017/18,2018-03-08,Old Hararians,2,33.4,West Indies,Papua New Guinea,SD Hope,JO Holder,CJA Amini,0,0,,,,,,,,,
1133007,2017/18,2018-03-08,Old Hararians,2,33.5,West Indies,Papua New Guinea,SD Hope,JO Holder,CJA Amini,0,0,,,,,,,,,
1133007,2017/18,2018-03-08,Old Hararians,2,33.6,West Indies,Papua New Guinea,SD Hope,JO Holder,CJA Amini,1,0,,,,,,,,,
1133007,2017/18,2018-03-08,Old Hararians,2,34.1,West Indies,Papua New Guinea,SD Hope,JO Holder,N Vanua,1,0,,,,,,,,,
1133007,2017/18,2018-03-08,Old Hararians,2,34.2,West Indies,Papua New Guinea,JO Holder,SD Hope,N Vanua,0,0,,,,,,,,,
1133007,2017/18,2018-03-08,Old Hararians,2,34.3,West Indies,Papua New Guinea,JO Holder,SD Hope,N Vanua,1,0,,,,,,,,,
1133007,2017/18,2018-03-08,Old Hararians,2,34.4,West Indies,Papua New Guinea,SD Hope,JO Holder,N Vanua,0,0,,,,,,,,,
1133007,2017/18,2018-03-08,Old Hararians,2,34.5,West Indies,Papua New Guinea,SD Hope,JO Holder,N Vanua,0,0,,,,,,,,,
1133007,2017/18,2018-03-08,Old Hararians,2,34.6,West Indies,Papua New Guinea,SD Hope,JO Holder,N Vanua,0,0,,,,,,,,,
1133007,2017/18,2018-03-08,Old Hararians,2,35.1,West Indies,Papua New Guinea,JO Holder,SD Hope,CJA Amini,1,0,,,,,,,,,
1133007,2017/18,2018-03-08,Old Hararians,2,35.2,West Indies,Papua New Guinea,SD Hope,JO Holder,CJA Amini,1,0,,,,,,,,,
1133007,2017/18,2018-03-08,Old Hararians,2,35.3,West Indies,Papua New Guinea,JO Holder,SD Hope,CJA Amini,1,0,,,,,,,,,
1133007,2017/18,2018-03-08,Old Hararians,2,35.4,West Indies,Papua New Guinea,SD Hope,JO Holder,CJA Amini,1,0,,,,,,,,,
1133007,2017/18,2018-03-08,Old Hararians,2,35.5,West Indies,Papua New Guinea,JO Holder,SD Hope,CJA Amini,1,0,,,,,,,,,
1133007,2017/18,2018-03-08,Old Hararians,2,35.6,West Indies,Papua New Guinea,SD Hope,JO Holder,CJA Amini,0,0,,,,,,,,,
1133007,2017/18,2018-03-08,Old Hararians,2,36.1,West Indies,Papua New Guinea,JO Holder,SD Hope,CA Soper,6,0,,,,,,,,,
1133007,2017/18,2018-03-08,Old Hararians,2,36.2,West Indies,Papua New Guinea,JO Holder,SD Hope,CA Soper,1,0,,,,,,,,,
1133007,2017/18,2018-03-08,Old Hararians,2,36.3,West Indies,Papua New Guinea,SD Hope,JO Holder,CA Soper,0,0,,,,,,,,,
1133007,2017/18,2018-03-08,Old Hararians,2,36.4,West Indies,Papua New Guinea,SD Hope,JO Holder,CA Soper,0,0,,,,,,,,,
1133007,2017/18,2018-03-08,Old Hararians,2,36.5,West Indies,Papua New Guinea,SD Hope,JO Holder,CA Soper,0,0,,,,,,,,,
1133007,2017/18,2018-03-08,Old Hararians,2,36.6,West Indies,Papua New Guinea,SD Hope,JO Holder,CA Soper,0,0,,,,,,,,,
1133007,2017/18,2018-03-08,Old Hararians,2,37.1,West Indies,Papua New Guinea,JO Holder,SD Hope,CJA Amini,0,0,,,,,,,,,
1133007,2017/18,2018-03-08,Old Hararians,2,37.2,West Indies,Papua New Guinea,JO Holder,SD Hope,CJA Amini,4,0,,,,,,,,,
1133007,2017/18,2018-03-08,Old Hararians,2,37.3,West Indies,Papua New Guinea,JO Holder,SD Hope,CJA Amini,0,0,,,,,,,,,
1133007,2017/18,2018-03-08,Old Hararians,2,37.4,West Indies,Papua New Guinea,JO Holder,SD Hope,CJA Amini,0,0,,,,,,,,,
1133007,2017/18,2018-03-08,Old Hararians,2,37.5,West Indies,Papua New Guinea,JO Holder,SD Hope,CJA Amini,1,0,,,,,,,,,
1133007,2017/18,2018-03-08,Old Hararians,2,37.6,West Indies,Papua New Guinea,SD Hope,JO Holder,CJA Amini,0,0,,,,,,,,,
1133007,2017/18,2018-03-08,Old Hararians,2,38.1,West Indies,Papua New Guinea,JO Holder,SD Hope,CA Soper,6,0,,,,,,,,,
1133007,2017/18,2018-03-08,Old Hararians,2,38.2,West Indies,Papua New Guinea,JO Holder,SD Hope,CA Soper,4,0,,,,,,,,,
1133007,2017/18,2018-03-08,Old Hararians,2,38.3,West Indies,Papua New Guinea,JO Holder,SD Hope,CA Soper,1,0,,,,,,,,,
1133007,2017/18,2018-03-08,Old Hararians,2,38.4,West Indies,Papua New Guinea,SD Hope,JO Holder,CA Soper,0,0,,,,,,,,,
1133007,2017/18,2018-03-08,Old Hararians,2,38.5,West Indies,Papua New Guinea,SD Hope,JO Holder,CA Soper,0,5,5,,,,,,,,
1133007,2017/18,2018-03-08,Old Hararians,2,38.6,West Indies,Papua New Guinea,SD Hope,JO Holder,CA Soper,1,0,,,,,,,,,
1133007,2017/18,2018-03-08,Old Hararians,2,38.7,West Indies,Papua New Guinea,JO Holder,SD Hope,CA Soper,1,0,,,,,,,,,
1133007,2017/18,2018-03-08,Old Hararians,2,39.1,West Indies,Papua New Guinea,JO Holder,SD Hope,CJA Amini,6,0,,,,,,,,,
1133007,2017/18,2018-03-08,Old Hararians,2,39.2,West Indies,Papua New Guinea,JO Holder,SD Hope,CJA Amini,0,0,,,,,,,,,
1133007,2017/18,2018-03-08,Old Hararians,2,39.3,West Indies,Papua New Guinea,JO Holder,SD Hope,CJA Amini,4,0,,,,,,,,,
1133007,2017/18,2018-03-08,Old Hararians,2,39.4,West Indies,Papua New Guinea,JO Holder,SD Hope,CJA Amini,1,0,,,,,,,,,
1133007,2017/18,2018-03-08,Old Hararians,2,39.5,West Indies,Papua New Guinea,SD Hope,JO Holder,CJA Amini,0,0,,,,,,,,,
1133007,2017/18,2018-03-08,Old Hararians,2,39.6,West Indies,Papua New Guinea,SD Hope,JO Holder,CJA Amini,0,0,,,,,,,,,
1133007,2017/18,2018-03-08,Old Hararians,2,40.1,West Indies,Papua New Guinea,JO Holder,SD Hope,N Vanua,1,0,,,,,,,,,
1133007,2017/18,2018-03-08,Old Hararians,2,40.2,West Indies,Papua New Guinea,SD Hope,JO Holder,N Vanua,1,0,,,,,,,,,
1133007,2017/18,2018-03-08,Old Hararians,2,40.3,West Indies,Papua New Guinea,JO Holder,SD Hope,N Vanua,0,0,,,,,,,,,
1133007,2017/18,2018-03-08,Old Hararians,2,40.4,West Indies,Papua New Guinea,JO Holder,SD Hope,N Vanua,0,4,,,,4,,,,,
1133007,2017/18,2018-03-08,Old Hararians,2,40.5,West Indies,Papua New Guinea,JO Holder,SD Hope,N Vanua,0,0,,,,,,,,,
1133007,2017/18,2018-03-08,Old Hararians,2,40.6,West Indies,Papua New Guinea,JO Holder,SD Hope,N Vanua,1,0,,,,,,,,,
1133007,2017/18,2018-03-08,Old Hararians,2,41.1,West Indies,Papua New Guinea,JO Holder,SD Hope,A Nao,1,0,,,,,,,,,
1133007,2017/18,2018-03-08,Old Hararians,2,41.2,West Indies,Papua New Guinea,SD Hope,JO Holder,A Nao,0,0,,,,,,,,,
1133007,2017/18,2018-03-08,Old Hararians,2,41.3,West Indies,Papua New Guinea,SD Hope,JO Holder,A Nao,0,0,,,,,,,,,
1133007,2017/18,2018-03-08,Old Hararians,2,41.4,West Indies,Papua New Guinea,SD Hope,JO Holder,A Nao,0,0,,,,,,,,,
1133007,2017/18,2018-03-08,Old Hararians,2,41.5,West Indies,Papua New Guinea,SD Hope,JO Holder,A Nao,0,0,,,,,,,,,
1133007,2017/18,2018-03-08,Old Hararians,2,41.6,West Indies,Papua New Guinea,SD Hope,JO Holder,A Nao,0,0,,,,,,,,,
1133007,2017/18,2018-03-08,Old Hararians,2,42.1,West Indies,Papua New Guinea,JO Holder,SD Hope,N Vanua,1,0,,,,,,,,,
1133007,2017/18,2018-03-08,Old Hararians,2,42.2,West Indies,Papua New Guinea,SD Hope,JO Holder,N Vanua,0,0,,,,,,,,,
1133007,2017/18,2018-03-08,Old Hararians,2,42.3,West Indies,Papua New Guinea,SD Hope,JO Holder,N Vanua,0,0,,,,,,,,,
1133007,2017/18,2018-03-08,Old Hararians,2,42.4,West Indies,Papua New Guinea,SD Hope,JO Holder,N Vanua,0,1,1,,,,,,,,
1133007,2017/18,2018-03-08,Old Hararians,2,42.5,West Indies,Papua New Guinea,SD Hope,JO Holder,N Vanua,0,0,,,,,,,,,
1133007,2017/18,2018-03-08,Old Hararians,2,42.6,West Indies,Papua New Guinea,SD Hope,JO Holder,N Vanua,1,0,,,,,,,,,
1133007,2017/18,2018-03-08,Old Hararians,2,42.7,West Indies,Papua New Guinea,JO Holder,SD Hope,N Vanua,1,0,,,,,,,,,
