match_id,season,start_date,venue,innings,ball,batting_team,bowling_team,striker,non_striker,bowler,runs_off_bat,extras,wides,noballs,byes,legbyes,penalty,wicket_type,player_dismissed,other_wicket_type,other_player_dismissed
1133005,2017/18,2018-03-06,Bulawayo Athletic Club,1,0.1,Hong Kong,Scotland,Nizakat Khan,Aizaz Khan,BTJ Wheal,0,0,,,,,,,,,
1133005,2017/18,2018-03-06,Bulawayo Athletic Club,1,0.2,Hong Kong,Scotland,Nizakat Khan,Aizaz Khan,BTJ Wheal,1,0,,,,,,,,,
1133005,2017/18,2018-03-06,Bulawayo Athletic Club,1,0.3,Hong Kong,Scotland,Aizaz Khan,Nizakat Khan,BTJ Wheal,0,0,,,,,,,,,
1133005,2017/18,2018-03-06,Bulawayo Athletic Club,1,0.4,Hong Kong,Scotland,Aizaz Khan,Nizakat Khan,BTJ Wheal,0,0,,,,,,,,,
1133005,2017/18,2018-03-06,Bulawayo Athletic Club,1,0.5,Hong Kong,Scotland,Aizaz Khan,Nizakat Khan,BTJ Wheal,0,0,,,,,,,,,
1133005,2017/18,2018-03-06,Bulawayo Athletic Club,1,0.6,Hong Kong,Scotland,Aizaz Khan,Nizakat Khan,BTJ Wheal,0,0,,,,,,,,,
1133005,2017/18,2018-03-06,Bulawayo Athletic Club,1,1.1,Hong Kong,Scotland,Nizakat Khan,Aizaz Khan,SM Sharif,0,0,,,,,,,,,
1133005,2017/18,2018-03-06,Bulawayo Athletic Club,1,1.2,Hong Kong,Scotland,Nizakat Khan,Aizaz Khan,SM Sharif,4,1,,1,,,,,,,
1133005,2017/18,2018-03-06,Bulawayo Athletic Club,1,1.3,Hong Kong,Scotland,Nizakat Khan,Aizaz Khan,SM Sharif,1,0,,,,,,,,,
1133005,2017/18,2018-03-06,Bulawayo Athletic Club,1,1.4,Hong Kong,Scotland,Aizaz Khan,Nizakat Khan,SM Sharif,0,0,,,,,,,,,
1133005,2017/18,2018-03-06,Bulawayo Athletic Club,1,1.5,Hong Kong,Scotland,Aizaz Khan,Nizakat Khan,SM Sharif,0,0,,,,,,,,,
1133005,2017/18,2018-03-06,Bulawayo Athletic Club,1,1.6,Hong Kong,Scotland,Aizaz Khan,Nizakat Khan,SM Sharif,0,0,,,,,,,,,
1133005,2017/18,2018-03-06,Bulawayo Athletic Club,1,1.7,Hong Kong,Scotland,Aizaz Khan,Nizakat Khan,SM Sharif,0,0,,,,,,,,,
1133005,2017/18,2018-03-06,Bulawayo Athletic Club,1,2.1,Hong Kong,Scotland,Nizakat Khan,Aizaz Khan,BTJ Wheal,0,0,,,,,,,,,
1133005,2017/18,2018-03-06,Bulawayo Athletic Club,1,2.2,Hong Kong,Scotland,Nizakat Khan,Aizaz Khan,BTJ Wheal,0,0,,,,,,,,,
1133005,2017/18,2018-03-06,Bulawayo Athletic Club,1,2.3,Hong Kong,Scotland,Nizakat Khan,Aizaz Khan,BTJ Wheal,0,0,,,,,,,,,
1133005,2017/18,2018-03-06,Bulawayo Athletic Club,1,2.4,Hong Kong,Scotland,Nizakat Khan,Aizaz Khan,BTJ Wheal,0,0,,,,,,,,,
1133005,2017/18,2018-03-06,Bulawayo Athletic Club,1,2.5,Hong Kong,Scotland,Nizakat Khan,Aizaz Khan,BTJ Wheal,0,0,,,,,,,,,
1133005,2017/18,2018-03-06,Bulawayo Athletic Club,1,2.6,Hong Kong,Scotland,Nizakat Khan,Aizaz Khan,BTJ Wheal,4,0,,,,,,,,,
1133005,2017/18,2018-03-06,Bulawayo Athletic Club,1,3.1,Hong Kong,Scotland,Aizaz Khan,Nizakat Khan,SM Sharif,0,0,,,,,,,,,
1133005,2017/18,2018-03-06,Bulawayo Athletic Club,1,3.2,Hong Kong,Scotland,Aizaz Khan,Nizakat Khan,SM Sharif,1,0,,,,,,,,,
1133005,2017/18,2018-03-06,Bulawayo Athletic Club,1,3.3,Hong Kong,Scotland,Nizakat Khan,Aizaz Khan,SM Sharif,0,0,,,,,,,,,
1133005,2017/18,2018-03-06,Bulawayo Athletic Club,1,3.4,Hong Kong,Scotland,Nizakat Khan,Aizaz Khan,SM Sharif,0,0,,,,,,,,,
1133005,2017/18,2018-03-06,Bulawayo Athletic Club,1,3.5,Hong Kong,Scotland,Nizakat Khan,Aizaz Khan,SM Sharif,1,0,,,,,,,,,
1133005,2017/18,2018-03-06,Bulawayo Athletic Club,1,3.6,Hong Kong,Scotland,Aizaz Khan,Nizakat Khan,SM Sharif,0,0,,,,,,,,,
1133005,2017/18,2018-03-06,Bulawayo Athletic Club,1,4.1,Hong Kong,Scotland,Nizakat Khan,Aizaz Khan,BTJ Wheal,0,0,,,,,,,,,
1133005,2017/18,2018-03-06,Bulawayo Athletic Club,1,4.2,Hong Kong,Scotland,Nizakat Khan,Aizaz Khan,BTJ Wheal,0,0,,,,,,,,,
1133005,2017/18,2018-03-06,Bulawayo Athletic Club,1,4.3,Hong Kong,Scotland,Nizakat Khan,Aizaz Khan,BTJ Wheal,0,0,,,,,,,,,
1133005,2017/18,2018-03-06,Bulawayo Athletic Club,1,4.4,Hong Kong,Scotland,Nizakat Khan,Aizaz Khan,BTJ Wheal,0,0,,,,,,,,,
1133005,2017/18,2018-03-06,Bulawayo Athletic Club,1,4.5,Hong Kong,Scotland,Nizakat Khan,Aizaz Khan,BTJ Wheal,1,0,,,,,,,,,
1133005,2017/18,2018-03-06,Bulawayo Athletic Club,1,4.6,Hong Kong,Scotland,Aizaz Khan,Nizakat Khan,BTJ Wheal,0,0,,,,,,,,,
1133005,2017/18,2018-03-06,Bulawayo Athletic Club,1,5.1,Hong Kong,Scotland,Nizakat Khan,Aizaz Khan,SM Sharif,1,0,,,,,,,,,
1133005,2017/18,2018-03-06,Bulawayo Athletic Club,1,5.2,Hong Kong,Scotland,Aizaz Khan,Nizakat Khan,SM Sharif,1,0,,,,,,,,,
1133005,2017/18,2018-03-06,Bulawayo Athletic Club,1,5.3,Hong Kong,Scotland,Nizakat Khan,Aizaz Khan,SM Sharif,0,0,,,,,,,,,
1133005,2017/18,2018-03-06,Bulawayo Athletic Club,1,5.4,Hong Kong,Scotland,Nizakat Khan,Aizaz Khan,SM Sharif,0,0,,,,,,,,,
1133005,2017/18,2018-03-06,Bulawayo Athletic Club,1,5.5,Hong Kong,Scotland,Nizakat Khan,Aizaz Khan,SM Sharif,1,0,,,,,,,,,
1133005,2017/18,2018-03-06,Bulawayo Athletic Club,1,5.6,Hong Kong,Scotland,Aizaz Khan,Nizakat Khan,SM Sharif,6,0,,,,,,,,,
1133005,2017/18,2018-03-06,Bulawayo Athletic Club,1,6.1,Hong Kong,Scotland,Nizakat Khan,Aizaz Khan,BTJ Wheal,0,0,,,,,,,,,
1133005,2017/18,2018-03-06,Bulawayo Athletic Club,1,6.2,Hong Kong,Scotland,Nizakat Khan,Aizaz Khan,BTJ Wheal,0,0,,,,,,,,,
1133005,2017/18,2018-03-06,Bulawayo Athletic Club,1,6.3,Hong Kong,Scotland,Nizakat Khan,Aizaz Khan,BTJ Wheal,0,0,,,,,,,,,
1133005,2017/18,2018-03-06,Bulawayo Athletic Club,1,6.4,Hong Kong,Scotland,Nizakat Khan,Aizaz Khan,BTJ Wheal,0,0,,,,,,,,,
1133005,2017/18,2018-03-06,Bulawayo Athletic Club,1,6.5,Hong Kong,Scotland,Nizakat Khan,Aizaz Khan,BTJ Wheal,0,0,,,,,,,,,
1133005,2017/18,2018-03-06,Bulawayo Athletic Club,1,6.6,Hong Kong,Scotland,Nizakat Khan,Aizaz Khan,BTJ Wheal,0,0,,,,,,,,,
1133005,2017/18,2018-03-06,Bulawayo Athletic Club,1,7.1,Hong Kong,Scotland,Aizaz Khan,Nizakat Khan,AC Evans,0,0,,,,,,,,,
1133005,2017/18,2018-03-06,Bulawayo Athletic Club,1,7.2,Hong Kong,Scotland,Aizaz Khan,Nizakat Khan,AC Evans,4,0,,,,,,,,,
1133005,2017/18,2018-03-06,Bulawayo Athletic Club,1,7.3,Hong Kong,Scotland,Aizaz Khan,Nizakat Khan,AC Evans,0,0,,,,,,,,,
1133005,2017/18,2018-03-06,Bulawayo Athletic Club,1,7.4,Hong Kong,Scotland,Aizaz Khan,Nizakat Khan,AC Evans,0,0,,,,,,,,,
1133005,2017/18,2018-03-06,Bulawayo Athletic Club,1,7.5,Hong Kong,Scotland,Aizaz Khan,Nizakat Khan,AC Evans,4,0,,,,,,,,,
1133005,2017/18,2018-03-06,Bulawayo Athletic Club,1,7.6,Hong Kong,Scotland,Aizaz Khan,Nizakat Khan,AC Evans,0,0,,,,,,,,,
1133005,2017/18,2018-03-06,Bulawayo Athletic Club,1,8.1,Hong Kong,Scotland,Nizakat Khan,Aizaz Khan,SM Sharif,0,0,,,,,,,,,
1133005,2017/18,2018-03-06,Bulawayo Athletic Club,1,8.2,Hong Kong,Scotland,Nizakat Khan,Aizaz Khan,SM Sharif,0,0,,,,,,,,,
1133005,2017/18,2018-03-06,Bulawayo Athletic Club,1,8.3,Hong Kong,Scotland,Nizakat Khan,Aizaz Khan,SM Sharif,0,0,,,,,,,,,
1133005,2017/18,2018-03-06,Bulawayo Athletic Club,1,8.4,Hong Kong,Scotland,Nizakat Khan,Aizaz Khan,SM Sharif,4,0,,,,,,,,,
1133005,2017/18,2018-03-06,Bulawayo Athletic Club,1,8.5,Hong Kong,Scotland,Nizakat Khan,Aizaz Khan,SM Sharif,0,0,,,,,,,,,
1133005,2017/18,2018-03-06,Bulawayo Athletic Club,1,8.6,Hong Kong,Scotland,Nizakat Khan,Aizaz Khan,SM Sharif,0,0,,,,,,,,,
1133005,2017/18,2018-03-06,Bulawayo Athletic Club,1,9.1,Hong Kong,Scotland,Aizaz Khan,Nizakat Khan,AC Evans,0,0,,,,,,,,,
1133005,2017/18,2018-03-06,Bulawayo Athletic Club,1,9.2,Hong Kong,Scotland,Aizaz Khan,Nizakat Khan,AC Evans,0,0,,,,,,,,,
1133005,2017/18,2018-03-06,Bulawayo Athletic Club,1,9.3,Hong Kong,Scotland,Aizaz Khan,Nizakat Khan,AC Evans,0,1,,,,1,,,,,
1133005,2017/18,2018-03-06,Bulawayo Athletic Club,1,9.4,Hong Kong,Scotland,Nizakat Khan,Aizaz Khan,AC Evans,0,1,1,,,,,,,,
1133005,2017/18,2018-03-06,Bulawayo Athletic Club,1,9.5,Hong Kong,Scotland,Nizakat Khan,Aizaz Khan,AC Evans,0,0,,,,,,,,,
1133005,2017/18,2018-03-06,Bulawayo Athletic Club,1,9.6,Hong Kong,Scotland,Nizakat Khan,Aizaz Khan,AC Evans,4,0,,,,,,,,,
1133005,2017/18,2018-03-06,Bulawayo Athletic Club,1,9.7,Hong Kong,Scotland,Nizakat Khan,Aizaz Khan,AC Evans,4,0,,,,,,,,,
1133005,2017/18,2018-03-06,Bulawayo Athletic Club,1,10.1,Hong Kong,Scotland,Aizaz Khan,Nizakat Khan,MRJ Watt,0,0,,,,,,,,,
1133005,2017/18,2018-03-06,Bulawayo Athletic Club,1,10.2,Hong Kong,Scotland,Aizaz Khan,Nizakat Khan,MRJ Watt,1,0,,,,,,,,,
1133005,2017/18,2018-03-06,Bulawayo Athletic Club,1,10.3,Hong Kong,Scotland,Nizakat Khan,Aizaz Khan,MRJ Watt,0,0,,,,,,,,,
1133005,2017/18,2018-03-06,Bulawayo Athletic Club,1,10.4,Hong Kong,Scotland,Nizakat Khan,Aizaz Khan,MRJ Watt,0,0,,,,,,lbw,Nizakat Khan,,
1133005,2017/18,2018-03-06,Bulawayo Athletic Club,1,10.5,Hong Kong,Scotland,Babar Hayat,Aizaz Khan,MRJ Watt,0,0,,,,,,,,,
1133005,2017/18,2018-03-06,Bulawayo Athletic Club,1,10.6,Hong Kong,Scotland,Babar Hayat,Aizaz Khan,MRJ Watt,0,0,,,,,,,,,
1133005,2017/18,2018-03-06,Bulawayo Athletic Club,1,11.1,Hong Kong,Scotland,Aizaz Khan,Babar Hayat,AC Evans,0,0,,,,,,,,,
1133005,2017/18,2018-03-06,Bulawayo Athletic Club,1,11.2,Hong Kong,Scotland,Aizaz Khan,Babar Hayat,AC Evans,0,0,,,,,,caught,Aizaz Khan,,
1133005,2017/18,2018-03-06,Bulawayo Athletic Club,1,11.3,Hong Kong,Scotland,Anshuman Rath,Babar Hayat,AC Evans,0,0,,,,,,,,,
1133005,2017/18,2018-03-06,Bulawayo Athletic Club,1,11.4,Hong Kong,Scotland,Anshuman Rath,Babar Hayat,AC Evans,0,0,,,,,,,,,
1133005,2017/18,2018-03-06,Bulawayo Athletic Club,1,11.5,Hong Kong,Scotland,Anshuman Rath,Babar Hayat,AC Evans,0,0,,,,,,,,,
1133005,2017/18,2018-03-06,Bulawayo Athletic Club,1,11.6,Hong Kong,Scotland,Anshuman Rath,Babar Hayat,AC Evans,0,0,,,,,,,,,
1133005,2017/18,2018-03-06,Bulawayo Athletic Club,1,12.1,Hong Kong,Scotland,Babar Hayat,Anshuman Rath,MRJ Watt,0,0,,,,,,,,,
1133005,2017/18,2018-03-06,Bulawayo Athletic Club,1,12.2,Hong Kong,Scotland,Babar Hayat,Anshuman Rath,MRJ Watt,0,0,,,,,,,,,
1133005,2017/18,2018-03-06,Bulawayo Athletic Club,1,12.3,Hong Kong,Scotland,Babar Hayat,Anshuman Rath,MRJ Watt,4,0,,,,,,,,,
1133005,2017/18,2018-03-06,Bulawayo Athletic Club,1,12.4,Hong Kong,Scotland,Babar Hayat,Anshuman Rath,MRJ Watt,0,0,,,,,,,,,
1133005,2017/18,2018-03-06,Bulawayo Athletic Club,1,12.5,Hong Kong,Scotland,Babar Hayat,Anshuman Rath,MRJ Watt,2,0,,,,,,,,,
1133005,2017/18,2018-03-06,Bulawayo Athletic Club,1,12.6,Hong Kong,Scotland,Babar Hayat,Anshuman Rath,MRJ Watt,0,0,,,,,,,,,
1133005,2017/18,2018-03-06,Bulawayo Athletic Club,1,13.1,Hong Kong,Scotland,Anshuman Rath,Babar Hayat,TB Sole,0,0,,,,,,lbw,Anshuman Rath,,
1133005,2017/18,2018-03-06,Bulawayo Athletic Club,1,13.2,Hong Kong,Scotland,SS McKechnie,Babar Hayat,TB Sole,0,0,,,,,,,,,
1133005,2017/18,2018-03-06,Bulawayo Athletic Club,1,13.3,Hong Kong,Scotland,SS McKechnie,Babar Hayat,TB Sole,0,0,,,,,,bowled,SS McKechnie,,
1133005,2017/18,2018-03-06,Bulawayo Athletic Club,1,13.4,Hong Kong,Scotland,Shahid Wasif,Babar Hayat,TB Sole,0,0,,,,,,,,,
1133005,2017/18,2018-03-06,Bulawayo Athletic Club,1,13.5,Hong Kong,Scotland,Shahid Wasif,Babar Hayat,TB Sole,0,0,,,,,,,,,
1133005,2017/18,2018-03-06,Bulawayo Athletic Club,1,13.6,Hong Kong,Scotland,Shahid Wasif,Babar Hayat,TB Sole,0,0,,,,,,,,,
1133005,2017/18,2018-03-06,Bulawayo Athletic Club,1,14.1,Hong Kong,Scotland,Babar Hayat,Shahid Wasif,MRJ Watt,1,0,,,,,,,,,
1133005,2017/18,2018-03-06,Bulawayo Athletic Club,1,14.2,Hong Kong,Scotland,Shahid Wasif,Babar Hayat,MRJ Watt,0,0,,,,,,,,,
1133005,2017/18,2018-03-06,Bulawayo Athletic Club,1,14.3,Hong Kong,Scotland,Shahid Wasif,Babar Hayat,MRJ Watt,0,0,,,,,,,,,
1133005,2017/18,2018-03-06,Bulawayo Athletic Club,1,14.4,Hong Kong,Scotland,Shahid Wasif,Babar Hayat,MRJ Watt,0,0,,,,,,,,,
1133005,2017/18,2018-03-06,Bulawayo Athletic Club,1,14.5,Hong Kong,Scotland,Shahid Wasif,Babar Hayat,MRJ Watt,0,0,,,,,,,,,
1133005,2017/18,2018-03-06,Bulawayo Athletic Club,1,14.6,Hong Kong,Scotland,Shahid Wasif,Babar Hayat,MRJ Watt,0,0,,,,,,,,,
1133005,2017/18,2018-03-06,Bulawayo Athletic Club,1,15.1,Hong Kong,Scotland,Babar Hayat,Shahid Wasif,BTJ Wheal,0,0,,,,,,,,,
1133005,2017/18,2018-03-06,Bulawayo Athletic Club,1,15.2,Hong Kong,Scotland,Babar Hayat,Shahid Wasif,BTJ Wheal,0,0,,,,,,,,,
1133005,2017/18,2018-03-06,Bulawayo Athletic Club,1,15.3,Hong Kong,Scotland,Babar Hayat,Shahid Wasif,BTJ Wheal,0,0,,,,,,,,,
1133005,2017/18,2018-03-06,Bulawayo Athletic Club,1,15.4,Hong Kong,Scotland,Babar Hayat,Shahid Wasif,BTJ Wheal,0,0,,,,,,,,,
1133005,2017/18,2018-03-06,Bulawayo Athletic Club,1,15.5,Hong Kong,Scotland,Babar Hayat,Shahid Wasif,BTJ Wheal,0,0,,,,,,,,,
1133005,2017/18,2018-03-06,Bulawayo Athletic Club,1,15.6,Hong Kong,Scotland,Babar Hayat,Shahid Wasif,BTJ Wheal,0,0,,,,,,,,,
1133005,2017/18,2018-03-06,Bulawayo Athletic Club,1,16.1,Hong Kong,Scotland,Shahid Wasif,Babar Hayat,MRJ Watt,0,0,,,,,,,,,
1133005,2017/18,2018-03-06,Bulawayo Athletic Club,1,16.2,Hong Kong,Scotland,Shahid Wasif,Babar Hayat,MRJ Watt,0,0,,,,,,,,,
1133005,2017/18,2018-03-06,Bulawayo Athletic Club,1,16.3,Hong Kong,Scotland,Shahid Wasif,Babar Hayat,MRJ Watt,0,0,,,,,,,,,
1133005,2017/18,2018-03-06,Bulawayo Athletic Club,1,16.4,Hong Kong,Scotland,Shahid Wasif,Babar Hayat,MRJ Watt,0,0,,,,,,,,,
1133005,2017/18,2018-03-06,Bulawayo Athletic Club,1,16.5,Hong Kong,Scotland,Shahid Wasif,Babar Hayat,MRJ Watt,0,0,,,,,,,,,
1133005,2017/18,2018-03-06,Bulawayo Athletic Club,1,16.6,Hong Kong,Scotland,Shahid Wasif,Babar Hayat,MRJ Watt,0,0,,,,,,,,,
1133005,2017/18,2018-03-06,Bulawayo Athletic Club,1,17.1,Hong Kong,Scotland,Babar Hayat,Shahid Wasif,TB Sole,0,0,,,,,,,,,
1133005,2017/18,2018-03-06,Bulawayo Athletic Club,1,17.2,Hong Kong,Scotland,Babar Hayat,Shahid Wasif,TB Sole,0,0,,,,,,,,,
1133005,2017/18,2018-03-06,Bulawayo Athletic Club,1,17.3,Hong Kong,Scotland,Babar Hayat,Shahid Wasif,TB Sole,0,0,,,,,,,,,
1133005,2017/18,2018-03-06,Bulawayo Athletic Club,1,17.4,Hong Kong,Scotland,Babar Hayat,Shahid Wasif,TB Sole,0,0,,,,,,,,,
1133005,2017/18,2018-03-06,Bulawayo Athletic Club,1,17.5,Hong Kong,Scotland,Babar Hayat,Shahid Wasif,TB Sole,0,0,,,,,,,,,
1133005,2017/18,2018-03-06,Bulawayo Athletic Club,1,17.6,Hong Kong,Scotland,Babar Hayat,Shahid Wasif,TB Sole,0,0,,,,,,,,,
1133005,2017/18,2018-03-06,Bulawayo Athletic Club,1,18.1,Hong Kong,Scotland,Shahid Wasif,Babar Hayat,BTJ Wheal,0,0,,,,,,,,,
1133005,2017/18,2018-03-06,Bulawayo Athletic Club,1,18.2,Hong Kong,Scotland,Shahid Wasif,Babar Hayat,BTJ Wheal,0,0,,,,,,,,,
1133005,2017/18,2018-03-06,Bulawayo Athletic Club,1,18.3,Hong Kong,Scotland,Shahid Wasif,Babar Hayat,BTJ Wheal,0,0,,,,,,,,,
1133005,2017/18,2018-03-06,Bulawayo Athletic Club,1,18.4,Hong Kong,Scotland,Shahid Wasif,Babar Hayat,BTJ Wheal,0,0,,,,,,,,,
1133005,2017/18,2018-03-06,Bulawayo Athletic Club,1,18.5,Hong Kong,Scotland,Shahid Wasif,Babar Hayat,BTJ Wheal,0,0,,,,,,,,,
1133005,2017/18,2018-03-06,Bulawayo Athletic Club,1,18.6,Hong Kong,Scotland,Shahid Wasif,Babar Hayat,BTJ Wheal,0,0,,,,,,,,,
1133005,2017/18,2018-03-06,Bulawayo Athletic Club,1,19.1,Hong Kong,Scotland,Babar Hayat,Shahid Wasif,TB Sole,0,0,,,,,,caught,Babar Hayat,,
1133005,2017/18,2018-03-06,Bulawayo Athletic Club,1,19.2,Hong Kong,Scotland,Waqas Barkat,Shahid Wasif,TB Sole,0,0,,,,,,,,,
1133005,2017/18,2018-03-06,Bulawayo Athletic Club,1,19.3,Hong Kong,Scotland,Waqas Barkat,Shahid Wasif,TB Sole,0,0,,,,,,,,,
1133005,2017/18,2018-03-06,Bulawayo Athletic Club,1,19.4,Hong Kong,Scotland,Waqas Barkat,Shahid Wasif,TB Sole,0,0,,,,,,,,,
1133005,2017/18,2018-03-06,Bulawayo Athletic Club,1,19.5,Hong Kong,Scotland,Waqas Barkat,Shahid Wasif,TB Sole,0,0,,,,,,,,,
1133005,2017/18,2018-03-06,Bulawayo Athletic Club,1,19.6,Hong Kong,Scotland,Waqas Barkat,Shahid Wasif,TB Sole,0,0,,,,,,,,,
1133005,2017/18,2018-03-06,Bulawayo Athletic Club,1,20.1,Hong Kong,Scotland,Shahid Wasif,Waqas Barkat,BTJ Wheal,0,0,,,,,,,,,
1133005,2017/18,2018-03-06,Bulawayo Athletic Club,1,20.2,Hong Kong,Scotland,Shahid Wasif,Waqas Barkat,BTJ Wheal,0,0,,,,,,,,,
1133005,2017/18,2018-03-06,Bulawayo Athletic Club,1,20.3,Hong Kong,Scotland,Shahid Wasif,Waqas Barkat,BTJ Wheal,4,0,,,,,,,,,
1133005,2017/18,2018-03-06,Bulawayo Athletic Club,1,20.4,Hong Kong,Scotland,Shahid Wasif,Waqas Barkat,BTJ Wheal,0,0,,,,,,,,,
1133005,2017/18,2018-03-06,Bulawayo Athletic Club,1,20.5,Hong Kong,Scotland,Shahid Wasif,Waqas Barkat,BTJ Wheal,0,0,,,,,,,,,
1133005,2017/18,2018-03-06,Bulawayo Athletic Club,1,20.6,Hong Kong,Scotland,Shahid Wasif,Waqas Barkat,BTJ Wheal,1,0,,,,,,,,,
1133005,2017/18,2018-03-06,Bulawayo Athletic Club,1,21.1,Hong Kong,Scotland,Shahid Wasif,Waqas Barkat,TB Sole,2,0,,,,,,,,,
1133005,2017/18,2018-03-06,Bulawayo Athletic Club,1,21.2,Hong Kong,Scotland,Shahid Wasif,Waqas Barkat,TB Sole,0,0,,,,,,,,,
1133005,2017/18,2018-03-06,Bulawayo Athletic Club,1,21.3,Hong Kong,Scotland,Shahid Wasif,Waqas Barkat,TB Sole,1,0,,,,,,,,,
1133005,2017/18,2018-03-06,Bulawayo Athletic Club,1,21.4,Hong Kong,Scotland,Waqas Barkat,Shahid Wasif,TB Sole,0,0,,,,,,,,,
1133005,2017/18,2018-03-06,Bulawayo Athletic Club,1,21.5,Hong Kong,Scotland,Waqas Barkat,Shahid Wasif,TB Sole,0,0,,,,,,,,,
1133005,2017/18,2018-03-06,Bulawayo Athletic Club,1,21.6,Hong Kong,Scotland,Waqas Barkat,Shahid Wasif,TB Sole,0,0,,,,,,,,,
1133005,2017/18,2018-03-06,Bulawayo Athletic Club,1,22.1,Hong Kong,Scotland,Shahid Wasif,Waqas Barkat,SM Sharif,0,0,,,,,,,,,
1133005,2017/18,2018-03-06,Bulawayo Athletic Club,1,22.2,Hong Kong,Scotland,Shahid Wasif,Waqas Barkat,SM Sharif,0,0,,,,,,,,,
1133005,2017/18,2018-03-06,Bulawayo Athletic Club,1,22.3,Hong Kong,Scotland,Shahid Wasif,Waqas Barkat,SM Sharif,0,0,,,,,,,,,
1133005,2017/18,2018-03-06,Bulawayo Athletic Club,1,22.4,Hong Kong,Scotland,Shahid Wasif,Waqas Barkat,SM Sharif,0,0,,,,,,,,,
1133005,2017/18,2018-03-06,Bulawayo Athletic Club,1,22.5,Hong Kong,Scotland,Shahid Wasif,Waqas Barkat,SM Sharif,0,0,,,,,,caught,Shahid Wasif,,
1133005,2017/18,2018-03-06,Bulawayo Athletic Club,1,22.6,Hong Kong,Scotland,Tanwir Afzal,Waqas Barkat,SM Sharif,0,0,,,,,,,,,
1133005,2017/18,2018-03-06,Bulawayo Athletic Club,1,23.1,Hong Kong,Scotland,Waqas Barkat,Tanwir Afzal,TB Sole,1,0,,,,,,,,,
1133005,2017/18,2018-03-06,Bulawayo Athletic Club,1,23.2,Hong Kong,Scotland,Tanwir Afzal,Waqas Barkat,TB Sole,0,0,,,,,,,,,
1133005,2017/18,2018-03-06,Bulawayo Athletic Club,1,23.3,Hong Kong,Scotland,Tanwir Afzal,Waqas Barkat,TB Sole,1,0,,,,,,,,,
1133005,2017/18,2018-03-06,Bulawayo Athletic Club,1,23.4,Hong Kong,Scotland,Waqas Barkat,Tanwir Afzal,TB Sole,4,0,,,,,,,,,
1133005,2017/18,2018-03-06,Bulawayo Athletic Club,1,23.5,Hong Kong,Scotland,Waqas Barkat,Tanwir Afzal,TB Sole,0,0,,,,,,,,,
1133005,2017/18,2018-03-06,Bulawayo Athletic Club,1,23.6,Hong Kong,Scotland,Waqas Barkat,Tanwir Afzal,TB Sole,0,0,,,,,,bowled,Waqas Barkat,,
1133005,2017/18,2018-03-06,Bulawayo Athletic Club,1,24.1,Hong Kong,Scotland,Tanwir Afzal,Ehsan Khan,SM Sharif,0,0,,,,,,,,,
1133005,2017/18,2018-03-06,Bulawayo Athletic Club,1,24.2,Hong Kong,Scotland,Tanwir Afzal,Ehsan Khan,SM Sharif,1,0,,,,,,,,,
1133005,2017/18,2018-03-06,Bulawayo Athletic Club,1,24.3,Hong Kong,Scotland,Ehsan Khan,Tanwir Afzal,SM Sharif,0,0,,,,,,,,,
1133005,2017/18,2018-03-06,Bulawayo Athletic Club,1,24.4,Hong Kong,Scotland,Ehsan Khan,Tanwir Afzal,SM Sharif,0,0,,,,,,,,,
1133005,2017/18,2018-03-06,Bulawayo Athletic Club,1,24.5,Hong Kong,Scotland,Ehsan Khan,Tanwir Afzal,SM Sharif,0,0,,,,,,,,,
1133005,2017/18,2018-03-06,Bulawayo Athletic Club,1,24.6,Hong Kong,Scotland,Ehsan Khan,Tanwir Afzal,SM Sharif,0,0,,,,,,,,,
1133005,2017/18,2018-03-06,Bulawayo Athletic Club,1,25.1,Hong Kong,Scotland,Tanwir Afzal,Ehsan Khan,TB Sole,0,0,,,,,,,,,
1133005,2017/18,2018-03-06,Bulawayo Athletic Club,1,25.2,Hong Kong,Scotland,Tanwir Afzal,Ehsan Khan,TB Sole,0,0,,,,,,,,,
1133005,2017/18,2018-03-06,Bulawayo Athletic Club,1,25.3,Hong Kong,Scotland,Tanwir Afzal,Ehsan Khan,TB Sole,0,0,,,,,,,,,
1133005,2017/18,2018-03-06,Bulawayo Athletic Club,1,25.4,Hong Kong,Scotland,Tanwir Afzal,Ehsan Khan,TB Sole,0,0,,,,,,,,,
1133005,2017/18,2018-03-06,Bulawayo Athletic Club,1,25.5,Hong Kong,Scotland,Tanwir Afzal,Ehsan Khan,TB Sole,1,0,,,,,,,,,
1133005,2017/18,2018-03-06,Bulawayo Athletic Club,1,25.6,Hong Kong,Scotland,Ehsan Khan,Tanwir Afzal,TB Sole,0,0,,,,,,,,,
1133005,2017/18,2018-03-06,Bulawayo Athletic Club,1,26.1,Hong Kong,Scotland,Tanwir Afzal,Ehsan Khan,SM Sharif,0,0,,,,,,,,,
1133005,2017/18,2018-03-06,Bulawayo Athletic Club,1,26.2,Hong Kong,Scotland,Tanwir Afzal,Ehsan Khan,SM Sharif,0,0,,,,,,,,,
1133005,2017/18,2018-03-06,Bulawayo Athletic Club,1,26.3,Hong Kong,Scotland,Tanwir Afzal,Ehsan Khan,SM Sharif,0,0,,,,,,,,,
1133005,2017/18,2018-03-06,Bulawayo Athletic Club,1,26.4,Hong Kong,Scotland,Tanwir Afzal,Ehsan Khan,SM Sharif,0,0,,,,,,,,,
1133005,2017/18,2018-03-06,Bulawayo Athletic Club,1,26.5,Hong Kong,Scotland,Tanwir Afzal,Ehsan Khan,SM Sharif,0,0,,,,,,,,,
1133005,2017/18,2018-03-06,Bulawayo Athletic Club,1,26.6,Hong Kong,Scotland,Tanwir Afzal,Ehsan Khan,SM Sharif,0,0,,,,,,,,,
1133005,2017/18,2018-03-06,Bulawayo Athletic Club,1,27.1,Hong Kong,Scotland,Ehsan Khan,Tanwir Afzal,TB Sole,0,0,,,,,,,,,
1133005,2017/18,2018-03-06,Bulawayo Athletic Club,1,27.2,Hong Kong,Scotland,Ehsan Khan,Tanwir Afzal,TB Sole,0,0,,,,,,,,,
1133005,2017/18,2018-03-06,Bulawayo Athletic Club,1,27.3,Hong Kong,Scotland,Ehsan Khan,Tanwir Afzal,TB Sole,0,0,,,,,,,,,
1133005,2017/18,2018-03-06,Bulawayo Athletic Club,1,27.4,Hong Kong,Scotland,Ehsan Khan,Tanwir Afzal,TB Sole,0,0,,,,,,,,,
1133005,2017/18,2018-03-06,Bulawayo Athletic Club,1,27.5,Hong Kong,Scotland,Ehsan Khan,Tanwir Afzal,TB Sole,0,0,,,,,,,,,
1133005,2017/18,2018-03-06,Bulawayo Athletic Club,1,27.6,Hong Kong,Scotland,Ehsan Khan,Tanwir Afzal,TB Sole,4,0,,,,,,,,,
1133005,2017/18,2018-03-06,Bulawayo Athletic Club,1,28.1,Hong Kong,Scotland,Tanwir Afzal,Ehsan Khan,MRJ Watt,0,0,,,,,,,,,
1133005,2017/18,2018-03-06,Bulawayo Athletic Club,1,28.2,Hong Kong,Scotland,Tanwir Afzal,Ehsan Khan,MRJ Watt,0,0,,,,,,,,,
1133005,2017/18,2018-03-06,Bulawayo Athletic Club,1,28.3,Hong Kong,Scotland,Tanwir Afzal,Ehsan Khan,MRJ Watt,2,0,,,,,,,,,
1133005,2017/18,2018-03-06,Bulawayo Athletic Club,1,28.4,Hong Kong,Scotland,Tanwir Afzal,Ehsan Khan,MRJ Watt,1,0,,,,,,,,,
1133005,2017/18,2018-03-06,Bulawayo Athletic Club,1,28.5,Hong Kong,Scotland,Ehsan Khan,Tanwir Afzal,MRJ Watt,4,0,,,,,,,,,
1133005,2017/18,2018-03-06,Bulawayo Athletic Club,1,28.6,Hong Kong,Scotland,Ehsan Khan,Tanwir Afzal,MRJ Watt,0,0,,,,,,,,,
1133005,2017/18,2018-03-06,Bulawayo Athletic Club,1,29.1,Hong Kong,Scotland,Tanwir Afzal,Ehsan Khan,AC Evans,0,0,,,,,,,,,
1133005,2017/18,2018-03-06,Bulawayo Athletic Club,1,29.2,Hong Kong,Scotland,Tanwir Afzal,Ehsan Khan,AC Evans,0,0,,,,,,,,,
1133005,2017/18,2018-03-06,Bulawayo Athletic Club,1,29.3,Hong Kong,Scotland,Tanwir Afzal,Ehsan Khan,AC Evans,0,0,,,,,,,,,
1133005,2017/18,2018-03-06,Bulawayo Athletic Club,1,29.4,Hong Kong,Scotland,Tanwir Afzal,Ehsan Khan,AC Evans,0,0,,,,,,,,,
1133005,2017/18,2018-03-06,Bulawayo Athletic Club,1,29.5,Hong Kong,Scotland,Tanwir Afzal,Ehsan Khan,AC Evans,0,0,,,,,,,,,
1133005,2017/18,2018-03-06,Bulawayo Athletic Club,1,29.6,Hong Kong,Scotland,Tanwir Afzal,Ehsan Khan,AC Evans,0,0,,,,,,,,,
1133005,2017/18,2018-03-06,Bulawayo Athletic Club,1,30.1,Hong Kong,Scotland,Ehsan Khan,Tanwir Afzal,MRJ Watt,1,0,,,,,,,,,
1133005,2017/18,2018-03-06,Bulawayo Athletic Club,1,30.2,Hong Kong,Scotland,Tanwir Afzal,Ehsan Khan,MRJ Watt,0,0,,,,,,,,,
1133005,2017/18,2018-03-06,Bulawayo Athletic Club,1,30.3,Hong Kong,Scotland,Tanwir Afzal,Ehsan Khan,MRJ Watt,1,0,,,,,,,,,
1133005,2017/18,2018-03-06,Bulawayo Athletic Club,1,30.4,Hong Kong,Scotland,Ehsan Khan,Tanwir Afzal,MRJ Watt,0,0,,,,,,,,,
1133005,2017/18,2018-03-06,Bulawayo Athletic Club,1,30.5,Hong Kong,Scotland,Ehsan Khan,Tanwir Afzal,MRJ Watt,0,0,,,,,,,,,
1133005,2017/18,2018-03-06,Bulawayo Athletic Club,1,30.6,Hong Kong,Scotland,Ehsan Khan,Tanwir Afzal,MRJ Watt,0,0,,,,,,,,,
1133005,2017/18,2018-03-06,Bulawayo Athletic Club,1,31.1,Hong Kong,Scotland,Tanwir Afzal,Ehsan Khan,AC Evans,0,0,,,,,,,,,
1133005,2017/18,2018-03-06,Bulawayo Athletic Club,1,31.2,Hong Kong,Scotland,Tanwir Afzal,Ehsan Khan,AC Evans,0,0,,,,,,caught,Tanwir Afzal,,
1133005,2017/18,2018-03-06,Bulawayo Athletic Club,1,31.3,Hong Kong,Scotland,Ehsan Khan,Ehsan Nawaz,AC Evans,0,1,1,,,,,,,,
1133005,2017/18,2018-03-06,Bulawayo Athletic Club,1,31.4,Hong Kong,Scotland,Ehsan Khan,Ehsan Nawaz,AC Evans,0,0,,,,,,,,,
1133005,2017/18,2018-03-06,Bulawayo Athletic Club,1,31.5,Hong Kong,Scotland,Ehsan Khan,Ehsan Nawaz,AC Evans,0,0,,,,,,,,,
1133005,2017/18,2018-03-06,Bulawayo Athletic Club,1,31.6,Hong Kong,Scotland,Ehsan Khan,Ehsan Nawaz,AC Evans,0,0,,,,,,,,,
1133005,2017/18,2018-03-06,Bulawayo Athletic Club,1,31.7,Hong Kong,Scotland,Ehsan Khan,Ehsan Nawaz,AC Evans,0,0,,,,,,,,,
1133005,2017/18,2018-03-06,Bulawayo Athletic Club,1,32.1,Hong Kong,Scotland,Ehsan Nawaz,Ehsan Khan,MRJ Watt,0,0,,,,,,,,,
1133005,2017/18,2018-03-06,Bulawayo Athletic Club,1,32.2,Hong Kong,Scotland,Ehsan Nawaz,Ehsan Khan,MRJ Watt,0,0,,,,,,bowled,Ehsan Nawaz,,
1133005,2017/18,2018-03-06,Bulawayo Athletic Club,1,32.3,Hong Kong,Scotland,Nadeem Ahmed,Ehsan Khan,MRJ Watt,1,0,,,,,,,,,
1133005,2017/18,2018-03-06,Bulawayo Athletic Club,1,32.4,Hong Kong,Scotland,Ehsan Khan,Nadeem Ahmed,MRJ Watt,4,0,,,,,,,,,
1133005,2017/18,2018-03-06,Bulawayo Athletic Club,1,32.5,Hong Kong,Scotland,Ehsan Khan,Nadeem Ahmed,MRJ Watt,0,0,,,,,,,,,
1133005,2017/18,2018-03-06,Bulawayo Athletic Club,1,32.6,Hong Kong,Scotland,Ehsan Khan,Nadeem Ahmed,MRJ Watt,1,0,,,,,,,,,
1133005,2017/18,2018-03-06,Bulawayo Athletic Club,1,33.1,Hong Kong,Scotland,Ehsan Khan,Nadeem Ahmed,TB Sole,0,0,,,,,,,,,
1133005,2017/18,2018-03-06,Bulawayo Athletic Club,1,33.2,Hong Kong,Scotland,Ehsan Khan,Nadeem Ahmed,TB Sole,0,0,,,,,,,,,
1133005,2017/18,2018-03-06,Bulawayo Athletic Club,1,33.3,Hong Kong,Scotland,Ehsan Khan,Nadeem Ahmed,TB Sole,0,0,,,,,,,,,
1133005,2017/18,2018-03-06,Bulawayo Athletic Club,1,33.4,Hong Kong,Scotland,Ehsan Khan,Nadeem Ahmed,TB Sole,0,0,,,,,,,,,
1133005,2017/18,2018-03-06,Bulawayo Athletic Club,1,33.5,Hong Kong,Scotland,Ehsan Khan,Nadeem Ahmed,TB Sole,0,0,,,,,,,,,
1133005,2017/18,2018-03-06,Bulawayo Athletic Club,1,33.6,Hong Kong,Scotland,Ehsan Khan,Nadeem Ahmed,TB Sole,1,0,,,,,,,,,
1133005,2017/18,2018-03-06,Bulawayo Athletic Club,1,34.1,Hong Kong,Scotland,Ehsan Khan,Nadeem Ahmed,AC Evans,0,0,,,,,,,,,
1133005,2017/18,2018-03-06,Bulawayo Athletic Club,1,34.2,Hong Kong,Scotland,Ehsan Khan,Nadeem Ahmed,AC Evans,0,0,,,,,,,,,
1133005,2017/18,2018-03-06,Bulawayo Athletic Club,1,34.3,Hong Kong,Scotland,Ehsan Khan,Nadeem Ahmed,AC Evans,0,0,,,,,,,,,
1133005,2017/18,2018-03-06,Bulawayo Athletic Club,1,34.4,Hong Kong,Scotland,Ehsan Khan,Nadeem Ahmed,AC Evans,1,0,,,,,,,,,
1133005,2017/18,2018-03-06,Bulawayo Athletic Club,1,34.5,Hong Kong,Scotland,Nadeem Ahmed,Ehsan Khan,AC Evans,0,0,,,,,,,,,
1133005,2017/18,2018-03-06,Bulawayo Athletic Club,1,34.6,Hong Kong,Scotland,Nadeem Ahmed,Ehsan Khan,AC Evans,0,0,,,,,,,,,
1133005,2017/18,2018-03-06,Bulawayo Athletic Club,1,35.1,Hong Kong,Scotland,Ehsan Khan,Nadeem Ahmed,TB Sole,0,0,,,,,,,,,
1133005,2017/18,2018-03-06,Bulawayo Athletic Club,1,35.2,Hong Kong,Scotland,Ehsan Khan,Nadeem Ahmed,TB Sole,0,0,,,,,,,,,
1133005,2017/18,2018-03-06,Bulawayo Athletic Club,1,35.3,Hong Kong,Scotland,Ehsan Khan,Nadeem Ahmed,TB Sole,0,0,,,,,,,,,
1133005,2017/18,2018-03-06,Bulawayo Athletic Club,1,35.4,Hong Kong,Scotland,Ehsan Khan,Nadeem Ahmed,TB Sole,0,0,,,,,,,,,
1133005,2017/18,2018-03-06,Bulawayo Athletic Club,1,35.5,Hong Kong,Scotland,Ehsan Khan,Nadeem Ahmed,TB Sole,0,0,,,,,,,,,
1133005,2017/18,2018-03-06,Bulawayo Athletic Club,1,35.6,Hong Kong,Scotland,Ehsan Khan,Nadeem Ahmed,TB Sole,0,0,,,,,,,,,
1133005,2017/18,2018-03-06,Bulawayo Athletic Club,1,36.1,Hong Kong,Scotland,Nadeem Ahmed,Ehsan Khan,AC Evans,0,0,,,,,,,,,
1133005,2017/18,2018-03-06,Bulawayo Athletic Club,1,36.2,Hong Kong,Scotland,Nadeem Ahmed,Ehsan Khan,AC Evans,0,0,,,,,,,,,
1133005,2017/18,2018-03-06,Bulawayo Athletic Club,1,36.3,Hong Kong,Scotland,Nadeem Ahmed,Ehsan Khan,AC Evans,0,0,,,,,,,,,
1133005,2017/18,2018-03-06,Bulawayo Athletic Club,1,36.4,Hong Kong,Scotland,Nadeem Ahmed,Ehsan Khan,AC Evans,0,0,,,,,,,,,
1133005,2017/18,2018-03-06,Bulawayo Athletic Club,1,36.5,Hong Kong,Scotland,Nadeem Ahmed,Ehsan Khan,AC Evans,0,0,,,,,,,,,
1133005,2017/18,2018-03-06,Bulawayo Athletic Club,1,36.6,Hong Kong,Scotland,Nadeem Ahmed,Ehsan Khan,AC Evans,0,0,,,,,,,,,
1133005,2017/18,2018-03-06,Bulawayo Athletic Club,1,37.1,Hong Kong,Scotland,Ehsan Khan,Nadeem Ahmed,TB Sole,0,0,,,,,,,,,
1133005,2017/18,2018-03-06,Bulawayo Athletic Club,1,37.2,Hong Kong,Scotland,Ehsan Khan,Nadeem Ahmed,TB Sole,0,0,,,,,,,,,
1133005,2017/18,2018-03-06,Bulawayo Athletic Club,1,37.3,Hong Kong,Scotland,Ehsan Khan,Nadeem Ahmed,TB Sole,0,0,,,,,,,,,
1133005,2017/18,2018-03-06,Bulawayo Athletic Club,1,37.4,Hong Kong,Scotland,Ehsan Khan,Nadeem Ahmed,TB Sole,0,0,,,,,,,,,
1133005,2017/18,2018-03-06,Bulawayo Athletic Club,1,37.5,Hong Kong,Scotland,Ehsan Khan,Nadeem Ahmed,TB Sole,0,0,,,,,,,,,
1133005,2017/18,2018-03-06,Bulawayo Athletic Club,1,37.6,Hong Kong,Scotland,Ehsan Khan,Nadeem Ahmed,TB Sole,0,0,,,,,,,,,
1133005,2017/18,2018-03-06,Bulawayo Athletic Club,1,38.1,Hong Kong,Scotland,Nadeem Ahmed,Ehsan Khan,AC Evans,0,0,,,,,,,,,
1133005,2017/18,2018-03-06,Bulawayo Athletic Club,1,38.2,Hong Kong,Scotland,Nadeem Ahmed,Ehsan Khan,AC Evans,0,0,,,,,,caught,Nadeem Ahmed,,
1133005,2017/18,2018-03-06,Bulawayo Athletic Club,2,0.1,Scotland,Hong Kong,MH Cross,KJ Coetzer,Nadeem Ahmed,0,0,,,,,,,,,
1133005,2017/18,2018-03-06,Bulawayo Athletic Club,2,0.2,Scotland,Hong Kong,MH Cross,KJ Coetzer,Nadeem Ahmed,0,0,,,,,,,,,
1133005,2017/18,2018-03-06,Bulawayo Athletic Club,2,0.3,Scotland,Hong Kong,MH Cross,KJ Coetzer,Nadeem Ahmed,0,0,,,,,,,,,
1133005,2017/18,2018-03-06,Bulawayo Athletic Club,2,0.4,Scotland,Hong Kong,MH Cross,KJ Coetzer,Nadeem Ahmed,0,0,,,,,,,,,
1133005,2017/18,2018-03-06,Bulawayo Athletic Club,2,0.5,Scotland,Hong Kong,MH Cross,KJ Coetzer,Nadeem Ahmed,0,0,,,,,,,,,
1133005,2017/18,2018-03-06,Bulawayo Athletic Club,2,0.6,Scotland,Hong Kong,MH Cross,KJ Coetzer,Nadeem Ahmed,0,0,,,,,,,,,
1133005,2017/18,2018-03-06,Bulawayo Athletic Club,2,1.1,Scotland,Hong Kong,KJ Coetzer,MH Cross,Ehsan Nawaz,0,0,,,,,,,,,
1133005,2017/18,2018-03-06,Bulawayo Athletic Club,2,1.2,Scotland,Hong Kong,KJ Coetzer,MH Cross,Ehsan Nawaz,0,0,,,,,,,,,
1133005,2017/18,2018-03-06,Bulawayo Athletic Club,2,1.3,Scotland,Hong Kong,KJ Coetzer,MH Cross,Ehsan Nawaz,0,0,,,,,,,,,
1133005,2017/18,2018-03-06,Bulawayo Athletic Club,2,1.4,Scotland,Hong Kong,KJ Coetzer,MH Cross,Ehsan Nawaz,0,1,,1,,,,,,,
1133005,2017/18,2018-03-06,Bulawayo Athletic Club,2,1.5,Scotland,Hong Kong,KJ Coetzer,MH Cross,Ehsan Nawaz,1,0,,,,,,,,,
1133005,2017/18,2018-03-06,Bulawayo Athletic Club,2,1.6,Scotland,Hong Kong,MH Cross,KJ Coetzer,Ehsan Nawaz,0,0,,,,,,,,,
1133005,2017/18,2018-03-06,Bulawayo Athletic Club,2,1.7,Scotland,Hong Kong,MH Cross,KJ Coetzer,Ehsan Nawaz,2,0,,,,,,,,,
1133005,2017/18,2018-03-06,Bulawayo Athletic Club,2,2.1,Scotland,Hong Kong,KJ Coetzer,MH Cross,Nadeem Ahmed,0,0,,,,,,,,,
1133005,2017/18,2018-03-06,Bulawayo Athletic Club,2,2.2,Scotland,Hong Kong,KJ Coetzer,MH Cross,Nadeem Ahmed,0,0,,,,,,,,,
1133005,2017/18,2018-03-06,Bulawayo Athletic Club,2,2.3,Scotland,Hong Kong,KJ Coetzer,MH Cross,Nadeem Ahmed,0,0,,,,,,,,,
1133005,2017/18,2018-03-06,Bulawayo Athletic Club,2,2.4,Scotland,Hong Kong,KJ Coetzer,MH Cross,Nadeem Ahmed,4,0,,,,,,,,,
1133005,2017/18,2018-03-06,Bulawayo Athletic Club,2,2.5,Scotland,Hong Kong,KJ Coetzer,MH Cross,Nadeem Ahmed,0,0,,,,,,,,,
1133005,2017/18,2018-03-06,Bulawayo Athletic Club,2,2.6,Scotland,Hong Kong,KJ Coetzer,MH Cross,Nadeem Ahmed,2,0,,,,,,,,,
1133005,2017/18,2018-03-06,Bulawayo Athletic Club,2,3.1,Scotland,Hong Kong,MH Cross,KJ Coetzer,Ehsan Nawaz,0,0,,,,,,,,,
1133005,2017/18,2018-03-06,Bulawayo Athletic Club,2,3.2,Scotland,Hong Kong,MH Cross,KJ Coetzer,Ehsan Nawaz,0,0,,,,,,bowled,MH Cross,,
1133005,2017/18,2018-03-06,Bulawayo Athletic Club,2,3.3,Scotland,Hong Kong,CS MacLeod,KJ Coetzer,Ehsan Nawaz,4,0,,,,,,,,,
1133005,2017/18,2018-03-06,Bulawayo Athletic Club,2,3.4,Scotland,Hong Kong,CS MacLeod,KJ Coetzer,Ehsan Nawaz,0,0,,,,,,,,,
1133005,2017/18,2018-03-06,Bulawayo Athletic Club,2,3.5,Scotland,Hong Kong,CS MacLeod,KJ Coetzer,Ehsan Nawaz,0,0,,,,,,,,,
1133005,2017/18,2018-03-06,Bulawayo Athletic Club,2,3.6,Scotland,Hong Kong,CS MacLeod,KJ Coetzer,Ehsan Nawaz,0,0,,,,,,,,,
1133005,2017/18,2018-03-06,Bulawayo Athletic Club,2,4.1,Scotland,Hong Kong,KJ Coetzer,CS MacLeod,Nadeem Ahmed,0,0,,,,,,,,,
1133005,2017/18,2018-03-06,Bulawayo Athletic Club,2,4.2,Scotland,Hong Kong,KJ Coetzer,CS MacLeod,Nadeem Ahmed,0,0,,,,,,,,,
1133005,2017/18,2018-03-06,Bulawayo Athletic Club,2,4.3,Scotland,Hong Kong,KJ Coetzer,CS MacLeod,Nadeem Ahmed,0,0,,,,,,,,,
1133005,2017/18,2018-03-06,Bulawayo Athletic Club,2,4.4,Scotland,Hong Kong,KJ Coetzer,CS MacLeod,Nadeem Ahmed,6,0,,,,,,,,,
1133005,2017/18,2018-03-06,Bulawayo Athletic Club,2,4.5,Scotland,Hong Kong,KJ Coetzer,CS MacLeod,Nadeem Ahmed,2,0,,,,,,,,,
1133005,2017/18,2018-03-06,Bulawayo Athletic Club,2,4.6,Scotland,Hong Kong,KJ Coetzer,CS MacLeod,Nadeem Ahmed,4,0,,,,,,,,,
1133005,2017/18,2018-03-06,Bulawayo Athletic Club,2,5.1,Scotland,Hong Kong,CS MacLeod,KJ Coetzer,Ehsan Nawaz,0,0,,,,,,,,,
1133005,2017/18,2018-03-06,Bulawayo Athletic Club,2,5.2,Scotland,Hong Kong,CS MacLeod,KJ Coetzer,Ehsan Nawaz,0,0,,,,,,,,,
1133005,2017/18,2018-03-06,Bulawayo Athletic Club,2,5.3,Scotland,Hong Kong,CS MacLeod,KJ Coetzer,Ehsan Nawaz,4,0,,,,,,,,,
1133005,2017/18,2018-03-06,Bulawayo Athletic Club,2,5.4,Scotland,Hong Kong,CS MacLeod,KJ Coetzer,Ehsan Nawaz,2,0,,,,,,,,,
1133005,2017/18,2018-03-06,Bulawayo Athletic Club,2,5.5,Scotland,Hong Kong,CS MacLeod,KJ Coetzer,Ehsan Nawaz,0,0,,,,,,caught,CS MacLeod,,
1133005,2017/18,2018-03-06,Bulawayo Athletic Club,2,5.6,Scotland,Hong Kong,RD Berrington,KJ Coetzer,Ehsan Nawaz,0,0,,,,,,,,,
1133005,2017/18,2018-03-06,Bulawayo Athletic Club,2,6.1,Scotland,Hong Kong,KJ Coetzer,RD Berrington,Nadeem Ahmed,0,0,,,,,,,,,
1133005,2017/18,2018-03-06,Bulawayo Athletic Club,2,6.2,Scotland,Hong Kong,KJ Coetzer,RD Berrington,Nadeem Ahmed,0,0,,,,,,,,,
1133005,2017/18,2018-03-06,Bulawayo Athletic Club,2,6.3,Scotland,Hong Kong,KJ Coetzer,RD Berrington,Nadeem Ahmed,0,0,,,,,,,,,
1133005,2017/18,2018-03-06,Bulawayo Athletic Club,2,6.4,Scotland,Hong Kong,KJ Coetzer,RD Berrington,Nadeem Ahmed,0,0,,,,,,,,,
1133005,2017/18,2018-03-06,Bulawayo Athletic Club,2,6.5,Scotland,Hong Kong,KJ Coetzer,RD Berrington,Nadeem Ahmed,4,0,,,,,,,,,
1133005,2017/18,2018-03-06,Bulawayo Athletic Club,2,6.6,Scotland,Hong Kong,KJ Coetzer,RD Berrington,Nadeem Ahmed,0,0,,,,,,,,,
1133005,2017/18,2018-03-06,Bulawayo Athletic Club,2,7.1,Scotland,Hong Kong,RD Berrington,KJ Coetzer,Ehsan Nawaz,0,0,,,,,,,,,
1133005,2017/18,2018-03-06,Bulawayo Athletic Club,2,7.2,Scotland,Hong Kong,RD Berrington,KJ Coetzer,Ehsan Nawaz,0,1,,,,1,,,,,
1133005,2017/18,2018-03-06,Bulawayo Athletic Club,2,7.3,Scotland,Hong Kong,KJ Coetzer,RD Berrington,Ehsan Nawaz,1,0,,,,,,,,,
1133005,2017/18,2018-03-06,Bulawayo Athletic Club,2,7.4,Scotland,Hong Kong,RD Berrington,KJ Coetzer,Ehsan Nawaz,0,0,,,,,,,,,
1133005,2017/18,2018-03-06,Bulawayo Athletic Club,2,7.5,Scotland,Hong Kong,RD Berrington,KJ Coetzer,Ehsan Nawaz,0,1,1,,,,,,,,
1133005,2017/18,2018-03-06,Bulawayo Athletic Club,2,7.6,Scotland,Hong Kong,RD Berrington,KJ Coetzer,Ehsan Nawaz,0,0,,,,,,,,,
1133005,2017/18,2018-03-06,Bulawayo Athletic Club,2,7.7,Scotland,Hong Kong,RD Berrington,KJ Coetzer,Ehsan Nawaz,0,0,,,,,,,,,
1133005,2017/18,2018-03-06,Bulawayo Athletic Club,2,8.1,Scotland,Hong Kong,KJ Coetzer,RD Berrington,Nadeem Ahmed,0,0,,,,,,,,,
1133005,2017/18,2018-03-06,Bulawayo Athletic Club,2,8.2,Scotland,Hong Kong,KJ Coetzer,RD Berrington,Nadeem Ahmed,0,0,,,,,,,,,
1133005,2017/18,2018-03-06,Bulawayo Athletic Club,2,8.3,Scotland,Hong Kong,KJ Coetzer,RD Berrington,Nadeem Ahmed,0,0,,,,,,,,,
1133005,2017/18,2018-03-06,Bulawayo Athletic Club,2,8.4,Scotland,Hong Kong,KJ Coetzer,RD Berrington,Nadeem Ahmed,0,0,,,,,,,,,
1133005,2017/18,2018-03-06,Bulawayo Athletic Club,2,8.5,Scotland,Hong Kong,KJ Coetzer,RD Berrington,Nadeem Ahmed,0,0,,,,,,,,,
1133005,2017/18,2018-03-06,Bulawayo Athletic Club,2,8.6,Scotland,Hong Kong,KJ Coetzer,RD Berrington,Nadeem Ahmed,1,0,,,,,,,,,
1133005,2017/18,2018-03-06,Bulawayo Athletic Club,2,9.1,Scotland,Hong Kong,KJ Coetzer,RD Berrington,Ehsan Nawaz,0,0,,,,,,,,,
1133005,2017/18,2018-03-06,Bulawayo Athletic Club,2,9.2,Scotland,Hong Kong,KJ Coetzer,RD Berrington,Ehsan Nawaz,0,0,,,,,,,,,
1133005,2017/18,2018-03-06,Bulawayo Athletic Club,2,9.3,Scotland,Hong Kong,KJ Coetzer,RD Berrington,Ehsan Nawaz,0,0,,,,,,,,,
1133005,2017/18,2018-03-06,Bulawayo Athletic Club,2,9.4,Scotland,Hong Kong,KJ Coetzer,RD Berrington,Ehsan Nawaz,0,0,,,,,,,,,
1133005,2017/18,2018-03-06,Bulawayo Athletic Club,2,9.5,Scotland,Hong Kong,KJ Coetzer,RD Berrington,Ehsan Nawaz,0,0,,,,,,,,,
1133005,2017/18,2018-03-06,Bulawayo Athletic Club,2,9.6,Scotland,Hong Kong,KJ Coetzer,RD Berrington,Ehsan Nawaz,0,0,,,,,,,,,
1133005,2017/18,2018-03-06,Bulawayo Athletic Club,2,10.1,Scotland,Hong Kong,RD Berrington,KJ Coetzer,Nadeem Ahmed,0,0,,,,,,,,,
1133005,2017/18,2018-03-06,Bulawayo Athletic Club,2,10.2,Scotland,Hong Kong,RD Berrington,KJ Coetzer,Nadeem Ahmed,0,0,,,,,,,,,
1133005,2017/18,2018-03-06,Bulawayo Athletic Club,2,10.3,Scotland,Hong Kong,RD Berrington,KJ Coetzer,Nadeem Ahmed,0,0,,,,,,,,,
1133005,2017/18,2018-03-06,Bulawayo Athletic Club,2,10.4,Scotland,Hong Kong,RD Berrington,KJ Coetzer,Nadeem Ahmed,1,0,,,,,,,,,
1133005,2017/18,2018-03-06,Bulawayo Athletic Club,2,10.5,Scotland,Hong Kong,KJ Coetzer,RD Berrington,Nadeem Ahmed,1,0,,,,,,,,,
1133005,2017/18,2018-03-06,Bulawayo Athletic Club,2,10.6,Scotland,Hong Kong,RD Berrington,KJ Coetzer,Nadeem Ahmed,0,0,,,,,,,,,
1133005,2017/18,2018-03-06,Bulawayo Athletic Club,2,11.1,Scotland,Hong Kong,KJ Coetzer,RD Berrington,Ehsan Nawaz,4,0,,,,,,,,,
1133005,2017/18,2018-03-06,Bulawayo Athletic Club,2,11.2,Scotland,Hong Kong,KJ Coetzer,RD Berrington,Ehsan Nawaz,0,0,,,,,,,,,
1133005,2017/18,2018-03-06,Bulawayo Athletic Club,2,11.3,Scotland,Hong Kong,KJ Coetzer,RD Berrington,Ehsan Nawaz,0,0,,,,,,,,,
1133005,2017/18,2018-03-06,Bulawayo Athletic Club,2,11.4,Scotland,Hong Kong,KJ Coetzer,RD Berrington,Ehsan Nawaz,4,0,,,,,,,,,
1133005,2017/18,2018-03-06,Bulawayo Athletic Club,2,11.5,Scotland,Hong Kong,KJ Coetzer,RD Berrington,Ehsan Nawaz,0,0,,,,,,,,,
1133005,2017/18,2018-03-06,Bulawayo Athletic Club,2,11.6,Scotland,Hong Kong,KJ Coetzer,RD Berrington,Ehsan Nawaz,0,0,,,,,,,,,
1133005,2017/18,2018-03-06,Bulawayo Athletic Club,2,12.1,Scotland,Hong Kong,RD Berrington,KJ Coetzer,Ehsan Khan,0,0,,,,,,,,,
1133005,2017/18,2018-03-06,Bulawayo Athletic Club,2,12.2,Scotland,Hong Kong,RD Berrington,KJ Coetzer,Ehsan Khan,0,0,,,,,,lbw,RD Berrington,,
1133005,2017/18,2018-03-06,Bulawayo Athletic Club,2,12.3,Scotland,Hong Kong,HG Munsey,KJ Coetzer,Ehsan Khan,0,0,,,,,,,,,
1133005,2017/18,2018-03-06,Bulawayo Athletic Club,2,12.4,Scotland,Hong Kong,HG Munsey,KJ Coetzer,Ehsan Khan,4,0,,,,,,,,,
1133005,2017/18,2018-03-06,Bulawayo Athletic Club,2,12.5,Scotland,Hong Kong,HG Munsey,KJ Coetzer,Ehsan Khan,0,0,,,,,,,,,
1133005,2017/18,2018-03-06,Bulawayo Athletic Club,2,12.6,Scotland,Hong Kong,HG Munsey,KJ Coetzer,Ehsan Khan,1,0,,,,,,,,,
1133005,2017/18,2018-03-06,Bulawayo Athletic Club,2,13.1,Scotland,Hong Kong,HG Munsey,KJ Coetzer,Nadeem Ahmed,4,0,,,,,,,,,
1133005,2017/18,2018-03-06,Bulawayo Athletic Club,2,13.2,Scotland,Hong Kong,HG Munsey,KJ Coetzer,Nadeem Ahmed,0,0,,,,,,,,,
1133005,2017/18,2018-03-06,Bulawayo Athletic Club,2,13.3,Scotland,Hong Kong,HG Munsey,KJ Coetzer,Nadeem Ahmed,0,0,,,,,,,,,
1133005,2017/18,2018-03-06,Bulawayo Athletic Club,2,13.4,Scotland,Hong Kong,HG Munsey,KJ Coetzer,Nadeem Ahmed,0,0,,,,,,,,,
1133005,2017/18,2018-03-06,Bulawayo Athletic Club,2,13.5,Scotland,Hong Kong,HG Munsey,KJ Coetzer,Nadeem Ahmed,0,0,,,,,,,,,
1133005,2017/18,2018-03-06,Bulawayo Athletic Club,2,13.6,Scotland,Hong Kong,HG Munsey,KJ Coetzer,Nadeem Ahmed,0,0,,,,,,,,,
1133005,2017/18,2018-03-06,Bulawayo Athletic Club,2,14.1,Scotland,Hong Kong,KJ Coetzer,HG Munsey,Ehsan Khan,0,0,,,,,,,,,
1133005,2017/18,2018-03-06,Bulawayo Athletic Club,2,14.2,Scotland,Hong Kong,KJ Coetzer,HG Munsey,Ehsan Khan,0,0,,,,,,,,,
1133005,2017/18,2018-03-06,Bulawayo Athletic Club,2,14.3,Scotland,Hong Kong,KJ Coetzer,HG Munsey,Ehsan Khan,0,0,,,,,,,,,
1133005,2017/18,2018-03-06,Bulawayo Athletic Club,2,14.4,Scotland,Hong Kong,KJ Coetzer,HG Munsey,Ehsan Khan,2,0,,,,,,,,,
1133005,2017/18,2018-03-06,Bulawayo Athletic Club,2,14.5,Scotland,Hong Kong,KJ Coetzer,HG Munsey,Ehsan Khan,0,0,,,,,,,,,
1133005,2017/18,2018-03-06,Bulawayo Athletic Club,2,14.6,Scotland,Hong Kong,KJ Coetzer,HG Munsey,Ehsan Khan,0,0,,,,,,,,,
1133005,2017/18,2018-03-06,Bulawayo Athletic Club,2,15.1,Scotland,Hong Kong,HG Munsey,KJ Coetzer,Nadeem Ahmed,0,0,,,,,,,,,
1133005,2017/18,2018-03-06,Bulawayo Athletic Club,2,15.2,Scotland,Hong Kong,HG Munsey,KJ Coetzer,Nadeem Ahmed,0,0,,,,,,,,,
1133005,2017/18,2018-03-06,Bulawayo Athletic Club,2,15.3,Scotland,Hong Kong,HG Munsey,KJ Coetzer,Nadeem Ahmed,4,0,,,,,,,,,
1133005,2017/18,2018-03-06,Bulawayo Athletic Club,2,15.4,Scotland,Hong Kong,HG Munsey,KJ Coetzer,Nadeem Ahmed,1,0,,,,,,,,,
1133005,2017/18,2018-03-06,Bulawayo Athletic Club,2,15.5,Scotland,Hong Kong,KJ Coetzer,HG Munsey,Nadeem Ahmed,0,0,,,,,,,,,
1133005,2017/18,2018-03-06,Bulawayo Athletic Club,2,15.6,Scotland,Hong Kong,KJ Coetzer,HG Munsey,Nadeem Ahmed,0,0,,,,,,,,,
1133005,2017/18,2018-03-06,Bulawayo Athletic Club,2,16.1,Scotland,Hong Kong,HG Munsey,KJ Coetzer,Ehsan Khan,0,0,,,,,,,,,
1133005,2017/18,2018-03-06,Bulawayo Athletic Club,2,16.2,Scotland,Hong Kong,HG Munsey,KJ Coetzer,Ehsan Khan,4,0,,,,,,,,,
1133005,2017/18,2018-03-06,Bulawayo Athletic Club,2,16.3,Scotland,Hong Kong,HG Munsey,KJ Coetzer,Ehsan Khan,4,0,,,,,,,,,
1133005,2017/18,2018-03-06,Bulawayo Athletic Club,2,16.4,Scotland,Hong Kong,HG Munsey,KJ Coetzer,Ehsan Khan,0,0,,,,,,lbw,HG Munsey,,
1133005,2017/18,2018-03-06,Bulawayo Athletic Club,2,16.5,Scotland,Hong Kong,CD Wallace,KJ Coetzer,Ehsan Khan,0,0,,,,,,,,,
1133005,2017/18,2018-03-06,Bulawayo Athletic Club,2,16.6,Scotland,Hong Kong,CD Wallace,KJ Coetzer,Ehsan Khan,1,0,,,,,,,,,
1133005,2017/18,2018-03-06,Bulawayo Athletic Club,2,17.1,Scotland,Hong Kong,CD Wallace,KJ Coetzer,Nadeem Ahmed,0,0,,,,,,,,,
1133005,2017/18,2018-03-06,Bulawayo Athletic Club,2,17.2,Scotland,Hong Kong,CD Wallace,KJ Coetzer,Nadeem Ahmed,0,0,,,,,,,,,
1133005,2017/18,2018-03-06,Bulawayo Athletic Club,2,17.3,Scotland,Hong Kong,CD Wallace,KJ Coetzer,Nadeem Ahmed,0,0,,,,,,,,,
1133005,2017/18,2018-03-06,Bulawayo Athletic Club,2,17.4,Scotland,Hong Kong,CD Wallace,KJ Coetzer,Nadeem Ahmed,0,0,,,,,,,,,
1133005,2017/18,2018-03-06,Bulawayo Athletic Club,2,17.5,Scotland,Hong Kong,CD Wallace,KJ Coetzer,Nadeem Ahmed,0,0,,,,,,,,,
1133005,2017/18,2018-03-06,Bulawayo Athletic Club,2,17.6,Scotland,Hong Kong,CD Wallace,KJ Coetzer,Nadeem Ahmed,0,0,,,,,,,,,
1133005,2017/18,2018-03-06,Bulawayo Athletic Club,2,18.1,Scotland,Hong Kong,KJ Coetzer,CD Wallace,Ehsan Khan,2,0,,,,,,,,,
1133005,2017/18,2018-03-06,Bulawayo Athletic Club,2,18.2,Scotland,Hong Kong,KJ Coetzer,CD Wallace,Ehsan Khan,1,0,,,,,,,,,
1133005,2017/18,2018-03-06,Bulawayo Athletic Club,2,18.3,Scotland,Hong Kong,CD Wallace,KJ Coetzer,Ehsan Khan,2,0,,,,,,,,,
1133005,2017/18,2018-03-06,Bulawayo Athletic Club,2,18.4,Scotland,Hong Kong,CD Wallace,KJ Coetzer,Ehsan Khan,2,0,,,,,,,,,
1133005,2017/18,2018-03-06,Bulawayo Athletic Club,2,18.5,Scotland,Hong Kong,CD Wallace,KJ Coetzer,Ehsan Khan,0,0,,,,,,bowled,CD Wallace,,
1133005,2017/18,2018-03-06,Bulawayo Athletic Club,2,18.6,Scotland,Hong Kong,MRJ Watt,KJ Coetzer,Ehsan Khan,0,0,,,,,,,,,
1133005,2017/18,2018-03-06,Bulawayo Athletic Club,2,19.1,Scotland,Hong Kong,KJ Coetzer,MRJ Watt,Nadeem Ahmed,0,0,,,,,,,,,
1133005,2017/18,2018-03-06,Bulawayo Athletic Club,2,19.2,Scotland,Hong Kong,KJ Coetzer,MRJ Watt,Nadeem Ahmed,1,0,,,,,,,,,
1133005,2017/18,2018-03-06,Bulawayo Athletic Club,2,19.3,Scotland,Hong Kong,MRJ Watt,KJ Coetzer,Nadeem Ahmed,0,0,,,,,,,,,
1133005,2017/18,2018-03-06,Bulawayo Athletic Club,2,19.4,Scotland,Hong Kong,MRJ Watt,KJ Coetzer,Nadeem Ahmed,0,0,,,,,,,,,
1133005,2017/18,2018-03-06,Bulawayo Athletic Club,2,19.5,Scotland,Hong Kong,MRJ Watt,KJ Coetzer,Nadeem Ahmed,0,0,,,,,,,,,
1133005,2017/18,2018-03-06,Bulawayo Athletic Club,2,19.6,Scotland,Hong Kong,MRJ Watt,KJ Coetzer,Nadeem Ahmed,1,0,,,,,,,,,
1133005,2017/18,2018-03-06,Bulawayo Athletic Club,2,20.1,Scotland,Hong Kong,MRJ Watt,KJ Coetzer,Ehsan Khan,0,1,1,,,,,,,,
1133005,2017/18,2018-03-06,Bulawayo Athletic Club,2,20.2,Scotland,Hong Kong,MRJ Watt,KJ Coetzer,Ehsan Khan,0,0,,,,,,,,,
1133005,2017/18,2018-03-06,Bulawayo Athletic Club,2,20.3,Scotland,Hong Kong,MRJ Watt,KJ Coetzer,Ehsan Khan,0,0,,,,,,,,,
1133005,2017/18,2018-03-06,Bulawayo Athletic Club,2,20.4,Scotland,Hong Kong,MRJ Watt,KJ Coetzer,Ehsan Khan,0,0,,,,,,,,,
1133005,2017/18,2018-03-06,Bulawayo Athletic Club,2,20.5,Scotland,Hong Kong,MRJ Watt,KJ Coetzer,Ehsan Khan,4,0,,,,,,,,,
1133005,2017/18,2018-03-06,Bulawayo Athletic Club,2,20.6,Scotland,Hong Kong,MRJ Watt,KJ Coetzer,Ehsan Khan,0,0,,,,,,,,,
1133005,2017/18,2018-03-06,Bulawayo Athletic Club,2,20.7,Scotland,Hong Kong,MRJ Watt,KJ Coetzer,Ehsan Khan,0,0,,,,,,,,,
1133005,2017/18,2018-03-06,Bulawayo Athletic Club,2,21.1,Scotland,Hong Kong,KJ Coetzer,MRJ Watt,Aizaz Khan,1,0,,,,,,,,,
1133005,2017/18,2018-03-06,Bulawayo Athletic Club,2,21.2,Scotland,Hong Kong,MRJ Watt,KJ Coetzer,Aizaz Khan,0,0,,,,,,,,,
1133005,2017/18,2018-03-06,Bulawayo Athletic Club,2,21.3,Scotland,Hong Kong,MRJ Watt,KJ Coetzer,Aizaz Khan,0,0,,,,,,,,,
1133005,2017/18,2018-03-06,Bulawayo Athletic Club,2,21.4,Scotland,Hong Kong,MRJ Watt,KJ Coetzer,Aizaz Khan,0,0,,,,,,,,,
1133005,2017/18,2018-03-06,Bulawayo Athletic Club,2,21.5,Scotland,Hong Kong,MRJ Watt,KJ Coetzer,Aizaz Khan,0,0,,,,,,,,,
1133005,2017/18,2018-03-06,Bulawayo Athletic Club,2,21.6,Scotland,Hong Kong,MRJ Watt,KJ Coetzer,Aizaz Khan,0,0,,,,,,caught,MRJ Watt,,
1133005,2017/18,2018-03-06,Bulawayo Athletic Club,2,22.1,Scotland,Hong Kong,SM Sharif,KJ Coetzer,Ehsan Khan,0,0,,,,,,,,,
1133005,2017/18,2018-03-06,Bulawayo Athletic Club,2,22.2,Scotland,Hong Kong,SM Sharif,KJ Coetzer,Ehsan Khan,1,0,,,,,,,,,
1133005,2017/18,2018-03-06,Bulawayo Athletic Club,2,22.3,Scotland,Hong Kong,KJ Coetzer,SM Sharif,Ehsan Khan,0,0,,,,,,,,,
1133005,2017/18,2018-03-06,Bulawayo Athletic Club,2,22.4,Scotland,Hong Kong,KJ Coetzer,SM Sharif,Ehsan Khan,0,0,,,,,,,,,
1133005,2017/18,2018-03-06,Bulawayo Athletic Club,2,22.5,Scotland,Hong Kong,KJ Coetzer,SM Sharif,Ehsan Khan,0,0,,,,,,,,,
1133005,2017/18,2018-03-06,Bulawayo Athletic Club,2,22.6,Scotland,Hong Kong,KJ Coetzer,SM Sharif,Ehsan Khan,0,0,,,,,,,,,
1133005,2017/18,2018-03-06,Bulawayo Athletic Club,2,23.1,Scotland,Hong Kong,SM Sharif,KJ Coetzer,Aizaz Khan,0,0,,,,,,,,,
1133005,2017/18,2018-03-06,Bulawayo Athletic Club,2,23.2,Scotland,Hong Kong,SM Sharif,KJ Coetzer,Aizaz Khan,0,0,,,,,,,,,
1133005,2017/18,2018-03-06,Bulawayo Athletic Club,2,23.3,Scotland,Hong Kong,SM Sharif,KJ Coetzer,Aizaz Khan,1,0,,,,,,,,,
