match_id,season,start_date,venue,innings,ball,batting_team,bowling_team,striker,non_striker,bowler,runs_off_bat,extras,wides,noballs,byes,legbyes,penalty,wicket_type,player_dismissed,other_wicket_type,other_player_dismissed
1133026,2017/18,2018-03-19,Harare Sports Club,1,0.1,Zimbabwe,West Indies,SF Mire,C Zhuwao,KAJ Roach,0,0,,,,,,,,,
1133026,2017/18,2018-03-19,Harare Sports Club,1,0.2,Zimbabwe,West Indies,SF Mire,C Zhuwao,KAJ Roach,0,0,,,,,,,,,
1133026,2017/18,2018-03-19,Harare Sports Club,1,0.3,Zimbabwe,West Indies,SF Mire,C Zhuwao,KAJ Roach,1,0,,,,,,,,,
1133026,2017/18,2018-03-19,Harare Sports Club,1,0.4,Zimbabwe,West Indies,C Zhuwao,SF Mire,KAJ Roach,0,0,,,,,,,,,
1133026,2017/18,2018-03-19,Harare Sports Club,1,0.5,Zimbabwe,West Indies,C Zhuwao,SF Mire,KAJ Roach,0,0,,,,,,,,,
1133026,2017/18,2018-03-19,Harare Sports Club,1,0.6,Zimbabwe,West Indies,C Zhuwao,SF Mire,KAJ Roach,0,0,,,,,,,,,
1133026,2017/18,2018-03-19,Harare Sports Club,1,1.1,Zimbabwe,West Indies,SF Mire,C Zhuwao,JO Holder,1,0,,,,,,,,,
1133026,2017/18,2018-03-19,Harare Sports Club,1,1.2,Zimbabwe,West Indies,C Zhuwao,SF Mire,JO Holder,0,0,,,,,,,,,
1133026,2017/18,2018-03-19,Harare Sports Club,1,1.3,Zimbabwe,West Indies,C Zhuwao,SF Mire,JO Holder,0,0,,,,,,caught,C Zhuwao,,
1133026,2017/18,2018-03-19,Harare Sports Club,1,1.4,Zimbabwe,West Indies,H Masakadza,SF Mire,JO Holder,0,0,,,,,,,,,
1133026,2017/18,2018-03-19,Harare Sports Club,1,1.5,Zimbabwe,West Indies,H Masakadza,SF Mire,JO Holder,0,1,,,,1,,,,,
1133026,2017/18,2018-03-19,Harare Sports Club,1,1.6,Zimbabwe,West Indies,SF Mire,H Masakadza,JO Holder,0,0,,,,,,,,,
1133026,2017/18,2018-03-19,Harare Sports Club,1,2.1,Zimbabwe,West Indies,H Masakadza,SF Mire,KAJ Roach,0,0,,,,,,,,,
1133026,2017/18,2018-03-19,Harare Sports Club,1,2.2,Zimbabwe,West Indies,H Masakadza,SF Mire,KAJ Roach,1,0,,,,,,,,,
1133026,2017/18,2018-03-19,Harare Sports Club,1,2.3,Zimbabwe,West Indies,SF Mire,H Masakadza,KAJ Roach,1,0,,,,,,,,,
1133026,2017/18,2018-03-19,Harare Sports Club,1,2.4,Zimbabwe,West Indies,H Masakadza,SF Mire,KAJ Roach,4,0,,,,,,,,,
1133026,2017/18,2018-03-19,Harare Sports Club,1,2.5,Zimbabwe,West Indies,H Masakadza,SF Mire,KAJ Roach,0,0,,,,,,,,,
1133026,2017/18,2018-03-19,Harare Sports Club,1,2.6,Zimbabwe,West Indies,H Masakadza,SF Mire,KAJ Roach,0,0,,,,,,,,,
1133026,2017/18,2018-03-19,Harare Sports Club,1,3.1,Zimbabwe,West Indies,SF Mire,H Masakadza,JO Holder,4,0,,,,,,,,,
1133026,2017/18,2018-03-19,Harare Sports Club,1,3.2,Zimbabwe,West Indies,SF Mire,H Masakadza,JO Holder,0,0,,,,,,,,,
1133026,2017/18,2018-03-19,Harare Sports Club,1,3.3,Zimbabwe,West Indies,SF Mire,H Masakadza,JO Holder,1,0,,,,,,,,,
1133026,2017/18,2018-03-19,Harare Sports Club,1,3.4,Zimbabwe,West Indies,H Masakadza,SF Mire,JO Holder,0,0,,,,,,,,,
1133026,2017/18,2018-03-19,Harare Sports Club,1,3.5,Zimbabwe,West Indies,H Masakadza,SF Mire,JO Holder,1,0,,,,,,,,,
1133026,2017/18,2018-03-19,Harare Sports Club,1,3.6,Zimbabwe,West Indies,SF Mire,H Masakadza,JO Holder,0,0,,,,,,,,,
1133026,2017/18,2018-03-19,Harare Sports Club,1,4.1,Zimbabwe,West Indies,H Masakadza,SF Mire,KAJ Roach,0,0,,,,,,,,,
1133026,2017/18,2018-03-19,Harare Sports Club,1,4.2,Zimbabwe,West Indies,H Masakadza,SF Mire,KAJ Roach,0,0,,,,,,,,,
1133026,2017/18,2018-03-19,Harare Sports Club,1,4.3,Zimbabwe,West Indies,H Masakadza,SF Mire,KAJ Roach,1,0,,,,,,,,,
1133026,2017/18,2018-03-19,Harare Sports Club,1,4.4,Zimbabwe,West Indies,SF Mire,H Masakadza,KAJ Roach,6,0,,,,,,,,,
1133026,2017/18,2018-03-19,Harare Sports Club,1,4.5,Zimbabwe,West Indies,SF Mire,H Masakadza,KAJ Roach,4,0,,,,,,,,,
1133026,2017/18,2018-03-19,Harare Sports Club,1,4.6,Zimbabwe,West Indies,SF Mire,H Masakadza,KAJ Roach,1,0,,,,,,,,,
1133026,2017/18,2018-03-19,Harare Sports Club,1,5.1,Zimbabwe,West Indies,SF Mire,H Masakadza,JO Holder,1,0,,,,,,,,,
1133026,2017/18,2018-03-19,Harare Sports Club,1,5.2,Zimbabwe,West Indies,H Masakadza,SF Mire,JO Holder,0,0,,,,,,,,,
1133026,2017/18,2018-03-19,Harare Sports Club,1,5.3,Zimbabwe,West Indies,H Masakadza,SF Mire,JO Holder,0,0,,,,,,,,,
1133026,2017/18,2018-03-19,Harare Sports Club,1,5.4,Zimbabwe,West Indies,H Masakadza,SF Mire,JO Holder,0,0,,,,,,,,,
1133026,2017/18,2018-03-19,Harare Sports Club,1,5.5,Zimbabwe,West Indies,H Masakadza,SF Mire,JO Holder,0,0,,,,,,caught,H Masakadza,,
1133026,2017/18,2018-03-19,Harare Sports Club,1,5.6,Zimbabwe,West Indies,BRM Taylor,SF Mire,JO Holder,0,0,,,,,,,,,
1133026,2017/18,2018-03-19,Harare Sports Club,1,6.1,Zimbabwe,West Indies,SF Mire,BRM Taylor,KAJ Roach,2,0,,,,,,,,,
1133026,2017/18,2018-03-19,Harare Sports Club,1,6.2,Zimbabwe,West Indies,SF Mire,BRM Taylor,KAJ Roach,0,0,,,,,,,,,
1133026,2017/18,2018-03-19,Harare Sports Club,1,6.3,Zimbabwe,West Indies,CR Ervine,BRM Taylor,KAJ Roach,0,0,,,,,,,,,
1133026,2017/18,2018-03-19,Harare Sports Club,1,6.4,Zimbabwe,West Indies,CR Ervine,BRM Taylor,KAJ Roach,0,0,,,,,,,,,
1133026,2017/18,2018-03-19,Harare Sports Club,1,6.5,Zimbabwe,West Indies,CR Ervine,BRM Taylor,KAJ Roach,0,0,,,,,,,,,
1133026,2017/18,2018-03-19,Harare Sports Club,1,6.6,Zimbabwe,West Indies,CR Ervine,BRM Taylor,KAJ Roach,4,0,,,,,,,,,
1133026,2017/18,2018-03-19,Harare Sports Club,1,7.1,Zimbabwe,West Indies,BRM Taylor,CR Ervine,JO Holder,0,0,,,,,,,,,
1133026,2017/18,2018-03-19,Harare Sports Club,1,7.2,Zimbabwe,West Indies,BRM Taylor,CR Ervine,JO Holder,0,0,,,,,,,,,
1133026,2017/18,2018-03-19,Harare Sports Club,1,7.3,Zimbabwe,West Indies,BRM Taylor,CR Ervine,JO Holder,0,0,,,,,,,,,
1133026,2017/18,2018-03-19,Harare Sports Club,1,7.4,Zimbabwe,West Indies,BRM Taylor,CR Ervine,JO Holder,0,0,,,,,,,,,
1133026,2017/18,2018-03-19,Harare Sports Club,1,7.5,Zimbabwe,West Indies,BRM Taylor,CR Ervine,JO Holder,0,0,,,,,,,,,
1133026,2017/18,2018-03-19,Harare Sports Club,1,7.6,Zimbabwe,West Indies,BRM Taylor,CR Ervine,JO Holder,1,0,,,,,,,,,
1133026,2017/18,2018-03-19,Harare Sports Club,1,8.1,Zimbabwe,West Indies,BRM Taylor,CR Ervine,KMA Paul,0,0,,,,,,,,,
1133026,2017/18,2018-03-19,Harare Sports Club,1,8.2,Zimbabwe,West Indies,BRM Taylor,CR Ervine,KMA Paul,4,0,,,,,,,,,
1133026,2017/18,2018-03-19,Harare Sports Club,1,8.3,Zimbabwe,West Indies,BRM Taylor,CR Ervine,KMA Paul,0,0,,,,,,,,,
1133026,2017/18,2018-03-19,Harare Sports Club,1,8.4,Zimbabwe,West Indies,BRM Taylor,CR Ervine,KMA Paul,0,0,,,,,,,,,
1133026,2017/18,2018-03-19,Harare Sports Club,1,8.5,Zimbabwe,West Indies,BRM Taylor,CR Ervine,KMA Paul,0,0,,,,,,,,,
1133026,2017/18,2018-03-19,Harare Sports Club,1,8.6,Zimbabwe,West Indies,BRM Taylor,CR Ervine,KMA Paul,1,0,,,,,,,,,
1133026,2017/18,2018-03-19,Harare Sports Club,1,9.1,Zimbabwe,West Indies,BRM Taylor,CR Ervine,JO Holder,0,0,,,,,,,,,
1133026,2017/18,2018-03-19,Harare Sports Club,1,9.2,Zimbabwe,West Indies,BRM Taylor,CR Ervine,JO Holder,1,0,,,,,,,,,
1133026,2017/18,2018-03-19,Harare Sports Club,1,9.3,Zimbabwe,West Indies,CR Ervine,BRM Taylor,JO Holder,0,0,,,,,,,,,
1133026,2017/18,2018-03-19,Harare Sports Club,1,9.4,Zimbabwe,West Indies,CR Ervine,BRM Taylor,JO Holder,0,0,,,,,,,,,
1133026,2017/18,2018-03-19,Harare Sports Club,1,9.5,Zimbabwe,West Indies,CR Ervine,BRM Taylor,JO Holder,0,0,,,,,,,,,
1133026,2017/18,2018-03-19,Harare Sports Club,1,9.6,Zimbabwe,West Indies,CR Ervine,BRM Taylor,JO Holder,0,0,,,,,,,,,
1133026,2017/18,2018-03-19,Harare Sports Club,1,10.1,Zimbabwe,West Indies,BRM Taylor,CR Ervine,D Bishoo,0,0,,,,,,,,,
1133026,2017/18,2018-03-19,Harare Sports Club,1,10.2,Zimbabwe,West Indies,BRM Taylor,CR Ervine,D Bishoo,1,0,,,,,,,,,
1133026,2017/18,2018-03-19,Harare Sports Club,1,10.3,Zimbabwe,West Indies,CR Ervine,BRM Taylor,D Bishoo,1,0,,,,,,,,,
1133026,2017/18,2018-03-19,Harare Sports Club,1,10.4,Zimbabwe,West Indies,BRM Taylor,CR Ervine,D Bishoo,0,0,,,,,,,,,
1133026,2017/18,2018-03-19,Harare Sports Club,1,10.5,Zimbabwe,West Indies,BRM Taylor,CR Ervine,D Bishoo,0,0,,,,,,,,,
1133026,2017/18,2018-03-19,Harare Sports Club,1,10.6,Zimbabwe,West Indies,BRM Taylor,CR Ervine,D Bishoo,1,0,,,,,,,,,
1133026,2017/18,2018-03-19,Harare Sports Club,1,11.1,Zimbabwe,West Indies,BRM Taylor,CR Ervine,KMA Paul,0,1,1,,,,,,,,
1133026,2017/18,2018-03-19,Harare Sports Club,1,11.2,Zimbabwe,West Indies,BRM Taylor,CR Ervine,KMA Paul,0,0,,,,,,,,,
1133026,2017/18,2018-03-19,Harare Sports Club,1,11.3,Zimbabwe,West Indies,BRM Taylor,CR Ervine,KMA Paul,0,0,,,,,,,,,
1133026,2017/18,2018-03-19,Harare Sports Club,1,11.4,Zimbabwe,West Indies,BRM Taylor,CR Ervine,KMA Paul,0,0,,,,,,,,,
1133026,2017/18,2018-03-19,Harare Sports Club,1,11.5,Zimbabwe,West Indies,BRM Taylor,CR Ervine,KMA Paul,0,0,,,,,,,,,
1133026,2017/18,2018-03-19,Harare Sports Club,1,11.6,Zimbabwe,West Indies,BRM Taylor,CR Ervine,KMA Paul,0,0,,,,,,,,,
1133026,2017/18,2018-03-19,Harare Sports Club,1,11.7,Zimbabwe,West Indies,BRM Taylor,CR Ervine,KMA Paul,0,1,1,,,,,,,,
1133026,2017/18,2018-03-19,Harare Sports Club,1,11.8,Zimbabwe,West Indies,BRM Taylor,CR Ervine,KMA Paul,0,0,,,,,,,,,
1133026,2017/18,2018-03-19,Harare Sports Club,1,12.1,Zimbabwe,West Indies,CR Ervine,BRM Taylor,D Bishoo,0,0,,,,,,,,,
1133026,2017/18,2018-03-19,Harare Sports Club,1,12.2,Zimbabwe,West Indies,CR Ervine,BRM Taylor,D Bishoo,1,0,,,,,,,,,
1133026,2017/18,2018-03-19,Harare Sports Club,1,12.3,Zimbabwe,West Indies,BRM Taylor,CR Ervine,D Bishoo,4,0,,,,,,,,,
1133026,2017/18,2018-03-19,Harare Sports Club,1,12.4,Zimbabwe,West Indies,BRM Taylor,CR Ervine,D Bishoo,0,0,,,,,,,,,
1133026,2017/18,2018-03-19,Harare Sports Club,1,12.5,Zimbabwe,West Indies,BRM Taylor,CR Ervine,D Bishoo,1,0,,,,,,,,,
1133026,2017/18,2018-03-19,Harare Sports Club,1,12.6,Zimbabwe,West Indies,CR Ervine,BRM Taylor,D Bishoo,0,0,,,,,,,,,
1133026,2017/18,2018-03-19,Harare Sports Club,1,13.1,Zimbabwe,West Indies,BRM Taylor,CR Ervine,KMA Paul,0,0,,,,,,,,,
1133026,2017/18,2018-03-19,Harare Sports Club,1,13.2,Zimbabwe,West Indies,BRM Taylor,CR Ervine,KMA Paul,4,0,,,,,,,,,
1133026,2017/18,2018-03-19,Harare Sports Club,1,13.3,Zimbabwe,West Indies,BRM Taylor,CR Ervine,KMA Paul,0,0,,,,,,,,,
1133026,2017/18,2018-03-19,Harare Sports Club,1,13.4,Zimbabwe,West Indies,BRM Taylor,CR Ervine,KMA Paul,4,0,,,,,,,,,
1133026,2017/18,2018-03-19,Harare Sports Club,1,13.5,Zimbabwe,West Indies,BRM Taylor,CR Ervine,KMA Paul,0,0,,,,,,,,,
1133026,2017/18,2018-03-19,Harare Sports Club,1,13.6,Zimbabwe,West Indies,BRM Taylor,CR Ervine,KMA Paul,2,0,,,,,,,,,
1133026,2017/18,2018-03-19,Harare Sports Club,1,14.1,Zimbabwe,West Indies,CR Ervine,BRM Taylor,D Bishoo,0,0,,,,,,,,,
1133026,2017/18,2018-03-19,Harare Sports Club,1,14.2,Zimbabwe,West Indies,CR Ervine,BRM Taylor,D Bishoo,0,0,,,,,,,,,
1133026,2017/18,2018-03-19,Harare Sports Club,1,14.3,Zimbabwe,West Indies,CR Ervine,BRM Taylor,D Bishoo,0,0,,,,,,,,,
1133026,2017/18,2018-03-19,Harare Sports Club,1,14.4,Zimbabwe,West Indies,CR Ervine,BRM Taylor,D Bishoo,0,0,,,,,,,,,
1133026,2017/18,2018-03-19,Harare Sports Club,1,14.5,Zimbabwe,West Indies,CR Ervine,BRM Taylor,D Bishoo,0,0,,,,,,,,,
1133026,2017/18,2018-03-19,Harare Sports Club,1,14.6,Zimbabwe,West Indies,CR Ervine,BRM Taylor,D Bishoo,1,0,,,,,,,,,
1133026,2017/18,2018-03-19,Harare Sports Club,1,15.1,Zimbabwe,West Indies,CR Ervine,BRM Taylor,KMA Paul,0,0,,,,,,,,,
1133026,2017/18,2018-03-19,Harare Sports Club,1,15.2,Zimbabwe,West Indies,CR Ervine,BRM Taylor,KMA Paul,0,0,,,,,,,,,
1133026,2017/18,2018-03-19,Harare Sports Club,1,15.3,Zimbabwe,West Indies,CR Ervine,BRM Taylor,KMA Paul,1,0,,,,,,,,,
1133026,2017/18,2018-03-19,Harare Sports Club,1,15.4,Zimbabwe,West Indies,BRM Taylor,CR Ervine,KMA Paul,0,0,,,,,,,,,
1133026,2017/18,2018-03-19,Harare Sports Club,1,15.5,Zimbabwe,West Indies,BRM Taylor,CR Ervine,KMA Paul,0,0,,,,,,,,,
1133026,2017/18,2018-03-19,Harare Sports Club,1,15.6,Zimbabwe,West Indies,BRM Taylor,CR Ervine,KMA Paul,1,0,,,,,,,,,
1133026,2017/18,2018-03-19,Harare Sports Club,1,16.1,Zimbabwe,West Indies,BRM Taylor,CR Ervine,D Bishoo,1,0,,,,,,,,,
1133026,2017/18,2018-03-19,Harare Sports Club,1,16.2,Zimbabwe,West Indies,CR Ervine,BRM Taylor,D Bishoo,0,0,,,,,,,,,
1133026,2017/18,2018-03-19,Harare Sports Club,1,16.3,Zimbabwe,West Indies,CR Ervine,BRM Taylor,D Bishoo,0,0,,,,,,,,,
1133026,2017/18,2018-03-19,Harare Sports Club,1,16.4,Zimbabwe,West Indies,CR Ervine,BRM Taylor,D Bishoo,4,0,,,,,,,,,
1133026,2017/18,2018-03-19,Harare Sports Club,1,16.5,Zimbabwe,West Indies,CR Ervine,BRM Taylor,D Bishoo,1,0,,,,,,,,,
1133026,2017/18,2018-03-19,Harare Sports Club,1,16.6,Zimbabwe,West Indies,BRM Taylor,CR Ervine,D Bishoo,0,0,,,,,,,,,
1133026,2017/18,2018-03-19,Harare Sports Club,1,17.1,Zimbabwe,West Indies,CR Ervine,BRM Taylor,KAJ Roach,0,0,,,,,,,,,
1133026,2017/18,2018-03-19,Harare Sports Club,1,17.2,Zimbabwe,West Indies,CR Ervine,BRM Taylor,KAJ Roach,0,0,,,,,,,,,
1133026,2017/18,2018-03-19,Harare Sports Club,1,17.3,Zimbabwe,West Indies,CR Ervine,BRM Taylor,KAJ Roach,1,0,,,,,,,,,
1133026,2017/18,2018-03-19,Harare Sports Club,1,17.4,Zimbabwe,West Indies,BRM Taylor,CR Ervine,KAJ Roach,0,0,,,,,,,,,
1133026,2017/18,2018-03-19,Harare Sports Club,1,17.5,Zimbabwe,West Indies,BRM Taylor,CR Ervine,KAJ Roach,1,0,,,,,,,,,
1133026,2017/18,2018-03-19,Harare Sports Club,1,17.6,Zimbabwe,West Indies,CR Ervine,BRM Taylor,KAJ Roach,0,0,,,,,,,,,
1133026,2017/18,2018-03-19,Harare Sports Club,1,18.1,Zimbabwe,West Indies,BRM Taylor,CR Ervine,D Bishoo,0,0,,,,,,,,,
1133026,2017/18,2018-03-19,Harare Sports Club,1,18.2,Zimbabwe,West Indies,BRM Taylor,CR Ervine,D Bishoo,0,0,,,,,,,,,
1133026,2017/18,2018-03-19,Harare Sports Club,1,18.3,Zimbabwe,West Indies,BRM Taylor,CR Ervine,D Bishoo,0,0,,,,,,,,,
1133026,2017/18,2018-03-19,Harare Sports Club,1,18.4,Zimbabwe,West Indies,BRM Taylor,CR Ervine,D Bishoo,2,0,,,,,,,,,
1133026,2017/18,2018-03-19,Harare Sports Club,1,18.5,Zimbabwe,West Indies,BRM Taylor,CR Ervine,D Bishoo,0,0,,,,,,,,,
1133026,2017/18,2018-03-19,Harare Sports Club,1,18.6,Zimbabwe,West Indies,BRM Taylor,CR Ervine,D Bishoo,4,0,,,,,,,,,
1133026,2017/18,2018-03-19,Harare Sports Club,1,19.1,Zimbabwe,West Indies,CR Ervine,BRM Taylor,KAJ Roach,0,0,,,,,,,,,
1133026,2017/18,2018-03-19,Harare Sports Club,1,19.2,Zimbabwe,West Indies,CR Ervine,BRM Taylor,KAJ Roach,0,0,,,,,,,,,
1133026,2017/18,2018-03-19,Harare Sports Club,1,19.3,Zimbabwe,West Indies,CR Ervine,BRM Taylor,KAJ Roach,0,0,,,,,,bowled,CR Ervine,,
1133026,2017/18,2018-03-19,Harare Sports Club,1,19.4,Zimbabwe,West Indies,SC Williams,BRM Taylor,KAJ Roach,0,0,,,,,,,,,
1133026,2017/18,2018-03-19,Harare Sports Club,1,19.5,Zimbabwe,West Indies,SC Williams,BRM Taylor,KAJ Roach,3,0,,,,,,,,,
1133026,2017/18,2018-03-19,Harare Sports Club,1,19.6,Zimbabwe,West Indies,BRM Taylor,SC Williams,KAJ Roach,0,0,,,,,,,,,
1133026,2017/18,2018-03-19,Harare Sports Club,1,20.1,Zimbabwe,West Indies,SC Williams,BRM Taylor,D Bishoo,4,0,,,,,,,,,
1133026,2017/18,2018-03-19,Harare Sports Club,1,20.2,Zimbabwe,West Indies,SC Williams,BRM Taylor,D Bishoo,0,0,,,,,,,,,
1133026,2017/18,2018-03-19,Harare Sports Club,1,20.3,Zimbabwe,West Indies,SC Williams,BRM Taylor,D Bishoo,0,0,,,,,,,,,
1133026,2017/18,2018-03-19,Harare Sports Club,1,20.4,Zimbabwe,West Indies,SC Williams,BRM Taylor,D Bishoo,2,0,,,,,,,,,
1133026,2017/18,2018-03-19,Harare Sports Club,1,20.5,Zimbabwe,West Indies,SC Williams,BRM Taylor,D Bishoo,1,0,,,,,,,,,
1133026,2017/18,2018-03-19,Harare Sports Club,1,20.6,Zimbabwe,West Indies,BRM Taylor,SC Williams,D Bishoo,1,0,,,,,,,,,
1133026,2017/18,2018-03-19,Harare Sports Club,1,21.1,Zimbabwe,West Indies,BRM Taylor,SC Williams,KMA Paul,1,0,,,,,,,,,
1133026,2017/18,2018-03-19,Harare Sports Club,1,21.2,Zimbabwe,West Indies,SC Williams,BRM Taylor,KMA Paul,0,0,,,,,,,,,
1133026,2017/18,2018-03-19,Harare Sports Club,1,21.3,Zimbabwe,West Indies,SC Williams,BRM Taylor,KMA Paul,0,0,,,,,,,,,
1133026,2017/18,2018-03-19,Harare Sports Club,1,21.4,Zimbabwe,West Indies,SC Williams,BRM Taylor,KMA Paul,0,0,,,,,,,,,
1133026,2017/18,2018-03-19,Harare Sports Club,1,21.5,Zimbabwe,West Indies,SC Williams,BRM Taylor,KMA Paul,4,0,,,,,,,,,
1133026,2017/18,2018-03-19,Harare Sports Club,1,21.6,Zimbabwe,West Indies,SC Williams,BRM Taylor,KMA Paul,0,0,,,,,,,,,
1133026,2017/18,2018-03-19,Harare Sports Club,1,22.1,Zimbabwe,West Indies,BRM Taylor,SC Williams,D Bishoo,4,0,,,,,,,,,
1133026,2017/18,2018-03-19,Harare Sports Club,1,22.2,Zimbabwe,West Indies,BRM Taylor,SC Williams,D Bishoo,0,0,,,,,,,,,
1133026,2017/18,2018-03-19,Harare Sports Club,1,22.3,Zimbabwe,West Indies,BRM Taylor,SC Williams,D Bishoo,0,0,,,,,,,,,
1133026,2017/18,2018-03-19,Harare Sports Club,1,22.4,Zimbabwe,West Indies,BRM Taylor,SC Williams,D Bishoo,1,0,,,,,,,,,
1133026,2017/18,2018-03-19,Harare Sports Club,1,22.5,Zimbabwe,West Indies,SC Williams,BRM Taylor,D Bishoo,2,0,,,,,,,,,
1133026,2017/18,2018-03-19,Harare Sports Club,1,22.6,Zimbabwe,West Indies,SC Williams,BRM Taylor,D Bishoo,1,0,,,,,,,,,
1133026,2017/18,2018-03-19,Harare Sports Club,1,23.1,Zimbabwe,West Indies,SC Williams,BRM Taylor,AR Nurse,0,0,,,,,,,,,
1133026,2017/18,2018-03-19,Harare Sports Club,1,23.2,Zimbabwe,West Indies,SC Williams,BRM Taylor,AR Nurse,0,0,,,,,,,,,
1133026,2017/18,2018-03-19,Harare Sports Club,1,23.3,Zimbabwe,West Indies,SC Williams,BRM Taylor,AR Nurse,1,0,,,,,,,,,
1133026,2017/18,2018-03-19,Harare Sports Club,1,23.4,Zimbabwe,West Indies,BRM Taylor,SC Williams,AR Nurse,1,0,,,,,,,,,
1133026,2017/18,2018-03-19,Harare Sports Club,1,23.5,Zimbabwe,West Indies,SC Williams,BRM Taylor,AR Nurse,0,0,,,,,,,,,
1133026,2017/18,2018-03-19,Harare Sports Club,1,23.6,Zimbabwe,West Indies,SC Williams,BRM Taylor,AR Nurse,1,0,,,,,,,,,
1133026,2017/18,2018-03-19,Harare Sports Club,1,24.1,Zimbabwe,West Indies,SC Williams,BRM Taylor,JO Holder,1,0,,,,,,,,,
1133026,2017/18,2018-03-19,Harare Sports Club,1,24.2,Zimbabwe,West Indies,BRM Taylor,SC Williams,JO Holder,0,0,,,,,,,,,
1133026,2017/18,2018-03-19,Harare Sports Club,1,24.3,Zimbabwe,West Indies,BRM Taylor,SC Williams,JO Holder,0,0,,,,,,,,,
1133026,2017/18,2018-03-19,Harare Sports Club,1,24.4,Zimbabwe,West Indies,BRM Taylor,SC Williams,JO Holder,0,0,,,,,,,,,
1133026,2017/18,2018-03-19,Harare Sports Club,1,24.5,Zimbabwe,West Indies,BRM Taylor,SC Williams,JO Holder,0,0,,,,,,,,,
1133026,2017/18,2018-03-19,Harare Sports Club,1,24.6,Zimbabwe,West Indies,BRM Taylor,SC Williams,JO Holder,4,0,,,,,,,,,
1133026,2017/18,2018-03-19,Harare Sports Club,1,25.1,Zimbabwe,West Indies,SC Williams,BRM Taylor,AR Nurse,0,0,,,,,,,,,
1133026,2017/18,2018-03-19,Harare Sports Club,1,25.2,Zimbabwe,West Indies,SC Williams,BRM Taylor,AR Nurse,1,0,,,,,,,,,
1133026,2017/18,2018-03-19,Harare Sports Club,1,25.3,Zimbabwe,West Indies,BRM Taylor,SC Williams,AR Nurse,1,0,,,,,,,,,
1133026,2017/18,2018-03-19,Harare Sports Club,1,25.4,Zimbabwe,West Indies,SC Williams,BRM Taylor,AR Nurse,0,0,,,,,,,,,
1133026,2017/18,2018-03-19,Harare Sports Club,1,25.5,Zimbabwe,West Indies,SC Williams,BRM Taylor,AR Nurse,1,0,,,,,,,,,
1133026,2017/18,2018-03-19,Harare Sports Club,1,25.6,Zimbabwe,West Indies,BRM Taylor,SC Williams,AR Nurse,1,0,,,,,,,,,
1133026,2017/18,2018-03-19,Harare Sports Club,1,26.1,Zimbabwe,West Indies,BRM Taylor,SC Williams,R Powell,0,0,,,,,,,,,
1133026,2017/18,2018-03-19,Harare Sports Club,1,26.2,Zimbabwe,West Indies,BRM Taylor,SC Williams,R Powell,4,0,,,,,,,,,
1133026,2017/18,2018-03-19,Harare Sports Club,1,26.3,Zimbabwe,West Indies,BRM Taylor,SC Williams,R Powell,0,0,,,,,,,,,
1133026,2017/18,2018-03-19,Harare Sports Club,1,26.4,Zimbabwe,West Indies,BRM Taylor,SC Williams,R Powell,0,0,,,,,,,,,
1133026,2017/18,2018-03-19,Harare Sports Club,1,26.5,Zimbabwe,West Indies,BRM Taylor,SC Williams,R Powell,1,0,,,,,,,,,
1133026,2017/18,2018-03-19,Harare Sports Club,1,26.6,Zimbabwe,West Indies,SC Williams,BRM Taylor,R Powell,4,0,,,,,,,,,
1133026,2017/18,2018-03-19,Harare Sports Club,1,27.1,Zimbabwe,West Indies,BRM Taylor,SC Williams,AR Nurse,1,0,,,,,,,,,
1133026,2017/18,2018-03-19,Harare Sports Club,1,27.2,Zimbabwe,West Indies,SC Williams,BRM Taylor,AR Nurse,0,0,,,,,,,,,
1133026,2017/18,2018-03-19,Harare Sports Club,1,27.3,Zimbabwe,West Indies,SC Williams,BRM Taylor,AR Nurse,1,0,,,,,,,,,
1133026,2017/18,2018-03-19,Harare Sports Club,1,27.4,Zimbabwe,West Indies,BRM Taylor,SC Williams,AR Nurse,0,0,,,,,,,,,
1133026,2017/18,2018-03-19,Harare Sports Club,1,27.5,Zimbabwe,West Indies,BRM Taylor,SC Williams,AR Nurse,4,0,,,,,,,,,
1133026,2017/18,2018-03-19,Harare Sports Club,1,27.6,Zimbabwe,West Indies,BRM Taylor,SC Williams,AR Nurse,1,0,,,,,,,,,
1133026,2017/18,2018-03-19,Harare Sports Club,1,28.1,Zimbabwe,West Indies,BRM Taylor,SC Williams,R Powell,1,0,,,,,,,,,
1133026,2017/18,2018-03-19,Harare Sports Club,1,28.2,Zimbabwe,West Indies,SC Williams,BRM Taylor,R Powell,2,0,,,,,,,,,
1133026,2017/18,2018-03-19,Harare Sports Club,1,28.3,Zimbabwe,West Indies,SC Williams,BRM Taylor,R Powell,1,0,,,,,,,,,
1133026,2017/18,2018-03-19,Harare Sports Club,1,28.4,Zimbabwe,West Indies,BRM Taylor,SC Williams,R Powell,0,0,,,,,,,,,
1133026,2017/18,2018-03-19,Harare Sports Club,1,28.5,Zimbabwe,West Indies,BRM Taylor,SC Williams,R Powell,0,0,,,,,,,,,
1133026,2017/18,2018-03-19,Harare Sports Club,1,28.6,Zimbabwe,West Indies,BRM Taylor,SC Williams,R Powell,1,0,,,,,,,,,
1133026,2017/18,2018-03-19,Harare Sports Club,1,29.1,Zimbabwe,West Indies,BRM Taylor,SC Williams,AR Nurse,0,0,,,,,,,,,
1133026,2017/18,2018-03-19,Harare Sports Club,1,29.2,Zimbabwe,West Indies,BRM Taylor,SC Williams,AR Nurse,4,0,,,,,,,,,
1133026,2017/18,2018-03-19,Harare Sports Club,1,29.3,Zimbabwe,West Indies,BRM Taylor,SC Williams,AR Nurse,4,0,,,,,,,,,
1133026,2017/18,2018-03-19,Harare Sports Club,1,29.4,Zimbabwe,West Indies,BRM Taylor,SC Williams,AR Nurse,0,0,,,,,,,,,
1133026,2017/18,2018-03-19,Harare Sports Club,1,29.5,Zimbabwe,West Indies,BRM Taylor,SC Williams,AR Nurse,4,0,,,,,,,,,
1133026,2017/18,2018-03-19,Harare Sports Club,1,29.6,Zimbabwe,West Indies,BRM Taylor,SC Williams,AR Nurse,0,1,1,,,,,,,,
1133026,2017/18,2018-03-19,Harare Sports Club,1,29.7,Zimbabwe,West Indies,BRM Taylor,SC Williams,AR Nurse,1,0,,,,,,,,,
1133026,2017/18,2018-03-19,Harare Sports Club,1,30.1,Zimbabwe,West Indies,BRM Taylor,SC Williams,KMA Paul,1,0,,,,,,,,,
1133026,2017/18,2018-03-19,Harare Sports Club,1,30.2,Zimbabwe,West Indies,SC Williams,BRM Taylor,KMA Paul,4,0,,,,,,,,,
1133026,2017/18,2018-03-19,Harare Sports Club,1,30.3,Zimbabwe,West Indies,SC Williams,BRM Taylor,KMA Paul,0,0,,,,,,caught,SC Williams,,
1133026,2017/18,2018-03-19,Harare Sports Club,1,30.4,Zimbabwe,West Indies,Sikandar Raza,BRM Taylor,KMA Paul,0,1,1,,,,,,,,
1133026,2017/18,2018-03-19,Harare Sports Club,1,30.5,Zimbabwe,West Indies,Sikandar Raza,BRM Taylor,KMA Paul,0,0,,,,,,,,,
1133026,2017/18,2018-03-19,Harare Sports Club,1,30.6,Zimbabwe,West Indies,Sikandar Raza,BRM Taylor,KMA Paul,0,0,,,,,,,,,
1133026,2017/18,2018-03-19,Harare Sports Club,1,30.7,Zimbabwe,West Indies,Sikandar Raza,BRM Taylor,KMA Paul,0,1,1,,,,,,,,
1133026,2017/18,2018-03-19,Harare Sports Club,1,30.8,Zimbabwe,West Indies,Sikandar Raza,BRM Taylor,KMA Paul,0,0,,,,,,,,,
1133026,2017/18,2018-03-19,Harare Sports Club,1,31.1,Zimbabwe,West Indies,BRM Taylor,Sikandar Raza,D Bishoo,0,0,,,,,,,,,
1133026,2017/18,2018-03-19,Harare Sports Club,1,31.2,Zimbabwe,West Indies,BRM Taylor,Sikandar Raza,D Bishoo,2,0,,,,,,,,,
1133026,2017/18,2018-03-19,Harare Sports Club,1,31.3,Zimbabwe,West Indies,BRM Taylor,Sikandar Raza,D Bishoo,4,0,,,,,,,,,
1133026,2017/18,2018-03-19,Harare Sports Club,1,31.4,Zimbabwe,West Indies,BRM Taylor,Sikandar Raza,D Bishoo,1,0,,,,,,,,,
1133026,2017/18,2018-03-19,Harare Sports Club,1,31.5,Zimbabwe,West Indies,Sikandar Raza,BRM Taylor,D Bishoo,0,0,,,,,,,,,
1133026,2017/18,2018-03-19,Harare Sports Club,1,31.6,Zimbabwe,West Indies,Sikandar Raza,BRM Taylor,D Bishoo,1,0,,,,,,,,,
1133026,2017/18,2018-03-19,Harare Sports Club,1,32.1,Zimbabwe,West Indies,Sikandar Raza,BRM Taylor,KMA Paul,0,0,,,,,,,,,
1133026,2017/18,2018-03-19,Harare Sports Club,1,32.2,Zimbabwe,West Indies,Sikandar Raza,BRM Taylor,KMA Paul,0,0,,,,,,,,,
1133026,2017/18,2018-03-19,Harare Sports Club,1,32.3,Zimbabwe,West Indies,Sikandar Raza,BRM Taylor,KMA Paul,0,1,1,,,,,,,,
1133026,2017/18,2018-03-19,Harare Sports Club,1,32.4,Zimbabwe,West Indies,Sikandar Raza,BRM Taylor,KMA Paul,0,0,,,,,,,,,
1133026,2017/18,2018-03-19,Harare Sports Club,1,32.5,Zimbabwe,West Indies,Sikandar Raza,BRM Taylor,KMA Paul,0,0,,,,,,,,,
1133026,2017/18,2018-03-19,Harare Sports Club,1,32.6,Zimbabwe,West Indies,Sikandar Raza,BRM Taylor,KMA Paul,0,0,,,,,,,,,
1133026,2017/18,2018-03-19,Harare Sports Club,1,32.7,Zimbabwe,West Indies,Sikandar Raza,BRM Taylor,KMA Paul,2,0,,,,,,,,,
1133026,2017/18,2018-03-19,Harare Sports Club,1,33.1,Zimbabwe,West Indies,BRM Taylor,Sikandar Raza,D Bishoo,0,0,,,,,,,,,
1133026,2017/18,2018-03-19,Harare Sports Club,1,33.2,Zimbabwe,West Indies,BRM Taylor,Sikandar Raza,D Bishoo,1,0,,,,,,,,,
1133026,2017/18,2018-03-19,Harare Sports Club,1,33.3,Zimbabwe,West Indies,Sikandar Raza,BRM Taylor,D Bishoo,1,0,,,,,,,,,
1133026,2017/18,2018-03-19,Harare Sports Club,1,33.4,Zimbabwe,West Indies,BRM Taylor,Sikandar Raza,D Bishoo,4,0,,,,,,,,,
1133026,2017/18,2018-03-19,Harare Sports Club,1,33.5,Zimbabwe,West Indies,BRM Taylor,Sikandar Raza,D Bishoo,1,0,,,,,,,,,
1133026,2017/18,2018-03-19,Harare Sports Club,1,33.6,Zimbabwe,West Indies,Sikandar Raza,BRM Taylor,D Bishoo,4,0,,,,,,,,,
1133026,2017/18,2018-03-19,Harare Sports Club,1,34.1,Zimbabwe,West Indies,BRM Taylor,Sikandar Raza,KAJ Roach,0,0,,,,,,,,,
1133026,2017/18,2018-03-19,Harare Sports Club,1,34.2,Zimbabwe,West Indies,BRM Taylor,Sikandar Raza,KAJ Roach,0,0,,,,,,,,,
1133026,2017/18,2018-03-19,Harare Sports Club,1,34.3,Zimbabwe,West Indies,BRM Taylor,Sikandar Raza,KAJ Roach,2,0,,,,,,,,,
1133026,2017/18,2018-03-19,Harare Sports Club,1,34.4,Zimbabwe,West Indies,BRM Taylor,Sikandar Raza,KAJ Roach,0,0,,,,,,,,,
1133026,2017/18,2018-03-19,Harare Sports Club,1,34.5,Zimbabwe,West Indies,BRM Taylor,Sikandar Raza,KAJ Roach,0,1,,,,1,,,,,
1133026,2017/18,2018-03-19,Harare Sports Club,1,34.6,Zimbabwe,West Indies,Sikandar Raza,BRM Taylor,KAJ Roach,0,0,,,,,,,,,
1133026,2017/18,2018-03-19,Harare Sports Club,1,35.1,Zimbabwe,West Indies,BRM Taylor,Sikandar Raza,CH Gayle,1,0,,,,,,,,,
1133026,2017/18,2018-03-19,Harare Sports Club,1,35.2,Zimbabwe,West Indies,Sikandar Raza,BRM Taylor,CH Gayle,4,0,,,,,,,,,
1133026,2017/18,2018-03-19,Harare Sports Club,1,35.3,Zimbabwe,West Indies,Sikandar Raza,BRM Taylor,CH Gayle,0,0,,,,,,,,,
1133026,2017/18,2018-03-19,Harare Sports Club,1,35.4,Zimbabwe,West Indies,Sikandar Raza,BRM Taylor,CH Gayle,1,0,,,,,,,,,
1133026,2017/18,2018-03-19,Harare Sports Club,1,35.5,Zimbabwe,West Indies,BRM Taylor,Sikandar Raza,CH Gayle,2,0,,,,,,,,,
1133026,2017/18,2018-03-19,Harare Sports Club,1,35.6,Zimbabwe,West Indies,BRM Taylor,Sikandar Raza,CH Gayle,0,0,,,,,,,,,
1133026,2017/18,2018-03-19,Harare Sports Club,1,36.1,Zimbabwe,West Indies,Sikandar Raza,BRM Taylor,JO Holder,1,0,,,,,,,,,
1133026,2017/18,2018-03-19,Harare Sports Club,1,36.2,Zimbabwe,West Indies,BRM Taylor,Sikandar Raza,JO Holder,4,0,,,,,,,,,
1133026,2017/18,2018-03-19,Harare Sports Club,1,36.3,Zimbabwe,West Indies,BRM Taylor,Sikandar Raza,JO Holder,0,0,,,,,,,,,
1133026,2017/18,2018-03-19,Harare Sports Club,1,36.4,Zimbabwe,West Indies,BRM Taylor,Sikandar Raza,JO Holder,0,0,,,,,,,,,
1133026,2017/18,2018-03-19,Harare Sports Club,1,36.5,Zimbabwe,West Indies,BRM Taylor,Sikandar Raza,JO Holder,1,0,,,,,,,,,
1133026,2017/18,2018-03-19,Harare Sports Club,1,36.6,Zimbabwe,West Indies,Sikandar Raza,BRM Taylor,JO Holder,0,0,,,,,,,,,
1133026,2017/18,2018-03-19,Harare Sports Club,1,37.1,Zimbabwe,West Indies,BRM Taylor,Sikandar Raza,CH Gayle,0,0,,,,,,,,,
1133026,2017/18,2018-03-19,Harare Sports Club,1,37.2,Zimbabwe,West Indies,BRM Taylor,Sikandar Raza,CH Gayle,4,0,,,,,,,,,
1133026,2017/18,2018-03-19,Harare Sports Club,1,37.3,Zimbabwe,West Indies,BRM Taylor,Sikandar Raza,CH Gayle,0,0,,,,,,,,,
1133026,2017/18,2018-03-19,Harare Sports Club,1,37.4,Zimbabwe,West Indies,BRM Taylor,Sikandar Raza,CH Gayle,1,0,,,,,,,,,
1133026,2017/18,2018-03-19,Harare Sports Club,1,37.5,Zimbabwe,West Indies,Sikandar Raza,BRM Taylor,CH Gayle,0,0,,,,,,,,,
1133026,2017/18,2018-03-19,Harare Sports Club,1,37.6,Zimbabwe,West Indies,Sikandar Raza,BRM Taylor,CH Gayle,1,0,,,,,,,,,
1133026,2017/18,2018-03-19,Harare Sports Club,1,38.1,Zimbabwe,West Indies,Sikandar Raza,BRM Taylor,R Powell,1,0,,,,,,,,,
1133026,2017/18,2018-03-19,Harare Sports Club,1,38.2,Zimbabwe,West Indies,BRM Taylor,Sikandar Raza,R Powell,4,0,,,,,,,,,
1133026,2017/18,2018-03-19,Harare Sports Club,1,38.3,Zimbabwe,West Indies,BRM Taylor,Sikandar Raza,R Powell,0,0,,,,,,,,,
1133026,2017/18,2018-03-19,Harare Sports Club,1,38.4,Zimbabwe,West Indies,BRM Taylor,Sikandar Raza,R Powell,2,0,,,,,,,,,
1133026,2017/18,2018-03-19,Harare Sports Club,1,38.5,Zimbabwe,West Indies,BRM Taylor,Sikandar Raza,R Powell,0,0,,,,,,,,,
1133026,2017/18,2018-03-19,Harare Sports Club,1,38.6,Zimbabwe,West Indies,BRM Taylor,Sikandar Raza,R Powell,1,0,,,,,,,,,
1133026,2017/18,2018-03-19,Harare Sports Club,1,39.1,Zimbabwe,West Indies,BRM Taylor,Sikandar Raza,D Bishoo,1,0,,,,,,,,,
1133026,2017/18,2018-03-19,Harare Sports Club,1,39.2,Zimbabwe,West Indies,Sikandar Raza,BRM Taylor,D Bishoo,0,0,,,,,,,,,
1133026,2017/18,2018-03-19,Harare Sports Club,1,39.3,Zimbabwe,West Indies,Sikandar Raza,BRM Taylor,D Bishoo,1,0,,,,,,,,,
1133026,2017/18,2018-03-19,Harare Sports Club,1,39.4,Zimbabwe,West Indies,BRM Taylor,Sikandar Raza,D Bishoo,6,0,,,,,,,,,
1133026,2017/18,2018-03-19,Harare Sports Club,1,39.5,Zimbabwe,West Indies,BRM Taylor,Sikandar Raza,D Bishoo,4,0,,,,,,,,,
1133026,2017/18,2018-03-19,Harare Sports Club,1,39.6,Zimbabwe,West Indies,BRM Taylor,Sikandar Raza,D Bishoo,4,0,,,,,,,,,
1133026,2017/18,2018-03-19,Harare Sports Club,1,40.1,Zimbabwe,West Indies,Sikandar Raza,BRM Taylor,R Powell,2,0,,,,,,,,,
1133026,2017/18,2018-03-19,Harare Sports Club,1,40.2,Zimbabwe,West Indies,Sikandar Raza,BRM Taylor,R Powell,0,0,,,,,,,,,
1133026,2017/18,2018-03-19,Harare Sports Club,1,40.3,Zimbabwe,West Indies,Sikandar Raza,BRM Taylor,R Powell,0,0,,,,,,,,,
1133026,2017/18,2018-03-19,Harare Sports Club,1,40.4,Zimbabwe,West Indies,Sikandar Raza,BRM Taylor,R Powell,0,0,,,,,,,,,
1133026,2017/18,2018-03-19,Harare Sports Club,1,40.5,Zimbabwe,West Indies,Sikandar Raza,BRM Taylor,R Powell,1,0,,,,,,,,,
1133026,2017/18,2018-03-19,Harare Sports Club,1,40.6,Zimbabwe,West Indies,BRM Taylor,Sikandar Raza,R Powell,1,0,,,,,,,,,
1133026,2017/18,2018-03-19,Harare Sports Club,1,41.1,Zimbabwe,West Indies,BRM Taylor,Sikandar Raza,KAJ Roach,0,0,,,,,,,,,
1133026,2017/18,2018-03-19,Harare Sports Club,1,41.2,Zimbabwe,West Indies,BRM Taylor,Sikandar Raza,KAJ Roach,1,0,,,,,,,,,
1133026,2017/18,2018-03-19,Harare Sports Club,1,41.3,Zimbabwe,West Indies,Sikandar Raza,BRM Taylor,KAJ Roach,0,0,,,,,,,,,
1133026,2017/18,2018-03-19,Harare Sports Club,1,41.4,Zimbabwe,West Indies,Sikandar Raza,BRM Taylor,KAJ Roach,1,0,,,,,,,,,
1133026,2017/18,2018-03-19,Harare Sports Club,1,41.5,Zimbabwe,West Indies,BRM Taylor,Sikandar Raza,KAJ Roach,1,0,,,,,,,,,
1133026,2017/18,2018-03-19,Harare Sports Club,1,41.6,Zimbabwe,West Indies,Sikandar Raza,BRM Taylor,KAJ Roach,1,0,,,,,,,,,
1133026,2017/18,2018-03-19,Harare Sports Club,1,42.1,Zimbabwe,West Indies,Sikandar Raza,BRM Taylor,JO Holder,0,0,,,,,,bowled,Sikandar Raza,,
1133026,2017/18,2018-03-19,Harare Sports Club,1,42.2,Zimbabwe,West Indies,SF Mire,BRM Taylor,JO Holder,0,0,,,,,,,,,
1133026,2017/18,2018-03-19,Harare Sports Club,1,42.3,Zimbabwe,West Indies,SF Mire,BRM Taylor,JO Holder,1,0,,,,,,,,,
1133026,2017/18,2018-03-19,Harare Sports Club,1,42.4,Zimbabwe,West Indies,BRM Taylor,SF Mire,JO Holder,4,0,,,,,,,,,
1133026,2017/18,2018-03-19,Harare Sports Club,1,42.5,Zimbabwe,West Indies,BRM Taylor,SF Mire,JO Holder,1,0,,,,,,,,,
1133026,2017/18,2018-03-19,Harare Sports Club,1,42.6,Zimbabwe,West Indies,SF Mire,BRM Taylor,JO Holder,0,0,,,,,,,,,
1133026,2017/18,2018-03-19,Harare Sports Club,1,43.1,Zimbabwe,West Indies,BRM Taylor,SF Mire,KAJ Roach,6,0,,,,,,,,,
1133026,2017/18,2018-03-19,Harare Sports Club,1,43.2,Zimbabwe,West Indies,BRM Taylor,SF Mire,KAJ Roach,0,0,,,,,,caught,BRM Taylor,,
1133026,2017/18,2018-03-19,Harare Sports Club,1,43.3,Zimbabwe,West Indies,SF Mire,AG Cremer,KAJ Roach,0,1,1,,,,,,,,
1133026,2017/18,2018-03-19,Harare Sports Club,1,43.4,Zimbabwe,West Indies,SF Mire,AG Cremer,KAJ Roach,2,0,,,,,,,,,
1133026,2017/18,2018-03-19,Harare Sports Club,1,43.5,Zimbabwe,West Indies,SF Mire,AG Cremer,KAJ Roach,1,0,,,,,,,,,
1133026,2017/18,2018-03-19,Harare Sports Club,1,43.6,Zimbabwe,West Indies,AG Cremer,SF Mire,KAJ Roach,0,0,,,,,,caught and bowled,AG Cremer,,
1133026,2017/18,2018-03-19,Harare Sports Club,1,43.7,Zimbabwe,West Indies,TS Chisoro,SF Mire,KAJ Roach,1,0,,,,,,,,,
1133026,2017/18,2018-03-19,Harare Sports Club,1,44.1,Zimbabwe,West Indies,TS Chisoro,SF Mire,KMA Paul,1,0,,,,,,,,,
1133026,2017/18,2018-03-19,Harare Sports Club,1,44.2,Zimbabwe,West Indies,SF Mire,TS Chisoro,KMA Paul,1,0,,,,,,,,,
1133026,2017/18,2018-03-19,Harare Sports Club,1,44.3,Zimbabwe,West Indies,TS Chisoro,SF Mire,KMA Paul,0,0,,,,,,,,,
1133026,2017/18,2018-03-19,Harare Sports Club,1,44.4,Zimbabwe,West Indies,TS Chisoro,SF Mire,KMA Paul,0,0,,,,,,,,,
1133026,2017/18,2018-03-19,Harare Sports Club,1,44.5,Zimbabwe,West Indies,TS Chisoro,SF Mire,KMA Paul,1,0,,,,,,,,,
1133026,2017/18,2018-03-19,Harare Sports Club,1,44.6,Zimbabwe,West Indies,SF Mire,TS Chisoro,KMA Paul,0,0,,,,,,,,,
1133026,2017/18,2018-03-19,Harare Sports Club,1,45.1,Zimbabwe,West Indies,TS Chisoro,SF Mire,KAJ Roach,1,0,,,,,,,,,
1133026,2017/18,2018-03-19,Harare Sports Club,1,45.2,Zimbabwe,West Indies,SF Mire,TS Chisoro,KAJ Roach,2,0,,,,,,,,,
1133026,2017/18,2018-03-19,Harare Sports Club,1,45.3,Zimbabwe,West Indies,SF Mire,TS Chisoro,KAJ Roach,1,0,,,,,,,,,
1133026,2017/18,2018-03-19,Harare Sports Club,1,45.4,Zimbabwe,West Indies,TS Chisoro,SF Mire,KAJ Roach,4,0,,,,,,,,,
1133026,2017/18,2018-03-19,Harare Sports Club,1,45.5,Zimbabwe,West Indies,TS Chisoro,SF Mire,KAJ Roach,0,0,,,,,,,,,
1133026,2017/18,2018-03-19,Harare Sports Club,1,45.6,Zimbabwe,West Indies,TS Chisoro,SF Mire,KAJ Roach,0,0,,,,,,,,,
1133026,2017/18,2018-03-19,Harare Sports Club,1,46.1,Zimbabwe,West Indies,SF Mire,TS Chisoro,JO Holder,1,0,,,,,,,,,
1133026,2017/18,2018-03-19,Harare Sports Club,1,46.2,Zimbabwe,West Indies,TS Chisoro,SF Mire,JO Holder,0,0,,,,,,,,,
1133026,2017/18,2018-03-19,Harare Sports Club,1,46.3,Zimbabwe,West Indies,TS Chisoro,SF Mire,JO Holder,2,0,,,,,,,,,
1133026,2017/18,2018-03-19,Harare Sports Club,1,46.4,Zimbabwe,West Indies,TS Chisoro,SF Mire,JO Holder,1,0,,,,,,,,,
1133026,2017/18,2018-03-19,Harare Sports Club,1,46.5,Zimbabwe,West Indies,SF Mire,TS Chisoro,JO Holder,0,0,,,,,,,,,
1133026,2017/18,2018-03-19,Harare Sports Club,1,46.6,Zimbabwe,West Indies,SF Mire,TS Chisoro,JO Holder,1,0,,,,,,,,,
1133026,2017/18,2018-03-19,Harare Sports Club,1,47.1,Zimbabwe,West Indies,SF Mire,TS Chisoro,KMA Paul,1,0,,,,,,,,,
1133026,2017/18,2018-03-19,Harare Sports Club,1,47.2,Zimbabwe,West Indies,TS Chisoro,SF Mire,KMA Paul,0,0,,,,,,,,,
1133026,2017/18,2018-03-19,Harare Sports Club,1,47.3,Zimbabwe,West Indies,TS Chisoro,SF Mire,KMA Paul,1,0,,,,,,,,,
1133026,2017/18,2018-03-19,Harare Sports Club,1,47.4,Zimbabwe,West Indies,SF Mire,TS Chisoro,KMA Paul,6,0,,,,,,,,,
1133026,2017/18,2018-03-19,Harare Sports Club,1,47.5,Zimbabwe,West Indies,SF Mire,TS Chisoro,KMA Paul,2,0,,,,,,,,,
1133026,2017/18,2018-03-19,Harare Sports Club,1,47.6,Zimbabwe,West Indies,SF Mire,TS Chisoro,KMA Paul,4,0,,,,,,,,,
1133026,2017/18,2018-03-19,Harare Sports Club,1,48.1,Zimbabwe,West Indies,TS Chisoro,SF Mire,JO Holder,0,0,,,,,,,,,
1133026,2017/18,2018-03-19,Harare Sports Club,1,48.2,Zimbabwe,West Indies,TS Chisoro,SF Mire,JO Holder,2,0,,,,,,,,,
1133026,2017/18,2018-03-19,Harare Sports Club,1,48.3,Zimbabwe,West Indies,TS Chisoro,SF Mire,JO Holder,0,0,,,,,,,,,
1133026,2017/18,2018-03-19,Harare Sports Club,1,48.4,Zimbabwe,West Indies,TS Chisoro,SF Mire,JO Holder,1,0,,,,,,,,,
1133026,2017/18,2018-03-19,Harare Sports Club,1,48.5,Zimbabwe,West Indies,SF Mire,TS Chisoro,JO Holder,0,0,,,,,,bowled,SF Mire,,
1133026,2017/18,2018-03-19,Harare Sports Club,1,48.6,Zimbabwe,West Indies,KM Jarvis,TS Chisoro,JO Holder,0,0,,,,,,,,,
1133026,2017/18,2018-03-19,Harare Sports Club,1,49.1,Zimbabwe,West Indies,TS Chisoro,KM Jarvis,KMA Paul,1,0,,,,,,,,,
1133026,2017/18,2018-03-19,Harare Sports Club,1,49.2,Zimbabwe,West Indies,KM Jarvis,TS Chisoro,KMA Paul,0,1,,,,1,,,,,
1133026,2017/18,2018-03-19,Harare Sports Club,1,49.3,Zimbabwe,West Indies,TS Chisoro,KM Jarvis,KMA Paul,2,0,,,,,,,,,
1133026,2017/18,2018-03-19,Harare Sports Club,1,49.4,Zimbabwe,West Indies,TS Chisoro,KM Jarvis,KMA Paul,0,0,,,,,,,,,
1133026,2017/18,2018-03-19,Harare Sports Club,1,49.5,Zimbabwe,West Indies,TS Chisoro,KM Jarvis,KMA Paul,0,0,,,,,,caught,TS Chisoro,,
1133026,2017/18,2018-03-19,Harare Sports Club,1,49.6,Zimbabwe,West Indies,KM Jarvis,B Muzarabani,KMA Paul,1,0,,,,,,run out,KM Jarvis,,
1133026,2017/18,2018-03-19,Harare Sports Club,2,0.1,West Indies,Zimbabwe,CH Gayle,E Lewis,KM Jarvis,0,0,,,,,,,,,
1133026,2017/18,2018-03-19,Harare Sports Club,2,0.2,West Indies,Zimbabwe,CH Gayle,E Lewis,KM Jarvis,1,0,,,,,,,,,
1133026,2017/18,2018-03-19,Harare Sports Club,2,0.3,West Indies,Zimbabwe,E Lewis,CH Gayle,KM Jarvis,0,0,,,,,,,,,
1133026,2017/18,2018-03-19,Harare Sports Club,2,0.4,West Indies,Zimbabwe,E Lewis,CH Gayle,KM Jarvis,0,0,,,,,,,,,
1133026,2017/18,2018-03-19,Harare Sports Club,2,0.5,West Indies,Zimbabwe,E Lewis,CH Gayle,KM Jarvis,0,0,,,,,,,,,
1133026,2017/18,2018-03-19,Harare Sports Club,2,0.6,West Indies,Zimbabwe,E Lewis,CH Gayle,KM Jarvis,0,0,,,,,,,,,
1133026,2017/18,2018-03-19,Harare Sports Club,2,1.1,West Indies,Zimbabwe,CH Gayle,E Lewis,Sikandar Raza,1,0,,,,,,,,,
1133026,2017/18,2018-03-19,Harare Sports Club,2,1.2,West Indies,Zimbabwe,E Lewis,CH Gayle,Sikandar Raza,0,0,,,,,,,,,
1133026,2017/18,2018-03-19,Harare Sports Club,2,1.3,West Indies,Zimbabwe,E Lewis,CH Gayle,Sikandar Raza,0,0,,,,,,,,,
1133026,2017/18,2018-03-19,Harare Sports Club,2,1.4,West Indies,Zimbabwe,E Lewis,CH Gayle,Sikandar Raza,0,0,,,,,,,,,
1133026,2017/18,2018-03-19,Harare Sports Club,2,1.5,West Indies,Zimbabwe,E Lewis,CH Gayle,Sikandar Raza,0,0,,,,,,,,,
1133026,2017/18,2018-03-19,Harare Sports Club,2,1.6,West Indies,Zimbabwe,E Lewis,CH Gayle,Sikandar Raza,0,1,1,,,,,,,,
1133026,2017/18,2018-03-19,Harare Sports Club,2,1.7,West Indies,Zimbabwe,E Lewis,CH Gayle,Sikandar Raza,5,0,,,,,,,,,
1133026,2017/18,2018-03-19,Harare Sports Club,2,2.1,West Indies,Zimbabwe,E Lewis,CH Gayle,KM Jarvis,0,0,,,,,,,,,
1133026,2017/18,2018-03-19,Harare Sports Club,2,2.2,West Indies,Zimbabwe,E Lewis,CH Gayle,KM Jarvis,0,0,,,,,,,,,
1133026,2017/18,2018-03-19,Harare Sports Club,2,2.3,West Indies,Zimbabwe,E Lewis,CH Gayle,KM Jarvis,4,0,,,,,,,,,
1133026,2017/18,2018-03-19,Harare Sports Club,2,2.4,West Indies,Zimbabwe,E Lewis,CH Gayle,KM Jarvis,0,0,,,,,,,,,
1133026,2017/18,2018-03-19,Harare Sports Club,2,2.5,West Indies,Zimbabwe,E Lewis,CH Gayle,KM Jarvis,4,0,,,,,,,,,
1133026,2017/18,2018-03-19,Harare Sports Club,2,2.6,West Indies,Zimbabwe,E Lewis,CH Gayle,KM Jarvis,0,0,,,,,,,,,
1133026,2017/18,2018-03-19,Harare Sports Club,2,3.1,West Indies,Zimbabwe,CH Gayle,E Lewis,Sikandar Raza,0,0,,,,,,,,,
1133026,2017/18,2018-03-19,Harare Sports Club,2,3.2,West Indies,Zimbabwe,CH Gayle,E Lewis,Sikandar Raza,0,0,,,,,,,,,
1133026,2017/18,2018-03-19,Harare Sports Club,2,3.3,West Indies,Zimbabwe,CH Gayle,E Lewis,Sikandar Raza,2,0,,,,,,,,,
1133026,2017/18,2018-03-19,Harare Sports Club,2,3.4,West Indies,Zimbabwe,CH Gayle,E Lewis,Sikandar Raza,6,0,,,,,,,,,
1133026,2017/18,2018-03-19,Harare Sports Club,2,3.5,West Indies,Zimbabwe,CH Gayle,E Lewis,Sikandar Raza,6,0,,,,,,,,,
1133026,2017/18,2018-03-19,Harare Sports Club,2,3.6,West Indies,Zimbabwe,CH Gayle,E Lewis,Sikandar Raza,0,0,,,,,,,,,
1133026,2017/18,2018-03-19,Harare Sports Club,2,4.1,West Indies,Zimbabwe,E Lewis,CH Gayle,KM Jarvis,0,0,,,,,,,,,
1133026,2017/18,2018-03-19,Harare Sports Club,2,4.2,West Indies,Zimbabwe,E Lewis,CH Gayle,KM Jarvis,0,0,,,,,,,,,
1133026,2017/18,2018-03-19,Harare Sports Club,2,4.3,West Indies,Zimbabwe,E Lewis,CH Gayle,KM Jarvis,0,0,,,,,,,,,
1133026,2017/18,2018-03-19,Harare Sports Club,2,4.4,West Indies,Zimbabwe,E Lewis,CH Gayle,KM Jarvis,0,0,,,,,,,,,
1133026,2017/18,2018-03-19,Harare Sports Club,2,4.5,West Indies,Zimbabwe,E Lewis,CH Gayle,KM Jarvis,4,0,,,,,,,,,
1133026,2017/18,2018-03-19,Harare Sports Club,2,4.6,West Indies,Zimbabwe,E Lewis,CH Gayle,KM Jarvis,2,0,,,,,,,,,
1133026,2017/18,2018-03-19,Harare Sports Club,2,5.1,West Indies,Zimbabwe,CH Gayle,E Lewis,B Muzarabani,0,0,,,,,,,,,
1133026,2017/18,2018-03-19,Harare Sports Club,2,5.2,West Indies,Zimbabwe,CH Gayle,E Lewis,B Muzarabani,1,0,,,,,,,,,
1133026,2017/18,2018-03-19,Harare Sports Club,2,5.3,West Indies,Zimbabwe,E Lewis,CH Gayle,B Muzarabani,1,0,,,,,,,,,
1133026,2017/18,2018-03-19,Harare Sports Club,2,5.4,West Indies,Zimbabwe,CH Gayle,E Lewis,B Muzarabani,0,0,,,,,,,,,
1133026,2017/18,2018-03-19,Harare Sports Club,2,5.5,West Indies,Zimbabwe,CH Gayle,E Lewis,B Muzarabani,0,0,,,,,,caught,CH Gayle,,
1133026,2017/18,2018-03-19,Harare Sports Club,2,5.6,West Indies,Zimbabwe,SD Hope,E Lewis,B Muzarabani,0,0,,,,,,,,,
1133026,2017/18,2018-03-19,Harare Sports Club,2,6.1,West Indies,Zimbabwe,E Lewis,SD Hope,KM Jarvis,6,0,,,,,,,,,
1133026,2017/18,2018-03-19,Harare Sports Club,2,6.2,West Indies,Zimbabwe,E Lewis,SD Hope,KM Jarvis,0,0,,,,,,,,,
1133026,2017/18,2018-03-19,Harare Sports Club,2,6.3,West Indies,Zimbabwe,E Lewis,SD Hope,KM Jarvis,0,0,,,,,,,,,
1133026,2017/18,2018-03-19,Harare Sports Club,2,6.4,West Indies,Zimbabwe,E Lewis,SD Hope,KM Jarvis,0,0,,,,,,,,,
1133026,2017/18,2018-03-19,Harare Sports Club,2,6.5,West Indies,Zimbabwe,E Lewis,SD Hope,KM Jarvis,0,0,,,,,,,,,
1133026,2017/18,2018-03-19,Harare Sports Club,2,6.6,West Indies,Zimbabwe,E Lewis,SD Hope,KM Jarvis,0,0,,,,,,,,,
1133026,2017/18,2018-03-19,Harare Sports Club,2,7.1,West Indies,Zimbabwe,SD Hope,E Lewis,B Muzarabani,0,0,,,,,,,,,
1133026,2017/18,2018-03-19,Harare Sports Club,2,7.2,West Indies,Zimbabwe,SD Hope,E Lewis,B Muzarabani,1,0,,,,,,,,,
1133026,2017/18,2018-03-19,Harare Sports Club,2,7.3,West Indies,Zimbabwe,E Lewis,SD Hope,B Muzarabani,0,0,,,,,,,,,
1133026,2017/18,2018-03-19,Harare Sports Club,2,7.4,West Indies,Zimbabwe,E Lewis,SD Hope,B Muzarabani,1,0,,,,,,,,,
1133026,2017/18,2018-03-19,Harare Sports Club,2,7.5,West Indies,Zimbabwe,SD Hope,E Lewis,B Muzarabani,0,0,,,,,,,,,
1133026,2017/18,2018-03-19,Harare Sports Club,2,7.6,West Indies,Zimbabwe,SD Hope,E Lewis,B Muzarabani,0,0,,,,,,,,,
1133026,2017/18,2018-03-19,Harare Sports Club,2,8.1,West Indies,Zimbabwe,E Lewis,SD Hope,KM Jarvis,0,0,,,,,,,,,
1133026,2017/18,2018-03-19,Harare Sports Club,2,8.2,West Indies,Zimbabwe,E Lewis,SD Hope,KM Jarvis,0,0,,,,,,,,,
1133026,2017/18,2018-03-19,Harare Sports Club,2,8.3,West Indies,Zimbabwe,E Lewis,SD Hope,KM Jarvis,0,0,,,,,,,,,
1133026,2017/18,2018-03-19,Harare Sports Club,2,8.4,West Indies,Zimbabwe,E Lewis,SD Hope,KM Jarvis,1,0,,,,,,,,,
1133026,2017/18,2018-03-19,Harare Sports Club,2,8.5,West Indies,Zimbabwe,SD Hope,E Lewis,KM Jarvis,0,0,,,,,,,,,
1133026,2017/18,2018-03-19,Harare Sports Club,2,8.6,West Indies,Zimbabwe,SD Hope,E Lewis,KM Jarvis,0,0,,,,,,,,,
1133026,2017/18,2018-03-19,Harare Sports Club,2,9.1,West Indies,Zimbabwe,E Lewis,SD Hope,B Muzarabani,0,0,,,,,,,,,
1133026,2017/18,2018-03-19,Harare Sports Club,2,9.2,West Indies,Zimbabwe,E Lewis,SD Hope,B Muzarabani,1,0,,,,,,,,,
1133026,2017/18,2018-03-19,Harare Sports Club,2,9.3,West Indies,Zimbabwe,SD Hope,E Lewis,B Muzarabani,0,0,,,,,,,,,
1133026,2017/18,2018-03-19,Harare Sports Club,2,9.4,West Indies,Zimbabwe,SD Hope,E Lewis,B Muzarabani,0,0,,,,,,,,,
1133026,2017/18,2018-03-19,Harare Sports Club,2,9.5,West Indies,Zimbabwe,SD Hope,E Lewis,B Muzarabani,0,0,,,,,,,,,
1133026,2017/18,2018-03-19,Harare Sports Club,2,9.6,West Indies,Zimbabwe,SD Hope,E Lewis,B Muzarabani,6,0,,,,,,,,,
1133026,2017/18,2018-03-19,Harare Sports Club,2,10.1,West Indies,Zimbabwe,E Lewis,SD Hope,KM Jarvis,1,0,,,,,,,,,
1133026,2017/18,2018-03-19,Harare Sports Club,2,10.2,West Indies,Zimbabwe,SD Hope,E Lewis,KM Jarvis,0,0,,,,,,,,,
1133026,2017/18,2018-03-19,Harare Sports Club,2,10.3,West Indies,Zimbabwe,SD Hope,E Lewis,KM Jarvis,0,0,,,,,,,,,
1133026,2017/18,2018-03-19,Harare Sports Club,2,10.4,West Indies,Zimbabwe,SD Hope,E Lewis,KM Jarvis,1,0,,,,,,,,,
1133026,2017/18,2018-03-19,Harare Sports Club,2,10.5,West Indies,Zimbabwe,E Lewis,SD Hope,KM Jarvis,4,0,,,,,,,,,
1133026,2017/18,2018-03-19,Harare Sports Club,2,10.6,West Indies,Zimbabwe,E Lewis,SD Hope,KM Jarvis,1,0,,,,,,,,,
1133026,2017/18,2018-03-19,Harare Sports Club,2,11.1,West Indies,Zimbabwe,E Lewis,SD Hope,B Muzarabani,1,0,,,,,,,,,
1133026,2017/18,2018-03-19,Harare Sports Club,2,11.2,West Indies,Zimbabwe,SD Hope,E Lewis,B Muzarabani,1,0,,,,,,,,,
1133026,2017/18,2018-03-19,Harare Sports Club,2,11.3,West Indies,Zimbabwe,E Lewis,SD Hope,B Muzarabani,0,0,,,,,,,,,
1133026,2017/18,2018-03-19,Harare Sports Club,2,11.4,West Indies,Zimbabwe,E Lewis,SD Hope,B Muzarabani,1,0,,,,,,,,,
1133026,2017/18,2018-03-19,Harare Sports Club,2,11.5,West Indies,Zimbabwe,SD Hope,E Lewis,B Muzarabani,0,0,,,,,,,,,
1133026,2017/18,2018-03-19,Harare Sports Club,2,11.6,West Indies,Zimbabwe,SD Hope,E Lewis,B Muzarabani,0,0,,,,,,,,,
1133026,2017/18,2018-03-19,Harare Sports Club,2,12.1,West Indies,Zimbabwe,E Lewis,SD Hope,AG Cremer,0,0,,,,,,,,,
1133026,2017/18,2018-03-19,Harare Sports Club,2,12.2,West Indies,Zimbabwe,E Lewis,SD Hope,AG Cremer,1,0,,,,,,,,,
1133026,2017/18,2018-03-19,Harare Sports Club,2,12.3,West Indies,Zimbabwe,SD Hope,E Lewis,AG Cremer,1,0,,,,,,,,,
1133026,2017/18,2018-03-19,Harare Sports Club,2,12.4,West Indies,Zimbabwe,E Lewis,SD Hope,AG Cremer,0,0,,,,,,,,,
1133026,2017/18,2018-03-19,Harare Sports Club,2,12.5,West Indies,Zimbabwe,E Lewis,SD Hope,AG Cremer,0,0,,,,,,,,,
1133026,2017/18,2018-03-19,Harare Sports Club,2,12.6,West Indies,Zimbabwe,E Lewis,SD Hope,AG Cremer,0,0,,,,,,,,,
1133026,2017/18,2018-03-19,Harare Sports Club,2,13.1,West Indies,Zimbabwe,SD Hope,E Lewis,TS Chisoro,1,0,,,,,,,,,
1133026,2017/18,2018-03-19,Harare Sports Club,2,13.2,West Indies,Zimbabwe,E Lewis,SD Hope,TS Chisoro,0,0,,,,,,,,,
1133026,2017/18,2018-03-19,Harare Sports Club,2,13.3,West Indies,Zimbabwe,E Lewis,SD Hope,TS Chisoro,0,0,,,,,,,,,
1133026,2017/18,2018-03-19,Harare Sports Club,2,13.4,West Indies,Zimbabwe,E Lewis,SD Hope,TS Chisoro,0,0,,,,,,,,,
1133026,2017/18,2018-03-19,Harare Sports Club,2,13.5,West Indies,Zimbabwe,E Lewis,SD Hope,TS Chisoro,0,1,1,,,,,,,,
1133026,2017/18,2018-03-19,Harare Sports Club,2,13.6,West Indies,Zimbabwe,E Lewis,SD Hope,TS Chisoro,0,0,,,,,,,,,
1133026,2017/18,2018-03-19,Harare Sports Club,2,13.7,West Indies,Zimbabwe,E Lewis,SD Hope,TS Chisoro,0,0,,,,,,,,,
1133026,2017/18,2018-03-19,Harare Sports Club,2,14.1,West Indies,Zimbabwe,SD Hope,E Lewis,AG Cremer,1,0,,,,,,,,,
1133026,2017/18,2018-03-19,Harare Sports Club,2,14.2,West Indies,Zimbabwe,E Lewis,SD Hope,AG Cremer,4,0,,,,,,,,,
1133026,2017/18,2018-03-19,Harare Sports Club,2,14.3,West Indies,Zimbabwe,E Lewis,SD Hope,AG Cremer,0,0,,,,,,,,,
1133026,2017/18,2018-03-19,Harare Sports Club,2,14.4,West Indies,Zimbabwe,E Lewis,SD Hope,AG Cremer,1,0,,,,,,,,,
1133026,2017/18,2018-03-19,Harare Sports Club,2,14.5,West Indies,Zimbabwe,SD Hope,E Lewis,AG Cremer,4,0,,,,,,,,,
1133026,2017/18,2018-03-19,Harare Sports Club,2,14.6,West Indies,Zimbabwe,SD Hope,E Lewis,AG Cremer,0,0,,,,,,,,,
1133026,2017/18,2018-03-19,Harare Sports Club,2,15.1,West Indies,Zimbabwe,E Lewis,SD Hope,TS Chisoro,2,0,,,,,,,,,
1133026,2017/18,2018-03-19,Harare Sports Club,2,15.2,West Indies,Zimbabwe,E Lewis,SD Hope,TS Chisoro,0,0,,,,,,,,,
1133026,2017/18,2018-03-19,Harare Sports Club,2,15.3,West Indies,Zimbabwe,E Lewis,SD Hope,TS Chisoro,0,0,,,,,,,,,
1133026,2017/18,2018-03-19,Harare Sports Club,2,15.4,West Indies,Zimbabwe,E Lewis,SD Hope,TS Chisoro,1,0,,,,,,,,,
1133026,2017/18,2018-03-19,Harare Sports Club,2,15.5,West Indies,Zimbabwe,SD Hope,E Lewis,TS Chisoro,1,0,,,,,,,,,
1133026,2017/18,2018-03-19,Harare Sports Club,2,15.6,West Indies,Zimbabwe,E Lewis,SD Hope,TS Chisoro,1,0,,,,,,,,,
1133026,2017/18,2018-03-19,Harare Sports Club,2,16.1,West Indies,Zimbabwe,E Lewis,SD Hope,AG Cremer,0,0,,,,,,,,,
1133026,2017/18,2018-03-19,Harare Sports Club,2,16.2,West Indies,Zimbabwe,E Lewis,SD Hope,AG Cremer,0,0,,,,,,,,,
1133026,2017/18,2018-03-19,Harare Sports Club,2,16.3,West Indies,Zimbabwe,E Lewis,SD Hope,AG Cremer,0,0,,,,,,,,,
1133026,2017/18,2018-03-19,Harare Sports Club,2,16.4,West Indies,Zimbabwe,E Lewis,SD Hope,AG Cremer,1,0,,,,,,,,,
1133026,2017/18,2018-03-19,Harare Sports Club,2,16.5,West Indies,Zimbabwe,SD Hope,E Lewis,AG Cremer,0,0,,,,,,,,,
1133026,2017/18,2018-03-19,Harare Sports Club,2,16.6,West Indies,Zimbabwe,SD Hope,E Lewis,AG Cremer,1,0,,,,,,,,,
1133026,2017/18,2018-03-19,Harare Sports Club,2,17.1,West Indies,Zimbabwe,SD Hope,E Lewis,TS Chisoro,4,0,,,,,,,,,
1133026,2017/18,2018-03-19,Harare Sports Club,2,17.2,West Indies,Zimbabwe,SD Hope,E Lewis,TS Chisoro,1,0,,,,,,,,,
1133026,2017/18,2018-03-19,Harare Sports Club,2,17.3,West Indies,Zimbabwe,E Lewis,SD Hope,TS Chisoro,4,0,,,,,,,,,
1133026,2017/18,2018-03-19,Harare Sports Club,2,17.4,West Indies,Zimbabwe,E Lewis,SD Hope,TS Chisoro,0,0,,,,,,,,,
1133026,2017/18,2018-03-19,Harare Sports Club,2,17.5,West Indies,Zimbabwe,E Lewis,SD Hope,TS Chisoro,2,0,,,,,,,,,
1133026,2017/18,2018-03-19,Harare Sports Club,2,17.6,West Indies,Zimbabwe,E Lewis,SD Hope,TS Chisoro,4,0,,,,,,,,,
1133026,2017/18,2018-03-19,Harare Sports Club,2,18.1,West Indies,Zimbabwe,SD Hope,E Lewis,AG Cremer,0,0,,,,,,,,,
1133026,2017/18,2018-03-19,Harare Sports Club,2,18.2,West Indies,Zimbabwe,SD Hope,E Lewis,AG Cremer,1,0,,,,,,,,,
1133026,2017/18,2018-03-19,Harare Sports Club,2,18.3,West Indies,Zimbabwe,E Lewis,SD Hope,AG Cremer,1,0,,,,,,,,,
1133026,2017/18,2018-03-19,Harare Sports Club,2,18.4,West Indies,Zimbabwe,SD Hope,E Lewis,AG Cremer,0,0,,,,,,,,,
1133026,2017/18,2018-03-19,Harare Sports Club,2,18.5,West Indies,Zimbabwe,SD Hope,E Lewis,AG Cremer,0,0,,,,,,,,,
1133026,2017/18,2018-03-19,Harare Sports Club,2,18.6,West Indies,Zimbabwe,SD Hope,E Lewis,AG Cremer,1,0,,,,,,,,,
1133026,2017/18,2018-03-19,Harare Sports Club,2,19.1,West Indies,Zimbabwe,SD Hope,E Lewis,Sikandar Raza,0,0,,,,,,,,,
1133026,2017/18,2018-03-19,Harare Sports Club,2,19.2,West Indies,Zimbabwe,SD Hope,E Lewis,Sikandar Raza,0,0,,,,,,,,,
1133026,2017/18,2018-03-19,Harare Sports Club,2,19.3,West Indies,Zimbabwe,SD Hope,E Lewis,Sikandar Raza,1,0,,,,,,,,,
1133026,2017/18,2018-03-19,Harare Sports Club,2,19.4,West Indies,Zimbabwe,E Lewis,SD Hope,Sikandar Raza,0,0,,,,,,,,,
1133026,2017/18,2018-03-19,Harare Sports Club,2,19.5,West Indies,Zimbabwe,E Lewis,SD Hope,Sikandar Raza,2,0,,,,,,,,,
1133026,2017/18,2018-03-19,Harare Sports Club,2,19.6,West Indies,Zimbabwe,E Lewis,SD Hope,Sikandar Raza,0,0,,,,,,,,,
1133026,2017/18,2018-03-19,Harare Sports Club,2,20.1,West Indies,Zimbabwe,SD Hope,E Lewis,AG Cremer,0,0,,,,,,,,,
1133026,2017/18,2018-03-19,Harare Sports Club,2,20.2,West Indies,Zimbabwe,SD Hope,E Lewis,AG Cremer,0,0,,,,,,,,,
1133026,2017/18,2018-03-19,Harare Sports Club,2,20.3,West Indies,Zimbabwe,SD Hope,E Lewis,AG Cremer,0,0,,,,,,,,,
1133026,2017/18,2018-03-19,Harare Sports Club,2,20.4,West Indies,Zimbabwe,SD Hope,E Lewis,AG Cremer,1,0,,,,,,,,,
1133026,2017/18,2018-03-19,Harare Sports Club,2,20.5,West Indies,Zimbabwe,E Lewis,SD Hope,AG Cremer,1,0,,,,,,,,,
1133026,2017/18,2018-03-19,Harare Sports Club,2,20.6,West Indies,Zimbabwe,SD Hope,E Lewis,AG Cremer,0,0,,,,,,,,,
1133026,2017/18,2018-03-19,Harare Sports Club,2,21.1,West Indies,Zimbabwe,E Lewis,SD Hope,Sikandar Raza,2,0,,,,,,,,,
1133026,2017/18,2018-03-19,Harare Sports Club,2,21.2,West Indies,Zimbabwe,E Lewis,SD Hope,Sikandar Raza,0,0,,,,,,caught and bowled,E Lewis,,
1133026,2017/18,2018-03-19,Harare Sports Club,2,21.3,West Indies,Zimbabwe,MN Samuels,SD Hope,Sikandar Raza,0,0,,,,,,,,,
1133026,2017/18,2018-03-19,Harare Sports Club,2,21.4,West Indies,Zimbabwe,MN Samuels,SD Hope,Sikandar Raza,0,0,,,,,,,,,
1133026,2017/18,2018-03-19,Harare Sports Club,2,21.5,West Indies,Zimbabwe,MN Samuels,SD Hope,Sikandar Raza,0,0,,,,,,,,,
1133026,2017/18,2018-03-19,Harare Sports Club,2,21.6,West Indies,Zimbabwe,MN Samuels,SD Hope,Sikandar Raza,1,0,,,,,,,,,
1133026,2017/18,2018-03-19,Harare Sports Club,2,22.1,West Indies,Zimbabwe,MN Samuels,SD Hope,AG Cremer,0,0,,,,,,,,,
1133026,2017/18,2018-03-19,Harare Sports Club,2,22.2,West Indies,Zimbabwe,MN Samuels,SD Hope,AG Cremer,1,0,,,,,,,,,
1133026,2017/18,2018-03-19,Harare Sports Club,2,22.3,West Indies,Zimbabwe,SD Hope,MN Samuels,AG Cremer,1,0,,,,,,,,,
1133026,2017/18,2018-03-19,Harare Sports Club,2,22.4,West Indies,Zimbabwe,MN Samuels,SD Hope,AG Cremer,1,0,,,,,,,,,
1133026,2017/18,2018-03-19,Harare Sports Club,2,22.5,West Indies,Zimbabwe,SD Hope,MN Samuels,AG Cremer,0,0,,,,,,,,,
1133026,2017/18,2018-03-19,Harare Sports Club,2,22.6,West Indies,Zimbabwe,SD Hope,MN Samuels,AG Cremer,0,0,,,,,,,,,
1133026,2017/18,2018-03-19,Harare Sports Club,2,23.1,West Indies,Zimbabwe,MN Samuels,SD Hope,Sikandar Raza,0,0,,,,,,,,,
1133026,2017/18,2018-03-19,Harare Sports Club,2,23.2,West Indies,Zimbabwe,MN Samuels,SD Hope,Sikandar Raza,0,0,,,,,,,,,
1133026,2017/18,2018-03-19,Harare Sports Club,2,23.3,West Indies,Zimbabwe,MN Samuels,SD Hope,Sikandar Raza,4,0,,,,,,,,,
1133026,2017/18,2018-03-19,Harare Sports Club,2,23.4,West Indies,Zimbabwe,MN Samuels,SD Hope,Sikandar Raza,0,0,,,,,,,,,
1133026,2017/18,2018-03-19,Harare Sports Club,2,23.5,West Indies,Zimbabwe,MN Samuels,SD Hope,Sikandar Raza,2,0,,,,,,,,,
1133026,2017/18,2018-03-19,Harare Sports Club,2,23.6,West Indies,Zimbabwe,MN Samuels,SD Hope,Sikandar Raza,1,0,,,,,,,,,
1133026,2017/18,2018-03-19,Harare Sports Club,2,24.1,West Indies,Zimbabwe,MN Samuels,SD Hope,SC Williams,0,0,,,,,,,,,
1133026,2017/18,2018-03-19,Harare Sports Club,2,24.2,West Indies,Zimbabwe,MN Samuels,SD Hope,SC Williams,1,0,,,,,,,,,
1133026,2017/18,2018-03-19,Harare Sports Club,2,24.3,West Indies,Zimbabwe,SD Hope,MN Samuels,SC Williams,1,0,,,,,,,,,
1133026,2017/18,2018-03-19,Harare Sports Club,2,24.4,West Indies,Zimbabwe,MN Samuels,SD Hope,SC Williams,0,0,,,,,,,,,
1133026,2017/18,2018-03-19,Harare Sports Club,2,24.5,West Indies,Zimbabwe,MN Samuels,SD Hope,SC Williams,0,0,,,,,,,,,
1133026,2017/18,2018-03-19,Harare Sports Club,2,24.6,West Indies,Zimbabwe,MN Samuels,SD Hope,SC Williams,4,0,,,,,,,,,
1133026,2017/18,2018-03-19,Harare Sports Club,2,25.1,West Indies,Zimbabwe,SD Hope,MN Samuels,TS Chisoro,0,0,,,,,,,,,
1133026,2017/18,2018-03-19,Harare Sports Club,2,25.2,West Indies,Zimbabwe,SD Hope,MN Samuels,TS Chisoro,1,0,,,,,,,,,
1133026,2017/18,2018-03-19,Harare Sports Club,2,25.3,West Indies,Zimbabwe,MN Samuels,SD Hope,TS Chisoro,0,0,,,,,,,,,
1133026,2017/18,2018-03-19,Harare Sports Club,2,25.4,West Indies,Zimbabwe,MN Samuels,SD Hope,TS Chisoro,4,0,,,,,,,,,
1133026,2017/18,2018-03-19,Harare Sports Club,2,25.5,West Indies,Zimbabwe,MN Samuels,SD Hope,TS Chisoro,0,0,,,,,,,,,
1133026,2017/18,2018-03-19,Harare Sports Club,2,25.6,West Indies,Zimbabwe,MN Samuels,SD Hope,TS Chisoro,0,0,,,,,,,,,
1133026,2017/18,2018-03-19,Harare Sports Club,2,26.1,West Indies,Zimbabwe,SD Hope,MN Samuels,SC Williams,0,0,,,,,,,,,
1133026,2017/18,2018-03-19,Harare Sports Club,2,26.2,West Indies,Zimbabwe,SD Hope,MN Samuels,SC Williams,1,0,,,,,,,,,
1133026,2017/18,2018-03-19,Harare Sports Club,2,26.3,West Indies,Zimbabwe,MN Samuels,SD Hope,SC Williams,0,0,,,,,,,,,
1133026,2017/18,2018-03-19,Harare Sports Club,2,26.4,West Indies,Zimbabwe,MN Samuels,SD Hope,SC Williams,0,0,,,,,,,,,
1133026,2017/18,2018-03-19,Harare Sports Club,2,26.5,West Indies,Zimbabwe,MN Samuels,SD Hope,SC Williams,1,0,,,,,,,,,
1133026,2017/18,2018-03-19,Harare Sports Club,2,26.6,West Indies,Zimbabwe,SD Hope,MN Samuels,SC Williams,0,0,,,,,,,,,
1133026,2017/18,2018-03-19,Harare Sports Club,2,27.1,West Indies,Zimbabwe,MN Samuels,SD Hope,TS Chisoro,0,0,,,,,,,,,
1133026,2017/18,2018-03-19,Harare Sports Club,2,27.2,West Indies,Zimbabwe,MN Samuels,SD Hope,TS Chisoro,1,0,,,,,,,,,
1133026,2017/18,2018-03-19,Harare Sports Club,2,27.3,West Indies,Zimbabwe,SD Hope,MN Samuels,TS Chisoro,0,0,,,,,,,,,
1133026,2017/18,2018-03-19,Harare Sports Club,2,27.4,West Indies,Zimbabwe,SD Hope,MN Samuels,TS Chisoro,2,0,,,,,,,,,
1133026,2017/18,2018-03-19,Harare Sports Club,2,27.5,West Indies,Zimbabwe,SD Hope,MN Samuels,TS Chisoro,0,0,,,,,,,,,
1133026,2017/18,2018-03-19,Harare Sports Club,2,27.6,West Indies,Zimbabwe,SD Hope,MN Samuels,TS Chisoro,0,0,,,,,,,,,
1133026,2017/18,2018-03-19,Harare Sports Club,2,28.1,West Indies,Zimbabwe,MN Samuels,SD Hope,SC Williams,1,0,,,,,,,,,
1133026,2017/18,2018-03-19,Harare Sports Club,2,28.2,West Indies,Zimbabwe,SD Hope,MN Samuels,SC Williams,1,0,,,,,,,,,
1133026,2017/18,2018-03-19,Harare Sports Club,2,28.3,West Indies,Zimbabwe,MN Samuels,SD Hope,SC Williams,0,0,,,,,,,,,
1133026,2017/18,2018-03-19,Harare Sports Club,2,28.4,West Indies,Zimbabwe,MN Samuels,SD Hope,SC Williams,1,0,,,,,,,,,
1133026,2017/18,2018-03-19,Harare Sports Club,2,28.5,West Indies,Zimbabwe,SD Hope,MN Samuels,SC Williams,1,0,,,,,,,,,
1133026,2017/18,2018-03-19,Harare Sports Club,2,28.6,West Indies,Zimbabwe,MN Samuels,SD Hope,SC Williams,0,0,,,,,,,,,
1133026,2017/18,2018-03-19,Harare Sports Club,2,29.1,West Indies,Zimbabwe,SD Hope,MN Samuels,TS Chisoro,2,0,,,,,,,,,
1133026,2017/18,2018-03-19,Harare Sports Club,2,29.2,West Indies,Zimbabwe,SD Hope,MN Samuels,TS Chisoro,0,0,,,,,,,,,
1133026,2017/18,2018-03-19,Harare Sports Club,2,29.3,West Indies,Zimbabwe,SD Hope,MN Samuels,TS Chisoro,1,0,,,,,,,,,
1133026,2017/18,2018-03-19,Harare Sports Club,2,29.4,West Indies,Zimbabwe,MN Samuels,SD Hope,TS Chisoro,1,0,,,,,,,,,
1133026,2017/18,2018-03-19,Harare Sports Club,2,29.5,West Indies,Zimbabwe,SD Hope,MN Samuels,TS Chisoro,0,0,,,,,,,,,
1133026,2017/18,2018-03-19,Harare Sports Club,2,29.6,West Indies,Zimbabwe,SD Hope,MN Samuels,TS Chisoro,1,0,,,,,,,,,
1133026,2017/18,2018-03-19,Harare Sports Club,2,30.1,West Indies,Zimbabwe,SD Hope,MN Samuels,SC Williams,0,0,,,,,,,,,
1133026,2017/18,2018-03-19,Harare Sports Club,2,30.2,West Indies,Zimbabwe,SD Hope,MN Samuels,SC Williams,1,0,,,,,,,,,
1133026,2017/18,2018-03-19,Harare Sports Club,2,30.3,West Indies,Zimbabwe,MN Samuels,SD Hope,SC Williams,1,0,,,,,,,,,
1133026,2017/18,2018-03-19,Harare Sports Club,2,30.4,West Indies,Zimbabwe,SD Hope,MN Samuels,SC Williams,1,0,,,,,,,,,
1133026,2017/18,2018-03-19,Harare Sports Club,2,30.5,West Indies,Zimbabwe,MN Samuels,SD Hope,SC Williams,1,0,,,,,,,,,
1133026,2017/18,2018-03-19,Harare Sports Club,2,30.6,West Indies,Zimbabwe,SD Hope,MN Samuels,SC Williams,2,0,,,,,,,,,
1133026,2017/18,2018-03-19,Harare Sports Club,2,31.1,West Indies,Zimbabwe,MN Samuels,SD Hope,TS Chisoro,0,0,,,,,,,,,
1133026,2017/18,2018-03-19,Harare Sports Club,2,31.2,West Indies,Zimbabwe,MN Samuels,SD Hope,TS Chisoro,0,0,,,,,,,,,
1133026,2017/18,2018-03-19,Harare Sports Club,2,31.3,West Indies,Zimbabwe,MN Samuels,SD Hope,TS Chisoro,0,0,,,,,,,,,
1133026,2017/18,2018-03-19,Harare Sports Club,2,31.4,West Indies,Zimbabwe,MN Samuels,SD Hope,TS Chisoro,1,0,,,,,,,,,
1133026,2017/18,2018-03-19,Harare Sports Club,2,31.5,West Indies,Zimbabwe,SD Hope,MN Samuels,TS Chisoro,2,0,,,,,,,,,
1133026,2017/18,2018-03-19,Harare Sports Club,2,31.6,West Indies,Zimbabwe,SD Hope,MN Samuels,TS Chisoro,0,0,,,,,,,,,
1133026,2017/18,2018-03-19,Harare Sports Club,2,32.1,West Indies,Zimbabwe,MN Samuels,SD Hope,SC Williams,1,0,,,,,,,,,
1133026,2017/18,2018-03-19,Harare Sports Club,2,32.2,West Indies,Zimbabwe,SD Hope,MN Samuels,SC Williams,1,0,,,,,,,,,
1133026,2017/18,2018-03-19,Harare Sports Club,2,32.3,West Indies,Zimbabwe,MN Samuels,SD Hope,SC Williams,0,0,,,,,,,,,
1133026,2017/18,2018-03-19,Harare Sports Club,2,32.4,West Indies,Zimbabwe,MN Samuels,SD Hope,SC Williams,1,0,,,,,,,,,
1133026,2017/18,2018-03-19,Harare Sports Club,2,32.5,West Indies,Zimbabwe,SD Hope,MN Samuels,SC Williams,1,0,,,,,,,,,
1133026,2017/18,2018-03-19,Harare Sports Club,2,32.6,West Indies,Zimbabwe,MN Samuels,SD Hope,SC Williams,1,0,,,,,,,,,
1133026,2017/18,2018-03-19,Harare Sports Club,2,33.1,West Indies,Zimbabwe,MN Samuels,SD Hope,Sikandar Raza,1,0,,,,,,,,,
1133026,2017/18,2018-03-19,Harare Sports Club,2,33.2,West Indies,Zimbabwe,SD Hope,MN Samuels,Sikandar Raza,1,0,,,,,,,,,
1133026,2017/18,2018-03-19,Harare Sports Club,2,33.3,West Indies,Zimbabwe,MN Samuels,SD Hope,Sikandar Raza,1,0,,,,,,,,,
1133026,2017/18,2018-03-19,Harare Sports Club,2,33.4,West Indies,Zimbabwe,SD Hope,MN Samuels,Sikandar Raza,1,0,,,,,,,,,
1133026,2017/18,2018-03-19,Harare Sports Club,2,33.5,West Indies,Zimbabwe,MN Samuels,SD Hope,Sikandar Raza,1,0,,,,,,,,,
1133026,2017/18,2018-03-19,Harare Sports Club,2,33.6,West Indies,Zimbabwe,SD Hope,MN Samuels,Sikandar Raza,1,0,,,,,,,,,
1133026,2017/18,2018-03-19,Harare Sports Club,2,34.1,West Indies,Zimbabwe,SD Hope,MN Samuels,AG Cremer,0,0,,,,,,,,,
1133026,2017/18,2018-03-19,Harare Sports Club,2,34.2,West Indies,Zimbabwe,SD Hope,MN Samuels,AG Cremer,4,0,,,,,,,,,
1133026,2017/18,2018-03-19,Harare Sports Club,2,34.3,West Indies,Zimbabwe,SD Hope,MN Samuels,AG Cremer,0,0,,,,,,,,,
1133026,2017/18,2018-03-19,Harare Sports Club,2,34.4,West Indies,Zimbabwe,SD Hope,MN Samuels,AG Cremer,0,0,,,,,,,,,
1133026,2017/18,2018-03-19,Harare Sports Club,2,34.5,West Indies,Zimbabwe,SD Hope,MN Samuels,AG Cremer,1,0,,,,,,,,,
1133026,2017/18,2018-03-19,Harare Sports Club,2,34.6,West Indies,Zimbabwe,MN Samuels,SD Hope,AG Cremer,0,0,,,,,,,,,
1133026,2017/18,2018-03-19,Harare Sports Club,2,35.1,West Indies,Zimbabwe,SD Hope,MN Samuels,Sikandar Raza,0,0,,,,,,,,,
1133026,2017/18,2018-03-19,Harare Sports Club,2,35.2,West Indies,Zimbabwe,SD Hope,MN Samuels,Sikandar Raza,4,0,,,,,,,,,
1133026,2017/18,2018-03-19,Harare Sports Club,2,35.3,West Indies,Zimbabwe,SD Hope,MN Samuels,Sikandar Raza,1,0,,,,,,,,,
1133026,2017/18,2018-03-19,Harare Sports Club,2,35.4,West Indies,Zimbabwe,MN Samuels,SD Hope,Sikandar Raza,6,0,,,,,,,,,
1133026,2017/18,2018-03-19,Harare Sports Club,2,35.5,West Indies,Zimbabwe,MN Samuels,SD Hope,Sikandar Raza,6,0,,,,,,,,,
1133026,2017/18,2018-03-19,Harare Sports Club,2,35.6,West Indies,Zimbabwe,MN Samuels,SD Hope,Sikandar Raza,1,0,,,,,,,,,
1133026,2017/18,2018-03-19,Harare Sports Club,2,36.1,West Indies,Zimbabwe,MN Samuels,SD Hope,AG Cremer,1,0,,,,,,,,,
1133026,2017/18,2018-03-19,Harare Sports Club,2,36.2,West Indies,Zimbabwe,SD Hope,MN Samuels,AG Cremer,1,0,,,,,,,,,
1133026,2017/18,2018-03-19,Harare Sports Club,2,36.3,West Indies,Zimbabwe,MN Samuels,SD Hope,AG Cremer,0,0,,,,,,,,,
1133026,2017/18,2018-03-19,Harare Sports Club,2,36.4,West Indies,Zimbabwe,MN Samuels,SD Hope,AG Cremer,2,0,,,,,,,,,
1133026,2017/18,2018-03-19,Harare Sports Club,2,36.5,West Indies,Zimbabwe,MN Samuels,SD Hope,AG Cremer,0,0,,,,,,,,,
1133026,2017/18,2018-03-19,Harare Sports Club,2,36.6,West Indies,Zimbabwe,MN Samuels,SD Hope,AG Cremer,1,0,,,,,,,,,
1133026,2017/18,2018-03-19,Harare Sports Club,2,37.1,West Indies,Zimbabwe,MN Samuels,SD Hope,B Muzarabani,0,0,,,,,,,,,
1133026,2017/18,2018-03-19,Harare Sports Club,2,37.2,West Indies,Zimbabwe,MN Samuels,SD Hope,B Muzarabani,0,0,,,,,,,,,
1133026,2017/18,2018-03-19,Harare Sports Club,2,37.3,West Indies,Zimbabwe,MN Samuels,SD Hope,B Muzarabani,1,0,,,,,,,,,
1133026,2017/18,2018-03-19,Harare Sports Club,2,37.4,West Indies,Zimbabwe,SD Hope,MN Samuels,B Muzarabani,0,0,,,,,,,,,
1133026,2017/18,2018-03-19,Harare Sports Club,2,37.5,West Indies,Zimbabwe,SD Hope,MN Samuels,B Muzarabani,1,0,,,,,,,,,
1133026,2017/18,2018-03-19,Harare Sports Club,2,37.6,West Indies,Zimbabwe,MN Samuels,SD Hope,B Muzarabani,0,0,,,,,,,,,
1133026,2017/18,2018-03-19,Harare Sports Club,2,38.1,West Indies,Zimbabwe,SD Hope,MN Samuels,AG Cremer,1,0,,,,,,,,,
1133026,2017/18,2018-03-19,Harare Sports Club,2,38.2,West Indies,Zimbabwe,MN Samuels,SD Hope,AG Cremer,2,0,,,,,,,,,
1133026,2017/18,2018-03-19,Harare Sports Club,2,38.3,West Indies,Zimbabwe,MN Samuels,SD Hope,AG Cremer,0,0,,,,,,,,,
1133026,2017/18,2018-03-19,Harare Sports Club,2,38.4,West Indies,Zimbabwe,MN Samuels,SD Hope,AG Cremer,6,0,,,,,,,,,
1133026,2017/18,2018-03-19,Harare Sports Club,2,38.5,West Indies,Zimbabwe,MN Samuels,SD Hope,AG Cremer,4,0,,,,,,,,,
1133026,2017/18,2018-03-19,Harare Sports Club,2,38.6,West Indies,Zimbabwe,MN Samuels,SD Hope,AG Cremer,6,0,,,,,,,,,
1133026,2017/18,2018-03-19,Harare Sports Club,2,39.1,West Indies,Zimbabwe,SD Hope,MN Samuels,B Muzarabani,0,0,,,,,,,,,
1133026,2017/18,2018-03-19,Harare Sports Club,2,39.2,West Indies,Zimbabwe,SD Hope,MN Samuels,B Muzarabani,0,0,,,,,,,,,
1133026,2017/18,2018-03-19,Harare Sports Club,2,39.3,West Indies,Zimbabwe,SD Hope,MN Samuels,B Muzarabani,0,0,,,,,,,,,
1133026,2017/18,2018-03-19,Harare Sports Club,2,39.4,West Indies,Zimbabwe,SD Hope,MN Samuels,B Muzarabani,1,0,,,,,,,,,
1133026,2017/18,2018-03-19,Harare Sports Club,2,39.5,West Indies,Zimbabwe,MN Samuels,SD Hope,B Muzarabani,0,0,,,,,,,,,
1133026,2017/18,2018-03-19,Harare Sports Club,2,39.6,West Indies,Zimbabwe,MN Samuels,SD Hope,B Muzarabani,1,0,,,,,,,,,
1133026,2017/18,2018-03-19,Harare Sports Club,2,40.1,West Indies,Zimbabwe,MN Samuels,SD Hope,KM Jarvis,0,0,,,,,,,,,
1133026,2017/18,2018-03-19,Harare Sports Club,2,40.2,West Indies,Zimbabwe,MN Samuels,SD Hope,KM Jarvis,1,0,,,,,,,,,
1133026,2017/18,2018-03-19,Harare Sports Club,2,40.3,West Indies,Zimbabwe,SD Hope,MN Samuels,KM Jarvis,2,0,,,,,,,,,
1133026,2017/18,2018-03-19,Harare Sports Club,2,40.4,West Indies,Zimbabwe,SD Hope,MN Samuels,KM Jarvis,2,0,,,,,,,,,
1133026,2017/18,2018-03-19,Harare Sports Club,2,40.5,West Indies,Zimbabwe,SD Hope,MN Samuels,KM Jarvis,1,0,,,,,,,,,
1133026,2017/18,2018-03-19,Harare Sports Club,2,40.6,West Indies,Zimbabwe,MN Samuels,SD Hope,KM Jarvis,0,0,,,,,,,,,
1133026,2017/18,2018-03-19,Harare Sports Club,2,41.1,West Indies,Zimbabwe,SD Hope,MN Samuels,B Muzarabani,1,0,,,,,,,,,
1133026,2017/18,2018-03-19,Harare Sports Club,2,41.2,West Indies,Zimbabwe,MN Samuels,SD Hope,B Muzarabani,0,0,,,,,,,,,
1133026,2017/18,2018-03-19,Harare Sports Club,2,41.3,West Indies,Zimbabwe,MN Samuels,SD Hope,B Muzarabani,2,0,,,,,,,,,
1133026,2017/18,2018-03-19,Harare Sports Club,2,41.4,West Indies,Zimbabwe,MN Samuels,SD Hope,B Muzarabani,0,0,,,,,,,,,
1133026,2017/18,2018-03-19,Harare Sports Club,2,41.5,West Indies,Zimbabwe,MN Samuels,SD Hope,B Muzarabani,1,0,,,,,,,,,
1133026,2017/18,2018-03-19,Harare Sports Club,2,41.6,West Indies,Zimbabwe,SD Hope,MN Samuels,B Muzarabani,0,1,1,,,,,,,,
1133026,2017/18,2018-03-19,Harare Sports Club,2,41.7,West Indies,Zimbabwe,SD Hope,MN Samuels,B Muzarabani,0,0,,,,,,,,,
1133026,2017/18,2018-03-19,Harare Sports Club,2,42.1,West Indies,Zimbabwe,MN Samuels,SD Hope,KM Jarvis,1,0,,,,,,,,,
1133026,2017/18,2018-03-19,Harare Sports Club,2,42.2,West Indies,Zimbabwe,SD Hope,MN Samuels,KM Jarvis,4,0,,,,,,,,,
1133026,2017/18,2018-03-19,Harare Sports Club,2,42.3,West Indies,Zimbabwe,SD Hope,MN Samuels,KM Jarvis,1,0,,,,,,,,,
1133026,2017/18,2018-03-19,Harare Sports Club,2,42.4,West Indies,Zimbabwe,MN Samuels,SD Hope,KM Jarvis,2,0,,,,,,,,,
1133026,2017/18,2018-03-19,Harare Sports Club,2,42.5,West Indies,Zimbabwe,MN Samuels,SD Hope,KM Jarvis,1,0,,,,,,,,,
1133026,2017/18,2018-03-19,Harare Sports Club,2,42.6,West Indies,Zimbabwe,SD Hope,MN Samuels,KM Jarvis,0,0,,,,,,,,,
1133026,2017/18,2018-03-19,Harare Sports Club,2,43.1,West Indies,Zimbabwe,MN Samuels,SD Hope,B Muzarabani,4,0,,,,,,,,,
1133026,2017/18,2018-03-19,Harare Sports Club,2,43.2,West Indies,Zimbabwe,MN Samuels,SD Hope,B Muzarabani,0,0,,,,,,,,,
1133026,2017/18,2018-03-19,Harare Sports Club,2,43.3,West Indies,Zimbabwe,MN Samuels,SD Hope,B Muzarabani,0,0,,,,,,,,,
1133026,2017/18,2018-03-19,Harare Sports Club,2,43.4,West Indies,Zimbabwe,MN Samuels,SD Hope,B Muzarabani,4,0,,,,,,,,,
1133026,2017/18,2018-03-19,Harare Sports Club,2,43.5,West Indies,Zimbabwe,MN Samuels,SD Hope,B Muzarabani,0,0,,,,,,caught,MN Samuels,,
1133026,2017/18,2018-03-19,Harare Sports Club,2,43.6,West Indies,Zimbabwe,SO Hetmyer,SD Hope,B Muzarabani,0,0,,,,,,,,,
1133026,2017/18,2018-03-19,Harare Sports Club,2,44.1,West Indies,Zimbabwe,SD Hope,SO Hetmyer,SC Williams,1,0,,,,,,,,,
1133026,2017/18,2018-03-19,Harare Sports Club,2,44.2,West Indies,Zimbabwe,SO Hetmyer,SD Hope,SC Williams,2,0,,,,,,,,,
1133026,2017/18,2018-03-19,Harare Sports Club,2,44.3,West Indies,Zimbabwe,SO Hetmyer,SD Hope,SC Williams,1,0,,,,,,,,,
1133026,2017/18,2018-03-19,Harare Sports Club,2,44.4,West Indies,Zimbabwe,SD Hope,SO Hetmyer,SC Williams,0,0,,,,,,caught,SD Hope,,
1133026,2017/18,2018-03-19,Harare Sports Club,2,44.5,West Indies,Zimbabwe,SO Hetmyer,JO Holder,SC Williams,6,0,,,,,,,,,
1133026,2017/18,2018-03-19,Harare Sports Club,2,44.6,West Indies,Zimbabwe,SO Hetmyer,JO Holder,SC Williams,2,0,,,,,,,,,
1133026,2017/18,2018-03-19,Harare Sports Club,2,45.1,West Indies,Zimbabwe,JO Holder,SO Hetmyer,AG Cremer,6,0,,,,,,,,,
1133026,2017/18,2018-03-19,Harare Sports Club,2,45.2,West Indies,Zimbabwe,JO Holder,SO Hetmyer,AG Cremer,0,0,,,,,,caught,JO Holder,,
1133026,2017/18,2018-03-19,Harare Sports Club,2,45.3,West Indies,Zimbabwe,SO Hetmyer,R Powell,AG Cremer,2,0,,,,,,,,,
1133026,2017/18,2018-03-19,Harare Sports Club,2,45.4,West Indies,Zimbabwe,SO Hetmyer,R Powell,AG Cremer,0,0,,,,,,stumped,SO Hetmyer,,
1133026,2017/18,2018-03-19,Harare Sports Club,2,45.5,West Indies,Zimbabwe,AR Nurse,R Powell,AG Cremer,4,0,,,,,,,,,
1133026,2017/18,2018-03-19,Harare Sports Club,2,45.6,West Indies,Zimbabwe,AR Nurse,R Powell,AG Cremer,0,0,,,,,,,,,
1133026,2017/18,2018-03-19,Harare Sports Club,2,46.1,West Indies,Zimbabwe,R Powell,AR Nurse,KM Jarvis,1,0,,,,,,,,,
1133026,2017/18,2018-03-19,Harare Sports Club,2,46.2,West Indies,Zimbabwe,AR Nurse,R Powell,KM Jarvis,1,0,,,,,,,,,
1133026,2017/18,2018-03-19,Harare Sports Club,2,46.3,West Indies,Zimbabwe,R Powell,AR Nurse,KM Jarvis,1,0,,,,,,,,,
1133026,2017/18,2018-03-19,Harare Sports Club,2,46.4,West Indies,Zimbabwe,AR Nurse,R Powell,KM Jarvis,1,0,,,,,,,,,
1133026,2017/18,2018-03-19,Harare Sports Club,2,46.5,West Indies,Zimbabwe,R Powell,AR Nurse,KM Jarvis,1,0,,,,,,,,,
1133026,2017/18,2018-03-19,Harare Sports Club,2,46.6,West Indies,Zimbabwe,AR Nurse,R Powell,KM Jarvis,0,0,,,,,,,,,
1133026,2017/18,2018-03-19,Harare Sports Club,2,47.1,West Indies,Zimbabwe,R Powell,AR Nurse,B Muzarabani,1,0,,,,,,,,,
1133026,2017/18,2018-03-19,Harare Sports Club,2,47.2,West Indies,Zimbabwe,AR Nurse,R Powell,B Muzarabani,1,0,,,,,,,,,
1133026,2017/18,2018-03-19,Harare Sports Club,2,47.3,West Indies,Zimbabwe,R Powell,AR Nurse,B Muzarabani,0,0,,,,,,,,,
1133026,2017/18,2018-03-19,Harare Sports Club,2,47.4,West Indies,Zimbabwe,R Powell,AR Nurse,B Muzarabani,1,0,,,,,,,,,
1133026,2017/18,2018-03-19,Harare Sports Club,2,47.5,West Indies,Zimbabwe,AR Nurse,R Powell,B Muzarabani,1,0,,,,,,,,,
1133026,2017/18,2018-03-19,Harare Sports Club,2,47.6,West Indies,Zimbabwe,R Powell,AR Nurse,B Muzarabani,1,0,,,,,,,,,
1133026,2017/18,2018-03-19,Harare Sports Club,2,48.1,West Indies,Zimbabwe,R Powell,AR Nurse,SC Williams,2,0,,,,,,,,,
1133026,2017/18,2018-03-19,Harare Sports Club,2,48.2,West Indies,Zimbabwe,R Powell,AR Nurse,SC Williams,6,0,,,,,,,,,
1133026,2017/18,2018-03-19,Harare Sports Club,2,48.3,West Indies,Zimbabwe,R Powell,AR Nurse,SC Williams,0,1,1,,,,,,,,
1133026,2017/18,2018-03-19,Harare Sports Club,2,48.4,West Indies,Zimbabwe,R Powell,AR Nurse,SC Williams,0,0,,,,,,,,,
1133026,2017/18,2018-03-19,Harare Sports Club,2,48.5,West Indies,Zimbabwe,R Powell,AR Nurse,SC Williams,0,0,,,,,,,,,
1133026,2017/18,2018-03-19,Harare Sports Club,2,48.6,West Indies,Zimbabwe,R Powell,AR Nurse,SC Williams,1,0,,,,,,,,,
1133026,2017/18,2018-03-19,Harare Sports Club,2,48.7,West Indies,Zimbabwe,AR Nurse,R Powell,SC Williams,0,1,,,,1,,,,,
