match_id,season,start_date,venue,innings,ball,batting_team,bowling_team,striker,non_striker,bowler,runs_off_bat,extras,wides,noballs,byes,legbyes,penalty,wicket_type,player_dismissed,other_wicket_type,other_player_dismissed
1133002,2017/18,2018-03-06,Harare Sports Club,1,0.1,Papua New Guinea,Ireland,TP Ura,VV Morea,TJ Murtagh,0,0,,,,,,,,,
1133002,2017/18,2018-03-06,Harare Sports Club,1,0.2,Papua New Guinea,Ireland,TP Ura,VV Morea,TJ Murtagh,0,0,,,,,,,,,
1133002,2017/18,2018-03-06,Harare Sports Club,1,0.3,Papua New Guinea,Ireland,TP Ura,VV Morea,TJ Murtagh,1,0,,,,,,,,,
1133002,2017/18,2018-03-06,Harare Sports Club,1,0.4,Papua New Guinea,Ireland,VV Morea,TP Ura,TJ Murtagh,0,0,,,,,,,,,
1133002,2017/18,2018-03-06,Harare Sports Club,1,0.5,Papua New Guinea,Ireland,VV Morea,TP Ura,TJ Murtagh,0,0,,,,,,,,,
1133002,2017/18,2018-03-06,Harare Sports Club,1,0.6,Papua New Guinea,Ireland,VV Morea,TP Ura,TJ Murtagh,1,0,,,,,,,,,
1133002,2017/18,2018-03-06,Harare Sports Club,1,1.1,Papua New Guinea,Ireland,VV Morea,TP Ura,WB Rankin,0,0,,,,,,run out,VV Morea,,
1133002,2017/18,2018-03-06,Harare Sports Club,1,1.2,Papua New Guinea,Ireland,A Vala,TP Ura,WB Rankin,0,0,,,,,,,,,
1133002,2017/18,2018-03-06,Harare Sports Club,1,1.3,Papua New Guinea,Ireland,A Vala,TP Ura,WB Rankin,2,0,,,,,,,,,
1133002,2017/18,2018-03-06,Harare Sports Club,1,1.4,Papua New Guinea,Ireland,A Vala,TP Ura,WB Rankin,0,0,,,,,,,,,
1133002,2017/18,2018-03-06,Harare Sports Club,1,1.5,Papua New Guinea,Ireland,A Vala,TP Ura,WB Rankin,2,0,,,,,,,,,
1133002,2017/18,2018-03-06,Harare Sports Club,1,1.6,Papua New Guinea,Ireland,A Vala,TP Ura,WB Rankin,1,0,,,,,,,,,
1133002,2017/18,2018-03-06,Harare Sports Club,1,2.1,Papua New Guinea,Ireland,A Vala,TP Ura,TJ Murtagh,0,0,,,,,,,,,
1133002,2017/18,2018-03-06,Harare Sports Club,1,2.2,Papua New Guinea,Ireland,A Vala,TP Ura,TJ Murtagh,0,0,,,,,,,,,
1133002,2017/18,2018-03-06,Harare Sports Club,1,2.3,Papua New Guinea,Ireland,A Vala,TP Ura,TJ Murtagh,0,0,,,,,,,,,
1133002,2017/18,2018-03-06,Harare Sports Club,1,2.4,Papua New Guinea,Ireland,A Vala,TP Ura,TJ Murtagh,0,0,,,,,,,,,
1133002,2017/18,2018-03-06,Harare Sports Club,1,2.5,Papua New Guinea,Ireland,A Vala,TP Ura,TJ Murtagh,0,0,,,,,,,,,
1133002,2017/18,2018-03-06,Harare Sports Club,1,2.6,Papua New Guinea,Ireland,A Vala,TP Ura,TJ Murtagh,1,0,,,,,,,,,
1133002,2017/18,2018-03-06,Harare Sports Club,1,3.1,Papua New Guinea,Ireland,A Vala,TP Ura,WB Rankin,0,0,,,,,,,,,
1133002,2017/18,2018-03-06,Harare Sports Club,1,3.2,Papua New Guinea,Ireland,A Vala,TP Ura,WB Rankin,1,0,,,,,,,,,
1133002,2017/18,2018-03-06,Harare Sports Club,1,3.3,Papua New Guinea,Ireland,TP Ura,A Vala,WB Rankin,0,0,,,,,,,,,
1133002,2017/18,2018-03-06,Harare Sports Club,1,3.4,Papua New Guinea,Ireland,TP Ura,A Vala,WB Rankin,0,0,,,,,,,,,
1133002,2017/18,2018-03-06,Harare Sports Club,1,3.5,Papua New Guinea,Ireland,TP Ura,A Vala,WB Rankin,0,0,,,,,,,,,
1133002,2017/18,2018-03-06,Harare Sports Club,1,3.6,Papua New Guinea,Ireland,TP Ura,A Vala,WB Rankin,0,0,,,,,,,,,
1133002,2017/18,2018-03-06,Harare Sports Club,1,4.1,Papua New Guinea,Ireland,A Vala,TP Ura,TJ Murtagh,0,0,,,,,,,,,
1133002,2017/18,2018-03-06,Harare Sports Club,1,4.2,Papua New Guinea,Ireland,A Vala,TP Ura,TJ Murtagh,0,0,,,,,,,,,
1133002,2017/18,2018-03-06,Harare Sports Club,1,4.3,Papua New Guinea,Ireland,A Vala,TP Ura,TJ Murtagh,0,0,,,,,,,,,
1133002,2017/18,2018-03-06,Harare Sports Club,1,4.4,Papua New Guinea,Ireland,A Vala,TP Ura,TJ Murtagh,0,0,,,,,,,,,
1133002,2017/18,2018-03-06,Harare Sports Club,1,4.5,Papua New Guinea,Ireland,A Vala,TP Ura,TJ Murtagh,1,0,,,,,,,,,
1133002,2017/18,2018-03-06,Harare Sports Club,1,4.6,Papua New Guinea,Ireland,TP Ura,A Vala,TJ Murtagh,0,0,,,,,,,,,
1133002,2017/18,2018-03-06,Harare Sports Club,1,5.1,Papua New Guinea,Ireland,A Vala,TP Ura,WB Rankin,0,0,,,,,,,,,
1133002,2017/18,2018-03-06,Harare Sports Club,1,5.2,Papua New Guinea,Ireland,A Vala,TP Ura,WB Rankin,0,0,,,,,,,,,
1133002,2017/18,2018-03-06,Harare Sports Club,1,5.3,Papua New Guinea,Ireland,A Vala,TP Ura,WB Rankin,0,0,,,,,,,,,
1133002,2017/18,2018-03-06,Harare Sports Club,1,5.4,Papua New Guinea,Ireland,A Vala,TP Ura,WB Rankin,0,0,,,,,,,,,
1133002,2017/18,2018-03-06,Harare Sports Club,1,5.5,Papua New Guinea,Ireland,A Vala,TP Ura,WB Rankin,0,0,,,,,,,,,
1133002,2017/18,2018-03-06,Harare Sports Club,1,5.6,Papua New Guinea,Ireland,A Vala,TP Ura,WB Rankin,0,0,,,,,,,,,
1133002,2017/18,2018-03-06,Harare Sports Club,1,6.1,Papua New Guinea,Ireland,TP Ura,A Vala,TJ Murtagh,0,0,,,,,,,,,
1133002,2017/18,2018-03-06,Harare Sports Club,1,6.2,Papua New Guinea,Ireland,TP Ura,A Vala,TJ Murtagh,2,0,,,,,,,,,
1133002,2017/18,2018-03-06,Harare Sports Club,1,6.3,Papua New Guinea,Ireland,TP Ura,A Vala,TJ Murtagh,0,0,,,,,,,,,
1133002,2017/18,2018-03-06,Harare Sports Club,1,6.4,Papua New Guinea,Ireland,TP Ura,A Vala,TJ Murtagh,0,0,,,,,,,,,
1133002,2017/18,2018-03-06,Harare Sports Club,1,6.5,Papua New Guinea,Ireland,TP Ura,A Vala,TJ Murtagh,0,0,,,,,,,,,
1133002,2017/18,2018-03-06,Harare Sports Club,1,6.6,Papua New Guinea,Ireland,TP Ura,A Vala,TJ Murtagh,0,0,,,,,,,,,
1133002,2017/18,2018-03-06,Harare Sports Club,1,7.1,Papua New Guinea,Ireland,A Vala,TP Ura,AR McBrine,0,0,,,,,,,,,
1133002,2017/18,2018-03-06,Harare Sports Club,1,7.2,Papua New Guinea,Ireland,A Vala,TP Ura,AR McBrine,0,0,,,,,,caught,A Vala,,
1133002,2017/18,2018-03-06,Harare Sports Club,1,7.3,Papua New Guinea,Ireland,L Siaka,TP Ura,AR McBrine,0,0,,,,,,,,,
1133002,2017/18,2018-03-06,Harare Sports Club,1,7.4,Papua New Guinea,Ireland,L Siaka,TP Ura,AR McBrine,0,0,,,,,,,,,
1133002,2017/18,2018-03-06,Harare Sports Club,1,7.5,Papua New Guinea,Ireland,L Siaka,TP Ura,AR McBrine,0,0,,,,,,,,,
1133002,2017/18,2018-03-06,Harare Sports Club,1,7.6,Papua New Guinea,Ireland,L Siaka,TP Ura,AR McBrine,0,0,,,,,,,,,
1133002,2017/18,2018-03-06,Harare Sports Club,1,8.1,Papua New Guinea,Ireland,TP Ura,L Siaka,TJ Murtagh,2,0,,,,,,,,,
1133002,2017/18,2018-03-06,Harare Sports Club,1,8.2,Papua New Guinea,Ireland,TP Ura,L Siaka,TJ Murtagh,0,0,,,,,,,,,
1133002,2017/18,2018-03-06,Harare Sports Club,1,8.3,Papua New Guinea,Ireland,TP Ura,L Siaka,TJ Murtagh,0,0,,,,,,,,,
1133002,2017/18,2018-03-06,Harare Sports Club,1,8.4,Papua New Guinea,Ireland,TP Ura,L Siaka,TJ Murtagh,1,0,,,,,,,,,
1133002,2017/18,2018-03-06,Harare Sports Club,1,8.5,Papua New Guinea,Ireland,L Siaka,TP Ura,TJ Murtagh,0,0,,,,,,,,,
1133002,2017/18,2018-03-06,Harare Sports Club,1,8.6,Papua New Guinea,Ireland,L Siaka,TP Ura,TJ Murtagh,0,0,,,,,,,,,
1133002,2017/18,2018-03-06,Harare Sports Club,1,9.1,Papua New Guinea,Ireland,TP Ura,L Siaka,AR McBrine,4,0,,,,,,,,,
1133002,2017/18,2018-03-06,Harare Sports Club,1,9.2,Papua New Guinea,Ireland,TP Ura,L Siaka,AR McBrine,0,0,,,,,,,,,
1133002,2017/18,2018-03-06,Harare Sports Club,1,9.3,Papua New Guinea,Ireland,TP Ura,L Siaka,AR McBrine,1,0,,,,,,,,,
1133002,2017/18,2018-03-06,Harare Sports Club,1,9.4,Papua New Guinea,Ireland,L Siaka,TP Ura,AR McBrine,0,0,,,,,,,,,
1133002,2017/18,2018-03-06,Harare Sports Club,1,9.5,Papua New Guinea,Ireland,L Siaka,TP Ura,AR McBrine,0,0,,,,,,,,,
1133002,2017/18,2018-03-06,Harare Sports Club,1,9.6,Papua New Guinea,Ireland,L Siaka,TP Ura,AR McBrine,0,0,,,,,,,,,
1133002,2017/18,2018-03-06,Harare Sports Club,1,10.1,Papua New Guinea,Ireland,TP Ura,L Siaka,TJ Murtagh,1,0,,,,,,,,,
1133002,2017/18,2018-03-06,Harare Sports Club,1,10.2,Papua New Guinea,Ireland,L Siaka,TP Ura,TJ Murtagh,0,0,,,,,,,,,
1133002,2017/18,2018-03-06,Harare Sports Club,1,10.3,Papua New Guinea,Ireland,L Siaka,TP Ura,TJ Murtagh,1,0,,,,,,,,,
1133002,2017/18,2018-03-06,Harare Sports Club,1,10.4,Papua New Guinea,Ireland,TP Ura,L Siaka,TJ Murtagh,0,0,,,,,,,,,
1133002,2017/18,2018-03-06,Harare Sports Club,1,10.5,Papua New Guinea,Ireland,TP Ura,L Siaka,TJ Murtagh,0,0,,,,,,,,,
1133002,2017/18,2018-03-06,Harare Sports Club,1,10.6,Papua New Guinea,Ireland,TP Ura,L Siaka,TJ Murtagh,0,0,,,,,,,,,
1133002,2017/18,2018-03-06,Harare Sports Club,1,11.1,Papua New Guinea,Ireland,L Siaka,TP Ura,AR McBrine,1,0,,,,,,,,,
1133002,2017/18,2018-03-06,Harare Sports Club,1,11.2,Papua New Guinea,Ireland,TP Ura,L Siaka,AR McBrine,1,0,,,,,,,,,
1133002,2017/18,2018-03-06,Harare Sports Club,1,11.3,Papua New Guinea,Ireland,L Siaka,TP Ura,AR McBrine,0,0,,,,,,,,,
1133002,2017/18,2018-03-06,Harare Sports Club,1,11.4,Papua New Guinea,Ireland,L Siaka,TP Ura,AR McBrine,0,0,,,,,,,,,
1133002,2017/18,2018-03-06,Harare Sports Club,1,11.5,Papua New Guinea,Ireland,L Siaka,TP Ura,AR McBrine,0,0,,,,,,caught and bowled,L Siaka,,
1133002,2017/18,2018-03-06,Harare Sports Club,1,11.6,Papua New Guinea,Ireland,S Bau,TP Ura,AR McBrine,0,0,,,,,,,,,
1133002,2017/18,2018-03-06,Harare Sports Club,1,12.1,Papua New Guinea,Ireland,TP Ura,S Bau,GH Dockrell,4,0,,,,,,,,,
1133002,2017/18,2018-03-06,Harare Sports Club,1,12.2,Papua New Guinea,Ireland,TP Ura,S Bau,GH Dockrell,4,0,,,,,,,,,
1133002,2017/18,2018-03-06,Harare Sports Club,1,12.3,Papua New Guinea,Ireland,TP Ura,S Bau,GH Dockrell,0,0,,,,,,,,,
1133002,2017/18,2018-03-06,Harare Sports Club,1,12.4,Papua New Guinea,Ireland,TP Ura,S Bau,GH Dockrell,2,0,,,,,,,,,
1133002,2017/18,2018-03-06,Harare Sports Club,1,12.5,Papua New Guinea,Ireland,TP Ura,S Bau,GH Dockrell,0,0,,,,,,,,,
1133002,2017/18,2018-03-06,Harare Sports Club,1,12.6,Papua New Guinea,Ireland,TP Ura,S Bau,GH Dockrell,1,0,,,,,,,,,
1133002,2017/18,2018-03-06,Harare Sports Club,1,13.1,Papua New Guinea,Ireland,TP Ura,S Bau,AR McBrine,0,0,,,,,,,,,
1133002,2017/18,2018-03-06,Harare Sports Club,1,13.2,Papua New Guinea,Ireland,TP Ura,S Bau,AR McBrine,1,0,,,,,,,,,
1133002,2017/18,2018-03-06,Harare Sports Club,1,13.3,Papua New Guinea,Ireland,S Bau,TP Ura,AR McBrine,0,0,,,,,,,,,
1133002,2017/18,2018-03-06,Harare Sports Club,1,13.4,Papua New Guinea,Ireland,S Bau,TP Ura,AR McBrine,1,0,,,,,,,,,
1133002,2017/18,2018-03-06,Harare Sports Club,1,13.5,Papua New Guinea,Ireland,TP Ura,S Bau,AR McBrine,0,0,,,,,,,,,
1133002,2017/18,2018-03-06,Harare Sports Club,1,13.6,Papua New Guinea,Ireland,TP Ura,S Bau,AR McBrine,1,0,,,,,,,,,
1133002,2017/18,2018-03-06,Harare Sports Club,1,14.1,Papua New Guinea,Ireland,TP Ura,S Bau,GH Dockrell,1,0,,,,,,,,,
1133002,2017/18,2018-03-06,Harare Sports Club,1,14.2,Papua New Guinea,Ireland,S Bau,TP Ura,GH Dockrell,1,0,,,,,,,,,
1133002,2017/18,2018-03-06,Harare Sports Club,1,14.3,Papua New Guinea,Ireland,TP Ura,S Bau,GH Dockrell,1,0,,,,,,,,,
1133002,2017/18,2018-03-06,Harare Sports Club,1,14.4,Papua New Guinea,Ireland,S Bau,TP Ura,GH Dockrell,0,0,,,,,,,,,
1133002,2017/18,2018-03-06,Harare Sports Club,1,14.5,Papua New Guinea,Ireland,S Bau,TP Ura,GH Dockrell,0,0,,,,,,,,,
1133002,2017/18,2018-03-06,Harare Sports Club,1,14.6,Papua New Guinea,Ireland,S Bau,TP Ura,GH Dockrell,1,0,,,,,,,,,
1133002,2017/18,2018-03-06,Harare Sports Club,1,15.1,Papua New Guinea,Ireland,S Bau,TP Ura,AR McBrine,0,0,,,,,,,,,
1133002,2017/18,2018-03-06,Harare Sports Club,1,15.2,Papua New Guinea,Ireland,S Bau,TP Ura,AR McBrine,0,0,,,,,,,,,
1133002,2017/18,2018-03-06,Harare Sports Club,1,15.3,Papua New Guinea,Ireland,S Bau,TP Ura,AR McBrine,0,0,,,,,,caught,S Bau,,
1133002,2017/18,2018-03-06,Harare Sports Club,1,15.4,Papua New Guinea,Ireland,MD Dai,TP Ura,AR McBrine,0,0,,,,,,,,,
1133002,2017/18,2018-03-06,Harare Sports Club,1,15.5,Papua New Guinea,Ireland,MD Dai,TP Ura,AR McBrine,0,0,,,,,,,,,
1133002,2017/18,2018-03-06,Harare Sports Club,1,15.6,Papua New Guinea,Ireland,MD Dai,TP Ura,AR McBrine,0,0,,,,,,,,,
1133002,2017/18,2018-03-06,Harare Sports Club,1,16.1,Papua New Guinea,Ireland,TP Ura,MD Dai,WB Rankin,0,0,,,,,,,,,
1133002,2017/18,2018-03-06,Harare Sports Club,1,16.2,Papua New Guinea,Ireland,TP Ura,MD Dai,WB Rankin,0,0,,,,,,,,,
1133002,2017/18,2018-03-06,Harare Sports Club,1,16.3,Papua New Guinea,Ireland,TP Ura,MD Dai,WB Rankin,0,0,,,,,,,,,
1133002,2017/18,2018-03-06,Harare Sports Club,1,16.4,Papua New Guinea,Ireland,TP Ura,MD Dai,WB Rankin,0,0,,,,,,,,,
1133002,2017/18,2018-03-06,Harare Sports Club,1,16.5,Papua New Guinea,Ireland,TP Ura,MD Dai,WB Rankin,0,0,,,,,,,,,
1133002,2017/18,2018-03-06,Harare Sports Club,1,16.6,Papua New Guinea,Ireland,TP Ura,MD Dai,WB Rankin,0,0,,,,,,,,,
1133002,2017/18,2018-03-06,Harare Sports Club,1,17.1,Papua New Guinea,Ireland,MD Dai,TP Ura,AR McBrine,0,0,,,,,,,,,
1133002,2017/18,2018-03-06,Harare Sports Club,1,17.2,Papua New Guinea,Ireland,MD Dai,TP Ura,AR McBrine,1,0,,,,,,,,,
1133002,2017/18,2018-03-06,Harare Sports Club,1,17.3,Papua New Guinea,Ireland,TP Ura,MD Dai,AR McBrine,0,0,,,,,,,,,
1133002,2017/18,2018-03-06,Harare Sports Club,1,17.4,Papua New Guinea,Ireland,TP Ura,MD Dai,AR McBrine,1,0,,,,,,,,,
1133002,2017/18,2018-03-06,Harare Sports Club,1,17.5,Papua New Guinea,Ireland,MD Dai,TP Ura,AR McBrine,0,0,,,,,,,,,
1133002,2017/18,2018-03-06,Harare Sports Club,1,17.6,Papua New Guinea,Ireland,MD Dai,TP Ura,AR McBrine,0,0,,,,,,,,,
1133002,2017/18,2018-03-06,Harare Sports Club,1,18.1,Papua New Guinea,Ireland,TP Ura,MD Dai,WB Rankin,0,0,,,,,,,,,
1133002,2017/18,2018-03-06,Harare Sports Club,1,18.2,Papua New Guinea,Ireland,TP Ura,MD Dai,WB Rankin,0,0,,,,,,,,,
1133002,2017/18,2018-03-06,Harare Sports Club,1,18.3,Papua New Guinea,Ireland,TP Ura,MD Dai,WB Rankin,4,0,,,,,,,,,
1133002,2017/18,2018-03-06,Harare Sports Club,1,18.4,Papua New Guinea,Ireland,TP Ura,MD Dai,WB Rankin,0,0,,,,,,,,,
1133002,2017/18,2018-03-06,Harare Sports Club,1,18.5,Papua New Guinea,Ireland,TP Ura,MD Dai,WB Rankin,0,0,,,,,,,,,
1133002,2017/18,2018-03-06,Harare Sports Club,1,18.6,Papua New Guinea,Ireland,TP Ura,MD Dai,WB Rankin,0,1,,,,1,,,,,
1133002,2017/18,2018-03-06,Harare Sports Club,1,19.1,Papua New Guinea,Ireland,TP Ura,MD Dai,AR McBrine,0,0,,,,,,,,,
1133002,2017/18,2018-03-06,Harare Sports Club,1,19.2,Papua New Guinea,Ireland,TP Ura,MD Dai,AR McBrine,0,0,,,,,,,,,
1133002,2017/18,2018-03-06,Harare Sports Club,1,19.3,Papua New Guinea,Ireland,TP Ura,MD Dai,AR McBrine,0,0,,,,,,,,,
1133002,2017/18,2018-03-06,Harare Sports Club,1,19.4,Papua New Guinea,Ireland,TP Ura,MD Dai,AR McBrine,0,0,,,,,,,,,
1133002,2017/18,2018-03-06,Harare Sports Club,1,19.5,Papua New Guinea,Ireland,TP Ura,MD Dai,AR McBrine,6,0,,,,,,,,,
1133002,2017/18,2018-03-06,Harare Sports Club,1,19.6,Papua New Guinea,Ireland,TP Ura,MD Dai,AR McBrine,0,0,,,,,,,,,
1133002,2017/18,2018-03-06,Harare Sports Club,1,20.1,Papua New Guinea,Ireland,MD Dai,TP Ura,WB Rankin,0,0,,,,,,caught,MD Dai,,
1133002,2017/18,2018-03-06,Harare Sports Club,1,20.2,Papua New Guinea,Ireland,CJA Amini,TP Ura,WB Rankin,0,0,,,,,,,,,
1133002,2017/18,2018-03-06,Harare Sports Club,1,20.3,Papua New Guinea,Ireland,CJA Amini,TP Ura,WB Rankin,0,0,,,,,,,,,
1133002,2017/18,2018-03-06,Harare Sports Club,1,20.4,Papua New Guinea,Ireland,CJA Amini,TP Ura,WB Rankin,0,0,,,,,,,,,
1133002,2017/18,2018-03-06,Harare Sports Club,1,20.5,Papua New Guinea,Ireland,CJA Amini,TP Ura,WB Rankin,0,0,,,,,,,,,
1133002,2017/18,2018-03-06,Harare Sports Club,1,20.6,Papua New Guinea,Ireland,CJA Amini,TP Ura,WB Rankin,0,0,,,,,,,,,
1133002,2017/18,2018-03-06,Harare Sports Club,1,21.1,Papua New Guinea,Ireland,TP Ura,CJA Amini,AR McBrine,6,0,,,,,,,,,
1133002,2017/18,2018-03-06,Harare Sports Club,1,21.2,Papua New Guinea,Ireland,TP Ura,CJA Amini,AR McBrine,0,0,,,,,,,,,
1133002,2017/18,2018-03-06,Harare Sports Club,1,21.3,Papua New Guinea,Ireland,TP Ura,CJA Amini,AR McBrine,0,0,,,,,,,,,
1133002,2017/18,2018-03-06,Harare Sports Club,1,21.4,Papua New Guinea,Ireland,TP Ura,CJA Amini,AR McBrine,1,0,,,,,,,,,
1133002,2017/18,2018-03-06,Harare Sports Club,1,21.5,Papua New Guinea,Ireland,CJA Amini,TP Ura,AR McBrine,0,0,,,,,,,,,
1133002,2017/18,2018-03-06,Harare Sports Club,1,21.6,Papua New Guinea,Ireland,CJA Amini,TP Ura,AR McBrine,0,0,,,,,,,,,
1133002,2017/18,2018-03-06,Harare Sports Club,1,22.1,Papua New Guinea,Ireland,TP Ura,CJA Amini,GH Dockrell,3,0,,,,,,,,,
1133002,2017/18,2018-03-06,Harare Sports Club,1,22.2,Papua New Guinea,Ireland,CJA Amini,TP Ura,GH Dockrell,0,0,,,,,,,,,
1133002,2017/18,2018-03-06,Harare Sports Club,1,22.3,Papua New Guinea,Ireland,CJA Amini,TP Ura,GH Dockrell,0,0,,,,,,,,,
1133002,2017/18,2018-03-06,Harare Sports Club,1,22.4,Papua New Guinea,Ireland,CJA Amini,TP Ura,GH Dockrell,2,0,,,,,,,,,
1133002,2017/18,2018-03-06,Harare Sports Club,1,22.5,Papua New Guinea,Ireland,CJA Amini,TP Ura,GH Dockrell,1,0,,,,,,,,,
1133002,2017/18,2018-03-06,Harare Sports Club,1,22.6,Papua New Guinea,Ireland,TP Ura,CJA Amini,GH Dockrell,0,0,,,,,,,,,
1133002,2017/18,2018-03-06,Harare Sports Club,1,23.1,Papua New Guinea,Ireland,CJA Amini,TP Ura,PR Stirling,0,0,,,,,,,,,
1133002,2017/18,2018-03-06,Harare Sports Club,1,23.2,Papua New Guinea,Ireland,CJA Amini,TP Ura,PR Stirling,1,0,,,,,,,,,
1133002,2017/18,2018-03-06,Harare Sports Club,1,23.3,Papua New Guinea,Ireland,TP Ura,CJA Amini,PR Stirling,2,0,,,,,,,,,
1133002,2017/18,2018-03-06,Harare Sports Club,1,23.4,Papua New Guinea,Ireland,TP Ura,CJA Amini,PR Stirling,1,0,,,,,,,,,
1133002,2017/18,2018-03-06,Harare Sports Club,1,23.5,Papua New Guinea,Ireland,CJA Amini,TP Ura,PR Stirling,0,0,,,,,,,,,
1133002,2017/18,2018-03-06,Harare Sports Club,1,23.6,Papua New Guinea,Ireland,CJA Amini,TP Ura,PR Stirling,0,0,,,,,,,,,
1133002,2017/18,2018-03-06,Harare Sports Club,1,24.1,Papua New Guinea,Ireland,TP Ura,CJA Amini,GH Dockrell,0,0,,,,,,,,,
1133002,2017/18,2018-03-06,Harare Sports Club,1,24.2,Papua New Guinea,Ireland,TP Ura,CJA Amini,GH Dockrell,1,0,,,,,,,,,
1133002,2017/18,2018-03-06,Harare Sports Club,1,24.3,Papua New Guinea,Ireland,CJA Amini,TP Ura,GH Dockrell,0,0,,,,,,,,,
1133002,2017/18,2018-03-06,Harare Sports Club,1,24.4,Papua New Guinea,Ireland,CJA Amini,TP Ura,GH Dockrell,2,0,,,,,,,,,
1133002,2017/18,2018-03-06,Harare Sports Club,1,24.5,Papua New Guinea,Ireland,CJA Amini,TP Ura,GH Dockrell,2,0,,,,,,,,,
1133002,2017/18,2018-03-06,Harare Sports Club,1,24.6,Papua New Guinea,Ireland,CJA Amini,TP Ura,GH Dockrell,0,0,,,,,,,,,
1133002,2017/18,2018-03-06,Harare Sports Club,1,25.1,Papua New Guinea,Ireland,TP Ura,CJA Amini,PR Stirling,2,0,,,,,,,,,
1133002,2017/18,2018-03-06,Harare Sports Club,1,25.2,Papua New Guinea,Ireland,TP Ura,CJA Amini,PR Stirling,0,0,,,,,,,,,
1133002,2017/18,2018-03-06,Harare Sports Club,1,25.3,Papua New Guinea,Ireland,TP Ura,CJA Amini,PR Stirling,1,0,,,,,,,,,
1133002,2017/18,2018-03-06,Harare Sports Club,1,25.4,Papua New Guinea,Ireland,CJA Amini,TP Ura,PR Stirling,0,0,,,,,,stumped,CJA Amini,,
1133002,2017/18,2018-03-06,Harare Sports Club,1,25.5,Papua New Guinea,Ireland,JNT Vare,TP Ura,PR Stirling,0,0,,,,,,,,,
1133002,2017/18,2018-03-06,Harare Sports Club,1,25.6,Papua New Guinea,Ireland,JNT Vare,TP Ura,PR Stirling,0,0,,,,,,,,,
1133002,2017/18,2018-03-06,Harare Sports Club,1,26.1,Papua New Guinea,Ireland,TP Ura,JNT Vare,WB Rankin,1,0,,,,,,,,,
1133002,2017/18,2018-03-06,Harare Sports Club,1,26.2,Papua New Guinea,Ireland,JNT Vare,TP Ura,WB Rankin,0,0,,,,,,,,,
1133002,2017/18,2018-03-06,Harare Sports Club,1,26.3,Papua New Guinea,Ireland,JNT Vare,TP Ura,WB Rankin,0,0,,,,,,,,,
1133002,2017/18,2018-03-06,Harare Sports Club,1,26.4,Papua New Guinea,Ireland,JNT Vare,TP Ura,WB Rankin,0,0,,,,,,,,,
1133002,2017/18,2018-03-06,Harare Sports Club,1,26.5,Papua New Guinea,Ireland,JNT Vare,TP Ura,WB Rankin,2,0,,,,,,,,,
1133002,2017/18,2018-03-06,Harare Sports Club,1,26.6,Papua New Guinea,Ireland,JNT Vare,TP Ura,WB Rankin,0,0,,,,,,,,,
1133002,2017/18,2018-03-06,Harare Sports Club,1,27.1,Papua New Guinea,Ireland,TP Ura,JNT Vare,PR Stirling,1,0,,,,,,,,,
1133002,2017/18,2018-03-06,Harare Sports Club,1,27.2,Papua New Guinea,Ireland,JNT Vare,TP Ura,PR Stirling,1,0,,,,,,,,,
1133002,2017/18,2018-03-06,Harare Sports Club,1,27.3,Papua New Guinea,Ireland,TP Ura,JNT Vare,PR Stirling,0,0,,,,,,,,,
1133002,2017/18,2018-03-06,Harare Sports Club,1,27.4,Papua New Guinea,Ireland,TP Ura,JNT Vare,PR Stirling,4,0,,,,,,,,,
1133002,2017/18,2018-03-06,Harare Sports Club,1,27.5,Papua New Guinea,Ireland,TP Ura,JNT Vare,PR Stirling,1,0,,,,,,,,,
1133002,2017/18,2018-03-06,Harare Sports Club,1,27.6,Papua New Guinea,Ireland,JNT Vare,TP Ura,PR Stirling,1,1,,1,,,,,,,
1133002,2017/18,2018-03-06,Harare Sports Club,1,27.7,Papua New Guinea,Ireland,TP Ura,JNT Vare,PR Stirling,0,0,,,,,,,,,
1133002,2017/18,2018-03-06,Harare Sports Club,1,28.1,Papua New Guinea,Ireland,JNT Vare,TP Ura,WB Rankin,1,0,,,,,,,,,
1133002,2017/18,2018-03-06,Harare Sports Club,1,28.2,Papua New Guinea,Ireland,TP Ura,JNT Vare,WB Rankin,0,0,,,,,,,,,
1133002,2017/18,2018-03-06,Harare Sports Club,1,28.3,Papua New Guinea,Ireland,TP Ura,JNT Vare,WB Rankin,0,0,,,,,,,,,
1133002,2017/18,2018-03-06,Harare Sports Club,1,28.4,Papua New Guinea,Ireland,TP Ura,JNT Vare,WB Rankin,2,0,,,,,,,,,
1133002,2017/18,2018-03-06,Harare Sports Club,1,28.5,Papua New Guinea,Ireland,TP Ura,JNT Vare,WB Rankin,0,0,,,,,,,,,
1133002,2017/18,2018-03-06,Harare Sports Club,1,28.6,Papua New Guinea,Ireland,TP Ura,JNT Vare,WB Rankin,4,0,,,,,,,,,
1133002,2017/18,2018-03-06,Harare Sports Club,1,29.1,Papua New Guinea,Ireland,JNT Vare,TP Ura,AR McBrine,0,0,,,,,,,,,
1133002,2017/18,2018-03-06,Harare Sports Club,1,29.2,Papua New Guinea,Ireland,JNT Vare,TP Ura,AR McBrine,0,0,,,,,,,,,
1133002,2017/18,2018-03-06,Harare Sports Club,1,29.3,Papua New Guinea,Ireland,JNT Vare,TP Ura,AR McBrine,2,0,,,,,,,,,
1133002,2017/18,2018-03-06,Harare Sports Club,1,29.4,Papua New Guinea,Ireland,TP Ura,JNT Vare,AR McBrine,1,0,,,,,,,,,
1133002,2017/18,2018-03-06,Harare Sports Club,1,29.5,Papua New Guinea,Ireland,JNT Vare,TP Ura,AR McBrine,1,0,,,,,,,,,
1133002,2017/18,2018-03-06,Harare Sports Club,1,29.6,Papua New Guinea,Ireland,TP Ura,JNT Vare,AR McBrine,1,0,,,,,,,,,
1133002,2017/18,2018-03-06,Harare Sports Club,1,30.1,Papua New Guinea,Ireland,TP Ura,JNT Vare,GH Dockrell,1,0,,,,,,,,,
1133002,2017/18,2018-03-06,Harare Sports Club,1,30.2,Papua New Guinea,Ireland,JNT Vare,TP Ura,GH Dockrell,0,1,1,,,,,,,,
1133002,2017/18,2018-03-06,Harare Sports Club,1,30.3,Papua New Guinea,Ireland,JNT Vare,TP Ura,GH Dockrell,0,0,,,,,,,,,
1133002,2017/18,2018-03-06,Harare Sports Club,1,30.4,Papua New Guinea,Ireland,JNT Vare,TP Ura,GH Dockrell,0,0,,,,,,,,,
1133002,2017/18,2018-03-06,Harare Sports Club,1,30.5,Papua New Guinea,Ireland,JNT Vare,TP Ura,GH Dockrell,0,0,,,,,,,,,
1133002,2017/18,2018-03-06,Harare Sports Club,1,30.6,Papua New Guinea,Ireland,JNT Vare,TP Ura,GH Dockrell,1,0,,,,,,,,,
1133002,2017/18,2018-03-06,Harare Sports Club,1,30.7,Papua New Guinea,Ireland,TP Ura,JNT Vare,GH Dockrell,1,0,,,,,,,,,
1133002,2017/18,2018-03-06,Harare Sports Club,1,31.1,Papua New Guinea,Ireland,TP Ura,JNT Vare,AR McBrine,2,0,,,,,,,,,
1133002,2017/18,2018-03-06,Harare Sports Club,1,31.2,Papua New Guinea,Ireland,TP Ura,JNT Vare,AR McBrine,1,0,,,,,,,,,
1133002,2017/18,2018-03-06,Harare Sports Club,1,31.3,Papua New Guinea,Ireland,JNT Vare,TP Ura,AR McBrine,1,0,,,,,,,,,
1133002,2017/18,2018-03-06,Harare Sports Club,1,31.4,Papua New Guinea,Ireland,TP Ura,JNT Vare,AR McBrine,1,0,,,,,,,,,
1133002,2017/18,2018-03-06,Harare Sports Club,1,31.5,Papua New Guinea,Ireland,JNT Vare,TP Ura,AR McBrine,2,0,,,,,,,,,
1133002,2017/18,2018-03-06,Harare Sports Club,1,31.6,Papua New Guinea,Ireland,JNT Vare,TP Ura,AR McBrine,1,0,,,,,,,,,
1133002,2017/18,2018-03-06,Harare Sports Club,1,32.1,Papua New Guinea,Ireland,JNT Vare,TP Ura,GH Dockrell,0,0,,,,,,,,,
1133002,2017/18,2018-03-06,Harare Sports Club,1,32.2,Papua New Guinea,Ireland,JNT Vare,TP Ura,GH Dockrell,0,0,,,,,,,,,
1133002,2017/18,2018-03-06,Harare Sports Club,1,32.3,Papua New Guinea,Ireland,JNT Vare,TP Ura,GH Dockrell,0,0,,,,,,,,,
1133002,2017/18,2018-03-06,Harare Sports Club,1,32.4,Papua New Guinea,Ireland,JNT Vare,TP Ura,GH Dockrell,0,0,,,,,,run out,JNT Vare,,
1133002,2017/18,2018-03-06,Harare Sports Club,1,32.5,Papua New Guinea,Ireland,CA Soper,TP Ura,GH Dockrell,0,0,,,,,,,,,
1133002,2017/18,2018-03-06,Harare Sports Club,1,32.6,Papua New Guinea,Ireland,CA Soper,TP Ura,GH Dockrell,0,0,,,,,,,,,
1133002,2017/18,2018-03-06,Harare Sports Club,1,33.1,Papua New Guinea,Ireland,TP Ura,CA Soper,KJ O'Brien,0,0,,,,,,,,,
1133002,2017/18,2018-03-06,Harare Sports Club,1,33.2,Papua New Guinea,Ireland,TP Ura,CA Soper,KJ O'Brien,0,0,,,,,,,,,
1133002,2017/18,2018-03-06,Harare Sports Club,1,33.3,Papua New Guinea,Ireland,TP Ura,CA Soper,KJ O'Brien,1,0,,,,,,,,,
1133002,2017/18,2018-03-06,Harare Sports Club,1,33.4,Papua New Guinea,Ireland,CA Soper,TP Ura,KJ O'Brien,0,0,,,,,,,,,
1133002,2017/18,2018-03-06,Harare Sports Club,1,33.5,Papua New Guinea,Ireland,CA Soper,TP Ura,KJ O'Brien,1,0,,,,,,,,,
1133002,2017/18,2018-03-06,Harare Sports Club,1,33.6,Papua New Guinea,Ireland,TP Ura,CA Soper,KJ O'Brien,1,0,,,,,,,,,
1133002,2017/18,2018-03-06,Harare Sports Club,1,34.1,Papua New Guinea,Ireland,CA Soper,TP Ura,GH Dockrell,0,0,,,,,,,,,
1133002,2017/18,2018-03-06,Harare Sports Club,1,34.2,Papua New Guinea,Ireland,CA Soper,TP Ura,GH Dockrell,0,0,,,,,,,,,
1133002,2017/18,2018-03-06,Harare Sports Club,1,34.3,Papua New Guinea,Ireland,CA Soper,TP Ura,GH Dockrell,0,0,,,,,,,,,
1133002,2017/18,2018-03-06,Harare Sports Club,1,34.4,Papua New Guinea,Ireland,CA Soper,TP Ura,GH Dockrell,0,0,,,,,,,,,
1133002,2017/18,2018-03-06,Harare Sports Club,1,34.5,Papua New Guinea,Ireland,CA Soper,TP Ura,GH Dockrell,0,0,,,,,,,,,
1133002,2017/18,2018-03-06,Harare Sports Club,1,34.6,Papua New Guinea,Ireland,CA Soper,TP Ura,GH Dockrell,0,0,,,,,,,,,
1133002,2017/18,2018-03-06,Harare Sports Club,1,35.1,Papua New Guinea,Ireland,TP Ura,CA Soper,KJ O'Brien,1,0,,,,,,,,,
1133002,2017/18,2018-03-06,Harare Sports Club,1,35.2,Papua New Guinea,Ireland,CA Soper,TP Ura,KJ O'Brien,0,0,,,,,,,,,
1133002,2017/18,2018-03-06,Harare Sports Club,1,35.3,Papua New Guinea,Ireland,CA Soper,TP Ura,KJ O'Brien,2,0,,,,,,,,,
1133002,2017/18,2018-03-06,Harare Sports Club,1,35.4,Papua New Guinea,Ireland,CA Soper,TP Ura,KJ O'Brien,0,0,,,,,,,,,
1133002,2017/18,2018-03-06,Harare Sports Club,1,35.5,Papua New Guinea,Ireland,CA Soper,TP Ura,KJ O'Brien,0,0,,,,,,,,,
1133002,2017/18,2018-03-06,Harare Sports Club,1,35.6,Papua New Guinea,Ireland,CA Soper,TP Ura,KJ O'Brien,2,0,,,,,,,,,
1133002,2017/18,2018-03-06,Harare Sports Club,1,36.1,Papua New Guinea,Ireland,TP Ura,CA Soper,GH Dockrell,6,0,,,,,,,,,
1133002,2017/18,2018-03-06,Harare Sports Club,1,36.2,Papua New Guinea,Ireland,TP Ura,CA Soper,GH Dockrell,0,0,,,,,,,,,
1133002,2017/18,2018-03-06,Harare Sports Club,1,36.3,Papua New Guinea,Ireland,TP Ura,CA Soper,GH Dockrell,0,0,,,,,,,,,
1133002,2017/18,2018-03-06,Harare Sports Club,1,36.4,Papua New Guinea,Ireland,TP Ura,CA Soper,GH Dockrell,1,0,,,,,,,,,
1133002,2017/18,2018-03-06,Harare Sports Club,1,36.5,Papua New Guinea,Ireland,CA Soper,TP Ura,GH Dockrell,1,0,,,,,,,,,
1133002,2017/18,2018-03-06,Harare Sports Club,1,36.6,Papua New Guinea,Ireland,TP Ura,CA Soper,GH Dockrell,1,0,,,,,,,,,
1133002,2017/18,2018-03-06,Harare Sports Club,1,37.1,Papua New Guinea,Ireland,TP Ura,CA Soper,KJ O'Brien,0,0,,,,,,,,,
1133002,2017/18,2018-03-06,Harare Sports Club,1,37.2,Papua New Guinea,Ireland,TP Ura,CA Soper,KJ O'Brien,0,1,,,,1,,,,,
1133002,2017/18,2018-03-06,Harare Sports Club,1,37.3,Papua New Guinea,Ireland,CA Soper,TP Ura,KJ O'Brien,0,0,,,,,,,,,
1133002,2017/18,2018-03-06,Harare Sports Club,1,37.4,Papua New Guinea,Ireland,CA Soper,TP Ura,KJ O'Brien,1,0,,,,,,,,,
1133002,2017/18,2018-03-06,Harare Sports Club,1,37.5,Papua New Guinea,Ireland,TP Ura,CA Soper,KJ O'Brien,4,0,,,,,,,,,
1133002,2017/18,2018-03-06,Harare Sports Club,1,37.6,Papua New Guinea,Ireland,TP Ura,CA Soper,KJ O'Brien,2,0,,,,,,,,,
1133002,2017/18,2018-03-06,Harare Sports Club,1,38.1,Papua New Guinea,Ireland,CA Soper,TP Ura,TJ Murtagh,0,0,,,,,,,,,
1133002,2017/18,2018-03-06,Harare Sports Club,1,38.2,Papua New Guinea,Ireland,CA Soper,TP Ura,TJ Murtagh,2,0,,,,,,,,,
1133002,2017/18,2018-03-06,Harare Sports Club,1,38.3,Papua New Guinea,Ireland,CA Soper,TP Ura,TJ Murtagh,0,0,,,,,,,,,
1133002,2017/18,2018-03-06,Harare Sports Club,1,38.4,Papua New Guinea,Ireland,CA Soper,TP Ura,TJ Murtagh,0,0,,,,,,,,,
1133002,2017/18,2018-03-06,Harare Sports Club,1,38.5,Papua New Guinea,Ireland,CA Soper,TP Ura,TJ Murtagh,1,0,,,,,,,,,
1133002,2017/18,2018-03-06,Harare Sports Club,1,38.6,Papua New Guinea,Ireland,TP Ura,CA Soper,TJ Murtagh,0,0,,,,,,,,,
1133002,2017/18,2018-03-06,Harare Sports Club,1,39.1,Papua New Guinea,Ireland,CA Soper,TP Ura,KJ O'Brien,1,0,,,,,,,,,
1133002,2017/18,2018-03-06,Harare Sports Club,1,39.2,Papua New Guinea,Ireland,TP Ura,CA Soper,KJ O'Brien,0,0,,,,,,,,,
1133002,2017/18,2018-03-06,Harare Sports Club,1,39.3,Papua New Guinea,Ireland,TP Ura,CA Soper,KJ O'Brien,4,0,,,,,,,,,
1133002,2017/18,2018-03-06,Harare Sports Club,1,39.4,Papua New Guinea,Ireland,TP Ura,CA Soper,KJ O'Brien,2,0,,,,,,,,,
1133002,2017/18,2018-03-06,Harare Sports Club,1,39.5,Papua New Guinea,Ireland,TP Ura,CA Soper,KJ O'Brien,0,0,,,,,,,,,
1133002,2017/18,2018-03-06,Harare Sports Club,1,39.6,Papua New Guinea,Ireland,TP Ura,CA Soper,KJ O'Brien,0,0,,,,,,,,,
1133002,2017/18,2018-03-06,Harare Sports Club,1,40.1,Papua New Guinea,Ireland,CA Soper,TP Ura,TJ Murtagh,1,0,,,,,,,,,
1133002,2017/18,2018-03-06,Harare Sports Club,1,40.2,Papua New Guinea,Ireland,TP Ura,CA Soper,TJ Murtagh,1,0,,,,,,,,,
1133002,2017/18,2018-03-06,Harare Sports Club,1,40.3,Papua New Guinea,Ireland,CA Soper,TP Ura,TJ Murtagh,0,0,,,,,,,,,
1133002,2017/18,2018-03-06,Harare Sports Club,1,40.4,Papua New Guinea,Ireland,CA Soper,TP Ura,TJ Murtagh,1,0,,,,,,,,,
1133002,2017/18,2018-03-06,Harare Sports Club,1,40.5,Papua New Guinea,Ireland,TP Ura,CA Soper,TJ Murtagh,0,0,,,,,,,,,
1133002,2017/18,2018-03-06,Harare Sports Club,1,40.6,Papua New Guinea,Ireland,TP Ura,CA Soper,TJ Murtagh,1,0,,,,,,,,,
1133002,2017/18,2018-03-06,Harare Sports Club,1,41.1,Papua New Guinea,Ireland,TP Ura,CA Soper,GH Dockrell,1,0,,,,,,,,,
1133002,2017/18,2018-03-06,Harare Sports Club,1,41.2,Papua New Guinea,Ireland,CA Soper,TP Ura,GH Dockrell,2,0,,,,,,,,,
1133002,2017/18,2018-03-06,Harare Sports Club,1,41.3,Papua New Guinea,Ireland,CA Soper,TP Ura,GH Dockrell,0,0,,,,,,,,,
1133002,2017/18,2018-03-06,Harare Sports Club,1,41.4,Papua New Guinea,Ireland,CA Soper,TP Ura,GH Dockrell,1,0,,,,,,,,,
1133002,2017/18,2018-03-06,Harare Sports Club,1,41.5,Papua New Guinea,Ireland,TP Ura,CA Soper,GH Dockrell,0,0,,,,,,,,,
1133002,2017/18,2018-03-06,Harare Sports Club,1,41.6,Papua New Guinea,Ireland,TP Ura,CA Soper,GH Dockrell,4,0,,,,,,,,,
1133002,2017/18,2018-03-06,Harare Sports Club,1,42.1,Papua New Guinea,Ireland,CA Soper,TP Ura,TJ Murtagh,1,0,,,,,,,,,
1133002,2017/18,2018-03-06,Harare Sports Club,1,42.2,Papua New Guinea,Ireland,TP Ura,CA Soper,TJ Murtagh,1,0,,,,,,,,,
1133002,2017/18,2018-03-06,Harare Sports Club,1,42.3,Papua New Guinea,Ireland,CA Soper,TP Ura,TJ Murtagh,2,0,,,,,,,,,
1133002,2017/18,2018-03-06,Harare Sports Club,1,42.4,Papua New Guinea,Ireland,CA Soper,TP Ura,TJ Murtagh,0,0,,,,,,,,,
1133002,2017/18,2018-03-06,Harare Sports Club,1,42.5,Papua New Guinea,Ireland,CA Soper,TP Ura,TJ Murtagh,1,0,,,,,,,,,
1133002,2017/18,2018-03-06,Harare Sports Club,1,42.6,Papua New Guinea,Ireland,TP Ura,CA Soper,TJ Murtagh,0,0,,,,,,,,,
1133002,2017/18,2018-03-06,Harare Sports Club,1,43.1,Papua New Guinea,Ireland,CA Soper,TP Ura,KJ O'Brien,1,0,,,,,,,,,
1133002,2017/18,2018-03-06,Harare Sports Club,1,43.2,Papua New Guinea,Ireland,TP Ura,CA Soper,KJ O'Brien,6,0,,,,,,,,,
1133002,2017/18,2018-03-06,Harare Sports Club,1,43.3,Papua New Guinea,Ireland,TP Ura,CA Soper,KJ O'Brien,2,0,,,,,,,,,
1133002,2017/18,2018-03-06,Harare Sports Club,1,43.4,Papua New Guinea,Ireland,TP Ura,CA Soper,KJ O'Brien,6,0,,,,,,,,,
1133002,2017/18,2018-03-06,Harare Sports Club,1,43.5,Papua New Guinea,Ireland,TP Ura,CA Soper,KJ O'Brien,0,0,,,,,,,,,
1133002,2017/18,2018-03-06,Harare Sports Club,1,43.6,Papua New Guinea,Ireland,TP Ura,CA Soper,KJ O'Brien,0,1,,,,1,,,,,
1133002,2017/18,2018-03-06,Harare Sports Club,1,44.1,Papua New Guinea,Ireland,TP Ura,CA Soper,WB Rankin,0,0,,,,,,,,,
1133002,2017/18,2018-03-06,Harare Sports Club,1,44.2,Papua New Guinea,Ireland,TP Ura,CA Soper,WB Rankin,1,0,,,,,,,,,
1133002,2017/18,2018-03-06,Harare Sports Club,1,44.3,Papua New Guinea,Ireland,CA Soper,TP Ura,WB Rankin,1,0,,,,,,,,,
1133002,2017/18,2018-03-06,Harare Sports Club,1,44.4,Papua New Guinea,Ireland,TP Ura,CA Soper,WB Rankin,2,0,,,,,,,,,
1133002,2017/18,2018-03-06,Harare Sports Club,1,44.5,Papua New Guinea,Ireland,TP Ura,CA Soper,WB Rankin,4,0,,,,,,,,,
1133002,2017/18,2018-03-06,Harare Sports Club,1,44.6,Papua New Guinea,Ireland,TP Ura,CA Soper,WB Rankin,1,0,,,,,,,,,
1133002,2017/18,2018-03-06,Harare Sports Club,1,45.1,Papua New Guinea,Ireland,TP Ura,CA Soper,GH Dockrell,1,0,,,,,,,,,
1133002,2017/18,2018-03-06,Harare Sports Club,1,45.2,Papua New Guinea,Ireland,CA Soper,TP Ura,GH Dockrell,1,0,,,,,,,,,
1133002,2017/18,2018-03-06,Harare Sports Club,1,45.3,Papua New Guinea,Ireland,TP Ura,CA Soper,GH Dockrell,0,0,,,,,,,,,
1133002,2017/18,2018-03-06,Harare Sports Club,1,45.4,Papua New Guinea,Ireland,TP Ura,CA Soper,GH Dockrell,0,0,,,,,,,,,
1133002,2017/18,2018-03-06,Harare Sports Club,1,45.5,Papua New Guinea,Ireland,TP Ura,CA Soper,GH Dockrell,1,0,,,,,,,,,
1133002,2017/18,2018-03-06,Harare Sports Club,1,45.6,Papua New Guinea,Ireland,CA Soper,TP Ura,GH Dockrell,0,1,,,,1,,,,,
1133002,2017/18,2018-03-06,Harare Sports Club,1,46.1,Papua New Guinea,Ireland,CA Soper,TP Ura,WB Rankin,2,0,,,,,,,,,
1133002,2017/18,2018-03-06,Harare Sports Club,1,46.2,Papua New Guinea,Ireland,CA Soper,TP Ura,WB Rankin,0,0,,,,,,caught,CA Soper,,
1133002,2017/18,2018-03-06,Harare Sports Club,1,46.3,Papua New Guinea,Ireland,N Vanua,TP Ura,WB Rankin,1,0,,,,,,,,,
1133002,2017/18,2018-03-06,Harare Sports Club,1,46.4,Papua New Guinea,Ireland,TP Ura,N Vanua,WB Rankin,1,0,,,,,,,,,
1133002,2017/18,2018-03-06,Harare Sports Club,1,46.5,Papua New Guinea,Ireland,N Vanua,TP Ura,WB Rankin,1,0,,,,,,,,,
1133002,2017/18,2018-03-06,Harare Sports Club,1,46.6,Papua New Guinea,Ireland,TP Ura,N Vanua,WB Rankin,0,1,1,,,,,,,,
1133002,2017/18,2018-03-06,Harare Sports Club,1,46.7,Papua New Guinea,Ireland,TP Ura,N Vanua,WB Rankin,6,0,,,,,,,,,
1133002,2017/18,2018-03-06,Harare Sports Club,1,47.1,Papua New Guinea,Ireland,N Vanua,TP Ura,KJ O'Brien,0,0,,,,,,,,,
1133002,2017/18,2018-03-06,Harare Sports Club,1,47.2,Papua New Guinea,Ireland,N Vanua,TP Ura,KJ O'Brien,1,0,,,,,,,,,
1133002,2017/18,2018-03-06,Harare Sports Club,1,47.3,Papua New Guinea,Ireland,TP Ura,N Vanua,KJ O'Brien,2,0,,,,,,,,,
1133002,2017/18,2018-03-06,Harare Sports Club,1,47.4,Papua New Guinea,Ireland,TP Ura,N Vanua,KJ O'Brien,2,0,,,,,,,,,
1133002,2017/18,2018-03-06,Harare Sports Club,1,47.5,Papua New Guinea,Ireland,TP Ura,N Vanua,KJ O'Brien,0,0,,,,,,,,,
1133002,2017/18,2018-03-06,Harare Sports Club,1,47.6,Papua New Guinea,Ireland,TP Ura,N Vanua,KJ O'Brien,1,0,,,,,,,,,
1133002,2017/18,2018-03-06,Harare Sports Club,1,48.1,Papua New Guinea,Ireland,TP Ura,N Vanua,TJ Murtagh,1,0,,,,,,,,,
1133002,2017/18,2018-03-06,Harare Sports Club,1,48.2,Papua New Guinea,Ireland,N Vanua,TP Ura,TJ Murtagh,0,0,,,,,,,,,
1133002,2017/18,2018-03-06,Harare Sports Club,1,48.3,Papua New Guinea,Ireland,N Vanua,TP Ura,TJ Murtagh,0,1,,,1,,,,,,
1133002,2017/18,2018-03-06,Harare Sports Club,1,48.4,Papua New Guinea,Ireland,TP Ura,N Vanua,TJ Murtagh,4,0,,,,,,,,,
1133002,2017/18,2018-03-06,Harare Sports Club,1,48.5,Papua New Guinea,Ireland,TP Ura,N Vanua,TJ Murtagh,1,0,,,,,,,,,
1133002,2017/18,2018-03-06,Harare Sports Club,1,48.6,Papua New Guinea,Ireland,N Vanua,TP Ura,TJ Murtagh,0,1,1,,,,,,,,
1133002,2017/18,2018-03-06,Harare Sports Club,1,48.7,Papua New Guinea,Ireland,N Vanua,TP Ura,TJ Murtagh,2,0,,,,,,,,,
1133002,2017/18,2018-03-06,Harare Sports Club,1,49.1,Papua New Guinea,Ireland,TP Ura,N Vanua,KJ O'Brien,1,0,,,,,,,,,
1133002,2017/18,2018-03-06,Harare Sports Club,1,49.2,Papua New Guinea,Ireland,N Vanua,TP Ura,KJ O'Brien,1,0,,,,,,,,,
1133002,2017/18,2018-03-06,Harare Sports Club,1,49.3,Papua New Guinea,Ireland,TP Ura,N Vanua,KJ O'Brien,0,0,,,,,,caught,TP Ura,,
1133002,2017/18,2018-03-06,Harare Sports Club,1,49.4,Papua New Guinea,Ireland,A Nao,N Vanua,KJ O'Brien,1,0,,,,,,,,,
1133002,2017/18,2018-03-06,Harare Sports Club,1,49.5,Papua New Guinea,Ireland,N Vanua,A Nao,KJ O'Brien,6,0,,,,,,,,,
1133002,2017/18,2018-03-06,Harare Sports Club,1,49.6,Papua New Guinea,Ireland,N Vanua,A Nao,KJ O'Brien,0,1,1,,,,,,,,
1133002,2017/18,2018-03-06,Harare Sports Club,1,49.7,Papua New Guinea,Ireland,N Vanua,A Nao,KJ O'Brien,0,0,,,,,,caught,N Vanua,,
1133002,2017/18,2018-03-06,Harare Sports Club,2,0.1,Ireland,Papua New Guinea,WTS Porterfield,PR Stirling,A Nao,0,1,1,,,,,,,,
1133002,2017/18,2018-03-06,Harare Sports Club,2,0.2,Ireland,Papua New Guinea,WTS Porterfield,PR Stirling,A Nao,0,0,,,,,,,,,
1133002,2017/18,2018-03-06,Harare Sports Club,2,0.3,Ireland,Papua New Guinea,WTS Porterfield,PR Stirling,A Nao,0,0,,,,,,,,,
1133002,2017/18,2018-03-06,Harare Sports Club,2,0.4,Ireland,Papua New Guinea,WTS Porterfield,PR Stirling,A Nao,0,0,,,,,,,,,
1133002,2017/18,2018-03-06,Harare Sports Club,2,0.5,Ireland,Papua New Guinea,WTS Porterfield,PR Stirling,A Nao,4,0,,,,,,,,,
1133002,2017/18,2018-03-06,Harare Sports Club,2,0.6,Ireland,Papua New Guinea,WTS Porterfield,PR Stirling,A Nao,2,0,,,,,,,,,
1133002,2017/18,2018-03-06,Harare Sports Club,2,0.7,Ireland,Papua New Guinea,WTS Porterfield,PR Stirling,A Nao,0,0,,,,,,,,,
1133002,2017/18,2018-03-06,Harare Sports Club,2,1.1,Ireland,Papua New Guinea,PR Stirling,WTS Porterfield,N Vanua,2,0,,,,,,,,,
1133002,2017/18,2018-03-06,Harare Sports Club,2,1.2,Ireland,Papua New Guinea,PR Stirling,WTS Porterfield,N Vanua,4,0,,,,,,,,,
1133002,2017/18,2018-03-06,Harare Sports Club,2,1.3,Ireland,Papua New Guinea,PR Stirling,WTS Porterfield,N Vanua,0,0,,,,,,,,,
1133002,2017/18,2018-03-06,Harare Sports Club,2,1.4,Ireland,Papua New Guinea,PR Stirling,WTS Porterfield,N Vanua,1,0,,,,,,,,,
1133002,2017/18,2018-03-06,Harare Sports Club,2,1.5,Ireland,Papua New Guinea,WTS Porterfield,PR Stirling,N Vanua,0,0,,,,,,,,,
1133002,2017/18,2018-03-06,Harare Sports Club,2,1.6,Ireland,Papua New Guinea,WTS Porterfield,PR Stirling,N Vanua,4,0,,,,,,,,,
1133002,2017/18,2018-03-06,Harare Sports Club,2,2.1,Ireland,Papua New Guinea,PR Stirling,WTS Porterfield,A Nao,0,0,,,,,,,,,
1133002,2017/18,2018-03-06,Harare Sports Club,2,2.2,Ireland,Papua New Guinea,PR Stirling,WTS Porterfield,A Nao,3,0,,,,,,,,,
1133002,2017/18,2018-03-06,Harare Sports Club,2,2.3,Ireland,Papua New Guinea,WTS Porterfield,PR Stirling,A Nao,0,0,,,,,,,,,
1133002,2017/18,2018-03-06,Harare Sports Club,2,2.4,Ireland,Papua New Guinea,WTS Porterfield,PR Stirling,A Nao,0,0,,,,,,,,,
1133002,2017/18,2018-03-06,Harare Sports Club,2,2.5,Ireland,Papua New Guinea,WTS Porterfield,PR Stirling,A Nao,4,0,,,,,,,,,
1133002,2017/18,2018-03-06,Harare Sports Club,2,2.6,Ireland,Papua New Guinea,WTS Porterfield,PR Stirling,A Nao,0,0,,,,,,,,,
1133002,2017/18,2018-03-06,Harare Sports Club,2,3.1,Ireland,Papua New Guinea,PR Stirling,WTS Porterfield,N Vanua,0,0,,,,,,,,,
1133002,2017/18,2018-03-06,Harare Sports Club,2,3.2,Ireland,Papua New Guinea,PR Stirling,WTS Porterfield,N Vanua,0,0,,,,,,,,,
1133002,2017/18,2018-03-06,Harare Sports Club,2,3.3,Ireland,Papua New Guinea,PR Stirling,WTS Porterfield,N Vanua,0,0,,,,,,,,,
1133002,2017/18,2018-03-06,Harare Sports Club,2,3.4,Ireland,Papua New Guinea,PR Stirling,WTS Porterfield,N Vanua,4,0,,,,,,,,,
1133002,2017/18,2018-03-06,Harare Sports Club,2,3.5,Ireland,Papua New Guinea,PR Stirling,WTS Porterfield,N Vanua,0,0,,,,,,,,,
1133002,2017/18,2018-03-06,Harare Sports Club,2,3.6,Ireland,Papua New Guinea,PR Stirling,WTS Porterfield,N Vanua,4,0,,,,,,,,,
1133002,2017/18,2018-03-06,Harare Sports Club,2,4.1,Ireland,Papua New Guinea,WTS Porterfield,PR Stirling,MD Dai,0,1,1,,,,,,,,
1133002,2017/18,2018-03-06,Harare Sports Club,2,4.2,Ireland,Papua New Guinea,WTS Porterfield,PR Stirling,MD Dai,0,0,,,,,,,,,
1133002,2017/18,2018-03-06,Harare Sports Club,2,4.3,Ireland,Papua New Guinea,WTS Porterfield,PR Stirling,MD Dai,1,0,,,,,,,,,
1133002,2017/18,2018-03-06,Harare Sports Club,2,4.4,Ireland,Papua New Guinea,PR Stirling,WTS Porterfield,MD Dai,0,0,,,,,,,,,
1133002,2017/18,2018-03-06,Harare Sports Club,2,4.5,Ireland,Papua New Guinea,PR Stirling,WTS Porterfield,MD Dai,2,0,,,,,,,,,
1133002,2017/18,2018-03-06,Harare Sports Club,2,4.6,Ireland,Papua New Guinea,PR Stirling,WTS Porterfield,MD Dai,0,0,,,,,,,,,
1133002,2017/18,2018-03-06,Harare Sports Club,2,4.7,Ireland,Papua New Guinea,PR Stirling,WTS Porterfield,MD Dai,0,0,,,,,,,,,
1133002,2017/18,2018-03-06,Harare Sports Club,2,5.1,Ireland,Papua New Guinea,WTS Porterfield,PR Stirling,A Vala,0,0,,,,,,,,,
1133002,2017/18,2018-03-06,Harare Sports Club,2,5.2,Ireland,Papua New Guinea,WTS Porterfield,PR Stirling,A Vala,0,0,,,,,,,,,
1133002,2017/18,2018-03-06,Harare Sports Club,2,5.3,Ireland,Papua New Guinea,WTS Porterfield,PR Stirling,A Vala,2,0,,,,,,,,,
1133002,2017/18,2018-03-06,Harare Sports Club,2,5.4,Ireland,Papua New Guinea,WTS Porterfield,PR Stirling,A Vala,2,0,,,,,,,,,
1133002,2017/18,2018-03-06,Harare Sports Club,2,5.5,Ireland,Papua New Guinea,WTS Porterfield,PR Stirling,A Vala,0,0,,,,,,,,,
1133002,2017/18,2018-03-06,Harare Sports Club,2,5.6,Ireland,Papua New Guinea,WTS Porterfield,PR Stirling,A Vala,0,0,,,,,,,,,
1133002,2017/18,2018-03-06,Harare Sports Club,2,6.1,Ireland,Papua New Guinea,PR Stirling,WTS Porterfield,MD Dai,4,0,,,,,,,,,
1133002,2017/18,2018-03-06,Harare Sports Club,2,6.2,Ireland,Papua New Guinea,PR Stirling,WTS Porterfield,MD Dai,1,0,,,,,,,,,
1133002,2017/18,2018-03-06,Harare Sports Club,2,6.3,Ireland,Papua New Guinea,WTS Porterfield,PR Stirling,MD Dai,0,0,,,,,,,,,
1133002,2017/18,2018-03-06,Harare Sports Club,2,6.4,Ireland,Papua New Guinea,WTS Porterfield,PR Stirling,MD Dai,4,0,,,,,,,,,
1133002,2017/18,2018-03-06,Harare Sports Club,2,6.5,Ireland,Papua New Guinea,WTS Porterfield,PR Stirling,MD Dai,0,0,,,,,,,,,
1133002,2017/18,2018-03-06,Harare Sports Club,2,6.6,Ireland,Papua New Guinea,WTS Porterfield,PR Stirling,MD Dai,0,0,,,,,,,,,
1133002,2017/18,2018-03-06,Harare Sports Club,2,7.1,Ireland,Papua New Guinea,PR Stirling,WTS Porterfield,A Vala,2,0,,,,,,,,,
1133002,2017/18,2018-03-06,Harare Sports Club,2,7.2,Ireland,Papua New Guinea,PR Stirling,WTS Porterfield,A Vala,0,0,,,,,,,,,
1133002,2017/18,2018-03-06,Harare Sports Club,2,7.3,Ireland,Papua New Guinea,PR Stirling,WTS Porterfield,A Vala,0,0,,,,,,caught,PR Stirling,,
1133002,2017/18,2018-03-06,Harare Sports Club,2,7.4,Ireland,Papua New Guinea,A Balbirnie,WTS Porterfield,A Vala,0,0,,,,,,,,,
1133002,2017/18,2018-03-06,Harare Sports Club,2,7.5,Ireland,Papua New Guinea,A Balbirnie,WTS Porterfield,A Vala,0,0,,,,,,,,,
1133002,2017/18,2018-03-06,Harare Sports Club,2,7.6,Ireland,Papua New Guinea,A Balbirnie,WTS Porterfield,A Vala,0,0,,,,,,,,,
1133002,2017/18,2018-03-06,Harare Sports Club,2,8.1,Ireland,Papua New Guinea,WTS Porterfield,A Balbirnie,MD Dai,1,0,,,,,,,,,
1133002,2017/18,2018-03-06,Harare Sports Club,2,8.2,Ireland,Papua New Guinea,A Balbirnie,WTS Porterfield,MD Dai,0,0,,,,,,,,,
1133002,2017/18,2018-03-06,Harare Sports Club,2,8.3,Ireland,Papua New Guinea,A Balbirnie,WTS Porterfield,MD Dai,0,0,,,,,,,,,
1133002,2017/18,2018-03-06,Harare Sports Club,2,8.4,Ireland,Papua New Guinea,A Balbirnie,WTS Porterfield,MD Dai,1,0,,,,,,,,,
1133002,2017/18,2018-03-06,Harare Sports Club,2,8.5,Ireland,Papua New Guinea,WTS Porterfield,A Balbirnie,MD Dai,0,0,,,,,,,,,
1133002,2017/18,2018-03-06,Harare Sports Club,2,8.6,Ireland,Papua New Guinea,WTS Porterfield,A Balbirnie,MD Dai,1,0,,,,,,,,,
1133002,2017/18,2018-03-06,Harare Sports Club,2,9.1,Ireland,Papua New Guinea,WTS Porterfield,A Balbirnie,A Vala,0,0,,,,,,,,,
1133002,2017/18,2018-03-06,Harare Sports Club,2,9.2,Ireland,Papua New Guinea,WTS Porterfield,A Balbirnie,A Vala,0,0,,,,,,,,,
1133002,2017/18,2018-03-06,Harare Sports Club,2,9.3,Ireland,Papua New Guinea,WTS Porterfield,A Balbirnie,A Vala,2,0,,,,,,,,,
1133002,2017/18,2018-03-06,Harare Sports Club,2,9.4,Ireland,Papua New Guinea,WTS Porterfield,A Balbirnie,A Vala,0,0,,,,,,,,,
1133002,2017/18,2018-03-06,Harare Sports Club,2,9.5,Ireland,Papua New Guinea,WTS Porterfield,A Balbirnie,A Vala,0,0,,,,,,,,,
1133002,2017/18,2018-03-06,Harare Sports Club,2,9.6,Ireland,Papua New Guinea,WTS Porterfield,A Balbirnie,A Vala,0,0,,,,,,,,,
1133002,2017/18,2018-03-06,Harare Sports Club,2,10.1,Ireland,Papua New Guinea,A Balbirnie,WTS Porterfield,CJA Amini,0,0,,,,,,,,,
1133002,2017/18,2018-03-06,Harare Sports Club,2,10.2,Ireland,Papua New Guinea,A Balbirnie,WTS Porterfield,CJA Amini,1,0,,,,,,,,,
1133002,2017/18,2018-03-06,Harare Sports Club,2,10.3,Ireland,Papua New Guinea,WTS Porterfield,A Balbirnie,CJA Amini,4,0,,,,,,,,,
1133002,2017/18,2018-03-06,Harare Sports Club,2,10.4,Ireland,Papua New Guinea,WTS Porterfield,A Balbirnie,CJA Amini,1,0,,,,,,,,,
1133002,2017/18,2018-03-06,Harare Sports Club,2,10.5,Ireland,Papua New Guinea,A Balbirnie,WTS Porterfield,CJA Amini,1,0,,,,,,,,,
1133002,2017/18,2018-03-06,Harare Sports Club,2,10.6,Ireland,Papua New Guinea,WTS Porterfield,A Balbirnie,CJA Amini,1,0,,,,,,,,,
1133002,2017/18,2018-03-06,Harare Sports Club,2,11.1,Ireland,Papua New Guinea,WTS Porterfield,A Balbirnie,A Vala,0,0,,,,,,,,,
1133002,2017/18,2018-03-06,Harare Sports Club,2,11.2,Ireland,Papua New Guinea,WTS Porterfield,A Balbirnie,A Vala,1,0,,,,,,,,,
1133002,2017/18,2018-03-06,Harare Sports Club,2,11.3,Ireland,Papua New Guinea,A Balbirnie,WTS Porterfield,A Vala,0,0,,,,,,,,,
1133002,2017/18,2018-03-06,Harare Sports Club,2,11.4,Ireland,Papua New Guinea,A Balbirnie,WTS Porterfield,A Vala,0,0,,,,,,,,,
1133002,2017/18,2018-03-06,Harare Sports Club,2,11.5,Ireland,Papua New Guinea,A Balbirnie,WTS Porterfield,A Vala,0,0,,,,,,,,,
1133002,2017/18,2018-03-06,Harare Sports Club,2,11.6,Ireland,Papua New Guinea,A Balbirnie,WTS Porterfield,A Vala,0,0,,,,,,,,,
1133002,2017/18,2018-03-06,Harare Sports Club,2,12.1,Ireland,Papua New Guinea,WTS Porterfield,A Balbirnie,MD Dai,1,0,,,,,,,,,
1133002,2017/18,2018-03-06,Harare Sports Club,2,12.2,Ireland,Papua New Guinea,A Balbirnie,WTS Porterfield,MD Dai,0,0,,,,,,,,,
1133002,2017/18,2018-03-06,Harare Sports Club,2,12.3,Ireland,Papua New Guinea,A Balbirnie,WTS Porterfield,MD Dai,0,0,,,,,,,,,
1133002,2017/18,2018-03-06,Harare Sports Club,2,12.4,Ireland,Papua New Guinea,A Balbirnie,WTS Porterfield,MD Dai,1,0,,,,,,,,,
1133002,2017/18,2018-03-06,Harare Sports Club,2,12.5,Ireland,Papua New Guinea,WTS Porterfield,A Balbirnie,MD Dai,0,0,,,,,,,,,
1133002,2017/18,2018-03-06,Harare Sports Club,2,12.6,Ireland,Papua New Guinea,WTS Porterfield,A Balbirnie,MD Dai,0,0,,,,,,,,,
1133002,2017/18,2018-03-06,Harare Sports Club,2,13.1,Ireland,Papua New Guinea,A Balbirnie,WTS Porterfield,CA Soper,0,0,,,,,,,,,
1133002,2017/18,2018-03-06,Harare Sports Club,2,13.2,Ireland,Papua New Guinea,A Balbirnie,WTS Porterfield,CA Soper,0,0,,,,,,,,,
1133002,2017/18,2018-03-06,Harare Sports Club,2,13.3,Ireland,Papua New Guinea,A Balbirnie,WTS Porterfield,CA Soper,0,0,,,,,,,,,
1133002,2017/18,2018-03-06,Harare Sports Club,2,13.4,Ireland,Papua New Guinea,A Balbirnie,WTS Porterfield,CA Soper,1,0,,,,,,,,,
1133002,2017/18,2018-03-06,Harare Sports Club,2,13.5,Ireland,Papua New Guinea,WTS Porterfield,A Balbirnie,CA Soper,0,0,,,,,,,,,
1133002,2017/18,2018-03-06,Harare Sports Club,2,13.6,Ireland,Papua New Guinea,WTS Porterfield,A Balbirnie,CA Soper,0,0,,,,,,,,,
1133002,2017/18,2018-03-06,Harare Sports Club,2,14.1,Ireland,Papua New Guinea,A Balbirnie,WTS Porterfield,MD Dai,1,0,,,,,,,,,
1133002,2017/18,2018-03-06,Harare Sports Club,2,14.2,Ireland,Papua New Guinea,WTS Porterfield,A Balbirnie,MD Dai,0,0,,,,,,,,,
1133002,2017/18,2018-03-06,Harare Sports Club,2,14.3,Ireland,Papua New Guinea,WTS Porterfield,A Balbirnie,MD Dai,4,0,,,,,,,,,
1133002,2017/18,2018-03-06,Harare Sports Club,2,14.4,Ireland,Papua New Guinea,WTS Porterfield,A Balbirnie,MD Dai,0,0,,,,,,,,,
1133002,2017/18,2018-03-06,Harare Sports Club,2,14.5,Ireland,Papua New Guinea,WTS Porterfield,A Balbirnie,MD Dai,1,0,,,,,,,,,
1133002,2017/18,2018-03-06,Harare Sports Club,2,14.6,Ireland,Papua New Guinea,A Balbirnie,WTS Porterfield,MD Dai,1,0,,,,,,,,,
1133002,2017/18,2018-03-06,Harare Sports Club,2,15.1,Ireland,Papua New Guinea,A Balbirnie,WTS Porterfield,CA Soper,0,0,,,,,,,,,
1133002,2017/18,2018-03-06,Harare Sports Club,2,15.2,Ireland,Papua New Guinea,A Balbirnie,WTS Porterfield,CA Soper,0,0,,,,,,,,,
1133002,2017/18,2018-03-06,Harare Sports Club,2,15.3,Ireland,Papua New Guinea,A Balbirnie,WTS Porterfield,CA Soper,0,0,,,,,,bowled,A Balbirnie,,
1133002,2017/18,2018-03-06,Harare Sports Club,2,15.4,Ireland,Papua New Guinea,EC Joyce,WTS Porterfield,CA Soper,0,0,,,,,,,,,
1133002,2017/18,2018-03-06,Harare Sports Club,2,15.5,Ireland,Papua New Guinea,EC Joyce,WTS Porterfield,CA Soper,1,0,,,,,,,,,
1133002,2017/18,2018-03-06,Harare Sports Club,2,15.6,Ireland,Papua New Guinea,WTS Porterfield,EC Joyce,CA Soper,2,0,,,,,,,,,
1133002,2017/18,2018-03-06,Harare Sports Club,2,16.1,Ireland,Papua New Guinea,EC Joyce,WTS Porterfield,MD Dai,1,0,,,,,,,,,
1133002,2017/18,2018-03-06,Harare Sports Club,2,16.2,Ireland,Papua New Guinea,WTS Porterfield,EC Joyce,MD Dai,1,0,,,,,,,,,
1133002,2017/18,2018-03-06,Harare Sports Club,2,16.3,Ireland,Papua New Guinea,EC Joyce,WTS Porterfield,MD Dai,0,0,,,,,,,,,
1133002,2017/18,2018-03-06,Harare Sports Club,2,16.4,Ireland,Papua New Guinea,EC Joyce,WTS Porterfield,MD Dai,0,0,,,,,,,,,
1133002,2017/18,2018-03-06,Harare Sports Club,2,16.5,Ireland,Papua New Guinea,EC Joyce,WTS Porterfield,MD Dai,1,0,,,,,,,,,
1133002,2017/18,2018-03-06,Harare Sports Club,2,16.6,Ireland,Papua New Guinea,WTS Porterfield,EC Joyce,MD Dai,0,0,,,,,,,,,
1133002,2017/18,2018-03-06,Harare Sports Club,2,17.1,Ireland,Papua New Guinea,EC Joyce,WTS Porterfield,CA Soper,0,0,,,,,,,,,
1133002,2017/18,2018-03-06,Harare Sports Club,2,17.2,Ireland,Papua New Guinea,EC Joyce,WTS Porterfield,CA Soper,0,0,,,,,,,,,
1133002,2017/18,2018-03-06,Harare Sports Club,2,17.3,Ireland,Papua New Guinea,EC Joyce,WTS Porterfield,CA Soper,0,0,,,,,,,,,
1133002,2017/18,2018-03-06,Harare Sports Club,2,17.4,Ireland,Papua New Guinea,EC Joyce,WTS Porterfield,CA Soper,2,0,,,,,,,,,
1133002,2017/18,2018-03-06,Harare Sports Club,2,17.5,Ireland,Papua New Guinea,EC Joyce,WTS Porterfield,CA Soper,0,0,,,,,,,,,
1133002,2017/18,2018-03-06,Harare Sports Club,2,17.6,Ireland,Papua New Guinea,EC Joyce,WTS Porterfield,CA Soper,1,0,,,,,,,,,
1133002,2017/18,2018-03-06,Harare Sports Club,2,18.1,Ireland,Papua New Guinea,EC Joyce,WTS Porterfield,A Vala,0,0,,,,,,,,,
1133002,2017/18,2018-03-06,Harare Sports Club,2,18.2,Ireland,Papua New Guinea,EC Joyce,WTS Porterfield,A Vala,4,0,,,,,,,,,
1133002,2017/18,2018-03-06,Harare Sports Club,2,18.3,Ireland,Papua New Guinea,EC Joyce,WTS Porterfield,A Vala,1,0,,,,,,,,,
1133002,2017/18,2018-03-06,Harare Sports Club,2,18.4,Ireland,Papua New Guinea,WTS Porterfield,EC Joyce,A Vala,1,0,,,,,,,,,
1133002,2017/18,2018-03-06,Harare Sports Club,2,18.5,Ireland,Papua New Guinea,EC Joyce,WTS Porterfield,A Vala,0,0,,,,,,,,,
1133002,2017/18,2018-03-06,Harare Sports Club,2,18.6,Ireland,Papua New Guinea,EC Joyce,WTS Porterfield,A Vala,0,0,,,,,,,,,
1133002,2017/18,2018-03-06,Harare Sports Club,2,19.1,Ireland,Papua New Guinea,WTS Porterfield,EC Joyce,CA Soper,1,0,,,,,,,,,
1133002,2017/18,2018-03-06,Harare Sports Club,2,19.2,Ireland,Papua New Guinea,EC Joyce,WTS Porterfield,CA Soper,2,0,,,,,,,,,
1133002,2017/18,2018-03-06,Harare Sports Club,2,19.3,Ireland,Papua New Guinea,EC Joyce,WTS Porterfield,CA Soper,0,0,,,,,,,,,
1133002,2017/18,2018-03-06,Harare Sports Club,2,19.4,Ireland,Papua New Guinea,EC Joyce,WTS Porterfield,CA Soper,0,0,,,,,,,,,
1133002,2017/18,2018-03-06,Harare Sports Club,2,19.5,Ireland,Papua New Guinea,EC Joyce,WTS Porterfield,CA Soper,0,0,,,,,,,,,
1133002,2017/18,2018-03-06,Harare Sports Club,2,19.6,Ireland,Papua New Guinea,EC Joyce,WTS Porterfield,CA Soper,0,0,,,,,,,,,
1133002,2017/18,2018-03-06,Harare Sports Club,2,20.1,Ireland,Papua New Guinea,WTS Porterfield,EC Joyce,A Nao,0,0,,,,,,,,,
1133002,2017/18,2018-03-06,Harare Sports Club,2,20.2,Ireland,Papua New Guinea,WTS Porterfield,EC Joyce,A Nao,0,0,,,,,,,,,
1133002,2017/18,2018-03-06,Harare Sports Club,2,20.3,Ireland,Papua New Guinea,WTS Porterfield,EC Joyce,A Nao,1,0,,,,,,,,,
1133002,2017/18,2018-03-06,Harare Sports Club,2,20.4,Ireland,Papua New Guinea,EC Joyce,WTS Porterfield,A Nao,1,0,,,,,,,,,
1133002,2017/18,2018-03-06,Harare Sports Club,2,20.5,Ireland,Papua New Guinea,WTS Porterfield,EC Joyce,A Nao,0,0,,,,,,,,,
1133002,2017/18,2018-03-06,Harare Sports Club,2,20.6,Ireland,Papua New Guinea,WTS Porterfield,EC Joyce,A Nao,0,0,,,,,,,,,
1133002,2017/18,2018-03-06,Harare Sports Club,2,21.1,Ireland,Papua New Guinea,EC Joyce,WTS Porterfield,CA Soper,4,0,,,,,,,,,
1133002,2017/18,2018-03-06,Harare Sports Club,2,21.2,Ireland,Papua New Guinea,EC Joyce,WTS Porterfield,CA Soper,1,0,,,,,,,,,
1133002,2017/18,2018-03-06,Harare Sports Club,2,21.3,Ireland,Papua New Guinea,WTS Porterfield,EC Joyce,CA Soper,0,0,,,,,,,,,
1133002,2017/18,2018-03-06,Harare Sports Club,2,21.4,Ireland,Papua New Guinea,WTS Porterfield,EC Joyce,CA Soper,0,0,,,,,,,,,
1133002,2017/18,2018-03-06,Harare Sports Club,2,21.5,Ireland,Papua New Guinea,WTS Porterfield,EC Joyce,CA Soper,0,0,,,,,,,,,
1133002,2017/18,2018-03-06,Harare Sports Club,2,21.6,Ireland,Papua New Guinea,WTS Porterfield,EC Joyce,CA Soper,4,0,,,,,,,,,
1133002,2017/18,2018-03-06,Harare Sports Club,2,22.1,Ireland,Papua New Guinea,EC Joyce,WTS Porterfield,A Nao,1,0,,,,,,,,,
1133002,2017/18,2018-03-06,Harare Sports Club,2,22.2,Ireland,Papua New Guinea,WTS Porterfield,EC Joyce,A Nao,0,1,,,,1,,,,,
1133002,2017/18,2018-03-06,Harare Sports Club,2,22.3,Ireland,Papua New Guinea,EC Joyce,WTS Porterfield,A Nao,0,0,,,,,,,,,
1133002,2017/18,2018-03-06,Harare Sports Club,2,22.4,Ireland,Papua New Guinea,EC Joyce,WTS Porterfield,A Nao,0,0,,,,,,,,,
1133002,2017/18,2018-03-06,Harare Sports Club,2,22.5,Ireland,Papua New Guinea,EC Joyce,WTS Porterfield,A Nao,0,0,,,,,,,,,
1133002,2017/18,2018-03-06,Harare Sports Club,2,22.6,Ireland,Papua New Guinea,EC Joyce,WTS Porterfield,A Nao,0,0,,,,,,,,,
1133002,2017/18,2018-03-06,Harare Sports Club,2,23.1,Ireland,Papua New Guinea,WTS Porterfield,EC Joyce,CA Soper,2,0,,,,,,,,,
1133002,2017/18,2018-03-06,Harare Sports Club,2,23.2,Ireland,Papua New Guinea,WTS Porterfield,EC Joyce,CA Soper,1,0,,,,,,,,,
1133002,2017/18,2018-03-06,Harare Sports Club,2,23.3,Ireland,Papua New Guinea,EC Joyce,WTS Porterfield,CA Soper,4,0,,,,,,,,,
1133002,2017/18,2018-03-06,Harare Sports Club,2,23.4,Ireland,Papua New Guinea,EC Joyce,WTS Porterfield,CA Soper,0,0,,,,,,,,,
1133002,2017/18,2018-03-06,Harare Sports Club,2,23.5,Ireland,Papua New Guinea,EC Joyce,WTS Porterfield,CA Soper,0,0,,,,,,,,,
1133002,2017/18,2018-03-06,Harare Sports Club,2,23.6,Ireland,Papua New Guinea,EC Joyce,WTS Porterfield,CA Soper,0,0,,,,,,,,,
1133002,2017/18,2018-03-06,Harare Sports Club,2,24.1,Ireland,Papua New Guinea,WTS Porterfield,EC Joyce,A Nao,0,0,,,,,,,,,
1133002,2017/18,2018-03-06,Harare Sports Club,2,24.2,Ireland,Papua New Guinea,WTS Porterfield,EC Joyce,A Nao,1,0,,,,,,,,,
1133002,2017/18,2018-03-06,Harare Sports Club,2,24.3,Ireland,Papua New Guinea,EC Joyce,WTS Porterfield,A Nao,1,0,,,,,,,,,
1133002,2017/18,2018-03-06,Harare Sports Club,2,24.4,Ireland,Papua New Guinea,WTS Porterfield,EC Joyce,A Nao,0,0,,,,,,,,,
1133002,2017/18,2018-03-06,Harare Sports Club,2,24.5,Ireland,Papua New Guinea,WTS Porterfield,EC Joyce,A Nao,1,0,,,,,,,,,
1133002,2017/18,2018-03-06,Harare Sports Club,2,24.6,Ireland,Papua New Guinea,EC Joyce,WTS Porterfield,A Nao,1,0,,,,,,,,,
1133002,2017/18,2018-03-06,Harare Sports Club,2,25.1,Ireland,Papua New Guinea,EC Joyce,WTS Porterfield,A Vala,1,0,,,,,,,,,
1133002,2017/18,2018-03-06,Harare Sports Club,2,25.2,Ireland,Papua New Guinea,WTS Porterfield,EC Joyce,A Vala,4,0,,,,,,,,,
1133002,2017/18,2018-03-06,Harare Sports Club,2,25.3,Ireland,Papua New Guinea,WTS Porterfield,EC Joyce,A Vala,0,0,,,,,,,,,
1133002,2017/18,2018-03-06,Harare Sports Club,2,25.4,Ireland,Papua New Guinea,WTS Porterfield,EC Joyce,A Vala,0,0,,,,,,,,,
1133002,2017/18,2018-03-06,Harare Sports Club,2,25.5,Ireland,Papua New Guinea,WTS Porterfield,EC Joyce,A Vala,1,0,,,,,,,,,
1133002,2017/18,2018-03-06,Harare Sports Club,2,25.6,Ireland,Papua New Guinea,EC Joyce,WTS Porterfield,A Vala,1,0,,,,,,,,,
1133002,2017/18,2018-03-06,Harare Sports Club,2,26.1,Ireland,Papua New Guinea,EC Joyce,WTS Porterfield,CJA Amini,1,0,,,,,,,,,
1133002,2017/18,2018-03-06,Harare Sports Club,2,26.2,Ireland,Papua New Guinea,WTS Porterfield,EC Joyce,CJA Amini,0,0,,,,,,,,,
1133002,2017/18,2018-03-06,Harare Sports Club,2,26.3,Ireland,Papua New Guinea,WTS Porterfield,EC Joyce,CJA Amini,0,0,,,,,,,,,
1133002,2017/18,2018-03-06,Harare Sports Club,2,26.4,Ireland,Papua New Guinea,WTS Porterfield,EC Joyce,CJA Amini,0,0,,,,,,,,,
1133002,2017/18,2018-03-06,Harare Sports Club,2,26.5,Ireland,Papua New Guinea,WTS Porterfield,EC Joyce,CJA Amini,2,0,,,,,,,,,
1133002,2017/18,2018-03-06,Harare Sports Club,2,26.6,Ireland,Papua New Guinea,WTS Porterfield,EC Joyce,CJA Amini,0,0,,,,,,,,,
1133002,2017/18,2018-03-06,Harare Sports Club,2,27.1,Ireland,Papua New Guinea,EC Joyce,WTS Porterfield,A Vala,0,0,,,,,,,,,
1133002,2017/18,2018-03-06,Harare Sports Club,2,27.2,Ireland,Papua New Guinea,EC Joyce,WTS Porterfield,A Vala,2,0,,,,,,,,,
1133002,2017/18,2018-03-06,Harare Sports Club,2,27.3,Ireland,Papua New Guinea,EC Joyce,WTS Porterfield,A Vala,0,0,,,,,,,,,
1133002,2017/18,2018-03-06,Harare Sports Club,2,27.4,Ireland,Papua New Guinea,EC Joyce,WTS Porterfield,A Vala,0,0,,,,,,,,,
1133002,2017/18,2018-03-06,Harare Sports Club,2,27.5,Ireland,Papua New Guinea,EC Joyce,WTS Porterfield,A Vala,1,0,,,,,,,,,
1133002,2017/18,2018-03-06,Harare Sports Club,2,27.6,Ireland,Papua New Guinea,WTS Porterfield,EC Joyce,A Vala,0,0,,,,,,,,,
1133002,2017/18,2018-03-06,Harare Sports Club,2,28.1,Ireland,Papua New Guinea,EC Joyce,WTS Porterfield,CJA Amini,2,0,,,,,,,,,
1133002,2017/18,2018-03-06,Harare Sports Club,2,28.2,Ireland,Papua New Guinea,EC Joyce,WTS Porterfield,CJA Amini,1,0,,,,,,,,,
1133002,2017/18,2018-03-06,Harare Sports Club,2,28.3,Ireland,Papua New Guinea,WTS Porterfield,EC Joyce,CJA Amini,4,0,,,,,,,,,
1133002,2017/18,2018-03-06,Harare Sports Club,2,28.4,Ireland,Papua New Guinea,WTS Porterfield,EC Joyce,CJA Amini,0,0,,,,,,,,,
1133002,2017/18,2018-03-06,Harare Sports Club,2,28.5,Ireland,Papua New Guinea,WTS Porterfield,EC Joyce,CJA Amini,4,0,,,,,,,,,
1133002,2017/18,2018-03-06,Harare Sports Club,2,28.6,Ireland,Papua New Guinea,WTS Porterfield,EC Joyce,CJA Amini,1,0,,,,,,,,,
1133002,2017/18,2018-03-06,Harare Sports Club,2,29.1,Ireland,Papua New Guinea,WTS Porterfield,EC Joyce,A Vala,1,0,,,,,,,,,
1133002,2017/18,2018-03-06,Harare Sports Club,2,29.2,Ireland,Papua New Guinea,EC Joyce,WTS Porterfield,A Vala,0,0,,,,,,,,,
1133002,2017/18,2018-03-06,Harare Sports Club,2,29.3,Ireland,Papua New Guinea,EC Joyce,WTS Porterfield,A Vala,0,0,,,,,,,,,
1133002,2017/18,2018-03-06,Harare Sports Club,2,29.4,Ireland,Papua New Guinea,EC Joyce,WTS Porterfield,A Vala,1,0,,,,,,,,,
1133002,2017/18,2018-03-06,Harare Sports Club,2,29.5,Ireland,Papua New Guinea,WTS Porterfield,EC Joyce,A Vala,1,0,,,,,,,,,
1133002,2017/18,2018-03-06,Harare Sports Club,2,29.6,Ireland,Papua New Guinea,EC Joyce,WTS Porterfield,A Vala,0,0,,,,,,,,,
1133002,2017/18,2018-03-06,Harare Sports Club,2,30.1,Ireland,Papua New Guinea,WTS Porterfield,EC Joyce,N Vanua,1,0,,,,,,,,,
1133002,2017/18,2018-03-06,Harare Sports Club,2,30.2,Ireland,Papua New Guinea,EC Joyce,WTS Porterfield,N Vanua,2,0,,,,,,,,,
1133002,2017/18,2018-03-06,Harare Sports Club,2,30.3,Ireland,Papua New Guinea,EC Joyce,WTS Porterfield,N Vanua,1,0,,,,,,,,,
1133002,2017/18,2018-03-06,Harare Sports Club,2,30.4,Ireland,Papua New Guinea,WTS Porterfield,EC Joyce,N Vanua,0,0,,,,,,,,,
1133002,2017/18,2018-03-06,Harare Sports Club,2,30.5,Ireland,Papua New Guinea,WTS Porterfield,EC Joyce,N Vanua,0,1,,,,1,,,,,
1133002,2017/18,2018-03-06,Harare Sports Club,2,30.6,Ireland,Papua New Guinea,EC Joyce,WTS Porterfield,N Vanua,1,0,,,,,,,,,
1133002,2017/18,2018-03-06,Harare Sports Club,2,31.1,Ireland,Papua New Guinea,EC Joyce,WTS Porterfield,MD Dai,0,0,,,,,,,,,
1133002,2017/18,2018-03-06,Harare Sports Club,2,31.2,Ireland,Papua New Guinea,EC Joyce,WTS Porterfield,MD Dai,0,0,,,,,,,,,
1133002,2017/18,2018-03-06,Harare Sports Club,2,31.3,Ireland,Papua New Guinea,EC Joyce,WTS Porterfield,MD Dai,1,0,,,,,,,,,
1133002,2017/18,2018-03-06,Harare Sports Club,2,31.4,Ireland,Papua New Guinea,WTS Porterfield,EC Joyce,MD Dai,0,0,,,,,,,,,
1133002,2017/18,2018-03-06,Harare Sports Club,2,31.5,Ireland,Papua New Guinea,WTS Porterfield,EC Joyce,MD Dai,1,0,,,,,,,,,
1133002,2017/18,2018-03-06,Harare Sports Club,2,31.6,Ireland,Papua New Guinea,EC Joyce,WTS Porterfield,MD Dai,0,0,,,,,,,,,
1133002,2017/18,2018-03-06,Harare Sports Club,2,32.1,Ireland,Papua New Guinea,WTS Porterfield,EC Joyce,N Vanua,1,0,,,,,,,,,
1133002,2017/18,2018-03-06,Harare Sports Club,2,32.2,Ireland,Papua New Guinea,EC Joyce,WTS Porterfield,N Vanua,1,0,,,,,,,,,
1133002,2017/18,2018-03-06,Harare Sports Club,2,32.3,Ireland,Papua New Guinea,WTS Porterfield,EC Joyce,N Vanua,2,0,,,,,,,,,
1133002,2017/18,2018-03-06,Harare Sports Club,2,32.4,Ireland,Papua New Guinea,WTS Porterfield,EC Joyce,N Vanua,1,0,,,,,,,,,
1133002,2017/18,2018-03-06,Harare Sports Club,2,32.5,Ireland,Papua New Guinea,EC Joyce,WTS Porterfield,N Vanua,0,0,,,,,,,,,
1133002,2017/18,2018-03-06,Harare Sports Club,2,32.6,Ireland,Papua New Guinea,EC Joyce,WTS Porterfield,N Vanua,4,0,,,,,,,,,
1133002,2017/18,2018-03-06,Harare Sports Club,2,33.1,Ireland,Papua New Guinea,WTS Porterfield,EC Joyce,MD Dai,1,0,,,,,,,,,
1133002,2017/18,2018-03-06,Harare Sports Club,2,33.2,Ireland,Papua New Guinea,EC Joyce,WTS Porterfield,MD Dai,1,0,,,,,,,,,
1133002,2017/18,2018-03-06,Harare Sports Club,2,33.3,Ireland,Papua New Guinea,WTS Porterfield,EC Joyce,MD Dai,0,0,,,,,,,,,
1133002,2017/18,2018-03-06,Harare Sports Club,2,33.4,Ireland,Papua New Guinea,WTS Porterfield,EC Joyce,MD Dai,0,0,,,,,,,,,
1133002,2017/18,2018-03-06,Harare Sports Club,2,33.5,Ireland,Papua New Guinea,WTS Porterfield,EC Joyce,MD Dai,0,0,,,,,,,,,
1133002,2017/18,2018-03-06,Harare Sports Club,2,33.6,Ireland,Papua New Guinea,WTS Porterfield,EC Joyce,MD Dai,1,0,,,,,,,,,
1133002,2017/18,2018-03-06,Harare Sports Club,2,34.1,Ireland,Papua New Guinea,WTS Porterfield,EC Joyce,N Vanua,1,0,,,,,,,,,
1133002,2017/18,2018-03-06,Harare Sports Club,2,34.2,Ireland,Papua New Guinea,EC Joyce,WTS Porterfield,N Vanua,1,0,,,,,,,,,
1133002,2017/18,2018-03-06,Harare Sports Club,2,34.3,Ireland,Papua New Guinea,WTS Porterfield,EC Joyce,N Vanua,1,0,,,,,,,,,
1133002,2017/18,2018-03-06,Harare Sports Club,2,34.4,Ireland,Papua New Guinea,EC Joyce,WTS Porterfield,N Vanua,0,0,,,,,,,,,
1133002,2017/18,2018-03-06,Harare Sports Club,2,34.5,Ireland,Papua New Guinea,EC Joyce,WTS Porterfield,N Vanua,1,0,,,,,,,,,
1133002,2017/18,2018-03-06,Harare Sports Club,2,34.6,Ireland,Papua New Guinea,WTS Porterfield,EC Joyce,N Vanua,1,0,,,,,,,,,
1133002,2017/18,2018-03-06,Harare Sports Club,2,35.1,Ireland,Papua New Guinea,WTS Porterfield,EC Joyce,MD Dai,0,0,,,,,,,,,
1133002,2017/18,2018-03-06,Harare Sports Club,2,35.2,Ireland,Papua New Guinea,WTS Porterfield,EC Joyce,MD Dai,1,0,,,,,,,,,
1133002,2017/18,2018-03-06,Harare Sports Club,2,35.3,Ireland,Papua New Guinea,EC Joyce,WTS Porterfield,MD Dai,0,0,,,,,,,,,
1133002,2017/18,2018-03-06,Harare Sports Club,2,35.4,Ireland,Papua New Guinea,EC Joyce,WTS Porterfield,MD Dai,1,0,,,,,,,,,
1133002,2017/18,2018-03-06,Harare Sports Club,2,35.5,Ireland,Papua New Guinea,WTS Porterfield,EC Joyce,MD Dai,1,0,,,,,,,,,
1133002,2017/18,2018-03-06,Harare Sports Club,2,35.6,Ireland,Papua New Guinea,EC Joyce,WTS Porterfield,MD Dai,2,0,,,,,,,,,
1133002,2017/18,2018-03-06,Harare Sports Club,2,36.1,Ireland,Papua New Guinea,WTS Porterfield,EC Joyce,A Vala,0,0,,,,,,,,,
1133002,2017/18,2018-03-06,Harare Sports Club,2,36.2,Ireland,Papua New Guinea,WTS Porterfield,EC Joyce,A Vala,1,0,,,,,,,,,
1133002,2017/18,2018-03-06,Harare Sports Club,2,36.3,Ireland,Papua New Guinea,EC Joyce,WTS Porterfield,A Vala,1,0,,,,,,,,,
1133002,2017/18,2018-03-06,Harare Sports Club,2,36.4,Ireland,Papua New Guinea,WTS Porterfield,EC Joyce,A Vala,4,0,,,,,,,,,
1133002,2017/18,2018-03-06,Harare Sports Club,2,36.5,Ireland,Papua New Guinea,WTS Porterfield,EC Joyce,A Vala,0,0,,,,,,,,,
1133002,2017/18,2018-03-06,Harare Sports Club,2,36.6,Ireland,Papua New Guinea,WTS Porterfield,EC Joyce,A Vala,2,0,,,,,,,,,
1133002,2017/18,2018-03-06,Harare Sports Club,2,37.1,Ireland,Papua New Guinea,EC Joyce,WTS Porterfield,MD Dai,0,0,,,,,,caught,EC Joyce,,
1133002,2017/18,2018-03-06,Harare Sports Club,2,37.2,Ireland,Papua New Guinea,WTS Porterfield,NJ O'Brien,MD Dai,0,0,,,,,,,,,
1133002,2017/18,2018-03-06,Harare Sports Club,2,37.3,Ireland,Papua New Guinea,WTS Porterfield,NJ O'Brien,MD Dai,1,0,,,,,,,,,
1133002,2017/18,2018-03-06,Harare Sports Club,2,37.4,Ireland,Papua New Guinea,NJ O'Brien,WTS Porterfield,MD Dai,0,0,,,,,,,,,
1133002,2017/18,2018-03-06,Harare Sports Club,2,37.5,Ireland,Papua New Guinea,NJ O'Brien,WTS Porterfield,MD Dai,1,0,,,,,,,,,
1133002,2017/18,2018-03-06,Harare Sports Club,2,37.6,Ireland,Papua New Guinea,WTS Porterfield,NJ O'Brien,MD Dai,1,0,,,,,,,,,
1133002,2017/18,2018-03-06,Harare Sports Club,2,38.1,Ireland,Papua New Guinea,WTS Porterfield,NJ O'Brien,A Vala,0,0,,,,,,,,,
1133002,2017/18,2018-03-06,Harare Sports Club,2,38.2,Ireland,Papua New Guinea,WTS Porterfield,NJ O'Brien,A Vala,1,0,,,,,,,,,
1133002,2017/18,2018-03-06,Harare Sports Club,2,38.3,Ireland,Papua New Guinea,NJ O'Brien,WTS Porterfield,A Vala,0,0,,,,,,lbw,NJ O'Brien,,
1133002,2017/18,2018-03-06,Harare Sports Club,2,38.4,Ireland,Papua New Guinea,KJ O'Brien,WTS Porterfield,A Vala,1,0,,,,,,,,,
1133002,2017/18,2018-03-06,Harare Sports Club,2,38.5,Ireland,Papua New Guinea,WTS Porterfield,KJ O'Brien,A Vala,0,0,,,,,,,,,
1133002,2017/18,2018-03-06,Harare Sports Club,2,38.6,Ireland,Papua New Guinea,WTS Porterfield,KJ O'Brien,A Vala,1,0,,,,,,,,,
1133002,2017/18,2018-03-06,Harare Sports Club,2,39.1,Ireland,Papua New Guinea,WTS Porterfield,KJ O'Brien,CA Soper,0,0,,,,,,,,,
1133002,2017/18,2018-03-06,Harare Sports Club,2,39.2,Ireland,Papua New Guinea,WTS Porterfield,KJ O'Brien,CA Soper,0,0,,,,,,,,,
1133002,2017/18,2018-03-06,Harare Sports Club,2,39.3,Ireland,Papua New Guinea,WTS Porterfield,KJ O'Brien,CA Soper,4,0,,,,,,,,,
1133002,2017/18,2018-03-06,Harare Sports Club,2,39.4,Ireland,Papua New Guinea,WTS Porterfield,KJ O'Brien,CA Soper,0,0,,,,,,,,,
1133002,2017/18,2018-03-06,Harare Sports Club,2,39.5,Ireland,Papua New Guinea,WTS Porterfield,KJ O'Brien,CA Soper,1,0,,,,,,,,,
1133002,2017/18,2018-03-06,Harare Sports Club,2,39.6,Ireland,Papua New Guinea,KJ O'Brien,WTS Porterfield,CA Soper,1,0,,,,,,,,,
1133002,2017/18,2018-03-06,Harare Sports Club,2,40.1,Ireland,Papua New Guinea,KJ O'Brien,WTS Porterfield,N Vanua,1,0,,,,,,,,,
1133002,2017/18,2018-03-06,Harare Sports Club,2,40.2,Ireland,Papua New Guinea,WTS Porterfield,KJ O'Brien,N Vanua,0,0,,,,,,,,,
1133002,2017/18,2018-03-06,Harare Sports Club,2,40.3,Ireland,Papua New Guinea,WTS Porterfield,KJ O'Brien,N Vanua,0,0,,,,,,,,,
1133002,2017/18,2018-03-06,Harare Sports Club,2,40.4,Ireland,Papua New Guinea,WTS Porterfield,KJ O'Brien,N Vanua,1,0,,,,,,,,,
1133002,2017/18,2018-03-06,Harare Sports Club,2,40.5,Ireland,Papua New Guinea,KJ O'Brien,WTS Porterfield,N Vanua,0,0,,,,,,,,,
1133002,2017/18,2018-03-06,Harare Sports Club,2,40.6,Ireland,Papua New Guinea,KJ O'Brien,WTS Porterfield,N Vanua,1,0,,,,,,,,,
1133002,2017/18,2018-03-06,Harare Sports Club,2,41.1,Ireland,Papua New Guinea,KJ O'Brien,WTS Porterfield,CA Soper,1,0,,,,,,,,,
1133002,2017/18,2018-03-06,Harare Sports Club,2,41.2,Ireland,Papua New Guinea,WTS Porterfield,KJ O'Brien,CA Soper,0,0,,,,,,,,,
1133002,2017/18,2018-03-06,Harare Sports Club,2,41.3,Ireland,Papua New Guinea,WTS Porterfield,KJ O'Brien,CA Soper,1,0,,,,,,,,,
1133002,2017/18,2018-03-06,Harare Sports Club,2,41.4,Ireland,Papua New Guinea,KJ O'Brien,WTS Porterfield,CA Soper,1,0,,,,,,,,,
1133002,2017/18,2018-03-06,Harare Sports Club,2,41.5,Ireland,Papua New Guinea,WTS Porterfield,KJ O'Brien,CA Soper,1,0,,,,,,,,,
1133002,2017/18,2018-03-06,Harare Sports Club,2,41.6,Ireland,Papua New Guinea,KJ O'Brien,WTS Porterfield,CA Soper,2,0,,,,,,,,,
1133002,2017/18,2018-03-06,Harare Sports Club,2,42.1,Ireland,Papua New Guinea,WTS Porterfield,KJ O'Brien,N Vanua,0,0,,,,,,,,,
1133002,2017/18,2018-03-06,Harare Sports Club,2,42.2,Ireland,Papua New Guinea,WTS Porterfield,KJ O'Brien,N Vanua,1,0,,,,,,,,,
1133002,2017/18,2018-03-06,Harare Sports Club,2,42.3,Ireland,Papua New Guinea,KJ O'Brien,WTS Porterfield,N Vanua,1,0,,,,,,,,,
1133002,2017/18,2018-03-06,Harare Sports Club,2,42.4,Ireland,Papua New Guinea,WTS Porterfield,KJ O'Brien,N Vanua,2,0,,,,,,,,,
1133002,2017/18,2018-03-06,Harare Sports Club,2,42.5,Ireland,Papua New Guinea,WTS Porterfield,KJ O'Brien,N Vanua,2,0,,,,,,,,,
1133002,2017/18,2018-03-06,Harare Sports Club,2,42.6,Ireland,Papua New Guinea,WTS Porterfield,KJ O'Brien,N Vanua,1,0,,,,,,,,,
1133002,2017/18,2018-03-06,Harare Sports Club,2,43.1,Ireland,Papua New Guinea,WTS Porterfield,KJ O'Brien,A Nao,0,0,,,,,,,,,
1133002,2017/18,2018-03-06,Harare Sports Club,2,43.2,Ireland,Papua New Guinea,WTS Porterfield,KJ O'Brien,A Nao,0,0,,,,,,caught,WTS Porterfield,,
1133002,2017/18,2018-03-06,Harare Sports Club,2,43.3,Ireland,Papua New Guinea,GC Wilson,KJ O'Brien,A Nao,0,0,,,,,,,,,
1133002,2017/18,2018-03-06,Harare Sports Club,2,43.4,Ireland,Papua New Guinea,GC Wilson,KJ O'Brien,A Nao,0,0,,,,,,,,,
1133002,2017/18,2018-03-06,Harare Sports Club,2,43.5,Ireland,Papua New Guinea,GC Wilson,KJ O'Brien,A Nao,1,0,,,,,,,,,
1133002,2017/18,2018-03-06,Harare Sports Club,2,43.6,Ireland,Papua New Guinea,KJ O'Brien,GC Wilson,A Nao,1,0,,,,,,,,,
1133002,2017/18,2018-03-06,Harare Sports Club,2,44.1,Ireland,Papua New Guinea,KJ O'Brien,GC Wilson,N Vanua,2,0,,,,,,,,,
1133002,2017/18,2018-03-06,Harare Sports Club,2,44.2,Ireland,Papua New Guinea,KJ O'Brien,GC Wilson,N Vanua,0,0,,,,,,bowled,KJ O'Brien,,
1133002,2017/18,2018-03-06,Harare Sports Club,2,44.3,Ireland,Papua New Guinea,GH Dockrell,GC Wilson,N Vanua,0,0,,,,,,,,,
1133002,2017/18,2018-03-06,Harare Sports Club,2,44.4,Ireland,Papua New Guinea,GH Dockrell,GC Wilson,N Vanua,0,0,,,,,,,,,
1133002,2017/18,2018-03-06,Harare Sports Club,2,44.5,Ireland,Papua New Guinea,GH Dockrell,GC Wilson,N Vanua,0,0,,,,,,,,,
1133002,2017/18,2018-03-06,Harare Sports Club,2,44.6,Ireland,Papua New Guinea,GH Dockrell,GC Wilson,N Vanua,0,0,,,,,,,,,
1133002,2017/18,2018-03-06,Harare Sports Club,2,45.1,Ireland,Papua New Guinea,GC Wilson,GH Dockrell,A Nao,1,0,,,,,,,,,
1133002,2017/18,2018-03-06,Harare Sports Club,2,45.2,Ireland,Papua New Guinea,GH Dockrell,GC Wilson,A Nao,0,0,,,,,,,,,
1133002,2017/18,2018-03-06,Harare Sports Club,2,45.3,Ireland,Papua New Guinea,GH Dockrell,GC Wilson,A Nao,0,2,2,,,,,,,,
1133002,2017/18,2018-03-06,Harare Sports Club,2,45.4,Ireland,Papua New Guinea,GC Wilson,GH Dockrell,A Nao,0,0,,,,,,,,,
1133002,2017/18,2018-03-06,Harare Sports Club,2,45.5,Ireland,Papua New Guinea,GC Wilson,GH Dockrell,A Nao,1,0,,,,,,,,,
1133002,2017/18,2018-03-06,Harare Sports Club,2,45.6,Ireland,Papua New Guinea,GH Dockrell,GC Wilson,A Nao,1,0,,,,,,,,,
1133002,2017/18,2018-03-06,Harare Sports Club,2,45.7,Ireland,Papua New Guinea,GC Wilson,GH Dockrell,A Nao,0,0,,,,,,,,,
1133002,2017/18,2018-03-06,Harare Sports Club,2,46.1,Ireland,Papua New Guinea,GH Dockrell,GC Wilson,N Vanua,1,0,,,,,,,,,
1133002,2017/18,2018-03-06,Harare Sports Club,2,46.2,Ireland,Papua New Guinea,GC Wilson,GH Dockrell,N Vanua,1,0,,,,,,,,,
1133002,2017/18,2018-03-06,Harare Sports Club,2,46.3,Ireland,Papua New Guinea,GH Dockrell,GC Wilson,N Vanua,1,0,,,,,,,,,
1133002,2017/18,2018-03-06,Harare Sports Club,2,46.4,Ireland,Papua New Guinea,GC Wilson,GH Dockrell,N Vanua,0,0,,,,,,,,,
1133002,2017/18,2018-03-06,Harare Sports Club,2,46.5,Ireland,Papua New Guinea,GC Wilson,GH Dockrell,N Vanua,0,0,,,,,,,,,
1133002,2017/18,2018-03-06,Harare Sports Club,2,46.6,Ireland,Papua New Guinea,GC Wilson,GH Dockrell,N Vanua,2,0,,,,,,,,,
1133002,2017/18,2018-03-06,Harare Sports Club,2,47.1,Ireland,Papua New Guinea,GH Dockrell,GC Wilson,A Nao,0,0,,,,,,,,,
1133002,2017/18,2018-03-06,Harare Sports Club,2,47.2,Ireland,Papua New Guinea,GH Dockrell,GC Wilson,A Nao,0,0,,,,,,,,,
1133002,2017/18,2018-03-06,Harare Sports Club,2,47.3,Ireland,Papua New Guinea,GH Dockrell,GC Wilson,A Nao,0,0,,,,,,,,,
1133002,2017/18,2018-03-06,Harare Sports Club,2,47.4,Ireland,Papua New Guinea,GH Dockrell,GC Wilson,A Nao,1,0,,,,,,,,,
1133002,2017/18,2018-03-06,Harare Sports Club,2,47.5,Ireland,Papua New Guinea,GC Wilson,GH Dockrell,A Nao,0,0,,,,,,,,,
1133002,2017/18,2018-03-06,Harare Sports Club,2,47.6,Ireland,Papua New Guinea,GC Wilson,GH Dockrell,A Nao,1,0,,,,,,,,,
1133002,2017/18,2018-03-06,Harare Sports Club,2,48.1,Ireland,Papua New Guinea,GC Wilson,GH Dockrell,N Vanua,1,0,,,,,,,,,
1133002,2017/18,2018-03-06,Harare Sports Club,2,48.2,Ireland,Papua New Guinea,GH Dockrell,GC Wilson,N Vanua,0,0,,,,,,,,,
1133002,2017/18,2018-03-06,Harare Sports Club,2,48.3,Ireland,Papua New Guinea,GH Dockrell,GC Wilson,N Vanua,0,0,,,,,,,,,
1133002,2017/18,2018-03-06,Harare Sports Club,2,48.4,Ireland,Papua New Guinea,GH Dockrell,GC Wilson,N Vanua,4,0,,,,,,,,,
1133002,2017/18,2018-03-06,Harare Sports Club,2,48.5,Ireland,Papua New Guinea,GH Dockrell,GC Wilson,N Vanua,0,0,,,,,,,,,
1133002,2017/18,2018-03-06,Harare Sports Club,2,48.6,Ireland,Papua New Guinea,GH Dockrell,GC Wilson,N Vanua,0,0,,,,,,,,,
1133002,2017/18,2018-03-06,Harare Sports Club,2,49.1,Ireland,Papua New Guinea,GC Wilson,GH Dockrell,A Nao,4,0,,,,,,,,,
