match_id,season,start_date,venue,innings,ball,batting_team,bowling_team,striker,non_striker,bowler,runs_off_bat,extras,wides,noballs,byes,legbyes,penalty,wicket_type,player_dismissed,other_wicket_type,other_player_dismissed
1134540,2017/18,2018-03-04,Harare Sports Club,1,0.1,United Arab Emirates,Papua New Guinea,Rohan Mustafa,Ashfaq Ahmed,A Nao,0,0,,,,,,,,,
1134540,2017/18,2018-03-04,Harare Sports Club,1,0.2,United Arab Emirates,Papua New Guinea,Rohan Mustafa,Ashfaq Ahmed,A Nao,1,0,,,,,,,,,
1134540,2017/18,2018-03-04,Harare Sports Club,1,0.3,United Arab Emirates,Papua New Guinea,Ashfaq Ahmed,Rohan Mustafa,A Nao,0,0,,,,,,,,,
1134540,2017/18,2018-03-04,Harare Sports Club,1,0.4,United Arab Emirates,Papua New Guinea,Ashfaq Ahmed,Rohan Mustafa,A Nao,1,0,,,,,,,,,
1134540,2017/18,2018-03-04,Harare Sports Club,1,0.5,United Arab Emirates,Papua New Guinea,Rohan Mustafa,Ashfaq Ahmed,A Nao,0,0,,,,,,,,,
1134540,2017/18,2018-03-04,Harare Sports Club,1,0.6,United Arab Emirates,Papua New Guinea,Rohan Mustafa,Ashfaq Ahmed,A Nao,0,0,,,,,,,,,
1134540,2017/18,2018-03-04,Harare Sports Club,1,1.1,United Arab Emirates,Papua New Guinea,Ashfaq Ahmed,Rohan Mustafa,N Vanua,1,0,,,,,,,,,
1134540,2017/18,2018-03-04,Harare Sports Club,1,1.2,United Arab Emirates,Papua New Guinea,Rohan Mustafa,Ashfaq Ahmed,N Vanua,1,0,,,,,,,,,
1134540,2017/18,2018-03-04,Harare Sports Club,1,1.3,United Arab Emirates,Papua New Guinea,Ashfaq Ahmed,Rohan Mustafa,N Vanua,0,2,,,,2,,,,,
1134540,2017/18,2018-03-04,Harare Sports Club,1,1.4,United Arab Emirates,Papua New Guinea,Ashfaq Ahmed,Rohan Mustafa,N Vanua,2,0,,,,,,,,,
1134540,2017/18,2018-03-04,Harare Sports Club,1,1.5,United Arab Emirates,Papua New Guinea,Ashfaq Ahmed,Rohan Mustafa,N Vanua,4,0,,,,,,,,,
1134540,2017/18,2018-03-04,Harare Sports Club,1,1.6,United Arab Emirates,Papua New Guinea,Ashfaq Ahmed,Rohan Mustafa,N Vanua,1,0,,,,,,,,,
1134540,2017/18,2018-03-04,Harare Sports Club,1,2.1,United Arab Emirates,Papua New Guinea,Ashfaq Ahmed,Rohan Mustafa,A Nao,0,0,,,,,,,,,
1134540,2017/18,2018-03-04,Harare Sports Club,1,2.2,United Arab Emirates,Papua New Guinea,Ashfaq Ahmed,Rohan Mustafa,A Nao,0,0,,,,,,,,,
1134540,2017/18,2018-03-04,Harare Sports Club,1,2.3,United Arab Emirates,Papua New Guinea,Ashfaq Ahmed,Rohan Mustafa,A Nao,0,1,,,,1,,,,,
1134540,2017/18,2018-03-04,Harare Sports Club,1,2.4,United Arab Emirates,Papua New Guinea,Rohan Mustafa,Ashfaq Ahmed,A Nao,0,0,,,,,,,,,
1134540,2017/18,2018-03-04,Harare Sports Club,1,2.5,United Arab Emirates,Papua New Guinea,Rohan Mustafa,Ashfaq Ahmed,A Nao,0,0,,,,,,,,,
1134540,2017/18,2018-03-04,Harare Sports Club,1,2.6,United Arab Emirates,Papua New Guinea,Rohan Mustafa,Ashfaq Ahmed,A Nao,0,0,,,,,,,,,
1134540,2017/18,2018-03-04,Harare Sports Club,1,3.1,United Arab Emirates,Papua New Guinea,Ashfaq Ahmed,Rohan Mustafa,N Vanua,0,0,,,,,,,,,
1134540,2017/18,2018-03-04,Harare Sports Club,1,3.2,United Arab Emirates,Papua New Guinea,Ashfaq Ahmed,Rohan Mustafa,N Vanua,0,0,,,,,,,,,
1134540,2017/18,2018-03-04,Harare Sports Club,1,3.3,United Arab Emirates,Papua New Guinea,Ashfaq Ahmed,Rohan Mustafa,N Vanua,0,0,,,,,,,,,
1134540,2017/18,2018-03-04,Harare Sports Club,1,3.4,United Arab Emirates,Papua New Guinea,Ashfaq Ahmed,Rohan Mustafa,N Vanua,0,0,,,,,,,,,
1134540,2017/18,2018-03-04,Harare Sports Club,1,3.5,United Arab Emirates,Papua New Guinea,Ashfaq Ahmed,Rohan Mustafa,N Vanua,0,0,,,,,,,,,
1134540,2017/18,2018-03-04,Harare Sports Club,1,3.6,United Arab Emirates,Papua New Guinea,Ashfaq Ahmed,Rohan Mustafa,N Vanua,0,0,,,,,,,,,
1134540,2017/18,2018-03-04,Harare Sports Club,1,4.1,United Arab Emirates,Papua New Guinea,Rohan Mustafa,Ashfaq Ahmed,A Nao,1,0,,,,,,,,,
1134540,2017/18,2018-03-04,Harare Sports Club,1,4.2,United Arab Emirates,Papua New Guinea,Ashfaq Ahmed,Rohan Mustafa,A Nao,0,0,,,,,,,,,
1134540,2017/18,2018-03-04,Harare Sports Club,1,4.3,United Arab Emirates,Papua New Guinea,Ashfaq Ahmed,Rohan Mustafa,A Nao,2,0,,,,,,,,,
1134540,2017/18,2018-03-04,Harare Sports Club,1,4.4,United Arab Emirates,Papua New Guinea,Ashfaq Ahmed,Rohan Mustafa,A Nao,0,0,,,,,,,,,
1134540,2017/18,2018-03-04,Harare Sports Club,1,4.5,United Arab Emirates,Papua New Guinea,Ashfaq Ahmed,Rohan Mustafa,A Nao,6,0,,,,,,,,,
1134540,2017/18,2018-03-04,Harare Sports Club,1,4.6,United Arab Emirates,Papua New Guinea,Ashfaq Ahmed,Rohan Mustafa,A Nao,0,0,,,,,,,,,
1134540,2017/18,2018-03-04,Harare Sports Club,1,5.1,United Arab Emirates,Papua New Guinea,Rohan Mustafa,Ashfaq Ahmed,MD Dai,0,1,,,,1,,,,,
1134540,2017/18,2018-03-04,Harare Sports Club,1,5.2,United Arab Emirates,Papua New Guinea,Ashfaq Ahmed,Rohan Mustafa,MD Dai,4,0,,,,,,,,,
1134540,2017/18,2018-03-04,Harare Sports Club,1,5.3,United Arab Emirates,Papua New Guinea,Ashfaq Ahmed,Rohan Mustafa,MD Dai,1,0,,,,,,,,,
1134540,2017/18,2018-03-04,Harare Sports Club,1,5.4,United Arab Emirates,Papua New Guinea,Rohan Mustafa,Ashfaq Ahmed,MD Dai,0,0,,,,,,,,,
1134540,2017/18,2018-03-04,Harare Sports Club,1,5.5,United Arab Emirates,Papua New Guinea,Rohan Mustafa,Ashfaq Ahmed,MD Dai,0,0,,,,,,,,,
1134540,2017/18,2018-03-04,Harare Sports Club,1,5.6,United Arab Emirates,Papua New Guinea,Rohan Mustafa,Ashfaq Ahmed,MD Dai,0,0,,,,,,,,,
1134540,2017/18,2018-03-04,Harare Sports Club,1,6.1,United Arab Emirates,Papua New Guinea,Ashfaq Ahmed,Rohan Mustafa,CA Soper,1,0,,,,,,,,,
1134540,2017/18,2018-03-04,Harare Sports Club,1,6.2,United Arab Emirates,Papua New Guinea,Rohan Mustafa,Ashfaq Ahmed,CA Soper,0,0,,,,,,,,,
1134540,2017/18,2018-03-04,Harare Sports Club,1,6.3,United Arab Emirates,Papua New Guinea,Rohan Mustafa,Ashfaq Ahmed,CA Soper,0,1,1,,,,,,,,
1134540,2017/18,2018-03-04,Harare Sports Club,1,6.4,United Arab Emirates,Papua New Guinea,Rohan Mustafa,Ashfaq Ahmed,CA Soper,0,0,,,,,,,,,
1134540,2017/18,2018-03-04,Harare Sports Club,1,6.5,United Arab Emirates,Papua New Guinea,Rohan Mustafa,Ashfaq Ahmed,CA Soper,0,0,,,,,,,,,
1134540,2017/18,2018-03-04,Harare Sports Club,1,6.6,United Arab Emirates,Papua New Guinea,Rohan Mustafa,Ashfaq Ahmed,CA Soper,0,0,,,,,,,,,
1134540,2017/18,2018-03-04,Harare Sports Club,1,6.7,United Arab Emirates,Papua New Guinea,Rohan Mustafa,Ashfaq Ahmed,CA Soper,1,0,,,,,,,,,
1134540,2017/18,2018-03-04,Harare Sports Club,1,7.1,United Arab Emirates,Papua New Guinea,Rohan Mustafa,Ashfaq Ahmed,MD Dai,0,0,,,,,,,,,
1134540,2017/18,2018-03-04,Harare Sports Club,1,7.2,United Arab Emirates,Papua New Guinea,Rohan Mustafa,Ashfaq Ahmed,MD Dai,0,0,,,,,,,,,
1134540,2017/18,2018-03-04,Harare Sports Club,1,7.3,United Arab Emirates,Papua New Guinea,Rohan Mustafa,Ashfaq Ahmed,MD Dai,0,0,,,,,,,,,
1134540,2017/18,2018-03-04,Harare Sports Club,1,7.4,United Arab Emirates,Papua New Guinea,Rohan Mustafa,Ashfaq Ahmed,MD Dai,0,0,,,,,,,,,
1134540,2017/18,2018-03-04,Harare Sports Club,1,7.5,United Arab Emirates,Papua New Guinea,Rohan Mustafa,Ashfaq Ahmed,MD Dai,1,0,,,,,,,,,
1134540,2017/18,2018-03-04,Harare Sports Club,1,7.6,United Arab Emirates,Papua New Guinea,Ashfaq Ahmed,Rohan Mustafa,MD Dai,0,0,,,,,,,,,
1134540,2017/18,2018-03-04,Harare Sports Club,1,8.1,United Arab Emirates,Papua New Guinea,Rohan Mustafa,Ashfaq Ahmed,CA Soper,6,0,,,,,,,,,
1134540,2017/18,2018-03-04,Harare Sports Club,1,8.2,United Arab Emirates,Papua New Guinea,Rohan Mustafa,Ashfaq Ahmed,CA Soper,4,0,,,,,,,,,
1134540,2017/18,2018-03-04,Harare Sports Club,1,8.3,United Arab Emirates,Papua New Guinea,Rohan Mustafa,Ashfaq Ahmed,CA Soper,0,0,,,,,,,,,
1134540,2017/18,2018-03-04,Harare Sports Club,1,8.4,United Arab Emirates,Papua New Guinea,Rohan Mustafa,Ashfaq Ahmed,CA Soper,4,0,,,,,,,,,
1134540,2017/18,2018-03-04,Harare Sports Club,1,8.5,United Arab Emirates,Papua New Guinea,Rohan Mustafa,Ashfaq Ahmed,CA Soper,0,0,,,,,,,,,
1134540,2017/18,2018-03-04,Harare Sports Club,1,8.6,United Arab Emirates,Papua New Guinea,Rohan Mustafa,Ashfaq Ahmed,CA Soper,0,0,,,,,,,,,
1134540,2017/18,2018-03-04,Harare Sports Club,1,9.1,United Arab Emirates,Papua New Guinea,Ashfaq Ahmed,Rohan Mustafa,MD Dai,4,0,,,,,,,,,
1134540,2017/18,2018-03-04,Harare Sports Club,1,9.2,United Arab Emirates,Papua New Guinea,Ashfaq Ahmed,Rohan Mustafa,MD Dai,0,0,,,,,,,,,
1134540,2017/18,2018-03-04,Harare Sports Club,1,9.3,United Arab Emirates,Papua New Guinea,Ashfaq Ahmed,Rohan Mustafa,MD Dai,1,0,,,,,,,,,
1134540,2017/18,2018-03-04,Harare Sports Club,1,9.4,United Arab Emirates,Papua New Guinea,Rohan Mustafa,Ashfaq Ahmed,MD Dai,0,0,,,,,,,,,
1134540,2017/18,2018-03-04,Harare Sports Club,1,9.5,United Arab Emirates,Papua New Guinea,Rohan Mustafa,Ashfaq Ahmed,MD Dai,0,0,,,,,,,,,
1134540,2017/18,2018-03-04,Harare Sports Club,1,9.6,United Arab Emirates,Papua New Guinea,Rohan Mustafa,Ashfaq Ahmed,MD Dai,0,0,,,,,,,,,
1134540,2017/18,2018-03-04,Harare Sports Club,1,10.1,United Arab Emirates,Papua New Guinea,Ashfaq Ahmed,Rohan Mustafa,J Kila,1,0,,,,,,,,,
1134540,2017/18,2018-03-04,Harare Sports Club,1,10.2,United Arab Emirates,Papua New Guinea,Rohan Mustafa,Ashfaq Ahmed,J Kila,1,0,,,,,,,,,
1134540,2017/18,2018-03-04,Harare Sports Club,1,10.3,United Arab Emirates,Papua New Guinea,Ashfaq Ahmed,Rohan Mustafa,J Kila,0,0,,,,,,,,,
1134540,2017/18,2018-03-04,Harare Sports Club,1,10.4,United Arab Emirates,Papua New Guinea,Ashfaq Ahmed,Rohan Mustafa,J Kila,1,0,,,,,,,,,
1134540,2017/18,2018-03-04,Harare Sports Club,1,10.5,United Arab Emirates,Papua New Guinea,Rohan Mustafa,Ashfaq Ahmed,J Kila,1,0,,,,,,,,,
1134540,2017/18,2018-03-04,Harare Sports Club,1,10.6,United Arab Emirates,Papua New Guinea,Ashfaq Ahmed,Rohan Mustafa,J Kila,1,1,,1,,,,,,,
1134540,2017/18,2018-03-04,Harare Sports Club,1,10.7,United Arab Emirates,Papua New Guinea,Rohan Mustafa,Ashfaq Ahmed,J Kila,2,0,,,,,,,,,
1134540,2017/18,2018-03-04,Harare Sports Club,1,11.1,United Arab Emirates,Papua New Guinea,Ashfaq Ahmed,Rohan Mustafa,A Vala,0,0,,,,,,,,,
1134540,2017/18,2018-03-04,Harare Sports Club,1,11.2,United Arab Emirates,Papua New Guinea,Ashfaq Ahmed,Rohan Mustafa,A Vala,4,0,,,,,,,,,
1134540,2017/18,2018-03-04,Harare Sports Club,1,11.3,United Arab Emirates,Papua New Guinea,Ashfaq Ahmed,Rohan Mustafa,A Vala,0,0,,,,,,,,,
1134540,2017/18,2018-03-04,Harare Sports Club,1,11.4,United Arab Emirates,Papua New Guinea,Ashfaq Ahmed,Rohan Mustafa,A Vala,0,0,,,,,,,,,
1134540,2017/18,2018-03-04,Harare Sports Club,1,11.5,United Arab Emirates,Papua New Guinea,Ashfaq Ahmed,Rohan Mustafa,A Vala,4,0,,,,,,,,,
1134540,2017/18,2018-03-04,Harare Sports Club,1,11.6,United Arab Emirates,Papua New Guinea,Ashfaq Ahmed,Rohan Mustafa,A Vala,1,0,,,,,,,,,
1134540,2017/18,2018-03-04,Harare Sports Club,1,12.1,United Arab Emirates,Papua New Guinea,Ashfaq Ahmed,Rohan Mustafa,N Vanua,0,0,,,,,,,,,
1134540,2017/18,2018-03-04,Harare Sports Club,1,12.2,United Arab Emirates,Papua New Guinea,Ashfaq Ahmed,Rohan Mustafa,N Vanua,0,0,,,,,,,,,
1134540,2017/18,2018-03-04,Harare Sports Club,1,12.3,United Arab Emirates,Papua New Guinea,Ashfaq Ahmed,Rohan Mustafa,N Vanua,0,0,,,,,,,,,
1134540,2017/18,2018-03-04,Harare Sports Club,1,12.4,United Arab Emirates,Papua New Guinea,Ashfaq Ahmed,Rohan Mustafa,N Vanua,1,0,,,,,,,,,
1134540,2017/18,2018-03-04,Harare Sports Club,1,12.5,United Arab Emirates,Papua New Guinea,Rohan Mustafa,Ashfaq Ahmed,N Vanua,0,0,,,,,,,,,
1134540,2017/18,2018-03-04,Harare Sports Club,1,12.6,United Arab Emirates,Papua New Guinea,Rohan Mustafa,Ashfaq Ahmed,N Vanua,0,0,,,,,,,,,
1134540,2017/18,2018-03-04,Harare Sports Club,1,13.1,United Arab Emirates,Papua New Guinea,Ashfaq Ahmed,Rohan Mustafa,A Vala,0,0,,,,,,,,,
1134540,2017/18,2018-03-04,Harare Sports Club,1,13.2,United Arab Emirates,Papua New Guinea,Ashfaq Ahmed,Rohan Mustafa,A Vala,1,0,,,,,,,,,
1134540,2017/18,2018-03-04,Harare Sports Club,1,13.3,United Arab Emirates,Papua New Guinea,Rohan Mustafa,Ashfaq Ahmed,A Vala,0,1,1,,,,,,,,
1134540,2017/18,2018-03-04,Harare Sports Club,1,13.4,United Arab Emirates,Papua New Guinea,Rohan Mustafa,Ashfaq Ahmed,A Vala,0,0,,,,,,,,,
1134540,2017/18,2018-03-04,Harare Sports Club,1,13.5,United Arab Emirates,Papua New Guinea,Rohan Mustafa,Ashfaq Ahmed,A Vala,0,0,,,,,,,,,
1134540,2017/18,2018-03-04,Harare Sports Club,1,13.6,United Arab Emirates,Papua New Guinea,Rohan Mustafa,Ashfaq Ahmed,A Vala,1,0,,,,,,,,,
1134540,2017/18,2018-03-04,Harare Sports Club,1,13.7,United Arab Emirates,Papua New Guinea,Ashfaq Ahmed,Rohan Mustafa,A Vala,1,0,,,,,,,,,
1134540,2017/18,2018-03-04,Harare Sports Club,1,14.1,United Arab Emirates,Papua New Guinea,Ashfaq Ahmed,Rohan Mustafa,N Vanua,0,0,,,,,,,,,
1134540,2017/18,2018-03-04,Harare Sports Club,1,14.2,United Arab Emirates,Papua New Guinea,Ashfaq Ahmed,Rohan Mustafa,N Vanua,1,0,,,,,,,,,
1134540,2017/18,2018-03-04,Harare Sports Club,1,14.3,United Arab Emirates,Papua New Guinea,Rohan Mustafa,Ashfaq Ahmed,N Vanua,6,0,,,,,,,,,
1134540,2017/18,2018-03-04,Harare Sports Club,1,14.4,United Arab Emirates,Papua New Guinea,Rohan Mustafa,Ashfaq Ahmed,N Vanua,1,0,,,,,,,,,
1134540,2017/18,2018-03-04,Harare Sports Club,1,14.5,United Arab Emirates,Papua New Guinea,Ashfaq Ahmed,Rohan Mustafa,N Vanua,1,0,,,,,,,,,
1134540,2017/18,2018-03-04,Harare Sports Club,1,14.6,United Arab Emirates,Papua New Guinea,Rohan Mustafa,Ashfaq Ahmed,N Vanua,0,0,,,,,,,,,
1134540,2017/18,2018-03-04,Harare Sports Club,1,15.1,United Arab Emirates,Papua New Guinea,Ashfaq Ahmed,Rohan Mustafa,A Vala,1,0,,,,,,,,,
1134540,2017/18,2018-03-04,Harare Sports Club,1,15.2,United Arab Emirates,Papua New Guinea,Rohan Mustafa,Ashfaq Ahmed,A Vala,1,0,,,,,,,,,
1134540,2017/18,2018-03-04,Harare Sports Club,1,15.3,United Arab Emirates,Papua New Guinea,Ashfaq Ahmed,Rohan Mustafa,A Vala,0,0,,,,,,,,,
1134540,2017/18,2018-03-04,Harare Sports Club,1,15.4,United Arab Emirates,Papua New Guinea,Ashfaq Ahmed,Rohan Mustafa,A Vala,0,0,,,,,,,,,
1134540,2017/18,2018-03-04,Harare Sports Club,1,15.5,United Arab Emirates,Papua New Guinea,Ashfaq Ahmed,Rohan Mustafa,A Vala,1,0,,,,,,,,,
1134540,2017/18,2018-03-04,Harare Sports Club,1,15.6,United Arab Emirates,Papua New Guinea,Rohan Mustafa,Ashfaq Ahmed,A Vala,0,0,,,,,,,,,
1134540,2017/18,2018-03-04,Harare Sports Club,1,16.1,United Arab Emirates,Papua New Guinea,Ashfaq Ahmed,Rohan Mustafa,CJA Amini,2,0,,,,,,,,,
1134540,2017/18,2018-03-04,Harare Sports Club,1,16.2,United Arab Emirates,Papua New Guinea,Ashfaq Ahmed,Rohan Mustafa,CJA Amini,1,0,,,,,,,,,
1134540,2017/18,2018-03-04,Harare Sports Club,1,16.3,United Arab Emirates,Papua New Guinea,Rohan Mustafa,Ashfaq Ahmed,CJA Amini,0,0,,,,,,,,,
1134540,2017/18,2018-03-04,Harare Sports Club,1,16.4,United Arab Emirates,Papua New Guinea,Rohan Mustafa,Ashfaq Ahmed,CJA Amini,0,0,,,,,,,,,
1134540,2017/18,2018-03-04,Harare Sports Club,1,16.5,United Arab Emirates,Papua New Guinea,Rohan Mustafa,Ashfaq Ahmed,CJA Amini,0,0,,,,,,,,,
1134540,2017/18,2018-03-04,Harare Sports Club,1,16.6,United Arab Emirates,Papua New Guinea,Rohan Mustafa,Ashfaq Ahmed,CJA Amini,1,0,,,,,,,,,
1134540,2017/18,2018-03-04,Harare Sports Club,1,17.1,United Arab Emirates,Papua New Guinea,Rohan Mustafa,Ashfaq Ahmed,A Nao,0,0,,,,,,,,,
1134540,2017/18,2018-03-04,Harare Sports Club,1,17.2,United Arab Emirates,Papua New Guinea,Rohan Mustafa,Ashfaq Ahmed,A Nao,0,0,,,,,,,,,
1134540,2017/18,2018-03-04,Harare Sports Club,1,17.3,United Arab Emirates,Papua New Guinea,Rohan Mustafa,Ashfaq Ahmed,A Nao,0,0,,,,,,,,,
1134540,2017/18,2018-03-04,Harare Sports Club,1,17.4,United Arab Emirates,Papua New Guinea,Rohan Mustafa,Ashfaq Ahmed,A Nao,1,0,,,,,,,,,
1134540,2017/18,2018-03-04,Harare Sports Club,1,17.5,United Arab Emirates,Papua New Guinea,Ashfaq Ahmed,Rohan Mustafa,A Nao,0,0,,,,,,,,,
1134540,2017/18,2018-03-04,Harare Sports Club,1,17.6,United Arab Emirates,Papua New Guinea,Ashfaq Ahmed,Rohan Mustafa,A Nao,0,0,,,,,,caught,Ashfaq Ahmed,,
1134540,2017/18,2018-03-04,Harare Sports Club,1,18.1,United Arab Emirates,Papua New Guinea,Rohan Mustafa,Ghulam Shabber,MD Dai,0,0,,,,,,,,,
1134540,2017/18,2018-03-04,Harare Sports Club,1,18.2,United Arab Emirates,Papua New Guinea,Rohan Mustafa,Ghulam Shabber,MD Dai,0,0,,,,,,,,,
1134540,2017/18,2018-03-04,Harare Sports Club,1,18.3,United Arab Emirates,Papua New Guinea,Rohan Mustafa,Ghulam Shabber,MD Dai,0,0,,,,,,,,,
1134540,2017/18,2018-03-04,Harare Sports Club,1,18.4,United Arab Emirates,Papua New Guinea,Rohan Mustafa,Ghulam Shabber,MD Dai,0,0,,,,,,,,,
1134540,2017/18,2018-03-04,Harare Sports Club,1,18.5,United Arab Emirates,Papua New Guinea,Rohan Mustafa,Ghulam Shabber,MD Dai,0,0,,,,,,,,,
1134540,2017/18,2018-03-04,Harare Sports Club,1,18.6,United Arab Emirates,Papua New Guinea,Rohan Mustafa,Ghulam Shabber,MD Dai,0,0,,,,,,,,,
1134540,2017/18,2018-03-04,Harare Sports Club,1,19.1,United Arab Emirates,Papua New Guinea,Ghulam Shabber,Rohan Mustafa,A Nao,0,0,,,,,,caught,Ghulam Shabber,,
1134540,2017/18,2018-03-04,Harare Sports Club,1,19.2,United Arab Emirates,Papua New Guinea,Rameez Shahzad,Rohan Mustafa,A Nao,2,0,,,,,,,,,
1134540,2017/18,2018-03-04,Harare Sports Club,1,19.3,United Arab Emirates,Papua New Guinea,Rameez Shahzad,Rohan Mustafa,A Nao,0,0,,,,,,,,,
1134540,2017/18,2018-03-04,Harare Sports Club,1,19.4,United Arab Emirates,Papua New Guinea,Rameez Shahzad,Rohan Mustafa,A Nao,0,0,,,,,,,,,
1134540,2017/18,2018-03-04,Harare Sports Club,1,19.5,United Arab Emirates,Papua New Guinea,Rameez Shahzad,Rohan Mustafa,A Nao,0,0,,,,,,,,,
1134540,2017/18,2018-03-04,Harare Sports Club,1,19.6,United Arab Emirates,Papua New Guinea,Rameez Shahzad,Rohan Mustafa,A Nao,1,0,,,,,,,,,
1134540,2017/18,2018-03-04,Harare Sports Club,1,20.1,United Arab Emirates,Papua New Guinea,Rameez Shahzad,Rohan Mustafa,MD Dai,0,0,,,,,,,,,
1134540,2017/18,2018-03-04,Harare Sports Club,1,20.2,United Arab Emirates,Papua New Guinea,Rameez Shahzad,Rohan Mustafa,MD Dai,2,0,,,,,,,,,
1134540,2017/18,2018-03-04,Harare Sports Club,1,20.3,United Arab Emirates,Papua New Guinea,Rameez Shahzad,Rohan Mustafa,MD Dai,0,0,,,,,,,,,
1134540,2017/18,2018-03-04,Harare Sports Club,1,20.4,United Arab Emirates,Papua New Guinea,Rameez Shahzad,Rohan Mustafa,MD Dai,0,0,,,,,,,,,
1134540,2017/18,2018-03-04,Harare Sports Club,1,20.5,United Arab Emirates,Papua New Guinea,Rameez Shahzad,Rohan Mustafa,MD Dai,1,0,,,,,,,,,
1134540,2017/18,2018-03-04,Harare Sports Club,1,20.6,United Arab Emirates,Papua New Guinea,Rohan Mustafa,Rameez Shahzad,MD Dai,0,0,,,,,,,,,
1134540,2017/18,2018-03-04,Harare Sports Club,1,21.1,United Arab Emirates,Papua New Guinea,Rameez Shahzad,Rohan Mustafa,A Nao,0,0,,,,,,,,,
1134540,2017/18,2018-03-04,Harare Sports Club,1,21.2,United Arab Emirates,Papua New Guinea,Rameez Shahzad,Rohan Mustafa,A Nao,0,0,,,,,,,,,
1134540,2017/18,2018-03-04,Harare Sports Club,1,21.3,United Arab Emirates,Papua New Guinea,Rameez Shahzad,Rohan Mustafa,A Nao,0,0,,,,,,,,,
1134540,2017/18,2018-03-04,Harare Sports Club,1,21.4,United Arab Emirates,Papua New Guinea,Rameez Shahzad,Rohan Mustafa,A Nao,0,0,,,,,,,,,
1134540,2017/18,2018-03-04,Harare Sports Club,1,21.5,United Arab Emirates,Papua New Guinea,Rameez Shahzad,Rohan Mustafa,A Nao,0,0,,,,,,,,,
1134540,2017/18,2018-03-04,Harare Sports Club,1,21.6,United Arab Emirates,Papua New Guinea,Rameez Shahzad,Rohan Mustafa,A Nao,0,0,,,,,,,,,
1134540,2017/18,2018-03-04,Harare Sports Club,1,22.1,United Arab Emirates,Papua New Guinea,Rohan Mustafa,Rameez Shahzad,MD Dai,0,0,,,,,,,,,
1134540,2017/18,2018-03-04,Harare Sports Club,1,22.2,United Arab Emirates,Papua New Guinea,Rohan Mustafa,Rameez Shahzad,MD Dai,1,0,,,,,,,,,
1134540,2017/18,2018-03-04,Harare Sports Club,1,22.3,United Arab Emirates,Papua New Guinea,Rameez Shahzad,Rohan Mustafa,MD Dai,0,0,,,,,,,,,
1134540,2017/18,2018-03-04,Harare Sports Club,1,22.4,United Arab Emirates,Papua New Guinea,Rameez Shahzad,Rohan Mustafa,MD Dai,1,0,,,,,,,,,
1134540,2017/18,2018-03-04,Harare Sports Club,1,22.5,United Arab Emirates,Papua New Guinea,Rohan Mustafa,Rameez Shahzad,MD Dai,0,0,,,,,,,,,
1134540,2017/18,2018-03-04,Harare Sports Club,1,22.6,United Arab Emirates,Papua New Guinea,Rohan Mustafa,Rameez Shahzad,MD Dai,0,0,,,,,,,,,
1134540,2017/18,2018-03-04,Harare Sports Club,1,23.1,United Arab Emirates,Papua New Guinea,Rameez Shahzad,Rohan Mustafa,CA Soper,1,0,,,,,,run out,Rameez Shahzad,,
1134540,2017/18,2018-03-04,Harare Sports Club,1,23.2,United Arab Emirates,Papua New Guinea,Shaiman Anwar,Rohan Mustafa,CA Soper,0,0,,,,,,,,,
1134540,2017/18,2018-03-04,Harare Sports Club,1,23.3,United Arab Emirates,Papua New Guinea,Shaiman Anwar,Rohan Mustafa,CA Soper,0,0,,,,,,,,,
1134540,2017/18,2018-03-04,Harare Sports Club,1,23.4,United Arab Emirates,Papua New Guinea,Shaiman Anwar,Rohan Mustafa,CA Soper,1,0,,,,,,,,,
1134540,2017/18,2018-03-04,Harare Sports Club,1,23.5,United Arab Emirates,Papua New Guinea,Rohan Mustafa,Shaiman Anwar,CA Soper,0,0,,,,,,,,,
1134540,2017/18,2018-03-04,Harare Sports Club,1,23.6,United Arab Emirates,Papua New Guinea,Rohan Mustafa,Shaiman Anwar,CA Soper,0,0,,,,,,,,,
1134540,2017/18,2018-03-04,Harare Sports Club,1,24.1,United Arab Emirates,Papua New Guinea,Shaiman Anwar,Rohan Mustafa,MD Dai,4,0,,,,,,,,,
1134540,2017/18,2018-03-04,Harare Sports Club,1,24.2,United Arab Emirates,Papua New Guinea,Shaiman Anwar,Rohan Mustafa,MD Dai,1,0,,,,,,,,,
1134540,2017/18,2018-03-04,Harare Sports Club,1,24.3,United Arab Emirates,Papua New Guinea,Rohan Mustafa,Shaiman Anwar,MD Dai,1,0,,,,,,,,,
1134540,2017/18,2018-03-04,Harare Sports Club,1,24.4,United Arab Emirates,Papua New Guinea,Shaiman Anwar,Rohan Mustafa,MD Dai,1,0,,,,,,,,,
1134540,2017/18,2018-03-04,Harare Sports Club,1,24.5,United Arab Emirates,Papua New Guinea,Rohan Mustafa,Shaiman Anwar,MD Dai,1,0,,,,,,,,,
1134540,2017/18,2018-03-04,Harare Sports Club,1,24.6,United Arab Emirates,Papua New Guinea,Shaiman Anwar,Rohan Mustafa,MD Dai,0,0,,,,,,,,,
1134540,2017/18,2018-03-04,Harare Sports Club,1,25.1,United Arab Emirates,Papua New Guinea,Rohan Mustafa,Shaiman Anwar,CA Soper,0,0,,,,,,,,,
1134540,2017/18,2018-03-04,Harare Sports Club,1,25.2,United Arab Emirates,Papua New Guinea,Rohan Mustafa,Shaiman Anwar,CA Soper,1,0,,,,,,,,,
1134540,2017/18,2018-03-04,Harare Sports Club,1,25.3,United Arab Emirates,Papua New Guinea,Shaiman Anwar,Rohan Mustafa,CA Soper,0,0,,,,,,,,,
1134540,2017/18,2018-03-04,Harare Sports Club,1,25.4,United Arab Emirates,Papua New Guinea,Shaiman Anwar,Rohan Mustafa,CA Soper,0,0,,,,,,,,,
1134540,2017/18,2018-03-04,Harare Sports Club,1,25.5,United Arab Emirates,Papua New Guinea,Shaiman Anwar,Rohan Mustafa,CA Soper,0,0,,,,,,,,,
1134540,2017/18,2018-03-04,Harare Sports Club,1,25.6,United Arab Emirates,Papua New Guinea,Shaiman Anwar,Rohan Mustafa,CA Soper,1,0,,,,,,,,,
1134540,2017/18,2018-03-04,Harare Sports Club,1,26.1,United Arab Emirates,Papua New Guinea,Shaiman Anwar,Rohan Mustafa,CJA Amini,0,0,,,,,,,,,
1134540,2017/18,2018-03-04,Harare Sports Club,1,26.2,United Arab Emirates,Papua New Guinea,Shaiman Anwar,Rohan Mustafa,CJA Amini,0,0,,,,,,,,,
1134540,2017/18,2018-03-04,Harare Sports Club,1,26.3,United Arab Emirates,Papua New Guinea,Shaiman Anwar,Rohan Mustafa,CJA Amini,1,0,,,,,,,,,
1134540,2017/18,2018-03-04,Harare Sports Club,1,26.4,United Arab Emirates,Papua New Guinea,Rohan Mustafa,Shaiman Anwar,CJA Amini,0,0,,,,,,,,,
1134540,2017/18,2018-03-04,Harare Sports Club,1,26.5,United Arab Emirates,Papua New Guinea,Rohan Mustafa,Shaiman Anwar,CJA Amini,0,0,,,,,,,,,
1134540,2017/18,2018-03-04,Harare Sports Club,1,26.6,United Arab Emirates,Papua New Guinea,Rohan Mustafa,Shaiman Anwar,CJA Amini,1,0,,,,,,,,,
1134540,2017/18,2018-03-04,Harare Sports Club,1,27.1,United Arab Emirates,Papua New Guinea,Rohan Mustafa,Shaiman Anwar,CA Soper,2,0,,,,,,,,,
1134540,2017/18,2018-03-04,Harare Sports Club,1,27.2,United Arab Emirates,Papua New Guinea,Rohan Mustafa,Shaiman Anwar,CA Soper,0,0,,,,,,,,,
1134540,2017/18,2018-03-04,Harare Sports Club,1,27.3,United Arab Emirates,Papua New Guinea,Rohan Mustafa,Shaiman Anwar,CA Soper,0,0,,,,,,,,,
1134540,2017/18,2018-03-04,Harare Sports Club,1,27.4,United Arab Emirates,Papua New Guinea,Rohan Mustafa,Shaiman Anwar,CA Soper,4,0,,,,,,,,,
1134540,2017/18,2018-03-04,Harare Sports Club,1,27.5,United Arab Emirates,Papua New Guinea,Rohan Mustafa,Shaiman Anwar,CA Soper,2,0,,,,,,,,,
1134540,2017/18,2018-03-04,Harare Sports Club,1,27.6,United Arab Emirates,Papua New Guinea,Rohan Mustafa,Shaiman Anwar,CA Soper,1,0,,,,,,,,,
1134540,2017/18,2018-03-04,Harare Sports Club,1,28.1,United Arab Emirates,Papua New Guinea,Rohan Mustafa,Shaiman Anwar,CJA Amini,0,0,,,,,,,,,
1134540,2017/18,2018-03-04,Harare Sports Club,1,28.2,United Arab Emirates,Papua New Guinea,Rohan Mustafa,Shaiman Anwar,CJA Amini,1,0,,,,,,,,,
1134540,2017/18,2018-03-04,Harare Sports Club,1,28.3,United Arab Emirates,Papua New Guinea,Shaiman Anwar,Rohan Mustafa,CJA Amini,0,0,,,,,,,,,
1134540,2017/18,2018-03-04,Harare Sports Club,1,28.4,United Arab Emirates,Papua New Guinea,Shaiman Anwar,Rohan Mustafa,CJA Amini,0,0,,,,,,,,,
1134540,2017/18,2018-03-04,Harare Sports Club,1,28.5,United Arab Emirates,Papua New Guinea,Shaiman Anwar,Rohan Mustafa,CJA Amini,2,0,,,,,,,,,
1134540,2017/18,2018-03-04,Harare Sports Club,1,28.6,United Arab Emirates,Papua New Guinea,Shaiman Anwar,Rohan Mustafa,CJA Amini,0,0,,,,,,,,,
1134540,2017/18,2018-03-04,Harare Sports Club,1,29.1,United Arab Emirates,Papua New Guinea,Rohan Mustafa,Shaiman Anwar,A Vala,0,0,,,,,,,,,
1134540,2017/18,2018-03-04,Harare Sports Club,1,29.2,United Arab Emirates,Papua New Guinea,Rohan Mustafa,Shaiman Anwar,A Vala,0,0,,,,,,,,,
1134540,2017/18,2018-03-04,Harare Sports Club,1,29.3,United Arab Emirates,Papua New Guinea,Rohan Mustafa,Shaiman Anwar,A Vala,2,0,,,,,,,,,
1134540,2017/18,2018-03-04,Harare Sports Club,1,29.4,United Arab Emirates,Papua New Guinea,Rohan Mustafa,Shaiman Anwar,A Vala,0,0,,,,,,,,,
1134540,2017/18,2018-03-04,Harare Sports Club,1,29.5,United Arab Emirates,Papua New Guinea,Rohan Mustafa,Shaiman Anwar,A Vala,1,0,,,,,,,,,
1134540,2017/18,2018-03-04,Harare Sports Club,1,29.6,United Arab Emirates,Papua New Guinea,Shaiman Anwar,Rohan Mustafa,A Vala,1,0,,,,,,,,,
1134540,2017/18,2018-03-04,Harare Sports Club,1,30.1,United Arab Emirates,Papua New Guinea,Shaiman Anwar,Rohan Mustafa,CJA Amini,0,0,,,,,,,,,
1134540,2017/18,2018-03-04,Harare Sports Club,1,30.2,United Arab Emirates,Papua New Guinea,Shaiman Anwar,Rohan Mustafa,CJA Amini,0,0,,,,,,,,,
1134540,2017/18,2018-03-04,Harare Sports Club,1,30.3,United Arab Emirates,Papua New Guinea,Shaiman Anwar,Rohan Mustafa,CJA Amini,2,0,,,,,,,,,
1134540,2017/18,2018-03-04,Harare Sports Club,1,30.4,United Arab Emirates,Papua New Guinea,Shaiman Anwar,Rohan Mustafa,CJA Amini,0,0,,,,,,lbw,Shaiman Anwar,,
1134540,2017/18,2018-03-04,Harare Sports Club,1,30.5,United Arab Emirates,Papua New Guinea,Adnan Mufti,Rohan Mustafa,CJA Amini,1,0,,,,,,,,,
1134540,2017/18,2018-03-04,Harare Sports Club,1,30.6,United Arab Emirates,Papua New Guinea,Rohan Mustafa,Adnan Mufti,CJA Amini,0,0,,,,,,,,,
1134540,2017/18,2018-03-04,Harare Sports Club,1,31.1,United Arab Emirates,Papua New Guinea,Adnan Mufti,Rohan Mustafa,A Vala,1,0,,,,,,,,,
1134540,2017/18,2018-03-04,Harare Sports Club,1,31.2,United Arab Emirates,Papua New Guinea,Rohan Mustafa,Adnan Mufti,A Vala,1,0,,,,,,,,,
1134540,2017/18,2018-03-04,Harare Sports Club,1,31.3,United Arab Emirates,Papua New Guinea,Adnan Mufti,Rohan Mustafa,A Vala,2,0,,,,,,,,,
1134540,2017/18,2018-03-04,Harare Sports Club,1,31.4,United Arab Emirates,Papua New Guinea,Adnan Mufti,Rohan Mustafa,A Vala,0,0,,,,,,,,,
1134540,2017/18,2018-03-04,Harare Sports Club,1,31.5,United Arab Emirates,Papua New Guinea,Adnan Mufti,Rohan Mustafa,A Vala,0,0,,,,,,,,,
1134540,2017/18,2018-03-04,Harare Sports Club,1,31.6,United Arab Emirates,Papua New Guinea,Adnan Mufti,Rohan Mustafa,A Vala,1,0,,,,,,,,,
1134540,2017/18,2018-03-04,Harare Sports Club,1,32.1,United Arab Emirates,Papua New Guinea,Adnan Mufti,Rohan Mustafa,MD Dai,1,0,,,,,,,,,
1134540,2017/18,2018-03-04,Harare Sports Club,1,32.2,United Arab Emirates,Papua New Guinea,Rohan Mustafa,Adnan Mufti,MD Dai,1,0,,,,,,,,,
1134540,2017/18,2018-03-04,Harare Sports Club,1,32.3,United Arab Emirates,Papua New Guinea,Adnan Mufti,Rohan Mustafa,MD Dai,0,0,,,,,,,,,
1134540,2017/18,2018-03-04,Harare Sports Club,1,32.4,United Arab Emirates,Papua New Guinea,Adnan Mufti,Rohan Mustafa,MD Dai,1,0,,,,,,,,,
1134540,2017/18,2018-03-04,Harare Sports Club,1,32.5,United Arab Emirates,Papua New Guinea,Rohan Mustafa,Adnan Mufti,MD Dai,0,0,,,,,,,,,
1134540,2017/18,2018-03-04,Harare Sports Club,1,32.6,United Arab Emirates,Papua New Guinea,Rohan Mustafa,Adnan Mufti,MD Dai,0,1,1,,,,,,,,
1134540,2017/18,2018-03-04,Harare Sports Club,1,32.7,United Arab Emirates,Papua New Guinea,Rohan Mustafa,Adnan Mufti,MD Dai,0,0,,,,,,,,,
1134540,2017/18,2018-03-04,Harare Sports Club,1,33.1,United Arab Emirates,Papua New Guinea,Adnan Mufti,Rohan Mustafa,N Vanua,1,0,,,,,,,,,
1134540,2017/18,2018-03-04,Harare Sports Club,1,33.2,United Arab Emirates,Papua New Guinea,Rohan Mustafa,Adnan Mufti,N Vanua,0,0,,,,,,,,,
1134540,2017/18,2018-03-04,Harare Sports Club,1,33.3,United Arab Emirates,Papua New Guinea,Rohan Mustafa,Adnan Mufti,N Vanua,0,0,,,,,,,,,
1134540,2017/18,2018-03-04,Harare Sports Club,1,33.4,United Arab Emirates,Papua New Guinea,Rohan Mustafa,Adnan Mufti,N Vanua,1,0,,,,,,,,,
1134540,2017/18,2018-03-04,Harare Sports Club,1,33.5,United Arab Emirates,Papua New Guinea,Adnan Mufti,Rohan Mustafa,N Vanua,0,0,,,,,,,,,
1134540,2017/18,2018-03-04,Harare Sports Club,1,33.6,United Arab Emirates,Papua New Guinea,Adnan Mufti,Rohan Mustafa,N Vanua,1,0,,,,,,,,,
1134540,2017/18,2018-03-04,Harare Sports Club,1,34.1,United Arab Emirates,Papua New Guinea,Adnan Mufti,Rohan Mustafa,MD Dai,1,0,,,,,,,,,
1134540,2017/18,2018-03-04,Harare Sports Club,1,34.2,United Arab Emirates,Papua New Guinea,Rohan Mustafa,Adnan Mufti,MD Dai,1,0,,,,,,,,,
1134540,2017/18,2018-03-04,Harare Sports Club,1,34.3,United Arab Emirates,Papua New Guinea,Adnan Mufti,Rohan Mustafa,MD Dai,0,0,,,,,,,,,
1134540,2017/18,2018-03-04,Harare Sports Club,1,34.4,United Arab Emirates,Papua New Guinea,Adnan Mufti,Rohan Mustafa,MD Dai,2,0,,,,,,,,,
1134540,2017/18,2018-03-04,Harare Sports Club,1,34.5,United Arab Emirates,Papua New Guinea,Adnan Mufti,Rohan Mustafa,MD Dai,0,0,,,,,,,,,
1134540,2017/18,2018-03-04,Harare Sports Club,1,34.6,United Arab Emirates,Papua New Guinea,Adnan Mufti,Rohan Mustafa,MD Dai,0,0,,,,,,,,,
1134540,2017/18,2018-03-04,Harare Sports Club,1,35.1,United Arab Emirates,Papua New Guinea,Rohan Mustafa,Adnan Mufti,N Vanua,1,0,,,,,,,,,
1134540,2017/18,2018-03-04,Harare Sports Club,1,35.2,United Arab Emirates,Papua New Guinea,Adnan Mufti,Rohan Mustafa,N Vanua,1,0,,,,,,,,,
1134540,2017/18,2018-03-04,Harare Sports Club,1,35.3,United Arab Emirates,Papua New Guinea,Rohan Mustafa,Adnan Mufti,N Vanua,0,1,1,,,,,,,,
1134540,2017/18,2018-03-04,Harare Sports Club,1,35.4,United Arab Emirates,Papua New Guinea,Rohan Mustafa,Adnan Mufti,N Vanua,0,0,,,,,,,,,
1134540,2017/18,2018-03-04,Harare Sports Club,1,35.5,United Arab Emirates,Papua New Guinea,Rohan Mustafa,Adnan Mufti,N Vanua,0,0,,,,,,,,,
1134540,2017/18,2018-03-04,Harare Sports Club,1,35.6,United Arab Emirates,Papua New Guinea,Rohan Mustafa,Adnan Mufti,N Vanua,1,0,,,,,,,,,
1134540,2017/18,2018-03-04,Harare Sports Club,1,35.7,United Arab Emirates,Papua New Guinea,Adnan Mufti,Rohan Mustafa,N Vanua,0,0,,,,,,,,,
1134540,2017/18,2018-03-04,Harare Sports Club,1,36.1,United Arab Emirates,Papua New Guinea,Rohan Mustafa,Adnan Mufti,MD Dai,1,0,,,,,,,,,
1134540,2017/18,2018-03-04,Harare Sports Club,1,36.2,United Arab Emirates,Papua New Guinea,Adnan Mufti,Rohan Mustafa,MD Dai,1,0,,,,,,,,,
1134540,2017/18,2018-03-04,Harare Sports Club,1,36.3,United Arab Emirates,Papua New Guinea,Rohan Mustafa,Adnan Mufti,MD Dai,2,0,,,,,,,,,
1134540,2017/18,2018-03-04,Harare Sports Club,1,36.4,United Arab Emirates,Papua New Guinea,Rohan Mustafa,Adnan Mufti,MD Dai,0,0,,,,,,,,,
1134540,2017/18,2018-03-04,Harare Sports Club,1,36.5,United Arab Emirates,Papua New Guinea,Rohan Mustafa,Adnan Mufti,MD Dai,0,0,,,,,,,,,
1134540,2017/18,2018-03-04,Harare Sports Club,1,36.6,United Arab Emirates,Papua New Guinea,Rohan Mustafa,Adnan Mufti,MD Dai,0,0,,,,,,,,,
1134540,2017/18,2018-03-04,Harare Sports Club,1,37.1,United Arab Emirates,Papua New Guinea,Adnan Mufti,Rohan Mustafa,N Vanua,1,0,,,,,,,,,
1134540,2017/18,2018-03-04,Harare Sports Club,1,37.2,United Arab Emirates,Papua New Guinea,Rohan Mustafa,Adnan Mufti,N Vanua,0,0,,,,,,,,,
1134540,2017/18,2018-03-04,Harare Sports Club,1,37.3,United Arab Emirates,Papua New Guinea,Rohan Mustafa,Adnan Mufti,N Vanua,4,0,,,,,,,,,
1134540,2017/18,2018-03-04,Harare Sports Club,1,37.4,United Arab Emirates,Papua New Guinea,Rohan Mustafa,Adnan Mufti,N Vanua,0,0,,,,,,,,,
1134540,2017/18,2018-03-04,Harare Sports Club,1,37.5,United Arab Emirates,Papua New Guinea,Rohan Mustafa,Adnan Mufti,N Vanua,0,0,,,,,,,,,
1134540,2017/18,2018-03-04,Harare Sports Club,1,37.6,United Arab Emirates,Papua New Guinea,Rohan Mustafa,Adnan Mufti,N Vanua,1,0,,,,,,,,,
1134540,2017/18,2018-03-04,Harare Sports Club,1,38.1,United Arab Emirates,Papua New Guinea,Rohan Mustafa,Adnan Mufti,A Vala,0,0,,,,,,,,,
1134540,2017/18,2018-03-04,Harare Sports Club,1,38.2,United Arab Emirates,Papua New Guinea,Rohan Mustafa,Adnan Mufti,A Vala,0,0,,,,,,,,,
1134540,2017/18,2018-03-04,Harare Sports Club,1,38.3,United Arab Emirates,Papua New Guinea,Rohan Mustafa,Adnan Mufti,A Vala,0,0,,,,,,,,,
1134540,2017/18,2018-03-04,Harare Sports Club,1,38.4,United Arab Emirates,Papua New Guinea,Rohan Mustafa,Adnan Mufti,A Vala,2,0,,,,,,,,,
1134540,2017/18,2018-03-04,Harare Sports Club,1,38.5,United Arab Emirates,Papua New Guinea,Rohan Mustafa,Adnan Mufti,A Vala,1,0,,,,,,,,,
1134540,2017/18,2018-03-04,Harare Sports Club,1,38.6,United Arab Emirates,Papua New Guinea,Adnan Mufti,Rohan Mustafa,A Vala,0,0,,,,,,,,,
1134540,2017/18,2018-03-04,Harare Sports Club,1,39.1,United Arab Emirates,Papua New Guinea,Rohan Mustafa,Adnan Mufti,CA Soper,1,0,,,,,,,,,
1134540,2017/18,2018-03-04,Harare Sports Club,1,39.2,United Arab Emirates,Papua New Guinea,Adnan Mufti,Rohan Mustafa,CA Soper,0,0,,,,,,,,,
1134540,2017/18,2018-03-04,Harare Sports Club,1,39.3,United Arab Emirates,Papua New Guinea,Adnan Mufti,Rohan Mustafa,CA Soper,1,0,,,,,,,,,
1134540,2017/18,2018-03-04,Harare Sports Club,1,39.4,United Arab Emirates,Papua New Guinea,Rohan Mustafa,Adnan Mufti,CA Soper,0,0,,,,,,,,,
1134540,2017/18,2018-03-04,Harare Sports Club,1,39.5,United Arab Emirates,Papua New Guinea,Rohan Mustafa,Adnan Mufti,CA Soper,1,0,,,,,,,,,
1134540,2017/18,2018-03-04,Harare Sports Club,1,39.6,United Arab Emirates,Papua New Guinea,Adnan Mufti,Rohan Mustafa,CA Soper,0,0,,,,,,,,,
1134540,2017/18,2018-03-04,Harare Sports Club,1,40.1,United Arab Emirates,Papua New Guinea,Rohan Mustafa,Adnan Mufti,A Vala,1,0,,,,,,run out,Adnan Mufti,,
1134540,2017/18,2018-03-04,Harare Sports Club,1,40.2,United Arab Emirates,Papua New Guinea,Rohan Mustafa,Muhammad Usman,A Vala,0,0,,,,,,,,,
1134540,2017/18,2018-03-04,Harare Sports Club,1,40.3,United Arab Emirates,Papua New Guinea,Rohan Mustafa,Muhammad Usman,A Vala,1,0,,,,,,,,,
1134540,2017/18,2018-03-04,Harare Sports Club,1,40.4,United Arab Emirates,Papua New Guinea,Muhammad Usman,Rohan Mustafa,A Vala,1,0,,,,,,,,,
1134540,2017/18,2018-03-04,Harare Sports Club,1,40.5,United Arab Emirates,Papua New Guinea,Rohan Mustafa,Muhammad Usman,A Vala,1,0,,,,,,,,,
1134540,2017/18,2018-03-04,Harare Sports Club,1,40.6,United Arab Emirates,Papua New Guinea,Muhammad Usman,Rohan Mustafa,A Vala,1,0,,,,,,,,,
1134540,2017/18,2018-03-04,Harare Sports Club,1,41.1,United Arab Emirates,Papua New Guinea,Muhammad Usman,Rohan Mustafa,CA Soper,1,0,,,,,,,,,
1134540,2017/18,2018-03-04,Harare Sports Club,1,41.2,United Arab Emirates,Papua New Guinea,Rohan Mustafa,Muhammad Usman,CA Soper,0,0,,,,,,,,,
1134540,2017/18,2018-03-04,Harare Sports Club,1,41.3,United Arab Emirates,Papua New Guinea,Rohan Mustafa,Muhammad Usman,CA Soper,0,0,,,,,,,,,
1134540,2017/18,2018-03-04,Harare Sports Club,1,41.4,United Arab Emirates,Papua New Guinea,Rohan Mustafa,Muhammad Usman,CA Soper,0,0,,,,,,,,,
1134540,2017/18,2018-03-04,Harare Sports Club,1,41.5,United Arab Emirates,Papua New Guinea,Rohan Mustafa,Muhammad Usman,CA Soper,1,0,,,,,,,,,
1134540,2017/18,2018-03-04,Harare Sports Club,1,41.6,United Arab Emirates,Papua New Guinea,Muhammad Usman,Rohan Mustafa,CA Soper,1,0,,,,,,,,,
1134540,2017/18,2018-03-04,Harare Sports Club,1,42.1,United Arab Emirates,Papua New Guinea,Muhammad Usman,Rohan Mustafa,A Nao,1,0,,,,,,,,,
1134540,2017/18,2018-03-04,Harare Sports Club,1,42.2,United Arab Emirates,Papua New Guinea,Rohan Mustafa,Muhammad Usman,A Nao,1,0,,,,,,,,,
1134540,2017/18,2018-03-04,Harare Sports Club,1,42.3,United Arab Emirates,Papua New Guinea,Muhammad Usman,Rohan Mustafa,A Nao,0,0,,,,,,,,,
1134540,2017/18,2018-03-04,Harare Sports Club,1,42.4,United Arab Emirates,Papua New Guinea,Muhammad Usman,Rohan Mustafa,A Nao,4,0,,,,,,,,,
1134540,2017/18,2018-03-04,Harare Sports Club,1,42.5,United Arab Emirates,Papua New Guinea,Muhammad Usman,Rohan Mustafa,A Nao,1,0,,,,,,,,,
1134540,2017/18,2018-03-04,Harare Sports Club,1,42.6,United Arab Emirates,Papua New Guinea,Rohan Mustafa,Muhammad Usman,A Nao,1,0,,,,,,,,,
1134540,2017/18,2018-03-04,Harare Sports Club,1,43.1,United Arab Emirates,Papua New Guinea,Rohan Mustafa,Muhammad Usman,CA Soper,6,0,,,,,,,,,
1134540,2017/18,2018-03-04,Harare Sports Club,1,43.2,United Arab Emirates,Papua New Guinea,Rohan Mustafa,Muhammad Usman,CA Soper,1,0,,,,,,,,,
1134540,2017/18,2018-03-04,Harare Sports Club,1,43.3,United Arab Emirates,Papua New Guinea,Muhammad Usman,Rohan Mustafa,CA Soper,1,0,,,,,,,,,
1134540,2017/18,2018-03-04,Harare Sports Club,1,43.4,United Arab Emirates,Papua New Guinea,Rohan Mustafa,Muhammad Usman,CA Soper,1,0,,,,,,,,,
1134540,2017/18,2018-03-04,Harare Sports Club,1,43.5,United Arab Emirates,Papua New Guinea,Muhammad Usman,Rohan Mustafa,CA Soper,0,0,,,,,,,,,
1134540,2017/18,2018-03-04,Harare Sports Club,1,43.6,United Arab Emirates,Papua New Guinea,Muhammad Usman,Rohan Mustafa,CA Soper,2,0,,,,,,,,,
1134540,2017/18,2018-03-04,Harare Sports Club,1,44.1,United Arab Emirates,Papua New Guinea,Rohan Mustafa,Muhammad Usman,A Nao,1,0,,,,,,,,,
1134540,2017/18,2018-03-04,Harare Sports Club,1,44.2,United Arab Emirates,Papua New Guinea,Muhammad Usman,Rohan Mustafa,A Nao,1,0,,,,,,,,,
1134540,2017/18,2018-03-04,Harare Sports Club,1,44.3,United Arab Emirates,Papua New Guinea,Rohan Mustafa,Muhammad Usman,A Nao,6,0,,,,,,,,,
1134540,2017/18,2018-03-04,Harare Sports Club,1,44.4,United Arab Emirates,Papua New Guinea,Rohan Mustafa,Muhammad Usman,A Nao,2,0,,,,,,,,,
1134540,2017/18,2018-03-04,Harare Sports Club,1,44.5,United Arab Emirates,Papua New Guinea,Rohan Mustafa,Muhammad Usman,A Nao,1,0,,,,,,,,,
1134540,2017/18,2018-03-04,Harare Sports Club,1,44.6,United Arab Emirates,Papua New Guinea,Muhammad Usman,Rohan Mustafa,A Nao,1,0,,,,,,,,,
1134540,2017/18,2018-03-04,Harare Sports Club,1,45.1,United Arab Emirates,Papua New Guinea,Muhammad Usman,Rohan Mustafa,N Vanua,0,0,,,,,,,,,
1134540,2017/18,2018-03-04,Harare Sports Club,1,45.2,United Arab Emirates,Papua New Guinea,Muhammad Usman,Rohan Mustafa,N Vanua,1,0,,,,,,,,,
1134540,2017/18,2018-03-04,Harare Sports Club,1,45.3,United Arab Emirates,Papua New Guinea,Rohan Mustafa,Muhammad Usman,N Vanua,0,0,,,,,,run out,Muhammad Usman,,
1134540,2017/18,2018-03-04,Harare Sports Club,1,45.4,United Arab Emirates,Papua New Guinea,Rohan Mustafa,Ahmed Raza,N Vanua,0,0,,,,,,caught,Rohan Mustafa,,
1134540,2017/18,2018-03-04,Harare Sports Club,1,45.5,United Arab Emirates,Papua New Guinea,Ahmed Raza,Amir Hayat,N Vanua,0,0,,,,,,,,,
1134540,2017/18,2018-03-04,Harare Sports Club,1,45.6,United Arab Emirates,Papua New Guinea,Ahmed Raza,Amir Hayat,N Vanua,1,0,,,,,,,,,
1134540,2017/18,2018-03-04,Harare Sports Club,1,46.1,United Arab Emirates,Papua New Guinea,Ahmed Raza,Amir Hayat,A Nao,0,0,,,,,,,,,
1134540,2017/18,2018-03-04,Harare Sports Club,1,46.2,United Arab Emirates,Papua New Guinea,Ahmed Raza,Amir Hayat,A Nao,1,0,,,,,,,,,
1134540,2017/18,2018-03-04,Harare Sports Club,1,46.3,United Arab Emirates,Papua New Guinea,Amir Hayat,Ahmed Raza,A Nao,1,0,,,,,,,,,
1134540,2017/18,2018-03-04,Harare Sports Club,1,46.4,United Arab Emirates,Papua New Guinea,Ahmed Raza,Amir Hayat,A Nao,0,0,,,,,,,,,
1134540,2017/18,2018-03-04,Harare Sports Club,1,46.5,United Arab Emirates,Papua New Guinea,Ahmed Raza,Amir Hayat,A Nao,1,0,,,,,,,,,
1134540,2017/18,2018-03-04,Harare Sports Club,1,46.6,United Arab Emirates,Papua New Guinea,Amir Hayat,Ahmed Raza,A Nao,1,0,,,,,,,,,
1134540,2017/18,2018-03-04,Harare Sports Club,1,47.1,United Arab Emirates,Papua New Guinea,Amir Hayat,Ahmed Raza,N Vanua,0,0,,,,,,,,,
1134540,2017/18,2018-03-04,Harare Sports Club,1,47.2,United Arab Emirates,Papua New Guinea,Amir Hayat,Ahmed Raza,N Vanua,0,0,,,,,,caught,Amir Hayat,,
1134540,2017/18,2018-03-04,Harare Sports Club,1,47.3,United Arab Emirates,Papua New Guinea,Ahmed Raza,Imran Haider,N Vanua,1,0,,,,,,,,,
1134540,2017/18,2018-03-04,Harare Sports Club,1,47.4,United Arab Emirates,Papua New Guinea,Imran Haider,Ahmed Raza,N Vanua,0,1,1,,,,,,,,
1134540,2017/18,2018-03-04,Harare Sports Club,1,47.5,United Arab Emirates,Papua New Guinea,Imran Haider,Ahmed Raza,N Vanua,1,0,,,,,,,,,
1134540,2017/18,2018-03-04,Harare Sports Club,1,47.6,United Arab Emirates,Papua New Guinea,Ahmed Raza,Imran Haider,N Vanua,1,0,,,,,,,,,
1134540,2017/18,2018-03-04,Harare Sports Club,1,47.7,United Arab Emirates,Papua New Guinea,Imran Haider,Ahmed Raza,N Vanua,1,0,,,,,,,,,
1134540,2017/18,2018-03-04,Harare Sports Club,1,48.1,United Arab Emirates,Papua New Guinea,Imran Haider,Ahmed Raza,A Nao,0,0,,,,,,,,,
1134540,2017/18,2018-03-04,Harare Sports Club,1,48.2,United Arab Emirates,Papua New Guinea,Imran Haider,Ahmed Raza,A Nao,0,0,,,,,,,,,
1134540,2017/18,2018-03-04,Harare Sports Club,1,48.3,United Arab Emirates,Papua New Guinea,Imran Haider,Ahmed Raza,A Nao,2,0,,,,,,,,,
1134540,2017/18,2018-03-04,Harare Sports Club,1,48.4,United Arab Emirates,Papua New Guinea,Imran Haider,Ahmed Raza,A Nao,0,0,,,,,,,,,
1134540,2017/18,2018-03-04,Harare Sports Club,1,48.5,United Arab Emirates,Papua New Guinea,Imran Haider,Ahmed Raza,A Nao,1,0,,,,,,,,,
1134540,2017/18,2018-03-04,Harare Sports Club,1,48.6,United Arab Emirates,Papua New Guinea,Ahmed Raza,Imran Haider,A Nao,0,0,,,,,,,,,
1134540,2017/18,2018-03-04,Harare Sports Club,1,49.1,United Arab Emirates,Papua New Guinea,Imran Haider,Ahmed Raza,N Vanua,0,0,,,,,,,,,
1134540,2017/18,2018-03-04,Harare Sports Club,1,49.2,United Arab Emirates,Papua New Guinea,Imran Haider,Ahmed Raza,N Vanua,0,0,,,,,,,,,
1134540,2017/18,2018-03-04,Harare Sports Club,1,49.3,United Arab Emirates,Papua New Guinea,Imran Haider,Ahmed Raza,N Vanua,0,0,,,,,,caught,Imran Haider,,
1134540,2017/18,2018-03-04,Harare Sports Club,1,49.4,United Arab Emirates,Papua New Guinea,Ahmed Raza,Mohammad Naveed,N Vanua,0,0,,,,,,caught,Ahmed Raza,,
1134540,2017/18,2018-03-04,Harare Sports Club,2,0.1,Papua New Guinea,United Arab Emirates,VV Morea,L Siaka,Mohammad Naveed,0,0,,,,,,,,,
1134540,2017/18,2018-03-04,Harare Sports Club,2,0.2,Papua New Guinea,United Arab Emirates,VV Morea,L Siaka,Mohammad Naveed,2,0,,,,,,,,,
1134540,2017/18,2018-03-04,Harare Sports Club,2,0.3,Papua New Guinea,United Arab Emirates,VV Morea,L Siaka,Mohammad Naveed,0,0,,,,,,,,,
1134540,2017/18,2018-03-04,Harare Sports Club,2,0.4,Papua New Guinea,United Arab Emirates,VV Morea,L Siaka,Mohammad Naveed,1,0,,,,,,,,,
1134540,2017/18,2018-03-04,Harare Sports Club,2,0.5,Papua New Guinea,United Arab Emirates,L Siaka,VV Morea,Mohammad Naveed,0,0,,,,,,bowled,L Siaka,,
1134540,2017/18,2018-03-04,Harare Sports Club,2,0.6,Papua New Guinea,United Arab Emirates,A Vala,VV Morea,Mohammad Naveed,0,0,,,,,,,,,
1134540,2017/18,2018-03-04,Harare Sports Club,2,1.1,Papua New Guinea,United Arab Emirates,VV Morea,A Vala,Amir Hayat,0,0,,,,,,,,,
1134540,2017/18,2018-03-04,Harare Sports Club,2,1.2,Papua New Guinea,United Arab Emirates,VV Morea,A Vala,Amir Hayat,3,0,,,,,,,,,
1134540,2017/18,2018-03-04,Harare Sports Club,2,1.3,Papua New Guinea,United Arab Emirates,A Vala,VV Morea,Amir Hayat,0,0,,,,,,,,,
1134540,2017/18,2018-03-04,Harare Sports Club,2,1.4,Papua New Guinea,United Arab Emirates,A Vala,VV Morea,Amir Hayat,0,0,,,,,,,,,
1134540,2017/18,2018-03-04,Harare Sports Club,2,1.5,Papua New Guinea,United Arab Emirates,A Vala,VV Morea,Amir Hayat,1,0,,,,,,,,,
1134540,2017/18,2018-03-04,Harare Sports Club,2,1.6,Papua New Guinea,United Arab Emirates,VV Morea,A Vala,Amir Hayat,0,0,,,,,,,,,
1134540,2017/18,2018-03-04,Harare Sports Club,2,2.1,Papua New Guinea,United Arab Emirates,A Vala,VV Morea,Mohammad Naveed,0,1,1,,,,,,,,
1134540,2017/18,2018-03-04,Harare Sports Club,2,2.2,Papua New Guinea,United Arab Emirates,A Vala,VV Morea,Mohammad Naveed,1,0,,,,,,,,,
1134540,2017/18,2018-03-04,Harare Sports Club,2,2.3,Papua New Guinea,United Arab Emirates,VV Morea,A Vala,Mohammad Naveed,4,0,,,,,,,,,
1134540,2017/18,2018-03-04,Harare Sports Club,2,2.4,Papua New Guinea,United Arab Emirates,VV Morea,A Vala,Mohammad Naveed,1,0,,,,,,,,,
1134540,2017/18,2018-03-04,Harare Sports Club,2,2.5,Papua New Guinea,United Arab Emirates,A Vala,VV Morea,Mohammad Naveed,0,0,,,,,,bowled,A Vala,,
1134540,2017/18,2018-03-04,Harare Sports Club,2,2.6,Papua New Guinea,United Arab Emirates,S Bau,VV Morea,Mohammad Naveed,0,0,,,,,,bowled,S Bau,,
1134540,2017/18,2018-03-04,Harare Sports Club,2,2.7,Papua New Guinea,United Arab Emirates,MD Dai,VV Morea,Mohammad Naveed,1,0,,,,,,,,,
1134540,2017/18,2018-03-04,Harare Sports Club,2,3.1,Papua New Guinea,United Arab Emirates,MD Dai,VV Morea,Amir Hayat,0,0,,,,,,,,,
1134540,2017/18,2018-03-04,Harare Sports Club,2,3.2,Papua New Guinea,United Arab Emirates,MD Dai,VV Morea,Amir Hayat,0,0,,,,,,,,,
1134540,2017/18,2018-03-04,Harare Sports Club,2,3.3,Papua New Guinea,United Arab Emirates,MD Dai,VV Morea,Amir Hayat,0,0,,,,,,,,,
1134540,2017/18,2018-03-04,Harare Sports Club,2,3.4,Papua New Guinea,United Arab Emirates,MD Dai,VV Morea,Amir Hayat,0,0,,,,,,,,,
1134540,2017/18,2018-03-04,Harare Sports Club,2,3.5,Papua New Guinea,United Arab Emirates,MD Dai,VV Morea,Amir Hayat,4,0,,,,,,,,,
1134540,2017/18,2018-03-04,Harare Sports Club,2,3.6,Papua New Guinea,United Arab Emirates,MD Dai,VV Morea,Amir Hayat,0,0,,,,,,,,,
1134540,2017/18,2018-03-04,Harare Sports Club,2,4.1,Papua New Guinea,United Arab Emirates,VV Morea,MD Dai,Mohammad Naveed,0,0,,,,,,,,,
1134540,2017/18,2018-03-04,Harare Sports Club,2,4.2,Papua New Guinea,United Arab Emirates,VV Morea,MD Dai,Mohammad Naveed,0,0,,,,,,,,,
1134540,2017/18,2018-03-04,Harare Sports Club,2,4.3,Papua New Guinea,United Arab Emirates,VV Morea,MD Dai,Mohammad Naveed,0,0,,,,,,,,,
1134540,2017/18,2018-03-04,Harare Sports Club,2,4.4,Papua New Guinea,United Arab Emirates,VV Morea,MD Dai,Mohammad Naveed,1,0,,,,,,,,,
1134540,2017/18,2018-03-04,Harare Sports Club,2,4.5,Papua New Guinea,United Arab Emirates,MD Dai,VV Morea,Mohammad Naveed,3,0,,,,,,,,,
1134540,2017/18,2018-03-04,Harare Sports Club,2,4.6,Papua New Guinea,United Arab Emirates,VV Morea,MD Dai,Mohammad Naveed,0,0,,,,,,lbw,VV Morea,,
1134540,2017/18,2018-03-04,Harare Sports Club,2,5.1,Papua New Guinea,United Arab Emirates,MD Dai,CJA Amini,Ahmed Raza,0,0,,,,,,,,,
1134540,2017/18,2018-03-04,Harare Sports Club,2,5.2,Papua New Guinea,United Arab Emirates,MD Dai,CJA Amini,Ahmed Raza,0,0,,,,,,,,,
1134540,2017/18,2018-03-04,Harare Sports Club,2,5.3,Papua New Guinea,United Arab Emirates,MD Dai,CJA Amini,Ahmed Raza,0,0,,,,,,,,,
1134540,2017/18,2018-03-04,Harare Sports Club,2,5.4,Papua New Guinea,United Arab Emirates,MD Dai,CJA Amini,Ahmed Raza,0,0,,,,,,,,,
1134540,2017/18,2018-03-04,Harare Sports Club,2,5.5,Papua New Guinea,United Arab Emirates,MD Dai,CJA Amini,Ahmed Raza,0,0,,,,,,,,,
1134540,2017/18,2018-03-04,Harare Sports Club,2,5.6,Papua New Guinea,United Arab Emirates,MD Dai,CJA Amini,Ahmed Raza,0,0,,,,,,,,,
1134540,2017/18,2018-03-04,Harare Sports Club,2,6.1,Papua New Guinea,United Arab Emirates,CJA Amini,MD Dai,Mohammad Naveed,0,0,,,,,,,,,
1134540,2017/18,2018-03-04,Harare Sports Club,2,6.2,Papua New Guinea,United Arab Emirates,CJA Amini,MD Dai,Mohammad Naveed,0,0,,,,,,,,,
1134540,2017/18,2018-03-04,Harare Sports Club,2,6.3,Papua New Guinea,United Arab Emirates,CJA Amini,MD Dai,Mohammad Naveed,0,0,,,,,,,,,
1134540,2017/18,2018-03-04,Harare Sports Club,2,6.4,Papua New Guinea,United Arab Emirates,CJA Amini,MD Dai,Mohammad Naveed,0,0,,,,,,,,,
1134540,2017/18,2018-03-04,Harare Sports Club,2,6.5,Papua New Guinea,United Arab Emirates,CJA Amini,MD Dai,Mohammad Naveed,2,0,,,,,,,,,
1134540,2017/18,2018-03-04,Harare Sports Club,2,6.6,Papua New Guinea,United Arab Emirates,CJA Amini,MD Dai,Mohammad Naveed,0,0,,,,,,,,,
1134540,2017/18,2018-03-04,Harare Sports Club,2,7.1,Papua New Guinea,United Arab Emirates,MD Dai,CJA Amini,Rohan Mustafa,1,0,,,,,,,,,
1134540,2017/18,2018-03-04,Harare Sports Club,2,7.2,Papua New Guinea,United Arab Emirates,CJA Amini,MD Dai,Rohan Mustafa,0,0,,,,,,,,,
1134540,2017/18,2018-03-04,Harare Sports Club,2,7.3,Papua New Guinea,United Arab Emirates,CJA Amini,MD Dai,Rohan Mustafa,1,0,,,,,,,,,
1134540,2017/18,2018-03-04,Harare Sports Club,2,7.4,Papua New Guinea,United Arab Emirates,MD Dai,CJA Amini,Rohan Mustafa,1,0,,,,,,,,,
1134540,2017/18,2018-03-04,Harare Sports Club,2,7.5,Papua New Guinea,United Arab Emirates,CJA Amini,MD Dai,Rohan Mustafa,0,0,,,,,,,,,
1134540,2017/18,2018-03-04,Harare Sports Club,2,7.6,Papua New Guinea,United Arab Emirates,CJA Amini,MD Dai,Rohan Mustafa,1,0,,,,,,,,,
1134540,2017/18,2018-03-04,Harare Sports Club,2,8.1,Papua New Guinea,United Arab Emirates,CJA Amini,MD Dai,Ahmed Raza,0,0,,,,,,,,,
1134540,2017/18,2018-03-04,Harare Sports Club,2,8.2,Papua New Guinea,United Arab Emirates,CJA Amini,MD Dai,Ahmed Raza,0,0,,,,,,,,,
1134540,2017/18,2018-03-04,Harare Sports Club,2,8.3,Papua New Guinea,United Arab Emirates,CJA Amini,MD Dai,Ahmed Raza,0,0,,,,,,,,,
1134540,2017/18,2018-03-04,Harare Sports Club,2,8.4,Papua New Guinea,United Arab Emirates,CJA Amini,MD Dai,Ahmed Raza,0,0,,,,,,,,,
1134540,2017/18,2018-03-04,Harare Sports Club,2,8.5,Papua New Guinea,United Arab Emirates,CJA Amini,MD Dai,Ahmed Raza,0,0,,,,,,,,,
1134540,2017/18,2018-03-04,Harare Sports Club,2,8.6,Papua New Guinea,United Arab Emirates,CJA Amini,MD Dai,Ahmed Raza,0,0,,,,,,,,,
1134540,2017/18,2018-03-04,Harare Sports Club,2,9.1,Papua New Guinea,United Arab Emirates,MD Dai,CJA Amini,Rohan Mustafa,0,0,,,,,,,,,
1134540,2017/18,2018-03-04,Harare Sports Club,2,9.2,Papua New Guinea,United Arab Emirates,MD Dai,CJA Amini,Rohan Mustafa,1,0,,,,,,,,,
1134540,2017/18,2018-03-04,Harare Sports Club,2,9.3,Papua New Guinea,United Arab Emirates,CJA Amini,MD Dai,Rohan Mustafa,0,0,,,,,,,,,
1134540,2017/18,2018-03-04,Harare Sports Club,2,9.4,Papua New Guinea,United Arab Emirates,CJA Amini,MD Dai,Rohan Mustafa,0,1,1,,,,,,,,
1134540,2017/18,2018-03-04,Harare Sports Club,2,9.5,Papua New Guinea,United Arab Emirates,CJA Amini,MD Dai,Rohan Mustafa,1,0,,,,,,,,,
1134540,2017/18,2018-03-04,Harare Sports Club,2,9.6,Papua New Guinea,United Arab Emirates,MD Dai,CJA Amini,Rohan Mustafa,0,0,,,,,,,,,
1134540,2017/18,2018-03-04,Harare Sports Club,2,9.7,Papua New Guinea,United Arab Emirates,MD Dai,CJA Amini,Rohan Mustafa,0,0,,,,,,,,,
1134540,2017/18,2018-03-04,Harare Sports Club,2,10.1,Papua New Guinea,United Arab Emirates,CJA Amini,MD Dai,Ahmed Raza,2,0,,,,,,,,,
1134540,2017/18,2018-03-04,Harare Sports Club,2,10.2,Papua New Guinea,United Arab Emirates,CJA Amini,MD Dai,Ahmed Raza,1,0,,,,,,,,,
1134540,2017/18,2018-03-04,Harare Sports Club,2,10.3,Papua New Guinea,United Arab Emirates,MD Dai,CJA Amini,Ahmed Raza,0,0,,,,,,,,,
1134540,2017/18,2018-03-04,Harare Sports Club,2,10.4,Papua New Guinea,United Arab Emirates,MD Dai,CJA Amini,Ahmed Raza,1,0,,,,,,,,,
1134540,2017/18,2018-03-04,Harare Sports Club,2,10.5,Papua New Guinea,United Arab Emirates,CJA Amini,MD Dai,Ahmed Raza,4,0,,,,,,,,,
1134540,2017/18,2018-03-04,Harare Sports Club,2,11.1,Papua New Guinea,United Arab Emirates,MD Dai,CJA Amini,Rohan Mustafa,0,0,,,,,,caught,MD Dai,,
1134540,2017/18,2018-03-04,Harare Sports Club,2,11.2,Papua New Guinea,United Arab Emirates,J Kila,CJA Amini,Rohan Mustafa,0,0,,,,,,,,,
1134540,2017/18,2018-03-04,Harare Sports Club,2,11.3,Papua New Guinea,United Arab Emirates,J Kila,CJA Amini,Rohan Mustafa,0,0,,,,,,,,,
1134540,2017/18,2018-03-04,Harare Sports Club,2,11.4,Papua New Guinea,United Arab Emirates,J Kila,CJA Amini,Rohan Mustafa,0,0,,,,,,,,,
1134540,2017/18,2018-03-04,Harare Sports Club,2,11.5,Papua New Guinea,United Arab Emirates,J Kila,CJA Amini,Rohan Mustafa,0,0,,,,,,,,,
1134540,2017/18,2018-03-04,Harare Sports Club,2,11.6,Papua New Guinea,United Arab Emirates,J Kila,CJA Amini,Rohan Mustafa,0,0,,,,,,,,,
1134540,2017/18,2018-03-04,Harare Sports Club,2,12.1,Papua New Guinea,United Arab Emirates,CJA Amini,J Kila,Imran Haider,1,0,,,,,,,,,
1134540,2017/18,2018-03-04,Harare Sports Club,2,12.2,Papua New Guinea,United Arab Emirates,J Kila,CJA Amini,Imran Haider,4,0,,,,,,,,,
1134540,2017/18,2018-03-04,Harare Sports Club,2,12.3,Papua New Guinea,United Arab Emirates,J Kila,CJA Amini,Imran Haider,1,0,,,,,,,,,
1134540,2017/18,2018-03-04,Harare Sports Club,2,12.4,Papua New Guinea,United Arab Emirates,CJA Amini,J Kila,Imran Haider,1,0,,,,,,,,,
1134540,2017/18,2018-03-04,Harare Sports Club,2,12.5,Papua New Guinea,United Arab Emirates,J Kila,CJA Amini,Imran Haider,0,0,,,,,,,,,
1134540,2017/18,2018-03-04,Harare Sports Club,2,12.6,Papua New Guinea,United Arab Emirates,J Kila,CJA Amini,Imran Haider,1,0,,,,,,,,,
1134540,2017/18,2018-03-04,Harare Sports Club,2,13.1,Papua New Guinea,United Arab Emirates,J Kila,CJA Amini,Shaiman Anwar,1,0,,,,,,,,,
1134540,2017/18,2018-03-04,Harare Sports Club,2,13.2,Papua New Guinea,United Arab Emirates,CJA Amini,J Kila,Shaiman Anwar,2,0,,,,,,,,,
1134540,2017/18,2018-03-04,Harare Sports Club,2,13.3,Papua New Guinea,United Arab Emirates,CJA Amini,J Kila,Shaiman Anwar,0,0,,,,,,,,,
1134540,2017/18,2018-03-04,Harare Sports Club,2,13.4,Papua New Guinea,United Arab Emirates,CJA Amini,J Kila,Shaiman Anwar,1,0,,,,,,,,,
1134540,2017/18,2018-03-04,Harare Sports Club,2,13.5,Papua New Guinea,United Arab Emirates,J Kila,CJA Amini,Shaiman Anwar,0,0,,,,,,,,,
1134540,2017/18,2018-03-04,Harare Sports Club,2,13.6,Papua New Guinea,United Arab Emirates,J Kila,CJA Amini,Shaiman Anwar,1,0,,,,,,,,,
1134540,2017/18,2018-03-04,Harare Sports Club,2,14.1,Papua New Guinea,United Arab Emirates,J Kila,CJA Amini,Imran Haider,0,0,,,,,,,,,
1134540,2017/18,2018-03-04,Harare Sports Club,2,14.2,Papua New Guinea,United Arab Emirates,J Kila,CJA Amini,Imran Haider,0,0,,,,,,,,,
1134540,2017/18,2018-03-04,Harare Sports Club,2,14.3,Papua New Guinea,United Arab Emirates,J Kila,CJA Amini,Imran Haider,0,0,,,,,,,,,
1134540,2017/18,2018-03-04,Harare Sports Club,2,14.4,Papua New Guinea,United Arab Emirates,J Kila,CJA Amini,Imran Haider,0,0,,,,,,,,,
1134540,2017/18,2018-03-04,Harare Sports Club,2,14.5,Papua New Guinea,United Arab Emirates,J Kila,CJA Amini,Imran Haider,0,0,,,,,,,,,
1134540,2017/18,2018-03-04,Harare Sports Club,2,14.6,Papua New Guinea,United Arab Emirates,J Kila,CJA Amini,Imran Haider,0,0,,,,,,,,,
1134540,2017/18,2018-03-04,Harare Sports Club,2,15.1,Papua New Guinea,United Arab Emirates,CJA Amini,J Kila,Shaiman Anwar,4,0,,,,,,,,,
1134540,2017/18,2018-03-04,Harare Sports Club,2,15.2,Papua New Guinea,United Arab Emirates,CJA Amini,J Kila,Shaiman Anwar,1,0,,,,,,,,,
1134540,2017/18,2018-03-04,Harare Sports Club,2,15.3,Papua New Guinea,United Arab Emirates,J Kila,CJA Amini,Shaiman Anwar,4,0,,,,,,,,,
1134540,2017/18,2018-03-04,Harare Sports Club,2,15.4,Papua New Guinea,United Arab Emirates,J Kila,CJA Amini,Shaiman Anwar,1,0,,,,,,,,,
1134540,2017/18,2018-03-04,Harare Sports Club,2,15.5,Papua New Guinea,United Arab Emirates,CJA Amini,J Kila,Shaiman Anwar,0,0,,,,,,,,,
1134540,2017/18,2018-03-04,Harare Sports Club,2,15.6,Papua New Guinea,United Arab Emirates,CJA Amini,J Kila,Shaiman Anwar,1,0,,,,,,,,,
1134540,2017/18,2018-03-04,Harare Sports Club,2,16.1,Papua New Guinea,United Arab Emirates,CJA Amini,J Kila,Imran Haider,1,0,,,,,,run out,CJA Amini,,
1134540,2017/18,2018-03-04,Harare Sports Club,2,16.2,Papua New Guinea,United Arab Emirates,JNT Vare,J Kila,Imran Haider,1,0,,,,,,,,,
1134540,2017/18,2018-03-04,Harare Sports Club,2,16.3,Papua New Guinea,United Arab Emirates,J Kila,JNT Vare,Imran Haider,0,0,,,,,,caught,J Kila,,
1134540,2017/18,2018-03-04,Harare Sports Club,2,16.4,Papua New Guinea,United Arab Emirates,JNT Vare,CA Soper,Imran Haider,0,0,,,,,,,,,
1134540,2017/18,2018-03-04,Harare Sports Club,2,16.5,Papua New Guinea,United Arab Emirates,JNT Vare,CA Soper,Imran Haider,1,0,,,,,,,,,
1134540,2017/18,2018-03-04,Harare Sports Club,2,16.6,Papua New Guinea,United Arab Emirates,CA Soper,JNT Vare,Imran Haider,0,0,,,,,,,,,
1134540,2017/18,2018-03-04,Harare Sports Club,2,17.1,Papua New Guinea,United Arab Emirates,JNT Vare,CA Soper,Ahmed Raza,0,0,,,,,,,,,
1134540,2017/18,2018-03-04,Harare Sports Club,2,17.2,Papua New Guinea,United Arab Emirates,JNT Vare,CA Soper,Ahmed Raza,0,0,,,,,,,,,
1134540,2017/18,2018-03-04,Harare Sports Club,2,17.3,Papua New Guinea,United Arab Emirates,JNT Vare,CA Soper,Ahmed Raza,0,0,,,,,,,,,
1134540,2017/18,2018-03-04,Harare Sports Club,2,17.4,Papua New Guinea,United Arab Emirates,JNT Vare,CA Soper,Ahmed Raza,0,0,,,,,,,,,
1134540,2017/18,2018-03-04,Harare Sports Club,2,17.5,Papua New Guinea,United Arab Emirates,JNT Vare,CA Soper,Ahmed Raza,1,0,,,,,,,,,
1134540,2017/18,2018-03-04,Harare Sports Club,2,17.6,Papua New Guinea,United Arab Emirates,CA Soper,JNT Vare,Ahmed Raza,0,0,,,,,,,,,
1134540,2017/18,2018-03-04,Harare Sports Club,2,18.1,Papua New Guinea,United Arab Emirates,JNT Vare,CA Soper,Imran Haider,0,0,,,,,,,,,
1134540,2017/18,2018-03-04,Harare Sports Club,2,18.2,Papua New Guinea,United Arab Emirates,JNT Vare,CA Soper,Imran Haider,0,0,,,,,,,,,
1134540,2017/18,2018-03-04,Harare Sports Club,2,18.3,Papua New Guinea,United Arab Emirates,JNT Vare,CA Soper,Imran Haider,0,0,,,,,,,,,
1134540,2017/18,2018-03-04,Harare Sports Club,2,18.4,Papua New Guinea,United Arab Emirates,JNT Vare,CA Soper,Imran Haider,1,0,,,,,,,,,
1134540,2017/18,2018-03-04,Harare Sports Club,2,18.5,Papua New Guinea,United Arab Emirates,CA Soper,JNT Vare,Imran Haider,1,0,,,,,,,,,
1134540,2017/18,2018-03-04,Harare Sports Club,2,18.6,Papua New Guinea,United Arab Emirates,JNT Vare,CA Soper,Imran Haider,0,0,,,,,,bowled,JNT Vare,,
1134540,2017/18,2018-03-04,Harare Sports Club,2,19.1,Papua New Guinea,United Arab Emirates,CA Soper,N Vanua,Ahmed Raza,0,0,,,,,,,,,
1134540,2017/18,2018-03-04,Harare Sports Club,2,19.2,Papua New Guinea,United Arab Emirates,CA Soper,N Vanua,Ahmed Raza,1,0,,,,,,,,,
1134540,2017/18,2018-03-04,Harare Sports Club,2,19.3,Papua New Guinea,United Arab Emirates,N Vanua,CA Soper,Ahmed Raza,0,0,,,,,,,,,
1134540,2017/18,2018-03-04,Harare Sports Club,2,19.4,Papua New Guinea,United Arab Emirates,N Vanua,CA Soper,Ahmed Raza,0,0,,,,,,,,,
1134540,2017/18,2018-03-04,Harare Sports Club,2,19.5,Papua New Guinea,United Arab Emirates,N Vanua,CA Soper,Ahmed Raza,0,0,,,,,,,,,
1134540,2017/18,2018-03-04,Harare Sports Club,2,19.6,Papua New Guinea,United Arab Emirates,N Vanua,CA Soper,Ahmed Raza,0,0,,,,,,,,,
1134540,2017/18,2018-03-04,Harare Sports Club,2,20.1,Papua New Guinea,United Arab Emirates,CA Soper,N Vanua,Mohammad Naveed,1,0,,,,,,,,,
1134540,2017/18,2018-03-04,Harare Sports Club,2,20.2,Papua New Guinea,United Arab Emirates,N Vanua,CA Soper,Mohammad Naveed,0,0,,,,,,,,,
1134540,2017/18,2018-03-04,Harare Sports Club,2,20.3,Papua New Guinea,United Arab Emirates,N Vanua,CA Soper,Mohammad Naveed,1,0,,,,,,,,,
1134540,2017/18,2018-03-04,Harare Sports Club,2,20.4,Papua New Guinea,United Arab Emirates,CA Soper,N Vanua,Mohammad Naveed,0,0,,,,,,,,,
1134540,2017/18,2018-03-04,Harare Sports Club,2,20.5,Papua New Guinea,United Arab Emirates,CA Soper,N Vanua,Mohammad Naveed,6,0,,,,,,,,,
1134540,2017/18,2018-03-04,Harare Sports Club,2,20.6,Papua New Guinea,United Arab Emirates,CA Soper,N Vanua,Mohammad Naveed,2,0,,,,,,,,,
1134540,2017/18,2018-03-04,Harare Sports Club,2,21.1,Papua New Guinea,United Arab Emirates,N Vanua,CA Soper,Ahmed Raza,0,1,1,,,,,,,,
1134540,2017/18,2018-03-04,Harare Sports Club,2,21.2,Papua New Guinea,United Arab Emirates,N Vanua,CA Soper,Ahmed Raza,2,0,,,,,,,,,
1134540,2017/18,2018-03-04,Harare Sports Club,2,21.3,Papua New Guinea,United Arab Emirates,N Vanua,CA Soper,Ahmed Raza,1,0,,,,,,,,,
1134540,2017/18,2018-03-04,Harare Sports Club,2,21.4,Papua New Guinea,United Arab Emirates,CA Soper,N Vanua,Ahmed Raza,1,0,,,,,,,,,
1134540,2017/18,2018-03-04,Harare Sports Club,2,21.5,Papua New Guinea,United Arab Emirates,N Vanua,CA Soper,Ahmed Raza,0,0,,,,,,,,,
1134540,2017/18,2018-03-04,Harare Sports Club,2,21.6,Papua New Guinea,United Arab Emirates,N Vanua,CA Soper,Ahmed Raza,6,0,,,,,,,,,
1134540,2017/18,2018-03-04,Harare Sports Club,2,21.7,Papua New Guinea,United Arab Emirates,N Vanua,CA Soper,Ahmed Raza,0,1,1,,,,,,,,
1134540,2017/18,2018-03-04,Harare Sports Club,2,21.8,Papua New Guinea,United Arab Emirates,N Vanua,CA Soper,Ahmed Raza,1,0,,,,,,,,,
1134540,2017/18,2018-03-04,Harare Sports Club,2,22.1,Papua New Guinea,United Arab Emirates,N Vanua,CA Soper,Imran Haider,4,0,,,,,,,,,
1134540,2017/18,2018-03-04,Harare Sports Club,2,22.2,Papua New Guinea,United Arab Emirates,N Vanua,CA Soper,Imran Haider,1,0,,,,,,,,,
1134540,2017/18,2018-03-04,Harare Sports Club,2,22.3,Papua New Guinea,United Arab Emirates,CA Soper,N Vanua,Imran Haider,2,0,,,,,,,,,
1134540,2017/18,2018-03-04,Harare Sports Club,2,22.4,Papua New Guinea,United Arab Emirates,CA Soper,N Vanua,Imran Haider,1,0,,,,,,,,,
1134540,2017/18,2018-03-04,Harare Sports Club,2,22.5,Papua New Guinea,United Arab Emirates,N Vanua,CA Soper,Imran Haider,0,0,,,,,,,,,
1134540,2017/18,2018-03-04,Harare Sports Club,2,22.6,Papua New Guinea,United Arab Emirates,N Vanua,CA Soper,Imran Haider,0,0,,,,,,,,,
1134540,2017/18,2018-03-04,Harare Sports Club,2,23.1,Papua New Guinea,United Arab Emirates,CA Soper,N Vanua,Rohan Mustafa,1,0,,,,,,,,,
1134540,2017/18,2018-03-04,Harare Sports Club,2,23.2,Papua New Guinea,United Arab Emirates,N Vanua,CA Soper,Rohan Mustafa,0,0,,,,,,,,,
1134540,2017/18,2018-03-04,Harare Sports Club,2,23.3,Papua New Guinea,United Arab Emirates,N Vanua,CA Soper,Rohan Mustafa,0,1,,,1,,,,,,
1134540,2017/18,2018-03-04,Harare Sports Club,2,23.4,Papua New Guinea,United Arab Emirates,CA Soper,N Vanua,Rohan Mustafa,1,0,,,,,,,,,
1134540,2017/18,2018-03-04,Harare Sports Club,2,23.5,Papua New Guinea,United Arab Emirates,N Vanua,CA Soper,Rohan Mustafa,1,0,,,,,,,,,
1134540,2017/18,2018-03-04,Harare Sports Club,2,23.6,Papua New Guinea,United Arab Emirates,CA Soper,N Vanua,Rohan Mustafa,1,0,,,,,,,,,
1134540,2017/18,2018-03-04,Harare Sports Club,2,24.1,Papua New Guinea,United Arab Emirates,CA Soper,N Vanua,Amir Hayat,1,0,,,,,,,,,
1134540,2017/18,2018-03-04,Harare Sports Club,2,24.2,Papua New Guinea,United Arab Emirates,N Vanua,CA Soper,Amir Hayat,1,0,,,,,,,,,
1134540,2017/18,2018-03-04,Harare Sports Club,2,24.3,Papua New Guinea,United Arab Emirates,CA Soper,N Vanua,Amir Hayat,0,0,,,,,,,,,
1134540,2017/18,2018-03-04,Harare Sports Club,2,24.4,Papua New Guinea,United Arab Emirates,CA Soper,N Vanua,Amir Hayat,0,0,,,,,,bowled,CA Soper,,
1134540,2017/18,2018-03-04,Harare Sports Club,2,24.5,Papua New Guinea,United Arab Emirates,A Nao,N Vanua,Amir Hayat,1,0,,,,,,,,,
1134540,2017/18,2018-03-04,Harare Sports Club,2,24.6,Papua New Guinea,United Arab Emirates,N Vanua,A Nao,Amir Hayat,2,0,,,,,,,,,
1134540,2017/18,2018-03-04,Harare Sports Club,2,25.1,Papua New Guinea,United Arab Emirates,A Nao,N Vanua,Mohammad Naveed,0,0,,,,,,,,,
1134540,2017/18,2018-03-04,Harare Sports Club,2,25.2,Papua New Guinea,United Arab Emirates,A Nao,N Vanua,Mohammad Naveed,0,0,,,,,,,,,
1134540,2017/18,2018-03-04,Harare Sports Club,2,25.3,Papua New Guinea,United Arab Emirates,A Nao,N Vanua,Mohammad Naveed,1,0,,,,,,,,,
1134540,2017/18,2018-03-04,Harare Sports Club,2,25.4,Papua New Guinea,United Arab Emirates,N Vanua,A Nao,Mohammad Naveed,0,0,,,,,,,,,
1134540,2017/18,2018-03-04,Harare Sports Club,2,25.5,Papua New Guinea,United Arab Emirates,N Vanua,A Nao,Mohammad Naveed,0,0,,,,,,caught,N Vanua,,
