match_id,season,start_date,venue,innings,ball,batting_team,bowling_team,striker,non_striker,bowler,runs_off_bat,extras,wides,noballs,byes,legbyes,penalty,wicket_type,player_dismissed,other_wicket_type,other_player_dismissed
1140382,2018/19,2018-10-20,Pallekele International Cricket Stadium,1,0.1,Sri Lanka,England,N Dickwella,S Samarawickrama,CR Woakes,0,0,,,,,,,,,
1140382,2018/19,2018-10-20,Pallekele International Cricket Stadium,1,0.2,Sri Lanka,England,N Dickwella,S Samarawickrama,CR Woakes,0,0,,,,,,,,,
1140382,2018/19,2018-10-20,Pallekele International Cricket Stadium,1,0.3,Sri Lanka,England,N Dickwella,S Samarawickrama,CR Woakes,0,0,,,,,,,,,
1140382,2018/19,2018-10-20,Pallekele International Cricket Stadium,1,0.4,Sri Lanka,England,N Dickwella,S Samarawickrama,CR Woakes,1,0,,,,,,,,,
1140382,2018/19,2018-10-20,Pallekele International Cricket Stadium,1,0.5,Sri Lanka,England,S Samarawickrama,N Dickwella,CR Woakes,0,0,,,,,,,,,
1140382,2018/19,2018-10-20,Pallekele International Cricket Stadium,1,0.6,Sri Lanka,England,S Samarawickrama,N Dickwella,CR Woakes,0,0,,,,,,,,,
1140382,2018/19,2018-10-20,Pallekele International Cricket Stadium,1,1.1,Sri Lanka,England,N Dickwella,S Samarawickrama,OP Stone,0,0,,,,,,,,,
1140382,2018/19,2018-10-20,Pallekele International Cricket Stadium,1,1.2,Sri Lanka,England,N Dickwella,S Samarawickrama,OP Stone,0,0,,,,,,,,,
1140382,2018/19,2018-10-20,Pallekele International Cricket Stadium,1,1.3,Sri Lanka,England,N Dickwella,S Samarawickrama,OP Stone,2,0,,,,,,,,,
1140382,2018/19,2018-10-20,Pallekele International Cricket Stadium,1,1.4,Sri Lanka,England,N Dickwella,S Samarawickrama,OP Stone,0,0,,,,,,,,,
1140382,2018/19,2018-10-20,Pallekele International Cricket Stadium,1,1.5,Sri Lanka,England,N Dickwella,S Samarawickrama,OP Stone,4,0,,,,,,,,,
1140382,2018/19,2018-10-20,Pallekele International Cricket Stadium,1,1.6,Sri Lanka,England,N Dickwella,S Samarawickrama,OP Stone,0,4,,,,4,,,,,
1140382,2018/19,2018-10-20,Pallekele International Cricket Stadium,1,2.1,Sri Lanka,England,S Samarawickrama,N Dickwella,CR Woakes,0,0,,,,,,,,,
1140382,2018/19,2018-10-20,Pallekele International Cricket Stadium,1,2.2,Sri Lanka,England,S Samarawickrama,N Dickwella,CR Woakes,1,0,,,,,,,,,
1140382,2018/19,2018-10-20,Pallekele International Cricket Stadium,1,2.3,Sri Lanka,England,N Dickwella,S Samarawickrama,CR Woakes,0,0,,,,,,,,,
1140382,2018/19,2018-10-20,Pallekele International Cricket Stadium,1,2.4,Sri Lanka,England,N Dickwella,S Samarawickrama,CR Woakes,0,0,,,,,,,,,
1140382,2018/19,2018-10-20,Pallekele International Cricket Stadium,1,2.5,Sri Lanka,England,N Dickwella,S Samarawickrama,CR Woakes,0,0,,,,,,,,,
1140382,2018/19,2018-10-20,Pallekele International Cricket Stadium,1,2.6,Sri Lanka,England,N Dickwella,S Samarawickrama,CR Woakes,0,1,,,,1,,,,,
1140382,2018/19,2018-10-20,Pallekele International Cricket Stadium,1,3.1,Sri Lanka,England,N Dickwella,S Samarawickrama,OP Stone,4,0,,,,,,,,,
1140382,2018/19,2018-10-20,Pallekele International Cricket Stadium,1,3.2,Sri Lanka,England,N Dickwella,S Samarawickrama,OP Stone,0,0,,,,,,,,,
1140382,2018/19,2018-10-20,Pallekele International Cricket Stadium,1,3.3,Sri Lanka,England,N Dickwella,S Samarawickrama,OP Stone,0,0,,,,,,,,,
1140382,2018/19,2018-10-20,Pallekele International Cricket Stadium,1,3.4,Sri Lanka,England,N Dickwella,S Samarawickrama,OP Stone,1,0,,,,,,,,,
1140382,2018/19,2018-10-20,Pallekele International Cricket Stadium,1,3.5,Sri Lanka,England,S Samarawickrama,N Dickwella,OP Stone,0,0,,,,,,,,,
1140382,2018/19,2018-10-20,Pallekele International Cricket Stadium,1,3.6,Sri Lanka,England,S Samarawickrama,N Dickwella,OP Stone,0,0,,,,,,,,,
1140382,2018/19,2018-10-20,Pallekele International Cricket Stadium,1,4.1,Sri Lanka,England,N Dickwella,S Samarawickrama,CR Woakes,1,0,,,,,,,,,
1140382,2018/19,2018-10-20,Pallekele International Cricket Stadium,1,4.2,Sri Lanka,England,S Samarawickrama,N Dickwella,CR Woakes,0,0,,,,,,caught,S Samarawickrama,,
1140382,2018/19,2018-10-20,Pallekele International Cricket Stadium,1,4.3,Sri Lanka,England,LD Chandimal,N Dickwella,CR Woakes,0,0,,,,,,,,,
1140382,2018/19,2018-10-20,Pallekele International Cricket Stadium,1,4.4,Sri Lanka,England,LD Chandimal,N Dickwella,CR Woakes,0,0,,,,,,,,,
1140382,2018/19,2018-10-20,Pallekele International Cricket Stadium,1,4.5,Sri Lanka,England,LD Chandimal,N Dickwella,CR Woakes,0,0,,,,,,,,,
1140382,2018/19,2018-10-20,Pallekele International Cricket Stadium,1,4.6,Sri Lanka,England,LD Chandimal,N Dickwella,CR Woakes,0,0,,,,,,,,,
1140382,2018/19,2018-10-20,Pallekele International Cricket Stadium,1,5.1,Sri Lanka,England,N Dickwella,LD Chandimal,OP Stone,1,0,,,,,,,,,
1140382,2018/19,2018-10-20,Pallekele International Cricket Stadium,1,5.2,Sri Lanka,England,LD Chandimal,N Dickwella,OP Stone,4,0,,,,,,,,,
1140382,2018/19,2018-10-20,Pallekele International Cricket Stadium,1,5.3,Sri Lanka,England,LD Chandimal,N Dickwella,OP Stone,0,0,,,,,,,,,
1140382,2018/19,2018-10-20,Pallekele International Cricket Stadium,1,5.4,Sri Lanka,England,LD Chandimal,N Dickwella,OP Stone,0,0,,,,,,,,,
1140382,2018/19,2018-10-20,Pallekele International Cricket Stadium,1,5.5,Sri Lanka,England,LD Chandimal,N Dickwella,OP Stone,0,1,1,,,,,,,,
1140382,2018/19,2018-10-20,Pallekele International Cricket Stadium,1,5.6,Sri Lanka,England,LD Chandimal,N Dickwella,OP Stone,0,0,,,,,,,,,
1140382,2018/19,2018-10-20,Pallekele International Cricket Stadium,1,5.7,Sri Lanka,England,LD Chandimal,N Dickwella,OP Stone,0,0,,,,,,,,,
1140382,2018/19,2018-10-20,Pallekele International Cricket Stadium,1,6.1,Sri Lanka,England,N Dickwella,LD Chandimal,CR Woakes,0,0,,,,,,,,,
1140382,2018/19,2018-10-20,Pallekele International Cricket Stadium,1,6.2,Sri Lanka,England,N Dickwella,LD Chandimal,CR Woakes,4,0,,,,,,,,,
1140382,2018/19,2018-10-20,Pallekele International Cricket Stadium,1,6.3,Sri Lanka,England,N Dickwella,LD Chandimal,CR Woakes,0,0,,,,,,,,,
1140382,2018/19,2018-10-20,Pallekele International Cricket Stadium,1,6.4,Sri Lanka,England,N Dickwella,LD Chandimal,CR Woakes,0,0,,,,,,,,,
1140382,2018/19,2018-10-20,Pallekele International Cricket Stadium,1,6.5,Sri Lanka,England,N Dickwella,LD Chandimal,CR Woakes,0,0,,,,,,,,,
1140382,2018/19,2018-10-20,Pallekele International Cricket Stadium,1,6.6,Sri Lanka,England,N Dickwella,LD Chandimal,CR Woakes,0,0,,,,,,,,,
1140382,2018/19,2018-10-20,Pallekele International Cricket Stadium,1,7.1,Sri Lanka,England,LD Chandimal,N Dickwella,OP Stone,0,0,,,,,,,,,
1140382,2018/19,2018-10-20,Pallekele International Cricket Stadium,1,7.2,Sri Lanka,England,LD Chandimal,N Dickwella,OP Stone,0,0,,,,,,,,,
1140382,2018/19,2018-10-20,Pallekele International Cricket Stadium,1,7.3,Sri Lanka,England,LD Chandimal,N Dickwella,OP Stone,0,0,,,,,,,,,
1140382,2018/19,2018-10-20,Pallekele International Cricket Stadium,1,7.4,Sri Lanka,England,LD Chandimal,N Dickwella,OP Stone,0,0,,,,,,,,,
1140382,2018/19,2018-10-20,Pallekele International Cricket Stadium,1,7.5,Sri Lanka,England,LD Chandimal,N Dickwella,OP Stone,1,0,,,,,,,,,
1140382,2018/19,2018-10-20,Pallekele International Cricket Stadium,1,7.6,Sri Lanka,England,N Dickwella,LD Chandimal,OP Stone,4,0,,,,,,,,,
1140382,2018/19,2018-10-20,Pallekele International Cricket Stadium,1,8.1,Sri Lanka,England,LD Chandimal,N Dickwella,CR Woakes,0,0,,,,,,,,,
1140382,2018/19,2018-10-20,Pallekele International Cricket Stadium,1,8.2,Sri Lanka,England,LD Chandimal,N Dickwella,CR Woakes,1,0,,,,,,,,,
1140382,2018/19,2018-10-20,Pallekele International Cricket Stadium,1,8.3,Sri Lanka,England,N Dickwella,LD Chandimal,CR Woakes,0,0,,,,,,,,,
1140382,2018/19,2018-10-20,Pallekele International Cricket Stadium,1,8.4,Sri Lanka,England,N Dickwella,LD Chandimal,CR Woakes,1,0,,,,,,,,,
1140382,2018/19,2018-10-20,Pallekele International Cricket Stadium,1,8.5,Sri Lanka,England,LD Chandimal,N Dickwella,CR Woakes,0,0,,,,,,,,,
1140382,2018/19,2018-10-20,Pallekele International Cricket Stadium,1,8.6,Sri Lanka,England,LD Chandimal,N Dickwella,CR Woakes,1,0,,,,,,,,,
1140382,2018/19,2018-10-20,Pallekele International Cricket Stadium,1,9.1,Sri Lanka,England,LD Chandimal,N Dickwella,TK Curran,4,0,,,,,,,,,
1140382,2018/19,2018-10-20,Pallekele International Cricket Stadium,1,9.2,Sri Lanka,England,LD Chandimal,N Dickwella,TK Curran,2,0,,,,,,,,,
1140382,2018/19,2018-10-20,Pallekele International Cricket Stadium,1,9.3,Sri Lanka,England,LD Chandimal,N Dickwella,TK Curran,0,0,,,,,,,,,
1140382,2018/19,2018-10-20,Pallekele International Cricket Stadium,1,9.4,Sri Lanka,England,LD Chandimal,N Dickwella,TK Curran,1,0,,,,,,,,,
1140382,2018/19,2018-10-20,Pallekele International Cricket Stadium,1,9.5,Sri Lanka,England,N Dickwella,LD Chandimal,TK Curran,0,0,,,,,,,,,
1140382,2018/19,2018-10-20,Pallekele International Cricket Stadium,1,9.6,Sri Lanka,England,N Dickwella,LD Chandimal,TK Curran,0,0,,,,,,,,,
1140382,2018/19,2018-10-20,Pallekele International Cricket Stadium,1,10.1,Sri Lanka,England,LD Chandimal,N Dickwella,MM Ali,0,0,,,,,,,,,
1140382,2018/19,2018-10-20,Pallekele International Cricket Stadium,1,10.2,Sri Lanka,England,LD Chandimal,N Dickwella,MM Ali,1,0,,,,,,,,,
1140382,2018/19,2018-10-20,Pallekele International Cricket Stadium,1,10.3,Sri Lanka,England,N Dickwella,LD Chandimal,MM Ali,0,0,,,,,,,,,
1140382,2018/19,2018-10-20,Pallekele International Cricket Stadium,1,10.4,Sri Lanka,England,N Dickwella,LD Chandimal,MM Ali,1,0,,,,,,,,,
1140382,2018/19,2018-10-20,Pallekele International Cricket Stadium,1,10.5,Sri Lanka,England,LD Chandimal,N Dickwella,MM Ali,0,0,,,,,,,,,
1140382,2018/19,2018-10-20,Pallekele International Cricket Stadium,1,10.6,Sri Lanka,England,LD Chandimal,N Dickwella,MM Ali,1,0,,,,,,,,,
1140382,2018/19,2018-10-20,Pallekele International Cricket Stadium,1,11.1,Sri Lanka,England,LD Chandimal,N Dickwella,TK Curran,1,0,,,,,,,,,
1140382,2018/19,2018-10-20,Pallekele International Cricket Stadium,1,11.2,Sri Lanka,England,N Dickwella,LD Chandimal,TK Curran,2,0,,,,,,,,,
1140382,2018/19,2018-10-20,Pallekele International Cricket Stadium,1,11.3,Sri Lanka,England,N Dickwella,LD Chandimal,TK Curran,1,0,,,,,,,,,
1140382,2018/19,2018-10-20,Pallekele International Cricket Stadium,1,11.4,Sri Lanka,England,LD Chandimal,N Dickwella,TK Curran,1,0,,,,,,,,,
1140382,2018/19,2018-10-20,Pallekele International Cricket Stadium,1,11.5,Sri Lanka,England,N Dickwella,LD Chandimal,TK Curran,1,0,,,,,,,,,
1140382,2018/19,2018-10-20,Pallekele International Cricket Stadium,1,11.6,Sri Lanka,England,LD Chandimal,N Dickwella,TK Curran,1,0,,,,,,,,,
1140382,2018/19,2018-10-20,Pallekele International Cricket Stadium,1,12.1,Sri Lanka,England,LD Chandimal,N Dickwella,MM Ali,1,0,,,,,,,,,
1140382,2018/19,2018-10-20,Pallekele International Cricket Stadium,1,12.2,Sri Lanka,England,N Dickwella,LD Chandimal,MM Ali,0,0,,,,,,,,,
1140382,2018/19,2018-10-20,Pallekele International Cricket Stadium,1,12.3,Sri Lanka,England,N Dickwella,LD Chandimal,MM Ali,1,0,,,,,,,,,
1140382,2018/19,2018-10-20,Pallekele International Cricket Stadium,1,12.4,Sri Lanka,England,LD Chandimal,N Dickwella,MM Ali,1,0,,,,,,,,,
1140382,2018/19,2018-10-20,Pallekele International Cricket Stadium,1,12.5,Sri Lanka,England,N Dickwella,LD Chandimal,MM Ali,1,0,,,,,,,,,
1140382,2018/19,2018-10-20,Pallekele International Cricket Stadium,1,12.6,Sri Lanka,England,LD Chandimal,N Dickwella,MM Ali,1,0,,,,,,,,,
1140382,2018/19,2018-10-20,Pallekele International Cricket Stadium,1,13.1,Sri Lanka,England,LD Chandimal,N Dickwella,AU Rashid,0,0,,,,,,,,,
1140382,2018/19,2018-10-20,Pallekele International Cricket Stadium,1,13.2,Sri Lanka,England,LD Chandimal,N Dickwella,AU Rashid,1,0,,,,,,,,,
1140382,2018/19,2018-10-20,Pallekele International Cricket Stadium,1,13.3,Sri Lanka,England,N Dickwella,LD Chandimal,AU Rashid,0,0,,,,,,,,,
1140382,2018/19,2018-10-20,Pallekele International Cricket Stadium,1,13.4,Sri Lanka,England,N Dickwella,LD Chandimal,AU Rashid,1,0,,,,,,,,,
1140382,2018/19,2018-10-20,Pallekele International Cricket Stadium,1,13.5,Sri Lanka,England,LD Chandimal,N Dickwella,AU Rashid,1,0,,,,,,,,,
1140382,2018/19,2018-10-20,Pallekele International Cricket Stadium,1,13.6,Sri Lanka,England,N Dickwella,LD Chandimal,AU Rashid,0,0,,,,,,,,,
1140382,2018/19,2018-10-20,Pallekele International Cricket Stadium,1,14.1,Sri Lanka,England,LD Chandimal,N Dickwella,MM Ali,1,0,,,,,,,,,
1140382,2018/19,2018-10-20,Pallekele International Cricket Stadium,1,14.2,Sri Lanka,England,N Dickwella,LD Chandimal,MM Ali,1,0,,,,,,,,,
1140382,2018/19,2018-10-20,Pallekele International Cricket Stadium,1,14.3,Sri Lanka,England,LD Chandimal,N Dickwella,MM Ali,1,0,,,,,,,,,
1140382,2018/19,2018-10-20,Pallekele International Cricket Stadium,1,14.4,Sri Lanka,England,N Dickwella,LD Chandimal,MM Ali,1,0,,,,,,,,,
1140382,2018/19,2018-10-20,Pallekele International Cricket Stadium,1,14.5,Sri Lanka,England,LD Chandimal,N Dickwella,MM Ali,0,1,1,,,,,,,,
1140382,2018/19,2018-10-20,Pallekele International Cricket Stadium,1,14.6,Sri Lanka,England,LD Chandimal,N Dickwella,MM Ali,1,0,,,,,,,,,
1140382,2018/19,2018-10-20,Pallekele International Cricket Stadium,1,14.7,Sri Lanka,England,N Dickwella,LD Chandimal,MM Ali,1,0,,,,,,,,,
1140382,2018/19,2018-10-20,Pallekele International Cricket Stadium,1,15.1,Sri Lanka,England,N Dickwella,LD Chandimal,AU Rashid,2,0,,,,,,,,,
1140382,2018/19,2018-10-20,Pallekele International Cricket Stadium,1,15.2,Sri Lanka,England,N Dickwella,LD Chandimal,AU Rashid,0,0,,,,,,,,,
1140382,2018/19,2018-10-20,Pallekele International Cricket Stadium,1,15.3,Sri Lanka,England,N Dickwella,LD Chandimal,AU Rashid,1,0,,,,,,,,,
1140382,2018/19,2018-10-20,Pallekele International Cricket Stadium,1,15.4,Sri Lanka,England,LD Chandimal,N Dickwella,AU Rashid,0,0,,,,,,,,,
1140382,2018/19,2018-10-20,Pallekele International Cricket Stadium,1,15.5,Sri Lanka,England,LD Chandimal,N Dickwella,AU Rashid,1,0,,,,,,,,,
1140382,2018/19,2018-10-20,Pallekele International Cricket Stadium,1,15.6,Sri Lanka,England,N Dickwella,LD Chandimal,AU Rashid,0,0,,,,,,,,,
1140382,2018/19,2018-10-20,Pallekele International Cricket Stadium,1,16.1,Sri Lanka,England,LD Chandimal,N Dickwella,MM Ali,1,0,,,,,,,,,
1140382,2018/19,2018-10-20,Pallekele International Cricket Stadium,1,16.2,Sri Lanka,England,N Dickwella,LD Chandimal,MM Ali,0,0,,,,,,,,,
1140382,2018/19,2018-10-20,Pallekele International Cricket Stadium,1,16.3,Sri Lanka,England,N Dickwella,LD Chandimal,MM Ali,0,0,,,,,,,,,
1140382,2018/19,2018-10-20,Pallekele International Cricket Stadium,1,16.4,Sri Lanka,England,N Dickwella,LD Chandimal,MM Ali,0,0,,,,,,,,,
1140382,2018/19,2018-10-20,Pallekele International Cricket Stadium,1,16.5,Sri Lanka,England,N Dickwella,LD Chandimal,MM Ali,0,4,,,,4,,,,,
1140382,2018/19,2018-10-20,Pallekele International Cricket Stadium,1,16.6,Sri Lanka,England,N Dickwella,LD Chandimal,MM Ali,1,0,,,,,,,,,
1140382,2018/19,2018-10-20,Pallekele International Cricket Stadium,1,17.1,Sri Lanka,England,N Dickwella,LD Chandimal,AU Rashid,0,0,,,,,,,,,
1140382,2018/19,2018-10-20,Pallekele International Cricket Stadium,1,17.2,Sri Lanka,England,N Dickwella,LD Chandimal,AU Rashid,0,0,,,,,,,,,
1140382,2018/19,2018-10-20,Pallekele International Cricket Stadium,1,17.3,Sri Lanka,England,N Dickwella,LD Chandimal,AU Rashid,1,0,,,,,,,,,
1140382,2018/19,2018-10-20,Pallekele International Cricket Stadium,1,17.4,Sri Lanka,England,LD Chandimal,N Dickwella,AU Rashid,0,0,,,,,,,,,
1140382,2018/19,2018-10-20,Pallekele International Cricket Stadium,1,17.5,Sri Lanka,England,LD Chandimal,N Dickwella,AU Rashid,1,0,,,,,,,,,
1140382,2018/19,2018-10-20,Pallekele International Cricket Stadium,1,17.6,Sri Lanka,England,N Dickwella,LD Chandimal,AU Rashid,4,0,,,,,,,,,
1140382,2018/19,2018-10-20,Pallekele International Cricket Stadium,1,18.1,Sri Lanka,England,LD Chandimal,N Dickwella,MM Ali,2,0,,,,,,,,,
1140382,2018/19,2018-10-20,Pallekele International Cricket Stadium,1,18.2,Sri Lanka,England,LD Chandimal,N Dickwella,MM Ali,0,0,,,,,,,,,
1140382,2018/19,2018-10-20,Pallekele International Cricket Stadium,1,18.3,Sri Lanka,England,LD Chandimal,N Dickwella,MM Ali,1,0,,,,,,,,,
1140382,2018/19,2018-10-20,Pallekele International Cricket Stadium,1,18.4,Sri Lanka,England,N Dickwella,LD Chandimal,MM Ali,1,0,,,,,,,,,
1140382,2018/19,2018-10-20,Pallekele International Cricket Stadium,1,18.5,Sri Lanka,England,LD Chandimal,N Dickwella,MM Ali,0,0,,,,,,bowled,LD Chandimal,,
1140382,2018/19,2018-10-20,Pallekele International Cricket Stadium,1,18.6,Sri Lanka,England,BKG Mendis,N Dickwella,MM Ali,0,0,,,,,,,,,
1140382,2018/19,2018-10-20,Pallekele International Cricket Stadium,1,19.1,Sri Lanka,England,N Dickwella,BKG Mendis,AU Rashid,1,0,,,,,,,,,
1140382,2018/19,2018-10-20,Pallekele International Cricket Stadium,1,19.2,Sri Lanka,England,BKG Mendis,N Dickwella,AU Rashid,0,0,,,,,,,,,
1140382,2018/19,2018-10-20,Pallekele International Cricket Stadium,1,19.3,Sri Lanka,England,BKG Mendis,N Dickwella,AU Rashid,1,0,,,,,,,,,
1140382,2018/19,2018-10-20,Pallekele International Cricket Stadium,1,19.4,Sri Lanka,England,N Dickwella,BKG Mendis,AU Rashid,1,0,,,,,,,,,
1140382,2018/19,2018-10-20,Pallekele International Cricket Stadium,1,19.5,Sri Lanka,England,BKG Mendis,N Dickwella,AU Rashid,0,0,,,,,,,,,
1140382,2018/19,2018-10-20,Pallekele International Cricket Stadium,1,19.6,Sri Lanka,England,BKG Mendis,N Dickwella,AU Rashid,0,0,,,,,,,,,
1140382,2018/19,2018-10-20,Pallekele International Cricket Stadium,1,20.1,Sri Lanka,England,N Dickwella,BKG Mendis,MM Ali,2,0,,,,,,,,,
1140382,2018/19,2018-10-20,Pallekele International Cricket Stadium,1,20.2,Sri Lanka,England,N Dickwella,BKG Mendis,MM Ali,1,0,,,,,,,,,
1140382,2018/19,2018-10-20,Pallekele International Cricket Stadium,1,20.3,Sri Lanka,England,BKG Mendis,N Dickwella,MM Ali,1,0,,,,,,,,,
1140382,2018/19,2018-10-20,Pallekele International Cricket Stadium,1,20.4,Sri Lanka,England,N Dickwella,BKG Mendis,MM Ali,0,0,,,,,,,,,
1140382,2018/19,2018-10-20,Pallekele International Cricket Stadium,1,20.5,Sri Lanka,England,N Dickwella,BKG Mendis,MM Ali,1,0,,,,,,,,,
1140382,2018/19,2018-10-20,Pallekele International Cricket Stadium,1,20.6,Sri Lanka,England,BKG Mendis,N Dickwella,MM Ali,1,0,,,,,,,,,
1140382,2018/19,2018-10-20,Pallekele International Cricket Stadium,1,21.1,Sri Lanka,England,BKG Mendis,N Dickwella,AU Rashid,0,0,,,,,,,,,
1140382,2018/19,2018-10-20,Pallekele International Cricket Stadium,1,21.2,Sri Lanka,England,BKG Mendis,N Dickwella,AU Rashid,0,0,,,,,,,,,
1140382,2018/19,2018-10-20,Pallekele International Cricket Stadium,1,21.3,Sri Lanka,England,BKG Mendis,N Dickwella,AU Rashid,0,0,,,,,,,,,
1140382,2018/19,2018-10-20,Pallekele International Cricket Stadium,1,21.4,Sri Lanka,England,BKG Mendis,N Dickwella,AU Rashid,1,0,,,,,,,,,
1140382,2018/19,2018-10-20,Pallekele International Cricket Stadium,1,21.5,Sri Lanka,England,N Dickwella,BKG Mendis,AU Rashid,0,0,,,,,,,,,
1140382,2018/19,2018-10-20,Pallekele International Cricket Stadium,1,21.6,Sri Lanka,England,N Dickwella,BKG Mendis,AU Rashid,1,0,,,,,,,,,
1140382,2018/19,2018-10-20,Pallekele International Cricket Stadium,1,22.1,Sri Lanka,England,N Dickwella,BKG Mendis,MM Ali,0,0,,,,,,,,,
1140382,2018/19,2018-10-20,Pallekele International Cricket Stadium,1,22.2,Sri Lanka,England,N Dickwella,BKG Mendis,MM Ali,1,0,,,,,,,,,
1140382,2018/19,2018-10-20,Pallekele International Cricket Stadium,1,22.3,Sri Lanka,England,BKG Mendis,N Dickwella,MM Ali,0,0,,,,,,,,,
1140382,2018/19,2018-10-20,Pallekele International Cricket Stadium,1,22.4,Sri Lanka,England,BKG Mendis,N Dickwella,MM Ali,1,0,,,,,,,,,
1140382,2018/19,2018-10-20,Pallekele International Cricket Stadium,1,22.5,Sri Lanka,England,N Dickwella,BKG Mendis,MM Ali,0,0,,,,,,lbw,N Dickwella,,
1140382,2018/19,2018-10-20,Pallekele International Cricket Stadium,1,22.6,Sri Lanka,England,DM de Silva,BKG Mendis,MM Ali,0,0,,,,,,,,,
1140382,2018/19,2018-10-20,Pallekele International Cricket Stadium,1,23.1,Sri Lanka,England,BKG Mendis,DM de Silva,AU Rashid,0,0,,,,,,lbw,BKG Mendis,,
1140382,2018/19,2018-10-20,Pallekele International Cricket Stadium,1,23.2,Sri Lanka,England,MD Shanaka,DM de Silva,AU Rashid,0,0,,,,,,,,,
1140382,2018/19,2018-10-20,Pallekele International Cricket Stadium,1,23.3,Sri Lanka,England,MD Shanaka,DM de Silva,AU Rashid,0,0,,,,,,,,,
1140382,2018/19,2018-10-20,Pallekele International Cricket Stadium,1,23.4,Sri Lanka,England,MD Shanaka,DM de Silva,AU Rashid,0,0,,,,,,,,,
1140382,2018/19,2018-10-20,Pallekele International Cricket Stadium,1,23.5,Sri Lanka,England,MD Shanaka,DM de Silva,AU Rashid,1,0,,,,,,,,,
1140382,2018/19,2018-10-20,Pallekele International Cricket Stadium,1,23.6,Sri Lanka,England,DM de Silva,MD Shanaka,AU Rashid,0,0,,,,,,,,,
1140382,2018/19,2018-10-20,Pallekele International Cricket Stadium,1,24.1,Sri Lanka,England,MD Shanaka,DM de Silva,MM Ali,0,0,,,,,,,,,
1140382,2018/19,2018-10-20,Pallekele International Cricket Stadium,1,24.2,Sri Lanka,England,MD Shanaka,DM de Silva,MM Ali,0,0,,,,,,,,,
1140382,2018/19,2018-10-20,Pallekele International Cricket Stadium,1,24.3,Sri Lanka,England,MD Shanaka,DM de Silva,MM Ali,1,0,,,,,,,,,
1140382,2018/19,2018-10-20,Pallekele International Cricket Stadium,1,24.4,Sri Lanka,England,DM de Silva,MD Shanaka,MM Ali,1,0,,,,,,,,,
1140382,2018/19,2018-10-20,Pallekele International Cricket Stadium,1,24.5,Sri Lanka,England,MD Shanaka,DM de Silva,MM Ali,4,0,,,,,,,,,
1140382,2018/19,2018-10-20,Pallekele International Cricket Stadium,1,24.6,Sri Lanka,England,MD Shanaka,DM de Silva,MM Ali,1,0,,,,,,,,,
1140382,2018/19,2018-10-20,Pallekele International Cricket Stadium,1,25.1,Sri Lanka,England,MD Shanaka,DM de Silva,AU Rashid,0,0,,,,,,,,,
1140382,2018/19,2018-10-20,Pallekele International Cricket Stadium,1,25.2,Sri Lanka,England,MD Shanaka,DM de Silva,AU Rashid,0,0,,,,,,,,,
1140382,2018/19,2018-10-20,Pallekele International Cricket Stadium,1,25.3,Sri Lanka,England,MD Shanaka,DM de Silva,AU Rashid,0,0,,,,,,,,,
1140382,2018/19,2018-10-20,Pallekele International Cricket Stadium,1,25.4,Sri Lanka,England,MD Shanaka,DM de Silva,AU Rashid,6,0,,,,,,,,,
1140382,2018/19,2018-10-20,Pallekele International Cricket Stadium,1,25.5,Sri Lanka,England,MD Shanaka,DM de Silva,AU Rashid,1,0,,,,,,,,,
1140382,2018/19,2018-10-20,Pallekele International Cricket Stadium,1,25.6,Sri Lanka,England,DM de Silva,MD Shanaka,AU Rashid,0,0,,,,,,,,,
1140382,2018/19,2018-10-20,Pallekele International Cricket Stadium,1,26.1,Sri Lanka,England,MD Shanaka,DM de Silva,MM Ali,0,0,,,,,,,,,
1140382,2018/19,2018-10-20,Pallekele International Cricket Stadium,1,26.2,Sri Lanka,England,MD Shanaka,DM de Silva,MM Ali,1,0,,,,,,,,,
1140382,2018/19,2018-10-20,Pallekele International Cricket Stadium,1,26.3,Sri Lanka,England,DM de Silva,MD Shanaka,MM Ali,4,0,,,,,,,,,
1140382,2018/19,2018-10-20,Pallekele International Cricket Stadium,1,26.4,Sri Lanka,England,DM de Silva,MD Shanaka,MM Ali,1,0,,,,,,,,,
1140382,2018/19,2018-10-20,Pallekele International Cricket Stadium,1,26.5,Sri Lanka,England,MD Shanaka,DM de Silva,MM Ali,6,0,,,,,,,,,
1140382,2018/19,2018-10-20,Pallekele International Cricket Stadium,1,26.6,Sri Lanka,England,MD Shanaka,DM de Silva,MM Ali,0,0,,,,,,,,,
1140382,2018/19,2018-10-20,Pallekele International Cricket Stadium,1,27.1,Sri Lanka,England,DM de Silva,MD Shanaka,AU Rashid,0,0,,,,,,,,,
1140382,2018/19,2018-10-20,Pallekele International Cricket Stadium,1,27.2,Sri Lanka,England,DM de Silva,MD Shanaka,AU Rashid,0,0,,,,,,,,,
1140382,2018/19,2018-10-20,Pallekele International Cricket Stadium,1,27.3,Sri Lanka,England,DM de Silva,MD Shanaka,AU Rashid,1,0,,,,,,,,,
1140382,2018/19,2018-10-20,Pallekele International Cricket Stadium,1,27.4,Sri Lanka,England,MD Shanaka,DM de Silva,AU Rashid,1,0,,,,,,,,,
1140382,2018/19,2018-10-20,Pallekele International Cricket Stadium,1,27.5,Sri Lanka,England,DM de Silva,MD Shanaka,AU Rashid,0,0,,,,,,,,,
1140382,2018/19,2018-10-20,Pallekele International Cricket Stadium,1,27.6,Sri Lanka,England,DM de Silva,MD Shanaka,AU Rashid,0,0,,,,,,,,,
1140382,2018/19,2018-10-20,Pallekele International Cricket Stadium,1,28.1,Sri Lanka,England,MD Shanaka,DM de Silva,MM Ali,1,0,,,,,,,,,
1140382,2018/19,2018-10-20,Pallekele International Cricket Stadium,1,28.2,Sri Lanka,England,DM de Silva,MD Shanaka,MM Ali,1,0,,,,,,,,,
1140382,2018/19,2018-10-20,Pallekele International Cricket Stadium,1,28.3,Sri Lanka,England,MD Shanaka,DM de Silva,MM Ali,0,1,1,,,,,,,,
1140382,2018/19,2018-10-20,Pallekele International Cricket Stadium,1,28.4,Sri Lanka,England,MD Shanaka,DM de Silva,MM Ali,0,1,1,,,,,,,,
1140382,2018/19,2018-10-20,Pallekele International Cricket Stadium,1,28.5,Sri Lanka,England,MD Shanaka,DM de Silva,MM Ali,0,0,,,,,,,,,
1140382,2018/19,2018-10-20,Pallekele International Cricket Stadium,1,28.6,Sri Lanka,England,MD Shanaka,DM de Silva,MM Ali,0,0,,,,,,,,,
1140382,2018/19,2018-10-20,Pallekele International Cricket Stadium,1,28.7,Sri Lanka,England,MD Shanaka,DM de Silva,MM Ali,1,0,,,,,,,,,
1140382,2018/19,2018-10-20,Pallekele International Cricket Stadium,1,28.8,Sri Lanka,England,DM de Silva,MD Shanaka,MM Ali,2,0,,,,,,,,,
1140382,2018/19,2018-10-20,Pallekele International Cricket Stadium,1,29.1,Sri Lanka,England,MD Shanaka,DM de Silva,AU Rashid,0,0,,,,,,,,,
1140382,2018/19,2018-10-20,Pallekele International Cricket Stadium,1,29.2,Sri Lanka,England,MD Shanaka,DM de Silva,AU Rashid,6,0,,,,,,,,,
1140382,2018/19,2018-10-20,Pallekele International Cricket Stadium,1,29.3,Sri Lanka,England,MD Shanaka,DM de Silva,AU Rashid,0,0,,,,,,,,,
1140382,2018/19,2018-10-20,Pallekele International Cricket Stadium,1,29.4,Sri Lanka,England,MD Shanaka,DM de Silva,AU Rashid,1,0,,,,,,,,,
1140382,2018/19,2018-10-20,Pallekele International Cricket Stadium,1,29.5,Sri Lanka,England,DM de Silva,MD Shanaka,AU Rashid,0,0,,,,,,,,,
1140382,2018/19,2018-10-20,Pallekele International Cricket Stadium,1,29.6,Sri Lanka,England,DM de Silva,MD Shanaka,AU Rashid,0,0,,,,,,,,,
1140382,2018/19,2018-10-20,Pallekele International Cricket Stadium,1,30.1,Sri Lanka,England,MD Shanaka,DM de Silva,TK Curran,0,0,,,,,,,,,
1140382,2018/19,2018-10-20,Pallekele International Cricket Stadium,1,30.2,Sri Lanka,England,MD Shanaka,DM de Silva,TK Curran,1,0,,,,,,,,,
1140382,2018/19,2018-10-20,Pallekele International Cricket Stadium,1,30.3,Sri Lanka,England,DM de Silva,MD Shanaka,TK Curran,1,0,,,,,,,,,
1140382,2018/19,2018-10-20,Pallekele International Cricket Stadium,1,30.4,Sri Lanka,England,MD Shanaka,DM de Silva,TK Curran,0,0,,,,,,,,,
1140382,2018/19,2018-10-20,Pallekele International Cricket Stadium,1,30.5,Sri Lanka,England,MD Shanaka,DM de Silva,TK Curran,0,0,,,,,,,,,
1140382,2018/19,2018-10-20,Pallekele International Cricket Stadium,1,30.6,Sri Lanka,England,MD Shanaka,DM de Silva,TK Curran,0,0,,,,,,,,,
1140382,2018/19,2018-10-20,Pallekele International Cricket Stadium,1,31.1,Sri Lanka,England,DM de Silva,MD Shanaka,AU Rashid,0,0,,,,,,,,,
1140382,2018/19,2018-10-20,Pallekele International Cricket Stadium,1,31.2,Sri Lanka,England,DM de Silva,MD Shanaka,AU Rashid,1,0,,,,,,,,,
1140382,2018/19,2018-10-20,Pallekele International Cricket Stadium,1,31.3,Sri Lanka,England,MD Shanaka,DM de Silva,AU Rashid,0,0,,,,,,,,,
1140382,2018/19,2018-10-20,Pallekele International Cricket Stadium,1,31.4,Sri Lanka,England,MD Shanaka,DM de Silva,AU Rashid,0,0,,,,,,,,,
1140382,2018/19,2018-10-20,Pallekele International Cricket Stadium,1,31.5,Sri Lanka,England,MD Shanaka,DM de Silva,AU Rashid,0,0,,,,,,,,,
1140382,2018/19,2018-10-20,Pallekele International Cricket Stadium,1,31.6,Sri Lanka,England,MD Shanaka,DM de Silva,AU Rashid,0,0,,,,,,,,,
1140382,2018/19,2018-10-20,Pallekele International Cricket Stadium,1,32.1,Sri Lanka,England,DM de Silva,MD Shanaka,TK Curran,0,0,,,,,,,,,
1140382,2018/19,2018-10-20,Pallekele International Cricket Stadium,1,32.2,Sri Lanka,England,DM de Silva,MD Shanaka,TK Curran,0,0,,,,,,,,,
1140382,2018/19,2018-10-20,Pallekele International Cricket Stadium,1,32.3,Sri Lanka,England,DM de Silva,MD Shanaka,TK Curran,0,0,,,,,,,,,
1140382,2018/19,2018-10-20,Pallekele International Cricket Stadium,1,32.4,Sri Lanka,England,DM de Silva,MD Shanaka,TK Curran,0,0,,,,,,,,,
1140382,2018/19,2018-10-20,Pallekele International Cricket Stadium,1,32.5,Sri Lanka,England,DM de Silva,MD Shanaka,TK Curran,0,0,,,,,,,,,
1140382,2018/19,2018-10-20,Pallekele International Cricket Stadium,1,32.6,Sri Lanka,England,DM de Silva,MD Shanaka,TK Curran,0,0,,,,,,,,,
1140382,2018/19,2018-10-20,Pallekele International Cricket Stadium,1,33.1,Sri Lanka,England,MD Shanaka,DM de Silva,BA Stokes,0,0,,,,,,,,,
1140382,2018/19,2018-10-20,Pallekele International Cricket Stadium,1,33.2,Sri Lanka,England,MD Shanaka,DM de Silva,BA Stokes,0,0,,,,,,,,,
1140382,2018/19,2018-10-20,Pallekele International Cricket Stadium,1,33.3,Sri Lanka,England,MD Shanaka,DM de Silva,BA Stokes,0,0,,,,,,,,,
1140382,2018/19,2018-10-20,Pallekele International Cricket Stadium,1,33.4,Sri Lanka,England,MD Shanaka,DM de Silva,BA Stokes,1,0,,,,,,,,,
1140382,2018/19,2018-10-20,Pallekele International Cricket Stadium,1,33.5,Sri Lanka,England,DM de Silva,MD Shanaka,BA Stokes,0,0,,,,,,,,,
1140382,2018/19,2018-10-20,Pallekele International Cricket Stadium,1,33.6,Sri Lanka,England,DM de Silva,MD Shanaka,BA Stokes,1,0,,,,,,,,,
1140382,2018/19,2018-10-20,Pallekele International Cricket Stadium,1,34.1,Sri Lanka,England,DM de Silva,MD Shanaka,TK Curran,4,0,,,,,,,,,
1140382,2018/19,2018-10-20,Pallekele International Cricket Stadium,1,34.2,Sri Lanka,England,DM de Silva,MD Shanaka,TK Curran,0,0,,,,,,caught,DM de Silva,,
1140382,2018/19,2018-10-20,Pallekele International Cricket Stadium,1,34.3,Sri Lanka,England,NLTC Perera,MD Shanaka,TK Curran,1,0,,,,,,,,,
1140382,2018/19,2018-10-20,Pallekele International Cricket Stadium,1,34.4,Sri Lanka,England,MD Shanaka,NLTC Perera,TK Curran,0,0,,,,,,,,,
1140382,2018/19,2018-10-20,Pallekele International Cricket Stadium,1,34.5,Sri Lanka,England,MD Shanaka,NLTC Perera,TK Curran,1,0,,,,,,,,,
1140382,2018/19,2018-10-20,Pallekele International Cricket Stadium,1,34.6,Sri Lanka,England,NLTC Perera,MD Shanaka,TK Curran,0,0,,,,,,,,,
1140382,2018/19,2018-10-20,Pallekele International Cricket Stadium,1,35.1,Sri Lanka,England,MD Shanaka,NLTC Perera,BA Stokes,1,0,,,,,,,,,
1140382,2018/19,2018-10-20,Pallekele International Cricket Stadium,1,35.2,Sri Lanka,England,NLTC Perera,MD Shanaka,BA Stokes,0,1,1,,,,,,,,
1140382,2018/19,2018-10-20,Pallekele International Cricket Stadium,1,35.3,Sri Lanka,England,NLTC Perera,MD Shanaka,BA Stokes,4,0,,,,,,,,,
1140382,2018/19,2018-10-20,Pallekele International Cricket Stadium,1,35.4,Sri Lanka,England,NLTC Perera,MD Shanaka,BA Stokes,0,0,,,,,,,,,
1140382,2018/19,2018-10-20,Pallekele International Cricket Stadium,1,35.5,Sri Lanka,England,NLTC Perera,MD Shanaka,BA Stokes,0,0,,,,,,,,,
1140382,2018/19,2018-10-20,Pallekele International Cricket Stadium,1,35.6,Sri Lanka,England,NLTC Perera,MD Shanaka,BA Stokes,0,0,,,,,,,,,
1140382,2018/19,2018-10-20,Pallekele International Cricket Stadium,1,35.7,Sri Lanka,England,NLTC Perera,MD Shanaka,BA Stokes,1,0,,,,,,,,,
1140382,2018/19,2018-10-20,Pallekele International Cricket Stadium,1,36.1,Sri Lanka,England,NLTC Perera,MD Shanaka,TK Curran,1,0,,,,,,,,,
1140382,2018/19,2018-10-20,Pallekele International Cricket Stadium,1,36.2,Sri Lanka,England,MD Shanaka,NLTC Perera,TK Curran,0,0,,,,,,,,,
1140382,2018/19,2018-10-20,Pallekele International Cricket Stadium,1,36.3,Sri Lanka,England,MD Shanaka,NLTC Perera,TK Curran,0,0,,,,,,,,,
1140382,2018/19,2018-10-20,Pallekele International Cricket Stadium,1,36.4,Sri Lanka,England,MD Shanaka,NLTC Perera,TK Curran,1,0,,,,,,,,,
1140382,2018/19,2018-10-20,Pallekele International Cricket Stadium,1,36.5,Sri Lanka,England,NLTC Perera,MD Shanaka,TK Curran,0,0,,,,,,,,,
1140382,2018/19,2018-10-20,Pallekele International Cricket Stadium,1,36.6,Sri Lanka,England,NLTC Perera,MD Shanaka,TK Curran,1,0,,,,,,,,,
1140382,2018/19,2018-10-20,Pallekele International Cricket Stadium,1,37.1,Sri Lanka,England,NLTC Perera,MD Shanaka,BA Stokes,4,0,,,,,,,,,
1140382,2018/19,2018-10-20,Pallekele International Cricket Stadium,1,37.2,Sri Lanka,England,NLTC Perera,MD Shanaka,BA Stokes,2,0,,,,,,,,,
1140382,2018/19,2018-10-20,Pallekele International Cricket Stadium,1,37.3,Sri Lanka,England,NLTC Perera,MD Shanaka,BA Stokes,1,0,,,,,,,,,
1140382,2018/19,2018-10-20,Pallekele International Cricket Stadium,1,37.4,Sri Lanka,England,MD Shanaka,NLTC Perera,BA Stokes,1,0,,,,,,,,,
1140382,2018/19,2018-10-20,Pallekele International Cricket Stadium,1,37.5,Sri Lanka,England,NLTC Perera,MD Shanaka,BA Stokes,1,0,,,,,,,,,
1140382,2018/19,2018-10-20,Pallekele International Cricket Stadium,1,37.6,Sri Lanka,England,MD Shanaka,NLTC Perera,BA Stokes,0,0,,,,,,,,,
1140382,2018/19,2018-10-20,Pallekele International Cricket Stadium,1,38.1,Sri Lanka,England,NLTC Perera,MD Shanaka,CR Woakes,1,0,,,,,,,,,
1140382,2018/19,2018-10-20,Pallekele International Cricket Stadium,1,38.2,Sri Lanka,England,MD Shanaka,NLTC Perera,CR Woakes,0,0,,,,,,,,,
1140382,2018/19,2018-10-20,Pallekele International Cricket Stadium,1,38.3,Sri Lanka,England,MD Shanaka,NLTC Perera,CR Woakes,4,0,,,,,,,,,
1140382,2018/19,2018-10-20,Pallekele International Cricket Stadium,1,38.4,Sri Lanka,England,MD Shanaka,NLTC Perera,CR Woakes,0,0,,,,,,,,,
1140382,2018/19,2018-10-20,Pallekele International Cricket Stadium,1,38.5,Sri Lanka,England,MD Shanaka,NLTC Perera,CR Woakes,0,0,,,,,,,,,
1140382,2018/19,2018-10-20,Pallekele International Cricket Stadium,1,38.6,Sri Lanka,England,MD Shanaka,NLTC Perera,CR Woakes,1,0,,,,,,,,,
1140382,2018/19,2018-10-20,Pallekele International Cricket Stadium,1,39.1,Sri Lanka,England,MD Shanaka,NLTC Perera,BA Stokes,0,0,,,,,,,,,
1140382,2018/19,2018-10-20,Pallekele International Cricket Stadium,1,39.2,Sri Lanka,England,MD Shanaka,NLTC Perera,BA Stokes,4,0,,,,,,,,,
1140382,2018/19,2018-10-20,Pallekele International Cricket Stadium,1,39.3,Sri Lanka,England,MD Shanaka,NLTC Perera,BA Stokes,0,0,,,,,,,,,
1140382,2018/19,2018-10-20,Pallekele International Cricket Stadium,1,39.4,Sri Lanka,England,MD Shanaka,NLTC Perera,BA Stokes,0,0,,,,,,,,,
1140382,2018/19,2018-10-20,Pallekele International Cricket Stadium,1,39.5,Sri Lanka,England,MD Shanaka,NLTC Perera,BA Stokes,4,0,,,,,,,,,
1140382,2018/19,2018-10-20,Pallekele International Cricket Stadium,1,39.6,Sri Lanka,England,MD Shanaka,NLTC Perera,BA Stokes,1,0,,,,,,,,,
1140382,2018/19,2018-10-20,Pallekele International Cricket Stadium,1,40.1,Sri Lanka,England,MD Shanaka,NLTC Perera,CR Woakes,0,0,,,,,,,,,
1140382,2018/19,2018-10-20,Pallekele International Cricket Stadium,1,40.2,Sri Lanka,England,MD Shanaka,NLTC Perera,CR Woakes,1,0,,,,,,,,,
1140382,2018/19,2018-10-20,Pallekele International Cricket Stadium,1,40.3,Sri Lanka,England,NLTC Perera,MD Shanaka,CR Woakes,2,0,,,,,,,,,
1140382,2018/19,2018-10-20,Pallekele International Cricket Stadium,1,40.4,Sri Lanka,England,NLTC Perera,MD Shanaka,CR Woakes,1,0,,,,,,,,,
1140382,2018/19,2018-10-20,Pallekele International Cricket Stadium,1,40.5,Sri Lanka,England,MD Shanaka,NLTC Perera,CR Woakes,1,0,,,,,,,,,
1140382,2018/19,2018-10-20,Pallekele International Cricket Stadium,1,40.6,Sri Lanka,England,NLTC Perera,MD Shanaka,CR Woakes,0,0,,,,,,,,,
1140382,2018/19,2018-10-20,Pallekele International Cricket Stadium,1,41.1,Sri Lanka,England,MD Shanaka,NLTC Perera,OP Stone,0,1,1,,,,,,,,
1140382,2018/19,2018-10-20,Pallekele International Cricket Stadium,1,41.2,Sri Lanka,England,MD Shanaka,NLTC Perera,OP Stone,0,0,,,,,,,,,
1140382,2018/19,2018-10-20,Pallekele International Cricket Stadium,1,41.3,Sri Lanka,England,MD Shanaka,NLTC Perera,OP Stone,0,1,1,,,,,,,,
1140382,2018/19,2018-10-20,Pallekele International Cricket Stadium,1,41.4,Sri Lanka,England,MD Shanaka,NLTC Perera,OP Stone,1,0,,,,,,,,,
1140382,2018/19,2018-10-20,Pallekele International Cricket Stadium,1,41.5,Sri Lanka,England,NLTC Perera,MD Shanaka,OP Stone,0,0,,,,,,,,,
1140382,2018/19,2018-10-20,Pallekele International Cricket Stadium,1,41.6,Sri Lanka,England,NLTC Perera,MD Shanaka,OP Stone,1,0,,,,,,,,,
1140382,2018/19,2018-10-20,Pallekele International Cricket Stadium,1,41.7,Sri Lanka,England,MD Shanaka,NLTC Perera,OP Stone,6,0,,,,,,,,,
1140382,2018/19,2018-10-20,Pallekele International Cricket Stadium,1,41.8,Sri Lanka,England,MD Shanaka,NLTC Perera,OP Stone,0,1,1,,,,,,,,
1140382,2018/19,2018-10-20,Pallekele International Cricket Stadium,1,41.9,Sri Lanka,England,MD Shanaka,NLTC Perera,OP Stone,6,0,,,,,,,,,
1140382,2018/19,2018-10-20,Pallekele International Cricket Stadium,1,42.1,Sri Lanka,England,NLTC Perera,MD Shanaka,CR Woakes,0,0,,,,,,run out,MD Shanaka,,
1140382,2018/19,2018-10-20,Pallekele International Cricket Stadium,1,42.2,Sri Lanka,England,NLTC Perera,A Dananjaya,CR Woakes,0,0,,,,,,,,,
1140382,2018/19,2018-10-20,Pallekele International Cricket Stadium,1,42.3,Sri Lanka,England,NLTC Perera,A Dananjaya,CR Woakes,1,0,,,,,,,,,
1140382,2018/19,2018-10-20,Pallekele International Cricket Stadium,1,42.4,Sri Lanka,England,A Dananjaya,NLTC Perera,CR Woakes,0,0,,,,,,,,,
1140382,2018/19,2018-10-20,Pallekele International Cricket Stadium,1,42.5,Sri Lanka,England,A Dananjaya,NLTC Perera,CR Woakes,0,0,,,,,,,,,
1140382,2018/19,2018-10-20,Pallekele International Cricket Stadium,1,42.6,Sri Lanka,England,A Dananjaya,NLTC Perera,CR Woakes,0,0,,,,,,,,,
1140382,2018/19,2018-10-20,Pallekele International Cricket Stadium,1,43.1,Sri Lanka,England,NLTC Perera,A Dananjaya,OP Stone,1,0,,,,,,,,,
1140382,2018/19,2018-10-20,Pallekele International Cricket Stadium,1,43.2,Sri Lanka,England,A Dananjaya,NLTC Perera,OP Stone,1,0,,,,,,,,,
1140382,2018/19,2018-10-20,Pallekele International Cricket Stadium,1,43.3,Sri Lanka,England,NLTC Perera,A Dananjaya,OP Stone,0,0,,,,,,,,,
1140382,2018/19,2018-10-20,Pallekele International Cricket Stadium,1,43.4,Sri Lanka,England,NLTC Perera,A Dananjaya,OP Stone,0,0,,,,,,,,,
1140382,2018/19,2018-10-20,Pallekele International Cricket Stadium,1,43.5,Sri Lanka,England,NLTC Perera,A Dananjaya,OP Stone,1,0,,,,,,,,,
1140382,2018/19,2018-10-20,Pallekele International Cricket Stadium,1,43.6,Sri Lanka,England,A Dananjaya,NLTC Perera,OP Stone,2,0,,,,,,,,,
1140382,2018/19,2018-10-20,Pallekele International Cricket Stadium,1,44.1,Sri Lanka,England,NLTC Perera,A Dananjaya,TK Curran,1,0,,,,,,,,,
1140382,2018/19,2018-10-20,Pallekele International Cricket Stadium,1,44.2,Sri Lanka,England,A Dananjaya,NLTC Perera,TK Curran,1,0,,,,,,,,,
1140382,2018/19,2018-10-20,Pallekele International Cricket Stadium,1,44.3,Sri Lanka,England,NLTC Perera,A Dananjaya,TK Curran,1,0,,,,,,,,,
1140382,2018/19,2018-10-20,Pallekele International Cricket Stadium,1,44.4,Sri Lanka,England,A Dananjaya,NLTC Perera,TK Curran,0,0,,,,,,,,,
1140382,2018/19,2018-10-20,Pallekele International Cricket Stadium,1,44.5,Sri Lanka,England,A Dananjaya,NLTC Perera,TK Curran,1,0,,,,,,,,,
1140382,2018/19,2018-10-20,Pallekele International Cricket Stadium,1,44.6,Sri Lanka,England,NLTC Perera,A Dananjaya,TK Curran,1,0,,,,,,,,,
1140382,2018/19,2018-10-20,Pallekele International Cricket Stadium,1,45.1,Sri Lanka,England,NLTC Perera,A Dananjaya,OP Stone,2,0,,,,,,,,,
1140382,2018/19,2018-10-20,Pallekele International Cricket Stadium,1,45.2,Sri Lanka,England,NLTC Perera,A Dananjaya,OP Stone,1,0,,,,,,,,,
1140382,2018/19,2018-10-20,Pallekele International Cricket Stadium,1,45.3,Sri Lanka,England,A Dananjaya,NLTC Perera,OP Stone,0,0,,,,,,,,,
1140382,2018/19,2018-10-20,Pallekele International Cricket Stadium,1,45.4,Sri Lanka,England,A Dananjaya,NLTC Perera,OP Stone,0,0,,,,,,,,,
1140382,2018/19,2018-10-20,Pallekele International Cricket Stadium,1,45.5,Sri Lanka,England,A Dananjaya,NLTC Perera,OP Stone,2,0,,,,,,,,,
1140382,2018/19,2018-10-20,Pallekele International Cricket Stadium,1,45.6,Sri Lanka,England,A Dananjaya,NLTC Perera,OP Stone,1,0,,,,,,,,,
1140382,2018/19,2018-10-20,Pallekele International Cricket Stadium,1,46.1,Sri Lanka,England,A Dananjaya,NLTC Perera,TK Curran,2,0,,,,,,,,,
1140382,2018/19,2018-10-20,Pallekele International Cricket Stadium,1,46.2,Sri Lanka,England,A Dananjaya,NLTC Perera,TK Curran,1,0,,,,,,,,,
1140382,2018/19,2018-10-20,Pallekele International Cricket Stadium,1,46.3,Sri Lanka,England,NLTC Perera,A Dananjaya,TK Curran,6,0,,,,,,,,,
1140382,2018/19,2018-10-20,Pallekele International Cricket Stadium,1,46.4,Sri Lanka,England,NLTC Perera,A Dananjaya,TK Curran,0,1,,,,1,,,,,
1140382,2018/19,2018-10-20,Pallekele International Cricket Stadium,1,46.5,Sri Lanka,England,A Dananjaya,NLTC Perera,TK Curran,0,0,,,,,,,,,
1140382,2018/19,2018-10-20,Pallekele International Cricket Stadium,1,46.6,Sri Lanka,England,A Dananjaya,NLTC Perera,TK Curran,1,0,,,,,,,,,
1140382,2018/19,2018-10-20,Pallekele International Cricket Stadium,1,47.1,Sri Lanka,England,A Dananjaya,NLTC Perera,CR Woakes,1,0,,,,,,,,,
1140382,2018/19,2018-10-20,Pallekele International Cricket Stadium,1,47.2,Sri Lanka,England,NLTC Perera,A Dananjaya,CR Woakes,1,0,,,,,,,,,
1140382,2018/19,2018-10-20,Pallekele International Cricket Stadium,1,47.3,Sri Lanka,England,A Dananjaya,NLTC Perera,CR Woakes,1,0,,,,,,,,,
1140382,2018/19,2018-10-20,Pallekele International Cricket Stadium,1,47.4,Sri Lanka,England,NLTC Perera,A Dananjaya,CR Woakes,1,0,,,,,,,,,
1140382,2018/19,2018-10-20,Pallekele International Cricket Stadium,1,47.5,Sri Lanka,England,A Dananjaya,NLTC Perera,CR Woakes,1,0,,,,,,,,,
1140382,2018/19,2018-10-20,Pallekele International Cricket Stadium,1,47.6,Sri Lanka,England,NLTC Perera,A Dananjaya,CR Woakes,1,0,,,,,,,,,
1140382,2018/19,2018-10-20,Pallekele International Cricket Stadium,1,48.1,Sri Lanka,England,NLTC Perera,A Dananjaya,TK Curran,1,0,,,,,,,,,
1140382,2018/19,2018-10-20,Pallekele International Cricket Stadium,1,48.2,Sri Lanka,England,A Dananjaya,NLTC Perera,TK Curran,1,0,,,,,,,,,
1140382,2018/19,2018-10-20,Pallekele International Cricket Stadium,1,48.3,Sri Lanka,England,NLTC Perera,A Dananjaya,TK Curran,1,0,,,,,,,,,
1140382,2018/19,2018-10-20,Pallekele International Cricket Stadium,1,48.4,Sri Lanka,England,A Dananjaya,NLTC Perera,TK Curran,4,0,,,,,,,,,
1140382,2018/19,2018-10-20,Pallekele International Cricket Stadium,1,48.5,Sri Lanka,England,A Dananjaya,NLTC Perera,TK Curran,1,0,,,,,,,,,
1140382,2018/19,2018-10-20,Pallekele International Cricket Stadium,1,48.6,Sri Lanka,England,NLTC Perera,A Dananjaya,TK Curran,2,0,,,,,,,,,
1140382,2018/19,2018-10-20,Pallekele International Cricket Stadium,1,49.1,Sri Lanka,England,A Dananjaya,NLTC Perera,CR Woakes,6,0,,,,,,,,,
1140382,2018/19,2018-10-20,Pallekele International Cricket Stadium,1,49.2,Sri Lanka,England,A Dananjaya,NLTC Perera,CR Woakes,4,0,,,,,,,,,
1140382,2018/19,2018-10-20,Pallekele International Cricket Stadium,1,49.3,Sri Lanka,England,A Dananjaya,NLTC Perera,CR Woakes,0,0,,,,,,,,,
1140382,2018/19,2018-10-20,Pallekele International Cricket Stadium,1,49.4,Sri Lanka,England,A Dananjaya,NLTC Perera,CR Woakes,1,0,,,,,,,,,
1140382,2018/19,2018-10-20,Pallekele International Cricket Stadium,1,49.5,Sri Lanka,England,NLTC Perera,A Dananjaya,CR Woakes,1,0,,,,,,run out,NLTC Perera,,
1140382,2018/19,2018-10-20,Pallekele International Cricket Stadium,1,49.6,Sri Lanka,England,SL Malinga,A Dananjaya,CR Woakes,0,1,1,,,,,,,,
1140382,2018/19,2018-10-20,Pallekele International Cricket Stadium,1,49.7,Sri Lanka,England,SL Malinga,A Dananjaya,CR Woakes,4,0,,,,,,,,,
1140382,2018/19,2018-10-20,Pallekele International Cricket Stadium,2,0.1,England,Sri Lanka,JJ Roy,AD Hales,SL Malinga,0,0,,,,,,,,,
1140382,2018/19,2018-10-20,Pallekele International Cricket Stadium,2,0.2,England,Sri Lanka,JJ Roy,AD Hales,SL Malinga,0,4,,,4,,,,,,
1140382,2018/19,2018-10-20,Pallekele International Cricket Stadium,2,0.3,England,Sri Lanka,JJ Roy,AD Hales,SL Malinga,0,4,,,4,,,,,,
1140382,2018/19,2018-10-20,Pallekele International Cricket Stadium,2,0.4,England,Sri Lanka,JJ Roy,AD Hales,SL Malinga,4,0,,,,,,,,,
1140382,2018/19,2018-10-20,Pallekele International Cricket Stadium,2,0.5,England,Sri Lanka,JJ Roy,AD Hales,SL Malinga,0,0,,,,,,,,,
1140382,2018/19,2018-10-20,Pallekele International Cricket Stadium,2,0.6,England,Sri Lanka,JJ Roy,AD Hales,SL Malinga,0,0,,,,,,,,,
1140382,2018/19,2018-10-20,Pallekele International Cricket Stadium,2,1.1,England,Sri Lanka,AD Hales,JJ Roy,MA Aponso,1,0,,,,,,,,,
1140382,2018/19,2018-10-20,Pallekele International Cricket Stadium,2,1.2,England,Sri Lanka,JJ Roy,AD Hales,MA Aponso,1,0,,,,,,,,,
1140382,2018/19,2018-10-20,Pallekele International Cricket Stadium,2,1.3,England,Sri Lanka,AD Hales,JJ Roy,MA Aponso,0,0,,,,,,,,,
1140382,2018/19,2018-10-20,Pallekele International Cricket Stadium,2,1.4,England,Sri Lanka,AD Hales,JJ Roy,MA Aponso,0,0,,,,,,,,,
1140382,2018/19,2018-10-20,Pallekele International Cricket Stadium,2,1.5,England,Sri Lanka,AD Hales,JJ Roy,MA Aponso,0,0,,,,,,,,,
1140382,2018/19,2018-10-20,Pallekele International Cricket Stadium,2,1.6,England,Sri Lanka,AD Hales,JJ Roy,MA Aponso,4,0,,,,,,,,,
1140382,2018/19,2018-10-20,Pallekele International Cricket Stadium,2,2.1,England,Sri Lanka,JJ Roy,AD Hales,SL Malinga,0,0,,,,,,,,,
1140382,2018/19,2018-10-20,Pallekele International Cricket Stadium,2,2.2,England,Sri Lanka,JJ Roy,AD Hales,SL Malinga,0,0,,,,,,,,,
1140382,2018/19,2018-10-20,Pallekele International Cricket Stadium,2,2.3,England,Sri Lanka,JJ Roy,AD Hales,SL Malinga,0,0,,,,,,,,,
1140382,2018/19,2018-10-20,Pallekele International Cricket Stadium,2,2.4,England,Sri Lanka,JJ Roy,AD Hales,SL Malinga,0,0,,,,,,,,,
1140382,2018/19,2018-10-20,Pallekele International Cricket Stadium,2,2.5,England,Sri Lanka,JJ Roy,AD Hales,SL Malinga,0,0,,,,,,,,,
1140382,2018/19,2018-10-20,Pallekele International Cricket Stadium,2,2.6,England,Sri Lanka,JJ Roy,AD Hales,SL Malinga,0,1,1,,,,,,,,
1140382,2018/19,2018-10-20,Pallekele International Cricket Stadium,2,2.7,England,Sri Lanka,JJ Roy,AD Hales,SL Malinga,0,0,,,,,,,,,
1140382,2018/19,2018-10-20,Pallekele International Cricket Stadium,2,3.1,England,Sri Lanka,AD Hales,JJ Roy,MA Aponso,0,0,,,,,,,,,
1140382,2018/19,2018-10-20,Pallekele International Cricket Stadium,2,3.2,England,Sri Lanka,AD Hales,JJ Roy,MA Aponso,0,0,,,,,,,,,
1140382,2018/19,2018-10-20,Pallekele International Cricket Stadium,2,3.3,England,Sri Lanka,AD Hales,JJ Roy,MA Aponso,0,0,,,,,,,,,
1140382,2018/19,2018-10-20,Pallekele International Cricket Stadium,2,3.4,England,Sri Lanka,AD Hales,JJ Roy,MA Aponso,0,0,,,,,,,,,
1140382,2018/19,2018-10-20,Pallekele International Cricket Stadium,2,3.5,England,Sri Lanka,AD Hales,JJ Roy,MA Aponso,0,0,,,,,,,,,
1140382,2018/19,2018-10-20,Pallekele International Cricket Stadium,2,3.6,England,Sri Lanka,AD Hales,JJ Roy,MA Aponso,1,0,,,,,,,,,
1140382,2018/19,2018-10-20,Pallekele International Cricket Stadium,2,4.1,England,Sri Lanka,AD Hales,JJ Roy,SL Malinga,0,0,,,,,,,,,
1140382,2018/19,2018-10-20,Pallekele International Cricket Stadium,2,4.2,England,Sri Lanka,AD Hales,JJ Roy,SL Malinga,0,0,,,,,,,,,
1140382,2018/19,2018-10-20,Pallekele International Cricket Stadium,2,4.3,England,Sri Lanka,AD Hales,JJ Roy,SL Malinga,0,0,,,,,,,,,
1140382,2018/19,2018-10-20,Pallekele International Cricket Stadium,2,4.4,England,Sri Lanka,AD Hales,JJ Roy,SL Malinga,0,0,,,,,,,,,
1140382,2018/19,2018-10-20,Pallekele International Cricket Stadium,2,4.5,England,Sri Lanka,AD Hales,JJ Roy,SL Malinga,4,0,,,,,,,,,
1140382,2018/19,2018-10-20,Pallekele International Cricket Stadium,2,4.6,England,Sri Lanka,AD Hales,JJ Roy,SL Malinga,0,0,,,,,,,,,
1140382,2018/19,2018-10-20,Pallekele International Cricket Stadium,2,5.1,England,Sri Lanka,JJ Roy,AD Hales,MA Aponso,4,0,,,,,,,,,
1140382,2018/19,2018-10-20,Pallekele International Cricket Stadium,2,5.2,England,Sri Lanka,JJ Roy,AD Hales,MA Aponso,6,0,,,,,,,,,
1140382,2018/19,2018-10-20,Pallekele International Cricket Stadium,2,5.3,England,Sri Lanka,JJ Roy,AD Hales,MA Aponso,1,0,,,,,,,,,
1140382,2018/19,2018-10-20,Pallekele International Cricket Stadium,2,5.4,England,Sri Lanka,AD Hales,JJ Roy,MA Aponso,0,0,,,,,,,,,
1140382,2018/19,2018-10-20,Pallekele International Cricket Stadium,2,5.5,England,Sri Lanka,AD Hales,JJ Roy,MA Aponso,1,0,,,,,,,,,
1140382,2018/19,2018-10-20,Pallekele International Cricket Stadium,2,5.6,England,Sri Lanka,JJ Roy,AD Hales,MA Aponso,1,0,,,,,,,,,
1140382,2018/19,2018-10-20,Pallekele International Cricket Stadium,2,6.1,England,Sri Lanka,JJ Roy,AD Hales,CAK Rajitha,0,0,,,,,,,,,
1140382,2018/19,2018-10-20,Pallekele International Cricket Stadium,2,6.2,England,Sri Lanka,JJ Roy,AD Hales,CAK Rajitha,0,1,1,,,,,,,,
1140382,2018/19,2018-10-20,Pallekele International Cricket Stadium,2,6.3,England,Sri Lanka,JJ Roy,AD Hales,CAK Rajitha,0,0,,,,,,,,,
1140382,2018/19,2018-10-20,Pallekele International Cricket Stadium,2,6.4,England,Sri Lanka,JJ Roy,AD Hales,CAK Rajitha,0,0,,,,,,,,,
1140382,2018/19,2018-10-20,Pallekele International Cricket Stadium,2,6.5,England,Sri Lanka,JJ Roy,AD Hales,CAK Rajitha,0,0,,,,,,,,,
1140382,2018/19,2018-10-20,Pallekele International Cricket Stadium,2,6.6,England,Sri Lanka,JJ Roy,AD Hales,CAK Rajitha,4,0,,,,,,,,,
1140382,2018/19,2018-10-20,Pallekele International Cricket Stadium,2,6.7,England,Sri Lanka,JJ Roy,AD Hales,CAK Rajitha,0,0,,,,,,,,,
1140382,2018/19,2018-10-20,Pallekele International Cricket Stadium,2,7.1,England,Sri Lanka,AD Hales,JJ Roy,MA Aponso,0,0,,,,,,,,,
1140382,2018/19,2018-10-20,Pallekele International Cricket Stadium,2,7.2,England,Sri Lanka,AD Hales,JJ Roy,MA Aponso,1,0,,,,,,,,,
1140382,2018/19,2018-10-20,Pallekele International Cricket Stadium,2,7.3,England,Sri Lanka,JJ Roy,AD Hales,MA Aponso,0,0,,,,,,,,,
1140382,2018/19,2018-10-20,Pallekele International Cricket Stadium,2,7.4,England,Sri Lanka,JJ Roy,AD Hales,MA Aponso,0,0,,,,,,,,,
1140382,2018/19,2018-10-20,Pallekele International Cricket Stadium,2,7.5,England,Sri Lanka,JJ Roy,AD Hales,MA Aponso,1,0,,,,,,,,,
1140382,2018/19,2018-10-20,Pallekele International Cricket Stadium,2,7.6,England,Sri Lanka,AD Hales,JJ Roy,MA Aponso,0,0,,,,,,,,,
1140382,2018/19,2018-10-20,Pallekele International Cricket Stadium,2,8.1,England,Sri Lanka,JJ Roy,AD Hales,CAK Rajitha,0,0,,,,,,,,,
1140382,2018/19,2018-10-20,Pallekele International Cricket Stadium,2,8.2,England,Sri Lanka,JJ Roy,AD Hales,CAK Rajitha,0,0,,,,,,,,,
1140382,2018/19,2018-10-20,Pallekele International Cricket Stadium,2,8.3,England,Sri Lanka,JJ Roy,AD Hales,CAK Rajitha,2,0,,,,,,,,,
1140382,2018/19,2018-10-20,Pallekele International Cricket Stadium,2,8.4,England,Sri Lanka,JJ Roy,AD Hales,CAK Rajitha,0,0,,,,,,,,,
1140382,2018/19,2018-10-20,Pallekele International Cricket Stadium,2,8.5,England,Sri Lanka,JJ Roy,AD Hales,CAK Rajitha,2,0,,,,,,,,,
1140382,2018/19,2018-10-20,Pallekele International Cricket Stadium,2,8.6,England,Sri Lanka,JJ Roy,AD Hales,CAK Rajitha,4,0,,,,,,,,,
1140382,2018/19,2018-10-20,Pallekele International Cricket Stadium,2,9.1,England,Sri Lanka,AD Hales,JJ Roy,A Dananjaya,0,0,,,,,,stumped,AD Hales,,
1140382,2018/19,2018-10-20,Pallekele International Cricket Stadium,2,9.2,England,Sri Lanka,JE Root,JJ Roy,A Dananjaya,0,0,,,,,,,,,
1140382,2018/19,2018-10-20,Pallekele International Cricket Stadium,2,9.3,England,Sri Lanka,JE Root,JJ Roy,A Dananjaya,1,0,,,,,,,,,
1140382,2018/19,2018-10-20,Pallekele International Cricket Stadium,2,9.4,England,Sri Lanka,JJ Roy,JE Root,A Dananjaya,1,0,,,,,,,,,
1140382,2018/19,2018-10-20,Pallekele International Cricket Stadium,2,9.5,England,Sri Lanka,JE Root,JJ Roy,A Dananjaya,0,0,,,,,,,,,
1140382,2018/19,2018-10-20,Pallekele International Cricket Stadium,2,9.6,England,Sri Lanka,JE Root,JJ Roy,A Dananjaya,0,0,,,,,,,,,
1140382,2018/19,2018-10-20,Pallekele International Cricket Stadium,2,10.1,England,Sri Lanka,JJ Roy,JE Root,CAK Rajitha,1,0,,,,,,,,,
1140382,2018/19,2018-10-20,Pallekele International Cricket Stadium,2,10.2,England,Sri Lanka,JE Root,JJ Roy,CAK Rajitha,1,0,,,,,,,,,
1140382,2018/19,2018-10-20,Pallekele International Cricket Stadium,2,10.3,England,Sri Lanka,JJ Roy,JE Root,CAK Rajitha,1,0,,,,,,,,,
1140382,2018/19,2018-10-20,Pallekele International Cricket Stadium,2,10.4,England,Sri Lanka,JE Root,JJ Roy,CAK Rajitha,0,0,,,,,,,,,
1140382,2018/19,2018-10-20,Pallekele International Cricket Stadium,2,10.5,England,Sri Lanka,JE Root,JJ Roy,CAK Rajitha,0,0,,,,,,,,,
1140382,2018/19,2018-10-20,Pallekele International Cricket Stadium,2,10.6,England,Sri Lanka,JE Root,JJ Roy,CAK Rajitha,0,0,,,,,,,,,
1140382,2018/19,2018-10-20,Pallekele International Cricket Stadium,2,11.1,England,Sri Lanka,JJ Roy,JE Root,A Dananjaya,0,0,,,,,,,,,
1140382,2018/19,2018-10-20,Pallekele International Cricket Stadium,2,11.2,England,Sri Lanka,JJ Roy,JE Root,A Dananjaya,0,0,,,,,,,,,
1140382,2018/19,2018-10-20,Pallekele International Cricket Stadium,2,11.3,England,Sri Lanka,JJ Roy,JE Root,A Dananjaya,0,1,1,,,,,,,,
1140382,2018/19,2018-10-20,Pallekele International Cricket Stadium,2,11.4,England,Sri Lanka,JJ Roy,JE Root,A Dananjaya,0,0,,,,,,,,,
1140382,2018/19,2018-10-20,Pallekele International Cricket Stadium,2,11.5,England,Sri Lanka,JJ Roy,JE Root,A Dananjaya,1,0,,,,,,,,,
1140382,2018/19,2018-10-20,Pallekele International Cricket Stadium,2,11.6,England,Sri Lanka,JE Root,JJ Roy,A Dananjaya,0,0,,,,,,,,,
1140382,2018/19,2018-10-20,Pallekele International Cricket Stadium,2,11.7,England,Sri Lanka,JE Root,JJ Roy,A Dananjaya,0,0,,,,,,,,,
1140382,2018/19,2018-10-20,Pallekele International Cricket Stadium,2,12.1,England,Sri Lanka,JJ Roy,JE Root,CAK Rajitha,1,0,,,,,,,,,
1140382,2018/19,2018-10-20,Pallekele International Cricket Stadium,2,12.2,England,Sri Lanka,JE Root,JJ Roy,CAK Rajitha,1,0,,,,,,,,,
1140382,2018/19,2018-10-20,Pallekele International Cricket Stadium,2,12.3,England,Sri Lanka,JJ Roy,JE Root,CAK Rajitha,1,0,,,,,,,,,
1140382,2018/19,2018-10-20,Pallekele International Cricket Stadium,2,12.4,England,Sri Lanka,JE Root,JJ Roy,CAK Rajitha,0,0,,,,,,,,,
1140382,2018/19,2018-10-20,Pallekele International Cricket Stadium,2,12.5,England,Sri Lanka,JE Root,JJ Roy,CAK Rajitha,0,0,,,,,,,,,
1140382,2018/19,2018-10-20,Pallekele International Cricket Stadium,2,12.6,England,Sri Lanka,JE Root,JJ Roy,CAK Rajitha,1,0,,,,,,,,,
1140382,2018/19,2018-10-20,Pallekele International Cricket Stadium,2,13.1,England,Sri Lanka,JE Root,JJ Roy,A Dananjaya,1,0,,,,,,,,,
1140382,2018/19,2018-10-20,Pallekele International Cricket Stadium,2,13.2,England,Sri Lanka,JJ Roy,JE Root,A Dananjaya,1,0,,,,,,,,,
1140382,2018/19,2018-10-20,Pallekele International Cricket Stadium,2,13.3,England,Sri Lanka,JE Root,JJ Roy,A Dananjaya,1,0,,,,,,,,,
1140382,2018/19,2018-10-20,Pallekele International Cricket Stadium,2,13.4,England,Sri Lanka,JJ Roy,JE Root,A Dananjaya,1,0,,,,,,,,,
1140382,2018/19,2018-10-20,Pallekele International Cricket Stadium,2,13.5,England,Sri Lanka,JE Root,JJ Roy,A Dananjaya,0,0,,,,,,,,,
1140382,2018/19,2018-10-20,Pallekele International Cricket Stadium,2,13.6,England,Sri Lanka,JE Root,JJ Roy,A Dananjaya,0,0,,,,,,,,,
1140382,2018/19,2018-10-20,Pallekele International Cricket Stadium,2,14.1,England,Sri Lanka,JJ Roy,JE Root,CAK Rajitha,4,0,,,,,,,,,
1140382,2018/19,2018-10-20,Pallekele International Cricket Stadium,2,14.2,England,Sri Lanka,JJ Roy,JE Root,CAK Rajitha,0,0,,,,,,,,,
1140382,2018/19,2018-10-20,Pallekele International Cricket Stadium,2,14.3,England,Sri Lanka,JJ Roy,JE Root,CAK Rajitha,1,0,,,,,,,,,
1140382,2018/19,2018-10-20,Pallekele International Cricket Stadium,2,14.4,England,Sri Lanka,JE Root,JJ Roy,CAK Rajitha,0,0,,,,,,,,,
1140382,2018/19,2018-10-20,Pallekele International Cricket Stadium,2,14.5,England,Sri Lanka,JE Root,JJ Roy,CAK Rajitha,1,0,,,,,,,,,
1140382,2018/19,2018-10-20,Pallekele International Cricket Stadium,2,14.6,England,Sri Lanka,JJ Roy,JE Root,CAK Rajitha,1,0,,,,,,,,,
1140382,2018/19,2018-10-20,Pallekele International Cricket Stadium,2,15.1,England,Sri Lanka,JJ Roy,JE Root,A Dananjaya,1,0,,,,,,,,,
1140382,2018/19,2018-10-20,Pallekele International Cricket Stadium,2,15.2,England,Sri Lanka,JE Root,JJ Roy,A Dananjaya,0,0,,,,,,,,,
1140382,2018/19,2018-10-20,Pallekele International Cricket Stadium,2,15.3,England,Sri Lanka,JE Root,JJ Roy,A Dananjaya,1,0,,,,,,,,,
1140382,2018/19,2018-10-20,Pallekele International Cricket Stadium,2,15.4,England,Sri Lanka,JJ Roy,JE Root,A Dananjaya,0,0,,,,,,lbw,JJ Roy,,
1140382,2018/19,2018-10-20,Pallekele International Cricket Stadium,2,15.5,England,Sri Lanka,EJG Morgan,JE Root,A Dananjaya,0,0,,,,,,,,,
1140382,2018/19,2018-10-20,Pallekele International Cricket Stadium,2,15.6,England,Sri Lanka,EJG Morgan,JE Root,A Dananjaya,0,0,,,,,,,,,
1140382,2018/19,2018-10-20,Pallekele International Cricket Stadium,2,16.1,England,Sri Lanka,JE Root,EJG Morgan,MA Aponso,1,0,,,,,,,,,
1140382,2018/19,2018-10-20,Pallekele International Cricket Stadium,2,16.2,England,Sri Lanka,EJG Morgan,JE Root,MA Aponso,1,0,,,,,,,,,
1140382,2018/19,2018-10-20,Pallekele International Cricket Stadium,2,16.3,England,Sri Lanka,JE Root,EJG Morgan,MA Aponso,1,0,,,,,,,,,
1140382,2018/19,2018-10-20,Pallekele International Cricket Stadium,2,16.4,England,Sri Lanka,EJG Morgan,JE Root,MA Aponso,1,0,,,,,,,,,
1140382,2018/19,2018-10-20,Pallekele International Cricket Stadium,2,16.5,England,Sri Lanka,JE Root,EJG Morgan,MA Aponso,0,0,,,,,,,,,
1140382,2018/19,2018-10-20,Pallekele International Cricket Stadium,2,16.6,England,Sri Lanka,JE Root,EJG Morgan,MA Aponso,1,0,,,,,,,,,
1140382,2018/19,2018-10-20,Pallekele International Cricket Stadium,2,17.1,England,Sri Lanka,JE Root,EJG Morgan,A Dananjaya,1,0,,,,,,,,,
1140382,2018/19,2018-10-20,Pallekele International Cricket Stadium,2,17.2,England,Sri Lanka,EJG Morgan,JE Root,A Dananjaya,0,0,,,,,,,,,
1140382,2018/19,2018-10-20,Pallekele International Cricket Stadium,2,17.3,England,Sri Lanka,EJG Morgan,JE Root,A Dananjaya,4,0,,,,,,,,,
1140382,2018/19,2018-10-20,Pallekele International Cricket Stadium,2,17.4,England,Sri Lanka,EJG Morgan,JE Root,A Dananjaya,0,0,,,,,,,,,
1140382,2018/19,2018-10-20,Pallekele International Cricket Stadium,2,17.5,England,Sri Lanka,EJG Morgan,JE Root,A Dananjaya,1,0,,,,,,,,,
1140382,2018/19,2018-10-20,Pallekele International Cricket Stadium,2,17.6,England,Sri Lanka,JE Root,EJG Morgan,A Dananjaya,1,0,,,,,,,,,
1140382,2018/19,2018-10-20,Pallekele International Cricket Stadium,2,18.1,England,Sri Lanka,JE Root,EJG Morgan,MA Aponso,2,0,,,,,,,,,
1140382,2018/19,2018-10-20,Pallekele International Cricket Stadium,2,18.2,England,Sri Lanka,JE Root,EJG Morgan,MA Aponso,0,0,,,,,,,,,
1140382,2018/19,2018-10-20,Pallekele International Cricket Stadium,2,18.3,England,Sri Lanka,JE Root,EJG Morgan,MA Aponso,0,0,,,,,,,,,
1140382,2018/19,2018-10-20,Pallekele International Cricket Stadium,2,18.4,England,Sri Lanka,JE Root,EJG Morgan,MA Aponso,1,0,,,,,,,,,
1140382,2018/19,2018-10-20,Pallekele International Cricket Stadium,2,18.5,England,Sri Lanka,EJG Morgan,JE Root,MA Aponso,6,0,,,,,,,,,
1140382,2018/19,2018-10-20,Pallekele International Cricket Stadium,2,18.6,England,Sri Lanka,EJG Morgan,JE Root,MA Aponso,1,0,,,,,,,,,
1140382,2018/19,2018-10-20,Pallekele International Cricket Stadium,2,19.1,England,Sri Lanka,EJG Morgan,JE Root,A Dananjaya,0,0,,,,,,,,,
1140382,2018/19,2018-10-20,Pallekele International Cricket Stadium,2,19.2,England,Sri Lanka,EJG Morgan,JE Root,A Dananjaya,1,0,,,,,,,,,
1140382,2018/19,2018-10-20,Pallekele International Cricket Stadium,2,19.3,England,Sri Lanka,JE Root,EJG Morgan,A Dananjaya,2,0,,,,,,,,,
1140382,2018/19,2018-10-20,Pallekele International Cricket Stadium,2,19.4,England,Sri Lanka,JE Root,EJG Morgan,A Dananjaya,1,0,,,,,,,,,
1140382,2018/19,2018-10-20,Pallekele International Cricket Stadium,2,19.5,England,Sri Lanka,EJG Morgan,JE Root,A Dananjaya,0,0,,,,,,,,,
1140382,2018/19,2018-10-20,Pallekele International Cricket Stadium,2,19.6,England,Sri Lanka,EJG Morgan,JE Root,A Dananjaya,4,0,,,,,,,,,
1140382,2018/19,2018-10-20,Pallekele International Cricket Stadium,2,20.1,England,Sri Lanka,JE Root,EJG Morgan,DM de Silva,1,0,,,,,,,,,
1140382,2018/19,2018-10-20,Pallekele International Cricket Stadium,2,20.2,England,Sri Lanka,EJG Morgan,JE Root,DM de Silva,1,0,,,,,,,,,
1140382,2018/19,2018-10-20,Pallekele International Cricket Stadium,2,20.3,England,Sri Lanka,JE Root,EJG Morgan,DM de Silva,0,0,,,,,,,,,
1140382,2018/19,2018-10-20,Pallekele International Cricket Stadium,2,20.4,England,Sri Lanka,JE Root,EJG Morgan,DM de Silva,1,0,,,,,,,,,
1140382,2018/19,2018-10-20,Pallekele International Cricket Stadium,2,20.5,England,Sri Lanka,EJG Morgan,JE Root,DM de Silva,1,0,,,,,,,,,
1140382,2018/19,2018-10-20,Pallekele International Cricket Stadium,2,20.6,England,Sri Lanka,JE Root,EJG Morgan,DM de Silva,0,0,,,,,,,,,
1140382,2018/19,2018-10-20,Pallekele International Cricket Stadium,2,21.1,England,Sri Lanka,EJG Morgan,JE Root,A Dananjaya,1,0,,,,,,,,,
1140382,2018/19,2018-10-20,Pallekele International Cricket Stadium,2,21.2,England,Sri Lanka,JE Root,EJG Morgan,A Dananjaya,1,0,,,,,,,,,
1140382,2018/19,2018-10-20,Pallekele International Cricket Stadium,2,21.3,England,Sri Lanka,EJG Morgan,JE Root,A Dananjaya,0,0,,,,,,,,,
1140382,2018/19,2018-10-20,Pallekele International Cricket Stadium,2,21.4,England,Sri Lanka,EJG Morgan,JE Root,A Dananjaya,0,0,,,,,,,,,
1140382,2018/19,2018-10-20,Pallekele International Cricket Stadium,2,21.5,England,Sri Lanka,EJG Morgan,JE Root,A Dananjaya,0,0,,,,,,,,,
1140382,2018/19,2018-10-20,Pallekele International Cricket Stadium,2,21.6,England,Sri Lanka,EJG Morgan,JE Root,A Dananjaya,0,0,,,,,,,,,
1140382,2018/19,2018-10-20,Pallekele International Cricket Stadium,2,22.1,England,Sri Lanka,JE Root,EJG Morgan,DM de Silva,0,1,,1,,,,,,,
1140382,2018/19,2018-10-20,Pallekele International Cricket Stadium,2,22.2,England,Sri Lanka,JE Root,EJG Morgan,DM de Silva,0,0,,,,,,,,,
1140382,2018/19,2018-10-20,Pallekele International Cricket Stadium,2,22.3,England,Sri Lanka,JE Root,EJG Morgan,DM de Silva,1,0,,,,,,,,,
1140382,2018/19,2018-10-20,Pallekele International Cricket Stadium,2,22.4,England,Sri Lanka,EJG Morgan,JE Root,DM de Silva,1,0,,,,,,,,,
1140382,2018/19,2018-10-20,Pallekele International Cricket Stadium,2,22.5,England,Sri Lanka,JE Root,EJG Morgan,DM de Silva,0,0,,,,,,,,,
1140382,2018/19,2018-10-20,Pallekele International Cricket Stadium,2,22.6,England,Sri Lanka,JE Root,EJG Morgan,DM de Silva,0,0,,,,,,,,,
1140382,2018/19,2018-10-20,Pallekele International Cricket Stadium,2,22.7,England,Sri Lanka,JE Root,EJG Morgan,DM de Silva,1,0,,,,,,,,,
1140382,2018/19,2018-10-20,Pallekele International Cricket Stadium,2,23.1,England,Sri Lanka,JE Root,EJG Morgan,SL Malinga,1,0,,,,,,,,,
1140382,2018/19,2018-10-20,Pallekele International Cricket Stadium,2,23.2,England,Sri Lanka,EJG Morgan,JE Root,SL Malinga,0,0,,,,,,,,,
1140382,2018/19,2018-10-20,Pallekele International Cricket Stadium,2,23.3,England,Sri Lanka,EJG Morgan,JE Root,SL Malinga,1,0,,,,,,,,,
1140382,2018/19,2018-10-20,Pallekele International Cricket Stadium,2,23.4,England,Sri Lanka,JE Root,EJG Morgan,SL Malinga,0,0,,,,,,,,,
1140382,2018/19,2018-10-20,Pallekele International Cricket Stadium,2,23.5,England,Sri Lanka,JE Root,EJG Morgan,SL Malinga,0,0,,,,,,,,,
1140382,2018/19,2018-10-20,Pallekele International Cricket Stadium,2,23.6,England,Sri Lanka,JE Root,EJG Morgan,SL Malinga,1,0,,,,,,,,,
1140382,2018/19,2018-10-20,Pallekele International Cricket Stadium,2,24.1,England,Sri Lanka,JE Root,EJG Morgan,DM de Silva,0,0,,,,,,,,,
1140382,2018/19,2018-10-20,Pallekele International Cricket Stadium,2,24.2,England,Sri Lanka,JE Root,EJG Morgan,DM de Silva,1,0,,,,,,,,,
1140382,2018/19,2018-10-20,Pallekele International Cricket Stadium,2,24.3,England,Sri Lanka,EJG Morgan,JE Root,DM de Silva,1,0,,,,,,,,,
1140382,2018/19,2018-10-20,Pallekele International Cricket Stadium,2,24.4,England,Sri Lanka,JE Root,EJG Morgan,DM de Silva,1,0,,,,,,,,,
1140382,2018/19,2018-10-20,Pallekele International Cricket Stadium,2,24.5,England,Sri Lanka,EJG Morgan,JE Root,DM de Silva,1,0,,,,,,,,,
1140382,2018/19,2018-10-20,Pallekele International Cricket Stadium,2,24.6,England,Sri Lanka,JE Root,EJG Morgan,DM de Silva,1,0,,,,,,,,,
1140382,2018/19,2018-10-20,Pallekele International Cricket Stadium,2,25.1,England,Sri Lanka,JE Root,EJG Morgan,SL Malinga,1,0,,,,,,,,,
1140382,2018/19,2018-10-20,Pallekele International Cricket Stadium,2,25.2,England,Sri Lanka,EJG Morgan,JE Root,SL Malinga,1,0,,,,,,,,,
1140382,2018/19,2018-10-20,Pallekele International Cricket Stadium,2,25.3,England,Sri Lanka,JE Root,EJG Morgan,SL Malinga,1,0,,,,,,,,,
1140382,2018/19,2018-10-20,Pallekele International Cricket Stadium,2,25.4,England,Sri Lanka,EJG Morgan,JE Root,SL Malinga,0,0,,,,,,,,,
1140382,2018/19,2018-10-20,Pallekele International Cricket Stadium,2,25.5,England,Sri Lanka,EJG Morgan,JE Root,SL Malinga,0,0,,,,,,,,,
1140382,2018/19,2018-10-20,Pallekele International Cricket Stadium,2,25.6,England,Sri Lanka,EJG Morgan,JE Root,SL Malinga,0,0,,,,,,,,,
1140382,2018/19,2018-10-20,Pallekele International Cricket Stadium,2,26.1,England,Sri Lanka,JE Root,EJG Morgan,DM de Silva,0,0,,,,,,,,,
1140382,2018/19,2018-10-20,Pallekele International Cricket Stadium,2,26.2,England,Sri Lanka,JE Root,EJG Morgan,DM de Silva,1,0,,,,,,,,,
1140382,2018/19,2018-10-20,Pallekele International Cricket Stadium,2,26.3,England,Sri Lanka,EJG Morgan,JE Root,DM de Silva,0,0,,,,,,,,,
1140382,2018/19,2018-10-20,Pallekele International Cricket Stadium,2,26.4,England,Sri Lanka,EJG Morgan,JE Root,DM de Silva,0,0,,,,,,,,,
1140382,2018/19,2018-10-20,Pallekele International Cricket Stadium,2,26.5,England,Sri Lanka,EJG Morgan,JE Root,DM de Silva,0,0,,,,,,,,,
1140382,2018/19,2018-10-20,Pallekele International Cricket Stadium,2,26.6,England,Sri Lanka,EJG Morgan,JE Root,DM de Silva,4,0,,,,,,,,,
