match_id,season,start_date,venue,innings,ball,batting_team,bowling_team,striker,non_striker,bowler,runs_off_bat,extras,wides,noballs,byes,legbyes,penalty,wicket_type,player_dismissed,other_wicket_type,other_player_dismissed
1140379,2018/19,2018-10-10,Rangiri Dambulla International Stadium,1,0.1,England,Sri Lanka,JJ Roy,JM Bairstow,SL Malinga,0,0,,,,,,,,,
1140379,2018/19,2018-10-10,Rangiri Dambulla International Stadium,1,0.2,England,Sri Lanka,JJ Roy,JM Bairstow,SL Malinga,0,0,,,,,,,,,
1140379,2018/19,2018-10-10,Rangiri Dambulla International Stadium,1,0.3,England,Sri Lanka,JJ Roy,JM Bairstow,SL Malinga,0,0,,,,,,,,,
1140379,2018/19,2018-10-10,Rangiri Dambulla International Stadium,1,0.4,England,Sri Lanka,JJ Roy,JM Bairstow,SL Malinga,4,0,,,,,,,,,
1140379,2018/19,2018-10-10,Rangiri Dambulla International Stadium,1,0.5,England,Sri Lanka,JJ Roy,JM Bairstow,SL Malinga,0,0,,,,,,,,,
1140379,2018/19,2018-10-10,Rangiri Dambulla International Stadium,1,0.6,England,Sri Lanka,JJ Roy,JM Bairstow,SL Malinga,0,0,,,,,,,,,
1140379,2018/19,2018-10-10,Rangiri Dambulla International Stadium,1,1.1,England,Sri Lanka,JM Bairstow,JJ Roy,N Pradeep,0,0,,,,,,,,,
1140379,2018/19,2018-10-10,Rangiri Dambulla International Stadium,1,1.2,England,Sri Lanka,JM Bairstow,JJ Roy,N Pradeep,0,0,,,,,,,,,
1140379,2018/19,2018-10-10,Rangiri Dambulla International Stadium,1,1.3,England,Sri Lanka,JM Bairstow,JJ Roy,N Pradeep,0,0,,,,,,,,,
1140379,2018/19,2018-10-10,Rangiri Dambulla International Stadium,1,1.4,England,Sri Lanka,JM Bairstow,JJ Roy,N Pradeep,1,0,,,,,,,,,
1140379,2018/19,2018-10-10,Rangiri Dambulla International Stadium,1,1.5,England,Sri Lanka,JJ Roy,JM Bairstow,N Pradeep,0,0,,,,,,,,,
1140379,2018/19,2018-10-10,Rangiri Dambulla International Stadium,1,1.6,England,Sri Lanka,JJ Roy,JM Bairstow,N Pradeep,2,0,,,,,,,,,
1140379,2018/19,2018-10-10,Rangiri Dambulla International Stadium,1,2.1,England,Sri Lanka,JM Bairstow,JJ Roy,SL Malinga,1,0,,,,,,,,,
1140379,2018/19,2018-10-10,Rangiri Dambulla International Stadium,1,2.2,England,Sri Lanka,JJ Roy,JM Bairstow,SL Malinga,0,0,,,,,,,,,
1140379,2018/19,2018-10-10,Rangiri Dambulla International Stadium,1,2.3,England,Sri Lanka,JJ Roy,JM Bairstow,SL Malinga,0,0,,,,,,,,,
1140379,2018/19,2018-10-10,Rangiri Dambulla International Stadium,1,2.4,England,Sri Lanka,JJ Roy,JM Bairstow,SL Malinga,0,1,1,,,,,,,,
1140379,2018/19,2018-10-10,Rangiri Dambulla International Stadium,1,2.5,England,Sri Lanka,JJ Roy,JM Bairstow,SL Malinga,0,0,,,,,,,,,
1140379,2018/19,2018-10-10,Rangiri Dambulla International Stadium,1,2.6,England,Sri Lanka,JJ Roy,JM Bairstow,SL Malinga,4,0,,,,,,,,,
1140379,2018/19,2018-10-10,Rangiri Dambulla International Stadium,1,2.7,England,Sri Lanka,JJ Roy,JM Bairstow,SL Malinga,4,0,,,,,,,,,
1140379,2018/19,2018-10-10,Rangiri Dambulla International Stadium,1,3.1,England,Sri Lanka,JM Bairstow,JJ Roy,N Pradeep,0,0,,,,,,,,,
1140379,2018/19,2018-10-10,Rangiri Dambulla International Stadium,1,3.2,England,Sri Lanka,JM Bairstow,JJ Roy,N Pradeep,4,0,,,,,,,,,
1140379,2018/19,2018-10-10,Rangiri Dambulla International Stadium,1,3.3,England,Sri Lanka,JM Bairstow,JJ Roy,N Pradeep,0,0,,,,,,,,,
1140379,2018/19,2018-10-10,Rangiri Dambulla International Stadium,1,3.4,England,Sri Lanka,JM Bairstow,JJ Roy,N Pradeep,0,0,,,,,,,,,
1140379,2018/19,2018-10-10,Rangiri Dambulla International Stadium,1,3.5,England,Sri Lanka,JM Bairstow,JJ Roy,N Pradeep,4,0,,,,,,,,,
1140379,2018/19,2018-10-10,Rangiri Dambulla International Stadium,1,3.6,England,Sri Lanka,JM Bairstow,JJ Roy,N Pradeep,0,0,,,,,,,,,
1140379,2018/19,2018-10-10,Rangiri Dambulla International Stadium,1,4.1,England,Sri Lanka,JJ Roy,JM Bairstow,SL Malinga,0,0,,,,,,,,,
1140379,2018/19,2018-10-10,Rangiri Dambulla International Stadium,1,4.2,England,Sri Lanka,JJ Roy,JM Bairstow,SL Malinga,1,0,,,,,,,,,
1140379,2018/19,2018-10-10,Rangiri Dambulla International Stadium,1,4.3,England,Sri Lanka,JM Bairstow,JJ Roy,SL Malinga,0,0,,,,,,,,,
1140379,2018/19,2018-10-10,Rangiri Dambulla International Stadium,1,4.4,England,Sri Lanka,JM Bairstow,JJ Roy,SL Malinga,4,0,,,,,,,,,
1140379,2018/19,2018-10-10,Rangiri Dambulla International Stadium,1,4.5,England,Sri Lanka,JM Bairstow,JJ Roy,SL Malinga,0,0,,,,,,,,,
1140379,2018/19,2018-10-10,Rangiri Dambulla International Stadium,1,4.6,England,Sri Lanka,JM Bairstow,JJ Roy,SL Malinga,0,0,,,,,,,,,
1140379,2018/19,2018-10-10,Rangiri Dambulla International Stadium,1,5.1,England,Sri Lanka,JJ Roy,JM Bairstow,N Pradeep,4,0,,,,,,,,,
1140379,2018/19,2018-10-10,Rangiri Dambulla International Stadium,1,5.2,England,Sri Lanka,JJ Roy,JM Bairstow,N Pradeep,1,0,,,,,,,,,
1140379,2018/19,2018-10-10,Rangiri Dambulla International Stadium,1,5.3,England,Sri Lanka,JM Bairstow,JJ Roy,N Pradeep,1,0,,,,,,,,,
1140379,2018/19,2018-10-10,Rangiri Dambulla International Stadium,1,5.4,England,Sri Lanka,JJ Roy,JM Bairstow,N Pradeep,1,0,,,,,,,,,
1140379,2018/19,2018-10-10,Rangiri Dambulla International Stadium,1,5.5,England,Sri Lanka,JM Bairstow,JJ Roy,N Pradeep,0,0,,,,,,,,,
1140379,2018/19,2018-10-10,Rangiri Dambulla International Stadium,1,5.6,England,Sri Lanka,JM Bairstow,JJ Roy,N Pradeep,0,0,,,,,,,,,
1140379,2018/19,2018-10-10,Rangiri Dambulla International Stadium,1,6.1,England,Sri Lanka,JJ Roy,JM Bairstow,A Dananjaya,1,0,,,,,,,,,
1140379,2018/19,2018-10-10,Rangiri Dambulla International Stadium,1,6.2,England,Sri Lanka,JM Bairstow,JJ Roy,A Dananjaya,0,0,,,,,,,,,
1140379,2018/19,2018-10-10,Rangiri Dambulla International Stadium,1,6.3,England,Sri Lanka,JM Bairstow,JJ Roy,A Dananjaya,0,0,,,,,,,,,
1140379,2018/19,2018-10-10,Rangiri Dambulla International Stadium,1,6.4,England,Sri Lanka,JM Bairstow,JJ Roy,A Dananjaya,0,0,,,,,,,,,
1140379,2018/19,2018-10-10,Rangiri Dambulla International Stadium,1,6.5,England,Sri Lanka,JM Bairstow,JJ Roy,A Dananjaya,6,0,,,,,,,,,
1140379,2018/19,2018-10-10,Rangiri Dambulla International Stadium,1,6.6,England,Sri Lanka,JM Bairstow,JJ Roy,A Dananjaya,4,0,,,,,,,,,
1140379,2018/19,2018-10-10,Rangiri Dambulla International Stadium,1,7.1,England,Sri Lanka,JJ Roy,JM Bairstow,N Pradeep,0,0,,,,,,,,,
1140379,2018/19,2018-10-10,Rangiri Dambulla International Stadium,1,7.2,England,Sri Lanka,JJ Roy,JM Bairstow,N Pradeep,0,0,,,,,,,,,
1140379,2018/19,2018-10-10,Rangiri Dambulla International Stadium,1,7.3,England,Sri Lanka,JJ Roy,JM Bairstow,N Pradeep,0,0,,,,,,,,,
1140379,2018/19,2018-10-10,Rangiri Dambulla International Stadium,1,7.4,England,Sri Lanka,JJ Roy,JM Bairstow,N Pradeep,0,0,,,,,,,,,
1140379,2018/19,2018-10-10,Rangiri Dambulla International Stadium,1,7.5,England,Sri Lanka,JJ Roy,JM Bairstow,N Pradeep,1,0,,,,,,,,,
1140379,2018/19,2018-10-10,Rangiri Dambulla International Stadium,1,7.6,England,Sri Lanka,JM Bairstow,JJ Roy,N Pradeep,0,0,,,,,,caught,JM Bairstow,,
1140379,2018/19,2018-10-10,Rangiri Dambulla International Stadium,1,8.1,England,Sri Lanka,JJ Roy,JE Root,A Dananjaya,1,0,,,,,,,,,
1140379,2018/19,2018-10-10,Rangiri Dambulla International Stadium,1,8.2,England,Sri Lanka,JE Root,JJ Roy,A Dananjaya,1,0,,,,,,,,,
1140379,2018/19,2018-10-10,Rangiri Dambulla International Stadium,1,8.3,England,Sri Lanka,JJ Roy,JE Root,A Dananjaya,0,0,,,,,,,,,
1140379,2018/19,2018-10-10,Rangiri Dambulla International Stadium,1,8.4,England,Sri Lanka,JJ Roy,JE Root,A Dananjaya,0,0,,,,,,caught,JJ Roy,,
1140379,2018/19,2018-10-10,Rangiri Dambulla International Stadium,1,8.5,England,Sri Lanka,EJG Morgan,JE Root,A Dananjaya,0,0,,,,,,,,,
1140379,2018/19,2018-10-10,Rangiri Dambulla International Stadium,1,8.6,England,Sri Lanka,EJG Morgan,JE Root,A Dananjaya,0,0,,,,,,,,,
1140379,2018/19,2018-10-10,Rangiri Dambulla International Stadium,1,9.1,England,Sri Lanka,JE Root,EJG Morgan,N Pradeep,0,0,,,,,,,,,
1140379,2018/19,2018-10-10,Rangiri Dambulla International Stadium,1,9.2,England,Sri Lanka,JE Root,EJG Morgan,N Pradeep,4,0,,,,,,,,,
1140379,2018/19,2018-10-10,Rangiri Dambulla International Stadium,1,9.3,England,Sri Lanka,JE Root,EJG Morgan,N Pradeep,0,0,,,,,,,,,
1140379,2018/19,2018-10-10,Rangiri Dambulla International Stadium,1,9.4,England,Sri Lanka,JE Root,EJG Morgan,N Pradeep,0,0,,,,,,,,,
1140379,2018/19,2018-10-10,Rangiri Dambulla International Stadium,1,9.5,England,Sri Lanka,JE Root,EJG Morgan,N Pradeep,0,0,,,,,,,,,
1140379,2018/19,2018-10-10,Rangiri Dambulla International Stadium,1,9.6,England,Sri Lanka,JE Root,EJG Morgan,N Pradeep,0,0,,,,,,,,,
1140379,2018/19,2018-10-10,Rangiri Dambulla International Stadium,1,10.1,England,Sri Lanka,EJG Morgan,JE Root,A Dananjaya,0,0,,,,,,,,,
1140379,2018/19,2018-10-10,Rangiri Dambulla International Stadium,1,10.2,England,Sri Lanka,EJG Morgan,JE Root,A Dananjaya,1,0,,,,,,,,,
1140379,2018/19,2018-10-10,Rangiri Dambulla International Stadium,1,10.3,England,Sri Lanka,JE Root,EJG Morgan,A Dananjaya,0,2,,,,2,,,,,
1140379,2018/19,2018-10-10,Rangiri Dambulla International Stadium,1,10.4,England,Sri Lanka,JE Root,EJG Morgan,A Dananjaya,0,0,,,,,,,,,
1140379,2018/19,2018-10-10,Rangiri Dambulla International Stadium,1,10.5,England,Sri Lanka,JE Root,EJG Morgan,A Dananjaya,1,0,,,,,,,,,
1140379,2018/19,2018-10-10,Rangiri Dambulla International Stadium,1,10.6,England,Sri Lanka,EJG Morgan,JE Root,A Dananjaya,0,0,,,,,,,,,
1140379,2018/19,2018-10-10,Rangiri Dambulla International Stadium,1,11.1,England,Sri Lanka,JE Root,EJG Morgan,SL Malinga,0,0,,,,,,,,,
1140379,2018/19,2018-10-10,Rangiri Dambulla International Stadium,1,11.2,England,Sri Lanka,JE Root,EJG Morgan,SL Malinga,4,0,,,,,,,,,
1140379,2018/19,2018-10-10,Rangiri Dambulla International Stadium,1,11.3,England,Sri Lanka,JE Root,EJG Morgan,SL Malinga,1,0,,,,,,,,,
1140379,2018/19,2018-10-10,Rangiri Dambulla International Stadium,1,11.4,England,Sri Lanka,EJG Morgan,JE Root,SL Malinga,1,0,,,,,,,,,
1140379,2018/19,2018-10-10,Rangiri Dambulla International Stadium,1,11.5,England,Sri Lanka,JE Root,EJG Morgan,SL Malinga,1,0,,,,,,,,,
1140379,2018/19,2018-10-10,Rangiri Dambulla International Stadium,1,11.6,England,Sri Lanka,EJG Morgan,JE Root,SL Malinga,4,0,,,,,,,,,
1140379,2018/19,2018-10-10,Rangiri Dambulla International Stadium,1,12.1,England,Sri Lanka,JE Root,EJG Morgan,A Dananjaya,4,0,,,,,,,,,
1140379,2018/19,2018-10-10,Rangiri Dambulla International Stadium,1,12.2,England,Sri Lanka,JE Root,EJG Morgan,A Dananjaya,0,0,,,,,,,,,
1140379,2018/19,2018-10-10,Rangiri Dambulla International Stadium,1,12.3,England,Sri Lanka,JE Root,EJG Morgan,A Dananjaya,1,0,,,,,,,,,
1140379,2018/19,2018-10-10,Rangiri Dambulla International Stadium,1,12.4,England,Sri Lanka,EJG Morgan,JE Root,A Dananjaya,1,0,,,,,,,,,
1140379,2018/19,2018-10-10,Rangiri Dambulla International Stadium,1,12.5,England,Sri Lanka,JE Root,EJG Morgan,A Dananjaya,1,0,,,,,,,,,
1140379,2018/19,2018-10-10,Rangiri Dambulla International Stadium,1,12.6,England,Sri Lanka,EJG Morgan,JE Root,A Dananjaya,6,0,,,,,,,,,
1140379,2018/19,2018-10-10,Rangiri Dambulla International Stadium,1,13.1,England,Sri Lanka,JE Root,EJG Morgan,SL Malinga,0,0,,,,,,,,,
1140379,2018/19,2018-10-10,Rangiri Dambulla International Stadium,1,13.2,England,Sri Lanka,JE Root,EJG Morgan,SL Malinga,2,0,,,,,,,,,
1140379,2018/19,2018-10-10,Rangiri Dambulla International Stadium,1,13.3,England,Sri Lanka,JE Root,EJG Morgan,SL Malinga,0,0,,,,,,,,,
1140379,2018/19,2018-10-10,Rangiri Dambulla International Stadium,1,13.4,England,Sri Lanka,JE Root,EJG Morgan,SL Malinga,0,1,1,,,,,,,,
1140379,2018/19,2018-10-10,Rangiri Dambulla International Stadium,1,13.5,England,Sri Lanka,JE Root,EJG Morgan,SL Malinga,0,0,,,,,,,,,
1140379,2018/19,2018-10-10,Rangiri Dambulla International Stadium,1,13.6,England,Sri Lanka,JE Root,EJG Morgan,SL Malinga,0,0,,,,,,,,,
1140379,2018/19,2018-10-10,Rangiri Dambulla International Stadium,1,13.7,England,Sri Lanka,JE Root,EJG Morgan,SL Malinga,4,0,,,,,,,,,
1140379,2018/19,2018-10-10,Rangiri Dambulla International Stadium,1,14.1,England,Sri Lanka,EJG Morgan,JE Root,A Dananjaya,0,0,,,,,,,,,
1140379,2018/19,2018-10-10,Rangiri Dambulla International Stadium,1,14.2,England,Sri Lanka,EJG Morgan,JE Root,A Dananjaya,1,0,,,,,,,,,
1140379,2018/19,2018-10-10,Rangiri Dambulla International Stadium,1,14.3,England,Sri Lanka,JE Root,EJG Morgan,A Dananjaya,0,0,,,,,,,,,
1140379,2018/19,2018-10-10,Rangiri Dambulla International Stadium,1,14.4,England,Sri Lanka,JE Root,EJG Morgan,A Dananjaya,0,0,,,,,,,,,
1140379,2018/19,2018-10-10,Rangiri Dambulla International Stadium,1,14.5,England,Sri Lanka,JE Root,EJG Morgan,A Dananjaya,0,0,,,,,,,,,
1140379,2018/19,2018-10-10,Rangiri Dambulla International Stadium,1,14.6,England,Sri Lanka,JE Root,EJG Morgan,A Dananjaya,1,0,,,,,,,,,
