match_id,season,start_date,venue,innings,ball,batting_team,bowling_team,striker,non_striker,bowler,runs_off_bat,extras,wides,noballs,byes,legbyes,penalty,wicket_type,player_dismissed,other_wicket_type,other_player_dismissed
1140383,2018/19,2018-10-23,"R.Premadasa Stadium, Khettarama",1,0.1,Sri Lanka,England,N Dickwella,S Samarawickrama,MA Wood,0,1,1,,,,,,,,
1140383,2018/19,2018-10-23,"R.Premadasa Stadium, Khettarama",1,0.2,Sri Lanka,England,N Dickwella,S Samarawickrama,MA Wood,1,0,,,,,,,,,
1140383,2018/19,2018-10-23,"R.Premadasa Stadium, Khettarama",1,0.3,Sri Lanka,England,S Samarawickrama,N Dickwella,MA Wood,1,0,,,,,,,,,
1140383,2018/19,2018-10-23,"R.Premadasa Stadium, Khettarama",1,0.4,Sri Lanka,England,N Dickwella,S Samarawickrama,MA Wood,0,1,1,,,,,,,,
1140383,2018/19,2018-10-23,"R.Premadasa Stadium, Khettarama",1,0.5,Sri Lanka,England,N Dickwella,S Samarawickrama,MA Wood,0,0,,,,,,,,,
1140383,2018/19,2018-10-23,"R.Premadasa Stadium, Khettarama",1,0.6,Sri Lanka,England,N Dickwella,S Samarawickrama,MA Wood,0,0,,,,,,,,,
1140383,2018/19,2018-10-23,"R.Premadasa Stadium, Khettarama",1,0.7,Sri Lanka,England,N Dickwella,S Samarawickrama,MA Wood,0,1,,,,1,,,,,
1140383,2018/19,2018-10-23,"R.Premadasa Stadium, Khettarama",1,0.8,Sri Lanka,England,S Samarawickrama,N Dickwella,MA Wood,0,0,,,,,,,,,
1140383,2018/19,2018-10-23,"R.Premadasa Stadium, Khettarama",1,1.1,Sri Lanka,England,N Dickwella,S Samarawickrama,SM Curran,0,0,,,,,,,,,
1140383,2018/19,2018-10-23,"R.Premadasa Stadium, Khettarama",1,1.2,Sri Lanka,England,N Dickwella,S Samarawickrama,SM Curran,0,0,,,,,,,,,
1140383,2018/19,2018-10-23,"R.Premadasa Stadium, Khettarama",1,1.3,Sri Lanka,England,N Dickwella,S Samarawickrama,SM Curran,0,0,,,,,,,,,
1140383,2018/19,2018-10-23,"R.Premadasa Stadium, Khettarama",1,1.4,Sri Lanka,England,N Dickwella,S Samarawickrama,SM Curran,1,0,,,,,,,,,
1140383,2018/19,2018-10-23,"R.Premadasa Stadium, Khettarama",1,1.5,Sri Lanka,England,S Samarawickrama,N Dickwella,SM Curran,1,0,,,,,,,,,
1140383,2018/19,2018-10-23,"R.Premadasa Stadium, Khettarama",1,1.6,Sri Lanka,England,N Dickwella,S Samarawickrama,SM Curran,0,0,,,,,,,,,
1140383,2018/19,2018-10-23,"R.Premadasa Stadium, Khettarama",1,2.1,Sri Lanka,England,S Samarawickrama,N Dickwella,MA Wood,0,0,,,,,,,,,
1140383,2018/19,2018-10-23,"R.Premadasa Stadium, Khettarama",1,2.2,Sri Lanka,England,S Samarawickrama,N Dickwella,MA Wood,0,0,,,,,,,,,
1140383,2018/19,2018-10-23,"R.Premadasa Stadium, Khettarama",1,2.3,Sri Lanka,England,S Samarawickrama,N Dickwella,MA Wood,0,0,,,,,,,,,
1140383,2018/19,2018-10-23,"R.Premadasa Stadium, Khettarama",1,2.4,Sri Lanka,England,S Samarawickrama,N Dickwella,MA Wood,4,0,,,,,,,,,
1140383,2018/19,2018-10-23,"R.Premadasa Stadium, Khettarama",1,2.5,Sri Lanka,England,S Samarawickrama,N Dickwella,MA Wood,0,0,,,,,,,,,
1140383,2018/19,2018-10-23,"R.Premadasa Stadium, Khettarama",1,2.6,Sri Lanka,England,S Samarawickrama,N Dickwella,MA Wood,0,0,,,,,,,,,
1140383,2018/19,2018-10-23,"R.Premadasa Stadium, Khettarama",1,3.1,Sri Lanka,England,N Dickwella,S Samarawickrama,SM Curran,4,0,,,,,,,,,
1140383,2018/19,2018-10-23,"R.Premadasa Stadium, Khettarama",1,3.2,Sri Lanka,England,N Dickwella,S Samarawickrama,SM Curran,1,0,,,,,,,,,
1140383,2018/19,2018-10-23,"R.Premadasa Stadium, Khettarama",1,3.3,Sri Lanka,England,S Samarawickrama,N Dickwella,SM Curran,4,0,,,,,,,,,
1140383,2018/19,2018-10-23,"R.Premadasa Stadium, Khettarama",1,3.4,Sri Lanka,England,S Samarawickrama,N Dickwella,SM Curran,4,0,,,,,,,,,
1140383,2018/19,2018-10-23,"R.Premadasa Stadium, Khettarama",1,3.5,Sri Lanka,England,S Samarawickrama,N Dickwella,SM Curran,4,0,,,,,,,,,
1140383,2018/19,2018-10-23,"R.Premadasa Stadium, Khettarama",1,3.6,Sri Lanka,England,S Samarawickrama,N Dickwella,SM Curran,0,0,,,,,,,,,
1140383,2018/19,2018-10-23,"R.Premadasa Stadium, Khettarama",1,4.1,Sri Lanka,England,N Dickwella,S Samarawickrama,MA Wood,0,1,1,,,,,,,,
1140383,2018/19,2018-10-23,"R.Premadasa Stadium, Khettarama",1,4.2,Sri Lanka,England,N Dickwella,S Samarawickrama,MA Wood,0,0,,,,,,,,,
1140383,2018/19,2018-10-23,"R.Premadasa Stadium, Khettarama",1,4.3,Sri Lanka,England,N Dickwella,S Samarawickrama,MA Wood,0,0,,,,,,,,,
1140383,2018/19,2018-10-23,"R.Premadasa Stadium, Khettarama",1,4.4,Sri Lanka,England,N Dickwella,S Samarawickrama,MA Wood,0,0,,,,,,,,,
1140383,2018/19,2018-10-23,"R.Premadasa Stadium, Khettarama",1,4.5,Sri Lanka,England,N Dickwella,S Samarawickrama,MA Wood,4,0,,,,,,,,,
1140383,2018/19,2018-10-23,"R.Premadasa Stadium, Khettarama",1,4.6,Sri Lanka,England,N Dickwella,S Samarawickrama,MA Wood,4,0,,,,,,,,,
1140383,2018/19,2018-10-23,"R.Premadasa Stadium, Khettarama",1,4.7,Sri Lanka,England,N Dickwella,S Samarawickrama,MA Wood,0,0,,,,,,,,,
1140383,2018/19,2018-10-23,"R.Premadasa Stadium, Khettarama",1,5.1,Sri Lanka,England,S Samarawickrama,N Dickwella,SM Curran,0,0,,,,,,,,,
1140383,2018/19,2018-10-23,"R.Premadasa Stadium, Khettarama",1,5.2,Sri Lanka,England,S Samarawickrama,N Dickwella,SM Curran,0,0,,,,,,,,,
1140383,2018/19,2018-10-23,"R.Premadasa Stadium, Khettarama",1,5.3,Sri Lanka,England,S Samarawickrama,N Dickwella,SM Curran,4,0,,,,,,,,,
1140383,2018/19,2018-10-23,"R.Premadasa Stadium, Khettarama",1,5.4,Sri Lanka,England,S Samarawickrama,N Dickwella,SM Curran,0,0,,,,,,,,,
1140383,2018/19,2018-10-23,"R.Premadasa Stadium, Khettarama",1,5.5,Sri Lanka,England,S Samarawickrama,N Dickwella,SM Curran,4,0,,,,,,,,,
1140383,2018/19,2018-10-23,"R.Premadasa Stadium, Khettarama",1,5.6,Sri Lanka,England,S Samarawickrama,N Dickwella,SM Curran,0,0,,,,,,,,,
1140383,2018/19,2018-10-23,"R.Premadasa Stadium, Khettarama",1,6.1,Sri Lanka,England,N Dickwella,S Samarawickrama,MA Wood,4,0,,,,,,,,,
1140383,2018/19,2018-10-23,"R.Premadasa Stadium, Khettarama",1,6.2,Sri Lanka,England,N Dickwella,S Samarawickrama,MA Wood,0,0,,,,,,,,,
1140383,2018/19,2018-10-23,"R.Premadasa Stadium, Khettarama",1,6.3,Sri Lanka,England,N Dickwella,S Samarawickrama,MA Wood,2,0,,,,,,,,,
1140383,2018/19,2018-10-23,"R.Premadasa Stadium, Khettarama",1,6.4,Sri Lanka,England,N Dickwella,S Samarawickrama,MA Wood,0,0,,,,,,,,,
1140383,2018/19,2018-10-23,"R.Premadasa Stadium, Khettarama",1,6.5,Sri Lanka,England,N Dickwella,S Samarawickrama,MA Wood,0,0,,,,,,,,,
1140383,2018/19,2018-10-23,"R.Premadasa Stadium, Khettarama",1,6.6,Sri Lanka,England,N Dickwella,S Samarawickrama,MA Wood,4,0,,,,,,,,,
1140383,2018/19,2018-10-23,"R.Premadasa Stadium, Khettarama",1,7.1,Sri Lanka,England,S Samarawickrama,N Dickwella,TK Curran,0,0,,,,,,,,,
1140383,2018/19,2018-10-23,"R.Premadasa Stadium, Khettarama",1,7.2,Sri Lanka,England,S Samarawickrama,N Dickwella,TK Curran,0,0,,,,,,,,,
1140383,2018/19,2018-10-23,"R.Premadasa Stadium, Khettarama",1,7.3,Sri Lanka,England,S Samarawickrama,N Dickwella,TK Curran,4,0,,,,,,,,,
1140383,2018/19,2018-10-23,"R.Premadasa Stadium, Khettarama",1,7.4,Sri Lanka,England,S Samarawickrama,N Dickwella,TK Curran,1,0,,,,,,,,,
1140383,2018/19,2018-10-23,"R.Premadasa Stadium, Khettarama",1,7.5,Sri Lanka,England,N Dickwella,S Samarawickrama,TK Curran,4,0,,,,,,,,,
1140383,2018/19,2018-10-23,"R.Premadasa Stadium, Khettarama",1,7.6,Sri Lanka,England,N Dickwella,S Samarawickrama,TK Curran,1,0,,,,,,,,,
1140383,2018/19,2018-10-23,"R.Premadasa Stadium, Khettarama",1,8.1,Sri Lanka,England,N Dickwella,S Samarawickrama,MM Ali,0,0,,,,,,,,,
1140383,2018/19,2018-10-23,"R.Premadasa Stadium, Khettarama",1,8.2,Sri Lanka,England,N Dickwella,S Samarawickrama,MM Ali,1,0,,,,,,,,,
1140383,2018/19,2018-10-23,"R.Premadasa Stadium, Khettarama",1,8.3,Sri Lanka,England,S Samarawickrama,N Dickwella,MM Ali,0,0,,,,,,,,,
1140383,2018/19,2018-10-23,"R.Premadasa Stadium, Khettarama",1,8.4,Sri Lanka,England,S Samarawickrama,N Dickwella,MM Ali,1,0,,,,,,,,,
1140383,2018/19,2018-10-23,"R.Premadasa Stadium, Khettarama",1,8.5,Sri Lanka,England,N Dickwella,S Samarawickrama,MM Ali,2,0,,,,,,,,,
1140383,2018/19,2018-10-23,"R.Premadasa Stadium, Khettarama",1,8.6,Sri Lanka,England,N Dickwella,S Samarawickrama,MM Ali,1,0,,,,,,,,,
1140383,2018/19,2018-10-23,"R.Premadasa Stadium, Khettarama",1,9.1,Sri Lanka,England,N Dickwella,S Samarawickrama,TK Curran,0,0,,,,,,,,,
1140383,2018/19,2018-10-23,"R.Premadasa Stadium, Khettarama",1,9.2,Sri Lanka,England,N Dickwella,S Samarawickrama,TK Curran,0,0,,,,,,,,,
1140383,2018/19,2018-10-23,"R.Premadasa Stadium, Khettarama",1,9.3,Sri Lanka,England,N Dickwella,S Samarawickrama,TK Curran,0,0,,,,,,,,,
1140383,2018/19,2018-10-23,"R.Premadasa Stadium, Khettarama",1,9.4,Sri Lanka,England,N Dickwella,S Samarawickrama,TK Curran,0,0,,,,,,,,,
1140383,2018/19,2018-10-23,"R.Premadasa Stadium, Khettarama",1,9.5,Sri Lanka,England,N Dickwella,S Samarawickrama,TK Curran,1,0,,,,,,,,,
1140383,2018/19,2018-10-23,"R.Premadasa Stadium, Khettarama",1,9.6,Sri Lanka,England,S Samarawickrama,N Dickwella,TK Curran,1,0,,,,,,,,,
1140383,2018/19,2018-10-23,"R.Premadasa Stadium, Khettarama",1,10.1,Sri Lanka,England,S Samarawickrama,N Dickwella,MM Ali,0,1,1,,,,,,,,
1140383,2018/19,2018-10-23,"R.Premadasa Stadium, Khettarama",1,10.2,Sri Lanka,England,S Samarawickrama,N Dickwella,MM Ali,1,0,,,,,,,,,
1140383,2018/19,2018-10-23,"R.Premadasa Stadium, Khettarama",1,10.3,Sri Lanka,England,N Dickwella,S Samarawickrama,MM Ali,1,0,,,,,,,,,
1140383,2018/19,2018-10-23,"R.Premadasa Stadium, Khettarama",1,10.4,Sri Lanka,England,S Samarawickrama,N Dickwella,MM Ali,1,0,,,,,,,,,
1140383,2018/19,2018-10-23,"R.Premadasa Stadium, Khettarama",1,10.5,Sri Lanka,England,N Dickwella,S Samarawickrama,MM Ali,2,0,,,,,,,,,
1140383,2018/19,2018-10-23,"R.Premadasa Stadium, Khettarama",1,10.6,Sri Lanka,England,N Dickwella,S Samarawickrama,MM Ali,1,0,,,,,,,,,
1140383,2018/19,2018-10-23,"R.Premadasa Stadium, Khettarama",1,10.7,Sri Lanka,England,S Samarawickrama,N Dickwella,MM Ali,4,0,,,,,,,,,
1140383,2018/19,2018-10-23,"R.Premadasa Stadium, Khettarama",1,11.1,Sri Lanka,England,N Dickwella,S Samarawickrama,TK Curran,2,0,,,,,,,,,
1140383,2018/19,2018-10-23,"R.Premadasa Stadium, Khettarama",1,11.2,Sri Lanka,England,N Dickwella,S Samarawickrama,TK Curran,1,0,,,,,,,,,
1140383,2018/19,2018-10-23,"R.Premadasa Stadium, Khettarama",1,11.3,Sri Lanka,England,S Samarawickrama,N Dickwella,TK Curran,1,0,,,,,,,,,
1140383,2018/19,2018-10-23,"R.Premadasa Stadium, Khettarama",1,11.4,Sri Lanka,England,N Dickwella,S Samarawickrama,TK Curran,0,0,,,,,,,,,
1140383,2018/19,2018-10-23,"R.Premadasa Stadium, Khettarama",1,11.5,Sri Lanka,England,N Dickwella,S Samarawickrama,TK Curran,1,0,,,,,,,,,
1140383,2018/19,2018-10-23,"R.Premadasa Stadium, Khettarama",1,11.6,Sri Lanka,England,S Samarawickrama,N Dickwella,TK Curran,1,0,,,,,,,,,
1140383,2018/19,2018-10-23,"R.Premadasa Stadium, Khettarama",1,12.1,Sri Lanka,England,S Samarawickrama,N Dickwella,AU Rashid,0,0,,,,,,,,,
1140383,2018/19,2018-10-23,"R.Premadasa Stadium, Khettarama",1,12.2,Sri Lanka,England,S Samarawickrama,N Dickwella,AU Rashid,2,0,,,,,,,,,
1140383,2018/19,2018-10-23,"R.Premadasa Stadium, Khettarama",1,12.3,Sri Lanka,England,S Samarawickrama,N Dickwella,AU Rashid,1,0,,,,,,,,,
1140383,2018/19,2018-10-23,"R.Premadasa Stadium, Khettarama",1,12.4,Sri Lanka,England,N Dickwella,S Samarawickrama,AU Rashid,0,0,,,,,,,,,
1140383,2018/19,2018-10-23,"R.Premadasa Stadium, Khettarama",1,12.5,Sri Lanka,England,N Dickwella,S Samarawickrama,AU Rashid,0,0,,,,,,,,,
1140383,2018/19,2018-10-23,"R.Premadasa Stadium, Khettarama",1,12.6,Sri Lanka,England,N Dickwella,S Samarawickrama,AU Rashid,2,0,,,,,,,,,
1140383,2018/19,2018-10-23,"R.Premadasa Stadium, Khettarama",1,13.1,Sri Lanka,England,S Samarawickrama,N Dickwella,LE Plunkett,1,0,,,,,,,,,
1140383,2018/19,2018-10-23,"R.Premadasa Stadium, Khettarama",1,13.2,Sri Lanka,England,N Dickwella,S Samarawickrama,LE Plunkett,2,0,,,,,,,,,
1140383,2018/19,2018-10-23,"R.Premadasa Stadium, Khettarama",1,13.3,Sri Lanka,England,N Dickwella,S Samarawickrama,LE Plunkett,1,0,,,,,,,,,
1140383,2018/19,2018-10-23,"R.Premadasa Stadium, Khettarama",1,13.4,Sri Lanka,England,S Samarawickrama,N Dickwella,LE Plunkett,1,0,,,,,,,,,
1140383,2018/19,2018-10-23,"R.Premadasa Stadium, Khettarama",1,13.5,Sri Lanka,England,N Dickwella,S Samarawickrama,LE Plunkett,0,0,,,,,,,,,
1140383,2018/19,2018-10-23,"R.Premadasa Stadium, Khettarama",1,13.6,Sri Lanka,England,N Dickwella,S Samarawickrama,LE Plunkett,0,1,1,,,,,,,,
1140383,2018/19,2018-10-23,"R.Premadasa Stadium, Khettarama",1,13.7,Sri Lanka,England,N Dickwella,S Samarawickrama,LE Plunkett,1,0,,,,,,,,,
1140383,2018/19,2018-10-23,"R.Premadasa Stadium, Khettarama",1,14.1,Sri Lanka,England,N Dickwella,S Samarawickrama,AU Rashid,1,0,,,,,,,,,
1140383,2018/19,2018-10-23,"R.Premadasa Stadium, Khettarama",1,14.2,Sri Lanka,England,S Samarawickrama,N Dickwella,AU Rashid,1,0,,,,,,,,,
1140383,2018/19,2018-10-23,"R.Premadasa Stadium, Khettarama",1,14.3,Sri Lanka,England,N Dickwella,S Samarawickrama,AU Rashid,1,0,,,,,,,,,
1140383,2018/19,2018-10-23,"R.Premadasa Stadium, Khettarama",1,14.4,Sri Lanka,England,S Samarawickrama,N Dickwella,AU Rashid,1,0,,,,,,,,,
1140383,2018/19,2018-10-23,"R.Premadasa Stadium, Khettarama",1,14.5,Sri Lanka,England,N Dickwella,S Samarawickrama,AU Rashid,1,0,,,,,,,,,
1140383,2018/19,2018-10-23,"R.Premadasa Stadium, Khettarama",1,14.6,Sri Lanka,England,S Samarawickrama,N Dickwella,AU Rashid,1,0,,,,,,,,,
1140383,2018/19,2018-10-23,"R.Premadasa Stadium, Khettarama",1,15.1,Sri Lanka,England,S Samarawickrama,N Dickwella,LE Plunkett,1,0,,,,,,,,,
1140383,2018/19,2018-10-23,"R.Premadasa Stadium, Khettarama",1,15.2,Sri Lanka,England,N Dickwella,S Samarawickrama,LE Plunkett,4,0,,,,,,,,,
1140383,2018/19,2018-10-23,"R.Premadasa Stadium, Khettarama",1,15.3,Sri Lanka,England,N Dickwella,S Samarawickrama,LE Plunkett,4,0,,,,,,,,,
1140383,2018/19,2018-10-23,"R.Premadasa Stadium, Khettarama",1,15.4,Sri Lanka,England,N Dickwella,S Samarawickrama,LE Plunkett,1,0,,,,,,,,,
1140383,2018/19,2018-10-23,"R.Premadasa Stadium, Khettarama",1,15.5,Sri Lanka,England,S Samarawickrama,N Dickwella,LE Plunkett,1,0,,,,,,,,,
1140383,2018/19,2018-10-23,"R.Premadasa Stadium, Khettarama",1,15.6,Sri Lanka,England,N Dickwella,S Samarawickrama,LE Plunkett,1,0,,,,,,,,,
1140383,2018/19,2018-10-23,"R.Premadasa Stadium, Khettarama",1,16.1,Sri Lanka,England,N Dickwella,S Samarawickrama,AU Rashid,1,0,,,,,,,,,
1140383,2018/19,2018-10-23,"R.Premadasa Stadium, Khettarama",1,16.2,Sri Lanka,England,S Samarawickrama,N Dickwella,AU Rashid,0,0,,,,,,,,,
1140383,2018/19,2018-10-23,"R.Premadasa Stadium, Khettarama",1,16.3,Sri Lanka,England,S Samarawickrama,N Dickwella,AU Rashid,1,0,,,,,,,,,
1140383,2018/19,2018-10-23,"R.Premadasa Stadium, Khettarama",1,16.4,Sri Lanka,England,N Dickwella,S Samarawickrama,AU Rashid,1,0,,,,,,,,,
1140383,2018/19,2018-10-23,"R.Premadasa Stadium, Khettarama",1,16.5,Sri Lanka,England,S Samarawickrama,N Dickwella,AU Rashid,0,0,,,,,,,,,
1140383,2018/19,2018-10-23,"R.Premadasa Stadium, Khettarama",1,16.6,Sri Lanka,England,S Samarawickrama,N Dickwella,AU Rashid,0,0,,,,,,,,,
1140383,2018/19,2018-10-23,"R.Premadasa Stadium, Khettarama",1,17.1,Sri Lanka,England,N Dickwella,S Samarawickrama,LE Plunkett,0,1,,,,1,,,,,
1140383,2018/19,2018-10-23,"R.Premadasa Stadium, Khettarama",1,17.2,Sri Lanka,England,S Samarawickrama,N Dickwella,LE Plunkett,1,0,,,,,,,,,
1140383,2018/19,2018-10-23,"R.Premadasa Stadium, Khettarama",1,17.3,Sri Lanka,England,N Dickwella,S Samarawickrama,LE Plunkett,0,0,,,,,,,,,
1140383,2018/19,2018-10-23,"R.Premadasa Stadium, Khettarama",1,17.4,Sri Lanka,England,N Dickwella,S Samarawickrama,LE Plunkett,4,0,,,,,,,,,
1140383,2018/19,2018-10-23,"R.Premadasa Stadium, Khettarama",1,17.5,Sri Lanka,England,N Dickwella,S Samarawickrama,LE Plunkett,0,0,,,,,,,,,
1140383,2018/19,2018-10-23,"R.Premadasa Stadium, Khettarama",1,17.6,Sri Lanka,England,N Dickwella,S Samarawickrama,LE Plunkett,4,0,,,,,,,,,
1140383,2018/19,2018-10-23,"R.Premadasa Stadium, Khettarama",1,18.1,Sri Lanka,England,S Samarawickrama,N Dickwella,AU Rashid,1,0,,,,,,,,,
1140383,2018/19,2018-10-23,"R.Premadasa Stadium, Khettarama",1,18.2,Sri Lanka,England,N Dickwella,S Samarawickrama,AU Rashid,4,0,,,,,,,,,
1140383,2018/19,2018-10-23,"R.Premadasa Stadium, Khettarama",1,18.3,Sri Lanka,England,N Dickwella,S Samarawickrama,AU Rashid,0,0,,,,,,,,,
1140383,2018/19,2018-10-23,"R.Premadasa Stadium, Khettarama",1,18.4,Sri Lanka,England,N Dickwella,S Samarawickrama,AU Rashid,0,0,,,,,,,,,
1140383,2018/19,2018-10-23,"R.Premadasa Stadium, Khettarama",1,18.5,Sri Lanka,England,N Dickwella,S Samarawickrama,AU Rashid,0,0,,,,,,,,,
1140383,2018/19,2018-10-23,"R.Premadasa Stadium, Khettarama",1,18.6,Sri Lanka,England,N Dickwella,S Samarawickrama,AU Rashid,0,0,,,,,,,,,
1140383,2018/19,2018-10-23,"R.Premadasa Stadium, Khettarama",1,19.1,Sri Lanka,England,S Samarawickrama,N Dickwella,MM Ali,0,0,,,,,,bowled,S Samarawickrama,,
1140383,2018/19,2018-10-23,"R.Premadasa Stadium, Khettarama",1,19.2,Sri Lanka,England,LD Chandimal,N Dickwella,MM Ali,1,0,,,,,,,,,
1140383,2018/19,2018-10-23,"R.Premadasa Stadium, Khettarama",1,19.3,Sri Lanka,England,N Dickwella,LD Chandimal,MM Ali,1,0,,,,,,,,,
1140383,2018/19,2018-10-23,"R.Premadasa Stadium, Khettarama",1,19.4,Sri Lanka,England,LD Chandimal,N Dickwella,MM Ali,1,0,,,,,,,,,
1140383,2018/19,2018-10-23,"R.Premadasa Stadium, Khettarama",1,19.5,Sri Lanka,England,N Dickwella,LD Chandimal,MM Ali,1,0,,,,,,,,,
1140383,2018/19,2018-10-23,"R.Premadasa Stadium, Khettarama",1,19.6,Sri Lanka,England,LD Chandimal,N Dickwella,MM Ali,2,0,,,,,,,,,
1140383,2018/19,2018-10-23,"R.Premadasa Stadium, Khettarama",1,20.1,Sri Lanka,England,N Dickwella,LD Chandimal,AU Rashid,0,0,,,,,,,,,
1140383,2018/19,2018-10-23,"R.Premadasa Stadium, Khettarama",1,20.2,Sri Lanka,England,N Dickwella,LD Chandimal,AU Rashid,0,0,,,,,,,,,
1140383,2018/19,2018-10-23,"R.Premadasa Stadium, Khettarama",1,20.3,Sri Lanka,England,N Dickwella,LD Chandimal,AU Rashid,1,0,,,,,,,,,
1140383,2018/19,2018-10-23,"R.Premadasa Stadium, Khettarama",1,20.4,Sri Lanka,England,LD Chandimal,N Dickwella,AU Rashid,1,0,,,,,,,,,
1140383,2018/19,2018-10-23,"R.Premadasa Stadium, Khettarama",1,20.5,Sri Lanka,England,N Dickwella,LD Chandimal,AU Rashid,1,0,,,,,,,,,
1140383,2018/19,2018-10-23,"R.Premadasa Stadium, Khettarama",1,20.6,Sri Lanka,England,LD Chandimal,N Dickwella,AU Rashid,0,0,,,,,,,,,
1140383,2018/19,2018-10-23,"R.Premadasa Stadium, Khettarama",1,21.1,Sri Lanka,England,N Dickwella,LD Chandimal,MM Ali,0,0,,,,,,,,,
1140383,2018/19,2018-10-23,"R.Premadasa Stadium, Khettarama",1,21.2,Sri Lanka,England,N Dickwella,LD Chandimal,MM Ali,0,0,,,,,,,,,
1140383,2018/19,2018-10-23,"R.Premadasa Stadium, Khettarama",1,21.3,Sri Lanka,England,N Dickwella,LD Chandimal,MM Ali,2,0,,,,,,,,,
1140383,2018/19,2018-10-23,"R.Premadasa Stadium, Khettarama",1,21.4,Sri Lanka,England,N Dickwella,LD Chandimal,MM Ali,1,0,,,,,,,,,
1140383,2018/19,2018-10-23,"R.Premadasa Stadium, Khettarama",1,21.5,Sri Lanka,England,LD Chandimal,N Dickwella,MM Ali,1,0,,,,,,,,,
1140383,2018/19,2018-10-23,"R.Premadasa Stadium, Khettarama",1,21.6,Sri Lanka,England,N Dickwella,LD Chandimal,MM Ali,1,0,,,,,,,,,
1140383,2018/19,2018-10-23,"R.Premadasa Stadium, Khettarama",1,22.1,Sri Lanka,England,N Dickwella,LD Chandimal,AU Rashid,0,0,,,,,,,,,
1140383,2018/19,2018-10-23,"R.Premadasa Stadium, Khettarama",1,22.2,Sri Lanka,England,N Dickwella,LD Chandimal,AU Rashid,0,0,,,,,,,,,
1140383,2018/19,2018-10-23,"R.Premadasa Stadium, Khettarama",1,22.3,Sri Lanka,England,N Dickwella,LD Chandimal,AU Rashid,0,4,,,4,,,,,,
1140383,2018/19,2018-10-23,"R.Premadasa Stadium, Khettarama",1,22.4,Sri Lanka,England,N Dickwella,LD Chandimal,AU Rashid,2,0,,,,,,,,,
1140383,2018/19,2018-10-23,"R.Premadasa Stadium, Khettarama",1,22.5,Sri Lanka,England,N Dickwella,LD Chandimal,AU Rashid,0,0,,,,,,,,,
1140383,2018/19,2018-10-23,"R.Premadasa Stadium, Khettarama",1,22.6,Sri Lanka,England,N Dickwella,LD Chandimal,AU Rashid,1,0,,,,,,,,,
1140383,2018/19,2018-10-23,"R.Premadasa Stadium, Khettarama",1,23.1,Sri Lanka,England,N Dickwella,LD Chandimal,MM Ali,0,0,,,,,,,,,
1140383,2018/19,2018-10-23,"R.Premadasa Stadium, Khettarama",1,23.2,Sri Lanka,England,N Dickwella,LD Chandimal,MM Ali,4,0,,,,,,,,,
1140383,2018/19,2018-10-23,"R.Premadasa Stadium, Khettarama",1,23.3,Sri Lanka,England,N Dickwella,LD Chandimal,MM Ali,1,0,,,,,,,,,
1140383,2018/19,2018-10-23,"R.Premadasa Stadium, Khettarama",1,23.4,Sri Lanka,England,LD Chandimal,N Dickwella,MM Ali,0,0,,,,,,,,,
1140383,2018/19,2018-10-23,"R.Premadasa Stadium, Khettarama",1,23.5,Sri Lanka,England,LD Chandimal,N Dickwella,MM Ali,1,0,,,,,,,,,
1140383,2018/19,2018-10-23,"R.Premadasa Stadium, Khettarama",1,23.6,Sri Lanka,England,N Dickwella,LD Chandimal,MM Ali,1,0,,,,,,,,,
1140383,2018/19,2018-10-23,"R.Premadasa Stadium, Khettarama",1,24.1,Sri Lanka,England,N Dickwella,LD Chandimal,BA Stokes,0,0,,,,,,,,,
1140383,2018/19,2018-10-23,"R.Premadasa Stadium, Khettarama",1,24.2,Sri Lanka,England,N Dickwella,LD Chandimal,BA Stokes,0,0,,,,,,,,,
1140383,2018/19,2018-10-23,"R.Premadasa Stadium, Khettarama",1,24.3,Sri Lanka,England,N Dickwella,LD Chandimal,BA Stokes,0,0,,,,,,,,,
1140383,2018/19,2018-10-23,"R.Premadasa Stadium, Khettarama",1,24.4,Sri Lanka,England,N Dickwella,LD Chandimal,BA Stokes,0,0,,,,,,,,,
1140383,2018/19,2018-10-23,"R.Premadasa Stadium, Khettarama",1,24.5,Sri Lanka,England,N Dickwella,LD Chandimal,BA Stokes,0,0,,,,,,,,,
1140383,2018/19,2018-10-23,"R.Premadasa Stadium, Khettarama",1,24.6,Sri Lanka,England,N Dickwella,LD Chandimal,BA Stokes,1,0,,,,,,,,,
1140383,2018/19,2018-10-23,"R.Premadasa Stadium, Khettarama",1,25.1,Sri Lanka,England,N Dickwella,LD Chandimal,MM Ali,0,0,,,,,,,,,
1140383,2018/19,2018-10-23,"R.Premadasa Stadium, Khettarama",1,25.2,Sri Lanka,England,N Dickwella,LD Chandimal,MM Ali,1,0,,,,,,,,,
1140383,2018/19,2018-10-23,"R.Premadasa Stadium, Khettarama",1,25.3,Sri Lanka,England,LD Chandimal,N Dickwella,MM Ali,1,0,,,,,,,,,
1140383,2018/19,2018-10-23,"R.Premadasa Stadium, Khettarama",1,25.4,Sri Lanka,England,N Dickwella,LD Chandimal,MM Ali,0,0,,,,,,caught,N Dickwella,,
1140383,2018/19,2018-10-23,"R.Premadasa Stadium, Khettarama",1,25.5,Sri Lanka,England,BKG Mendis,LD Chandimal,MM Ali,1,0,,,,,,,,,
1140383,2018/19,2018-10-23,"R.Premadasa Stadium, Khettarama",1,25.6,Sri Lanka,England,LD Chandimal,BKG Mendis,MM Ali,1,0,,,,,,,,,
1140383,2018/19,2018-10-23,"R.Premadasa Stadium, Khettarama",1,26.1,Sri Lanka,England,LD Chandimal,BKG Mendis,AU Rashid,0,0,,,,,,,,,
1140383,2018/19,2018-10-23,"R.Premadasa Stadium, Khettarama",1,26.2,Sri Lanka,England,LD Chandimal,BKG Mendis,AU Rashid,0,0,,,,,,,,,
1140383,2018/19,2018-10-23,"R.Premadasa Stadium, Khettarama",1,26.3,Sri Lanka,England,LD Chandimal,BKG Mendis,AU Rashid,0,0,,,,,,,,,
1140383,2018/19,2018-10-23,"R.Premadasa Stadium, Khettarama",1,26.4,Sri Lanka,England,LD Chandimal,BKG Mendis,AU Rashid,2,0,,,,,,,,,
1140383,2018/19,2018-10-23,"R.Premadasa Stadium, Khettarama",1,26.5,Sri Lanka,England,LD Chandimal,BKG Mendis,AU Rashid,0,0,,,,,,,,,
1140383,2018/19,2018-10-23,"R.Premadasa Stadium, Khettarama",1,26.6,Sri Lanka,England,LD Chandimal,BKG Mendis,AU Rashid,0,0,,,,,,,,,
1140383,2018/19,2018-10-23,"R.Premadasa Stadium, Khettarama",1,27.1,Sri Lanka,England,BKG Mendis,LD Chandimal,MM Ali,1,0,,,,,,,,,
1140383,2018/19,2018-10-23,"R.Premadasa Stadium, Khettarama",1,27.2,Sri Lanka,England,LD Chandimal,BKG Mendis,MM Ali,0,0,,,,,,,,,
1140383,2018/19,2018-10-23,"R.Premadasa Stadium, Khettarama",1,27.3,Sri Lanka,England,LD Chandimal,BKG Mendis,MM Ali,0,0,,,,,,,,,
1140383,2018/19,2018-10-23,"R.Premadasa Stadium, Khettarama",1,27.4,Sri Lanka,England,LD Chandimal,BKG Mendis,MM Ali,0,0,,,,,,,,,
1140383,2018/19,2018-10-23,"R.Premadasa Stadium, Khettarama",1,27.5,Sri Lanka,England,LD Chandimal,BKG Mendis,MM Ali,4,0,,,,,,,,,
1140383,2018/19,2018-10-23,"R.Premadasa Stadium, Khettarama",1,27.6,Sri Lanka,England,LD Chandimal,BKG Mendis,MM Ali,1,0,,,,,,,,,
1140383,2018/19,2018-10-23,"R.Premadasa Stadium, Khettarama",1,28.1,Sri Lanka,England,LD Chandimal,BKG Mendis,AU Rashid,6,0,,,,,,,,,
1140383,2018/19,2018-10-23,"R.Premadasa Stadium, Khettarama",1,28.2,Sri Lanka,England,LD Chandimal,BKG Mendis,AU Rashid,1,0,,,,,,,,,
1140383,2018/19,2018-10-23,"R.Premadasa Stadium, Khettarama",1,28.3,Sri Lanka,England,BKG Mendis,LD Chandimal,AU Rashid,0,0,,,,,,,,,
1140383,2018/19,2018-10-23,"R.Premadasa Stadium, Khettarama",1,28.4,Sri Lanka,England,BKG Mendis,LD Chandimal,AU Rashid,1,0,,,,,,,,,
1140383,2018/19,2018-10-23,"R.Premadasa Stadium, Khettarama",1,28.5,Sri Lanka,England,LD Chandimal,BKG Mendis,AU Rashid,0,0,,,,,,,,,
1140383,2018/19,2018-10-23,"R.Premadasa Stadium, Khettarama",1,28.6,Sri Lanka,England,LD Chandimal,BKG Mendis,AU Rashid,1,0,,,,,,,,,
1140383,2018/19,2018-10-23,"R.Premadasa Stadium, Khettarama",1,29.1,Sri Lanka,England,LD Chandimal,BKG Mendis,MM Ali,1,0,,,,,,,,,
1140383,2018/19,2018-10-23,"R.Premadasa Stadium, Khettarama",1,29.2,Sri Lanka,England,BKG Mendis,LD Chandimal,MM Ali,4,0,,,,,,,,,
1140383,2018/19,2018-10-23,"R.Premadasa Stadium, Khettarama",1,29.3,Sri Lanka,England,BKG Mendis,LD Chandimal,MM Ali,0,0,,,,,,,,,
1140383,2018/19,2018-10-23,"R.Premadasa Stadium, Khettarama",1,29.4,Sri Lanka,England,BKG Mendis,LD Chandimal,MM Ali,1,0,,,,,,,,,
1140383,2018/19,2018-10-23,"R.Premadasa Stadium, Khettarama",1,29.5,Sri Lanka,England,LD Chandimal,BKG Mendis,MM Ali,1,0,,,,,,,,,
1140383,2018/19,2018-10-23,"R.Premadasa Stadium, Khettarama",1,29.6,Sri Lanka,England,BKG Mendis,LD Chandimal,MM Ali,6,0,,,,,,,,,
1140383,2018/19,2018-10-23,"R.Premadasa Stadium, Khettarama",1,30.1,Sri Lanka,England,LD Chandimal,BKG Mendis,BA Stokes,0,0,,,,,,,,,
1140383,2018/19,2018-10-23,"R.Premadasa Stadium, Khettarama",1,30.2,Sri Lanka,England,LD Chandimal,BKG Mendis,BA Stokes,0,0,,,,,,,,,
1140383,2018/19,2018-10-23,"R.Premadasa Stadium, Khettarama",1,30.3,Sri Lanka,England,LD Chandimal,BKG Mendis,BA Stokes,1,0,,,,,,,,,
1140383,2018/19,2018-10-23,"R.Premadasa Stadium, Khettarama",1,30.4,Sri Lanka,England,BKG Mendis,LD Chandimal,BA Stokes,0,0,,,,,,,,,
1140383,2018/19,2018-10-23,"R.Premadasa Stadium, Khettarama",1,30.5,Sri Lanka,England,BKG Mendis,LD Chandimal,BA Stokes,0,0,,,,,,,,,
1140383,2018/19,2018-10-23,"R.Premadasa Stadium, Khettarama",1,30.6,Sri Lanka,England,BKG Mendis,LD Chandimal,BA Stokes,0,0,,,,,,,,,
1140383,2018/19,2018-10-23,"R.Premadasa Stadium, Khettarama",1,31.1,Sri Lanka,England,LD Chandimal,BKG Mendis,SM Curran,0,0,,,,,,,,,
1140383,2018/19,2018-10-23,"R.Premadasa Stadium, Khettarama",1,31.2,Sri Lanka,England,LD Chandimal,BKG Mendis,SM Curran,0,0,,,,,,,,,
1140383,2018/19,2018-10-23,"R.Premadasa Stadium, Khettarama",1,31.3,Sri Lanka,England,LD Chandimal,BKG Mendis,SM Curran,1,0,,,,,,,,,
1140383,2018/19,2018-10-23,"R.Premadasa Stadium, Khettarama",1,31.4,Sri Lanka,England,BKG Mendis,LD Chandimal,SM Curran,0,0,,,,,,,,,
1140383,2018/19,2018-10-23,"R.Premadasa Stadium, Khettarama",1,31.5,Sri Lanka,England,BKG Mendis,LD Chandimal,SM Curran,1,0,,,,,,,,,
1140383,2018/19,2018-10-23,"R.Premadasa Stadium, Khettarama",1,31.6,Sri Lanka,England,LD Chandimal,BKG Mendis,SM Curran,1,0,,,,,,,,,
1140383,2018/19,2018-10-23,"R.Premadasa Stadium, Khettarama",1,32.1,Sri Lanka,England,LD Chandimal,BKG Mendis,BA Stokes,0,0,,,,,,,,,
1140383,2018/19,2018-10-23,"R.Premadasa Stadium, Khettarama",1,32.2,Sri Lanka,England,LD Chandimal,BKG Mendis,BA Stokes,4,0,,,,,,,,,
1140383,2018/19,2018-10-23,"R.Premadasa Stadium, Khettarama",1,32.3,Sri Lanka,England,LD Chandimal,BKG Mendis,BA Stokes,0,0,,,,,,,,,
1140383,2018/19,2018-10-23,"R.Premadasa Stadium, Khettarama",1,32.4,Sri Lanka,England,LD Chandimal,BKG Mendis,BA Stokes,1,0,,,,,,,,,
1140383,2018/19,2018-10-23,"R.Premadasa Stadium, Khettarama",1,32.5,Sri Lanka,England,BKG Mendis,LD Chandimal,BA Stokes,6,0,,,,,,,,,
1140383,2018/19,2018-10-23,"R.Premadasa Stadium, Khettarama",1,32.6,Sri Lanka,England,BKG Mendis,LD Chandimal,BA Stokes,0,0,,,,,,,,,
1140383,2018/19,2018-10-23,"R.Premadasa Stadium, Khettarama",1,33.1,Sri Lanka,England,LD Chandimal,BKG Mendis,SM Curran,4,0,,,,,,,,,
1140383,2018/19,2018-10-23,"R.Premadasa Stadium, Khettarama",1,33.2,Sri Lanka,England,LD Chandimal,BKG Mendis,SM Curran,2,0,,,,,,,,,
1140383,2018/19,2018-10-23,"R.Premadasa Stadium, Khettarama",1,33.3,Sri Lanka,England,LD Chandimal,BKG Mendis,SM Curran,1,0,,,,,,,,,
1140383,2018/19,2018-10-23,"R.Premadasa Stadium, Khettarama",1,33.4,Sri Lanka,England,BKG Mendis,LD Chandimal,SM Curran,0,0,,,,,,,,,
1140383,2018/19,2018-10-23,"R.Premadasa Stadium, Khettarama",1,33.5,Sri Lanka,England,BKG Mendis,LD Chandimal,SM Curran,1,0,,,,,,,,,
1140383,2018/19,2018-10-23,"R.Premadasa Stadium, Khettarama",1,33.6,Sri Lanka,England,LD Chandimal,BKG Mendis,SM Curran,1,0,,,,,,,,,
1140383,2018/19,2018-10-23,"R.Premadasa Stadium, Khettarama",1,34.1,Sri Lanka,England,LD Chandimal,BKG Mendis,BA Stokes,1,0,,,,,,,,,
1140383,2018/19,2018-10-23,"R.Premadasa Stadium, Khettarama",1,34.2,Sri Lanka,England,BKG Mendis,LD Chandimal,BA Stokes,1,0,,,,,,,,,
1140383,2018/19,2018-10-23,"R.Premadasa Stadium, Khettarama",1,34.3,Sri Lanka,England,LD Chandimal,BKG Mendis,BA Stokes,2,0,,,,,,,,,
1140383,2018/19,2018-10-23,"R.Premadasa Stadium, Khettarama",1,34.4,Sri Lanka,England,LD Chandimal,BKG Mendis,BA Stokes,0,0,,,,,,,,,
1140383,2018/19,2018-10-23,"R.Premadasa Stadium, Khettarama",1,34.5,Sri Lanka,England,LD Chandimal,BKG Mendis,BA Stokes,1,0,,,,,,,,,
1140383,2018/19,2018-10-23,"R.Premadasa Stadium, Khettarama",1,34.6,Sri Lanka,England,BKG Mendis,LD Chandimal,BA Stokes,1,0,,,,,,,,,
1140383,2018/19,2018-10-23,"R.Premadasa Stadium, Khettarama",1,35.1,Sri Lanka,England,BKG Mendis,LD Chandimal,SM Curran,0,0,,,,,,,,,
1140383,2018/19,2018-10-23,"R.Premadasa Stadium, Khettarama",1,35.2,Sri Lanka,England,BKG Mendis,LD Chandimal,SM Curran,6,0,,,,,,,,,
1140383,2018/19,2018-10-23,"R.Premadasa Stadium, Khettarama",1,35.3,Sri Lanka,England,BKG Mendis,LD Chandimal,SM Curran,0,0,,,,,,,,,
1140383,2018/19,2018-10-23,"R.Premadasa Stadium, Khettarama",1,35.4,Sri Lanka,England,BKG Mendis,LD Chandimal,SM Curran,0,0,,,,,,,,,
1140383,2018/19,2018-10-23,"R.Premadasa Stadium, Khettarama",1,35.5,Sri Lanka,England,BKG Mendis,LD Chandimal,SM Curran,1,0,,,,,,,,,
1140383,2018/19,2018-10-23,"R.Premadasa Stadium, Khettarama",1,35.6,Sri Lanka,England,LD Chandimal,BKG Mendis,SM Curran,0,0,,,,,,,,,
1140383,2018/19,2018-10-23,"R.Premadasa Stadium, Khettarama",1,36.1,Sri Lanka,England,BKG Mendis,LD Chandimal,BA Stokes,2,0,,,,,,,,,
1140383,2018/19,2018-10-23,"R.Premadasa Stadium, Khettarama",1,36.2,Sri Lanka,England,BKG Mendis,LD Chandimal,BA Stokes,1,0,,,,,,,,,
1140383,2018/19,2018-10-23,"R.Premadasa Stadium, Khettarama",1,36.3,Sri Lanka,England,LD Chandimal,BKG Mendis,BA Stokes,0,0,,,,,,,,,
1140383,2018/19,2018-10-23,"R.Premadasa Stadium, Khettarama",1,36.4,Sri Lanka,England,LD Chandimal,BKG Mendis,BA Stokes,0,1,1,,,,,,,,
1140383,2018/19,2018-10-23,"R.Premadasa Stadium, Khettarama",1,36.5,Sri Lanka,England,LD Chandimal,BKG Mendis,BA Stokes,4,0,,,,,,,,,
1140383,2018/19,2018-10-23,"R.Premadasa Stadium, Khettarama",1,36.6,Sri Lanka,England,LD Chandimal,BKG Mendis,BA Stokes,1,0,,,,,,,,,
1140383,2018/19,2018-10-23,"R.Premadasa Stadium, Khettarama",1,36.7,Sri Lanka,England,BKG Mendis,LD Chandimal,BA Stokes,6,0,,,,,,,,,
1140383,2018/19,2018-10-23,"R.Premadasa Stadium, Khettarama",1,37.1,Sri Lanka,England,LD Chandimal,BKG Mendis,TK Curran,1,0,,,,,,,,,
1140383,2018/19,2018-10-23,"R.Premadasa Stadium, Khettarama",1,37.2,Sri Lanka,England,BKG Mendis,LD Chandimal,TK Curran,1,0,,,,,,,,,
1140383,2018/19,2018-10-23,"R.Premadasa Stadium, Khettarama",1,37.3,Sri Lanka,England,LD Chandimal,BKG Mendis,TK Curran,1,0,,,,,,,,,
1140383,2018/19,2018-10-23,"R.Premadasa Stadium, Khettarama",1,37.4,Sri Lanka,England,BKG Mendis,LD Chandimal,TK Curran,6,0,,,,,,,,,
1140383,2018/19,2018-10-23,"R.Premadasa Stadium, Khettarama",1,37.5,Sri Lanka,England,BKG Mendis,LD Chandimal,TK Curran,6,0,,,,,,,,,
1140383,2018/19,2018-10-23,"R.Premadasa Stadium, Khettarama",1,37.6,Sri Lanka,England,BKG Mendis,LD Chandimal,TK Curran,1,0,,,,,,,,,
1140383,2018/19,2018-10-23,"R.Premadasa Stadium, Khettarama",1,38.1,Sri Lanka,England,BKG Mendis,LD Chandimal,LE Plunkett,2,0,,,,,,,,,
1140383,2018/19,2018-10-23,"R.Premadasa Stadium, Khettarama",1,38.2,Sri Lanka,England,BKG Mendis,LD Chandimal,LE Plunkett,0,0,,,,,,caught,BKG Mendis,,
1140383,2018/19,2018-10-23,"R.Premadasa Stadium, Khettarama",1,38.3,Sri Lanka,England,LD Chandimal,MD Shanaka,LE Plunkett,1,0,,,,,,,,,
1140383,2018/19,2018-10-23,"R.Premadasa Stadium, Khettarama",1,38.4,Sri Lanka,England,MD Shanaka,LD Chandimal,LE Plunkett,0,0,,,,,,,,,
1140383,2018/19,2018-10-23,"R.Premadasa Stadium, Khettarama",1,38.5,Sri Lanka,England,MD Shanaka,LD Chandimal,LE Plunkett,0,0,,,,,,,,,
1140383,2018/19,2018-10-23,"R.Premadasa Stadium, Khettarama",1,38.6,Sri Lanka,England,MD Shanaka,LD Chandimal,LE Plunkett,1,0,,,,,,,,,
1140383,2018/19,2018-10-23,"R.Premadasa Stadium, Khettarama",1,39.1,Sri Lanka,England,MD Shanaka,LD Chandimal,TK Curran,4,0,,,,,,,,,
1140383,2018/19,2018-10-23,"R.Premadasa Stadium, Khettarama",1,39.2,Sri Lanka,England,MD Shanaka,LD Chandimal,TK Curran,2,0,,,,,,,,,
1140383,2018/19,2018-10-23,"R.Premadasa Stadium, Khettarama",1,39.3,Sri Lanka,England,MD Shanaka,LD Chandimal,TK Curran,1,0,,,,,,,,,
1140383,2018/19,2018-10-23,"R.Premadasa Stadium, Khettarama",1,39.4,Sri Lanka,England,LD Chandimal,MD Shanaka,TK Curran,1,0,,,,,,,,,
1140383,2018/19,2018-10-23,"R.Premadasa Stadium, Khettarama",1,39.5,Sri Lanka,England,MD Shanaka,LD Chandimal,TK Curran,4,0,,,,,,,,,
1140383,2018/19,2018-10-23,"R.Premadasa Stadium, Khettarama",1,39.6,Sri Lanka,England,MD Shanaka,LD Chandimal,TK Curran,1,0,,,,,,,,,
1140383,2018/19,2018-10-23,"R.Premadasa Stadium, Khettarama",1,40.1,Sri Lanka,England,MD Shanaka,LD Chandimal,LE Plunkett,4,0,,,,,,,,,
1140383,2018/19,2018-10-23,"R.Premadasa Stadium, Khettarama",1,40.2,Sri Lanka,England,MD Shanaka,LD Chandimal,LE Plunkett,1,0,,,,,,,,,
1140383,2018/19,2018-10-23,"R.Premadasa Stadium, Khettarama",1,40.3,Sri Lanka,England,LD Chandimal,MD Shanaka,LE Plunkett,6,0,,,,,,,,,
1140383,2018/19,2018-10-23,"R.Premadasa Stadium, Khettarama",1,40.4,Sri Lanka,England,LD Chandimal,MD Shanaka,LE Plunkett,0,0,,,,,,,,,
1140383,2018/19,2018-10-23,"R.Premadasa Stadium, Khettarama",1,40.5,Sri Lanka,England,LD Chandimal,MD Shanaka,LE Plunkett,0,0,,,,,,,,,
1140383,2018/19,2018-10-23,"R.Premadasa Stadium, Khettarama",1,40.6,Sri Lanka,England,LD Chandimal,MD Shanaka,LE Plunkett,1,0,,,,,,,,,
1140383,2018/19,2018-10-23,"R.Premadasa Stadium, Khettarama",1,41.1,Sri Lanka,England,LD Chandimal,MD Shanaka,AU Rashid,2,0,,,,,,,,,
1140383,2018/19,2018-10-23,"R.Premadasa Stadium, Khettarama",1,41.2,Sri Lanka,England,LD Chandimal,MD Shanaka,AU Rashid,1,0,,,,,,,,,
1140383,2018/19,2018-10-23,"R.Premadasa Stadium, Khettarama",1,41.3,Sri Lanka,England,MD Shanaka,LD Chandimal,AU Rashid,0,0,,,,,,caught,MD Shanaka,,
1140383,2018/19,2018-10-23,"R.Premadasa Stadium, Khettarama",1,41.4,Sri Lanka,England,LD Chandimal,NLTC Perera,AU Rashid,0,0,,,,,,,,,
1140383,2018/19,2018-10-23,"R.Premadasa Stadium, Khettarama",1,41.5,Sri Lanka,England,LD Chandimal,NLTC Perera,AU Rashid,1,0,,,,,,,,,
1140383,2018/19,2018-10-23,"R.Premadasa Stadium, Khettarama",1,41.6,Sri Lanka,England,NLTC Perera,LD Chandimal,AU Rashid,0,0,,,,,,,,,
1140383,2018/19,2018-10-23,"R.Premadasa Stadium, Khettarama",1,42.1,Sri Lanka,England,LD Chandimal,NLTC Perera,MA Wood,4,0,,,,,,,,,
1140383,2018/19,2018-10-23,"R.Premadasa Stadium, Khettarama",1,42.2,Sri Lanka,England,LD Chandimal,NLTC Perera,MA Wood,1,0,,,,,,,,,
1140383,2018/19,2018-10-23,"R.Premadasa Stadium, Khettarama",1,42.3,Sri Lanka,England,NLTC Perera,LD Chandimal,MA Wood,1,0,,,,,,,,,
1140383,2018/19,2018-10-23,"R.Premadasa Stadium, Khettarama",1,42.4,Sri Lanka,England,LD Chandimal,NLTC Perera,MA Wood,1,0,,,,,,,,,
1140383,2018/19,2018-10-23,"R.Premadasa Stadium, Khettarama",1,42.5,Sri Lanka,England,NLTC Perera,LD Chandimal,MA Wood,1,0,,,,,,,,,
1140383,2018/19,2018-10-23,"R.Premadasa Stadium, Khettarama",1,42.6,Sri Lanka,England,LD Chandimal,NLTC Perera,MA Wood,0,0,,,,,,,,,
1140383,2018/19,2018-10-23,"R.Premadasa Stadium, Khettarama",1,43.1,Sri Lanka,England,NLTC Perera,LD Chandimal,AU Rashid,1,0,,,,,,,,,
1140383,2018/19,2018-10-23,"R.Premadasa Stadium, Khettarama",1,43.2,Sri Lanka,England,LD Chandimal,NLTC Perera,AU Rashid,4,0,,,,,,,,,
1140383,2018/19,2018-10-23,"R.Premadasa Stadium, Khettarama",1,43.3,Sri Lanka,England,LD Chandimal,NLTC Perera,AU Rashid,1,0,,,,,,,,,
1140383,2018/19,2018-10-23,"R.Premadasa Stadium, Khettarama",1,43.4,Sri Lanka,England,NLTC Perera,LD Chandimal,AU Rashid,0,0,,,,,,,,,
1140383,2018/19,2018-10-23,"R.Premadasa Stadium, Khettarama",1,43.5,Sri Lanka,England,NLTC Perera,LD Chandimal,AU Rashid,6,0,,,,,,,,,
1140383,2018/19,2018-10-23,"R.Premadasa Stadium, Khettarama",1,43.6,Sri Lanka,England,NLTC Perera,LD Chandimal,AU Rashid,0,0,,,,,,,,,
1140383,2018/19,2018-10-23,"R.Premadasa Stadium, Khettarama",1,44.1,Sri Lanka,England,LD Chandimal,NLTC Perera,MA Wood,1,0,,,,,,,,,
1140383,2018/19,2018-10-23,"R.Premadasa Stadium, Khettarama",1,44.2,Sri Lanka,England,NLTC Perera,LD Chandimal,MA Wood,0,0,,,,,,,,,
1140383,2018/19,2018-10-23,"R.Premadasa Stadium, Khettarama",1,44.3,Sri Lanka,England,NLTC Perera,LD Chandimal,MA Wood,1,0,,,,,,,,,
1140383,2018/19,2018-10-23,"R.Premadasa Stadium, Khettarama",1,44.4,Sri Lanka,England,LD Chandimal,NLTC Perera,MA Wood,0,0,,,,,,,,,
1140383,2018/19,2018-10-23,"R.Premadasa Stadium, Khettarama",1,44.5,Sri Lanka,England,LD Chandimal,NLTC Perera,MA Wood,2,0,,,,,,,,,
1140383,2018/19,2018-10-23,"R.Premadasa Stadium, Khettarama",1,44.6,Sri Lanka,England,LD Chandimal,NLTC Perera,MA Wood,0,1,1,,,,,,,,
1140383,2018/19,2018-10-23,"R.Premadasa Stadium, Khettarama",1,44.7,Sri Lanka,England,LD Chandimal,NLTC Perera,MA Wood,0,1,1,,,,,,,,
1140383,2018/19,2018-10-23,"R.Premadasa Stadium, Khettarama",1,44.8,Sri Lanka,England,LD Chandimal,NLTC Perera,MA Wood,0,0,,,,,,,,,
1140383,2018/19,2018-10-23,"R.Premadasa Stadium, Khettarama",1,45.1,Sri Lanka,England,NLTC Perera,LD Chandimal,TK Curran,0,0,,,,,,,,,
1140383,2018/19,2018-10-23,"R.Premadasa Stadium, Khettarama",1,45.2,Sri Lanka,England,NLTC Perera,LD Chandimal,TK Curran,1,0,,,,,,,,,
1140383,2018/19,2018-10-23,"R.Premadasa Stadium, Khettarama",1,45.3,Sri Lanka,England,LD Chandimal,NLTC Perera,TK Curran,0,0,,,,,,caught,LD Chandimal,,
1140383,2018/19,2018-10-23,"R.Premadasa Stadium, Khettarama",1,45.4,Sri Lanka,England,NLTC Perera,DM de Silva,TK Curran,0,0,,,,,,caught,NLTC Perera,,
1140383,2018/19,2018-10-23,"R.Premadasa Stadium, Khettarama",1,45.5,Sri Lanka,England,DM de Silva,A Dananjaya,TK Curran,0,0,,,,,,,,,
1140383,2018/19,2018-10-23,"R.Premadasa Stadium, Khettarama",1,45.6,Sri Lanka,England,DM de Silva,A Dananjaya,TK Curran,1,0,,,,,,,,,
1140383,2018/19,2018-10-23,"R.Premadasa Stadium, Khettarama",1,46.1,Sri Lanka,England,DM de Silva,A Dananjaya,MA Wood,0,0,,,,,,,,,
1140383,2018/19,2018-10-23,"R.Premadasa Stadium, Khettarama",1,46.2,Sri Lanka,England,DM de Silva,A Dananjaya,MA Wood,1,0,,,,,,,,,
1140383,2018/19,2018-10-23,"R.Premadasa Stadium, Khettarama",1,46.3,Sri Lanka,England,A Dananjaya,DM de Silva,MA Wood,1,0,,,,,,,,,
1140383,2018/19,2018-10-23,"R.Premadasa Stadium, Khettarama",1,46.4,Sri Lanka,England,DM de Silva,A Dananjaya,MA Wood,1,0,,,,,,,,,
1140383,2018/19,2018-10-23,"R.Premadasa Stadium, Khettarama",1,46.5,Sri Lanka,England,A Dananjaya,DM de Silva,MA Wood,1,0,,,,,,,,,
1140383,2018/19,2018-10-23,"R.Premadasa Stadium, Khettarama",1,46.6,Sri Lanka,England,DM de Silva,A Dananjaya,MA Wood,1,0,,,,,,,,,
1140383,2018/19,2018-10-23,"R.Premadasa Stadium, Khettarama",1,47.1,Sri Lanka,England,DM de Silva,A Dananjaya,TK Curran,4,0,,,,,,,,,
1140383,2018/19,2018-10-23,"R.Premadasa Stadium, Khettarama",1,47.2,Sri Lanka,England,DM de Silva,A Dananjaya,TK Curran,1,0,,,,,,,,,
1140383,2018/19,2018-10-23,"R.Premadasa Stadium, Khettarama",1,47.3,Sri Lanka,England,A Dananjaya,DM de Silva,TK Curran,1,0,,,,,,,,,
1140383,2018/19,2018-10-23,"R.Premadasa Stadium, Khettarama",1,47.4,Sri Lanka,England,DM de Silva,A Dananjaya,TK Curran,0,0,,,,,,,,,
1140383,2018/19,2018-10-23,"R.Premadasa Stadium, Khettarama",1,47.5,Sri Lanka,England,DM de Silva,A Dananjaya,TK Curran,1,0,,,,,,,,,
1140383,2018/19,2018-10-23,"R.Premadasa Stadium, Khettarama",1,47.6,Sri Lanka,England,A Dananjaya,DM de Silva,TK Curran,0,1,,,,1,,,,,
1140383,2018/19,2018-10-23,"R.Premadasa Stadium, Khettarama",1,48.1,Sri Lanka,England,A Dananjaya,DM de Silva,MA Wood,1,0,,,,,,,,,
1140383,2018/19,2018-10-23,"R.Premadasa Stadium, Khettarama",1,48.2,Sri Lanka,England,DM de Silva,A Dananjaya,MA Wood,1,0,,,,,,,,,
1140383,2018/19,2018-10-23,"R.Premadasa Stadium, Khettarama",1,48.3,Sri Lanka,England,A Dananjaya,DM de Silva,MA Wood,4,0,,,,,,,,,
1140383,2018/19,2018-10-23,"R.Premadasa Stadium, Khettarama",1,48.4,Sri Lanka,England,A Dananjaya,DM de Silva,MA Wood,1,0,,,,,,,,,
1140383,2018/19,2018-10-23,"R.Premadasa Stadium, Khettarama",1,48.5,Sri Lanka,England,DM de Silva,A Dananjaya,MA Wood,1,0,,,,,,,,,
1140383,2018/19,2018-10-23,"R.Premadasa Stadium, Khettarama",1,48.6,Sri Lanka,England,A Dananjaya,DM de Silva,MA Wood,1,0,,,,,,,,,
1140383,2018/19,2018-10-23,"R.Premadasa Stadium, Khettarama",1,49.1,Sri Lanka,England,A Dananjaya,DM de Silva,TK Curran,1,0,,,,,,,,,
1140383,2018/19,2018-10-23,"R.Premadasa Stadium, Khettarama",1,49.2,Sri Lanka,England,DM de Silva,A Dananjaya,TK Curran,0,0,,,,,,,,,
1140383,2018/19,2018-10-23,"R.Premadasa Stadium, Khettarama",1,49.3,Sri Lanka,England,DM de Silva,A Dananjaya,TK Curran,1,0,,,,,,,,,
1140383,2018/19,2018-10-23,"R.Premadasa Stadium, Khettarama",1,49.4,Sri Lanka,England,A Dananjaya,DM de Silva,TK Curran,6,0,,,,,,,,,
1140383,2018/19,2018-10-23,"R.Premadasa Stadium, Khettarama",1,49.5,Sri Lanka,England,A Dananjaya,DM de Silva,TK Curran,1,0,,,,,,,,,
1140383,2018/19,2018-10-23,"R.Premadasa Stadium, Khettarama",1,49.6,Sri Lanka,England,DM de Silva,A Dananjaya,TK Curran,6,0,,,,,,,,,
1140383,2018/19,2018-10-23,"R.Premadasa Stadium, Khettarama",2,0.1,England,Sri Lanka,JJ Roy,AD Hales,CAK Rajitha,0,0,,,,,,,,,
1140383,2018/19,2018-10-23,"R.Premadasa Stadium, Khettarama",2,0.2,England,Sri Lanka,JJ Roy,AD Hales,CAK Rajitha,0,0,,,,,,,,,
1140383,2018/19,2018-10-23,"R.Premadasa Stadium, Khettarama",2,0.3,England,Sri Lanka,JJ Roy,AD Hales,CAK Rajitha,0,0,,,,,,,,,
1140383,2018/19,2018-10-23,"R.Premadasa Stadium, Khettarama",2,0.4,England,Sri Lanka,JJ Roy,AD Hales,CAK Rajitha,4,0,,,,,,,,,
1140383,2018/19,2018-10-23,"R.Premadasa Stadium, Khettarama",2,0.5,England,Sri Lanka,JJ Roy,AD Hales,CAK Rajitha,0,0,,,,,,,,,
1140383,2018/19,2018-10-23,"R.Premadasa Stadium, Khettarama",2,0.6,England,Sri Lanka,JJ Roy,AD Hales,CAK Rajitha,0,0,,,,,,bowled,JJ Roy,,
1140383,2018/19,2018-10-23,"R.Premadasa Stadium, Khettarama",2,1.1,England,Sri Lanka,AD Hales,JE Root,PVD Chameera,0,0,,,,,,,,,
1140383,2018/19,2018-10-23,"R.Premadasa Stadium, Khettarama",2,1.2,England,Sri Lanka,AD Hales,JE Root,PVD Chameera,0,0,,,,,,caught,AD Hales,,
1140383,2018/19,2018-10-23,"R.Premadasa Stadium, Khettarama",2,1.3,England,Sri Lanka,JC Buttler,JE Root,PVD Chameera,0,0,,,,,,,,,
1140383,2018/19,2018-10-23,"R.Premadasa Stadium, Khettarama",2,1.4,England,Sri Lanka,JC Buttler,JE Root,PVD Chameera,0,0,,,,,,caught,JC Buttler,,
1140383,2018/19,2018-10-23,"R.Premadasa Stadium, Khettarama",2,1.5,England,Sri Lanka,BA Stokes,JE Root,PVD Chameera,0,0,,,,,,,,,
1140383,2018/19,2018-10-23,"R.Premadasa Stadium, Khettarama",2,1.6,England,Sri Lanka,BA Stokes,JE Root,PVD Chameera,0,1,1,,,,,,,,
1140383,2018/19,2018-10-23,"R.Premadasa Stadium, Khettarama",2,1.7,England,Sri Lanka,BA Stokes,JE Root,PVD Chameera,1,0,,,,,,,,,
1140383,2018/19,2018-10-23,"R.Premadasa Stadium, Khettarama",2,2.1,England,Sri Lanka,BA Stokes,JE Root,CAK Rajitha,0,0,,,,,,,,,
1140383,2018/19,2018-10-23,"R.Premadasa Stadium, Khettarama",2,2.2,England,Sri Lanka,BA Stokes,JE Root,CAK Rajitha,0,0,,,,,,,,,
1140383,2018/19,2018-10-23,"R.Premadasa Stadium, Khettarama",2,2.3,England,Sri Lanka,BA Stokes,JE Root,CAK Rajitha,0,0,,,,,,,,,
1140383,2018/19,2018-10-23,"R.Premadasa Stadium, Khettarama",2,2.4,England,Sri Lanka,BA Stokes,JE Root,CAK Rajitha,0,0,,,,,,,,,
1140383,2018/19,2018-10-23,"R.Premadasa Stadium, Khettarama",2,2.5,England,Sri Lanka,BA Stokes,JE Root,CAK Rajitha,4,0,,,,,,,,,
1140383,2018/19,2018-10-23,"R.Premadasa Stadium, Khettarama",2,2.6,England,Sri Lanka,BA Stokes,JE Root,CAK Rajitha,0,0,,,,,,,,,
1140383,2018/19,2018-10-23,"R.Premadasa Stadium, Khettarama",2,3.1,England,Sri Lanka,JE Root,BA Stokes,PVD Chameera,1,0,,,,,,,,,
1140383,2018/19,2018-10-23,"R.Premadasa Stadium, Khettarama",2,3.2,England,Sri Lanka,BA Stokes,JE Root,PVD Chameera,0,0,,,,,,,,,
1140383,2018/19,2018-10-23,"R.Premadasa Stadium, Khettarama",2,3.3,England,Sri Lanka,BA Stokes,JE Root,PVD Chameera,0,0,,,,,,,,,
1140383,2018/19,2018-10-23,"R.Premadasa Stadium, Khettarama",2,3.4,England,Sri Lanka,BA Stokes,JE Root,PVD Chameera,0,0,,,,,,,,,
1140383,2018/19,2018-10-23,"R.Premadasa Stadium, Khettarama",2,3.5,England,Sri Lanka,BA Stokes,JE Root,PVD Chameera,2,0,,,,,,,,,
1140383,2018/19,2018-10-23,"R.Premadasa Stadium, Khettarama",2,3.6,England,Sri Lanka,BA Stokes,JE Root,PVD Chameera,4,0,,,,,,,,,
1140383,2018/19,2018-10-23,"R.Premadasa Stadium, Khettarama",2,4.1,England,Sri Lanka,JE Root,BA Stokes,CAK Rajitha,0,0,,,,,,,,,
1140383,2018/19,2018-10-23,"R.Premadasa Stadium, Khettarama",2,4.2,England,Sri Lanka,JE Root,BA Stokes,CAK Rajitha,0,0,,,,,,,,,
1140383,2018/19,2018-10-23,"R.Premadasa Stadium, Khettarama",2,4.3,England,Sri Lanka,JE Root,BA Stokes,CAK Rajitha,0,0,,,,,,,,,
1140383,2018/19,2018-10-23,"R.Premadasa Stadium, Khettarama",2,4.4,England,Sri Lanka,JE Root,BA Stokes,CAK Rajitha,0,0,,,,,,,,,
1140383,2018/19,2018-10-23,"R.Premadasa Stadium, Khettarama",2,4.5,England,Sri Lanka,JE Root,BA Stokes,CAK Rajitha,1,0,,,,,,,,,
1140383,2018/19,2018-10-23,"R.Premadasa Stadium, Khettarama",2,4.6,England,Sri Lanka,BA Stokes,JE Root,CAK Rajitha,0,0,,,,,,,,,
1140383,2018/19,2018-10-23,"R.Premadasa Stadium, Khettarama",2,5.1,England,Sri Lanka,JE Root,BA Stokes,PVD Chameera,1,0,,,,,,,,,
1140383,2018/19,2018-10-23,"R.Premadasa Stadium, Khettarama",2,5.2,England,Sri Lanka,BA Stokes,JE Root,PVD Chameera,1,0,,,,,,,,,
1140383,2018/19,2018-10-23,"R.Premadasa Stadium, Khettarama",2,5.3,England,Sri Lanka,JE Root,BA Stokes,PVD Chameera,0,0,,,,,,,,,
1140383,2018/19,2018-10-23,"R.Premadasa Stadium, Khettarama",2,5.4,England,Sri Lanka,JE Root,BA Stokes,PVD Chameera,0,0,,,,,,,,,
1140383,2018/19,2018-10-23,"R.Premadasa Stadium, Khettarama",2,5.5,England,Sri Lanka,JE Root,BA Stokes,PVD Chameera,0,0,,,,,,,,,
1140383,2018/19,2018-10-23,"R.Premadasa Stadium, Khettarama",2,5.6,England,Sri Lanka,JE Root,BA Stokes,PVD Chameera,3,0,,,,,,,,,
1140383,2018/19,2018-10-23,"R.Premadasa Stadium, Khettarama",2,6.1,England,Sri Lanka,JE Root,BA Stokes,CAK Rajitha,0,0,,,,,,,,,
1140383,2018/19,2018-10-23,"R.Premadasa Stadium, Khettarama",2,6.2,England,Sri Lanka,JE Root,BA Stokes,CAK Rajitha,1,0,,,,,,,,,
1140383,2018/19,2018-10-23,"R.Premadasa Stadium, Khettarama",2,6.3,England,Sri Lanka,BA Stokes,JE Root,CAK Rajitha,0,0,,,,,,,,,
1140383,2018/19,2018-10-23,"R.Premadasa Stadium, Khettarama",2,6.4,England,Sri Lanka,BA Stokes,JE Root,CAK Rajitha,0,0,,,,,,,,,
1140383,2018/19,2018-10-23,"R.Premadasa Stadium, Khettarama",2,6.5,England,Sri Lanka,BA Stokes,JE Root,CAK Rajitha,0,1,,,,1,,,,,
1140383,2018/19,2018-10-23,"R.Premadasa Stadium, Khettarama",2,6.6,England,Sri Lanka,JE Root,BA Stokes,CAK Rajitha,3,0,,,,,,,,,
1140383,2018/19,2018-10-23,"R.Premadasa Stadium, Khettarama",2,7.1,England,Sri Lanka,JE Root,BA Stokes,PVD Chameera,0,0,,,,,,,,,
1140383,2018/19,2018-10-23,"R.Premadasa Stadium, Khettarama",2,7.2,England,Sri Lanka,JE Root,BA Stokes,PVD Chameera,0,0,,,,,,caught,JE Root,,
1140383,2018/19,2018-10-23,"R.Premadasa Stadium, Khettarama",2,7.3,England,Sri Lanka,MM Ali,BA Stokes,PVD Chameera,0,0,,,,,,,,,
1140383,2018/19,2018-10-23,"R.Premadasa Stadium, Khettarama",2,7.4,England,Sri Lanka,MM Ali,BA Stokes,PVD Chameera,0,0,,,,,,,,,
1140383,2018/19,2018-10-23,"R.Premadasa Stadium, Khettarama",2,7.5,England,Sri Lanka,MM Ali,BA Stokes,PVD Chameera,4,0,,,,,,,,,
1140383,2018/19,2018-10-23,"R.Premadasa Stadium, Khettarama",2,7.6,England,Sri Lanka,MM Ali,BA Stokes,PVD Chameera,0,0,,,,,,,,,
1140383,2018/19,2018-10-23,"R.Premadasa Stadium, Khettarama",2,8.1,England,Sri Lanka,BA Stokes,MM Ali,CAK Rajitha,4,0,,,,,,,,,
1140383,2018/19,2018-10-23,"R.Premadasa Stadium, Khettarama",2,8.2,England,Sri Lanka,BA Stokes,MM Ali,CAK Rajitha,0,0,,,,,,,,,
1140383,2018/19,2018-10-23,"R.Premadasa Stadium, Khettarama",2,8.3,England,Sri Lanka,BA Stokes,MM Ali,CAK Rajitha,0,0,,,,,,,,,
1140383,2018/19,2018-10-23,"R.Premadasa Stadium, Khettarama",2,8.4,England,Sri Lanka,BA Stokes,MM Ali,CAK Rajitha,0,0,,,,,,,,,
1140383,2018/19,2018-10-23,"R.Premadasa Stadium, Khettarama",2,8.5,England,Sri Lanka,BA Stokes,MM Ali,CAK Rajitha,0,0,,,,,,,,,
1140383,2018/19,2018-10-23,"R.Premadasa Stadium, Khettarama",2,8.6,England,Sri Lanka,BA Stokes,MM Ali,CAK Rajitha,4,0,,,,,,,,,
1140383,2018/19,2018-10-23,"R.Premadasa Stadium, Khettarama",2,9.1,England,Sri Lanka,MM Ali,BA Stokes,PVD Chameera,0,0,,,,,,,,,
1140383,2018/19,2018-10-23,"R.Premadasa Stadium, Khettarama",2,9.2,England,Sri Lanka,MM Ali,BA Stokes,PVD Chameera,0,0,,,,,,,,,
1140383,2018/19,2018-10-23,"R.Premadasa Stadium, Khettarama",2,9.3,England,Sri Lanka,MM Ali,BA Stokes,PVD Chameera,0,0,,,,,,,,,
1140383,2018/19,2018-10-23,"R.Premadasa Stadium, Khettarama",2,9.4,England,Sri Lanka,MM Ali,BA Stokes,PVD Chameera,0,0,,,,,,,,,
1140383,2018/19,2018-10-23,"R.Premadasa Stadium, Khettarama",2,9.5,England,Sri Lanka,MM Ali,BA Stokes,PVD Chameera,0,0,,,,,,,,,
1140383,2018/19,2018-10-23,"R.Premadasa Stadium, Khettarama",2,9.6,England,Sri Lanka,MM Ali,BA Stokes,PVD Chameera,1,0,,,,,,,,,
1140383,2018/19,2018-10-23,"R.Premadasa Stadium, Khettarama",2,10.1,England,Sri Lanka,MM Ali,BA Stokes,NLTC Perera,1,0,,,,,,,,,
1140383,2018/19,2018-10-23,"R.Premadasa Stadium, Khettarama",2,10.2,England,Sri Lanka,BA Stokes,MM Ali,NLTC Perera,1,0,,,,,,,,,
1140383,2018/19,2018-10-23,"R.Premadasa Stadium, Khettarama",2,10.3,England,Sri Lanka,MM Ali,BA Stokes,NLTC Perera,1,0,,,,,,,,,
1140383,2018/19,2018-10-23,"R.Premadasa Stadium, Khettarama",2,10.4,England,Sri Lanka,BA Stokes,MM Ali,NLTC Perera,1,0,,,,,,,,,
1140383,2018/19,2018-10-23,"R.Premadasa Stadium, Khettarama",2,10.5,England,Sri Lanka,MM Ali,BA Stokes,NLTC Perera,0,0,,,,,,,,,
1140383,2018/19,2018-10-23,"R.Premadasa Stadium, Khettarama",2,10.6,England,Sri Lanka,MM Ali,BA Stokes,NLTC Perera,1,0,,,,,,,,,
1140383,2018/19,2018-10-23,"R.Premadasa Stadium, Khettarama",2,11.1,England,Sri Lanka,MM Ali,BA Stokes,DM de Silva,0,0,,,,,,,,,
1140383,2018/19,2018-10-23,"R.Premadasa Stadium, Khettarama",2,11.2,England,Sri Lanka,MM Ali,BA Stokes,DM de Silva,1,0,,,,,,,,,
1140383,2018/19,2018-10-23,"R.Premadasa Stadium, Khettarama",2,11.3,England,Sri Lanka,BA Stokes,MM Ali,DM de Silva,1,0,,,,,,,,,
1140383,2018/19,2018-10-23,"R.Premadasa Stadium, Khettarama",2,11.4,England,Sri Lanka,MM Ali,BA Stokes,DM de Silva,1,0,,,,,,,,,
1140383,2018/19,2018-10-23,"R.Premadasa Stadium, Khettarama",2,11.5,England,Sri Lanka,BA Stokes,MM Ali,DM de Silva,0,0,,,,,,,,,
1140383,2018/19,2018-10-23,"R.Premadasa Stadium, Khettarama",2,11.6,England,Sri Lanka,BA Stokes,MM Ali,DM de Silva,0,0,,,,,,,,,
1140383,2018/19,2018-10-23,"R.Premadasa Stadium, Khettarama",2,12.1,England,Sri Lanka,MM Ali,BA Stokes,NLTC Perera,0,0,,,,,,,,,
1140383,2018/19,2018-10-23,"R.Premadasa Stadium, Khettarama",2,12.2,England,Sri Lanka,MM Ali,BA Stokes,NLTC Perera,4,0,,,,,,,,,
1140383,2018/19,2018-10-23,"R.Premadasa Stadium, Khettarama",2,12.3,England,Sri Lanka,MM Ali,BA Stokes,NLTC Perera,1,0,,,,,,,,,
1140383,2018/19,2018-10-23,"R.Premadasa Stadium, Khettarama",2,12.4,England,Sri Lanka,BA Stokes,MM Ali,NLTC Perera,4,0,,,,,,,,,
1140383,2018/19,2018-10-23,"R.Premadasa Stadium, Khettarama",2,12.5,England,Sri Lanka,BA Stokes,MM Ali,NLTC Perera,4,0,,,,,,,,,
1140383,2018/19,2018-10-23,"R.Premadasa Stadium, Khettarama",2,12.6,England,Sri Lanka,BA Stokes,MM Ali,NLTC Perera,0,0,,,,,,,,,
1140383,2018/19,2018-10-23,"R.Premadasa Stadium, Khettarama",2,13.1,England,Sri Lanka,MM Ali,BA Stokes,DM de Silva,0,0,,,,,,,,,
1140383,2018/19,2018-10-23,"R.Premadasa Stadium, Khettarama",2,13.2,England,Sri Lanka,MM Ali,BA Stokes,DM de Silva,1,0,,,,,,,,,
1140383,2018/19,2018-10-23,"R.Premadasa Stadium, Khettarama",2,13.3,England,Sri Lanka,BA Stokes,MM Ali,DM de Silva,1,0,,,,,,,,,
1140383,2018/19,2018-10-23,"R.Premadasa Stadium, Khettarama",2,13.4,England,Sri Lanka,MM Ali,BA Stokes,DM de Silva,6,0,,,,,,,,,
1140383,2018/19,2018-10-23,"R.Premadasa Stadium, Khettarama",2,13.5,England,Sri Lanka,MM Ali,BA Stokes,DM de Silva,0,0,,,,,,,,,
1140383,2018/19,2018-10-23,"R.Premadasa Stadium, Khettarama",2,13.6,England,Sri Lanka,MM Ali,BA Stokes,DM de Silva,4,0,,,,,,,,,
1140383,2018/19,2018-10-23,"R.Premadasa Stadium, Khettarama",2,14.1,England,Sri Lanka,BA Stokes,MM Ali,A Dananjaya,0,0,,,,,,,,,
1140383,2018/19,2018-10-23,"R.Premadasa Stadium, Khettarama",2,14.2,England,Sri Lanka,BA Stokes,MM Ali,A Dananjaya,2,0,,,,,,,,,
1140383,2018/19,2018-10-23,"R.Premadasa Stadium, Khettarama",2,14.3,England,Sri Lanka,BA Stokes,MM Ali,A Dananjaya,1,0,,,,,,,,,
1140383,2018/19,2018-10-23,"R.Premadasa Stadium, Khettarama",2,14.4,England,Sri Lanka,MM Ali,BA Stokes,A Dananjaya,0,0,,,,,,,,,
1140383,2018/19,2018-10-23,"R.Premadasa Stadium, Khettarama",2,14.5,England,Sri Lanka,MM Ali,BA Stokes,A Dananjaya,4,0,,,,,,,,,
1140383,2018/19,2018-10-23,"R.Premadasa Stadium, Khettarama",2,14.6,England,Sri Lanka,MM Ali,BA Stokes,A Dananjaya,0,0,,,,,,,,,
1140383,2018/19,2018-10-23,"R.Premadasa Stadium, Khettarama",2,15.1,England,Sri Lanka,BA Stokes,MM Ali,PADLR Sandakan,4,0,,,,,,,,,
1140383,2018/19,2018-10-23,"R.Premadasa Stadium, Khettarama",2,15.2,England,Sri Lanka,BA Stokes,MM Ali,PADLR Sandakan,4,0,,,,,,,,,
1140383,2018/19,2018-10-23,"R.Premadasa Stadium, Khettarama",2,15.3,England,Sri Lanka,BA Stokes,MM Ali,PADLR Sandakan,1,0,,,,,,,,,
1140383,2018/19,2018-10-23,"R.Premadasa Stadium, Khettarama",2,15.4,England,Sri Lanka,MM Ali,BA Stokes,PADLR Sandakan,0,0,,,,,,,,,
1140383,2018/19,2018-10-23,"R.Premadasa Stadium, Khettarama",2,15.5,England,Sri Lanka,MM Ali,BA Stokes,PADLR Sandakan,0,0,,,,,,,,,
1140383,2018/19,2018-10-23,"R.Premadasa Stadium, Khettarama",2,15.6,England,Sri Lanka,MM Ali,BA Stokes,PADLR Sandakan,1,0,,,,,,,,,
1140383,2018/19,2018-10-23,"R.Premadasa Stadium, Khettarama",2,16.1,England,Sri Lanka,MM Ali,BA Stokes,A Dananjaya,0,0,,,,,,,,,
1140383,2018/19,2018-10-23,"R.Premadasa Stadium, Khettarama",2,16.2,England,Sri Lanka,MM Ali,BA Stokes,A Dananjaya,1,0,,,,,,,,,
1140383,2018/19,2018-10-23,"R.Premadasa Stadium, Khettarama",2,16.3,England,Sri Lanka,BA Stokes,MM Ali,A Dananjaya,0,0,,,,,,,,,
1140383,2018/19,2018-10-23,"R.Premadasa Stadium, Khettarama",2,16.4,England,Sri Lanka,BA Stokes,MM Ali,A Dananjaya,0,0,,,,,,,,,
1140383,2018/19,2018-10-23,"R.Premadasa Stadium, Khettarama",2,16.5,England,Sri Lanka,BA Stokes,MM Ali,A Dananjaya,0,0,,,,,,,,,
1140383,2018/19,2018-10-23,"R.Premadasa Stadium, Khettarama",2,16.6,England,Sri Lanka,BA Stokes,MM Ali,A Dananjaya,1,0,,,,,,,,,
1140383,2018/19,2018-10-23,"R.Premadasa Stadium, Khettarama",2,17.1,England,Sri Lanka,BA Stokes,MM Ali,PADLR Sandakan,1,0,,,,,,,,,
1140383,2018/19,2018-10-23,"R.Premadasa Stadium, Khettarama",2,17.2,England,Sri Lanka,MM Ali,BA Stokes,PADLR Sandakan,4,0,,,,,,,,,
1140383,2018/19,2018-10-23,"R.Premadasa Stadium, Khettarama",2,17.3,England,Sri Lanka,MM Ali,BA Stokes,PADLR Sandakan,1,0,,,,,,,,,
1140383,2018/19,2018-10-23,"R.Premadasa Stadium, Khettarama",2,17.4,England,Sri Lanka,BA Stokes,MM Ali,PADLR Sandakan,4,0,,,,,,,,,
1140383,2018/19,2018-10-23,"R.Premadasa Stadium, Khettarama",2,17.5,England,Sri Lanka,BA Stokes,MM Ali,PADLR Sandakan,4,0,,,,,,,,,
1140383,2018/19,2018-10-23,"R.Premadasa Stadium, Khettarama",2,17.6,England,Sri Lanka,BA Stokes,MM Ali,PADLR Sandakan,0,0,,,,,,,,,
1140383,2018/19,2018-10-23,"R.Premadasa Stadium, Khettarama",2,18.1,England,Sri Lanka,MM Ali,BA Stokes,A Dananjaya,0,0,,,,,,,,,
1140383,2018/19,2018-10-23,"R.Premadasa Stadium, Khettarama",2,18.2,England,Sri Lanka,MM Ali,BA Stokes,A Dananjaya,0,0,,,,,,caught,MM Ali,,
1140383,2018/19,2018-10-23,"R.Premadasa Stadium, Khettarama",2,18.3,England,Sri Lanka,BA Stokes,SM Curran,A Dananjaya,0,0,,,,,,,,,
1140383,2018/19,2018-10-23,"R.Premadasa Stadium, Khettarama",2,18.4,England,Sri Lanka,BA Stokes,SM Curran,A Dananjaya,1,0,,,,,,,,,
1140383,2018/19,2018-10-23,"R.Premadasa Stadium, Khettarama",2,18.5,England,Sri Lanka,SM Curran,BA Stokes,A Dananjaya,0,0,,,,,,,,,
1140383,2018/19,2018-10-23,"R.Premadasa Stadium, Khettarama",2,18.6,England,Sri Lanka,SM Curran,BA Stokes,A Dananjaya,0,0,,,,,,,,,
1140383,2018/19,2018-10-23,"R.Premadasa Stadium, Khettarama",2,19.1,England,Sri Lanka,BA Stokes,SM Curran,PADLR Sandakan,0,0,,,,,,,,,
1140383,2018/19,2018-10-23,"R.Premadasa Stadium, Khettarama",2,19.2,England,Sri Lanka,BA Stokes,SM Curran,PADLR Sandakan,4,0,,,,,,,,,
1140383,2018/19,2018-10-23,"R.Premadasa Stadium, Khettarama",2,19.3,England,Sri Lanka,BA Stokes,SM Curran,PADLR Sandakan,4,0,,,,,,,,,
1140383,2018/19,2018-10-23,"R.Premadasa Stadium, Khettarama",2,19.4,England,Sri Lanka,BA Stokes,SM Curran,PADLR Sandakan,1,0,,,,,,,,,
1140383,2018/19,2018-10-23,"R.Premadasa Stadium, Khettarama",2,19.5,England,Sri Lanka,SM Curran,BA Stokes,PADLR Sandakan,1,0,,,,,,,,,
1140383,2018/19,2018-10-23,"R.Premadasa Stadium, Khettarama",2,19.6,England,Sri Lanka,BA Stokes,SM Curran,PADLR Sandakan,1,0,,,,,,,,,
1140383,2018/19,2018-10-23,"R.Premadasa Stadium, Khettarama",2,20.1,England,Sri Lanka,BA Stokes,SM Curran,A Dananjaya,0,0,,,,,,,,,
1140383,2018/19,2018-10-23,"R.Premadasa Stadium, Khettarama",2,20.2,England,Sri Lanka,BA Stokes,SM Curran,A Dananjaya,1,0,,,,,,,,,
1140383,2018/19,2018-10-23,"R.Premadasa Stadium, Khettarama",2,20.3,England,Sri Lanka,SM Curran,BA Stokes,A Dananjaya,0,0,,,,,,,,,
1140383,2018/19,2018-10-23,"R.Premadasa Stadium, Khettarama",2,20.4,England,Sri Lanka,SM Curran,BA Stokes,A Dananjaya,0,0,,,,,,,,,
1140383,2018/19,2018-10-23,"R.Premadasa Stadium, Khettarama",2,20.5,England,Sri Lanka,SM Curran,BA Stokes,A Dananjaya,0,0,,,,,,,,,
1140383,2018/19,2018-10-23,"R.Premadasa Stadium, Khettarama",2,20.6,England,Sri Lanka,SM Curran,BA Stokes,A Dananjaya,1,0,,,,,,,,,
1140383,2018/19,2018-10-23,"R.Premadasa Stadium, Khettarama",2,21.1,England,Sri Lanka,SM Curran,BA Stokes,DM de Silva,0,0,,,,,,caught,SM Curran,,
1140383,2018/19,2018-10-23,"R.Premadasa Stadium, Khettarama",2,21.2,England,Sri Lanka,BA Stokes,AU Rashid,DM de Silva,0,0,,,,,,,,,
1140383,2018/19,2018-10-23,"R.Premadasa Stadium, Khettarama",2,21.3,England,Sri Lanka,BA Stokes,AU Rashid,DM de Silva,0,0,,,,,,,,,
1140383,2018/19,2018-10-23,"R.Premadasa Stadium, Khettarama",2,21.4,England,Sri Lanka,BA Stokes,AU Rashid,DM de Silva,1,0,,,,,,,,,
1140383,2018/19,2018-10-23,"R.Premadasa Stadium, Khettarama",2,21.5,England,Sri Lanka,AU Rashid,BA Stokes,DM de Silva,0,0,,,,,,,,,
1140383,2018/19,2018-10-23,"R.Premadasa Stadium, Khettarama",2,21.6,England,Sri Lanka,AU Rashid,BA Stokes,DM de Silva,0,0,,,,,,,,,
1140383,2018/19,2018-10-23,"R.Premadasa Stadium, Khettarama",2,22.1,England,Sri Lanka,BA Stokes,AU Rashid,A Dananjaya,0,0,,,,,,caught,BA Stokes,,
1140383,2018/19,2018-10-23,"R.Premadasa Stadium, Khettarama",2,22.2,England,Sri Lanka,LE Plunkett,AU Rashid,A Dananjaya,0,0,,,,,,,,,
1140383,2018/19,2018-10-23,"R.Premadasa Stadium, Khettarama",2,22.3,England,Sri Lanka,LE Plunkett,AU Rashid,A Dananjaya,1,0,,,,,,,,,
1140383,2018/19,2018-10-23,"R.Premadasa Stadium, Khettarama",2,22.4,England,Sri Lanka,AU Rashid,LE Plunkett,A Dananjaya,2,0,,,,,,,,,
1140383,2018/19,2018-10-23,"R.Premadasa Stadium, Khettarama",2,22.5,England,Sri Lanka,AU Rashid,LE Plunkett,A Dananjaya,1,0,,,,,,,,,
1140383,2018/19,2018-10-23,"R.Premadasa Stadium, Khettarama",2,22.6,England,Sri Lanka,LE Plunkett,AU Rashid,A Dananjaya,0,0,,,,,,,,,
1140383,2018/19,2018-10-23,"R.Premadasa Stadium, Khettarama",2,23.1,England,Sri Lanka,AU Rashid,LE Plunkett,DM de Silva,0,0,,,,,,,,,
1140383,2018/19,2018-10-23,"R.Premadasa Stadium, Khettarama",2,23.2,England,Sri Lanka,AU Rashid,LE Plunkett,DM de Silva,0,0,,,,,,,,,
1140383,2018/19,2018-10-23,"R.Premadasa Stadium, Khettarama",2,23.3,England,Sri Lanka,AU Rashid,LE Plunkett,DM de Silva,1,0,,,,,,,,,
1140383,2018/19,2018-10-23,"R.Premadasa Stadium, Khettarama",2,23.4,England,Sri Lanka,LE Plunkett,AU Rashid,DM de Silva,0,0,,,,,,,,,
1140383,2018/19,2018-10-23,"R.Premadasa Stadium, Khettarama",2,23.5,England,Sri Lanka,LE Plunkett,AU Rashid,DM de Silva,0,0,,,,,,,,,
1140383,2018/19,2018-10-23,"R.Premadasa Stadium, Khettarama",2,23.6,England,Sri Lanka,LE Plunkett,AU Rashid,DM de Silva,1,0,,,,,,,,,
1140383,2018/19,2018-10-23,"R.Premadasa Stadium, Khettarama",2,24.1,England,Sri Lanka,LE Plunkett,AU Rashid,A Dananjaya,1,0,,,,,,,,,
1140383,2018/19,2018-10-23,"R.Premadasa Stadium, Khettarama",2,24.2,England,Sri Lanka,AU Rashid,LE Plunkett,A Dananjaya,0,0,,,,,,bowled,AU Rashid,,
1140383,2018/19,2018-10-23,"R.Premadasa Stadium, Khettarama",2,24.3,England,Sri Lanka,TK Curran,LE Plunkett,A Dananjaya,0,0,,,,,,,,,
1140383,2018/19,2018-10-23,"R.Premadasa Stadium, Khettarama",2,24.4,England,Sri Lanka,TK Curran,LE Plunkett,A Dananjaya,0,0,,,,,,,,,
1140383,2018/19,2018-10-23,"R.Premadasa Stadium, Khettarama",2,24.5,England,Sri Lanka,TK Curran,LE Plunkett,A Dananjaya,1,0,,,,,,,,,
1140383,2018/19,2018-10-23,"R.Premadasa Stadium, Khettarama",2,24.6,England,Sri Lanka,LE Plunkett,TK Curran,A Dananjaya,1,0,,,,,,,,,
1140383,2018/19,2018-10-23,"R.Premadasa Stadium, Khettarama",2,25.1,England,Sri Lanka,LE Plunkett,TK Curran,PVD Chameera,1,0,,,,,,,,,
1140383,2018/19,2018-10-23,"R.Premadasa Stadium, Khettarama",2,25.2,England,Sri Lanka,TK Curran,LE Plunkett,PVD Chameera,0,0,,,,,,,,,
1140383,2018/19,2018-10-23,"R.Premadasa Stadium, Khettarama",2,25.3,England,Sri Lanka,TK Curran,LE Plunkett,PVD Chameera,0,0,,,,,,,,,
1140383,2018/19,2018-10-23,"R.Premadasa Stadium, Khettarama",2,25.4,England,Sri Lanka,TK Curran,LE Plunkett,PVD Chameera,0,0,,,,,,,,,
1140383,2018/19,2018-10-23,"R.Premadasa Stadium, Khettarama",2,25.5,England,Sri Lanka,TK Curran,LE Plunkett,PVD Chameera,0,0,,,,,,,,,
1140383,2018/19,2018-10-23,"R.Premadasa Stadium, Khettarama",2,25.6,England,Sri Lanka,TK Curran,LE Plunkett,PVD Chameera,0,0,,,,,,,,,
1140383,2018/19,2018-10-23,"R.Premadasa Stadium, Khettarama",2,26.1,England,Sri Lanka,LE Plunkett,TK Curran,A Dananjaya,0,0,,,,,,lbw,LE Plunkett,,
