match_id,season,start_date,venue,innings,ball,batting_team,bowling_team,striker,non_striker,bowler,runs_off_bat,extras,wides,noballs,byes,legbyes,penalty,wicket_type,player_dismissed,other_wicket_type,other_player_dismissed
1140381,2018/19,2018-10-17,Pallekele International Cricket Stadium,1,0.1,Sri Lanka,England,N Dickwella,S Samarawickrama,CR Woakes,0,0,,,,,,,,,
1140381,2018/19,2018-10-17,Pallekele International Cricket Stadium,1,0.2,Sri Lanka,England,N Dickwella,S Samarawickrama,CR Woakes,0,0,,,,,,,,,
1140381,2018/19,2018-10-17,Pallekele International Cricket Stadium,1,0.3,Sri Lanka,England,N Dickwella,S Samarawickrama,CR Woakes,4,0,,,,,,,,,
1140381,2018/19,2018-10-17,Pallekele International Cricket Stadium,1,0.4,Sri Lanka,England,N Dickwella,S Samarawickrama,CR Woakes,0,0,,,,,,,,,
1140381,2018/19,2018-10-17,Pallekele International Cricket Stadium,1,0.5,Sri Lanka,England,N Dickwella,S Samarawickrama,CR Woakes,4,0,,,,,,,,,
1140381,2018/19,2018-10-17,Pallekele International Cricket Stadium,1,0.6,Sri Lanka,England,N Dickwella,S Samarawickrama,CR Woakes,0,0,,,,,,,,,
1140381,2018/19,2018-10-17,Pallekele International Cricket Stadium,1,1.1,Sri Lanka,England,S Samarawickrama,N Dickwella,OP Stone,4,0,,,,,,,,,
1140381,2018/19,2018-10-17,Pallekele International Cricket Stadium,1,1.2,Sri Lanka,England,S Samarawickrama,N Dickwella,OP Stone,4,0,,,,,,,,,
1140381,2018/19,2018-10-17,Pallekele International Cricket Stadium,1,1.3,Sri Lanka,England,S Samarawickrama,N Dickwella,OP Stone,0,0,,,,,,,,,
1140381,2018/19,2018-10-17,Pallekele International Cricket Stadium,1,1.4,Sri Lanka,England,S Samarawickrama,N Dickwella,OP Stone,1,0,,,,,,,,,
1140381,2018/19,2018-10-17,Pallekele International Cricket Stadium,1,1.5,Sri Lanka,England,N Dickwella,S Samarawickrama,OP Stone,4,0,,,,,,,,,
1140381,2018/19,2018-10-17,Pallekele International Cricket Stadium,1,1.6,Sri Lanka,England,N Dickwella,S Samarawickrama,OP Stone,4,0,,,,,,,,,
1140381,2018/19,2018-10-17,Pallekele International Cricket Stadium,1,2.1,Sri Lanka,England,S Samarawickrama,N Dickwella,CR Woakes,0,0,,,,,,,,,
1140381,2018/19,2018-10-17,Pallekele International Cricket Stadium,1,2.2,Sri Lanka,England,S Samarawickrama,N Dickwella,CR Woakes,1,0,,,,,,,,,
1140381,2018/19,2018-10-17,Pallekele International Cricket Stadium,1,2.3,Sri Lanka,England,N Dickwella,S Samarawickrama,CR Woakes,0,0,,,,,,,,,
1140381,2018/19,2018-10-17,Pallekele International Cricket Stadium,1,2.4,Sri Lanka,England,N Dickwella,S Samarawickrama,CR Woakes,4,0,,,,,,,,,
1140381,2018/19,2018-10-17,Pallekele International Cricket Stadium,1,2.5,Sri Lanka,England,N Dickwella,S Samarawickrama,CR Woakes,4,0,,,,,,,,,
1140381,2018/19,2018-10-17,Pallekele International Cricket Stadium,1,2.6,Sri Lanka,England,N Dickwella,S Samarawickrama,CR Woakes,4,0,,,,,,,,,
1140381,2018/19,2018-10-17,Pallekele International Cricket Stadium,1,3.1,Sri Lanka,England,S Samarawickrama,N Dickwella,TK Curran,1,0,,,,,,,,,
1140381,2018/19,2018-10-17,Pallekele International Cricket Stadium,1,3.2,Sri Lanka,England,N Dickwella,S Samarawickrama,TK Curran,4,0,,,,,,,,,
1140381,2018/19,2018-10-17,Pallekele International Cricket Stadium,1,3.3,Sri Lanka,England,N Dickwella,S Samarawickrama,TK Curran,0,0,,,,,,,,,
1140381,2018/19,2018-10-17,Pallekele International Cricket Stadium,1,3.4,Sri Lanka,England,N Dickwella,S Samarawickrama,TK Curran,0,0,,,,,,,,,
1140381,2018/19,2018-10-17,Pallekele International Cricket Stadium,1,3.5,Sri Lanka,England,N Dickwella,S Samarawickrama,TK Curran,1,0,,,,,,,,,
1140381,2018/19,2018-10-17,Pallekele International Cricket Stadium,1,3.6,Sri Lanka,England,S Samarawickrama,N Dickwella,TK Curran,1,0,,,,,,,,,
1140381,2018/19,2018-10-17,Pallekele International Cricket Stadium,1,4.1,Sri Lanka,England,S Samarawickrama,N Dickwella,MM Ali,1,0,,,,,,,,,
1140381,2018/19,2018-10-17,Pallekele International Cricket Stadium,1,4.2,Sri Lanka,England,N Dickwella,S Samarawickrama,MM Ali,1,0,,,,,,,,,
1140381,2018/19,2018-10-17,Pallekele International Cricket Stadium,1,4.3,Sri Lanka,England,S Samarawickrama,N Dickwella,MM Ali,2,0,,,,,,,,,
1140381,2018/19,2018-10-17,Pallekele International Cricket Stadium,1,4.4,Sri Lanka,England,S Samarawickrama,N Dickwella,MM Ali,1,0,,,,,,,,,
1140381,2018/19,2018-10-17,Pallekele International Cricket Stadium,1,4.5,Sri Lanka,England,N Dickwella,S Samarawickrama,MM Ali,1,0,,,,,,,,,
1140381,2018/19,2018-10-17,Pallekele International Cricket Stadium,1,4.6,Sri Lanka,England,S Samarawickrama,N Dickwella,MM Ali,0,4,,,,4,,,,,
1140381,2018/19,2018-10-17,Pallekele International Cricket Stadium,1,5.1,Sri Lanka,England,N Dickwella,S Samarawickrama,TK Curran,1,0,,,,,,,,,
1140381,2018/19,2018-10-17,Pallekele International Cricket Stadium,1,5.2,Sri Lanka,England,S Samarawickrama,N Dickwella,TK Curran,1,0,,,,,,,,,
1140381,2018/19,2018-10-17,Pallekele International Cricket Stadium,1,5.3,Sri Lanka,England,N Dickwella,S Samarawickrama,TK Curran,0,0,,,,,,caught,N Dickwella,,
1140381,2018/19,2018-10-17,Pallekele International Cricket Stadium,1,5.4,Sri Lanka,England,S Samarawickrama,BKG Mendis,TK Curran,0,0,,,,,,,,,
1140381,2018/19,2018-10-17,Pallekele International Cricket Stadium,1,5.5,Sri Lanka,England,S Samarawickrama,BKG Mendis,TK Curran,0,0,,,,,,,,,
1140381,2018/19,2018-10-17,Pallekele International Cricket Stadium,1,5.6,Sri Lanka,England,S Samarawickrama,BKG Mendis,TK Curran,1,0,,,,,,,,,
1140381,2018/19,2018-10-17,Pallekele International Cricket Stadium,1,6.1,Sri Lanka,England,S Samarawickrama,BKG Mendis,AU Rashid,1,0,,,,,,,,,
1140381,2018/19,2018-10-17,Pallekele International Cricket Stadium,1,6.2,Sri Lanka,England,BKG Mendis,S Samarawickrama,AU Rashid,0,0,,,,,,bowled,BKG Mendis,,
1140381,2018/19,2018-10-17,Pallekele International Cricket Stadium,1,6.3,Sri Lanka,England,LD Chandimal,S Samarawickrama,AU Rashid,0,0,,,,,,,,,
1140381,2018/19,2018-10-17,Pallekele International Cricket Stadium,1,6.4,Sri Lanka,England,LD Chandimal,S Samarawickrama,AU Rashid,0,0,,,,,,,,,
1140381,2018/19,2018-10-17,Pallekele International Cricket Stadium,1,6.5,Sri Lanka,England,LD Chandimal,S Samarawickrama,AU Rashid,1,0,,,,,,,,,
1140381,2018/19,2018-10-17,Pallekele International Cricket Stadium,1,6.6,Sri Lanka,England,S Samarawickrama,LD Chandimal,AU Rashid,0,0,,,,,,,,,
1140381,2018/19,2018-10-17,Pallekele International Cricket Stadium,1,7.1,Sri Lanka,England,LD Chandimal,S Samarawickrama,OP Stone,1,0,,,,,,,,,
1140381,2018/19,2018-10-17,Pallekele International Cricket Stadium,1,7.2,Sri Lanka,England,S Samarawickrama,LD Chandimal,OP Stone,1,0,,,,,,,,,
1140381,2018/19,2018-10-17,Pallekele International Cricket Stadium,1,7.3,Sri Lanka,England,LD Chandimal,S Samarawickrama,OP Stone,2,0,,,,,,,,,
1140381,2018/19,2018-10-17,Pallekele International Cricket Stadium,1,7.4,Sri Lanka,England,LD Chandimal,S Samarawickrama,OP Stone,0,0,,,,,,,,,
1140381,2018/19,2018-10-17,Pallekele International Cricket Stadium,1,7.5,Sri Lanka,England,LD Chandimal,S Samarawickrama,OP Stone,0,0,,,,,,,,,
1140381,2018/19,2018-10-17,Pallekele International Cricket Stadium,1,7.6,Sri Lanka,England,LD Chandimal,S Samarawickrama,OP Stone,1,0,,,,,,,,,
1140381,2018/19,2018-10-17,Pallekele International Cricket Stadium,1,8.1,Sri Lanka,England,LD Chandimal,S Samarawickrama,AU Rashid,1,0,,,,,,,,,
1140381,2018/19,2018-10-17,Pallekele International Cricket Stadium,1,8.2,Sri Lanka,England,S Samarawickrama,LD Chandimal,AU Rashid,4,0,,,,,,,,,
1140381,2018/19,2018-10-17,Pallekele International Cricket Stadium,1,8.3,Sri Lanka,England,S Samarawickrama,LD Chandimal,AU Rashid,0,0,,,,,,,,,
1140381,2018/19,2018-10-17,Pallekele International Cricket Stadium,1,8.4,Sri Lanka,England,S Samarawickrama,LD Chandimal,AU Rashid,0,0,,,,,,,,,
1140381,2018/19,2018-10-17,Pallekele International Cricket Stadium,1,8.5,Sri Lanka,England,S Samarawickrama,LD Chandimal,AU Rashid,1,0,,,,,,,,,
1140381,2018/19,2018-10-17,Pallekele International Cricket Stadium,1,8.6,Sri Lanka,England,LD Chandimal,S Samarawickrama,AU Rashid,0,0,,,,,,,,,
1140381,2018/19,2018-10-17,Pallekele International Cricket Stadium,1,9.1,Sri Lanka,England,S Samarawickrama,LD Chandimal,BA Stokes,0,1,1,,,,,,,,
1140381,2018/19,2018-10-17,Pallekele International Cricket Stadium,1,9.2,Sri Lanka,England,S Samarawickrama,LD Chandimal,BA Stokes,0,0,,,,,,,,,
1140381,2018/19,2018-10-17,Pallekele International Cricket Stadium,1,9.3,Sri Lanka,England,S Samarawickrama,LD Chandimal,BA Stokes,0,0,,,,,,,,,
1140381,2018/19,2018-10-17,Pallekele International Cricket Stadium,1,9.4,Sri Lanka,England,S Samarawickrama,LD Chandimal,BA Stokes,0,2,,,,2,,,,,
1140381,2018/19,2018-10-17,Pallekele International Cricket Stadium,1,9.5,Sri Lanka,England,S Samarawickrama,LD Chandimal,BA Stokes,0,0,,,,,,,,,
1140381,2018/19,2018-10-17,Pallekele International Cricket Stadium,1,9.6,Sri Lanka,England,S Samarawickrama,LD Chandimal,BA Stokes,1,0,,,,,,,,,
1140381,2018/19,2018-10-17,Pallekele International Cricket Stadium,1,9.7,Sri Lanka,England,LD Chandimal,S Samarawickrama,BA Stokes,1,0,,,,,,,,,
1140381,2018/19,2018-10-17,Pallekele International Cricket Stadium,1,10.1,Sri Lanka,England,LD Chandimal,S Samarawickrama,AU Rashid,0,0,,,,,,,,,
1140381,2018/19,2018-10-17,Pallekele International Cricket Stadium,1,10.2,Sri Lanka,England,LD Chandimal,S Samarawickrama,AU Rashid,4,0,,,,,,,,,
1140381,2018/19,2018-10-17,Pallekele International Cricket Stadium,1,10.3,Sri Lanka,England,LD Chandimal,S Samarawickrama,AU Rashid,1,0,,,,,,,,,
1140381,2018/19,2018-10-17,Pallekele International Cricket Stadium,1,10.4,Sri Lanka,England,S Samarawickrama,LD Chandimal,AU Rashid,4,0,,,,,,,,,
1140381,2018/19,2018-10-17,Pallekele International Cricket Stadium,1,10.5,Sri Lanka,England,S Samarawickrama,LD Chandimal,AU Rashid,1,0,,,,,,,,,
1140381,2018/19,2018-10-17,Pallekele International Cricket Stadium,1,10.6,Sri Lanka,England,LD Chandimal,S Samarawickrama,AU Rashid,1,0,,,,,,,,,
1140381,2018/19,2018-10-17,Pallekele International Cricket Stadium,1,11.1,Sri Lanka,England,LD Chandimal,S Samarawickrama,BA Stokes,1,0,,,,,,,,,
1140381,2018/19,2018-10-17,Pallekele International Cricket Stadium,1,11.2,Sri Lanka,England,S Samarawickrama,LD Chandimal,BA Stokes,0,1,1,,,,,,,,
1140381,2018/19,2018-10-17,Pallekele International Cricket Stadium,1,11.3,Sri Lanka,England,S Samarawickrama,LD Chandimal,BA Stokes,1,0,,,,,,,,,
1140381,2018/19,2018-10-17,Pallekele International Cricket Stadium,1,11.4,Sri Lanka,England,LD Chandimal,S Samarawickrama,BA Stokes,0,0,,,,,,,,,
1140381,2018/19,2018-10-17,Pallekele International Cricket Stadium,1,11.5,Sri Lanka,England,LD Chandimal,S Samarawickrama,BA Stokes,1,0,,,,,,,,,
1140381,2018/19,2018-10-17,Pallekele International Cricket Stadium,1,11.6,Sri Lanka,England,S Samarawickrama,LD Chandimal,BA Stokes,1,0,,,,,,,,,
1140381,2018/19,2018-10-17,Pallekele International Cricket Stadium,1,11.7,Sri Lanka,England,LD Chandimal,S Samarawickrama,BA Stokes,0,0,,,,,,,,,
1140381,2018/19,2018-10-17,Pallekele International Cricket Stadium,1,12.1,Sri Lanka,England,S Samarawickrama,LD Chandimal,AU Rashid,2,0,,,,,,,,,
1140381,2018/19,2018-10-17,Pallekele International Cricket Stadium,1,12.2,Sri Lanka,England,S Samarawickrama,LD Chandimal,AU Rashid,0,0,,,,,,caught,S Samarawickrama,,
1140381,2018/19,2018-10-17,Pallekele International Cricket Stadium,1,12.3,Sri Lanka,England,NLTC Perera,LD Chandimal,AU Rashid,0,0,,,,,,caught,NLTC Perera,,
1140381,2018/19,2018-10-17,Pallekele International Cricket Stadium,1,12.4,Sri Lanka,England,LD Chandimal,DM de Silva,AU Rashid,1,0,,,,,,,,,
1140381,2018/19,2018-10-17,Pallekele International Cricket Stadium,1,12.5,Sri Lanka,England,DM de Silva,LD Chandimal,AU Rashid,0,0,,,,,,,,,
1140381,2018/19,2018-10-17,Pallekele International Cricket Stadium,1,12.6,Sri Lanka,England,DM de Silva,LD Chandimal,AU Rashid,0,0,,,,,,,,,
1140381,2018/19,2018-10-17,Pallekele International Cricket Stadium,1,13.1,Sri Lanka,England,LD Chandimal,DM de Silva,OP Stone,0,1,1,,,,,,,,
1140381,2018/19,2018-10-17,Pallekele International Cricket Stadium,1,13.2,Sri Lanka,England,LD Chandimal,DM de Silva,OP Stone,0,0,,,,,,,,,
1140381,2018/19,2018-10-17,Pallekele International Cricket Stadium,1,13.3,Sri Lanka,England,LD Chandimal,DM de Silva,OP Stone,0,0,,,,,,,,,
1140381,2018/19,2018-10-17,Pallekele International Cricket Stadium,1,13.4,Sri Lanka,England,LD Chandimal,DM de Silva,OP Stone,0,0,,,,,,,,,
1140381,2018/19,2018-10-17,Pallekele International Cricket Stadium,1,13.5,Sri Lanka,England,LD Chandimal,DM de Silva,OP Stone,1,0,,,,,,,,,
1140381,2018/19,2018-10-17,Pallekele International Cricket Stadium,1,13.6,Sri Lanka,England,DM de Silva,LD Chandimal,OP Stone,0,2,,,2,,,,,,
1140381,2018/19,2018-10-17,Pallekele International Cricket Stadium,1,13.7,Sri Lanka,England,DM de Silva,LD Chandimal,OP Stone,0,0,,,,,,,,,
1140381,2018/19,2018-10-17,Pallekele International Cricket Stadium,1,14.1,Sri Lanka,England,LD Chandimal,DM de Silva,CR Woakes,0,0,,,,,,,,,
1140381,2018/19,2018-10-17,Pallekele International Cricket Stadium,1,14.2,Sri Lanka,England,LD Chandimal,DM de Silva,CR Woakes,2,0,,,,,,,,,
1140381,2018/19,2018-10-17,Pallekele International Cricket Stadium,1,14.3,Sri Lanka,England,LD Chandimal,DM de Silva,CR Woakes,1,0,,,,,,,,,
1140381,2018/19,2018-10-17,Pallekele International Cricket Stadium,1,14.4,Sri Lanka,England,DM de Silva,LD Chandimal,CR Woakes,1,0,,,,,,,,,
1140381,2018/19,2018-10-17,Pallekele International Cricket Stadium,1,14.5,Sri Lanka,England,LD Chandimal,DM de Silva,CR Woakes,4,0,,,,,,,,,
1140381,2018/19,2018-10-17,Pallekele International Cricket Stadium,1,14.6,Sri Lanka,England,LD Chandimal,DM de Silva,CR Woakes,0,0,,,,,,,,,
1140381,2018/19,2018-10-17,Pallekele International Cricket Stadium,1,15.1,Sri Lanka,England,DM de Silva,LD Chandimal,BA Stokes,1,0,,,,,,,,,
1140381,2018/19,2018-10-17,Pallekele International Cricket Stadium,1,15.2,Sri Lanka,England,LD Chandimal,DM de Silva,BA Stokes,0,0,,,,,,,,,
1140381,2018/19,2018-10-17,Pallekele International Cricket Stadium,1,15.3,Sri Lanka,England,LD Chandimal,DM de Silva,BA Stokes,1,0,,,,,,,,,
1140381,2018/19,2018-10-17,Pallekele International Cricket Stadium,1,15.4,Sri Lanka,England,DM de Silva,LD Chandimal,BA Stokes,0,0,,,,,,,,,
1140381,2018/19,2018-10-17,Pallekele International Cricket Stadium,1,15.5,Sri Lanka,England,DM de Silva,LD Chandimal,BA Stokes,0,0,,,,,,,,,
1140381,2018/19,2018-10-17,Pallekele International Cricket Stadium,1,15.6,Sri Lanka,England,DM de Silva,LD Chandimal,BA Stokes,1,0,,,,,,,,,
1140381,2018/19,2018-10-17,Pallekele International Cricket Stadium,1,16.1,Sri Lanka,England,DM de Silva,LD Chandimal,TK Curran,0,0,,,,,,caught,DM de Silva,,
1140381,2018/19,2018-10-17,Pallekele International Cricket Stadium,1,16.2,Sri Lanka,England,MD Shanaka,LD Chandimal,TK Curran,1,0,,,,,,,,,
1140381,2018/19,2018-10-17,Pallekele International Cricket Stadium,1,16.3,Sri Lanka,England,LD Chandimal,MD Shanaka,TK Curran,0,0,,,,,,,,,
1140381,2018/19,2018-10-17,Pallekele International Cricket Stadium,1,16.4,Sri Lanka,England,LD Chandimal,MD Shanaka,TK Curran,1,0,,,,,,,,,
1140381,2018/19,2018-10-17,Pallekele International Cricket Stadium,1,16.5,Sri Lanka,England,MD Shanaka,LD Chandimal,TK Curran,1,0,,,,,,,,,
1140381,2018/19,2018-10-17,Pallekele International Cricket Stadium,1,16.6,Sri Lanka,England,LD Chandimal,MD Shanaka,TK Curran,1,0,,,,,,,,,
1140381,2018/19,2018-10-17,Pallekele International Cricket Stadium,1,17.1,Sri Lanka,England,LD Chandimal,MD Shanaka,BA Stokes,1,0,,,,,,,,,
1140381,2018/19,2018-10-17,Pallekele International Cricket Stadium,1,17.2,Sri Lanka,England,MD Shanaka,LD Chandimal,BA Stokes,1,0,,,,,,,,,
1140381,2018/19,2018-10-17,Pallekele International Cricket Stadium,1,17.3,Sri Lanka,England,LD Chandimal,MD Shanaka,BA Stokes,1,0,,,,,,,,,
1140381,2018/19,2018-10-17,Pallekele International Cricket Stadium,1,17.4,Sri Lanka,England,MD Shanaka,LD Chandimal,BA Stokes,0,0,,,,,,,,,
1140381,2018/19,2018-10-17,Pallekele International Cricket Stadium,1,17.5,Sri Lanka,England,MD Shanaka,LD Chandimal,BA Stokes,6,0,,,,,,,,,
1140381,2018/19,2018-10-17,Pallekele International Cricket Stadium,1,17.6,Sri Lanka,England,MD Shanaka,LD Chandimal,BA Stokes,1,0,,,,,,,,,
1140381,2018/19,2018-10-17,Pallekele International Cricket Stadium,1,18.1,Sri Lanka,England,MD Shanaka,LD Chandimal,AU Rashid,6,0,,,,,,,,,
1140381,2018/19,2018-10-17,Pallekele International Cricket Stadium,1,18.2,Sri Lanka,England,MD Shanaka,LD Chandimal,AU Rashid,1,0,,,,,,,,,
1140381,2018/19,2018-10-17,Pallekele International Cricket Stadium,1,18.3,Sri Lanka,England,LD Chandimal,MD Shanaka,AU Rashid,2,0,,,,,,,,,
1140381,2018/19,2018-10-17,Pallekele International Cricket Stadium,1,18.4,Sri Lanka,England,LD Chandimal,MD Shanaka,AU Rashid,1,0,,,,,,,,,
1140381,2018/19,2018-10-17,Pallekele International Cricket Stadium,1,18.5,Sri Lanka,England,MD Shanaka,LD Chandimal,AU Rashid,4,0,,,,,,,,,
1140381,2018/19,2018-10-17,Pallekele International Cricket Stadium,1,18.6,Sri Lanka,England,MD Shanaka,LD Chandimal,AU Rashid,0,0,,,,,,bowled,MD Shanaka,,
1140381,2018/19,2018-10-17,Pallekele International Cricket Stadium,1,19.1,Sri Lanka,England,LD Chandimal,A Dananjaya,CR Woakes,0,1,,,,1,,,,,
1140381,2018/19,2018-10-17,Pallekele International Cricket Stadium,1,19.2,Sri Lanka,England,A Dananjaya,LD Chandimal,CR Woakes,2,0,,,,,,,,,
1140381,2018/19,2018-10-17,Pallekele International Cricket Stadium,1,19.3,Sri Lanka,England,A Dananjaya,LD Chandimal,CR Woakes,0,0,,,,,,,,,
1140381,2018/19,2018-10-17,Pallekele International Cricket Stadium,1,19.4,Sri Lanka,England,A Dananjaya,LD Chandimal,CR Woakes,4,0,,,,,,,,,
1140381,2018/19,2018-10-17,Pallekele International Cricket Stadium,1,19.5,Sri Lanka,England,A Dananjaya,LD Chandimal,CR Woakes,1,0,,,,,,run out,A Dananjaya,,
1140381,2018/19,2018-10-17,Pallekele International Cricket Stadium,1,19.6,Sri Lanka,England,SL Malinga,LD Chandimal,CR Woakes,1,0,,,,,,,,,
1140381,2018/19,2018-10-17,Pallekele International Cricket Stadium,1,20.1,Sri Lanka,England,SL Malinga,LD Chandimal,TK Curran,1,0,,,,,,,,,
1140381,2018/19,2018-10-17,Pallekele International Cricket Stadium,1,20.2,Sri Lanka,England,LD Chandimal,SL Malinga,TK Curran,2,0,,,,,,,,,
1140381,2018/19,2018-10-17,Pallekele International Cricket Stadium,1,20.3,Sri Lanka,England,LD Chandimal,SL Malinga,TK Curran,0,0,,,,,,,,,
1140381,2018/19,2018-10-17,Pallekele International Cricket Stadium,1,20.4,Sri Lanka,England,LD Chandimal,SL Malinga,TK Curran,0,0,,,,,,caught,LD Chandimal,,
1140381,2018/19,2018-10-17,Pallekele International Cricket Stadium,1,20.5,Sri Lanka,England,MA Aponso,SL Malinga,TK Curran,0,0,,,,,,,,,
1140381,2018/19,2018-10-17,Pallekele International Cricket Stadium,1,20.6,Sri Lanka,England,MA Aponso,SL Malinga,TK Curran,0,0,,,,,,run out,MA Aponso,,
1140381,2018/19,2018-10-17,Pallekele International Cricket Stadium,2,0.1,England,Sri Lanka,JJ Roy,JM Bairstow,SL Malinga,0,1,1,,,,,,,,
1140381,2018/19,2018-10-17,Pallekele International Cricket Stadium,2,0.2,England,Sri Lanka,JJ Roy,JM Bairstow,SL Malinga,0,0,,,,,,,,,
1140381,2018/19,2018-10-17,Pallekele International Cricket Stadium,2,0.3,England,Sri Lanka,JJ Roy,JM Bairstow,SL Malinga,0,1,1,,,,,,,,
1140381,2018/19,2018-10-17,Pallekele International Cricket Stadium,2,0.4,England,Sri Lanka,JJ Roy,JM Bairstow,SL Malinga,6,0,,,,,,,,,
1140381,2018/19,2018-10-17,Pallekele International Cricket Stadium,2,0.5,England,Sri Lanka,JJ Roy,JM Bairstow,SL Malinga,2,0,,,,,,,,,
1140381,2018/19,2018-10-17,Pallekele International Cricket Stadium,2,0.6,England,Sri Lanka,JJ Roy,JM Bairstow,SL Malinga,2,0,,,,,,,,,
1140381,2018/19,2018-10-17,Pallekele International Cricket Stadium,2,0.7,England,Sri Lanka,JJ Roy,JM Bairstow,SL Malinga,1,0,,,,,,,,,
1140381,2018/19,2018-10-17,Pallekele International Cricket Stadium,2,0.8,England,Sri Lanka,JM Bairstow,JJ Roy,SL Malinga,4,0,,,,,,,,,
1140381,2018/19,2018-10-17,Pallekele International Cricket Stadium,2,1.1,England,Sri Lanka,JJ Roy,JM Bairstow,MA Aponso,1,0,,,,,,,,,
1140381,2018/19,2018-10-17,Pallekele International Cricket Stadium,2,1.2,England,Sri Lanka,JM Bairstow,JJ Roy,MA Aponso,0,0,,,,,,caught,JM Bairstow,,
1140381,2018/19,2018-10-17,Pallekele International Cricket Stadium,2,1.3,England,Sri Lanka,JE Root,JJ Roy,MA Aponso,0,0,,,,,,,,,
1140381,2018/19,2018-10-17,Pallekele International Cricket Stadium,2,1.4,England,Sri Lanka,JE Root,JJ Roy,MA Aponso,0,0,,,,,,,,,
1140381,2018/19,2018-10-17,Pallekele International Cricket Stadium,2,1.5,England,Sri Lanka,JE Root,JJ Roy,MA Aponso,0,0,,,,,,,,,
1140381,2018/19,2018-10-17,Pallekele International Cricket Stadium,2,1.6,England,Sri Lanka,JE Root,JJ Roy,MA Aponso,1,0,,,,,,,,,
1140381,2018/19,2018-10-17,Pallekele International Cricket Stadium,2,2.1,England,Sri Lanka,JE Root,JJ Roy,A Dananjaya,0,0,,,,,,,,,
1140381,2018/19,2018-10-17,Pallekele International Cricket Stadium,2,2.2,England,Sri Lanka,JE Root,JJ Roy,A Dananjaya,2,0,,,,,,,,,
1140381,2018/19,2018-10-17,Pallekele International Cricket Stadium,2,2.3,England,Sri Lanka,JE Root,JJ Roy,A Dananjaya,0,0,,,,,,,,,
1140381,2018/19,2018-10-17,Pallekele International Cricket Stadium,2,2.4,England,Sri Lanka,JE Root,JJ Roy,A Dananjaya,4,0,,,,,,,,,
1140381,2018/19,2018-10-17,Pallekele International Cricket Stadium,2,2.5,England,Sri Lanka,JE Root,JJ Roy,A Dananjaya,1,0,,,,,,,,,
1140381,2018/19,2018-10-17,Pallekele International Cricket Stadium,2,2.6,England,Sri Lanka,JJ Roy,JE Root,A Dananjaya,1,0,,,,,,,,,
1140381,2018/19,2018-10-17,Pallekele International Cricket Stadium,2,3.1,England,Sri Lanka,JJ Roy,JE Root,MA Aponso,0,0,,,,,,,,,
1140381,2018/19,2018-10-17,Pallekele International Cricket Stadium,2,3.2,England,Sri Lanka,JJ Roy,JE Root,MA Aponso,2,0,,,,,,,,,
1140381,2018/19,2018-10-17,Pallekele International Cricket Stadium,2,3.3,England,Sri Lanka,JJ Roy,JE Root,MA Aponso,4,0,,,,,,,,,
1140381,2018/19,2018-10-17,Pallekele International Cricket Stadium,2,3.4,England,Sri Lanka,JJ Roy,JE Root,MA Aponso,1,0,,,,,,,,,
1140381,2018/19,2018-10-17,Pallekele International Cricket Stadium,2,3.5,England,Sri Lanka,JE Root,JJ Roy,MA Aponso,0,0,,,,,,bowled,JE Root,,
1140381,2018/19,2018-10-17,Pallekele International Cricket Stadium,2,3.6,England,Sri Lanka,EJG Morgan,JJ Roy,MA Aponso,1,0,,,,,,,,,
1140381,2018/19,2018-10-17,Pallekele International Cricket Stadium,2,4.1,England,Sri Lanka,EJG Morgan,JJ Roy,A Dananjaya,1,0,,,,,,,,,
1140381,2018/19,2018-10-17,Pallekele International Cricket Stadium,2,4.2,England,Sri Lanka,JJ Roy,EJG Morgan,A Dananjaya,2,0,,,,,,,,,
1140381,2018/19,2018-10-17,Pallekele International Cricket Stadium,2,4.3,England,Sri Lanka,JJ Roy,EJG Morgan,A Dananjaya,0,0,,,,,,,,,
1140381,2018/19,2018-10-17,Pallekele International Cricket Stadium,2,4.4,England,Sri Lanka,JJ Roy,EJG Morgan,A Dananjaya,0,0,,,,,,,,,
1140381,2018/19,2018-10-17,Pallekele International Cricket Stadium,2,4.5,England,Sri Lanka,JJ Roy,EJG Morgan,A Dananjaya,1,0,,,,,,,,,
1140381,2018/19,2018-10-17,Pallekele International Cricket Stadium,2,4.6,England,Sri Lanka,EJG Morgan,JJ Roy,A Dananjaya,0,1,1,,,,,,,,
1140381,2018/19,2018-10-17,Pallekele International Cricket Stadium,2,4.7,England,Sri Lanka,EJG Morgan,JJ Roy,A Dananjaya,1,0,,,,,,,,,
1140381,2018/19,2018-10-17,Pallekele International Cricket Stadium,2,5.1,England,Sri Lanka,EJG Morgan,JJ Roy,DM de Silva,4,0,,,,,,,,,
1140381,2018/19,2018-10-17,Pallekele International Cricket Stadium,2,5.2,England,Sri Lanka,EJG Morgan,JJ Roy,DM de Silva,0,0,,,,,,,,,
1140381,2018/19,2018-10-17,Pallekele International Cricket Stadium,2,5.3,England,Sri Lanka,EJG Morgan,JJ Roy,DM de Silva,1,0,,,,,,,,,
1140381,2018/19,2018-10-17,Pallekele International Cricket Stadium,2,5.4,England,Sri Lanka,JJ Roy,EJG Morgan,DM de Silva,1,0,,,,,,,,,
1140381,2018/19,2018-10-17,Pallekele International Cricket Stadium,2,5.5,England,Sri Lanka,EJG Morgan,JJ Roy,DM de Silva,0,0,,,,,,,,,
1140381,2018/19,2018-10-17,Pallekele International Cricket Stadium,2,5.6,England,Sri Lanka,EJG Morgan,JJ Roy,DM de Silva,1,0,,,,,,,,,
1140381,2018/19,2018-10-17,Pallekele International Cricket Stadium,2,6.1,England,Sri Lanka,EJG Morgan,JJ Roy,MA Aponso,0,0,,,,,,,,,
1140381,2018/19,2018-10-17,Pallekele International Cricket Stadium,2,6.2,England,Sri Lanka,EJG Morgan,JJ Roy,MA Aponso,1,0,,,,,,,,,
1140381,2018/19,2018-10-17,Pallekele International Cricket Stadium,2,6.3,England,Sri Lanka,JJ Roy,EJG Morgan,MA Aponso,0,0,,,,,,,,,
1140381,2018/19,2018-10-17,Pallekele International Cricket Stadium,2,6.4,England,Sri Lanka,JJ Roy,EJG Morgan,MA Aponso,0,0,,,,,,,,,
1140381,2018/19,2018-10-17,Pallekele International Cricket Stadium,2,6.5,England,Sri Lanka,JJ Roy,EJG Morgan,MA Aponso,1,0,,,,,,,,,
1140381,2018/19,2018-10-17,Pallekele International Cricket Stadium,2,6.6,England,Sri Lanka,EJG Morgan,JJ Roy,MA Aponso,4,0,,,,,,,,,
1140381,2018/19,2018-10-17,Pallekele International Cricket Stadium,2,7.1,England,Sri Lanka,JJ Roy,EJG Morgan,SL Malinga,0,0,,,,,,,,,
1140381,2018/19,2018-10-17,Pallekele International Cricket Stadium,2,7.2,England,Sri Lanka,JJ Roy,EJG Morgan,SL Malinga,4,0,,,,,,,,,
1140381,2018/19,2018-10-17,Pallekele International Cricket Stadium,2,7.3,England,Sri Lanka,JJ Roy,EJG Morgan,SL Malinga,1,0,,,,,,,,,
1140381,2018/19,2018-10-17,Pallekele International Cricket Stadium,2,7.4,England,Sri Lanka,EJG Morgan,JJ Roy,SL Malinga,2,0,,,,,,,,,
1140381,2018/19,2018-10-17,Pallekele International Cricket Stadium,2,7.5,England,Sri Lanka,EJG Morgan,JJ Roy,SL Malinga,1,0,,,,,,,,,
1140381,2018/19,2018-10-17,Pallekele International Cricket Stadium,2,7.6,England,Sri Lanka,JJ Roy,EJG Morgan,SL Malinga,4,0,,,,,,,,,
1140381,2018/19,2018-10-17,Pallekele International Cricket Stadium,2,8.1,England,Sri Lanka,EJG Morgan,JJ Roy,A Dananjaya,0,1,1,,,,,,,,
1140381,2018/19,2018-10-17,Pallekele International Cricket Stadium,2,8.2,England,Sri Lanka,EJG Morgan,JJ Roy,A Dananjaya,1,0,,,,,,,,,
1140381,2018/19,2018-10-17,Pallekele International Cricket Stadium,2,8.3,England,Sri Lanka,JJ Roy,EJG Morgan,A Dananjaya,6,0,,,,,,,,,
1140381,2018/19,2018-10-17,Pallekele International Cricket Stadium,2,8.4,England,Sri Lanka,JJ Roy,EJG Morgan,A Dananjaya,1,0,,,,,,,,,
1140381,2018/19,2018-10-17,Pallekele International Cricket Stadium,2,8.5,England,Sri Lanka,EJG Morgan,JJ Roy,A Dananjaya,4,0,,,,,,,,,
1140381,2018/19,2018-10-17,Pallekele International Cricket Stadium,2,8.6,England,Sri Lanka,EJG Morgan,JJ Roy,A Dananjaya,1,0,,,,,,,,,
1140381,2018/19,2018-10-17,Pallekele International Cricket Stadium,2,8.7,England,Sri Lanka,JJ Roy,EJG Morgan,A Dananjaya,0,0,,,,,,lbw,JJ Roy,,
1140381,2018/19,2018-10-17,Pallekele International Cricket Stadium,2,9.1,England,Sri Lanka,EJG Morgan,BA Stokes,N Pradeep,0,0,,,,,,,,,
1140381,2018/19,2018-10-17,Pallekele International Cricket Stadium,2,9.2,England,Sri Lanka,EJG Morgan,BA Stokes,N Pradeep,4,0,,,,,,,,,
1140381,2018/19,2018-10-17,Pallekele International Cricket Stadium,2,9.3,England,Sri Lanka,EJG Morgan,BA Stokes,N Pradeep,1,0,,,,,,,,,
1140381,2018/19,2018-10-17,Pallekele International Cricket Stadium,2,9.4,England,Sri Lanka,BA Stokes,EJG Morgan,N Pradeep,4,0,,,,,,,,,
1140381,2018/19,2018-10-17,Pallekele International Cricket Stadium,2,9.5,England,Sri Lanka,BA Stokes,EJG Morgan,N Pradeep,1,0,,,,,,,,,
1140381,2018/19,2018-10-17,Pallekele International Cricket Stadium,2,9.6,England,Sri Lanka,EJG Morgan,BA Stokes,N Pradeep,1,0,,,,,,,,,
1140381,2018/19,2018-10-17,Pallekele International Cricket Stadium,2,10.1,England,Sri Lanka,EJG Morgan,BA Stokes,A Dananjaya,0,0,,,,,,,,,
1140381,2018/19,2018-10-17,Pallekele International Cricket Stadium,2,10.2,England,Sri Lanka,EJG Morgan,BA Stokes,A Dananjaya,1,0,,,,,,,,,
1140381,2018/19,2018-10-17,Pallekele International Cricket Stadium,2,10.3,England,Sri Lanka,BA Stokes,EJG Morgan,A Dananjaya,1,0,,,,,,,,,
1140381,2018/19,2018-10-17,Pallekele International Cricket Stadium,2,10.4,England,Sri Lanka,EJG Morgan,BA Stokes,A Dananjaya,1,0,,,,,,,,,
1140381,2018/19,2018-10-17,Pallekele International Cricket Stadium,2,10.5,England,Sri Lanka,BA Stokes,EJG Morgan,A Dananjaya,0,0,,,,,,,,,
1140381,2018/19,2018-10-17,Pallekele International Cricket Stadium,2,10.6,England,Sri Lanka,BA Stokes,EJG Morgan,A Dananjaya,2,0,,,,,,,,,
1140381,2018/19,2018-10-17,Pallekele International Cricket Stadium,2,11.1,England,Sri Lanka,EJG Morgan,BA Stokes,DM de Silva,1,0,,,,,,,,,
1140381,2018/19,2018-10-17,Pallekele International Cricket Stadium,2,11.2,England,Sri Lanka,BA Stokes,EJG Morgan,DM de Silva,2,0,,,,,,,,,
1140381,2018/19,2018-10-17,Pallekele International Cricket Stadium,2,11.3,England,Sri Lanka,BA Stokes,EJG Morgan,DM de Silva,1,0,,,,,,,,,
1140381,2018/19,2018-10-17,Pallekele International Cricket Stadium,2,11.4,England,Sri Lanka,EJG Morgan,BA Stokes,DM de Silva,2,0,,,,,,,,,
1140381,2018/19,2018-10-17,Pallekele International Cricket Stadium,2,11.5,England,Sri Lanka,EJG Morgan,BA Stokes,DM de Silva,0,0,,,,,,,,,
1140381,2018/19,2018-10-17,Pallekele International Cricket Stadium,2,11.6,England,Sri Lanka,EJG Morgan,BA Stokes,DM de Silva,0,0,,,,,,,,,
1140381,2018/19,2018-10-17,Pallekele International Cricket Stadium,2,12.1,England,Sri Lanka,BA Stokes,EJG Morgan,SL Malinga,1,0,,,,,,,,,
1140381,2018/19,2018-10-17,Pallekele International Cricket Stadium,2,12.2,England,Sri Lanka,EJG Morgan,BA Stokes,SL Malinga,4,0,,,,,,,,,
1140381,2018/19,2018-10-17,Pallekele International Cricket Stadium,2,12.3,England,Sri Lanka,EJG Morgan,BA Stokes,SL Malinga,0,0,,,,,,,,,
1140381,2018/19,2018-10-17,Pallekele International Cricket Stadium,2,12.4,England,Sri Lanka,EJG Morgan,BA Stokes,SL Malinga,0,0,,,,,,,,,
1140381,2018/19,2018-10-17,Pallekele International Cricket Stadium,2,12.5,England,Sri Lanka,EJG Morgan,BA Stokes,SL Malinga,0,0,,,,,,,,,
1140381,2018/19,2018-10-17,Pallekele International Cricket Stadium,2,12.6,England,Sri Lanka,EJG Morgan,BA Stokes,SL Malinga,0,0,,,,,,,,,
1140381,2018/19,2018-10-17,Pallekele International Cricket Stadium,2,13.1,England,Sri Lanka,BA Stokes,EJG Morgan,DM de Silva,0,0,,,,,,,,,
1140381,2018/19,2018-10-17,Pallekele International Cricket Stadium,2,13.2,England,Sri Lanka,BA Stokes,EJG Morgan,DM de Silva,0,0,,,,,,,,,
1140381,2018/19,2018-10-17,Pallekele International Cricket Stadium,2,13.3,England,Sri Lanka,BA Stokes,EJG Morgan,DM de Silva,2,0,,,,,,,,,
1140381,2018/19,2018-10-17,Pallekele International Cricket Stadium,2,13.4,England,Sri Lanka,BA Stokes,EJG Morgan,DM de Silva,0,0,,,,,,,,,
1140381,2018/19,2018-10-17,Pallekele International Cricket Stadium,2,13.5,England,Sri Lanka,BA Stokes,EJG Morgan,DM de Silva,1,0,,,,,,,,,
1140381,2018/19,2018-10-17,Pallekele International Cricket Stadium,2,13.6,England,Sri Lanka,EJG Morgan,BA Stokes,DM de Silva,1,0,,,,,,,,,
1140381,2018/19,2018-10-17,Pallekele International Cricket Stadium,2,14.1,England,Sri Lanka,EJG Morgan,BA Stokes,N Pradeep,1,0,,,,,,,,,
1140381,2018/19,2018-10-17,Pallekele International Cricket Stadium,2,14.2,England,Sri Lanka,BA Stokes,EJG Morgan,N Pradeep,1,0,,,,,,,,,
1140381,2018/19,2018-10-17,Pallekele International Cricket Stadium,2,14.3,England,Sri Lanka,EJG Morgan,BA Stokes,N Pradeep,0,0,,,,,,,,,
1140381,2018/19,2018-10-17,Pallekele International Cricket Stadium,2,14.4,England,Sri Lanka,EJG Morgan,BA Stokes,N Pradeep,1,0,,,,,,,,,
1140381,2018/19,2018-10-17,Pallekele International Cricket Stadium,2,14.5,England,Sri Lanka,BA Stokes,EJG Morgan,N Pradeep,6,0,,,,,,,,,
1140381,2018/19,2018-10-17,Pallekele International Cricket Stadium,2,14.6,England,Sri Lanka,BA Stokes,EJG Morgan,N Pradeep,1,0,,,,,,,,,
1140381,2018/19,2018-10-17,Pallekele International Cricket Stadium,2,15.1,England,Sri Lanka,BA Stokes,EJG Morgan,DM de Silva,1,0,,,,,,,,,
1140381,2018/19,2018-10-17,Pallekele International Cricket Stadium,2,15.2,England,Sri Lanka,EJG Morgan,BA Stokes,DM de Silva,1,0,,,,,,,,,
1140381,2018/19,2018-10-17,Pallekele International Cricket Stadium,2,15.3,England,Sri Lanka,BA Stokes,EJG Morgan,DM de Silva,0,0,,,,,,,,,
1140381,2018/19,2018-10-17,Pallekele International Cricket Stadium,2,15.4,England,Sri Lanka,BA Stokes,EJG Morgan,DM de Silva,1,0,,,,,,,,,
1140381,2018/19,2018-10-17,Pallekele International Cricket Stadium,2,15.5,England,Sri Lanka,EJG Morgan,BA Stokes,DM de Silva,1,0,,,,,,,,,
1140381,2018/19,2018-10-17,Pallekele International Cricket Stadium,2,15.6,England,Sri Lanka,BA Stokes,EJG Morgan,DM de Silva,2,0,,,,,,,,,
1140381,2018/19,2018-10-17,Pallekele International Cricket Stadium,2,16.1,England,Sri Lanka,EJG Morgan,BA Stokes,SL Malinga,0,0,,,,,,,,,
1140381,2018/19,2018-10-17,Pallekele International Cricket Stadium,2,16.2,England,Sri Lanka,EJG Morgan,BA Stokes,SL Malinga,0,0,,,,,,,,,
1140381,2018/19,2018-10-17,Pallekele International Cricket Stadium,2,16.3,England,Sri Lanka,EJG Morgan,BA Stokes,SL Malinga,0,1,,,,1,,,,,
1140381,2018/19,2018-10-17,Pallekele International Cricket Stadium,2,16.4,England,Sri Lanka,BA Stokes,EJG Morgan,SL Malinga,0,1,1,,,,,,,,
1140381,2018/19,2018-10-17,Pallekele International Cricket Stadium,2,16.5,England,Sri Lanka,BA Stokes,EJG Morgan,SL Malinga,1,0,,,,,,,,,
1140381,2018/19,2018-10-17,Pallekele International Cricket Stadium,2,16.6,England,Sri Lanka,EJG Morgan,BA Stokes,SL Malinga,2,0,,,,,,,,,
1140381,2018/19,2018-10-17,Pallekele International Cricket Stadium,2,16.7,England,Sri Lanka,EJG Morgan,BA Stokes,SL Malinga,1,0,,,,,,,,,
1140381,2018/19,2018-10-17,Pallekele International Cricket Stadium,2,17.1,England,Sri Lanka,EJG Morgan,BA Stokes,NLTC Perera,2,0,,,,,,,,,
1140381,2018/19,2018-10-17,Pallekele International Cricket Stadium,2,17.2,England,Sri Lanka,EJG Morgan,BA Stokes,NLTC Perera,4,0,,,,,,,,,
1140381,2018/19,2018-10-17,Pallekele International Cricket Stadium,2,17.3,England,Sri Lanka,EJG Morgan,BA Stokes,NLTC Perera,1,0,,,,,,,,,
1140381,2018/19,2018-10-17,Pallekele International Cricket Stadium,2,17.4,England,Sri Lanka,BA Stokes,EJG Morgan,NLTC Perera,0,0,,,,,,,,,
1140381,2018/19,2018-10-17,Pallekele International Cricket Stadium,2,17.5,England,Sri Lanka,BA Stokes,EJG Morgan,NLTC Perera,1,0,,,,,,,,,
1140381,2018/19,2018-10-17,Pallekele International Cricket Stadium,2,17.6,England,Sri Lanka,EJG Morgan,BA Stokes,NLTC Perera,0,1,,,,1,,,,,
1140381,2018/19,2018-10-17,Pallekele International Cricket Stadium,2,18.1,England,Sri Lanka,EJG Morgan,BA Stokes,MA Aponso,4,0,,,,,,,,,
1140381,2018/19,2018-10-17,Pallekele International Cricket Stadium,2,18.2,England,Sri Lanka,EJG Morgan,BA Stokes,MA Aponso,1,0,,,,,,,,,
1140381,2018/19,2018-10-17,Pallekele International Cricket Stadium,2,18.3,England,Sri Lanka,BA Stokes,EJG Morgan,MA Aponso,6,0,,,,,,,,,
