match_id,season,start_date,venue,innings,ball,batting_team,bowling_team,striker,non_striker,bowler,runs_off_bat,extras,wides,noballs,byes,legbyes,penalty,wicket_type,player_dismissed,other_wicket_type,other_player_dismissed
1140380,2018/19,2018-10-13,Rangiri Dambulla International Stadium,1,0.1,England,Sri Lanka,JJ Roy,JM Bairstow,SL Malinga,0,0,,,,,,,,,
1140380,2018/19,2018-10-13,Rangiri Dambulla International Stadium,1,0.2,England,Sri Lanka,JJ Roy,JM Bairstow,SL Malinga,0,0,,,,,,,,,
1140380,2018/19,2018-10-13,Rangiri Dambulla International Stadium,1,0.3,England,Sri Lanka,JJ Roy,JM Bairstow,SL Malinga,0,0,,,,,,,,,
1140380,2018/19,2018-10-13,Rangiri Dambulla International Stadium,1,0.4,England,Sri Lanka,JJ Roy,JM Bairstow,SL Malinga,0,0,,,,,,caught,JJ Roy,,
1140380,2018/19,2018-10-13,Rangiri Dambulla International Stadium,1,0.5,England,Sri Lanka,JE Root,JM Bairstow,SL Malinga,0,0,,,,,,,,,
1140380,2018/19,2018-10-13,Rangiri Dambulla International Stadium,1,0.6,England,Sri Lanka,JE Root,JM Bairstow,SL Malinga,0,0,,,,,,,,,
1140380,2018/19,2018-10-13,Rangiri Dambulla International Stadium,1,1.1,England,Sri Lanka,JM Bairstow,JE Root,N Pradeep,0,0,,,,,,,,,
1140380,2018/19,2018-10-13,Rangiri Dambulla International Stadium,1,1.2,England,Sri Lanka,JM Bairstow,JE Root,N Pradeep,0,0,,,,,,,,,
1140380,2018/19,2018-10-13,Rangiri Dambulla International Stadium,1,1.3,England,Sri Lanka,JM Bairstow,JE Root,N Pradeep,0,0,,,,,,,,,
1140380,2018/19,2018-10-13,Rangiri Dambulla International Stadium,1,1.4,England,Sri Lanka,JM Bairstow,JE Root,N Pradeep,0,0,,,,,,,,,
1140380,2018/19,2018-10-13,Rangiri Dambulla International Stadium,1,1.5,England,Sri Lanka,JM Bairstow,JE Root,N Pradeep,0,0,,,,,,,,,
1140380,2018/19,2018-10-13,Rangiri Dambulla International Stadium,1,1.6,England,Sri Lanka,JM Bairstow,JE Root,N Pradeep,0,1,1,,,,,,,,
1140380,2018/19,2018-10-13,Rangiri Dambulla International Stadium,1,1.7,England,Sri Lanka,JM Bairstow,JE Root,N Pradeep,0,0,,,,,,,,,
1140380,2018/19,2018-10-13,Rangiri Dambulla International Stadium,1,2.1,England,Sri Lanka,JE Root,JM Bairstow,SL Malinga,1,0,,,,,,,,,
1140380,2018/19,2018-10-13,Rangiri Dambulla International Stadium,1,2.2,England,Sri Lanka,JM Bairstow,JE Root,SL Malinga,0,0,,,,,,,,,
1140380,2018/19,2018-10-13,Rangiri Dambulla International Stadium,1,2.3,England,Sri Lanka,JM Bairstow,JE Root,SL Malinga,0,1,1,,,,,,,,
1140380,2018/19,2018-10-13,Rangiri Dambulla International Stadium,1,2.4,England,Sri Lanka,JM Bairstow,JE Root,SL Malinga,1,0,,,,,,,,,
1140380,2018/19,2018-10-13,Rangiri Dambulla International Stadium,1,2.5,England,Sri Lanka,JE Root,JM Bairstow,SL Malinga,0,0,,,,,,,,,
1140380,2018/19,2018-10-13,Rangiri Dambulla International Stadium,1,2.6,England,Sri Lanka,JE Root,JM Bairstow,SL Malinga,4,0,,,,,,,,,
1140380,2018/19,2018-10-13,Rangiri Dambulla International Stadium,1,2.7,England,Sri Lanka,JE Root,JM Bairstow,SL Malinga,0,0,,,,,,,,,
1140380,2018/19,2018-10-13,Rangiri Dambulla International Stadium,1,3.1,England,Sri Lanka,JM Bairstow,JE Root,N Pradeep,0,0,,,,,,,,,
1140380,2018/19,2018-10-13,Rangiri Dambulla International Stadium,1,3.2,England,Sri Lanka,JM Bairstow,JE Root,N Pradeep,0,1,,,,1,,,,,
1140380,2018/19,2018-10-13,Rangiri Dambulla International Stadium,1,3.3,England,Sri Lanka,JE Root,JM Bairstow,N Pradeep,0,0,,,,,,,,,
1140380,2018/19,2018-10-13,Rangiri Dambulla International Stadium,1,3.4,England,Sri Lanka,JE Root,JM Bairstow,N Pradeep,4,0,,,,,,,,,
1140380,2018/19,2018-10-13,Rangiri Dambulla International Stadium,1,3.5,England,Sri Lanka,JE Root,JM Bairstow,N Pradeep,2,0,,,,,,,,,
1140380,2018/19,2018-10-13,Rangiri Dambulla International Stadium,1,3.6,England,Sri Lanka,JE Root,JM Bairstow,N Pradeep,0,1,,,,1,,,,,
1140380,2018/19,2018-10-13,Rangiri Dambulla International Stadium,1,4.1,England,Sri Lanka,JE Root,JM Bairstow,SL Malinga,0,0,,,,,,,,,
1140380,2018/19,2018-10-13,Rangiri Dambulla International Stadium,1,4.2,England,Sri Lanka,JE Root,JM Bairstow,SL Malinga,0,0,,,,,,,,,
1140380,2018/19,2018-10-13,Rangiri Dambulla International Stadium,1,4.3,England,Sri Lanka,JE Root,JM Bairstow,SL Malinga,4,0,,,,,,,,,
1140380,2018/19,2018-10-13,Rangiri Dambulla International Stadium,1,4.4,England,Sri Lanka,JE Root,JM Bairstow,SL Malinga,4,0,,,,,,,,,
1140380,2018/19,2018-10-13,Rangiri Dambulla International Stadium,1,4.5,England,Sri Lanka,JE Root,JM Bairstow,SL Malinga,4,0,,,,,,,,,
1140380,2018/19,2018-10-13,Rangiri Dambulla International Stadium,1,4.6,England,Sri Lanka,JE Root,JM Bairstow,SL Malinga,0,0,,,,,,,,,
1140380,2018/19,2018-10-13,Rangiri Dambulla International Stadium,1,5.1,England,Sri Lanka,JM Bairstow,JE Root,N Pradeep,0,0,,,,,,,,,
1140380,2018/19,2018-10-13,Rangiri Dambulla International Stadium,1,5.2,England,Sri Lanka,JM Bairstow,JE Root,N Pradeep,0,0,,,,,,,,,
1140380,2018/19,2018-10-13,Rangiri Dambulla International Stadium,1,5.3,England,Sri Lanka,JM Bairstow,JE Root,N Pradeep,0,0,,,,,,,,,
1140380,2018/19,2018-10-13,Rangiri Dambulla International Stadium,1,5.4,England,Sri Lanka,JM Bairstow,JE Root,N Pradeep,0,0,,,,,,,,,
1140380,2018/19,2018-10-13,Rangiri Dambulla International Stadium,1,5.5,England,Sri Lanka,JM Bairstow,JE Root,N Pradeep,0,0,,,,,,,,,
1140380,2018/19,2018-10-13,Rangiri Dambulla International Stadium,1,5.6,England,Sri Lanka,JM Bairstow,JE Root,N Pradeep,2,0,,,,,,,,,
1140380,2018/19,2018-10-13,Rangiri Dambulla International Stadium,1,6.1,England,Sri Lanka,JE Root,JM Bairstow,A Dananjaya,1,0,,,,,,,,,
1140380,2018/19,2018-10-13,Rangiri Dambulla International Stadium,1,6.2,England,Sri Lanka,JM Bairstow,JE Root,A Dananjaya,0,0,,,,,,,,,
1140380,2018/19,2018-10-13,Rangiri Dambulla International Stadium,1,6.3,England,Sri Lanka,JM Bairstow,JE Root,A Dananjaya,0,0,,,,,,,,,
1140380,2018/19,2018-10-13,Rangiri Dambulla International Stadium,1,6.4,England,Sri Lanka,JM Bairstow,JE Root,A Dananjaya,1,0,,,,,,,,,
1140380,2018/19,2018-10-13,Rangiri Dambulla International Stadium,1,6.5,England,Sri Lanka,JE Root,JM Bairstow,A Dananjaya,1,0,,,,,,,,,
1140380,2018/19,2018-10-13,Rangiri Dambulla International Stadium,1,6.6,England,Sri Lanka,JM Bairstow,JE Root,A Dananjaya,4,0,,,,,,,,,
1140380,2018/19,2018-10-13,Rangiri Dambulla International Stadium,1,7.1,England,Sri Lanka,JE Root,JM Bairstow,N Pradeep,0,0,,,,,,,,,
1140380,2018/19,2018-10-13,Rangiri Dambulla International Stadium,1,7.2,England,Sri Lanka,JE Root,JM Bairstow,N Pradeep,1,0,,,,,,,,,
1140380,2018/19,2018-10-13,Rangiri Dambulla International Stadium,1,7.3,England,Sri Lanka,JM Bairstow,JE Root,N Pradeep,0,0,,,,,,,,,
1140380,2018/19,2018-10-13,Rangiri Dambulla International Stadium,1,7.4,England,Sri Lanka,JM Bairstow,JE Root,N Pradeep,1,0,,,,,,,,,
1140380,2018/19,2018-10-13,Rangiri Dambulla International Stadium,1,7.5,England,Sri Lanka,JE Root,JM Bairstow,N Pradeep,0,0,,,,,,,,,
1140380,2018/19,2018-10-13,Rangiri Dambulla International Stadium,1,7.6,England,Sri Lanka,JE Root,JM Bairstow,N Pradeep,0,0,,,,,,,,,
1140380,2018/19,2018-10-13,Rangiri Dambulla International Stadium,1,8.1,England,Sri Lanka,JM Bairstow,JE Root,A Dananjaya,4,0,,,,,,,,,
1140380,2018/19,2018-10-13,Rangiri Dambulla International Stadium,1,8.2,England,Sri Lanka,JM Bairstow,JE Root,A Dananjaya,0,0,,,,,,,,,
1140380,2018/19,2018-10-13,Rangiri Dambulla International Stadium,1,8.3,England,Sri Lanka,JM Bairstow,JE Root,A Dananjaya,1,0,,,,,,,,,
1140380,2018/19,2018-10-13,Rangiri Dambulla International Stadium,1,8.4,England,Sri Lanka,JE Root,JM Bairstow,A Dananjaya,1,0,,,,,,,,,
1140380,2018/19,2018-10-13,Rangiri Dambulla International Stadium,1,8.5,England,Sri Lanka,JM Bairstow,JE Root,A Dananjaya,4,0,,,,,,,,,
1140380,2018/19,2018-10-13,Rangiri Dambulla International Stadium,1,8.6,England,Sri Lanka,JM Bairstow,JE Root,A Dananjaya,0,0,,,,,,,,,
1140380,2018/19,2018-10-13,Rangiri Dambulla International Stadium,1,9.1,England,Sri Lanka,JE Root,JM Bairstow,NLTC Perera,0,0,,,,,,,,,
1140380,2018/19,2018-10-13,Rangiri Dambulla International Stadium,1,9.2,England,Sri Lanka,JE Root,JM Bairstow,NLTC Perera,0,0,,,,,,,,,
1140380,2018/19,2018-10-13,Rangiri Dambulla International Stadium,1,9.3,England,Sri Lanka,JE Root,JM Bairstow,NLTC Perera,1,0,,,,,,,,,
1140380,2018/19,2018-10-13,Rangiri Dambulla International Stadium,1,9.4,England,Sri Lanka,JM Bairstow,JE Root,NLTC Perera,1,0,,,,,,,,,
1140380,2018/19,2018-10-13,Rangiri Dambulla International Stadium,1,9.5,England,Sri Lanka,JE Root,JM Bairstow,NLTC Perera,2,0,,,,,,,,,
1140380,2018/19,2018-10-13,Rangiri Dambulla International Stadium,1,9.6,England,Sri Lanka,JE Root,JM Bairstow,NLTC Perera,1,0,,,,,,,,,
1140380,2018/19,2018-10-13,Rangiri Dambulla International Stadium,1,10.1,England,Sri Lanka,JE Root,JM Bairstow,A Dananjaya,1,0,,,,,,,,,
1140380,2018/19,2018-10-13,Rangiri Dambulla International Stadium,1,10.2,England,Sri Lanka,JM Bairstow,JE Root,A Dananjaya,0,0,,,,,,,,,
1140380,2018/19,2018-10-13,Rangiri Dambulla International Stadium,1,10.3,England,Sri Lanka,JM Bairstow,JE Root,A Dananjaya,1,0,,,,,,,,,
1140380,2018/19,2018-10-13,Rangiri Dambulla International Stadium,1,10.4,England,Sri Lanka,JE Root,JM Bairstow,A Dananjaya,2,0,,,,,,,,,
1140380,2018/19,2018-10-13,Rangiri Dambulla International Stadium,1,10.5,England,Sri Lanka,JE Root,JM Bairstow,A Dananjaya,2,0,,,,,,,,,
1140380,2018/19,2018-10-13,Rangiri Dambulla International Stadium,1,10.6,England,Sri Lanka,JE Root,JM Bairstow,A Dananjaya,1,0,,,,,,,,,
1140380,2018/19,2018-10-13,Rangiri Dambulla International Stadium,1,11.1,England,Sri Lanka,JE Root,JM Bairstow,NLTC Perera,0,0,,,,,,,,,
1140380,2018/19,2018-10-13,Rangiri Dambulla International Stadium,1,11.2,England,Sri Lanka,JE Root,JM Bairstow,NLTC Perera,0,0,,,,,,,,,
1140380,2018/19,2018-10-13,Rangiri Dambulla International Stadium,1,11.3,England,Sri Lanka,JE Root,JM Bairstow,NLTC Perera,1,0,,,,,,,,,
1140380,2018/19,2018-10-13,Rangiri Dambulla International Stadium,1,11.4,England,Sri Lanka,JM Bairstow,JE Root,NLTC Perera,0,0,,,,,,,,,
1140380,2018/19,2018-10-13,Rangiri Dambulla International Stadium,1,11.5,England,Sri Lanka,JM Bairstow,JE Root,NLTC Perera,2,0,,,,,,,,,
1140380,2018/19,2018-10-13,Rangiri Dambulla International Stadium,1,11.6,England,Sri Lanka,JM Bairstow,JE Root,NLTC Perera,0,0,,,,,,,,,
1140380,2018/19,2018-10-13,Rangiri Dambulla International Stadium,1,12.1,England,Sri Lanka,JE Root,JM Bairstow,PADLR Sandakan,1,0,,,,,,,,,
1140380,2018/19,2018-10-13,Rangiri Dambulla International Stadium,1,12.2,England,Sri Lanka,JM Bairstow,JE Root,PADLR Sandakan,1,0,,,,,,,,,
1140380,2018/19,2018-10-13,Rangiri Dambulla International Stadium,1,12.3,England,Sri Lanka,JE Root,JM Bairstow,PADLR Sandakan,1,0,,,,,,,,,
1140380,2018/19,2018-10-13,Rangiri Dambulla International Stadium,1,12.4,England,Sri Lanka,JM Bairstow,JE Root,PADLR Sandakan,1,0,,,,,,,,,
1140380,2018/19,2018-10-13,Rangiri Dambulla International Stadium,1,12.5,England,Sri Lanka,JE Root,JM Bairstow,PADLR Sandakan,1,0,,,,,,,,,
1140380,2018/19,2018-10-13,Rangiri Dambulla International Stadium,1,12.6,England,Sri Lanka,JM Bairstow,JE Root,PADLR Sandakan,1,0,,,,,,,,,
1140380,2018/19,2018-10-13,Rangiri Dambulla International Stadium,1,13.1,England,Sri Lanka,JM Bairstow,JE Root,NLTC Perera,1,0,,,,,,,,,
1140380,2018/19,2018-10-13,Rangiri Dambulla International Stadium,1,13.2,England,Sri Lanka,JE Root,JM Bairstow,NLTC Perera,0,0,,,,,,,,,
1140380,2018/19,2018-10-13,Rangiri Dambulla International Stadium,1,13.3,England,Sri Lanka,JE Root,JM Bairstow,NLTC Perera,1,0,,,,,,,,,
1140380,2018/19,2018-10-13,Rangiri Dambulla International Stadium,1,13.4,England,Sri Lanka,JM Bairstow,JE Root,NLTC Perera,0,0,,,,,,,,,
1140380,2018/19,2018-10-13,Rangiri Dambulla International Stadium,1,13.5,England,Sri Lanka,JM Bairstow,JE Root,NLTC Perera,0,0,,,,,,,,,
1140380,2018/19,2018-10-13,Rangiri Dambulla International Stadium,1,13.6,England,Sri Lanka,JM Bairstow,JE Root,NLTC Perera,0,0,,,,,,bowled,JM Bairstow,,
1140380,2018/19,2018-10-13,Rangiri Dambulla International Stadium,1,14.1,England,Sri Lanka,JE Root,EJG Morgan,PADLR Sandakan,1,0,,,,,,,,,
1140380,2018/19,2018-10-13,Rangiri Dambulla International Stadium,1,14.2,England,Sri Lanka,EJG Morgan,JE Root,PADLR Sandakan,0,0,,,,,,,,,
1140380,2018/19,2018-10-13,Rangiri Dambulla International Stadium,1,14.3,England,Sri Lanka,EJG Morgan,JE Root,PADLR Sandakan,0,0,,,,,,,,,
1140380,2018/19,2018-10-13,Rangiri Dambulla International Stadium,1,14.4,England,Sri Lanka,EJG Morgan,JE Root,PADLR Sandakan,0,0,,,,,,,,,
1140380,2018/19,2018-10-13,Rangiri Dambulla International Stadium,1,14.5,England,Sri Lanka,EJG Morgan,JE Root,PADLR Sandakan,0,0,,,,,,,,,
1140380,2018/19,2018-10-13,Rangiri Dambulla International Stadium,1,14.6,England,Sri Lanka,EJG Morgan,JE Root,PADLR Sandakan,0,0,,,,,,,,,
1140380,2018/19,2018-10-13,Rangiri Dambulla International Stadium,1,15.1,England,Sri Lanka,JE Root,EJG Morgan,NLTC Perera,0,0,,,,,,,,,
1140380,2018/19,2018-10-13,Rangiri Dambulla International Stadium,1,15.2,England,Sri Lanka,JE Root,EJG Morgan,NLTC Perera,0,0,,,,,,,,,
1140380,2018/19,2018-10-13,Rangiri Dambulla International Stadium,1,15.3,England,Sri Lanka,JE Root,EJG Morgan,NLTC Perera,0,0,,,,,,,,,
1140380,2018/19,2018-10-13,Rangiri Dambulla International Stadium,1,15.4,England,Sri Lanka,JE Root,EJG Morgan,NLTC Perera,1,0,,,,,,,,,
1140380,2018/19,2018-10-13,Rangiri Dambulla International Stadium,1,15.5,England,Sri Lanka,EJG Morgan,JE Root,NLTC Perera,0,0,,,,,,,,,
1140380,2018/19,2018-10-13,Rangiri Dambulla International Stadium,1,15.6,England,Sri Lanka,EJG Morgan,JE Root,NLTC Perera,6,0,,,,,,,,,
1140380,2018/19,2018-10-13,Rangiri Dambulla International Stadium,1,16.1,England,Sri Lanka,JE Root,EJG Morgan,PADLR Sandakan,0,0,,,,,,,,,
1140380,2018/19,2018-10-13,Rangiri Dambulla International Stadium,1,16.2,England,Sri Lanka,JE Root,EJG Morgan,PADLR Sandakan,0,0,,,,,,,,,
1140380,2018/19,2018-10-13,Rangiri Dambulla International Stadium,1,16.3,England,Sri Lanka,JE Root,EJG Morgan,PADLR Sandakan,1,0,,,,,,,,,
1140380,2018/19,2018-10-13,Rangiri Dambulla International Stadium,1,16.4,England,Sri Lanka,EJG Morgan,JE Root,PADLR Sandakan,1,0,,,,,,,,,
1140380,2018/19,2018-10-13,Rangiri Dambulla International Stadium,1,16.5,England,Sri Lanka,JE Root,EJG Morgan,PADLR Sandakan,1,0,,,,,,,,,
1140380,2018/19,2018-10-13,Rangiri Dambulla International Stadium,1,16.6,England,Sri Lanka,EJG Morgan,JE Root,PADLR Sandakan,2,0,,,,,,,,,
1140380,2018/19,2018-10-13,Rangiri Dambulla International Stadium,1,17.1,England,Sri Lanka,JE Root,EJG Morgan,NLTC Perera,1,0,,,,,,,,,
1140380,2018/19,2018-10-13,Rangiri Dambulla International Stadium,1,17.2,England,Sri Lanka,EJG Morgan,JE Root,NLTC Perera,1,0,,,,,,,,,
1140380,2018/19,2018-10-13,Rangiri Dambulla International Stadium,1,17.3,England,Sri Lanka,JE Root,EJG Morgan,NLTC Perera,1,0,,,,,,,,,
1140380,2018/19,2018-10-13,Rangiri Dambulla International Stadium,1,17.4,England,Sri Lanka,EJG Morgan,JE Root,NLTC Perera,0,0,,,,,,,,,
1140380,2018/19,2018-10-13,Rangiri Dambulla International Stadium,1,17.5,England,Sri Lanka,EJG Morgan,JE Root,NLTC Perera,0,0,,,,,,,,,
1140380,2018/19,2018-10-13,Rangiri Dambulla International Stadium,1,17.6,England,Sri Lanka,EJG Morgan,JE Root,NLTC Perera,0,0,,,,,,,,,
1140380,2018/19,2018-10-13,Rangiri Dambulla International Stadium,1,18.1,England,Sri Lanka,JE Root,EJG Morgan,PADLR Sandakan,0,0,,,,,,,,,
1140380,2018/19,2018-10-13,Rangiri Dambulla International Stadium,1,18.2,England,Sri Lanka,JE Root,EJG Morgan,PADLR Sandakan,1,0,,,,,,,,,
1140380,2018/19,2018-10-13,Rangiri Dambulla International Stadium,1,18.3,England,Sri Lanka,EJG Morgan,JE Root,PADLR Sandakan,4,0,,,,,,,,,
1140380,2018/19,2018-10-13,Rangiri Dambulla International Stadium,1,18.4,England,Sri Lanka,EJG Morgan,JE Root,PADLR Sandakan,1,0,,,,,,,,,
1140380,2018/19,2018-10-13,Rangiri Dambulla International Stadium,1,18.5,England,Sri Lanka,JE Root,EJG Morgan,PADLR Sandakan,1,0,,,,,,,,,
1140380,2018/19,2018-10-13,Rangiri Dambulla International Stadium,1,18.6,England,Sri Lanka,EJG Morgan,JE Root,PADLR Sandakan,0,1,1,,,,,,,,
1140380,2018/19,2018-10-13,Rangiri Dambulla International Stadium,1,18.7,England,Sri Lanka,EJG Morgan,JE Root,PADLR Sandakan,0,0,,,,,,,,,
1140380,2018/19,2018-10-13,Rangiri Dambulla International Stadium,1,19.1,England,Sri Lanka,JE Root,EJG Morgan,SL Malinga,1,0,,,,,,,,,
1140380,2018/19,2018-10-13,Rangiri Dambulla International Stadium,1,19.2,England,Sri Lanka,EJG Morgan,JE Root,SL Malinga,0,0,,,,,,,,,
1140380,2018/19,2018-10-13,Rangiri Dambulla International Stadium,1,19.3,England,Sri Lanka,EJG Morgan,JE Root,SL Malinga,1,0,,,,,,,,,
1140380,2018/19,2018-10-13,Rangiri Dambulla International Stadium,1,19.4,England,Sri Lanka,JE Root,EJG Morgan,SL Malinga,0,0,,,,,,,,,
1140380,2018/19,2018-10-13,Rangiri Dambulla International Stadium,1,19.5,England,Sri Lanka,JE Root,EJG Morgan,SL Malinga,1,0,,,,,,,,,
1140380,2018/19,2018-10-13,Rangiri Dambulla International Stadium,1,19.6,England,Sri Lanka,EJG Morgan,JE Root,SL Malinga,0,0,,,,,,,,,
1140380,2018/19,2018-10-13,Rangiri Dambulla International Stadium,1,20.1,England,Sri Lanka,JE Root,EJG Morgan,PADLR Sandakan,2,0,,,,,,,,,
1140380,2018/19,2018-10-13,Rangiri Dambulla International Stadium,1,20.2,England,Sri Lanka,JE Root,EJG Morgan,PADLR Sandakan,1,0,,,,,,,,,
1140380,2018/19,2018-10-13,Rangiri Dambulla International Stadium,1,20.3,England,Sri Lanka,EJG Morgan,JE Root,PADLR Sandakan,1,0,,,,,,,,,
1140380,2018/19,2018-10-13,Rangiri Dambulla International Stadium,1,20.4,England,Sri Lanka,JE Root,EJG Morgan,PADLR Sandakan,0,0,,,,,,,,,
1140380,2018/19,2018-10-13,Rangiri Dambulla International Stadium,1,20.5,England,Sri Lanka,JE Root,EJG Morgan,PADLR Sandakan,0,1,,1,,,,,,,
1140380,2018/19,2018-10-13,Rangiri Dambulla International Stadium,1,20.6,England,Sri Lanka,JE Root,EJG Morgan,PADLR Sandakan,2,0,,,,,,,,,
1140380,2018/19,2018-10-13,Rangiri Dambulla International Stadium,1,20.7,England,Sri Lanka,JE Root,EJG Morgan,PADLR Sandakan,1,0,,,,,,,,,
1140380,2018/19,2018-10-13,Rangiri Dambulla International Stadium,1,21.1,England,Sri Lanka,JE Root,EJG Morgan,SL Malinga,1,0,,,,,,,,,
1140380,2018/19,2018-10-13,Rangiri Dambulla International Stadium,1,21.2,England,Sri Lanka,EJG Morgan,JE Root,SL Malinga,1,0,,,,,,,,,
1140380,2018/19,2018-10-13,Rangiri Dambulla International Stadium,1,21.3,England,Sri Lanka,JE Root,EJG Morgan,SL Malinga,1,0,,,,,,,,,
1140380,2018/19,2018-10-13,Rangiri Dambulla International Stadium,1,21.4,England,Sri Lanka,EJG Morgan,JE Root,SL Malinga,0,0,,,,,,,,,
1140380,2018/19,2018-10-13,Rangiri Dambulla International Stadium,1,21.5,England,Sri Lanka,EJG Morgan,JE Root,SL Malinga,0,0,,,,,,,,,
1140380,2018/19,2018-10-13,Rangiri Dambulla International Stadium,1,21.6,England,Sri Lanka,EJG Morgan,JE Root,SL Malinga,0,0,,,,,,,,,
1140380,2018/19,2018-10-13,Rangiri Dambulla International Stadium,1,22.1,England,Sri Lanka,JE Root,EJG Morgan,A Dananjaya,1,0,,,,,,,,,
1140380,2018/19,2018-10-13,Rangiri Dambulla International Stadium,1,22.2,England,Sri Lanka,EJG Morgan,JE Root,A Dananjaya,0,0,,,,,,,,,
1140380,2018/19,2018-10-13,Rangiri Dambulla International Stadium,1,22.3,England,Sri Lanka,EJG Morgan,JE Root,A Dananjaya,0,0,,,,,,,,,
1140380,2018/19,2018-10-13,Rangiri Dambulla International Stadium,1,22.4,England,Sri Lanka,EJG Morgan,JE Root,A Dananjaya,0,0,,,,,,,,,
1140380,2018/19,2018-10-13,Rangiri Dambulla International Stadium,1,22.5,England,Sri Lanka,EJG Morgan,JE Root,A Dananjaya,0,0,,,,,,,,,
1140380,2018/19,2018-10-13,Rangiri Dambulla International Stadium,1,22.6,England,Sri Lanka,EJG Morgan,JE Root,A Dananjaya,4,0,,,,,,,,,
1140380,2018/19,2018-10-13,Rangiri Dambulla International Stadium,1,23.1,England,Sri Lanka,JE Root,EJG Morgan,N Pradeep,1,0,,,,,,,,,
1140380,2018/19,2018-10-13,Rangiri Dambulla International Stadium,1,23.2,England,Sri Lanka,EJG Morgan,JE Root,N Pradeep,0,0,,,,,,,,,
1140380,2018/19,2018-10-13,Rangiri Dambulla International Stadium,1,23.3,England,Sri Lanka,EJG Morgan,JE Root,N Pradeep,0,0,,,,,,,,,
1140380,2018/19,2018-10-13,Rangiri Dambulla International Stadium,1,23.4,England,Sri Lanka,EJG Morgan,JE Root,N Pradeep,1,0,,,,,,,,,
1140380,2018/19,2018-10-13,Rangiri Dambulla International Stadium,1,23.5,England,Sri Lanka,JE Root,EJG Morgan,N Pradeep,0,0,,,,,,,,,
1140380,2018/19,2018-10-13,Rangiri Dambulla International Stadium,1,23.6,England,Sri Lanka,JE Root,EJG Morgan,N Pradeep,4,0,,,,,,,,,
1140380,2018/19,2018-10-13,Rangiri Dambulla International Stadium,1,24.1,England,Sri Lanka,EJG Morgan,JE Root,A Dananjaya,1,0,,,,,,,,,
1140380,2018/19,2018-10-13,Rangiri Dambulla International Stadium,1,24.2,England,Sri Lanka,JE Root,EJG Morgan,A Dananjaya,0,0,,,,,,,,,
1140380,2018/19,2018-10-13,Rangiri Dambulla International Stadium,1,24.3,England,Sri Lanka,JE Root,EJG Morgan,A Dananjaya,1,0,,,,,,,,,
1140380,2018/19,2018-10-13,Rangiri Dambulla International Stadium,1,24.4,England,Sri Lanka,EJG Morgan,JE Root,A Dananjaya,0,0,,,,,,,,,
1140380,2018/19,2018-10-13,Rangiri Dambulla International Stadium,1,24.5,England,Sri Lanka,EJG Morgan,JE Root,A Dananjaya,4,0,,,,,,,,,
1140380,2018/19,2018-10-13,Rangiri Dambulla International Stadium,1,24.6,England,Sri Lanka,EJG Morgan,JE Root,A Dananjaya,0,0,,,,,,,,,
1140380,2018/19,2018-10-13,Rangiri Dambulla International Stadium,1,25.1,England,Sri Lanka,JE Root,EJG Morgan,N Pradeep,0,0,,,,,,,,,
1140380,2018/19,2018-10-13,Rangiri Dambulla International Stadium,1,25.2,England,Sri Lanka,JE Root,EJG Morgan,N Pradeep,1,0,,,,,,,,,
1140380,2018/19,2018-10-13,Rangiri Dambulla International Stadium,1,25.3,England,Sri Lanka,EJG Morgan,JE Root,N Pradeep,1,0,,,,,,,,,
1140380,2018/19,2018-10-13,Rangiri Dambulla International Stadium,1,25.4,England,Sri Lanka,JE Root,EJG Morgan,N Pradeep,1,0,,,,,,,,,
1140380,2018/19,2018-10-13,Rangiri Dambulla International Stadium,1,25.5,England,Sri Lanka,EJG Morgan,JE Root,N Pradeep,0,0,,,,,,,,,
1140380,2018/19,2018-10-13,Rangiri Dambulla International Stadium,1,25.6,England,Sri Lanka,EJG Morgan,JE Root,N Pradeep,1,0,,,,,,,,,
1140380,2018/19,2018-10-13,Rangiri Dambulla International Stadium,1,26.1,England,Sri Lanka,EJG Morgan,JE Root,A Dananjaya,0,0,,,,,,,,,
1140380,2018/19,2018-10-13,Rangiri Dambulla International Stadium,1,26.2,England,Sri Lanka,EJG Morgan,JE Root,A Dananjaya,0,0,,,,,,,,,
1140380,2018/19,2018-10-13,Rangiri Dambulla International Stadium,1,26.3,England,Sri Lanka,EJG Morgan,JE Root,A Dananjaya,1,0,,,,,,,,,
1140380,2018/19,2018-10-13,Rangiri Dambulla International Stadium,1,26.4,England,Sri Lanka,JE Root,EJG Morgan,A Dananjaya,0,0,,,,,,,,,
1140380,2018/19,2018-10-13,Rangiri Dambulla International Stadium,1,26.5,England,Sri Lanka,JE Root,EJG Morgan,A Dananjaya,0,0,,,,,,,,,
1140380,2018/19,2018-10-13,Rangiri Dambulla International Stadium,1,26.6,England,Sri Lanka,JE Root,EJG Morgan,A Dananjaya,0,0,,,,,,,,,
1140380,2018/19,2018-10-13,Rangiri Dambulla International Stadium,1,27.1,England,Sri Lanka,EJG Morgan,JE Root,NLTC Perera,0,0,,,,,,,,,
1140380,2018/19,2018-10-13,Rangiri Dambulla International Stadium,1,27.2,England,Sri Lanka,EJG Morgan,JE Root,NLTC Perera,4,0,,,,,,,,,
1140380,2018/19,2018-10-13,Rangiri Dambulla International Stadium,1,27.3,England,Sri Lanka,EJG Morgan,JE Root,NLTC Perera,0,0,,,,,,,,,
1140380,2018/19,2018-10-13,Rangiri Dambulla International Stadium,1,27.4,England,Sri Lanka,EJG Morgan,JE Root,NLTC Perera,0,0,,,,,,,,,
1140380,2018/19,2018-10-13,Rangiri Dambulla International Stadium,1,27.5,England,Sri Lanka,EJG Morgan,JE Root,NLTC Perera,1,0,,,,,,,,,
1140380,2018/19,2018-10-13,Rangiri Dambulla International Stadium,1,27.6,England,Sri Lanka,JE Root,EJG Morgan,NLTC Perera,1,0,,,,,,,,,
1140380,2018/19,2018-10-13,Rangiri Dambulla International Stadium,1,28.1,England,Sri Lanka,JE Root,EJG Morgan,DM de Silva,0,0,,,,,,,,,
1140380,2018/19,2018-10-13,Rangiri Dambulla International Stadium,1,28.2,England,Sri Lanka,JE Root,EJG Morgan,DM de Silva,1,0,,,,,,,,,
1140380,2018/19,2018-10-13,Rangiri Dambulla International Stadium,1,28.3,England,Sri Lanka,EJG Morgan,JE Root,DM de Silva,1,0,,,,,,,,,
1140380,2018/19,2018-10-13,Rangiri Dambulla International Stadium,1,28.4,England,Sri Lanka,JE Root,EJG Morgan,DM de Silva,0,0,,,,,,,,,
1140380,2018/19,2018-10-13,Rangiri Dambulla International Stadium,1,28.5,England,Sri Lanka,JE Root,EJG Morgan,DM de Silva,0,0,,,,,,,,,
1140380,2018/19,2018-10-13,Rangiri Dambulla International Stadium,1,28.6,England,Sri Lanka,JE Root,EJG Morgan,DM de Silva,0,0,,,,,,caught,JE Root,,
1140380,2018/19,2018-10-13,Rangiri Dambulla International Stadium,1,29.1,England,Sri Lanka,EJG Morgan,BA Stokes,PADLR Sandakan,4,0,,,,,,,,,
1140380,2018/19,2018-10-13,Rangiri Dambulla International Stadium,1,29.2,England,Sri Lanka,EJG Morgan,BA Stokes,PADLR Sandakan,0,0,,,,,,,,,
1140380,2018/19,2018-10-13,Rangiri Dambulla International Stadium,1,29.3,England,Sri Lanka,EJG Morgan,BA Stokes,PADLR Sandakan,1,0,,,,,,,,,
1140380,2018/19,2018-10-13,Rangiri Dambulla International Stadium,1,29.4,England,Sri Lanka,BA Stokes,EJG Morgan,PADLR Sandakan,0,0,,,,,,,,,
1140380,2018/19,2018-10-13,Rangiri Dambulla International Stadium,1,29.5,England,Sri Lanka,BA Stokes,EJG Morgan,PADLR Sandakan,0,0,,,,,,,,,
1140380,2018/19,2018-10-13,Rangiri Dambulla International Stadium,1,29.6,England,Sri Lanka,BA Stokes,EJG Morgan,PADLR Sandakan,2,0,,,,,,,,,
1140380,2018/19,2018-10-13,Rangiri Dambulla International Stadium,1,30.1,England,Sri Lanka,EJG Morgan,BA Stokes,DM de Silva,1,0,,,,,,,,,
1140380,2018/19,2018-10-13,Rangiri Dambulla International Stadium,1,30.2,England,Sri Lanka,BA Stokes,EJG Morgan,DM de Silva,1,0,,,,,,,,,
1140380,2018/19,2018-10-13,Rangiri Dambulla International Stadium,1,30.3,England,Sri Lanka,EJG Morgan,BA Stokes,DM de Silva,0,0,,,,,,,,,
1140380,2018/19,2018-10-13,Rangiri Dambulla International Stadium,1,30.4,England,Sri Lanka,EJG Morgan,BA Stokes,DM de Silva,6,0,,,,,,,,,
1140380,2018/19,2018-10-13,Rangiri Dambulla International Stadium,1,30.5,England,Sri Lanka,EJG Morgan,BA Stokes,DM de Silva,0,0,,,,,,,,,
1140380,2018/19,2018-10-13,Rangiri Dambulla International Stadium,1,30.6,England,Sri Lanka,EJG Morgan,BA Stokes,DM de Silva,0,0,,,,,,,,,
1140380,2018/19,2018-10-13,Rangiri Dambulla International Stadium,1,31.1,England,Sri Lanka,BA Stokes,EJG Morgan,PADLR Sandakan,0,0,,,,,,,,,
1140380,2018/19,2018-10-13,Rangiri Dambulla International Stadium,1,31.2,England,Sri Lanka,BA Stokes,EJG Morgan,PADLR Sandakan,1,0,,,,,,,,,
1140380,2018/19,2018-10-13,Rangiri Dambulla International Stadium,1,31.3,England,Sri Lanka,EJG Morgan,BA Stokes,PADLR Sandakan,1,0,,,,,,,,,
1140380,2018/19,2018-10-13,Rangiri Dambulla International Stadium,1,31.4,England,Sri Lanka,BA Stokes,EJG Morgan,PADLR Sandakan,1,0,,,,,,,,,
1140380,2018/19,2018-10-13,Rangiri Dambulla International Stadium,1,31.5,England,Sri Lanka,EJG Morgan,BA Stokes,PADLR Sandakan,0,0,,,,,,,,,
1140380,2018/19,2018-10-13,Rangiri Dambulla International Stadium,1,31.6,England,Sri Lanka,EJG Morgan,BA Stokes,PADLR Sandakan,4,0,,,,,,,,,
1140380,2018/19,2018-10-13,Rangiri Dambulla International Stadium,1,32.1,England,Sri Lanka,BA Stokes,EJG Morgan,DM de Silva,0,0,,,,,,,,,
1140380,2018/19,2018-10-13,Rangiri Dambulla International Stadium,1,32.2,England,Sri Lanka,BA Stokes,EJG Morgan,DM de Silva,0,0,,,,,,,,,
1140380,2018/19,2018-10-13,Rangiri Dambulla International Stadium,1,32.3,England,Sri Lanka,BA Stokes,EJG Morgan,DM de Silva,0,0,,,,,,,,,
1140380,2018/19,2018-10-13,Rangiri Dambulla International Stadium,1,32.4,England,Sri Lanka,BA Stokes,EJG Morgan,DM de Silva,0,0,,,,,,,,,
1140380,2018/19,2018-10-13,Rangiri Dambulla International Stadium,1,32.5,England,Sri Lanka,BA Stokes,EJG Morgan,DM de Silva,1,0,,,,,,,,,
1140380,2018/19,2018-10-13,Rangiri Dambulla International Stadium,1,32.6,England,Sri Lanka,EJG Morgan,BA Stokes,DM de Silva,1,0,,,,,,,,,
1140380,2018/19,2018-10-13,Rangiri Dambulla International Stadium,1,33.1,England,Sri Lanka,EJG Morgan,BA Stokes,PADLR Sandakan,0,0,,,,,,,,,
1140380,2018/19,2018-10-13,Rangiri Dambulla International Stadium,1,33.2,England,Sri Lanka,EJG Morgan,BA Stokes,PADLR Sandakan,4,0,,,,,,,,,
1140380,2018/19,2018-10-13,Rangiri Dambulla International Stadium,1,33.3,England,Sri Lanka,EJG Morgan,BA Stokes,PADLR Sandakan,1,0,,,,,,,,,
1140380,2018/19,2018-10-13,Rangiri Dambulla International Stadium,1,33.4,England,Sri Lanka,BA Stokes,EJG Morgan,PADLR Sandakan,1,0,,,,,,,,,
1140380,2018/19,2018-10-13,Rangiri Dambulla International Stadium,1,33.5,England,Sri Lanka,EJG Morgan,BA Stokes,PADLR Sandakan,4,0,,,,,,,,,
1140380,2018/19,2018-10-13,Rangiri Dambulla International Stadium,1,33.6,England,Sri Lanka,EJG Morgan,BA Stokes,PADLR Sandakan,0,0,,,,,,,,,
1140380,2018/19,2018-10-13,Rangiri Dambulla International Stadium,1,34.1,England,Sri Lanka,BA Stokes,EJG Morgan,DM de Silva,0,0,,,,,,,,,
1140380,2018/19,2018-10-13,Rangiri Dambulla International Stadium,1,34.2,England,Sri Lanka,BA Stokes,EJG Morgan,DM de Silva,1,0,,,,,,,,,
1140380,2018/19,2018-10-13,Rangiri Dambulla International Stadium,1,34.3,England,Sri Lanka,EJG Morgan,BA Stokes,DM de Silva,4,0,,,,,,,,,
1140380,2018/19,2018-10-13,Rangiri Dambulla International Stadium,1,34.4,England,Sri Lanka,EJG Morgan,BA Stokes,DM de Silva,0,0,,,,,,,,,
1140380,2018/19,2018-10-13,Rangiri Dambulla International Stadium,1,34.5,England,Sri Lanka,EJG Morgan,BA Stokes,DM de Silva,1,0,,,,,,,,,
1140380,2018/19,2018-10-13,Rangiri Dambulla International Stadium,1,34.6,England,Sri Lanka,BA Stokes,EJG Morgan,DM de Silva,1,0,,,,,,,,,
1140380,2018/19,2018-10-13,Rangiri Dambulla International Stadium,1,35.1,England,Sri Lanka,BA Stokes,EJG Morgan,N Pradeep,0,0,,,,,,,,,
1140380,2018/19,2018-10-13,Rangiri Dambulla International Stadium,1,35.2,England,Sri Lanka,BA Stokes,EJG Morgan,N Pradeep,4,0,,,,,,,,,
1140380,2018/19,2018-10-13,Rangiri Dambulla International Stadium,1,35.3,England,Sri Lanka,BA Stokes,EJG Morgan,N Pradeep,0,0,,,,,,,,,
1140380,2018/19,2018-10-13,Rangiri Dambulla International Stadium,1,35.4,England,Sri Lanka,BA Stokes,EJG Morgan,N Pradeep,1,0,,,,,,,,,
1140380,2018/19,2018-10-13,Rangiri Dambulla International Stadium,1,35.5,England,Sri Lanka,EJG Morgan,BA Stokes,N Pradeep,0,0,,,,,,,,,
1140380,2018/19,2018-10-13,Rangiri Dambulla International Stadium,1,35.6,England,Sri Lanka,EJG Morgan,BA Stokes,N Pradeep,1,0,,,,,,,,,
1140380,2018/19,2018-10-13,Rangiri Dambulla International Stadium,1,36.1,England,Sri Lanka,EJG Morgan,BA Stokes,A Dananjaya,1,0,,,,,,,,,
1140380,2018/19,2018-10-13,Rangiri Dambulla International Stadium,1,36.2,England,Sri Lanka,BA Stokes,EJG Morgan,A Dananjaya,1,0,,,,,,,,,
1140380,2018/19,2018-10-13,Rangiri Dambulla International Stadium,1,36.3,England,Sri Lanka,EJG Morgan,BA Stokes,A Dananjaya,0,0,,,,,,,,,
1140380,2018/19,2018-10-13,Rangiri Dambulla International Stadium,1,36.4,England,Sri Lanka,EJG Morgan,BA Stokes,A Dananjaya,1,0,,,,,,,,,
1140380,2018/19,2018-10-13,Rangiri Dambulla International Stadium,1,36.5,England,Sri Lanka,BA Stokes,EJG Morgan,A Dananjaya,0,0,,,,,,caught,BA Stokes,,
1140380,2018/19,2018-10-13,Rangiri Dambulla International Stadium,1,36.6,England,Sri Lanka,JC Buttler,EJG Morgan,A Dananjaya,0,0,,,,,,,,,
1140380,2018/19,2018-10-13,Rangiri Dambulla International Stadium,1,37.1,England,Sri Lanka,EJG Morgan,JC Buttler,N Pradeep,1,0,,,,,,,,,
1140380,2018/19,2018-10-13,Rangiri Dambulla International Stadium,1,37.2,England,Sri Lanka,JC Buttler,EJG Morgan,N Pradeep,1,0,,,,,,,,,
1140380,2018/19,2018-10-13,Rangiri Dambulla International Stadium,1,37.3,England,Sri Lanka,EJG Morgan,JC Buttler,N Pradeep,2,0,,,,,,,,,
1140380,2018/19,2018-10-13,Rangiri Dambulla International Stadium,1,37.4,England,Sri Lanka,EJG Morgan,JC Buttler,N Pradeep,0,0,,,,,,,,,
1140380,2018/19,2018-10-13,Rangiri Dambulla International Stadium,1,37.5,England,Sri Lanka,EJG Morgan,JC Buttler,N Pradeep,1,0,,,,,,,,,
1140380,2018/19,2018-10-13,Rangiri Dambulla International Stadium,1,37.6,England,Sri Lanka,JC Buttler,EJG Morgan,N Pradeep,1,0,,,,,,,,,
1140380,2018/19,2018-10-13,Rangiri Dambulla International Stadium,1,38.1,England,Sri Lanka,JC Buttler,EJG Morgan,A Dananjaya,1,0,,,,,,,,,
1140380,2018/19,2018-10-13,Rangiri Dambulla International Stadium,1,38.2,England,Sri Lanka,EJG Morgan,JC Buttler,A Dananjaya,4,0,,,,,,,,,
1140380,2018/19,2018-10-13,Rangiri Dambulla International Stadium,1,38.3,England,Sri Lanka,EJG Morgan,JC Buttler,A Dananjaya,0,0,,,,,,,,,
1140380,2018/19,2018-10-13,Rangiri Dambulla International Stadium,1,38.4,England,Sri Lanka,EJG Morgan,JC Buttler,A Dananjaya,4,0,,,,,,,,,
1140380,2018/19,2018-10-13,Rangiri Dambulla International Stadium,1,38.5,England,Sri Lanka,EJG Morgan,JC Buttler,A Dananjaya,0,0,,,,,,,,,
1140380,2018/19,2018-10-13,Rangiri Dambulla International Stadium,1,38.6,England,Sri Lanka,EJG Morgan,JC Buttler,A Dananjaya,1,0,,,,,,,,,
1140380,2018/19,2018-10-13,Rangiri Dambulla International Stadium,1,39.1,England,Sri Lanka,EJG Morgan,JC Buttler,SL Malinga,1,0,,,,,,,,,
1140380,2018/19,2018-10-13,Rangiri Dambulla International Stadium,1,39.2,England,Sri Lanka,JC Buttler,EJG Morgan,SL Malinga,0,0,,,,,,,,,
1140380,2018/19,2018-10-13,Rangiri Dambulla International Stadium,1,39.3,England,Sri Lanka,JC Buttler,EJG Morgan,SL Malinga,1,0,,,,,,,,,
1140380,2018/19,2018-10-13,Rangiri Dambulla International Stadium,1,39.4,England,Sri Lanka,EJG Morgan,JC Buttler,SL Malinga,1,0,,,,,,,,,
1140380,2018/19,2018-10-13,Rangiri Dambulla International Stadium,1,39.5,England,Sri Lanka,JC Buttler,EJG Morgan,SL Malinga,0,0,,,,,,,,,
1140380,2018/19,2018-10-13,Rangiri Dambulla International Stadium,1,39.6,England,Sri Lanka,JC Buttler,EJG Morgan,SL Malinga,0,0,,,,,,,,,
1140380,2018/19,2018-10-13,Rangiri Dambulla International Stadium,1,40.1,England,Sri Lanka,EJG Morgan,JC Buttler,PADLR Sandakan,0,0,,,,,,,,,
1140380,2018/19,2018-10-13,Rangiri Dambulla International Stadium,1,40.2,England,Sri Lanka,EJG Morgan,JC Buttler,PADLR Sandakan,2,0,,,,,,,,,
1140380,2018/19,2018-10-13,Rangiri Dambulla International Stadium,1,40.3,England,Sri Lanka,EJG Morgan,JC Buttler,PADLR Sandakan,1,0,,,,,,,,,
1140380,2018/19,2018-10-13,Rangiri Dambulla International Stadium,1,40.4,England,Sri Lanka,JC Buttler,EJG Morgan,PADLR Sandakan,1,0,,,,,,,,,
1140380,2018/19,2018-10-13,Rangiri Dambulla International Stadium,1,40.5,England,Sri Lanka,EJG Morgan,JC Buttler,PADLR Sandakan,1,0,,,,,,,,,
1140380,2018/19,2018-10-13,Rangiri Dambulla International Stadium,1,40.6,England,Sri Lanka,JC Buttler,EJG Morgan,PADLR Sandakan,2,0,,,,,,,,,
1140380,2018/19,2018-10-13,Rangiri Dambulla International Stadium,1,41.1,England,Sri Lanka,EJG Morgan,JC Buttler,SL Malinga,1,0,,,,,,,,,
1140380,2018/19,2018-10-13,Rangiri Dambulla International Stadium,1,41.2,England,Sri Lanka,JC Buttler,EJG Morgan,SL Malinga,1,0,,,,,,,,,
1140380,2018/19,2018-10-13,Rangiri Dambulla International Stadium,1,41.3,England,Sri Lanka,EJG Morgan,JC Buttler,SL Malinga,0,0,,,,,,,,,
1140380,2018/19,2018-10-13,Rangiri Dambulla International Stadium,1,41.4,England,Sri Lanka,EJG Morgan,JC Buttler,SL Malinga,0,0,,,,,,caught and bowled,EJG Morgan,,
1140380,2018/19,2018-10-13,Rangiri Dambulla International Stadium,1,41.5,England,Sri Lanka,MM Ali,JC Buttler,SL Malinga,0,0,,,,,,bowled,MM Ali,,
1140380,2018/19,2018-10-13,Rangiri Dambulla International Stadium,1,41.6,England,Sri Lanka,CR Woakes,JC Buttler,SL Malinga,0,1,,1,,,,,,,
1140380,2018/19,2018-10-13,Rangiri Dambulla International Stadium,1,41.7,England,Sri Lanka,CR Woakes,JC Buttler,SL Malinga,0,0,,,,,,,,,
1140380,2018/19,2018-10-13,Rangiri Dambulla International Stadium,1,42.1,England,Sri Lanka,JC Buttler,CR Woakes,A Dananjaya,0,0,,,,,,,,,
1140380,2018/19,2018-10-13,Rangiri Dambulla International Stadium,1,42.2,England,Sri Lanka,JC Buttler,CR Woakes,A Dananjaya,0,0,,,,,,,,,
1140380,2018/19,2018-10-13,Rangiri Dambulla International Stadium,1,42.3,England,Sri Lanka,JC Buttler,CR Woakes,A Dananjaya,2,0,,,,,,,,,
1140380,2018/19,2018-10-13,Rangiri Dambulla International Stadium,1,42.4,England,Sri Lanka,JC Buttler,CR Woakes,A Dananjaya,0,0,,,,,,,,,
1140380,2018/19,2018-10-13,Rangiri Dambulla International Stadium,1,42.5,England,Sri Lanka,JC Buttler,CR Woakes,A Dananjaya,1,0,,,,,,,,,
1140380,2018/19,2018-10-13,Rangiri Dambulla International Stadium,1,42.6,England,Sri Lanka,CR Woakes,JC Buttler,A Dananjaya,0,0,,,,,,,,,
1140380,2018/19,2018-10-13,Rangiri Dambulla International Stadium,1,43.1,England,Sri Lanka,JC Buttler,CR Woakes,SL Malinga,1,0,,,,,,,,,
1140380,2018/19,2018-10-13,Rangiri Dambulla International Stadium,1,43.2,England,Sri Lanka,CR Woakes,JC Buttler,SL Malinga,0,0,,,,,,,,,
1140380,2018/19,2018-10-13,Rangiri Dambulla International Stadium,1,43.3,England,Sri Lanka,CR Woakes,JC Buttler,SL Malinga,2,0,,,,,,,,,
1140380,2018/19,2018-10-13,Rangiri Dambulla International Stadium,1,43.4,England,Sri Lanka,CR Woakes,JC Buttler,SL Malinga,1,0,,,,,,,,,
1140380,2018/19,2018-10-13,Rangiri Dambulla International Stadium,1,43.5,England,Sri Lanka,JC Buttler,CR Woakes,SL Malinga,1,0,,,,,,,,,
1140380,2018/19,2018-10-13,Rangiri Dambulla International Stadium,1,43.6,England,Sri Lanka,CR Woakes,JC Buttler,SL Malinga,0,0,,,,,,,,,
1140380,2018/19,2018-10-13,Rangiri Dambulla International Stadium,1,44.1,England,Sri Lanka,JC Buttler,CR Woakes,A Dananjaya,2,0,,,,,,,,,
1140380,2018/19,2018-10-13,Rangiri Dambulla International Stadium,1,44.2,England,Sri Lanka,JC Buttler,CR Woakes,A Dananjaya,4,0,,,,,,,,,
1140380,2018/19,2018-10-13,Rangiri Dambulla International Stadium,1,44.3,England,Sri Lanka,JC Buttler,CR Woakes,A Dananjaya,1,0,,,,,,,,,
1140380,2018/19,2018-10-13,Rangiri Dambulla International Stadium,1,44.4,England,Sri Lanka,CR Woakes,JC Buttler,A Dananjaya,1,0,,,,,,,,,
1140380,2018/19,2018-10-13,Rangiri Dambulla International Stadium,1,44.5,England,Sri Lanka,JC Buttler,CR Woakes,A Dananjaya,2,0,,,,,,,,,
1140380,2018/19,2018-10-13,Rangiri Dambulla International Stadium,1,44.6,England,Sri Lanka,JC Buttler,CR Woakes,A Dananjaya,2,0,,,,,,,,,
1140380,2018/19,2018-10-13,Rangiri Dambulla International Stadium,1,45.1,England,Sri Lanka,CR Woakes,JC Buttler,N Pradeep,1,0,,,,,,,,,
1140380,2018/19,2018-10-13,Rangiri Dambulla International Stadium,1,45.2,England,Sri Lanka,JC Buttler,CR Woakes,N Pradeep,4,0,,,,,,,,,
1140380,2018/19,2018-10-13,Rangiri Dambulla International Stadium,1,45.3,England,Sri Lanka,JC Buttler,CR Woakes,N Pradeep,0,1,1,,,,,,,,
1140380,2018/19,2018-10-13,Rangiri Dambulla International Stadium,1,45.4,England,Sri Lanka,JC Buttler,CR Woakes,N Pradeep,0,0,,,,,,bowled,JC Buttler,,
1140380,2018/19,2018-10-13,Rangiri Dambulla International Stadium,1,45.5,England,Sri Lanka,LA Dawson,CR Woakes,N Pradeep,0,0,,,,,,,,,
1140380,2018/19,2018-10-13,Rangiri Dambulla International Stadium,1,45.6,England,Sri Lanka,LA Dawson,CR Woakes,N Pradeep,4,0,,,,,,,,,
1140380,2018/19,2018-10-13,Rangiri Dambulla International Stadium,1,45.7,England,Sri Lanka,LA Dawson,CR Woakes,N Pradeep,0,0,,,,,,,,,
1140380,2018/19,2018-10-13,Rangiri Dambulla International Stadium,1,46.1,England,Sri Lanka,CR Woakes,LA Dawson,SL Malinga,0,0,,,,,,lbw,CR Woakes,,
1140380,2018/19,2018-10-13,Rangiri Dambulla International Stadium,1,46.2,England,Sri Lanka,AU Rashid,LA Dawson,SL Malinga,0,0,,,,,,,,,
1140380,2018/19,2018-10-13,Rangiri Dambulla International Stadium,1,46.3,England,Sri Lanka,AU Rashid,LA Dawson,SL Malinga,0,0,,,,,,,,,
1140380,2018/19,2018-10-13,Rangiri Dambulla International Stadium,1,46.4,England,Sri Lanka,AU Rashid,LA Dawson,SL Malinga,4,0,,,,,,,,,
1140380,2018/19,2018-10-13,Rangiri Dambulla International Stadium,1,46.5,England,Sri Lanka,AU Rashid,LA Dawson,SL Malinga,1,0,,,,,,,,,
1140380,2018/19,2018-10-13,Rangiri Dambulla International Stadium,1,46.6,England,Sri Lanka,LA Dawson,AU Rashid,SL Malinga,0,0,,,,,,bowled,LA Dawson,,
1140380,2018/19,2018-10-13,Rangiri Dambulla International Stadium,1,47.1,England,Sri Lanka,AU Rashid,OP Stone,N Pradeep,1,0,,,,,,,,,
1140380,2018/19,2018-10-13,Rangiri Dambulla International Stadium,1,47.2,England,Sri Lanka,OP Stone,AU Rashid,N Pradeep,1,0,,,,,,,,,
1140380,2018/19,2018-10-13,Rangiri Dambulla International Stadium,1,47.3,England,Sri Lanka,AU Rashid,OP Stone,N Pradeep,0,0,,,,,,,,,
1140380,2018/19,2018-10-13,Rangiri Dambulla International Stadium,1,47.4,England,Sri Lanka,AU Rashid,OP Stone,N Pradeep,1,0,,,,,,,,,
1140380,2018/19,2018-10-13,Rangiri Dambulla International Stadium,1,47.5,England,Sri Lanka,OP Stone,AU Rashid,N Pradeep,4,0,,,,,,,,,
1140380,2018/19,2018-10-13,Rangiri Dambulla International Stadium,1,47.6,England,Sri Lanka,OP Stone,AU Rashid,N Pradeep,2,0,,,,,,,,,
1140380,2018/19,2018-10-13,Rangiri Dambulla International Stadium,1,48.1,England,Sri Lanka,AU Rashid,OP Stone,SL Malinga,0,0,,,,,,,,,
1140380,2018/19,2018-10-13,Rangiri Dambulla International Stadium,1,48.2,England,Sri Lanka,AU Rashid,OP Stone,SL Malinga,1,0,,,,,,,,,
1140380,2018/19,2018-10-13,Rangiri Dambulla International Stadium,1,48.3,England,Sri Lanka,OP Stone,AU Rashid,SL Malinga,0,0,,,,,,,,,
1140380,2018/19,2018-10-13,Rangiri Dambulla International Stadium,1,48.4,England,Sri Lanka,OP Stone,AU Rashid,SL Malinga,1,0,,,,,,,,,
1140380,2018/19,2018-10-13,Rangiri Dambulla International Stadium,1,48.5,England,Sri Lanka,AU Rashid,OP Stone,SL Malinga,1,0,,,,,,,,,
1140380,2018/19,2018-10-13,Rangiri Dambulla International Stadium,1,48.6,England,Sri Lanka,OP Stone,AU Rashid,SL Malinga,0,1,,,,1,,,,,
1140380,2018/19,2018-10-13,Rangiri Dambulla International Stadium,1,49.1,England,Sri Lanka,OP Stone,AU Rashid,NLTC Perera,1,0,,,,,,,,,
1140380,2018/19,2018-10-13,Rangiri Dambulla International Stadium,1,49.2,England,Sri Lanka,AU Rashid,OP Stone,NLTC Perera,2,0,,,,,,,,,
1140380,2018/19,2018-10-13,Rangiri Dambulla International Stadium,1,49.3,England,Sri Lanka,AU Rashid,OP Stone,NLTC Perera,0,0,,,,,,,,,
1140380,2018/19,2018-10-13,Rangiri Dambulla International Stadium,1,49.4,England,Sri Lanka,AU Rashid,OP Stone,NLTC Perera,0,0,,,,,,,,,
1140380,2018/19,2018-10-13,Rangiri Dambulla International Stadium,1,49.5,England,Sri Lanka,AU Rashid,OP Stone,NLTC Perera,4,0,,,,,,,,,
1140380,2018/19,2018-10-13,Rangiri Dambulla International Stadium,1,49.6,England,Sri Lanka,AU Rashid,OP Stone,NLTC Perera,4,0,,,,,,,,,
1140380,2018/19,2018-10-13,Rangiri Dambulla International Stadium,2,0.1,Sri Lanka,England,N Dickwella,WU Tharanga,CR Woakes,0,0,,,,,,,,,
1140380,2018/19,2018-10-13,Rangiri Dambulla International Stadium,2,0.2,Sri Lanka,England,N Dickwella,WU Tharanga,CR Woakes,4,0,,,,,,,,,
1140380,2018/19,2018-10-13,Rangiri Dambulla International Stadium,2,0.3,Sri Lanka,England,N Dickwella,WU Tharanga,CR Woakes,4,0,,,,,,,,,
1140380,2018/19,2018-10-13,Rangiri Dambulla International Stadium,2,0.4,Sri Lanka,England,N Dickwella,WU Tharanga,CR Woakes,0,0,,,,,,,,,
1140380,2018/19,2018-10-13,Rangiri Dambulla International Stadium,2,0.5,Sri Lanka,England,N Dickwella,WU Tharanga,CR Woakes,1,0,,,,,,,,,
1140380,2018/19,2018-10-13,Rangiri Dambulla International Stadium,2,0.6,Sri Lanka,England,WU Tharanga,N Dickwella,CR Woakes,0,0,,,,,,caught,WU Tharanga,,
1140380,2018/19,2018-10-13,Rangiri Dambulla International Stadium,2,1.1,Sri Lanka,England,N Dickwella,LD Chandimal,OP Stone,0,0,,,,,,,,,
1140380,2018/19,2018-10-13,Rangiri Dambulla International Stadium,2,1.2,Sri Lanka,England,N Dickwella,LD Chandimal,OP Stone,0,1,1,,,,,,,,
1140380,2018/19,2018-10-13,Rangiri Dambulla International Stadium,2,1.3,Sri Lanka,England,N Dickwella,LD Chandimal,OP Stone,0,0,,,,,,,,,
1140380,2018/19,2018-10-13,Rangiri Dambulla International Stadium,2,1.4,Sri Lanka,England,N Dickwella,LD Chandimal,OP Stone,0,1,,,,1,,,,,
1140380,2018/19,2018-10-13,Rangiri Dambulla International Stadium,2,1.5,Sri Lanka,England,LD Chandimal,N Dickwella,OP Stone,0,0,,,,,,,,,
1140380,2018/19,2018-10-13,Rangiri Dambulla International Stadium,2,1.6,Sri Lanka,England,LD Chandimal,N Dickwella,OP Stone,0,0,,,,,,,,,
1140380,2018/19,2018-10-13,Rangiri Dambulla International Stadium,2,1.7,Sri Lanka,England,LD Chandimal,N Dickwella,OP Stone,0,1,,,,1,,,,,
1140380,2018/19,2018-10-13,Rangiri Dambulla International Stadium,2,2.1,Sri Lanka,England,LD Chandimal,N Dickwella,CR Woakes,0,0,,,,,,,,,
1140380,2018/19,2018-10-13,Rangiri Dambulla International Stadium,2,2.2,Sri Lanka,England,LD Chandimal,N Dickwella,CR Woakes,0,0,,,,,,,,,
1140380,2018/19,2018-10-13,Rangiri Dambulla International Stadium,2,2.3,Sri Lanka,England,LD Chandimal,N Dickwella,CR Woakes,0,0,,,,,,,,,
1140380,2018/19,2018-10-13,Rangiri Dambulla International Stadium,2,2.4,Sri Lanka,England,LD Chandimal,N Dickwella,CR Woakes,4,0,,,,,,,,,
1140380,2018/19,2018-10-13,Rangiri Dambulla International Stadium,2,2.5,Sri Lanka,England,LD Chandimal,N Dickwella,CR Woakes,0,0,,,,,,,,,
1140380,2018/19,2018-10-13,Rangiri Dambulla International Stadium,2,2.6,Sri Lanka,England,LD Chandimal,N Dickwella,CR Woakes,0,0,,,,,,,,,
1140380,2018/19,2018-10-13,Rangiri Dambulla International Stadium,2,3.1,Sri Lanka,England,N Dickwella,LD Chandimal,OP Stone,0,0,,,,,,caught,N Dickwella,,
1140380,2018/19,2018-10-13,Rangiri Dambulla International Stadium,2,3.2,Sri Lanka,England,MDKJ Perera,LD Chandimal,OP Stone,0,0,,,,,,,,,
1140380,2018/19,2018-10-13,Rangiri Dambulla International Stadium,2,3.3,Sri Lanka,England,MDKJ Perera,LD Chandimal,OP Stone,2,0,,,,,,,,,
1140380,2018/19,2018-10-13,Rangiri Dambulla International Stadium,2,3.4,Sri Lanka,England,MDKJ Perera,LD Chandimal,OP Stone,0,0,,,,,,,,,
1140380,2018/19,2018-10-13,Rangiri Dambulla International Stadium,2,3.5,Sri Lanka,England,MDKJ Perera,LD Chandimal,OP Stone,0,0,,,,,,,,,
1140380,2018/19,2018-10-13,Rangiri Dambulla International Stadium,2,3.6,Sri Lanka,England,MDKJ Perera,LD Chandimal,OP Stone,0,0,,,,,,,,,
1140380,2018/19,2018-10-13,Rangiri Dambulla International Stadium,2,4.1,Sri Lanka,England,LD Chandimal,MDKJ Perera,CR Woakes,2,0,,,,,,,,,
1140380,2018/19,2018-10-13,Rangiri Dambulla International Stadium,2,4.2,Sri Lanka,England,LD Chandimal,MDKJ Perera,CR Woakes,0,0,,,,,,,,,
1140380,2018/19,2018-10-13,Rangiri Dambulla International Stadium,2,4.3,Sri Lanka,England,LD Chandimal,MDKJ Perera,CR Woakes,0,0,,,,,,,,,
1140380,2018/19,2018-10-13,Rangiri Dambulla International Stadium,2,4.4,Sri Lanka,England,LD Chandimal,MDKJ Perera,CR Woakes,0,0,,,,,,bowled,LD Chandimal,,
1140380,2018/19,2018-10-13,Rangiri Dambulla International Stadium,2,4.5,Sri Lanka,England,MD Shanaka,MDKJ Perera,CR Woakes,4,0,,,,,,,,,
1140380,2018/19,2018-10-13,Rangiri Dambulla International Stadium,2,4.6,Sri Lanka,England,MD Shanaka,MDKJ Perera,CR Woakes,0,0,,,,,,,,,
1140380,2018/19,2018-10-13,Rangiri Dambulla International Stadium,2,5.1,Sri Lanka,England,MDKJ Perera,MD Shanaka,OP Stone,0,0,,,,,,,,,
1140380,2018/19,2018-10-13,Rangiri Dambulla International Stadium,2,5.2,Sri Lanka,England,MDKJ Perera,MD Shanaka,OP Stone,0,0,,,,,,,,,
1140380,2018/19,2018-10-13,Rangiri Dambulla International Stadium,2,5.3,Sri Lanka,England,MDKJ Perera,MD Shanaka,OP Stone,1,0,,,,,,,,,
1140380,2018/19,2018-10-13,Rangiri Dambulla International Stadium,2,5.4,Sri Lanka,England,MD Shanaka,MDKJ Perera,OP Stone,0,0,,,,,,,,,
1140380,2018/19,2018-10-13,Rangiri Dambulla International Stadium,2,5.5,Sri Lanka,England,MD Shanaka,MDKJ Perera,OP Stone,1,0,,,,,,,,,
1140380,2018/19,2018-10-13,Rangiri Dambulla International Stadium,2,5.6,Sri Lanka,England,MDKJ Perera,MD Shanaka,OP Stone,0,0,,,,,,,,,
1140380,2018/19,2018-10-13,Rangiri Dambulla International Stadium,2,6.1,Sri Lanka,England,MD Shanaka,MDKJ Perera,CR Woakes,0,0,,,,,,,,,
1140380,2018/19,2018-10-13,Rangiri Dambulla International Stadium,2,6.2,Sri Lanka,England,MD Shanaka,MDKJ Perera,CR Woakes,0,0,,,,,,,,,
1140380,2018/19,2018-10-13,Rangiri Dambulla International Stadium,2,6.3,Sri Lanka,England,MD Shanaka,MDKJ Perera,CR Woakes,0,1,1,,,,,,,,
1140380,2018/19,2018-10-13,Rangiri Dambulla International Stadium,2,6.4,Sri Lanka,England,MD Shanaka,MDKJ Perera,CR Woakes,0,0,,,,,,,,,
1140380,2018/19,2018-10-13,Rangiri Dambulla International Stadium,2,6.5,Sri Lanka,England,MD Shanaka,MDKJ Perera,CR Woakes,1,0,,,,,,,,,
1140380,2018/19,2018-10-13,Rangiri Dambulla International Stadium,2,6.6,Sri Lanka,England,MDKJ Perera,MD Shanaka,CR Woakes,0,0,,,,,,,,,
1140380,2018/19,2018-10-13,Rangiri Dambulla International Stadium,2,6.7,Sri Lanka,England,MDKJ Perera,MD Shanaka,CR Woakes,0,0,,,,,,,,,
1140380,2018/19,2018-10-13,Rangiri Dambulla International Stadium,2,7.1,Sri Lanka,England,MD Shanaka,MDKJ Perera,OP Stone,0,0,,,,,,,,,
1140380,2018/19,2018-10-13,Rangiri Dambulla International Stadium,2,7.2,Sri Lanka,England,MD Shanaka,MDKJ Perera,OP Stone,0,0,,,,,,,,,
1140380,2018/19,2018-10-13,Rangiri Dambulla International Stadium,2,7.3,Sri Lanka,England,MD Shanaka,MDKJ Perera,OP Stone,0,0,,,,,,,,,
1140380,2018/19,2018-10-13,Rangiri Dambulla International Stadium,2,7.4,Sri Lanka,England,MD Shanaka,MDKJ Perera,OP Stone,0,0,,,,,,,,,
1140380,2018/19,2018-10-13,Rangiri Dambulla International Stadium,2,7.5,Sri Lanka,England,MD Shanaka,MDKJ Perera,OP Stone,0,0,,,,,,,,,
1140380,2018/19,2018-10-13,Rangiri Dambulla International Stadium,2,7.6,Sri Lanka,England,MD Shanaka,MDKJ Perera,OP Stone,2,0,,,,,,,,,
1140380,2018/19,2018-10-13,Rangiri Dambulla International Stadium,2,8.1,Sri Lanka,England,MDKJ Perera,MD Shanaka,CR Woakes,0,0,,,,,,,,,
1140380,2018/19,2018-10-13,Rangiri Dambulla International Stadium,2,8.2,Sri Lanka,England,MDKJ Perera,MD Shanaka,CR Woakes,0,0,,,,,,,,,
1140380,2018/19,2018-10-13,Rangiri Dambulla International Stadium,2,8.3,Sri Lanka,England,MDKJ Perera,MD Shanaka,CR Woakes,0,0,,,,,,,,,
1140380,2018/19,2018-10-13,Rangiri Dambulla International Stadium,2,8.4,Sri Lanka,England,MDKJ Perera,MD Shanaka,CR Woakes,1,0,,,,,,,,,
1140380,2018/19,2018-10-13,Rangiri Dambulla International Stadium,2,8.5,Sri Lanka,England,MD Shanaka,MDKJ Perera,CR Woakes,0,0,,,,,,caught,MD Shanaka,,
1140380,2018/19,2018-10-13,Rangiri Dambulla International Stadium,2,8.6,Sri Lanka,England,DM de Silva,MDKJ Perera,CR Woakes,4,0,,,,,,,,,
1140380,2018/19,2018-10-13,Rangiri Dambulla International Stadium,2,9.1,Sri Lanka,England,MDKJ Perera,DM de Silva,LA Dawson,0,0,,,,,,,,,
1140380,2018/19,2018-10-13,Rangiri Dambulla International Stadium,2,9.2,Sri Lanka,England,MDKJ Perera,DM de Silva,LA Dawson,1,0,,,,,,,,,
1140380,2018/19,2018-10-13,Rangiri Dambulla International Stadium,2,9.3,Sri Lanka,England,DM de Silva,MDKJ Perera,LA Dawson,1,0,,,,,,,,,
1140380,2018/19,2018-10-13,Rangiri Dambulla International Stadium,2,9.4,Sri Lanka,England,MDKJ Perera,DM de Silva,LA Dawson,0,0,,,,,,,,,
1140380,2018/19,2018-10-13,Rangiri Dambulla International Stadium,2,9.5,Sri Lanka,England,MDKJ Perera,DM de Silva,LA Dawson,1,0,,,,,,,,,
1140380,2018/19,2018-10-13,Rangiri Dambulla International Stadium,2,9.6,Sri Lanka,England,DM de Silva,MDKJ Perera,LA Dawson,0,0,,,,,,,,,
1140380,2018/19,2018-10-13,Rangiri Dambulla International Stadium,2,10.1,Sri Lanka,England,MDKJ Perera,DM de Silva,MM Ali,4,0,,,,,,,,,
1140380,2018/19,2018-10-13,Rangiri Dambulla International Stadium,2,10.2,Sri Lanka,England,MDKJ Perera,DM de Silva,MM Ali,0,0,,,,,,,,,
1140380,2018/19,2018-10-13,Rangiri Dambulla International Stadium,2,10.3,Sri Lanka,England,MDKJ Perera,DM de Silva,MM Ali,0,0,,,,,,,,,
1140380,2018/19,2018-10-13,Rangiri Dambulla International Stadium,2,10.4,Sri Lanka,England,MDKJ Perera,DM de Silva,MM Ali,1,0,,,,,,,,,
1140380,2018/19,2018-10-13,Rangiri Dambulla International Stadium,2,10.5,Sri Lanka,England,DM de Silva,MDKJ Perera,MM Ali,0,0,,,,,,,,,
1140380,2018/19,2018-10-13,Rangiri Dambulla International Stadium,2,10.6,Sri Lanka,England,DM de Silva,MDKJ Perera,MM Ali,0,0,,,,,,,,,
1140380,2018/19,2018-10-13,Rangiri Dambulla International Stadium,2,11.1,Sri Lanka,England,MDKJ Perera,DM de Silva,LA Dawson,0,0,,,,,,,,,
1140380,2018/19,2018-10-13,Rangiri Dambulla International Stadium,2,11.2,Sri Lanka,England,MDKJ Perera,DM de Silva,LA Dawson,0,0,,,,,,,,,
1140380,2018/19,2018-10-13,Rangiri Dambulla International Stadium,2,11.3,Sri Lanka,England,MDKJ Perera,DM de Silva,LA Dawson,1,0,,,,,,,,,
1140380,2018/19,2018-10-13,Rangiri Dambulla International Stadium,2,11.4,Sri Lanka,England,DM de Silva,MDKJ Perera,LA Dawson,0,0,,,,,,,,,
1140380,2018/19,2018-10-13,Rangiri Dambulla International Stadium,2,11.5,Sri Lanka,England,DM de Silva,MDKJ Perera,LA Dawson,1,0,,,,,,,,,
1140380,2018/19,2018-10-13,Rangiri Dambulla International Stadium,2,11.6,Sri Lanka,England,MDKJ Perera,DM de Silva,LA Dawson,0,0,,,,,,,,,
1140380,2018/19,2018-10-13,Rangiri Dambulla International Stadium,2,12.1,Sri Lanka,England,DM de Silva,MDKJ Perera,MM Ali,0,0,,,,,,,,,
1140380,2018/19,2018-10-13,Rangiri Dambulla International Stadium,2,12.2,Sri Lanka,England,DM de Silva,MDKJ Perera,MM Ali,1,0,,,,,,,,,
1140380,2018/19,2018-10-13,Rangiri Dambulla International Stadium,2,12.3,Sri Lanka,England,MDKJ Perera,DM de Silva,MM Ali,4,0,,,,,,,,,
1140380,2018/19,2018-10-13,Rangiri Dambulla International Stadium,2,12.4,Sri Lanka,England,MDKJ Perera,DM de Silva,MM Ali,1,0,,,,,,,,,
1140380,2018/19,2018-10-13,Rangiri Dambulla International Stadium,2,12.5,Sri Lanka,England,DM de Silva,MDKJ Perera,MM Ali,0,0,,,,,,,,,
1140380,2018/19,2018-10-13,Rangiri Dambulla International Stadium,2,12.6,Sri Lanka,England,DM de Silva,MDKJ Perera,MM Ali,0,0,,,,,,,,,
1140380,2018/19,2018-10-13,Rangiri Dambulla International Stadium,2,13.1,Sri Lanka,England,MDKJ Perera,DM de Silva,LA Dawson,1,0,,,,,,,,,
1140380,2018/19,2018-10-13,Rangiri Dambulla International Stadium,2,13.2,Sri Lanka,England,DM de Silva,MDKJ Perera,LA Dawson,0,0,,,,,,,,,
1140380,2018/19,2018-10-13,Rangiri Dambulla International Stadium,2,13.3,Sri Lanka,England,DM de Silva,MDKJ Perera,LA Dawson,1,0,,,,,,,,,
1140380,2018/19,2018-10-13,Rangiri Dambulla International Stadium,2,13.4,Sri Lanka,England,MDKJ Perera,DM de Silva,LA Dawson,4,0,,,,,,,,,
1140380,2018/19,2018-10-13,Rangiri Dambulla International Stadium,2,13.5,Sri Lanka,England,MDKJ Perera,DM de Silva,LA Dawson,1,0,,,,,,,,,
1140380,2018/19,2018-10-13,Rangiri Dambulla International Stadium,2,13.6,Sri Lanka,England,DM de Silva,MDKJ Perera,LA Dawson,0,0,,,,,,,,,
1140380,2018/19,2018-10-13,Rangiri Dambulla International Stadium,2,14.1,Sri Lanka,England,MDKJ Perera,DM de Silva,MM Ali,2,0,,,,,,,,,
1140380,2018/19,2018-10-13,Rangiri Dambulla International Stadium,2,14.2,Sri Lanka,England,MDKJ Perera,DM de Silva,MM Ali,0,0,,,,,,,,,
1140380,2018/19,2018-10-13,Rangiri Dambulla International Stadium,2,14.3,Sri Lanka,England,MDKJ Perera,DM de Silva,MM Ali,4,0,,,,,,,,,
1140380,2018/19,2018-10-13,Rangiri Dambulla International Stadium,2,14.4,Sri Lanka,England,MDKJ Perera,DM de Silva,MM Ali,1,0,,,,,,,,,
1140380,2018/19,2018-10-13,Rangiri Dambulla International Stadium,2,14.5,Sri Lanka,England,DM de Silva,MDKJ Perera,MM Ali,0,1,1,,,,,,,,
1140380,2018/19,2018-10-13,Rangiri Dambulla International Stadium,2,14.6,Sri Lanka,England,DM de Silva,MDKJ Perera,MM Ali,0,0,,,,,,,,,
1140380,2018/19,2018-10-13,Rangiri Dambulla International Stadium,2,14.7,Sri Lanka,England,DM de Silva,MDKJ Perera,MM Ali,1,0,,,,,,,,,
1140380,2018/19,2018-10-13,Rangiri Dambulla International Stadium,2,15.1,Sri Lanka,England,DM de Silva,MDKJ Perera,LA Dawson,0,0,,,,,,,,,
1140380,2018/19,2018-10-13,Rangiri Dambulla International Stadium,2,15.2,Sri Lanka,England,DM de Silva,MDKJ Perera,LA Dawson,6,0,,,,,,,,,
1140380,2018/19,2018-10-13,Rangiri Dambulla International Stadium,2,15.3,Sri Lanka,England,DM de Silva,MDKJ Perera,LA Dawson,0,0,,,,,,,,,
1140380,2018/19,2018-10-13,Rangiri Dambulla International Stadium,2,15.4,Sri Lanka,England,DM de Silva,MDKJ Perera,LA Dawson,0,0,,,,,,,,,
1140380,2018/19,2018-10-13,Rangiri Dambulla International Stadium,2,15.5,Sri Lanka,England,DM de Silva,MDKJ Perera,LA Dawson,1,0,,,,,,,,,
1140380,2018/19,2018-10-13,Rangiri Dambulla International Stadium,2,15.6,Sri Lanka,England,MDKJ Perera,DM de Silva,LA Dawson,0,0,,,,,,caught,MDKJ Perera,,
1140380,2018/19,2018-10-13,Rangiri Dambulla International Stadium,2,16.1,Sri Lanka,England,DM de Silva,NLTC Perera,MM Ali,2,0,,,,,,,,,
1140380,2018/19,2018-10-13,Rangiri Dambulla International Stadium,2,16.2,Sri Lanka,England,DM de Silva,NLTC Perera,MM Ali,1,0,,,,,,,,,
1140380,2018/19,2018-10-13,Rangiri Dambulla International Stadium,2,16.3,Sri Lanka,England,NLTC Perera,DM de Silva,MM Ali,1,0,,,,,,,,,
1140380,2018/19,2018-10-13,Rangiri Dambulla International Stadium,2,16.4,Sri Lanka,England,DM de Silva,NLTC Perera,MM Ali,4,0,,,,,,,,,
1140380,2018/19,2018-10-13,Rangiri Dambulla International Stadium,2,16.5,Sri Lanka,England,DM de Silva,NLTC Perera,MM Ali,1,0,,,,,,,,,
1140380,2018/19,2018-10-13,Rangiri Dambulla International Stadium,2,16.6,Sri Lanka,England,NLTC Perera,DM de Silva,MM Ali,1,0,,,,,,,,,
1140380,2018/19,2018-10-13,Rangiri Dambulla International Stadium,2,17.1,Sri Lanka,England,NLTC Perera,DM de Silva,LA Dawson,0,0,,,,,,,,,
1140380,2018/19,2018-10-13,Rangiri Dambulla International Stadium,2,17.2,Sri Lanka,England,NLTC Perera,DM de Silva,LA Dawson,1,0,,,,,,,,,
1140380,2018/19,2018-10-13,Rangiri Dambulla International Stadium,2,17.3,Sri Lanka,England,DM de Silva,NLTC Perera,LA Dawson,0,0,,,,,,,,,
1140380,2018/19,2018-10-13,Rangiri Dambulla International Stadium,2,17.4,Sri Lanka,England,DM de Silva,NLTC Perera,LA Dawson,1,0,,,,,,,,,
1140380,2018/19,2018-10-13,Rangiri Dambulla International Stadium,2,17.5,Sri Lanka,England,NLTC Perera,DM de Silva,LA Dawson,0,0,,,,,,,,,
1140380,2018/19,2018-10-13,Rangiri Dambulla International Stadium,2,17.6,Sri Lanka,England,NLTC Perera,DM de Silva,LA Dawson,1,0,,,,,,,,,
1140380,2018/19,2018-10-13,Rangiri Dambulla International Stadium,2,18.1,Sri Lanka,England,NLTC Perera,DM de Silva,MM Ali,1,0,,,,,,,,,
1140380,2018/19,2018-10-13,Rangiri Dambulla International Stadium,2,18.2,Sri Lanka,England,DM de Silva,NLTC Perera,MM Ali,0,0,,,,,,,,,
1140380,2018/19,2018-10-13,Rangiri Dambulla International Stadium,2,18.3,Sri Lanka,England,DM de Silva,NLTC Perera,MM Ali,1,0,,,,,,,,,
1140380,2018/19,2018-10-13,Rangiri Dambulla International Stadium,2,18.4,Sri Lanka,England,NLTC Perera,DM de Silva,MM Ali,1,0,,,,,,,,,
1140380,2018/19,2018-10-13,Rangiri Dambulla International Stadium,2,18.5,Sri Lanka,England,DM de Silva,NLTC Perera,MM Ali,1,0,,,,,,,,,
1140380,2018/19,2018-10-13,Rangiri Dambulla International Stadium,2,18.6,Sri Lanka,England,NLTC Perera,DM de Silva,MM Ali,0,0,,,,,,,,,
1140380,2018/19,2018-10-13,Rangiri Dambulla International Stadium,2,19.1,Sri Lanka,England,DM de Silva,NLTC Perera,LA Dawson,1,0,,,,,,,,,
1140380,2018/19,2018-10-13,Rangiri Dambulla International Stadium,2,19.2,Sri Lanka,England,NLTC Perera,DM de Silva,LA Dawson,1,0,,,,,,,,,
1140380,2018/19,2018-10-13,Rangiri Dambulla International Stadium,2,19.3,Sri Lanka,England,DM de Silva,NLTC Perera,LA Dawson,1,0,,,,,,,,,
1140380,2018/19,2018-10-13,Rangiri Dambulla International Stadium,2,19.4,Sri Lanka,England,NLTC Perera,DM de Silva,LA Dawson,0,0,,,,,,,,,
1140380,2018/19,2018-10-13,Rangiri Dambulla International Stadium,2,19.5,Sri Lanka,England,NLTC Perera,DM de Silva,LA Dawson,1,0,,,,,,,,,
1140380,2018/19,2018-10-13,Rangiri Dambulla International Stadium,2,19.6,Sri Lanka,England,DM de Silva,NLTC Perera,LA Dawson,0,0,,,,,,,,,
1140380,2018/19,2018-10-13,Rangiri Dambulla International Stadium,2,20.1,Sri Lanka,England,NLTC Perera,DM de Silva,MM Ali,0,0,,,,,,,,,
1140380,2018/19,2018-10-13,Rangiri Dambulla International Stadium,2,20.2,Sri Lanka,England,NLTC Perera,DM de Silva,MM Ali,0,0,,,,,,,,,
1140380,2018/19,2018-10-13,Rangiri Dambulla International Stadium,2,20.3,Sri Lanka,England,NLTC Perera,DM de Silva,MM Ali,0,0,,,,,,,,,
1140380,2018/19,2018-10-13,Rangiri Dambulla International Stadium,2,20.4,Sri Lanka,England,NLTC Perera,DM de Silva,MM Ali,0,0,,,,,,,,,
1140380,2018/19,2018-10-13,Rangiri Dambulla International Stadium,2,20.5,Sri Lanka,England,NLTC Perera,DM de Silva,MM Ali,1,0,,,,,,,,,
1140380,2018/19,2018-10-13,Rangiri Dambulla International Stadium,2,20.6,Sri Lanka,England,DM de Silva,NLTC Perera,MM Ali,0,0,,,,,,,,,
1140380,2018/19,2018-10-13,Rangiri Dambulla International Stadium,2,21.1,Sri Lanka,England,NLTC Perera,DM de Silva,OP Stone,0,1,1,,,,,,,,
1140380,2018/19,2018-10-13,Rangiri Dambulla International Stadium,2,21.2,Sri Lanka,England,NLTC Perera,DM de Silva,OP Stone,0,0,,,,,,,,,
1140380,2018/19,2018-10-13,Rangiri Dambulla International Stadium,2,21.3,Sri Lanka,England,NLTC Perera,DM de Silva,OP Stone,0,0,,,,,,,,,
1140380,2018/19,2018-10-13,Rangiri Dambulla International Stadium,2,21.4,Sri Lanka,England,NLTC Perera,DM de Silva,OP Stone,2,0,,,,,,,,,
1140380,2018/19,2018-10-13,Rangiri Dambulla International Stadium,2,21.5,Sri Lanka,England,NLTC Perera,DM de Silva,OP Stone,4,0,,,,,,,,,
1140380,2018/19,2018-10-13,Rangiri Dambulla International Stadium,2,21.6,Sri Lanka,England,NLTC Perera,DM de Silva,OP Stone,1,0,,,,,,,,,
1140380,2018/19,2018-10-13,Rangiri Dambulla International Stadium,2,21.7,Sri Lanka,England,DM de Silva,NLTC Perera,OP Stone,0,0,,,,,,,,,
1140380,2018/19,2018-10-13,Rangiri Dambulla International Stadium,2,22.1,Sri Lanka,England,NLTC Perera,DM de Silva,MM Ali,1,0,,,,,,,,,
1140380,2018/19,2018-10-13,Rangiri Dambulla International Stadium,2,22.2,Sri Lanka,England,DM de Silva,NLTC Perera,MM Ali,1,0,,,,,,,,,
1140380,2018/19,2018-10-13,Rangiri Dambulla International Stadium,2,22.3,Sri Lanka,England,NLTC Perera,DM de Silva,MM Ali,1,0,,,,,,,,,
1140380,2018/19,2018-10-13,Rangiri Dambulla International Stadium,2,22.4,Sri Lanka,England,DM de Silva,NLTC Perera,MM Ali,0,0,,,,,,,,,
1140380,2018/19,2018-10-13,Rangiri Dambulla International Stadium,2,22.5,Sri Lanka,England,DM de Silva,NLTC Perera,MM Ali,1,0,,,,,,,,,
1140380,2018/19,2018-10-13,Rangiri Dambulla International Stadium,2,22.6,Sri Lanka,England,NLTC Perera,DM de Silva,MM Ali,0,0,,,,,,,,,
1140380,2018/19,2018-10-13,Rangiri Dambulla International Stadium,2,23.1,Sri Lanka,England,DM de Silva,NLTC Perera,OP Stone,1,0,,,,,,,,,
1140380,2018/19,2018-10-13,Rangiri Dambulla International Stadium,2,23.2,Sri Lanka,England,NLTC Perera,DM de Silva,OP Stone,0,0,,,,,,,,,
1140380,2018/19,2018-10-13,Rangiri Dambulla International Stadium,2,23.3,Sri Lanka,England,NLTC Perera,DM de Silva,OP Stone,6,0,,,,,,,,,
1140380,2018/19,2018-10-13,Rangiri Dambulla International Stadium,2,23.4,Sri Lanka,England,NLTC Perera,DM de Silva,OP Stone,0,0,,,,,,,,,
1140380,2018/19,2018-10-13,Rangiri Dambulla International Stadium,2,23.5,Sri Lanka,England,NLTC Perera,DM de Silva,OP Stone,1,0,,,,,,,,,
1140380,2018/19,2018-10-13,Rangiri Dambulla International Stadium,2,23.6,Sri Lanka,England,DM de Silva,NLTC Perera,OP Stone,0,0,,,,,,,,,
1140380,2018/19,2018-10-13,Rangiri Dambulla International Stadium,2,24.1,Sri Lanka,England,NLTC Perera,DM de Silva,MM Ali,0,0,,,,,,,,,
1140380,2018/19,2018-10-13,Rangiri Dambulla International Stadium,2,24.2,Sri Lanka,England,NLTC Perera,DM de Silva,MM Ali,0,0,,,,,,,,,
1140380,2018/19,2018-10-13,Rangiri Dambulla International Stadium,2,24.3,Sri Lanka,England,NLTC Perera,DM de Silva,MM Ali,0,0,,,,,,,,,
1140380,2018/19,2018-10-13,Rangiri Dambulla International Stadium,2,24.4,Sri Lanka,England,NLTC Perera,DM de Silva,MM Ali,1,0,,,,,,,,,
1140380,2018/19,2018-10-13,Rangiri Dambulla International Stadium,2,24.5,Sri Lanka,England,DM de Silva,NLTC Perera,MM Ali,0,1,,,1,,,,,,
1140380,2018/19,2018-10-13,Rangiri Dambulla International Stadium,2,24.6,Sri Lanka,England,NLTC Perera,DM de Silva,MM Ali,1,0,,,,,,,,,
1140380,2018/19,2018-10-13,Rangiri Dambulla International Stadium,2,25.1,Sri Lanka,England,NLTC Perera,DM de Silva,AU Rashid,6,0,,,,,,,,,
1140380,2018/19,2018-10-13,Rangiri Dambulla International Stadium,2,25.2,Sri Lanka,England,NLTC Perera,DM de Silva,AU Rashid,1,0,,,,,,,,,
1140380,2018/19,2018-10-13,Rangiri Dambulla International Stadium,2,25.3,Sri Lanka,England,DM de Silva,NLTC Perera,AU Rashid,1,0,,,,,,,,,
1140380,2018/19,2018-10-13,Rangiri Dambulla International Stadium,2,25.4,Sri Lanka,England,NLTC Perera,DM de Silva,AU Rashid,0,0,,,,,,,,,
1140380,2018/19,2018-10-13,Rangiri Dambulla International Stadium,2,25.5,Sri Lanka,England,NLTC Perera,DM de Silva,AU Rashid,6,0,,,,,,,,,
1140380,2018/19,2018-10-13,Rangiri Dambulla International Stadium,2,25.6,Sri Lanka,England,NLTC Perera,DM de Silva,AU Rashid,0,0,,,,,,,,,
1140380,2018/19,2018-10-13,Rangiri Dambulla International Stadium,2,26.1,Sri Lanka,England,DM de Silva,NLTC Perera,MM Ali,0,0,,,,,,,,,
1140380,2018/19,2018-10-13,Rangiri Dambulla International Stadium,2,26.2,Sri Lanka,England,DM de Silva,NLTC Perera,MM Ali,0,0,,,,,,,,,
1140380,2018/19,2018-10-13,Rangiri Dambulla International Stadium,2,26.3,Sri Lanka,England,DM de Silva,NLTC Perera,MM Ali,1,0,,,,,,,,,
1140380,2018/19,2018-10-13,Rangiri Dambulla International Stadium,2,26.4,Sri Lanka,England,NLTC Perera,DM de Silva,MM Ali,1,0,,,,,,,,,
1140380,2018/19,2018-10-13,Rangiri Dambulla International Stadium,2,26.5,Sri Lanka,England,DM de Silva,NLTC Perera,MM Ali,1,0,,,,,,,,,
1140380,2018/19,2018-10-13,Rangiri Dambulla International Stadium,2,26.6,Sri Lanka,England,NLTC Perera,DM de Silva,MM Ali,1,0,,,,,,,,,
1140380,2018/19,2018-10-13,Rangiri Dambulla International Stadium,2,27.1,Sri Lanka,England,NLTC Perera,DM de Silva,AU Rashid,0,0,,,,,,,,,
1140380,2018/19,2018-10-13,Rangiri Dambulla International Stadium,2,27.2,Sri Lanka,England,NLTC Perera,DM de Silva,AU Rashid,0,0,,,,,,,,,
1140380,2018/19,2018-10-13,Rangiri Dambulla International Stadium,2,27.3,Sri Lanka,England,NLTC Perera,DM de Silva,AU Rashid,0,0,,,,,,,,,
1140380,2018/19,2018-10-13,Rangiri Dambulla International Stadium,2,27.4,Sri Lanka,England,NLTC Perera,DM de Silva,AU Rashid,1,0,,,,,,,,,
1140380,2018/19,2018-10-13,Rangiri Dambulla International Stadium,2,27.5,Sri Lanka,England,DM de Silva,NLTC Perera,AU Rashid,0,0,,,,,,,,,
1140380,2018/19,2018-10-13,Rangiri Dambulla International Stadium,2,27.6,Sri Lanka,England,DM de Silva,NLTC Perera,AU Rashid,0,0,,,,,,,,,
1140380,2018/19,2018-10-13,Rangiri Dambulla International Stadium,2,28.1,Sri Lanka,England,NLTC Perera,DM de Silva,MM Ali,1,0,,,,,,,,,
1140380,2018/19,2018-10-13,Rangiri Dambulla International Stadium,2,28.2,Sri Lanka,England,DM de Silva,NLTC Perera,MM Ali,0,0,,,,,,,,,
1140380,2018/19,2018-10-13,Rangiri Dambulla International Stadium,2,28.3,Sri Lanka,England,DM de Silva,NLTC Perera,MM Ali,1,0,,,,,,,,,
1140380,2018/19,2018-10-13,Rangiri Dambulla International Stadium,2,28.4,Sri Lanka,England,NLTC Perera,DM de Silva,MM Ali,0,0,,,,,,,,,
1140380,2018/19,2018-10-13,Rangiri Dambulla International Stadium,2,28.5,Sri Lanka,England,NLTC Perera,DM de Silva,MM Ali,0,0,,,,,,,,,
1140380,2018/19,2018-10-13,Rangiri Dambulla International Stadium,2,28.6,Sri Lanka,England,NLTC Perera,DM de Silva,MM Ali,0,0,,,,,,,,,
