match_id,season,start_date,venue,innings,ball,batting_team,bowling_team,striker,non_striker,bowler,runs_off_bat,extras,wides,noballs,byes,legbyes,penalty,wicket_type,player_dismissed,other_wicket_type,other_player_dismissed
1142924,2018,2018-07-22,Queens Sports Club,1,0.1,Pakistan,Zimbabwe,Imam-ul-Haq,Fakhar Zaman,CB Mpofu,0,1,1,,,,,,,,
1142924,2018,2018-07-22,Queens Sports Club,1,0.2,Pakistan,Zimbabwe,Imam-ul-Haq,Fakhar Zaman,CB Mpofu,0,0,,,,,,,,,
1142924,2018,2018-07-22,Queens Sports Club,1,0.3,Pakistan,Zimbabwe,Imam-ul-Haq,Fakhar Zaman,CB Mpofu,0,1,,,,1,,,,,
1142924,2018,2018-07-22,Queens Sports Club,1,0.4,Pakistan,Zimbabwe,Fakhar Zaman,Imam-ul-Haq,CB Mpofu,0,0,,,,,,,,,
1142924,2018,2018-07-22,Queens Sports Club,1,0.5,Pakistan,Zimbabwe,Fakhar Zaman,Imam-ul-Haq,CB Mpofu,0,0,,,,,,,,,
1142924,2018,2018-07-22,Queens Sports Club,1,0.6,Pakistan,Zimbabwe,Fakhar Zaman,Imam-ul-Haq,CB Mpofu,0,0,,,,,,,,,
1142924,2018,2018-07-22,Queens Sports Club,1,0.7,Pakistan,Zimbabwe,Fakhar Zaman,Imam-ul-Haq,CB Mpofu,1,0,,,,,,,,,
1142924,2018,2018-07-22,Queens Sports Club,1,1.1,Pakistan,Zimbabwe,Fakhar Zaman,Imam-ul-Haq,TL Chatara,0,0,,,,,,,,,
1142924,2018,2018-07-22,Queens Sports Club,1,1.2,Pakistan,Zimbabwe,Fakhar Zaman,Imam-ul-Haq,TL Chatara,0,0,,,,,,,,,
1142924,2018,2018-07-22,Queens Sports Club,1,1.3,Pakistan,Zimbabwe,Fakhar Zaman,Imam-ul-Haq,TL Chatara,1,0,,,,,,,,,
1142924,2018,2018-07-22,Queens Sports Club,1,1.4,Pakistan,Zimbabwe,Imam-ul-Haq,Fakhar Zaman,TL Chatara,1,0,,,,,,,,,
1142924,2018,2018-07-22,Queens Sports Club,1,1.5,Pakistan,Zimbabwe,Fakhar Zaman,Imam-ul-Haq,TL Chatara,1,0,,,,,,,,,
1142924,2018,2018-07-22,Queens Sports Club,1,1.6,Pakistan,Zimbabwe,Imam-ul-Haq,Fakhar Zaman,TL Chatara,0,0,,,,,,,,,
1142924,2018,2018-07-22,Queens Sports Club,1,2.1,Pakistan,Zimbabwe,Fakhar Zaman,Imam-ul-Haq,CB Mpofu,2,0,,,,,,,,,
1142924,2018,2018-07-22,Queens Sports Club,1,2.2,Pakistan,Zimbabwe,Fakhar Zaman,Imam-ul-Haq,CB Mpofu,0,0,,,,,,,,,
1142924,2018,2018-07-22,Queens Sports Club,1,2.3,Pakistan,Zimbabwe,Fakhar Zaman,Imam-ul-Haq,CB Mpofu,0,0,,,,,,,,,
1142924,2018,2018-07-22,Queens Sports Club,1,2.4,Pakistan,Zimbabwe,Fakhar Zaman,Imam-ul-Haq,CB Mpofu,0,0,,,,,,,,,
1142924,2018,2018-07-22,Queens Sports Club,1,2.5,Pakistan,Zimbabwe,Fakhar Zaman,Imam-ul-Haq,CB Mpofu,0,0,,,,,,,,,
1142924,2018,2018-07-22,Queens Sports Club,1,2.6,Pakistan,Zimbabwe,Fakhar Zaman,Imam-ul-Haq,CB Mpofu,4,0,,,,,,,,,
1142924,2018,2018-07-22,Queens Sports Club,1,3.1,Pakistan,Zimbabwe,Imam-ul-Haq,Fakhar Zaman,TL Chatara,1,0,,,,,,,,,
1142924,2018,2018-07-22,Queens Sports Club,1,3.2,Pakistan,Zimbabwe,Fakhar Zaman,Imam-ul-Haq,TL Chatara,0,0,,,,,,,,,
1142924,2018,2018-07-22,Queens Sports Club,1,3.3,Pakistan,Zimbabwe,Fakhar Zaman,Imam-ul-Haq,TL Chatara,1,0,,,,,,,,,
1142924,2018,2018-07-22,Queens Sports Club,1,3.4,Pakistan,Zimbabwe,Imam-ul-Haq,Fakhar Zaman,TL Chatara,0,0,,,,,,,,,
1142924,2018,2018-07-22,Queens Sports Club,1,3.5,Pakistan,Zimbabwe,Imam-ul-Haq,Fakhar Zaman,TL Chatara,0,0,,,,,,,,,
1142924,2018,2018-07-22,Queens Sports Club,1,3.6,Pakistan,Zimbabwe,Imam-ul-Haq,Fakhar Zaman,TL Chatara,0,0,,,,,,,,,
1142924,2018,2018-07-22,Queens Sports Club,1,4.1,Pakistan,Zimbabwe,Fakhar Zaman,Imam-ul-Haq,CB Mpofu,0,0,,,,,,,,,
1142924,2018,2018-07-22,Queens Sports Club,1,4.2,Pakistan,Zimbabwe,Fakhar Zaman,Imam-ul-Haq,CB Mpofu,0,0,,,,,,,,,
1142924,2018,2018-07-22,Queens Sports Club,1,4.3,Pakistan,Zimbabwe,Fakhar Zaman,Imam-ul-Haq,CB Mpofu,4,0,,,,,,,,,
1142924,2018,2018-07-22,Queens Sports Club,1,4.4,Pakistan,Zimbabwe,Fakhar Zaman,Imam-ul-Haq,CB Mpofu,1,0,,,,,,,,,
1142924,2018,2018-07-22,Queens Sports Club,1,4.5,Pakistan,Zimbabwe,Imam-ul-Haq,Fakhar Zaman,CB Mpofu,2,0,,,,,,,,,
1142924,2018,2018-07-22,Queens Sports Club,1,4.6,Pakistan,Zimbabwe,Imam-ul-Haq,Fakhar Zaman,CB Mpofu,2,0,,,,,,,,,
1142924,2018,2018-07-22,Queens Sports Club,1,5.1,Pakistan,Zimbabwe,Fakhar Zaman,Imam-ul-Haq,TL Chatara,0,1,,1,,,,,,,
1142924,2018,2018-07-22,Queens Sports Club,1,5.2,Pakistan,Zimbabwe,Fakhar Zaman,Imam-ul-Haq,TL Chatara,0,0,,,,,,,,,
1142924,2018,2018-07-22,Queens Sports Club,1,5.3,Pakistan,Zimbabwe,Fakhar Zaman,Imam-ul-Haq,TL Chatara,0,0,,,,,,,,,
1142924,2018,2018-07-22,Queens Sports Club,1,5.4,Pakistan,Zimbabwe,Fakhar Zaman,Imam-ul-Haq,TL Chatara,2,0,,,,,,,,,
1142924,2018,2018-07-22,Queens Sports Club,1,5.5,Pakistan,Zimbabwe,Fakhar Zaman,Imam-ul-Haq,TL Chatara,0,0,,,,,,,,,
1142924,2018,2018-07-22,Queens Sports Club,1,5.6,Pakistan,Zimbabwe,Fakhar Zaman,Imam-ul-Haq,TL Chatara,0,0,,,,,,,,,
1142924,2018,2018-07-22,Queens Sports Club,1,5.7,Pakistan,Zimbabwe,Fakhar Zaman,Imam-ul-Haq,TL Chatara,4,0,,,,,,,,,
1142924,2018,2018-07-22,Queens Sports Club,1,6.1,Pakistan,Zimbabwe,Imam-ul-Haq,Fakhar Zaman,CB Mpofu,1,0,,,,,,,,,
1142924,2018,2018-07-22,Queens Sports Club,1,6.2,Pakistan,Zimbabwe,Fakhar Zaman,Imam-ul-Haq,CB Mpofu,0,0,,,,,,,,,
1142924,2018,2018-07-22,Queens Sports Club,1,6.3,Pakistan,Zimbabwe,Fakhar Zaman,Imam-ul-Haq,CB Mpofu,1,0,,,,,,,,,
1142924,2018,2018-07-22,Queens Sports Club,1,6.4,Pakistan,Zimbabwe,Imam-ul-Haq,Fakhar Zaman,CB Mpofu,0,0,,,,,,,,,
1142924,2018,2018-07-22,Queens Sports Club,1,6.5,Pakistan,Zimbabwe,Imam-ul-Haq,Fakhar Zaman,CB Mpofu,0,0,,,,,,,,,
1142924,2018,2018-07-22,Queens Sports Club,1,6.6,Pakistan,Zimbabwe,Imam-ul-Haq,Fakhar Zaman,CB Mpofu,1,0,,,,,,,,,
1142924,2018,2018-07-22,Queens Sports Club,1,7.1,Pakistan,Zimbabwe,Imam-ul-Haq,Fakhar Zaman,TL Chatara,4,0,,,,,,,,,
1142924,2018,2018-07-22,Queens Sports Club,1,7.2,Pakistan,Zimbabwe,Imam-ul-Haq,Fakhar Zaman,TL Chatara,0,0,,,,,,,,,
1142924,2018,2018-07-22,Queens Sports Club,1,7.3,Pakistan,Zimbabwe,Imam-ul-Haq,Fakhar Zaman,TL Chatara,4,0,,,,,,,,,
1142924,2018,2018-07-22,Queens Sports Club,1,7.4,Pakistan,Zimbabwe,Imam-ul-Haq,Fakhar Zaman,TL Chatara,0,0,,,,,,,,,
1142924,2018,2018-07-22,Queens Sports Club,1,7.5,Pakistan,Zimbabwe,Imam-ul-Haq,Fakhar Zaman,TL Chatara,2,0,,,,,,,,,
1142924,2018,2018-07-22,Queens Sports Club,1,7.6,Pakistan,Zimbabwe,Imam-ul-Haq,Fakhar Zaman,TL Chatara,0,0,,,,,,,,,
1142924,2018,2018-07-22,Queens Sports Club,1,8.1,Pakistan,Zimbabwe,Fakhar Zaman,Imam-ul-Haq,CB Mpofu,0,0,,,,,,,,,
1142924,2018,2018-07-22,Queens Sports Club,1,8.2,Pakistan,Zimbabwe,Fakhar Zaman,Imam-ul-Haq,CB Mpofu,0,0,,,,,,,,,
1142924,2018,2018-07-22,Queens Sports Club,1,8.3,Pakistan,Zimbabwe,Fakhar Zaman,Imam-ul-Haq,CB Mpofu,4,0,,,,,,,,,
1142924,2018,2018-07-22,Queens Sports Club,1,8.4,Pakistan,Zimbabwe,Fakhar Zaman,Imam-ul-Haq,CB Mpofu,1,0,,,,,,,,,
1142924,2018,2018-07-22,Queens Sports Club,1,8.5,Pakistan,Zimbabwe,Imam-ul-Haq,Fakhar Zaman,CB Mpofu,1,0,,,,,,,,,
1142924,2018,2018-07-22,Queens Sports Club,1,8.6,Pakistan,Zimbabwe,Fakhar Zaman,Imam-ul-Haq,CB Mpofu,2,0,,,,,,,,,
1142924,2018,2018-07-22,Queens Sports Club,1,9.1,Pakistan,Zimbabwe,Imam-ul-Haq,Fakhar Zaman,DT Tiripano,4,0,,,,,,,,,
1142924,2018,2018-07-22,Queens Sports Club,1,9.2,Pakistan,Zimbabwe,Imam-ul-Haq,Fakhar Zaman,DT Tiripano,4,0,,,,,,,,,
1142924,2018,2018-07-22,Queens Sports Club,1,9.3,Pakistan,Zimbabwe,Imam-ul-Haq,Fakhar Zaman,DT Tiripano,0,1,1,,,,,,,,
1142924,2018,2018-07-22,Queens Sports Club,1,9.4,Pakistan,Zimbabwe,Imam-ul-Haq,Fakhar Zaman,DT Tiripano,0,0,,,,,,,,,
1142924,2018,2018-07-22,Queens Sports Club,1,9.5,Pakistan,Zimbabwe,Imam-ul-Haq,Fakhar Zaman,DT Tiripano,4,0,,,,,,,,,
1142924,2018,2018-07-22,Queens Sports Club,1,9.6,Pakistan,Zimbabwe,Imam-ul-Haq,Fakhar Zaman,DT Tiripano,0,0,,,,,,,,,
1142924,2018,2018-07-22,Queens Sports Club,1,9.7,Pakistan,Zimbabwe,Imam-ul-Haq,Fakhar Zaman,DT Tiripano,4,0,,,,,,,,,
1142924,2018,2018-07-22,Queens Sports Club,1,10.1,Pakistan,Zimbabwe,Fakhar Zaman,Imam-ul-Haq,LN Roche,0,0,,,,,,,,,
1142924,2018,2018-07-22,Queens Sports Club,1,10.2,Pakistan,Zimbabwe,Fakhar Zaman,Imam-ul-Haq,LN Roche,0,0,,,,,,,,,
1142924,2018,2018-07-22,Queens Sports Club,1,10.3,Pakistan,Zimbabwe,Fakhar Zaman,Imam-ul-Haq,LN Roche,0,0,,,,,,,,,
1142924,2018,2018-07-22,Queens Sports Club,1,10.4,Pakistan,Zimbabwe,Fakhar Zaman,Imam-ul-Haq,LN Roche,0,0,,,,,,,,,
1142924,2018,2018-07-22,Queens Sports Club,1,10.5,Pakistan,Zimbabwe,Fakhar Zaman,Imam-ul-Haq,LN Roche,0,0,,,,,,,,,
1142924,2018,2018-07-22,Queens Sports Club,1,10.6,Pakistan,Zimbabwe,Fakhar Zaman,Imam-ul-Haq,LN Roche,0,0,,,,,,,,,
1142924,2018,2018-07-22,Queens Sports Club,1,11.1,Pakistan,Zimbabwe,Imam-ul-Haq,Fakhar Zaman,DT Tiripano,0,0,,,,,,,,,
1142924,2018,2018-07-22,Queens Sports Club,1,11.2,Pakistan,Zimbabwe,Imam-ul-Haq,Fakhar Zaman,DT Tiripano,1,0,,,,,,,,,
1142924,2018,2018-07-22,Queens Sports Club,1,11.3,Pakistan,Zimbabwe,Fakhar Zaman,Imam-ul-Haq,DT Tiripano,0,0,,,,,,,,,
1142924,2018,2018-07-22,Queens Sports Club,1,11.4,Pakistan,Zimbabwe,Fakhar Zaman,Imam-ul-Haq,DT Tiripano,0,0,,,,,,,,,
1142924,2018,2018-07-22,Queens Sports Club,1,11.5,Pakistan,Zimbabwe,Fakhar Zaman,Imam-ul-Haq,DT Tiripano,2,0,,,,,,,,,
1142924,2018,2018-07-22,Queens Sports Club,1,11.6,Pakistan,Zimbabwe,Fakhar Zaman,Imam-ul-Haq,DT Tiripano,1,0,,,,,,,,,
1142924,2018,2018-07-22,Queens Sports Club,1,12.1,Pakistan,Zimbabwe,Fakhar Zaman,Imam-ul-Haq,LN Roche,1,0,,,,,,,,,
1142924,2018,2018-07-22,Queens Sports Club,1,12.2,Pakistan,Zimbabwe,Imam-ul-Haq,Fakhar Zaman,LN Roche,0,0,,,,,,,,,
1142924,2018,2018-07-22,Queens Sports Club,1,12.3,Pakistan,Zimbabwe,Imam-ul-Haq,Fakhar Zaman,LN Roche,1,0,,,,,,,,,
1142924,2018,2018-07-22,Queens Sports Club,1,12.4,Pakistan,Zimbabwe,Fakhar Zaman,Imam-ul-Haq,LN Roche,1,0,,,,,,,,,
1142924,2018,2018-07-22,Queens Sports Club,1,12.5,Pakistan,Zimbabwe,Imam-ul-Haq,Fakhar Zaman,LN Roche,2,0,,,,,,,,,
1142924,2018,2018-07-22,Queens Sports Club,1,12.6,Pakistan,Zimbabwe,Imam-ul-Haq,Fakhar Zaman,LN Roche,1,0,,,,,,,,,
1142924,2018,2018-07-22,Queens Sports Club,1,13.1,Pakistan,Zimbabwe,Imam-ul-Haq,Fakhar Zaman,DT Tiripano,0,0,,,,,,,,,
1142924,2018,2018-07-22,Queens Sports Club,1,13.2,Pakistan,Zimbabwe,Imam-ul-Haq,Fakhar Zaman,DT Tiripano,0,0,,,,,,,,,
1142924,2018,2018-07-22,Queens Sports Club,1,13.3,Pakistan,Zimbabwe,Imam-ul-Haq,Fakhar Zaman,DT Tiripano,1,0,,,,,,,,,
1142924,2018,2018-07-22,Queens Sports Club,1,13.4,Pakistan,Zimbabwe,Fakhar Zaman,Imam-ul-Haq,DT Tiripano,0,1,1,,,,,,,,
1142924,2018,2018-07-22,Queens Sports Club,1,13.5,Pakistan,Zimbabwe,Fakhar Zaman,Imam-ul-Haq,DT Tiripano,0,0,,,,,,,,,
1142924,2018,2018-07-22,Queens Sports Club,1,13.6,Pakistan,Zimbabwe,Fakhar Zaman,Imam-ul-Haq,DT Tiripano,2,0,,,,,,,,,
1142924,2018,2018-07-22,Queens Sports Club,1,13.7,Pakistan,Zimbabwe,Fakhar Zaman,Imam-ul-Haq,DT Tiripano,1,0,,,,,,,,,
1142924,2018,2018-07-22,Queens Sports Club,1,14.1,Pakistan,Zimbabwe,Fakhar Zaman,Imam-ul-Haq,LN Roche,0,0,,,,,,,,,
1142924,2018,2018-07-22,Queens Sports Club,1,14.2,Pakistan,Zimbabwe,Fakhar Zaman,Imam-ul-Haq,LN Roche,4,0,,,,,,,,,
1142924,2018,2018-07-22,Queens Sports Club,1,14.3,Pakistan,Zimbabwe,Fakhar Zaman,Imam-ul-Haq,LN Roche,1,0,,,,,,,,,
1142924,2018,2018-07-22,Queens Sports Club,1,14.4,Pakistan,Zimbabwe,Imam-ul-Haq,Fakhar Zaman,LN Roche,0,0,,,,,,,,,
1142924,2018,2018-07-22,Queens Sports Club,1,14.5,Pakistan,Zimbabwe,Imam-ul-Haq,Fakhar Zaman,LN Roche,0,0,,,,,,,,,
1142924,2018,2018-07-22,Queens Sports Club,1,14.6,Pakistan,Zimbabwe,Imam-ul-Haq,Fakhar Zaman,LN Roche,4,0,,,,,,,,,
1142924,2018,2018-07-22,Queens Sports Club,1,15.1,Pakistan,Zimbabwe,Fakhar Zaman,Imam-ul-Haq,WP Masakadza,1,0,,,,,,,,,
1142924,2018,2018-07-22,Queens Sports Club,1,15.2,Pakistan,Zimbabwe,Imam-ul-Haq,Fakhar Zaman,WP Masakadza,1,0,,,,,,,,,
1142924,2018,2018-07-22,Queens Sports Club,1,15.3,Pakistan,Zimbabwe,Fakhar Zaman,Imam-ul-Haq,WP Masakadza,0,0,,,,,,,,,
1142924,2018,2018-07-22,Queens Sports Club,1,15.4,Pakistan,Zimbabwe,Fakhar Zaman,Imam-ul-Haq,WP Masakadza,0,0,,,,,,,,,
1142924,2018,2018-07-22,Queens Sports Club,1,15.5,Pakistan,Zimbabwe,Fakhar Zaman,Imam-ul-Haq,WP Masakadza,1,0,,,,,,,,,
1142924,2018,2018-07-22,Queens Sports Club,1,15.6,Pakistan,Zimbabwe,Imam-ul-Haq,Fakhar Zaman,WP Masakadza,2,0,,,,,,,,,
1142924,2018,2018-07-22,Queens Sports Club,1,16.1,Pakistan,Zimbabwe,Fakhar Zaman,Imam-ul-Haq,LN Roche,1,0,,,,,,,,,
1142924,2018,2018-07-22,Queens Sports Club,1,16.2,Pakistan,Zimbabwe,Imam-ul-Haq,Fakhar Zaman,LN Roche,0,5,5,,,,,,,,
1142924,2018,2018-07-22,Queens Sports Club,1,16.3,Pakistan,Zimbabwe,Imam-ul-Haq,Fakhar Zaman,LN Roche,0,0,,,,,,,,,
1142924,2018,2018-07-22,Queens Sports Club,1,16.4,Pakistan,Zimbabwe,Imam-ul-Haq,Fakhar Zaman,LN Roche,1,0,,,,,,,,,
1142924,2018,2018-07-22,Queens Sports Club,1,16.5,Pakistan,Zimbabwe,Fakhar Zaman,Imam-ul-Haq,LN Roche,1,0,,,,,,,,,
1142924,2018,2018-07-22,Queens Sports Club,1,16.6,Pakistan,Zimbabwe,Imam-ul-Haq,Fakhar Zaman,LN Roche,0,0,,,,,,,,,
1142924,2018,2018-07-22,Queens Sports Club,1,16.7,Pakistan,Zimbabwe,Imam-ul-Haq,Fakhar Zaman,LN Roche,2,0,,,,,,,,,
1142924,2018,2018-07-22,Queens Sports Club,1,17.1,Pakistan,Zimbabwe,Fakhar Zaman,Imam-ul-Haq,WP Masakadza,1,0,,,,,,,,,
1142924,2018,2018-07-22,Queens Sports Club,1,17.2,Pakistan,Zimbabwe,Imam-ul-Haq,Fakhar Zaman,WP Masakadza,1,0,,,,,,,,,
1142924,2018,2018-07-22,Queens Sports Club,1,17.3,Pakistan,Zimbabwe,Fakhar Zaman,Imam-ul-Haq,WP Masakadza,0,0,,,,,,,,,
1142924,2018,2018-07-22,Queens Sports Club,1,17.4,Pakistan,Zimbabwe,Fakhar Zaman,Imam-ul-Haq,WP Masakadza,1,0,,,,,,,,,
1142924,2018,2018-07-22,Queens Sports Club,1,17.5,Pakistan,Zimbabwe,Imam-ul-Haq,Fakhar Zaman,WP Masakadza,1,0,,,,,,,,,
1142924,2018,2018-07-22,Queens Sports Club,1,17.6,Pakistan,Zimbabwe,Fakhar Zaman,Imam-ul-Haq,WP Masakadza,4,0,,,,,,,,,
1142924,2018,2018-07-22,Queens Sports Club,1,18.1,Pakistan,Zimbabwe,Imam-ul-Haq,Fakhar Zaman,PS Masvaure,0,1,1,,,,,,,,
1142924,2018,2018-07-22,Queens Sports Club,1,18.2,Pakistan,Zimbabwe,Imam-ul-Haq,Fakhar Zaman,PS Masvaure,1,0,,,,,,,,,
1142924,2018,2018-07-22,Queens Sports Club,1,18.3,Pakistan,Zimbabwe,Fakhar Zaman,Imam-ul-Haq,PS Masvaure,1,0,,,,,,,,,
1142924,2018,2018-07-22,Queens Sports Club,1,18.4,Pakistan,Zimbabwe,Imam-ul-Haq,Fakhar Zaman,PS Masvaure,0,0,,,,,,,,,
1142924,2018,2018-07-22,Queens Sports Club,1,18.5,Pakistan,Zimbabwe,Imam-ul-Haq,Fakhar Zaman,PS Masvaure,2,0,,,,,,,,,
1142924,2018,2018-07-22,Queens Sports Club,1,18.6,Pakistan,Zimbabwe,Imam-ul-Haq,Fakhar Zaman,PS Masvaure,0,0,,,,,,,,,
1142924,2018,2018-07-22,Queens Sports Club,1,18.7,Pakistan,Zimbabwe,Imam-ul-Haq,Fakhar Zaman,PS Masvaure,1,0,,,,,,,,,
1142924,2018,2018-07-22,Queens Sports Club,1,19.1,Pakistan,Zimbabwe,Imam-ul-Haq,Fakhar Zaman,WP Masakadza,0,0,,,,,,,,,
1142924,2018,2018-07-22,Queens Sports Club,1,19.2,Pakistan,Zimbabwe,Imam-ul-Haq,Fakhar Zaman,WP Masakadza,1,0,,,,,,,,,
1142924,2018,2018-07-22,Queens Sports Club,1,19.3,Pakistan,Zimbabwe,Fakhar Zaman,Imam-ul-Haq,WP Masakadza,1,0,,,,,,,,,
1142924,2018,2018-07-22,Queens Sports Club,1,19.4,Pakistan,Zimbabwe,Imam-ul-Haq,Fakhar Zaman,WP Masakadza,0,3,3,,,,,,,,
1142924,2018,2018-07-22,Queens Sports Club,1,19.5,Pakistan,Zimbabwe,Imam-ul-Haq,Fakhar Zaman,WP Masakadza,0,0,,,,,,,,,
1142924,2018,2018-07-22,Queens Sports Club,1,19.6,Pakistan,Zimbabwe,Imam-ul-Haq,Fakhar Zaman,WP Masakadza,0,0,,,,,,,,,
1142924,2018,2018-07-22,Queens Sports Club,1,19.7,Pakistan,Zimbabwe,Imam-ul-Haq,Fakhar Zaman,WP Masakadza,1,0,,,,,,,,,
1142924,2018,2018-07-22,Queens Sports Club,1,20.1,Pakistan,Zimbabwe,Imam-ul-Haq,Fakhar Zaman,PS Masvaure,1,0,,,,,,,,,
1142924,2018,2018-07-22,Queens Sports Club,1,20.2,Pakistan,Zimbabwe,Fakhar Zaman,Imam-ul-Haq,PS Masvaure,1,0,,,,,,,,,
1142924,2018,2018-07-22,Queens Sports Club,1,20.3,Pakistan,Zimbabwe,Imam-ul-Haq,Fakhar Zaman,PS Masvaure,1,0,,,,,,,,,
1142924,2018,2018-07-22,Queens Sports Club,1,20.4,Pakistan,Zimbabwe,Fakhar Zaman,Imam-ul-Haq,PS Masvaure,1,0,,,,,,,,,
1142924,2018,2018-07-22,Queens Sports Club,1,20.5,Pakistan,Zimbabwe,Imam-ul-Haq,Fakhar Zaman,PS Masvaure,1,0,,,,,,,,,
1142924,2018,2018-07-22,Queens Sports Club,1,20.6,Pakistan,Zimbabwe,Fakhar Zaman,Imam-ul-Haq,PS Masvaure,4,0,,,,,,,,,
1142924,2018,2018-07-22,Queens Sports Club,1,21.1,Pakistan,Zimbabwe,Imam-ul-Haq,Fakhar Zaman,WP Masakadza,2,0,,,,,,,,,
1142924,2018,2018-07-22,Queens Sports Club,1,21.2,Pakistan,Zimbabwe,Imam-ul-Haq,Fakhar Zaman,WP Masakadza,0,0,,,,,,,,,
1142924,2018,2018-07-22,Queens Sports Club,1,21.3,Pakistan,Zimbabwe,Imam-ul-Haq,Fakhar Zaman,WP Masakadza,1,0,,,,,,,,,
1142924,2018,2018-07-22,Queens Sports Club,1,21.4,Pakistan,Zimbabwe,Fakhar Zaman,Imam-ul-Haq,WP Masakadza,2,0,,,,,,,,,
1142924,2018,2018-07-22,Queens Sports Club,1,21.5,Pakistan,Zimbabwe,Fakhar Zaman,Imam-ul-Haq,WP Masakadza,1,0,,,,,,,,,
1142924,2018,2018-07-22,Queens Sports Club,1,21.6,Pakistan,Zimbabwe,Imam-ul-Haq,Fakhar Zaman,WP Masakadza,1,0,,,,,,,,,
1142924,2018,2018-07-22,Queens Sports Club,1,22.1,Pakistan,Zimbabwe,Imam-ul-Haq,Fakhar Zaman,PS Masvaure,0,0,,,,,,,,,
1142924,2018,2018-07-22,Queens Sports Club,1,22.2,Pakistan,Zimbabwe,Imam-ul-Haq,Fakhar Zaman,PS Masvaure,1,0,,,,,,,,,
1142924,2018,2018-07-22,Queens Sports Club,1,22.3,Pakistan,Zimbabwe,Fakhar Zaman,Imam-ul-Haq,PS Masvaure,1,0,,,,,,,,,
1142924,2018,2018-07-22,Queens Sports Club,1,22.4,Pakistan,Zimbabwe,Imam-ul-Haq,Fakhar Zaman,PS Masvaure,1,0,,,,,,,,,
1142924,2018,2018-07-22,Queens Sports Club,1,22.5,Pakistan,Zimbabwe,Fakhar Zaman,Imam-ul-Haq,PS Masvaure,0,0,,,,,,,,,
1142924,2018,2018-07-22,Queens Sports Club,1,22.6,Pakistan,Zimbabwe,Fakhar Zaman,Imam-ul-Haq,PS Masvaure,1,0,,,,,,,,,
1142924,2018,2018-07-22,Queens Sports Club,1,23.1,Pakistan,Zimbabwe,Fakhar Zaman,Imam-ul-Haq,DT Tiripano,0,0,,,,,,,,,
1142924,2018,2018-07-22,Queens Sports Club,1,23.2,Pakistan,Zimbabwe,Fakhar Zaman,Imam-ul-Haq,DT Tiripano,6,0,,,,,,,,,
1142924,2018,2018-07-22,Queens Sports Club,1,23.3,Pakistan,Zimbabwe,Fakhar Zaman,Imam-ul-Haq,DT Tiripano,4,0,,,,,,,,,
1142924,2018,2018-07-22,Queens Sports Club,1,23.4,Pakistan,Zimbabwe,Fakhar Zaman,Imam-ul-Haq,DT Tiripano,0,0,,,,,,,,,
1142924,2018,2018-07-22,Queens Sports Club,1,23.5,Pakistan,Zimbabwe,Fakhar Zaman,Imam-ul-Haq,DT Tiripano,0,0,,,,,,,,,
1142924,2018,2018-07-22,Queens Sports Club,1,23.6,Pakistan,Zimbabwe,Fakhar Zaman,Imam-ul-Haq,DT Tiripano,0,0,,,,,,,,,
1142924,2018,2018-07-22,Queens Sports Club,1,24.1,Pakistan,Zimbabwe,Imam-ul-Haq,Fakhar Zaman,LN Roche,1,0,,,,,,,,,
1142924,2018,2018-07-22,Queens Sports Club,1,24.2,Pakistan,Zimbabwe,Fakhar Zaman,Imam-ul-Haq,LN Roche,0,0,,,,,,,,,
1142924,2018,2018-07-22,Queens Sports Club,1,24.3,Pakistan,Zimbabwe,Fakhar Zaman,Imam-ul-Haq,LN Roche,4,0,,,,,,,,,
1142924,2018,2018-07-22,Queens Sports Club,1,24.4,Pakistan,Zimbabwe,Fakhar Zaman,Imam-ul-Haq,LN Roche,4,0,,,,,,,,,
1142924,2018,2018-07-22,Queens Sports Club,1,24.5,Pakistan,Zimbabwe,Fakhar Zaman,Imam-ul-Haq,LN Roche,2,0,,,,,,,,,
1142924,2018,2018-07-22,Queens Sports Club,1,24.6,Pakistan,Zimbabwe,Fakhar Zaman,Imam-ul-Haq,LN Roche,0,0,,,,,,caught,Fakhar Zaman,,
1142924,2018,2018-07-22,Queens Sports Club,1,25.1,Pakistan,Zimbabwe,Imam-ul-Haq,Babar Azam,DT Tiripano,1,0,,,,,,,,,
1142924,2018,2018-07-22,Queens Sports Club,1,25.2,Pakistan,Zimbabwe,Babar Azam,Imam-ul-Haq,DT Tiripano,0,0,,,,,,,,,
1142924,2018,2018-07-22,Queens Sports Club,1,25.3,Pakistan,Zimbabwe,Babar Azam,Imam-ul-Haq,DT Tiripano,1,0,,,,,,,,,
1142924,2018,2018-07-22,Queens Sports Club,1,25.4,Pakistan,Zimbabwe,Imam-ul-Haq,Babar Azam,DT Tiripano,2,0,,,,,,,,,
1142924,2018,2018-07-22,Queens Sports Club,1,25.5,Pakistan,Zimbabwe,Imam-ul-Haq,Babar Azam,DT Tiripano,2,0,,,,,,,,,
1142924,2018,2018-07-22,Queens Sports Club,1,25.6,Pakistan,Zimbabwe,Imam-ul-Haq,Babar Azam,DT Tiripano,1,0,,,,,,,,,
1142924,2018,2018-07-22,Queens Sports Club,1,26.1,Pakistan,Zimbabwe,Imam-ul-Haq,Babar Azam,LN Roche,1,0,,,,,,,,,
1142924,2018,2018-07-22,Queens Sports Club,1,26.2,Pakistan,Zimbabwe,Babar Azam,Imam-ul-Haq,LN Roche,1,0,,,,,,,,,
1142924,2018,2018-07-22,Queens Sports Club,1,26.3,Pakistan,Zimbabwe,Imam-ul-Haq,Babar Azam,LN Roche,0,0,,,,,,,,,
1142924,2018,2018-07-22,Queens Sports Club,1,26.4,Pakistan,Zimbabwe,Imam-ul-Haq,Babar Azam,LN Roche,0,0,,,,,,,,,
1142924,2018,2018-07-22,Queens Sports Club,1,26.5,Pakistan,Zimbabwe,Imam-ul-Haq,Babar Azam,LN Roche,1,0,,,,,,,,,
1142924,2018,2018-07-22,Queens Sports Club,1,26.6,Pakistan,Zimbabwe,Babar Azam,Imam-ul-Haq,LN Roche,0,1,1,,,,,,,,
1142924,2018,2018-07-22,Queens Sports Club,1,26.7,Pakistan,Zimbabwe,Babar Azam,Imam-ul-Haq,LN Roche,0,0,,,,,,,,,
1142924,2018,2018-07-22,Queens Sports Club,1,27.1,Pakistan,Zimbabwe,Imam-ul-Haq,Babar Azam,WP Masakadza,1,0,,,,,,,,,
1142924,2018,2018-07-22,Queens Sports Club,1,27.2,Pakistan,Zimbabwe,Babar Azam,Imam-ul-Haq,WP Masakadza,0,0,,,,,,,,,
1142924,2018,2018-07-22,Queens Sports Club,1,27.3,Pakistan,Zimbabwe,Babar Azam,Imam-ul-Haq,WP Masakadza,0,0,,,,,,,,,
1142924,2018,2018-07-22,Queens Sports Club,1,27.4,Pakistan,Zimbabwe,Babar Azam,Imam-ul-Haq,WP Masakadza,0,0,,,,,,,,,
1142924,2018,2018-07-22,Queens Sports Club,1,27.5,Pakistan,Zimbabwe,Babar Azam,Imam-ul-Haq,WP Masakadza,1,0,,,,,,,,,
1142924,2018,2018-07-22,Queens Sports Club,1,27.6,Pakistan,Zimbabwe,Imam-ul-Haq,Babar Azam,WP Masakadza,1,0,,,,,,,,,
1142924,2018,2018-07-22,Queens Sports Club,1,28.1,Pakistan,Zimbabwe,Imam-ul-Haq,Babar Azam,LN Roche,1,0,,,,,,,,,
1142924,2018,2018-07-22,Queens Sports Club,1,28.2,Pakistan,Zimbabwe,Babar Azam,Imam-ul-Haq,LN Roche,1,0,,,,,,,,,
1142924,2018,2018-07-22,Queens Sports Club,1,28.3,Pakistan,Zimbabwe,Imam-ul-Haq,Babar Azam,LN Roche,0,0,,,,,,,,,
1142924,2018,2018-07-22,Queens Sports Club,1,28.4,Pakistan,Zimbabwe,Imam-ul-Haq,Babar Azam,LN Roche,1,0,,,,,,,,,
1142924,2018,2018-07-22,Queens Sports Club,1,28.5,Pakistan,Zimbabwe,Babar Azam,Imam-ul-Haq,LN Roche,0,0,,,,,,,,,
1142924,2018,2018-07-22,Queens Sports Club,1,28.6,Pakistan,Zimbabwe,Babar Azam,Imam-ul-Haq,LN Roche,0,0,,,,,,,,,
1142924,2018,2018-07-22,Queens Sports Club,1,29.1,Pakistan,Zimbabwe,Imam-ul-Haq,Babar Azam,WP Masakadza,0,0,,,,,,,,,
1142924,2018,2018-07-22,Queens Sports Club,1,29.2,Pakistan,Zimbabwe,Imam-ul-Haq,Babar Azam,WP Masakadza,1,0,,,,,,,,,
1142924,2018,2018-07-22,Queens Sports Club,1,29.3,Pakistan,Zimbabwe,Babar Azam,Imam-ul-Haq,WP Masakadza,0,0,,,,,,,,,
1142924,2018,2018-07-22,Queens Sports Club,1,29.4,Pakistan,Zimbabwe,Babar Azam,Imam-ul-Haq,WP Masakadza,1,0,,,,,,,,,
1142924,2018,2018-07-22,Queens Sports Club,1,29.5,Pakistan,Zimbabwe,Imam-ul-Haq,Babar Azam,WP Masakadza,1,0,,,,,,,,,
1142924,2018,2018-07-22,Queens Sports Club,1,29.6,Pakistan,Zimbabwe,Babar Azam,Imam-ul-Haq,WP Masakadza,2,0,,,,,,,,,
1142924,2018,2018-07-22,Queens Sports Club,1,30.1,Pakistan,Zimbabwe,Imam-ul-Haq,Babar Azam,LN Roche,2,0,,,,,,,,,
1142924,2018,2018-07-22,Queens Sports Club,1,30.2,Pakistan,Zimbabwe,Imam-ul-Haq,Babar Azam,LN Roche,1,0,,,,,,,,,
1142924,2018,2018-07-22,Queens Sports Club,1,30.3,Pakistan,Zimbabwe,Babar Azam,Imam-ul-Haq,LN Roche,1,0,,,,,,,,,
1142924,2018,2018-07-22,Queens Sports Club,1,30.4,Pakistan,Zimbabwe,Imam-ul-Haq,Babar Azam,LN Roche,1,0,,,,,,,,,
1142924,2018,2018-07-22,Queens Sports Club,1,30.5,Pakistan,Zimbabwe,Babar Azam,Imam-ul-Haq,LN Roche,0,0,,,,,,,,,
1142924,2018,2018-07-22,Queens Sports Club,1,30.6,Pakistan,Zimbabwe,Babar Azam,Imam-ul-Haq,LN Roche,0,0,,,,,,,,,
1142924,2018,2018-07-22,Queens Sports Club,1,31.1,Pakistan,Zimbabwe,Imam-ul-Haq,Babar Azam,TL Chatara,4,0,,,,,,,,,
1142924,2018,2018-07-22,Queens Sports Club,1,31.2,Pakistan,Zimbabwe,Imam-ul-Haq,Babar Azam,TL Chatara,1,0,,,,,,,,,
1142924,2018,2018-07-22,Queens Sports Club,1,31.3,Pakistan,Zimbabwe,Babar Azam,Imam-ul-Haq,TL Chatara,1,0,,,,,,,,,
1142924,2018,2018-07-22,Queens Sports Club,1,31.4,Pakistan,Zimbabwe,Imam-ul-Haq,Babar Azam,TL Chatara,0,0,,,,,,,,,
1142924,2018,2018-07-22,Queens Sports Club,1,31.5,Pakistan,Zimbabwe,Imam-ul-Haq,Babar Azam,TL Chatara,1,0,,,,,,,,,
1142924,2018,2018-07-22,Queens Sports Club,1,31.6,Pakistan,Zimbabwe,Babar Azam,Imam-ul-Haq,TL Chatara,1,0,,,,,,,,,
1142924,2018,2018-07-22,Queens Sports Club,1,32.1,Pakistan,Zimbabwe,Babar Azam,Imam-ul-Haq,LN Roche,6,0,,,,,,,,,
1142924,2018,2018-07-22,Queens Sports Club,1,32.2,Pakistan,Zimbabwe,Babar Azam,Imam-ul-Haq,LN Roche,0,0,,,,,,,,,
1142924,2018,2018-07-22,Queens Sports Club,1,32.3,Pakistan,Zimbabwe,Babar Azam,Imam-ul-Haq,LN Roche,0,1,1,,,,,,,,
1142924,2018,2018-07-22,Queens Sports Club,1,32.4,Pakistan,Zimbabwe,Babar Azam,Imam-ul-Haq,LN Roche,0,0,,,,,,,,,
1142924,2018,2018-07-22,Queens Sports Club,1,32.5,Pakistan,Zimbabwe,Babar Azam,Imam-ul-Haq,LN Roche,0,1,1,,,,,,,,
1142924,2018,2018-07-22,Queens Sports Club,1,32.6,Pakistan,Zimbabwe,Babar Azam,Imam-ul-Haq,LN Roche,1,0,,,,,,,,,
1142924,2018,2018-07-22,Queens Sports Club,1,32.7,Pakistan,Zimbabwe,Imam-ul-Haq,Babar Azam,LN Roche,1,0,,,,,,,,,
1142924,2018,2018-07-22,Queens Sports Club,1,32.8,Pakistan,Zimbabwe,Babar Azam,Imam-ul-Haq,LN Roche,1,0,,,,,,,,,
1142924,2018,2018-07-22,Queens Sports Club,1,33.1,Pakistan,Zimbabwe,Babar Azam,Imam-ul-Haq,TL Chatara,0,1,1,,,,,,,,
1142924,2018,2018-07-22,Queens Sports Club,1,33.2,Pakistan,Zimbabwe,Babar Azam,Imam-ul-Haq,TL Chatara,1,0,,,,,,,,,
1142924,2018,2018-07-22,Queens Sports Club,1,33.3,Pakistan,Zimbabwe,Imam-ul-Haq,Babar Azam,TL Chatara,1,0,,,,,,,,,
1142924,2018,2018-07-22,Queens Sports Club,1,33.4,Pakistan,Zimbabwe,Babar Azam,Imam-ul-Haq,TL Chatara,1,0,,,,,,,,,
1142924,2018,2018-07-22,Queens Sports Club,1,33.5,Pakistan,Zimbabwe,Imam-ul-Haq,Babar Azam,TL Chatara,2,0,,,,,,,,,
1142924,2018,2018-07-22,Queens Sports Club,1,33.6,Pakistan,Zimbabwe,Imam-ul-Haq,Babar Azam,TL Chatara,1,0,,,,,,,,,
1142924,2018,2018-07-22,Queens Sports Club,1,33.7,Pakistan,Zimbabwe,Babar Azam,Imam-ul-Haq,TL Chatara,1,0,,,,,,,,,
1142924,2018,2018-07-22,Queens Sports Club,1,34.1,Pakistan,Zimbabwe,Babar Azam,Imam-ul-Haq,LN Roche,0,0,,,,,,,,,
1142924,2018,2018-07-22,Queens Sports Club,1,34.2,Pakistan,Zimbabwe,Babar Azam,Imam-ul-Haq,LN Roche,1,0,,,,,,,,,
1142924,2018,2018-07-22,Queens Sports Club,1,34.3,Pakistan,Zimbabwe,Imam-ul-Haq,Babar Azam,LN Roche,1,0,,,,,,,,,
1142924,2018,2018-07-22,Queens Sports Club,1,34.4,Pakistan,Zimbabwe,Babar Azam,Imam-ul-Haq,LN Roche,1,0,,,,,,,,,
1142924,2018,2018-07-22,Queens Sports Club,1,34.5,Pakistan,Zimbabwe,Imam-ul-Haq,Babar Azam,LN Roche,1,0,,,,,,,,,
1142924,2018,2018-07-22,Queens Sports Club,1,34.6,Pakistan,Zimbabwe,Babar Azam,Imam-ul-Haq,LN Roche,2,0,,,,,,,,,
1142924,2018,2018-07-22,Queens Sports Club,1,35.1,Pakistan,Zimbabwe,Imam-ul-Haq,Babar Azam,WP Masakadza,1,0,,,,,,,,,
1142924,2018,2018-07-22,Queens Sports Club,1,35.2,Pakistan,Zimbabwe,Babar Azam,Imam-ul-Haq,WP Masakadza,0,0,,,,,,,,,
1142924,2018,2018-07-22,Queens Sports Club,1,35.3,Pakistan,Zimbabwe,Babar Azam,Imam-ul-Haq,WP Masakadza,1,0,,,,,,,,,
1142924,2018,2018-07-22,Queens Sports Club,1,35.4,Pakistan,Zimbabwe,Imam-ul-Haq,Babar Azam,WP Masakadza,0,0,,,,,,,,,
1142924,2018,2018-07-22,Queens Sports Club,1,35.5,Pakistan,Zimbabwe,Imam-ul-Haq,Babar Azam,WP Masakadza,6,0,,,,,,,,,
1142924,2018,2018-07-22,Queens Sports Club,1,35.6,Pakistan,Zimbabwe,Imam-ul-Haq,Babar Azam,WP Masakadza,1,0,,,,,,,,,
1142924,2018,2018-07-22,Queens Sports Club,1,36.1,Pakistan,Zimbabwe,Imam-ul-Haq,Babar Azam,CB Mpofu,0,0,,,,,,,,,
1142924,2018,2018-07-22,Queens Sports Club,1,36.2,Pakistan,Zimbabwe,Imam-ul-Haq,Babar Azam,CB Mpofu,0,1,1,,,,,,,,
1142924,2018,2018-07-22,Queens Sports Club,1,36.3,Pakistan,Zimbabwe,Imam-ul-Haq,Babar Azam,CB Mpofu,1,0,,,,,,,,,
1142924,2018,2018-07-22,Queens Sports Club,1,36.4,Pakistan,Zimbabwe,Babar Azam,Imam-ul-Haq,CB Mpofu,2,0,,,,,,,,,
1142924,2018,2018-07-22,Queens Sports Club,1,36.5,Pakistan,Zimbabwe,Babar Azam,Imam-ul-Haq,CB Mpofu,0,0,,,,,,,,,
1142924,2018,2018-07-22,Queens Sports Club,1,36.6,Pakistan,Zimbabwe,Babar Azam,Imam-ul-Haq,CB Mpofu,2,0,,,,,,,,,
1142924,2018,2018-07-22,Queens Sports Club,1,36.7,Pakistan,Zimbabwe,Babar Azam,Imam-ul-Haq,CB Mpofu,0,0,,,,,,,,,
1142924,2018,2018-07-22,Queens Sports Club,1,37.1,Pakistan,Zimbabwe,Imam-ul-Haq,Babar Azam,WP Masakadza,1,0,,,,,,,,,
1142924,2018,2018-07-22,Queens Sports Club,1,37.2,Pakistan,Zimbabwe,Babar Azam,Imam-ul-Haq,WP Masakadza,1,0,,,,,,,,,
1142924,2018,2018-07-22,Queens Sports Club,1,37.3,Pakistan,Zimbabwe,Imam-ul-Haq,Babar Azam,WP Masakadza,0,0,,,,,,lbw,Imam-ul-Haq,,
1142924,2018,2018-07-22,Queens Sports Club,1,37.4,Pakistan,Zimbabwe,Shoaib Malik,Babar Azam,WP Masakadza,0,0,,,,,,,,,
1142924,2018,2018-07-22,Queens Sports Club,1,37.5,Pakistan,Zimbabwe,Shoaib Malik,Babar Azam,WP Masakadza,1,0,,,,,,,,,
1142924,2018,2018-07-22,Queens Sports Club,1,37.6,Pakistan,Zimbabwe,Babar Azam,Shoaib Malik,WP Masakadza,1,0,,,,,,,,,
1142924,2018,2018-07-22,Queens Sports Club,1,38.1,Pakistan,Zimbabwe,Babar Azam,Shoaib Malik,CB Mpofu,1,0,,,,,,,,,
1142924,2018,2018-07-22,Queens Sports Club,1,38.2,Pakistan,Zimbabwe,Shoaib Malik,Babar Azam,CB Mpofu,1,0,,,,,,,,,
1142924,2018,2018-07-22,Queens Sports Club,1,38.3,Pakistan,Zimbabwe,Babar Azam,Shoaib Malik,CB Mpofu,2,0,,,,,,,,,
1142924,2018,2018-07-22,Queens Sports Club,1,38.4,Pakistan,Zimbabwe,Babar Azam,Shoaib Malik,CB Mpofu,1,0,,,,,,,,,
1142924,2018,2018-07-22,Queens Sports Club,1,38.5,Pakistan,Zimbabwe,Shoaib Malik,Babar Azam,CB Mpofu,1,0,,,,,,,,,
1142924,2018,2018-07-22,Queens Sports Club,1,38.6,Pakistan,Zimbabwe,Babar Azam,Shoaib Malik,CB Mpofu,2,0,,,,,,,,,
1142924,2018,2018-07-22,Queens Sports Club,1,39.1,Pakistan,Zimbabwe,Shoaib Malik,Babar Azam,WP Masakadza,0,0,,,,,,,,,
1142924,2018,2018-07-22,Queens Sports Club,1,39.2,Pakistan,Zimbabwe,Shoaib Malik,Babar Azam,WP Masakadza,1,0,,,,,,,,,
1142924,2018,2018-07-22,Queens Sports Club,1,39.3,Pakistan,Zimbabwe,Babar Azam,Shoaib Malik,WP Masakadza,4,0,,,,,,,,,
1142924,2018,2018-07-22,Queens Sports Club,1,39.4,Pakistan,Zimbabwe,Babar Azam,Shoaib Malik,WP Masakadza,1,0,,,,,,,,,
1142924,2018,2018-07-22,Queens Sports Club,1,39.5,Pakistan,Zimbabwe,Shoaib Malik,Babar Azam,WP Masakadza,4,0,,,,,,,,,
1142924,2018,2018-07-22,Queens Sports Club,1,39.6,Pakistan,Zimbabwe,Shoaib Malik,Babar Azam,WP Masakadza,1,0,,,,,,,,,
1142924,2018,2018-07-22,Queens Sports Club,1,40.1,Pakistan,Zimbabwe,Shoaib Malik,Babar Azam,TL Chatara,1,0,,,,,,,,,
1142924,2018,2018-07-22,Queens Sports Club,1,40.2,Pakistan,Zimbabwe,Babar Azam,Shoaib Malik,TL Chatara,0,0,,,,,,,,,
1142924,2018,2018-07-22,Queens Sports Club,1,40.3,Pakistan,Zimbabwe,Babar Azam,Shoaib Malik,TL Chatara,1,0,,,,,,,,,
1142924,2018,2018-07-22,Queens Sports Club,1,40.4,Pakistan,Zimbabwe,Shoaib Malik,Babar Azam,TL Chatara,1,0,,,,,,,,,
1142924,2018,2018-07-22,Queens Sports Club,1,40.5,Pakistan,Zimbabwe,Babar Azam,Shoaib Malik,TL Chatara,0,0,,,,,,,,,
1142924,2018,2018-07-22,Queens Sports Club,1,40.6,Pakistan,Zimbabwe,Babar Azam,Shoaib Malik,TL Chatara,1,0,,,,,,,,,
1142924,2018,2018-07-22,Queens Sports Club,1,41.1,Pakistan,Zimbabwe,Babar Azam,Shoaib Malik,WP Masakadza,0,0,,,,,,,,,
1142924,2018,2018-07-22,Queens Sports Club,1,41.2,Pakistan,Zimbabwe,Babar Azam,Shoaib Malik,WP Masakadza,1,0,,,,,,,,,
1142924,2018,2018-07-22,Queens Sports Club,1,41.3,Pakistan,Zimbabwe,Shoaib Malik,Babar Azam,WP Masakadza,4,0,,,,,,,,,
1142924,2018,2018-07-22,Queens Sports Club,1,41.4,Pakistan,Zimbabwe,Shoaib Malik,Babar Azam,WP Masakadza,1,0,,,,,,,,,
1142924,2018,2018-07-22,Queens Sports Club,1,41.5,Pakistan,Zimbabwe,Babar Azam,Shoaib Malik,WP Masakadza,1,0,,,,,,,,,
1142924,2018,2018-07-22,Queens Sports Club,1,41.6,Pakistan,Zimbabwe,Shoaib Malik,Babar Azam,WP Masakadza,1,0,,,,,,,,,
1142924,2018,2018-07-22,Queens Sports Club,1,42.1,Pakistan,Zimbabwe,Shoaib Malik,Babar Azam,TL Chatara,1,0,,,,,,,,,
1142924,2018,2018-07-22,Queens Sports Club,1,42.2,Pakistan,Zimbabwe,Babar Azam,Shoaib Malik,TL Chatara,1,0,,,,,,,,,
1142924,2018,2018-07-22,Queens Sports Club,1,42.3,Pakistan,Zimbabwe,Shoaib Malik,Babar Azam,TL Chatara,0,0,,,,,,lbw,Shoaib Malik,,
1142924,2018,2018-07-22,Queens Sports Club,1,42.4,Pakistan,Zimbabwe,Asif Ali,Babar Azam,TL Chatara,0,0,,,,,,,,,
1142924,2018,2018-07-22,Queens Sports Club,1,42.5,Pakistan,Zimbabwe,Asif Ali,Babar Azam,TL Chatara,1,0,,,,,,,,,
1142924,2018,2018-07-22,Queens Sports Club,1,42.6,Pakistan,Zimbabwe,Babar Azam,Asif Ali,TL Chatara,0,0,,,,,,,,,
1142924,2018,2018-07-22,Queens Sports Club,1,43.1,Pakistan,Zimbabwe,Asif Ali,Babar Azam,DT Tiripano,6,0,,,,,,,,,
1142924,2018,2018-07-22,Queens Sports Club,1,43.2,Pakistan,Zimbabwe,Asif Ali,Babar Azam,DT Tiripano,1,0,,,,,,,,,
1142924,2018,2018-07-22,Queens Sports Club,1,43.3,Pakistan,Zimbabwe,Babar Azam,Asif Ali,DT Tiripano,2,0,,,,,,,,,
1142924,2018,2018-07-22,Queens Sports Club,1,43.4,Pakistan,Zimbabwe,Babar Azam,Asif Ali,DT Tiripano,1,0,,,,,,,,,
1142924,2018,2018-07-22,Queens Sports Club,1,43.5,Pakistan,Zimbabwe,Asif Ali,Babar Azam,DT Tiripano,0,0,,,,,,,,,
1142924,2018,2018-07-22,Queens Sports Club,1,43.6,Pakistan,Zimbabwe,Asif Ali,Babar Azam,DT Tiripano,1,0,,,,,,,,,
1142924,2018,2018-07-22,Queens Sports Club,1,44.1,Pakistan,Zimbabwe,Asif Ali,Babar Azam,CB Mpofu,0,0,,,,,,,,,
1142924,2018,2018-07-22,Queens Sports Club,1,44.2,Pakistan,Zimbabwe,Asif Ali,Babar Azam,CB Mpofu,6,0,,,,,,,,,
1142924,2018,2018-07-22,Queens Sports Club,1,44.3,Pakistan,Zimbabwe,Asif Ali,Babar Azam,CB Mpofu,0,0,,,,,,,,,
1142924,2018,2018-07-22,Queens Sports Club,1,44.4,Pakistan,Zimbabwe,Asif Ali,Babar Azam,CB Mpofu,0,0,,,,,,,,,
1142924,2018,2018-07-22,Queens Sports Club,1,44.5,Pakistan,Zimbabwe,Asif Ali,Babar Azam,CB Mpofu,1,0,,,,,,,,,
1142924,2018,2018-07-22,Queens Sports Club,1,44.6,Pakistan,Zimbabwe,Babar Azam,Asif Ali,CB Mpofu,2,0,,,,,,,,,
1142924,2018,2018-07-22,Queens Sports Club,1,45.1,Pakistan,Zimbabwe,Asif Ali,Babar Azam,TL Chatara,1,0,,,,,,,,,
1142924,2018,2018-07-22,Queens Sports Club,1,45.2,Pakistan,Zimbabwe,Babar Azam,Asif Ali,TL Chatara,4,0,,,,,,,,,
1142924,2018,2018-07-22,Queens Sports Club,1,45.3,Pakistan,Zimbabwe,Babar Azam,Asif Ali,TL Chatara,4,0,,,,,,,,,
1142924,2018,2018-07-22,Queens Sports Club,1,45.4,Pakistan,Zimbabwe,Babar Azam,Asif Ali,TL Chatara,3,0,,,,,,,,,
1142924,2018,2018-07-22,Queens Sports Club,1,45.5,Pakistan,Zimbabwe,Asif Ali,Babar Azam,TL Chatara,1,0,,,,,,,,,
1142924,2018,2018-07-22,Queens Sports Club,1,45.6,Pakistan,Zimbabwe,Babar Azam,Asif Ali,TL Chatara,2,0,,,,,,,,,
1142924,2018,2018-07-22,Queens Sports Club,1,46.1,Pakistan,Zimbabwe,Asif Ali,Babar Azam,CB Mpofu,0,0,,,,,,,,,
1142924,2018,2018-07-22,Queens Sports Club,1,46.2,Pakistan,Zimbabwe,Asif Ali,Babar Azam,CB Mpofu,0,0,,,,,,,,,
1142924,2018,2018-07-22,Queens Sports Club,1,46.3,Pakistan,Zimbabwe,Asif Ali,Babar Azam,CB Mpofu,0,0,,,,,,caught,Asif Ali,,
1142924,2018,2018-07-22,Queens Sports Club,1,46.4,Pakistan,Zimbabwe,Babar Azam,Sarfraz Ahmed,CB Mpofu,1,0,,,,,,,,,
1142924,2018,2018-07-22,Queens Sports Club,1,46.5,Pakistan,Zimbabwe,Sarfraz Ahmed,Babar Azam,CB Mpofu,1,0,,,,,,,,,
1142924,2018,2018-07-22,Queens Sports Club,1,46.6,Pakistan,Zimbabwe,Babar Azam,Sarfraz Ahmed,CB Mpofu,2,0,,,,,,,,,
1142924,2018,2018-07-22,Queens Sports Club,1,47.1,Pakistan,Zimbabwe,Sarfraz Ahmed,Babar Azam,TL Chatara,1,0,,,,,,,,,
1142924,2018,2018-07-22,Queens Sports Club,1,47.2,Pakistan,Zimbabwe,Babar Azam,Sarfraz Ahmed,TL Chatara,4,0,,,,,,,,,
1142924,2018,2018-07-22,Queens Sports Club,1,47.3,Pakistan,Zimbabwe,Babar Azam,Sarfraz Ahmed,TL Chatara,6,0,,,,,,,,,
1142924,2018,2018-07-22,Queens Sports Club,1,47.4,Pakistan,Zimbabwe,Babar Azam,Sarfraz Ahmed,TL Chatara,4,0,,,,,,,,,
1142924,2018,2018-07-22,Queens Sports Club,1,47.5,Pakistan,Zimbabwe,Babar Azam,Sarfraz Ahmed,TL Chatara,3,0,,,,,,,,,
1142924,2018,2018-07-22,Queens Sports Club,1,47.6,Pakistan,Zimbabwe,Sarfraz Ahmed,Babar Azam,TL Chatara,1,0,,,,,,,,,
1142924,2018,2018-07-22,Queens Sports Club,1,48.1,Pakistan,Zimbabwe,Sarfraz Ahmed,Babar Azam,CB Mpofu,1,0,,,,,,,,,
1142924,2018,2018-07-22,Queens Sports Club,1,48.2,Pakistan,Zimbabwe,Babar Azam,Sarfraz Ahmed,CB Mpofu,1,0,,,,,,,,,
1142924,2018,2018-07-22,Queens Sports Club,1,48.3,Pakistan,Zimbabwe,Sarfraz Ahmed,Babar Azam,CB Mpofu,1,0,,,,,,,,,
1142924,2018,2018-07-22,Queens Sports Club,1,48.4,Pakistan,Zimbabwe,Babar Azam,Sarfraz Ahmed,CB Mpofu,4,0,,,,,,,,,
1142924,2018,2018-07-22,Queens Sports Club,1,48.5,Pakistan,Zimbabwe,Babar Azam,Sarfraz Ahmed,CB Mpofu,4,0,,,,,,,,,
1142924,2018,2018-07-22,Queens Sports Club,1,48.6,Pakistan,Zimbabwe,Babar Azam,Sarfraz Ahmed,CB Mpofu,1,0,,,,,,,,,
1142924,2018,2018-07-22,Queens Sports Club,1,49.1,Pakistan,Zimbabwe,Babar Azam,Sarfraz Ahmed,DT Tiripano,4,0,,,,,,,,,
1142924,2018,2018-07-22,Queens Sports Club,1,49.2,Pakistan,Zimbabwe,Babar Azam,Sarfraz Ahmed,DT Tiripano,4,0,,,,,,,,,
1142924,2018,2018-07-22,Queens Sports Club,1,49.3,Pakistan,Zimbabwe,Babar Azam,Sarfraz Ahmed,DT Tiripano,0,1,1,,,,,,,,
1142924,2018,2018-07-22,Queens Sports Club,1,49.4,Pakistan,Zimbabwe,Babar Azam,Sarfraz Ahmed,DT Tiripano,1,0,,,,,,,,,
1142924,2018,2018-07-22,Queens Sports Club,1,49.5,Pakistan,Zimbabwe,Sarfraz Ahmed,Babar Azam,DT Tiripano,0,1,1,,,,,,,,
1142924,2018,2018-07-22,Queens Sports Club,1,49.6,Pakistan,Zimbabwe,Sarfraz Ahmed,Babar Azam,DT Tiripano,1,0,,,,,,,,,
1142924,2018,2018-07-22,Queens Sports Club,1,49.7,Pakistan,Zimbabwe,Babar Azam,Sarfraz Ahmed,DT Tiripano,0,0,,,,,,,,,
1142924,2018,2018-07-22,Queens Sports Club,1,49.8,Pakistan,Zimbabwe,Babar Azam,Sarfraz Ahmed,DT Tiripano,1,0,,,,,,,,,
1142924,2018,2018-07-22,Queens Sports Club,2,0.1,Zimbabwe,Pakistan,H Masakadza,TS Kamunhukamwe,Mohammad Amir,0,0,,,,,,,,,
1142924,2018,2018-07-22,Queens Sports Club,2,0.2,Zimbabwe,Pakistan,H Masakadza,TS Kamunhukamwe,Mohammad Amir,0,0,,,,,,,,,
1142924,2018,2018-07-22,Queens Sports Club,2,0.3,Zimbabwe,Pakistan,H Masakadza,TS Kamunhukamwe,Mohammad Amir,0,0,,,,,,,,,
1142924,2018,2018-07-22,Queens Sports Club,2,0.4,Zimbabwe,Pakistan,H Masakadza,TS Kamunhukamwe,Mohammad Amir,1,0,,,,,,,,,
1142924,2018,2018-07-22,Queens Sports Club,2,0.5,Zimbabwe,Pakistan,TS Kamunhukamwe,H Masakadza,Mohammad Amir,1,0,,,,,,,,,
1142924,2018,2018-07-22,Queens Sports Club,2,0.6,Zimbabwe,Pakistan,H Masakadza,TS Kamunhukamwe,Mohammad Amir,0,0,,,,,,,,,
1142924,2018,2018-07-22,Queens Sports Club,2,1.1,Zimbabwe,Pakistan,TS Kamunhukamwe,H Masakadza,Junaid Khan,0,0,,,,,,,,,
1142924,2018,2018-07-22,Queens Sports Club,2,1.2,Zimbabwe,Pakistan,TS Kamunhukamwe,H Masakadza,Junaid Khan,2,0,,,,,,,,,
1142924,2018,2018-07-22,Queens Sports Club,2,1.3,Zimbabwe,Pakistan,TS Kamunhukamwe,H Masakadza,Junaid Khan,0,0,,,,,,,,,
1142924,2018,2018-07-22,Queens Sports Club,2,1.4,Zimbabwe,Pakistan,TS Kamunhukamwe,H Masakadza,Junaid Khan,0,0,,,,,,,,,
1142924,2018,2018-07-22,Queens Sports Club,2,1.5,Zimbabwe,Pakistan,TS Kamunhukamwe,H Masakadza,Junaid Khan,0,0,,,,,,,,,
1142924,2018,2018-07-22,Queens Sports Club,2,1.6,Zimbabwe,Pakistan,TS Kamunhukamwe,H Masakadza,Junaid Khan,0,0,,,,,,,,,
1142924,2018,2018-07-22,Queens Sports Club,2,2.1,Zimbabwe,Pakistan,H Masakadza,TS Kamunhukamwe,Mohammad Amir,0,0,,,,,,,,,
1142924,2018,2018-07-22,Queens Sports Club,2,2.2,Zimbabwe,Pakistan,H Masakadza,TS Kamunhukamwe,Mohammad Amir,0,0,,,,,,,,,
1142924,2018,2018-07-22,Queens Sports Club,2,2.3,Zimbabwe,Pakistan,H Masakadza,TS Kamunhukamwe,Mohammad Amir,0,0,,,,,,,,,
1142924,2018,2018-07-22,Queens Sports Club,2,2.4,Zimbabwe,Pakistan,H Masakadza,TS Kamunhukamwe,Mohammad Amir,4,0,,,,,,,,,
1142924,2018,2018-07-22,Queens Sports Club,2,2.5,Zimbabwe,Pakistan,H Masakadza,TS Kamunhukamwe,Mohammad Amir,0,0,,,,,,,,,
1142924,2018,2018-07-22,Queens Sports Club,2,2.6,Zimbabwe,Pakistan,H Masakadza,TS Kamunhukamwe,Mohammad Amir,0,0,,,,,,,,,
1142924,2018,2018-07-22,Queens Sports Club,2,3.1,Zimbabwe,Pakistan,TS Kamunhukamwe,H Masakadza,Junaid Khan,0,0,,,,,,,,,
1142924,2018,2018-07-22,Queens Sports Club,2,3.2,Zimbabwe,Pakistan,TS Kamunhukamwe,H Masakadza,Junaid Khan,0,0,,,,,,,,,
1142924,2018,2018-07-22,Queens Sports Club,2,3.3,Zimbabwe,Pakistan,TS Kamunhukamwe,H Masakadza,Junaid Khan,0,0,,,,,,,,,
1142924,2018,2018-07-22,Queens Sports Club,2,3.4,Zimbabwe,Pakistan,TS Kamunhukamwe,H Masakadza,Junaid Khan,0,0,,,,,,,,,
1142924,2018,2018-07-22,Queens Sports Club,2,3.5,Zimbabwe,Pakistan,TS Kamunhukamwe,H Masakadza,Junaid Khan,6,0,,,,,,,,,
1142924,2018,2018-07-22,Queens Sports Club,2,3.6,Zimbabwe,Pakistan,TS Kamunhukamwe,H Masakadza,Junaid Khan,0,0,,,,,,,,,
1142924,2018,2018-07-22,Queens Sports Club,2,4.1,Zimbabwe,Pakistan,H Masakadza,TS Kamunhukamwe,Mohammad Amir,0,0,,,,,,,,,
1142924,2018,2018-07-22,Queens Sports Club,2,4.2,Zimbabwe,Pakistan,H Masakadza,TS Kamunhukamwe,Mohammad Amir,0,0,,,,,,,,,
1142924,2018,2018-07-22,Queens Sports Club,2,4.3,Zimbabwe,Pakistan,H Masakadza,TS Kamunhukamwe,Mohammad Amir,0,0,,,,,,,,,
1142924,2018,2018-07-22,Queens Sports Club,2,4.4,Zimbabwe,Pakistan,H Masakadza,TS Kamunhukamwe,Mohammad Amir,0,0,,,,,,,,,
1142924,2018,2018-07-22,Queens Sports Club,2,4.5,Zimbabwe,Pakistan,H Masakadza,TS Kamunhukamwe,Mohammad Amir,0,0,,,,,,,,,
1142924,2018,2018-07-22,Queens Sports Club,2,4.6,Zimbabwe,Pakistan,H Masakadza,TS Kamunhukamwe,Mohammad Amir,0,0,,,,,,,,,
1142924,2018,2018-07-22,Queens Sports Club,2,5.1,Zimbabwe,Pakistan,TS Kamunhukamwe,H Masakadza,Junaid Khan,1,0,,,,,,,,,
1142924,2018,2018-07-22,Queens Sports Club,2,5.2,Zimbabwe,Pakistan,H Masakadza,TS Kamunhukamwe,Junaid Khan,4,0,,,,,,,,,
1142924,2018,2018-07-22,Queens Sports Club,2,5.3,Zimbabwe,Pakistan,H Masakadza,TS Kamunhukamwe,Junaid Khan,0,0,,,,,,,,,
1142924,2018,2018-07-22,Queens Sports Club,2,5.4,Zimbabwe,Pakistan,H Masakadza,TS Kamunhukamwe,Junaid Khan,1,0,,,,,,,,,
1142924,2018,2018-07-22,Queens Sports Club,2,5.5,Zimbabwe,Pakistan,TS Kamunhukamwe,H Masakadza,Junaid Khan,0,0,,,,,,,,,
1142924,2018,2018-07-22,Queens Sports Club,2,5.6,Zimbabwe,Pakistan,TS Kamunhukamwe,H Masakadza,Junaid Khan,0,0,,,,,,,,,
1142924,2018,2018-07-22,Queens Sports Club,2,6.1,Zimbabwe,Pakistan,H Masakadza,TS Kamunhukamwe,Mohammad Amir,0,0,,,,,,,,,
1142924,2018,2018-07-22,Queens Sports Club,2,6.2,Zimbabwe,Pakistan,H Masakadza,TS Kamunhukamwe,Mohammad Amir,0,0,,,,,,,,,
1142924,2018,2018-07-22,Queens Sports Club,2,6.3,Zimbabwe,Pakistan,H Masakadza,TS Kamunhukamwe,Mohammad Amir,0,0,,,,,,,,,
1142924,2018,2018-07-22,Queens Sports Club,2,6.4,Zimbabwe,Pakistan,H Masakadza,TS Kamunhukamwe,Mohammad Amir,6,0,,,,,,,,,
1142924,2018,2018-07-22,Queens Sports Club,2,6.5,Zimbabwe,Pakistan,H Masakadza,TS Kamunhukamwe,Mohammad Amir,0,0,,,,,,,,,
1142924,2018,2018-07-22,Queens Sports Club,2,6.6,Zimbabwe,Pakistan,H Masakadza,TS Kamunhukamwe,Mohammad Amir,0,0,,,,,,,,,
1142924,2018,2018-07-22,Queens Sports Club,2,7.1,Zimbabwe,Pakistan,TS Kamunhukamwe,H Masakadza,Junaid Khan,0,0,,,,,,,,,
1142924,2018,2018-07-22,Queens Sports Club,2,7.2,Zimbabwe,Pakistan,TS Kamunhukamwe,H Masakadza,Junaid Khan,0,0,,,,,,,,,
1142924,2018,2018-07-22,Queens Sports Club,2,7.3,Zimbabwe,Pakistan,TS Kamunhukamwe,H Masakadza,Junaid Khan,0,0,,,,,,,,,
1142924,2018,2018-07-22,Queens Sports Club,2,7.4,Zimbabwe,Pakistan,TS Kamunhukamwe,H Masakadza,Junaid Khan,0,0,,,,,,,,,
1142924,2018,2018-07-22,Queens Sports Club,2,7.5,Zimbabwe,Pakistan,TS Kamunhukamwe,H Masakadza,Junaid Khan,4,0,,,,,,,,,
1142924,2018,2018-07-22,Queens Sports Club,2,7.6,Zimbabwe,Pakistan,TS Kamunhukamwe,H Masakadza,Junaid Khan,0,0,,,,,,,,,
1142924,2018,2018-07-22,Queens Sports Club,2,8.1,Zimbabwe,Pakistan,H Masakadza,TS Kamunhukamwe,Mohammad Amir,0,0,,,,,,,,,
1142924,2018,2018-07-22,Queens Sports Club,2,8.2,Zimbabwe,Pakistan,H Masakadza,TS Kamunhukamwe,Mohammad Amir,0,0,,,,,,,,,
1142924,2018,2018-07-22,Queens Sports Club,2,8.3,Zimbabwe,Pakistan,H Masakadza,TS Kamunhukamwe,Mohammad Amir,1,0,,,,,,,,,
1142924,2018,2018-07-22,Queens Sports Club,2,8.4,Zimbabwe,Pakistan,TS Kamunhukamwe,H Masakadza,Mohammad Amir,0,0,,,,,,,,,
1142924,2018,2018-07-22,Queens Sports Club,2,8.5,Zimbabwe,Pakistan,TS Kamunhukamwe,H Masakadza,Mohammad Amir,4,0,,,,,,,,,
1142924,2018,2018-07-22,Queens Sports Club,2,8.6,Zimbabwe,Pakistan,TS Kamunhukamwe,H Masakadza,Mohammad Amir,0,0,,,,,,,,,
1142924,2018,2018-07-22,Queens Sports Club,2,9.1,Zimbabwe,Pakistan,H Masakadza,TS Kamunhukamwe,Junaid Khan,0,0,,,,,,,,,
1142924,2018,2018-07-22,Queens Sports Club,2,9.2,Zimbabwe,Pakistan,H Masakadza,TS Kamunhukamwe,Junaid Khan,1,0,,,,,,,,,
1142924,2018,2018-07-22,Queens Sports Club,2,9.3,Zimbabwe,Pakistan,TS Kamunhukamwe,H Masakadza,Junaid Khan,2,0,,,,,,,,,
1142924,2018,2018-07-22,Queens Sports Club,2,9.4,Zimbabwe,Pakistan,TS Kamunhukamwe,H Masakadza,Junaid Khan,0,0,,,,,,,,,
1142924,2018,2018-07-22,Queens Sports Club,2,9.5,Zimbabwe,Pakistan,TS Kamunhukamwe,H Masakadza,Junaid Khan,0,0,,,,,,,,,
1142924,2018,2018-07-22,Queens Sports Club,2,9.6,Zimbabwe,Pakistan,TS Kamunhukamwe,H Masakadza,Junaid Khan,6,0,,,,,,,,,
1142924,2018,2018-07-22,Queens Sports Club,2,10.1,Zimbabwe,Pakistan,H Masakadza,TS Kamunhukamwe,Hasan Ali,1,0,,,,,,,,,
1142924,2018,2018-07-22,Queens Sports Club,2,10.2,Zimbabwe,Pakistan,TS Kamunhukamwe,H Masakadza,Hasan Ali,0,0,,,,,,,,,
1142924,2018,2018-07-22,Queens Sports Club,2,10.3,Zimbabwe,Pakistan,TS Kamunhukamwe,H Masakadza,Hasan Ali,1,0,,,,,,,,,
1142924,2018,2018-07-22,Queens Sports Club,2,10.4,Zimbabwe,Pakistan,H Masakadza,TS Kamunhukamwe,Hasan Ali,0,0,,,,,,,,,
1142924,2018,2018-07-22,Queens Sports Club,2,10.5,Zimbabwe,Pakistan,H Masakadza,TS Kamunhukamwe,Hasan Ali,1,0,,,,,,,,,
1142924,2018,2018-07-22,Queens Sports Club,2,10.6,Zimbabwe,Pakistan,TS Kamunhukamwe,H Masakadza,Hasan Ali,0,0,,,,,,,,,
1142924,2018,2018-07-22,Queens Sports Club,2,11.1,Zimbabwe,Pakistan,H Masakadza,TS Kamunhukamwe,Mohammad Nawaz (3),0,0,,,,,,,,,
1142924,2018,2018-07-22,Queens Sports Club,2,11.2,Zimbabwe,Pakistan,H Masakadza,TS Kamunhukamwe,Mohammad Nawaz (3),1,0,,,,,,,,,
1142924,2018,2018-07-22,Queens Sports Club,2,11.3,Zimbabwe,Pakistan,TS Kamunhukamwe,H Masakadza,Mohammad Nawaz (3),1,0,,,,,,,,,
1142924,2018,2018-07-22,Queens Sports Club,2,11.4,Zimbabwe,Pakistan,H Masakadza,TS Kamunhukamwe,Mohammad Nawaz (3),1,0,,,,,,,,,
1142924,2018,2018-07-22,Queens Sports Club,2,11.5,Zimbabwe,Pakistan,TS Kamunhukamwe,H Masakadza,Mohammad Nawaz (3),1,0,,,,,,,,,
1142924,2018,2018-07-22,Queens Sports Club,2,11.6,Zimbabwe,Pakistan,H Masakadza,TS Kamunhukamwe,Mohammad Nawaz (3),0,0,,,,,,,,,
1142924,2018,2018-07-22,Queens Sports Club,2,12.1,Zimbabwe,Pakistan,TS Kamunhukamwe,H Masakadza,Hasan Ali,0,0,,,,,,,,,
1142924,2018,2018-07-22,Queens Sports Club,2,12.2,Zimbabwe,Pakistan,TS Kamunhukamwe,H Masakadza,Hasan Ali,1,0,,,,,,,,,
1142924,2018,2018-07-22,Queens Sports Club,2,12.3,Zimbabwe,Pakistan,H Masakadza,TS Kamunhukamwe,Hasan Ali,6,0,,,,,,,,,
1142924,2018,2018-07-22,Queens Sports Club,2,12.4,Zimbabwe,Pakistan,H Masakadza,TS Kamunhukamwe,Hasan Ali,0,0,,,,,,,,,
1142924,2018,2018-07-22,Queens Sports Club,2,12.5,Zimbabwe,Pakistan,H Masakadza,TS Kamunhukamwe,Hasan Ali,1,0,,,,,,,,,
1142924,2018,2018-07-22,Queens Sports Club,2,12.6,Zimbabwe,Pakistan,TS Kamunhukamwe,H Masakadza,Hasan Ali,0,0,,,,,,,,,
1142924,2018,2018-07-22,Queens Sports Club,2,13.1,Zimbabwe,Pakistan,H Masakadza,TS Kamunhukamwe,Mohammad Nawaz (3),0,0,,,,,,,,,
1142924,2018,2018-07-22,Queens Sports Club,2,13.2,Zimbabwe,Pakistan,H Masakadza,TS Kamunhukamwe,Mohammad Nawaz (3),0,1,1,,,,,,,,
1142924,2018,2018-07-22,Queens Sports Club,2,13.3,Zimbabwe,Pakistan,H Masakadza,TS Kamunhukamwe,Mohammad Nawaz (3),1,0,,,,,,,,,
1142924,2018,2018-07-22,Queens Sports Club,2,13.4,Zimbabwe,Pakistan,TS Kamunhukamwe,H Masakadza,Mohammad Nawaz (3),0,1,1,,,,,,,,
1142924,2018,2018-07-22,Queens Sports Club,2,13.5,Zimbabwe,Pakistan,TS Kamunhukamwe,H Masakadza,Mohammad Nawaz (3),0,0,,,,,,,,,
1142924,2018,2018-07-22,Queens Sports Club,2,13.6,Zimbabwe,Pakistan,TS Kamunhukamwe,H Masakadza,Mohammad Nawaz (3),4,0,,,,,,,,,
1142924,2018,2018-07-22,Queens Sports Club,2,13.7,Zimbabwe,Pakistan,TS Kamunhukamwe,H Masakadza,Mohammad Nawaz (3),0,0,,,,,,,,,
1142924,2018,2018-07-22,Queens Sports Club,2,13.8,Zimbabwe,Pakistan,TS Kamunhukamwe,H Masakadza,Mohammad Nawaz (3),0,0,,,,,,caught,TS Kamunhukamwe,,
1142924,2018,2018-07-22,Queens Sports Club,2,14.1,Zimbabwe,Pakistan,H Masakadza,PS Masvaure,Hasan Ali,0,0,,,,,,,,,
1142924,2018,2018-07-22,Queens Sports Club,2,14.2,Zimbabwe,Pakistan,H Masakadza,PS Masvaure,Hasan Ali,4,0,,,,,,,,,
1142924,2018,2018-07-22,Queens Sports Club,2,14.3,Zimbabwe,Pakistan,H Masakadza,PS Masvaure,Hasan Ali,0,0,,,,,,bowled,H Masakadza,,
1142924,2018,2018-07-22,Queens Sports Club,2,14.4,Zimbabwe,Pakistan,R Murray,PS Masvaure,Hasan Ali,1,0,,,,,,,,,
1142924,2018,2018-07-22,Queens Sports Club,2,14.5,Zimbabwe,Pakistan,PS Masvaure,R Murray,Hasan Ali,0,1,1,,,,,,,,
1142924,2018,2018-07-22,Queens Sports Club,2,14.6,Zimbabwe,Pakistan,PS Masvaure,R Murray,Hasan Ali,0,0,,,,,,,,,
1142924,2018,2018-07-22,Queens Sports Club,2,14.7,Zimbabwe,Pakistan,PS Masvaure,R Murray,Hasan Ali,0,0,,,,,,,,,
1142924,2018,2018-07-22,Queens Sports Club,2,15.1,Zimbabwe,Pakistan,R Murray,PS Masvaure,Mohammad Nawaz (3),0,0,,,,,,,,,
1142924,2018,2018-07-22,Queens Sports Club,2,15.2,Zimbabwe,Pakistan,R Murray,PS Masvaure,Mohammad Nawaz (3),0,0,,,,,,,,,
1142924,2018,2018-07-22,Queens Sports Club,2,15.3,Zimbabwe,Pakistan,R Murray,PS Masvaure,Mohammad Nawaz (3),1,0,,,,,,,,,
1142924,2018,2018-07-22,Queens Sports Club,2,15.4,Zimbabwe,Pakistan,PS Masvaure,R Murray,Mohammad Nawaz (3),0,0,,,,,,,,,
1142924,2018,2018-07-22,Queens Sports Club,2,15.5,Zimbabwe,Pakistan,PS Masvaure,R Murray,Mohammad Nawaz (3),1,0,,,,,,,,,
1142924,2018,2018-07-22,Queens Sports Club,2,15.6,Zimbabwe,Pakistan,R Murray,PS Masvaure,Mohammad Nawaz (3),0,0,,,,,,,,,
1142924,2018,2018-07-22,Queens Sports Club,2,16.1,Zimbabwe,Pakistan,PS Masvaure,R Murray,Hasan Ali,0,1,1,,,,,,,,
1142924,2018,2018-07-22,Queens Sports Club,2,16.2,Zimbabwe,Pakistan,PS Masvaure,R Murray,Hasan Ali,0,0,,,,,,,,,
1142924,2018,2018-07-22,Queens Sports Club,2,16.3,Zimbabwe,Pakistan,PS Masvaure,R Murray,Hasan Ali,1,1,,1,,,,,,,
1142924,2018,2018-07-22,Queens Sports Club,2,16.4,Zimbabwe,Pakistan,R Murray,PS Masvaure,Hasan Ali,1,0,,,,,,,,,
1142924,2018,2018-07-22,Queens Sports Club,2,16.5,Zimbabwe,Pakistan,PS Masvaure,R Murray,Hasan Ali,3,0,,,,,,,,,
1142924,2018,2018-07-22,Queens Sports Club,2,16.6,Zimbabwe,Pakistan,R Murray,PS Masvaure,Hasan Ali,1,0,,,,,,,,,
1142924,2018,2018-07-22,Queens Sports Club,2,16.7,Zimbabwe,Pakistan,PS Masvaure,R Murray,Hasan Ali,0,0,,,,,,,,,
1142924,2018,2018-07-22,Queens Sports Club,2,16.8,Zimbabwe,Pakistan,PS Masvaure,R Murray,Hasan Ali,0,0,,,,,,,,,
1142924,2018,2018-07-22,Queens Sports Club,2,17.1,Zimbabwe,Pakistan,R Murray,PS Masvaure,Mohammad Nawaz (3),0,0,,,,,,,,,
1142924,2018,2018-07-22,Queens Sports Club,2,17.2,Zimbabwe,Pakistan,R Murray,PS Masvaure,Mohammad Nawaz (3),0,0,,,,,,,,,
1142924,2018,2018-07-22,Queens Sports Club,2,17.3,Zimbabwe,Pakistan,R Murray,PS Masvaure,Mohammad Nawaz (3),1,0,,,,,,,,,
1142924,2018,2018-07-22,Queens Sports Club,2,17.4,Zimbabwe,Pakistan,PS Masvaure,R Murray,Mohammad Nawaz (3),1,0,,,,,,,,,
1142924,2018,2018-07-22,Queens Sports Club,2,17.5,Zimbabwe,Pakistan,R Murray,PS Masvaure,Mohammad Nawaz (3),1,0,,,,,,,,,
1142924,2018,2018-07-22,Queens Sports Club,2,17.6,Zimbabwe,Pakistan,PS Masvaure,R Murray,Mohammad Nawaz (3),1,0,,,,,,,,,
1142924,2018,2018-07-22,Queens Sports Club,2,18.1,Zimbabwe,Pakistan,PS Masvaure,R Murray,Shadab Khan,1,0,,,,,,,,,
1142924,2018,2018-07-22,Queens Sports Club,2,18.2,Zimbabwe,Pakistan,R Murray,PS Masvaure,Shadab Khan,1,0,,,,,,,,,
1142924,2018,2018-07-22,Queens Sports Club,2,18.3,Zimbabwe,Pakistan,PS Masvaure,R Murray,Shadab Khan,1,0,,,,,,,,,
1142924,2018,2018-07-22,Queens Sports Club,2,18.4,Zimbabwe,Pakistan,R Murray,PS Masvaure,Shadab Khan,0,0,,,,,,,,,
1142924,2018,2018-07-22,Queens Sports Club,2,18.5,Zimbabwe,Pakistan,R Murray,PS Masvaure,Shadab Khan,0,0,,,,,,,,,
1142924,2018,2018-07-22,Queens Sports Club,2,18.6,Zimbabwe,Pakistan,R Murray,PS Masvaure,Shadab Khan,0,0,,,,,,,,,
1142924,2018,2018-07-22,Queens Sports Club,2,19.1,Zimbabwe,Pakistan,PS Masvaure,R Murray,Mohammad Nawaz (3),0,0,,,,,,,,,
1142924,2018,2018-07-22,Queens Sports Club,2,19.2,Zimbabwe,Pakistan,PS Masvaure,R Murray,Mohammad Nawaz (3),0,0,,,,,,,,,
1142924,2018,2018-07-22,Queens Sports Club,2,19.3,Zimbabwe,Pakistan,PS Masvaure,R Murray,Mohammad Nawaz (3),4,0,,,,,,,,,
1142924,2018,2018-07-22,Queens Sports Club,2,19.4,Zimbabwe,Pakistan,PS Masvaure,R Murray,Mohammad Nawaz (3),0,0,,,,,,,,,
1142924,2018,2018-07-22,Queens Sports Club,2,19.5,Zimbabwe,Pakistan,PS Masvaure,R Murray,Mohammad Nawaz (3),0,0,,,,,,,,,
1142924,2018,2018-07-22,Queens Sports Club,2,19.6,Zimbabwe,Pakistan,PS Masvaure,R Murray,Mohammad Nawaz (3),1,0,,,,,,,,,
1142924,2018,2018-07-22,Queens Sports Club,2,20.1,Zimbabwe,Pakistan,PS Masvaure,R Murray,Shadab Khan,1,0,,,,,,,,,
1142924,2018,2018-07-22,Queens Sports Club,2,20.2,Zimbabwe,Pakistan,R Murray,PS Masvaure,Shadab Khan,0,0,,,,,,,,,
1142924,2018,2018-07-22,Queens Sports Club,2,20.3,Zimbabwe,Pakistan,R Murray,PS Masvaure,Shadab Khan,2,0,,,,,,,,,
1142924,2018,2018-07-22,Queens Sports Club,2,20.4,Zimbabwe,Pakistan,R Murray,PS Masvaure,Shadab Khan,0,0,,,,,,,,,
1142924,2018,2018-07-22,Queens Sports Club,2,20.5,Zimbabwe,Pakistan,R Murray,PS Masvaure,Shadab Khan,0,0,,,,,,,,,
1142924,2018,2018-07-22,Queens Sports Club,2,20.6,Zimbabwe,Pakistan,R Murray,PS Masvaure,Shadab Khan,0,0,,,,,,,,,
1142924,2018,2018-07-22,Queens Sports Club,2,21.1,Zimbabwe,Pakistan,PS Masvaure,R Murray,Mohammad Nawaz (3),0,0,,,,,,,,,
1142924,2018,2018-07-22,Queens Sports Club,2,21.2,Zimbabwe,Pakistan,PS Masvaure,R Murray,Mohammad Nawaz (3),1,0,,,,,,,,,
1142924,2018,2018-07-22,Queens Sports Club,2,21.3,Zimbabwe,Pakistan,R Murray,PS Masvaure,Mohammad Nawaz (3),0,0,,,,,,,,,
1142924,2018,2018-07-22,Queens Sports Club,2,21.4,Zimbabwe,Pakistan,R Murray,PS Masvaure,Mohammad Nawaz (3),2,0,,,,,,,,,
1142924,2018,2018-07-22,Queens Sports Club,2,21.5,Zimbabwe,Pakistan,R Murray,PS Masvaure,Mohammad Nawaz (3),0,0,,,,,,,,,
1142924,2018,2018-07-22,Queens Sports Club,2,21.6,Zimbabwe,Pakistan,R Murray,PS Masvaure,Mohammad Nawaz (3),0,0,,,,,,,,,
1142924,2018,2018-07-22,Queens Sports Club,2,22.1,Zimbabwe,Pakistan,PS Masvaure,R Murray,Shadab Khan,0,0,,,,,,,,,
1142924,2018,2018-07-22,Queens Sports Club,2,22.2,Zimbabwe,Pakistan,PS Masvaure,R Murray,Shadab Khan,1,0,,,,,,,,,
1142924,2018,2018-07-22,Queens Sports Club,2,22.3,Zimbabwe,Pakistan,R Murray,PS Masvaure,Shadab Khan,0,0,,,,,,,,,
1142924,2018,2018-07-22,Queens Sports Club,2,22.4,Zimbabwe,Pakistan,R Murray,PS Masvaure,Shadab Khan,0,0,,,,,,,,,
1142924,2018,2018-07-22,Queens Sports Club,2,22.5,Zimbabwe,Pakistan,R Murray,PS Masvaure,Shadab Khan,1,0,,,,,,,,,
1142924,2018,2018-07-22,Queens Sports Club,2,22.6,Zimbabwe,Pakistan,PS Masvaure,R Murray,Shadab Khan,0,0,,,,,,,,,
1142924,2018,2018-07-22,Queens Sports Club,2,23.1,Zimbabwe,Pakistan,R Murray,PS Masvaure,Mohammad Nawaz (3),1,0,,,,,,,,,
1142924,2018,2018-07-22,Queens Sports Club,2,23.2,Zimbabwe,Pakistan,PS Masvaure,R Murray,Mohammad Nawaz (3),0,0,,,,,,,,,
1142924,2018,2018-07-22,Queens Sports Club,2,23.3,Zimbabwe,Pakistan,PS Masvaure,R Murray,Mohammad Nawaz (3),0,0,,,,,,,,,
1142924,2018,2018-07-22,Queens Sports Club,2,23.4,Zimbabwe,Pakistan,PS Masvaure,R Murray,Mohammad Nawaz (3),0,0,,,,,,,,,
1142924,2018,2018-07-22,Queens Sports Club,2,23.5,Zimbabwe,Pakistan,PS Masvaure,R Murray,Mohammad Nawaz (3),0,0,,,,,,,,,
1142924,2018,2018-07-22,Queens Sports Club,2,23.6,Zimbabwe,Pakistan,PS Masvaure,R Murray,Mohammad Nawaz (3),2,0,,,,,,,,,
1142924,2018,2018-07-22,Queens Sports Club,2,24.1,Zimbabwe,Pakistan,R Murray,PS Masvaure,Shadab Khan,0,0,,,,,,,,,
1142924,2018,2018-07-22,Queens Sports Club,2,24.2,Zimbabwe,Pakistan,R Murray,PS Masvaure,Shadab Khan,1,0,,,,,,,,,
1142924,2018,2018-07-22,Queens Sports Club,2,24.3,Zimbabwe,Pakistan,PS Masvaure,R Murray,Shadab Khan,0,0,,,,,,,,,
1142924,2018,2018-07-22,Queens Sports Club,2,24.4,Zimbabwe,Pakistan,PS Masvaure,R Murray,Shadab Khan,1,0,,,,,,,,,
1142924,2018,2018-07-22,Queens Sports Club,2,24.5,Zimbabwe,Pakistan,R Murray,PS Masvaure,Shadab Khan,0,0,,,,,,,,,
1142924,2018,2018-07-22,Queens Sports Club,2,24.6,Zimbabwe,Pakistan,R Murray,PS Masvaure,Shadab Khan,1,0,,,,,,,,,
1142924,2018,2018-07-22,Queens Sports Club,2,25.1,Zimbabwe,Pakistan,R Murray,PS Masvaure,Shoaib Malik,1,0,,,,,,,,,
1142924,2018,2018-07-22,Queens Sports Club,2,25.2,Zimbabwe,Pakistan,PS Masvaure,R Murray,Shoaib Malik,0,0,,,,,,,,,
1142924,2018,2018-07-22,Queens Sports Club,2,25.3,Zimbabwe,Pakistan,PS Masvaure,R Murray,Shoaib Malik,1,0,,,,,,,,,
1142924,2018,2018-07-22,Queens Sports Club,2,25.4,Zimbabwe,Pakistan,R Murray,PS Masvaure,Shoaib Malik,0,0,,,,,,,,,
1142924,2018,2018-07-22,Queens Sports Club,2,25.5,Zimbabwe,Pakistan,R Murray,PS Masvaure,Shoaib Malik,1,0,,,,,,,,,
1142924,2018,2018-07-22,Queens Sports Club,2,25.6,Zimbabwe,Pakistan,PS Masvaure,R Murray,Shoaib Malik,1,0,,,,,,,,,
1142924,2018,2018-07-22,Queens Sports Club,2,26.1,Zimbabwe,Pakistan,PS Masvaure,R Murray,Shadab Khan,4,0,,,,,,,,,
1142924,2018,2018-07-22,Queens Sports Club,2,26.2,Zimbabwe,Pakistan,PS Masvaure,R Murray,Shadab Khan,1,0,,,,,,,,,
1142924,2018,2018-07-22,Queens Sports Club,2,26.3,Zimbabwe,Pakistan,R Murray,PS Masvaure,Shadab Khan,0,0,,,,,,,,,
1142924,2018,2018-07-22,Queens Sports Club,2,26.4,Zimbabwe,Pakistan,R Murray,PS Masvaure,Shadab Khan,0,0,,,,,,,,,
1142924,2018,2018-07-22,Queens Sports Club,2,26.5,Zimbabwe,Pakistan,R Murray,PS Masvaure,Shadab Khan,0,0,,,,,,,,,
1142924,2018,2018-07-22,Queens Sports Club,2,26.6,Zimbabwe,Pakistan,R Murray,PS Masvaure,Shadab Khan,6,0,,,,,,,,,
1142924,2018,2018-07-22,Queens Sports Club,2,27.1,Zimbabwe,Pakistan,PS Masvaure,R Murray,Shoaib Malik,1,0,,,,,,,,,
1142924,2018,2018-07-22,Queens Sports Club,2,27.2,Zimbabwe,Pakistan,R Murray,PS Masvaure,Shoaib Malik,0,0,,,,,,,,,
1142924,2018,2018-07-22,Queens Sports Club,2,27.3,Zimbabwe,Pakistan,R Murray,PS Masvaure,Shoaib Malik,0,0,,,,,,,,,
1142924,2018,2018-07-22,Queens Sports Club,2,27.4,Zimbabwe,Pakistan,R Murray,PS Masvaure,Shoaib Malik,1,0,,,,,,,,,
1142924,2018,2018-07-22,Queens Sports Club,2,27.5,Zimbabwe,Pakistan,PS Masvaure,R Murray,Shoaib Malik,1,0,,,,,,,,,
1142924,2018,2018-07-22,Queens Sports Club,2,27.6,Zimbabwe,Pakistan,R Murray,PS Masvaure,Shoaib Malik,0,0,,,,,,,,,
1142924,2018,2018-07-22,Queens Sports Club,2,28.1,Zimbabwe,Pakistan,PS Masvaure,R Murray,Shadab Khan,1,0,,,,,,,,,
1142924,2018,2018-07-22,Queens Sports Club,2,28.2,Zimbabwe,Pakistan,R Murray,PS Masvaure,Shadab Khan,0,0,,,,,,,,,
1142924,2018,2018-07-22,Queens Sports Club,2,28.3,Zimbabwe,Pakistan,R Murray,PS Masvaure,Shadab Khan,4,0,,,,,,,,,
1142924,2018,2018-07-22,Queens Sports Club,2,28.4,Zimbabwe,Pakistan,R Murray,PS Masvaure,Shadab Khan,0,0,,,,,,,,,
1142924,2018,2018-07-22,Queens Sports Club,2,28.5,Zimbabwe,Pakistan,R Murray,PS Masvaure,Shadab Khan,1,0,,,,,,,,,
1142924,2018,2018-07-22,Queens Sports Club,2,28.6,Zimbabwe,Pakistan,PS Masvaure,R Murray,Shadab Khan,0,0,,,,,,,,,
1142924,2018,2018-07-22,Queens Sports Club,2,29.1,Zimbabwe,Pakistan,R Murray,PS Masvaure,Shoaib Malik,1,0,,,,,,,,,
1142924,2018,2018-07-22,Queens Sports Club,2,29.2,Zimbabwe,Pakistan,PS Masvaure,R Murray,Shoaib Malik,2,0,,,,,,,,,
1142924,2018,2018-07-22,Queens Sports Club,2,29.3,Zimbabwe,Pakistan,PS Masvaure,R Murray,Shoaib Malik,1,0,,,,,,,,,
1142924,2018,2018-07-22,Queens Sports Club,2,29.4,Zimbabwe,Pakistan,R Murray,PS Masvaure,Shoaib Malik,1,0,,,,,,,,,
1142924,2018,2018-07-22,Queens Sports Club,2,29.5,Zimbabwe,Pakistan,PS Masvaure,R Murray,Shoaib Malik,1,0,,,,,,,,,
1142924,2018,2018-07-22,Queens Sports Club,2,29.6,Zimbabwe,Pakistan,R Murray,PS Masvaure,Shoaib Malik,0,0,,,,,,,,,
1142924,2018,2018-07-22,Queens Sports Club,2,30.1,Zimbabwe,Pakistan,PS Masvaure,R Murray,Hasan Ali,1,0,,,,,,,,,
1142924,2018,2018-07-22,Queens Sports Club,2,30.2,Zimbabwe,Pakistan,R Murray,PS Masvaure,Hasan Ali,0,0,,,,,,,,,
1142924,2018,2018-07-22,Queens Sports Club,2,30.3,Zimbabwe,Pakistan,R Murray,PS Masvaure,Hasan Ali,1,0,,,,,,,,,
1142924,2018,2018-07-22,Queens Sports Club,2,30.4,Zimbabwe,Pakistan,PS Masvaure,R Murray,Hasan Ali,0,1,1,,,,,,,,
1142924,2018,2018-07-22,Queens Sports Club,2,30.5,Zimbabwe,Pakistan,PS Masvaure,R Murray,Hasan Ali,0,0,,,,,,,,,
1142924,2018,2018-07-22,Queens Sports Club,2,30.6,Zimbabwe,Pakistan,PS Masvaure,R Murray,Hasan Ali,0,0,,,,,,,,,
1142924,2018,2018-07-22,Queens Sports Club,2,30.7,Zimbabwe,Pakistan,PS Masvaure,R Murray,Hasan Ali,1,0,,,,,,,,,
1142924,2018,2018-07-22,Queens Sports Club,2,31.1,Zimbabwe,Pakistan,PS Masvaure,R Murray,Shoaib Malik,1,0,,,,,,,,,
1142924,2018,2018-07-22,Queens Sports Club,2,31.2,Zimbabwe,Pakistan,R Murray,PS Masvaure,Shoaib Malik,1,0,,,,,,,,,
1142924,2018,2018-07-22,Queens Sports Club,2,31.3,Zimbabwe,Pakistan,PS Masvaure,R Murray,Shoaib Malik,1,0,,,,,,,,,
1142924,2018,2018-07-22,Queens Sports Club,2,31.4,Zimbabwe,Pakistan,R Murray,PS Masvaure,Shoaib Malik,1,0,,,,,,,,,
1142924,2018,2018-07-22,Queens Sports Club,2,31.5,Zimbabwe,Pakistan,PS Masvaure,R Murray,Shoaib Malik,1,0,,,,,,,,,
1142924,2018,2018-07-22,Queens Sports Club,2,31.6,Zimbabwe,Pakistan,R Murray,PS Masvaure,Shoaib Malik,0,1,1,,,,,,,,
1142924,2018,2018-07-22,Queens Sports Club,2,31.7,Zimbabwe,Pakistan,R Murray,PS Masvaure,Shoaib Malik,0,0,,,,,,,,,
1142924,2018,2018-07-22,Queens Sports Club,2,32.1,Zimbabwe,Pakistan,PS Masvaure,R Murray,Hasan Ali,0,0,,,,,,,,,
1142924,2018,2018-07-22,Queens Sports Club,2,32.2,Zimbabwe,Pakistan,PS Masvaure,R Murray,Hasan Ali,0,0,,,,,,caught,PS Masvaure,,
1142924,2018,2018-07-22,Queens Sports Club,2,32.3,Zimbabwe,Pakistan,PJ Moor,R Murray,Hasan Ali,0,0,,,,,,,,,
1142924,2018,2018-07-22,Queens Sports Club,2,32.4,Zimbabwe,Pakistan,PJ Moor,R Murray,Hasan Ali,0,0,,,,,,,,,
1142924,2018,2018-07-22,Queens Sports Club,2,32.5,Zimbabwe,Pakistan,PJ Moor,R Murray,Hasan Ali,1,0,,,,,,,,,
1142924,2018,2018-07-22,Queens Sports Club,2,32.6,Zimbabwe,Pakistan,R Murray,PJ Moor,Hasan Ali,0,0,,,,,,,,,
1142924,2018,2018-07-22,Queens Sports Club,2,33.1,Zimbabwe,Pakistan,PJ Moor,R Murray,Mohammad Amir,0,0,,,,,,,,,
1142924,2018,2018-07-22,Queens Sports Club,2,33.2,Zimbabwe,Pakistan,PJ Moor,R Murray,Mohammad Amir,0,0,,,,,,,,,
1142924,2018,2018-07-22,Queens Sports Club,2,33.3,Zimbabwe,Pakistan,PJ Moor,R Murray,Mohammad Amir,0,0,,,,,,,,,
1142924,2018,2018-07-22,Queens Sports Club,2,33.4,Zimbabwe,Pakistan,PJ Moor,R Murray,Mohammad Amir,0,0,,,,,,,,,
1142924,2018,2018-07-22,Queens Sports Club,2,33.5,Zimbabwe,Pakistan,PJ Moor,R Murray,Mohammad Amir,0,0,,,,,,,,,
1142924,2018,2018-07-22,Queens Sports Club,2,33.6,Zimbabwe,Pakistan,PJ Moor,R Murray,Mohammad Amir,0,0,,,,,,,,,
1142924,2018,2018-07-22,Queens Sports Club,2,34.1,Zimbabwe,Pakistan,R Murray,PJ Moor,Hasan Ali,0,0,,,,,,,,,
1142924,2018,2018-07-22,Queens Sports Club,2,34.2,Zimbabwe,Pakistan,R Murray,PJ Moor,Hasan Ali,2,0,,,,,,,,,
1142924,2018,2018-07-22,Queens Sports Club,2,34.3,Zimbabwe,Pakistan,R Murray,PJ Moor,Hasan Ali,0,0,,,,,,,,,
1142924,2018,2018-07-22,Queens Sports Club,2,34.4,Zimbabwe,Pakistan,R Murray,PJ Moor,Hasan Ali,1,0,,,,,,,,,
1142924,2018,2018-07-22,Queens Sports Club,2,34.5,Zimbabwe,Pakistan,PJ Moor,R Murray,Hasan Ali,1,0,,,,,,,,,
1142924,2018,2018-07-22,Queens Sports Club,2,34.6,Zimbabwe,Pakistan,R Murray,PJ Moor,Hasan Ali,4,0,,,,,,,,,
1142924,2018,2018-07-22,Queens Sports Club,2,35.1,Zimbabwe,Pakistan,PJ Moor,R Murray,Mohammad Amir,1,0,,,,,,,,,
1142924,2018,2018-07-22,Queens Sports Club,2,35.2,Zimbabwe,Pakistan,R Murray,PJ Moor,Mohammad Amir,0,0,,,,,,,,,
1142924,2018,2018-07-22,Queens Sports Club,2,35.3,Zimbabwe,Pakistan,R Murray,PJ Moor,Mohammad Amir,0,0,,,,,,,,,
1142924,2018,2018-07-22,Queens Sports Club,2,35.4,Zimbabwe,Pakistan,R Murray,PJ Moor,Mohammad Amir,0,0,,,,,,,,,
1142924,2018,2018-07-22,Queens Sports Club,2,35.5,Zimbabwe,Pakistan,R Murray,PJ Moor,Mohammad Amir,0,0,,,,,,,,,
1142924,2018,2018-07-22,Queens Sports Club,2,35.6,Zimbabwe,Pakistan,R Murray,PJ Moor,Mohammad Amir,0,0,,,,,,,,,
1142924,2018,2018-07-22,Queens Sports Club,2,36.1,Zimbabwe,Pakistan,PJ Moor,R Murray,Mohammad Nawaz (3),0,2,2,,,,,,,,
1142924,2018,2018-07-22,Queens Sports Club,2,36.2,Zimbabwe,Pakistan,R Murray,PJ Moor,Mohammad Nawaz (3),0,0,,,,,,,,,
1142924,2018,2018-07-22,Queens Sports Club,2,36.3,Zimbabwe,Pakistan,R Murray,PJ Moor,Mohammad Nawaz (3),6,0,,,,,,,,,
1142924,2018,2018-07-22,Queens Sports Club,2,36.4,Zimbabwe,Pakistan,R Murray,PJ Moor,Mohammad Nawaz (3),0,0,,,,,,,,,
1142924,2018,2018-07-22,Queens Sports Club,2,36.5,Zimbabwe,Pakistan,R Murray,PJ Moor,Mohammad Nawaz (3),0,0,,,,,,bowled,R Murray,,
1142924,2018,2018-07-22,Queens Sports Club,2,36.6,Zimbabwe,Pakistan,E Chigumbura,PJ Moor,Mohammad Nawaz (3),1,0,,,,,,,,,
1142924,2018,2018-07-22,Queens Sports Club,2,36.7,Zimbabwe,Pakistan,PJ Moor,E Chigumbura,Mohammad Nawaz (3),1,0,,,,,,,,,
1142924,2018,2018-07-22,Queens Sports Club,2,37.1,Zimbabwe,Pakistan,PJ Moor,E Chigumbura,Mohammad Amir,1,0,,,,,,,,,
1142924,2018,2018-07-22,Queens Sports Club,2,37.2,Zimbabwe,Pakistan,E Chigumbura,PJ Moor,Mohammad Amir,0,0,,,,,,,,,
1142924,2018,2018-07-22,Queens Sports Club,2,37.3,Zimbabwe,Pakistan,E Chigumbura,PJ Moor,Mohammad Amir,0,0,,,,,,,,,
1142924,2018,2018-07-22,Queens Sports Club,2,37.4,Zimbabwe,Pakistan,E Chigumbura,PJ Moor,Mohammad Amir,0,0,,,,,,,,,
1142924,2018,2018-07-22,Queens Sports Club,2,37.5,Zimbabwe,Pakistan,E Chigumbura,PJ Moor,Mohammad Amir,0,0,,,,,,,,,
1142924,2018,2018-07-22,Queens Sports Club,2,37.6,Zimbabwe,Pakistan,E Chigumbura,PJ Moor,Mohammad Amir,0,0,,,,,,,,,
1142924,2018,2018-07-22,Queens Sports Club,2,38.1,Zimbabwe,Pakistan,PJ Moor,E Chigumbura,Mohammad Nawaz (3),1,0,,,,,,,,,
1142924,2018,2018-07-22,Queens Sports Club,2,38.2,Zimbabwe,Pakistan,E Chigumbura,PJ Moor,Mohammad Nawaz (3),1,0,,,,,,,,,
1142924,2018,2018-07-22,Queens Sports Club,2,38.3,Zimbabwe,Pakistan,PJ Moor,E Chigumbura,Mohammad Nawaz (3),0,0,,,,,,,,,
1142924,2018,2018-07-22,Queens Sports Club,2,38.4,Zimbabwe,Pakistan,PJ Moor,E Chigumbura,Mohammad Nawaz (3),4,0,,,,,,,,,
1142924,2018,2018-07-22,Queens Sports Club,2,38.5,Zimbabwe,Pakistan,PJ Moor,E Chigumbura,Mohammad Nawaz (3),1,0,,,,,,,,,
1142924,2018,2018-07-22,Queens Sports Club,2,38.6,Zimbabwe,Pakistan,E Chigumbura,PJ Moor,Mohammad Nawaz (3),0,0,,,,,,,,,
1142924,2018,2018-07-22,Queens Sports Club,2,39.1,Zimbabwe,Pakistan,PJ Moor,E Chigumbura,Junaid Khan,0,0,,,,,,,,,
1142924,2018,2018-07-22,Queens Sports Club,2,39.2,Zimbabwe,Pakistan,PJ Moor,E Chigumbura,Junaid Khan,0,0,,,,,,,,,
1142924,2018,2018-07-22,Queens Sports Club,2,39.3,Zimbabwe,Pakistan,PJ Moor,E Chigumbura,Junaid Khan,0,0,,,,,,,,,
1142924,2018,2018-07-22,Queens Sports Club,2,39.4,Zimbabwe,Pakistan,PJ Moor,E Chigumbura,Junaid Khan,1,0,,,,,,,,,
1142924,2018,2018-07-22,Queens Sports Club,2,39.5,Zimbabwe,Pakistan,E Chigumbura,PJ Moor,Junaid Khan,0,0,,,,,,,,,
1142924,2018,2018-07-22,Queens Sports Club,2,39.6,Zimbabwe,Pakistan,E Chigumbura,PJ Moor,Junaid Khan,6,0,,,,,,,,,
1142924,2018,2018-07-22,Queens Sports Club,2,40.1,Zimbabwe,Pakistan,PJ Moor,E Chigumbura,Mohammad Nawaz (3),0,0,,,,,,,,,
1142924,2018,2018-07-22,Queens Sports Club,2,40.2,Zimbabwe,Pakistan,PJ Moor,E Chigumbura,Mohammad Nawaz (3),1,0,,,,,,,,,
1142924,2018,2018-07-22,Queens Sports Club,2,40.3,Zimbabwe,Pakistan,E Chigumbura,PJ Moor,Mohammad Nawaz (3),0,0,,,,,,,,,
1142924,2018,2018-07-22,Queens Sports Club,2,40.4,Zimbabwe,Pakistan,E Chigumbura,PJ Moor,Mohammad Nawaz (3),0,0,,,,,,,,,
1142924,2018,2018-07-22,Queens Sports Club,2,40.5,Zimbabwe,Pakistan,E Chigumbura,PJ Moor,Mohammad Nawaz (3),1,0,,,,,,,,,
1142924,2018,2018-07-22,Queens Sports Club,2,40.6,Zimbabwe,Pakistan,PJ Moor,E Chigumbura,Mohammad Nawaz (3),0,0,,,,,,,,,
1142924,2018,2018-07-22,Queens Sports Club,2,41.1,Zimbabwe,Pakistan,E Chigumbura,PJ Moor,Junaid Khan,0,0,,,,,,,,,
1142924,2018,2018-07-22,Queens Sports Club,2,41.2,Zimbabwe,Pakistan,E Chigumbura,PJ Moor,Junaid Khan,0,0,,,,,,,,,
1142924,2018,2018-07-22,Queens Sports Club,2,41.3,Zimbabwe,Pakistan,E Chigumbura,PJ Moor,Junaid Khan,1,0,,,,,,,,,
1142924,2018,2018-07-22,Queens Sports Club,2,41.4,Zimbabwe,Pakistan,PJ Moor,E Chigumbura,Junaid Khan,0,0,,,,,,,,,
1142924,2018,2018-07-22,Queens Sports Club,2,41.5,Zimbabwe,Pakistan,PJ Moor,E Chigumbura,Junaid Khan,0,0,,,,,,,,,
1142924,2018,2018-07-22,Queens Sports Club,2,41.6,Zimbabwe,Pakistan,PJ Moor,E Chigumbura,Junaid Khan,0,0,,,,,,,,,
1142924,2018,2018-07-22,Queens Sports Club,2,42.1,Zimbabwe,Pakistan,E Chigumbura,PJ Moor,Shadab Khan,1,0,,,,,,,,,
1142924,2018,2018-07-22,Queens Sports Club,2,42.2,Zimbabwe,Pakistan,PJ Moor,E Chigumbura,Shadab Khan,1,0,,,,,,,,,
1142924,2018,2018-07-22,Queens Sports Club,2,42.3,Zimbabwe,Pakistan,E Chigumbura,PJ Moor,Shadab Khan,1,0,,,,,,,,,
1142924,2018,2018-07-22,Queens Sports Club,2,42.4,Zimbabwe,Pakistan,PJ Moor,E Chigumbura,Shadab Khan,2,0,,,,,,,,,
1142924,2018,2018-07-22,Queens Sports Club,2,42.5,Zimbabwe,Pakistan,PJ Moor,E Chigumbura,Shadab Khan,0,0,,,,,,,,,
1142924,2018,2018-07-22,Queens Sports Club,2,42.6,Zimbabwe,Pakistan,PJ Moor,E Chigumbura,Shadab Khan,0,0,,,,,,,,,
1142924,2018,2018-07-22,Queens Sports Club,2,43.1,Zimbabwe,Pakistan,E Chigumbura,PJ Moor,Hasan Ali,0,0,,,,,,,,,
1142924,2018,2018-07-22,Queens Sports Club,2,43.2,Zimbabwe,Pakistan,E Chigumbura,PJ Moor,Hasan Ali,4,0,,,,,,,,,
1142924,2018,2018-07-22,Queens Sports Club,2,43.3,Zimbabwe,Pakistan,E Chigumbura,PJ Moor,Hasan Ali,0,0,,,,,,,,,
1142924,2018,2018-07-22,Queens Sports Club,2,43.4,Zimbabwe,Pakistan,E Chigumbura,PJ Moor,Hasan Ali,1,0,,,,,,,,,
1142924,2018,2018-07-22,Queens Sports Club,2,43.5,Zimbabwe,Pakistan,PJ Moor,E Chigumbura,Hasan Ali,4,0,,,,,,,,,
1142924,2018,2018-07-22,Queens Sports Club,2,43.6,Zimbabwe,Pakistan,PJ Moor,E Chigumbura,Hasan Ali,0,0,,,,,,,,,
1142924,2018,2018-07-22,Queens Sports Club,2,44.1,Zimbabwe,Pakistan,E Chigumbura,PJ Moor,Shadab Khan,0,0,,,,,,,,,
1142924,2018,2018-07-22,Queens Sports Club,2,44.2,Zimbabwe,Pakistan,E Chigumbura,PJ Moor,Shadab Khan,1,0,,,,,,,,,
1142924,2018,2018-07-22,Queens Sports Club,2,44.3,Zimbabwe,Pakistan,PJ Moor,E Chigumbura,Shadab Khan,0,0,,,,,,,,,
1142924,2018,2018-07-22,Queens Sports Club,2,44.4,Zimbabwe,Pakistan,PJ Moor,E Chigumbura,Shadab Khan,0,0,,,,,,,,,
1142924,2018,2018-07-22,Queens Sports Club,2,44.5,Zimbabwe,Pakistan,PJ Moor,E Chigumbura,Shadab Khan,0,0,,,,,,,,,
1142924,2018,2018-07-22,Queens Sports Club,2,44.6,Zimbabwe,Pakistan,PJ Moor,E Chigumbura,Shadab Khan,0,0,,,,,,,,,
1142924,2018,2018-07-22,Queens Sports Club,2,45.1,Zimbabwe,Pakistan,E Chigumbura,PJ Moor,Hasan Ali,0,0,,,,,,,,,
1142924,2018,2018-07-22,Queens Sports Club,2,45.2,Zimbabwe,Pakistan,E Chigumbura,PJ Moor,Hasan Ali,0,0,,,,,,,,,
1142924,2018,2018-07-22,Queens Sports Club,2,45.3,Zimbabwe,Pakistan,E Chigumbura,PJ Moor,Hasan Ali,0,1,,,,1,,,,,
1142924,2018,2018-07-22,Queens Sports Club,2,45.4,Zimbabwe,Pakistan,PJ Moor,E Chigumbura,Hasan Ali,0,0,,,,,,,,,
1142924,2018,2018-07-22,Queens Sports Club,2,45.5,Zimbabwe,Pakistan,PJ Moor,E Chigumbura,Hasan Ali,6,0,,,,,,,,,
1142924,2018,2018-07-22,Queens Sports Club,2,45.6,Zimbabwe,Pakistan,PJ Moor,E Chigumbura,Hasan Ali,2,0,,,,,,,,,
1142924,2018,2018-07-22,Queens Sports Club,2,46.1,Zimbabwe,Pakistan,E Chigumbura,PJ Moor,Shadab Khan,0,0,,,,,,,,,
1142924,2018,2018-07-22,Queens Sports Club,2,46.2,Zimbabwe,Pakistan,E Chigumbura,PJ Moor,Shadab Khan,2,0,,,,,,,,,
1142924,2018,2018-07-22,Queens Sports Club,2,46.3,Zimbabwe,Pakistan,E Chigumbura,PJ Moor,Shadab Khan,0,0,,,,,,,,,
1142924,2018,2018-07-22,Queens Sports Club,2,46.4,Zimbabwe,Pakistan,E Chigumbura,PJ Moor,Shadab Khan,1,0,,,,,,,,,
1142924,2018,2018-07-22,Queens Sports Club,2,46.5,Zimbabwe,Pakistan,PJ Moor,E Chigumbura,Shadab Khan,1,0,,,,,,,,,
1142924,2018,2018-07-22,Queens Sports Club,2,46.6,Zimbabwe,Pakistan,E Chigumbura,PJ Moor,Shadab Khan,1,0,,,,,,,,,
1142924,2018,2018-07-22,Queens Sports Club,2,47.1,Zimbabwe,Pakistan,E Chigumbura,PJ Moor,Sarfraz Ahmed,1,0,,,,,,,,,
1142924,2018,2018-07-22,Queens Sports Club,2,47.2,Zimbabwe,Pakistan,PJ Moor,E Chigumbura,Sarfraz Ahmed,2,0,,,,,,,,,
1142924,2018,2018-07-22,Queens Sports Club,2,47.3,Zimbabwe,Pakistan,PJ Moor,E Chigumbura,Sarfraz Ahmed,1,0,,,,,,,,,
1142924,2018,2018-07-22,Queens Sports Club,2,47.4,Zimbabwe,Pakistan,E Chigumbura,PJ Moor,Sarfraz Ahmed,0,0,,,,,,,,,
1142924,2018,2018-07-22,Queens Sports Club,2,47.5,Zimbabwe,Pakistan,E Chigumbura,PJ Moor,Sarfraz Ahmed,1,0,,,,,,,,,
1142924,2018,2018-07-22,Queens Sports Club,2,47.6,Zimbabwe,Pakistan,PJ Moor,E Chigumbura,Sarfraz Ahmed,1,0,,,,,,,,,
1142924,2018,2018-07-22,Queens Sports Club,2,48.1,Zimbabwe,Pakistan,PJ Moor,E Chigumbura,Shadab Khan,0,0,,,,,,,,,
1142924,2018,2018-07-22,Queens Sports Club,2,48.2,Zimbabwe,Pakistan,PJ Moor,E Chigumbura,Shadab Khan,0,0,,,,,,,,,
1142924,2018,2018-07-22,Queens Sports Club,2,48.3,Zimbabwe,Pakistan,PJ Moor,E Chigumbura,Shadab Khan,1,0,,,,,,,,,
1142924,2018,2018-07-22,Queens Sports Club,2,48.4,Zimbabwe,Pakistan,E Chigumbura,PJ Moor,Shadab Khan,0,0,,,,,,,,,
1142924,2018,2018-07-22,Queens Sports Club,2,48.5,Zimbabwe,Pakistan,E Chigumbura,PJ Moor,Shadab Khan,1,0,,,,,,,,,
1142924,2018,2018-07-22,Queens Sports Club,2,48.6,Zimbabwe,Pakistan,PJ Moor,E Chigumbura,Shadab Khan,1,0,,,,,,,,,
1142924,2018,2018-07-22,Queens Sports Club,2,49.1,Zimbabwe,Pakistan,PJ Moor,E Chigumbura,Sarfraz Ahmed,6,0,,,,,,,,,
1142924,2018,2018-07-22,Queens Sports Club,2,49.2,Zimbabwe,Pakistan,PJ Moor,E Chigumbura,Sarfraz Ahmed,0,0,,,,,,,,,
1142924,2018,2018-07-22,Queens Sports Club,2,49.3,Zimbabwe,Pakistan,PJ Moor,E Chigumbura,Sarfraz Ahmed,2,0,,,,,,,,,
1142924,2018,2018-07-22,Queens Sports Club,2,49.4,Zimbabwe,Pakistan,PJ Moor,E Chigumbura,Sarfraz Ahmed,0,0,,,,,,,,,
1142924,2018,2018-07-22,Queens Sports Club,2,49.5,Zimbabwe,Pakistan,PJ Moor,E Chigumbura,Sarfraz Ahmed,0,0,,,,,,,,,
1142924,2018,2018-07-22,Queens Sports Club,2,49.6,Zimbabwe,Pakistan,PJ Moor,E Chigumbura,Sarfraz Ahmed,1,0,,,,,,,,,
