match_id,season,start_date,venue,innings,ball,batting_team,bowling_team,striker,non_striker,bowler,runs_off_bat,extras,wides,noballs,byes,legbyes,penalty,wicket_type,player_dismissed,other_wicket_type,other_player_dismissed
1142923,2018,2018-07-20,Queens Sports Club,1,0.1,Pakistan,Zimbabwe,Imam-ul-Haq,Fakhar Zaman,B Muzarabani,0,0,,,,,,,,,
1142923,2018,2018-07-20,Queens Sports Club,1,0.2,Pakistan,Zimbabwe,Imam-ul-Haq,Fakhar Zaman,B Muzarabani,2,0,,,,,,,,,
1142923,2018,2018-07-20,Queens Sports Club,1,0.3,Pakistan,Zimbabwe,Imam-ul-Haq,Fakhar Zaman,B Muzarabani,0,0,,,,,,,,,
1142923,2018,2018-07-20,Queens Sports Club,1,0.4,Pakistan,Zimbabwe,Imam-ul-Haq,Fakhar Zaman,B Muzarabani,0,1,1,,,,,,,,
1142923,2018,2018-07-20,Queens Sports Club,1,0.5,Pakistan,Zimbabwe,Imam-ul-Haq,Fakhar Zaman,B Muzarabani,0,4,,,,4,,,,,
1142923,2018,2018-07-20,Queens Sports Club,1,0.6,Pakistan,Zimbabwe,Imam-ul-Haq,Fakhar Zaman,B Muzarabani,0,0,,,,,,,,,
1142923,2018,2018-07-20,Queens Sports Club,1,0.7,Pakistan,Zimbabwe,Imam-ul-Haq,Fakhar Zaman,B Muzarabani,1,0,,,,,,,,,
1142923,2018,2018-07-20,Queens Sports Club,1,1.1,Pakistan,Zimbabwe,Imam-ul-Haq,Fakhar Zaman,R Ngarava,4,0,,,,,,,,,
1142923,2018,2018-07-20,Queens Sports Club,1,1.2,Pakistan,Zimbabwe,Imam-ul-Haq,Fakhar Zaman,R Ngarava,2,0,,,,,,,,,
1142923,2018,2018-07-20,Queens Sports Club,1,1.3,Pakistan,Zimbabwe,Imam-ul-Haq,Fakhar Zaman,R Ngarava,0,0,,,,,,,,,
1142923,2018,2018-07-20,Queens Sports Club,1,1.4,Pakistan,Zimbabwe,Imam-ul-Haq,Fakhar Zaman,R Ngarava,0,0,,,,,,,,,
1142923,2018,2018-07-20,Queens Sports Club,1,1.5,Pakistan,Zimbabwe,Imam-ul-Haq,Fakhar Zaman,R Ngarava,0,0,,,,,,,,,
1142923,2018,2018-07-20,Queens Sports Club,1,1.6,Pakistan,Zimbabwe,Imam-ul-Haq,Fakhar Zaman,R Ngarava,1,0,,,,,,,,,
1142923,2018,2018-07-20,Queens Sports Club,1,2.1,Pakistan,Zimbabwe,Imam-ul-Haq,Fakhar Zaman,B Muzarabani,0,0,,,,,,,,,
1142923,2018,2018-07-20,Queens Sports Club,1,2.2,Pakistan,Zimbabwe,Imam-ul-Haq,Fakhar Zaman,B Muzarabani,0,0,,,,,,,,,
1142923,2018,2018-07-20,Queens Sports Club,1,2.3,Pakistan,Zimbabwe,Imam-ul-Haq,Fakhar Zaman,B Muzarabani,0,0,,,,,,,,,
1142923,2018,2018-07-20,Queens Sports Club,1,2.4,Pakistan,Zimbabwe,Imam-ul-Haq,Fakhar Zaman,B Muzarabani,0,0,,,,,,,,,
1142923,2018,2018-07-20,Queens Sports Club,1,2.5,Pakistan,Zimbabwe,Imam-ul-Haq,Fakhar Zaman,B Muzarabani,0,0,,,,,,,,,
1142923,2018,2018-07-20,Queens Sports Club,1,2.6,Pakistan,Zimbabwe,Imam-ul-Haq,Fakhar Zaman,B Muzarabani,1,0,,,,,,,,,
1142923,2018,2018-07-20,Queens Sports Club,1,3.1,Pakistan,Zimbabwe,Imam-ul-Haq,Fakhar Zaman,R Ngarava,2,0,,,,,,,,,
1142923,2018,2018-07-20,Queens Sports Club,1,3.2,Pakistan,Zimbabwe,Imam-ul-Haq,Fakhar Zaman,R Ngarava,0,1,1,,,,,,,,
1142923,2018,2018-07-20,Queens Sports Club,1,3.3,Pakistan,Zimbabwe,Imam-ul-Haq,Fakhar Zaman,R Ngarava,0,0,,,,,,,,,
1142923,2018,2018-07-20,Queens Sports Club,1,3.4,Pakistan,Zimbabwe,Imam-ul-Haq,Fakhar Zaman,R Ngarava,4,0,,,,,,,,,
1142923,2018,2018-07-20,Queens Sports Club,1,3.5,Pakistan,Zimbabwe,Imam-ul-Haq,Fakhar Zaman,R Ngarava,1,0,,,,,,,,,
1142923,2018,2018-07-20,Queens Sports Club,1,3.6,Pakistan,Zimbabwe,Fakhar Zaman,Imam-ul-Haq,R Ngarava,2,0,,,,,,,,,
1142923,2018,2018-07-20,Queens Sports Club,1,3.7,Pakistan,Zimbabwe,Fakhar Zaman,Imam-ul-Haq,R Ngarava,0,0,,,,,,,,,
1142923,2018,2018-07-20,Queens Sports Club,1,4.1,Pakistan,Zimbabwe,Imam-ul-Haq,Fakhar Zaman,B Muzarabani,0,0,,,,,,,,,
1142923,2018,2018-07-20,Queens Sports Club,1,4.2,Pakistan,Zimbabwe,Imam-ul-Haq,Fakhar Zaman,B Muzarabani,0,0,,,,,,,,,
1142923,2018,2018-07-20,Queens Sports Club,1,4.3,Pakistan,Zimbabwe,Imam-ul-Haq,Fakhar Zaman,B Muzarabani,1,0,,,,,,,,,
1142923,2018,2018-07-20,Queens Sports Club,1,4.4,Pakistan,Zimbabwe,Fakhar Zaman,Imam-ul-Haq,B Muzarabani,0,0,,,,,,,,,
1142923,2018,2018-07-20,Queens Sports Club,1,4.5,Pakistan,Zimbabwe,Fakhar Zaman,Imam-ul-Haq,B Muzarabani,0,0,,,,,,,,,
1142923,2018,2018-07-20,Queens Sports Club,1,4.6,Pakistan,Zimbabwe,Fakhar Zaman,Imam-ul-Haq,B Muzarabani,1,0,,,,,,,,,
1142923,2018,2018-07-20,Queens Sports Club,1,5.1,Pakistan,Zimbabwe,Fakhar Zaman,Imam-ul-Haq,DT Tiripano,4,0,,,,,,,,,
1142923,2018,2018-07-20,Queens Sports Club,1,5.2,Pakistan,Zimbabwe,Fakhar Zaman,Imam-ul-Haq,DT Tiripano,1,0,,,,,,,,,
1142923,2018,2018-07-20,Queens Sports Club,1,5.3,Pakistan,Zimbabwe,Imam-ul-Haq,Fakhar Zaman,DT Tiripano,2,0,,,,,,,,,
1142923,2018,2018-07-20,Queens Sports Club,1,5.4,Pakistan,Zimbabwe,Imam-ul-Haq,Fakhar Zaman,DT Tiripano,0,0,,,,,,,,,
1142923,2018,2018-07-20,Queens Sports Club,1,5.5,Pakistan,Zimbabwe,Imam-ul-Haq,Fakhar Zaman,DT Tiripano,0,0,,,,,,,,,
1142923,2018,2018-07-20,Queens Sports Club,1,5.6,Pakistan,Zimbabwe,Imam-ul-Haq,Fakhar Zaman,DT Tiripano,3,0,,,,,,,,,
1142923,2018,2018-07-20,Queens Sports Club,1,6.1,Pakistan,Zimbabwe,Imam-ul-Haq,Fakhar Zaman,B Muzarabani,0,0,,,,,,,,,
1142923,2018,2018-07-20,Queens Sports Club,1,6.2,Pakistan,Zimbabwe,Imam-ul-Haq,Fakhar Zaman,B Muzarabani,0,0,,,,,,,,,
1142923,2018,2018-07-20,Queens Sports Club,1,6.3,Pakistan,Zimbabwe,Imam-ul-Haq,Fakhar Zaman,B Muzarabani,1,0,,,,,,,,,
1142923,2018,2018-07-20,Queens Sports Club,1,6.4,Pakistan,Zimbabwe,Fakhar Zaman,Imam-ul-Haq,B Muzarabani,0,0,,,,,,,,,
1142923,2018,2018-07-20,Queens Sports Club,1,6.5,Pakistan,Zimbabwe,Fakhar Zaman,Imam-ul-Haq,B Muzarabani,1,0,,,,,,,,,
1142923,2018,2018-07-20,Queens Sports Club,1,6.6,Pakistan,Zimbabwe,Imam-ul-Haq,Fakhar Zaman,B Muzarabani,0,0,,,,,,,,,
1142923,2018,2018-07-20,Queens Sports Club,1,7.1,Pakistan,Zimbabwe,Fakhar Zaman,Imam-ul-Haq,DT Tiripano,0,0,,,,,,,,,
1142923,2018,2018-07-20,Queens Sports Club,1,7.2,Pakistan,Zimbabwe,Fakhar Zaman,Imam-ul-Haq,DT Tiripano,0,0,,,,,,,,,
1142923,2018,2018-07-20,Queens Sports Club,1,7.3,Pakistan,Zimbabwe,Fakhar Zaman,Imam-ul-Haq,DT Tiripano,0,0,,,,,,,,,
1142923,2018,2018-07-20,Queens Sports Club,1,7.4,Pakistan,Zimbabwe,Fakhar Zaman,Imam-ul-Haq,DT Tiripano,1,0,,,,,,,,,
1142923,2018,2018-07-20,Queens Sports Club,1,7.5,Pakistan,Zimbabwe,Imam-ul-Haq,Fakhar Zaman,DT Tiripano,0,0,,,,,,,,,
1142923,2018,2018-07-20,Queens Sports Club,1,7.6,Pakistan,Zimbabwe,Imam-ul-Haq,Fakhar Zaman,DT Tiripano,0,0,,,,,,,,,
1142923,2018,2018-07-20,Queens Sports Club,1,8.1,Pakistan,Zimbabwe,Fakhar Zaman,Imam-ul-Haq,B Muzarabani,4,0,,,,,,,,,
1142923,2018,2018-07-20,Queens Sports Club,1,8.2,Pakistan,Zimbabwe,Fakhar Zaman,Imam-ul-Haq,B Muzarabani,1,0,,,,,,,,,
1142923,2018,2018-07-20,Queens Sports Club,1,8.3,Pakistan,Zimbabwe,Imam-ul-Haq,Fakhar Zaman,B Muzarabani,1,0,,,,,,,,,
1142923,2018,2018-07-20,Queens Sports Club,1,8.4,Pakistan,Zimbabwe,Fakhar Zaman,Imam-ul-Haq,B Muzarabani,0,0,,,,,,,,,
1142923,2018,2018-07-20,Queens Sports Club,1,8.5,Pakistan,Zimbabwe,Fakhar Zaman,Imam-ul-Haq,B Muzarabani,0,0,,,,,,,,,
1142923,2018,2018-07-20,Queens Sports Club,1,8.6,Pakistan,Zimbabwe,Fakhar Zaman,Imam-ul-Haq,B Muzarabani,1,0,,,,,,,,,
1142923,2018,2018-07-20,Queens Sports Club,1,9.1,Pakistan,Zimbabwe,Fakhar Zaman,Imam-ul-Haq,DT Tiripano,0,0,,,,,,,,,
1142923,2018,2018-07-20,Queens Sports Club,1,9.2,Pakistan,Zimbabwe,Fakhar Zaman,Imam-ul-Haq,DT Tiripano,0,0,,,,,,,,,
1142923,2018,2018-07-20,Queens Sports Club,1,9.3,Pakistan,Zimbabwe,Fakhar Zaman,Imam-ul-Haq,DT Tiripano,4,0,,,,,,,,,
1142923,2018,2018-07-20,Queens Sports Club,1,9.4,Pakistan,Zimbabwe,Fakhar Zaman,Imam-ul-Haq,DT Tiripano,0,1,1,,,,,,,,
1142923,2018,2018-07-20,Queens Sports Club,1,9.5,Pakistan,Zimbabwe,Fakhar Zaman,Imam-ul-Haq,DT Tiripano,2,0,,,,,,,,,
1142923,2018,2018-07-20,Queens Sports Club,1,9.6,Pakistan,Zimbabwe,Fakhar Zaman,Imam-ul-Haq,DT Tiripano,4,0,,,,,,,,,
1142923,2018,2018-07-20,Queens Sports Club,1,9.7,Pakistan,Zimbabwe,Fakhar Zaman,Imam-ul-Haq,DT Tiripano,0,0,,,,,,,,,
1142923,2018,2018-07-20,Queens Sports Club,1,10.1,Pakistan,Zimbabwe,Imam-ul-Haq,Fakhar Zaman,TS Chisoro,0,0,,,,,,,,,
1142923,2018,2018-07-20,Queens Sports Club,1,10.2,Pakistan,Zimbabwe,Imam-ul-Haq,Fakhar Zaman,TS Chisoro,0,0,,,,,,,,,
1142923,2018,2018-07-20,Queens Sports Club,1,10.3,Pakistan,Zimbabwe,Imam-ul-Haq,Fakhar Zaman,TS Chisoro,1,0,,,,,,,,,
1142923,2018,2018-07-20,Queens Sports Club,1,10.4,Pakistan,Zimbabwe,Fakhar Zaman,Imam-ul-Haq,TS Chisoro,0,0,,,,,,,,,
1142923,2018,2018-07-20,Queens Sports Club,1,10.5,Pakistan,Zimbabwe,Fakhar Zaman,Imam-ul-Haq,TS Chisoro,0,0,,,,,,,,,
1142923,2018,2018-07-20,Queens Sports Club,1,10.6,Pakistan,Zimbabwe,Fakhar Zaman,Imam-ul-Haq,TS Chisoro,0,3,3,,,,,,,,
1142923,2018,2018-07-20,Queens Sports Club,1,10.7,Pakistan,Zimbabwe,Fakhar Zaman,Imam-ul-Haq,TS Chisoro,3,0,,,,,,,,,
1142923,2018,2018-07-20,Queens Sports Club,1,11.1,Pakistan,Zimbabwe,Fakhar Zaman,Imam-ul-Haq,DT Tiripano,1,0,,,,,,,,,
1142923,2018,2018-07-20,Queens Sports Club,1,11.2,Pakistan,Zimbabwe,Imam-ul-Haq,Fakhar Zaman,DT Tiripano,1,0,,,,,,,,,
1142923,2018,2018-07-20,Queens Sports Club,1,11.3,Pakistan,Zimbabwe,Fakhar Zaman,Imam-ul-Haq,DT Tiripano,1,0,,,,,,,,,
1142923,2018,2018-07-20,Queens Sports Club,1,11.4,Pakistan,Zimbabwe,Imam-ul-Haq,Fakhar Zaman,DT Tiripano,0,0,,,,,,,,,
1142923,2018,2018-07-20,Queens Sports Club,1,11.5,Pakistan,Zimbabwe,Imam-ul-Haq,Fakhar Zaman,DT Tiripano,0,0,,,,,,,,,
1142923,2018,2018-07-20,Queens Sports Club,1,11.6,Pakistan,Zimbabwe,Imam-ul-Haq,Fakhar Zaman,DT Tiripano,0,0,,,,,,,,,
1142923,2018,2018-07-20,Queens Sports Club,1,12.1,Pakistan,Zimbabwe,Fakhar Zaman,Imam-ul-Haq,TS Chisoro,0,0,,,,,,,,,
1142923,2018,2018-07-20,Queens Sports Club,1,12.2,Pakistan,Zimbabwe,Fakhar Zaman,Imam-ul-Haq,TS Chisoro,4,0,,,,,,,,,
1142923,2018,2018-07-20,Queens Sports Club,1,12.3,Pakistan,Zimbabwe,Fakhar Zaman,Imam-ul-Haq,TS Chisoro,2,0,,,,,,,,,
1142923,2018,2018-07-20,Queens Sports Club,1,12.4,Pakistan,Zimbabwe,Fakhar Zaman,Imam-ul-Haq,TS Chisoro,1,0,,,,,,,,,
1142923,2018,2018-07-20,Queens Sports Club,1,12.5,Pakistan,Zimbabwe,Imam-ul-Haq,Fakhar Zaman,TS Chisoro,0,0,,,,,,,,,
1142923,2018,2018-07-20,Queens Sports Club,1,12.6,Pakistan,Zimbabwe,Imam-ul-Haq,Fakhar Zaman,TS Chisoro,0,0,,,,,,,,,
1142923,2018,2018-07-20,Queens Sports Club,1,13.1,Pakistan,Zimbabwe,Fakhar Zaman,Imam-ul-Haq,DT Tiripano,0,0,,,,,,,,,
1142923,2018,2018-07-20,Queens Sports Club,1,13.2,Pakistan,Zimbabwe,Fakhar Zaman,Imam-ul-Haq,DT Tiripano,0,0,,,,,,,,,
1142923,2018,2018-07-20,Queens Sports Club,1,13.3,Pakistan,Zimbabwe,Fakhar Zaman,Imam-ul-Haq,DT Tiripano,2,0,,,,,,,,,
1142923,2018,2018-07-20,Queens Sports Club,1,13.4,Pakistan,Zimbabwe,Fakhar Zaman,Imam-ul-Haq,DT Tiripano,0,0,,,,,,,,,
1142923,2018,2018-07-20,Queens Sports Club,1,13.5,Pakistan,Zimbabwe,Fakhar Zaman,Imam-ul-Haq,DT Tiripano,4,0,,,,,,,,,
1142923,2018,2018-07-20,Queens Sports Club,1,13.6,Pakistan,Zimbabwe,Fakhar Zaman,Imam-ul-Haq,DT Tiripano,0,0,,,,,,,,,
1142923,2018,2018-07-20,Queens Sports Club,1,14.1,Pakistan,Zimbabwe,Imam-ul-Haq,Fakhar Zaman,TS Chisoro,1,0,,,,,,,,,
1142923,2018,2018-07-20,Queens Sports Club,1,14.2,Pakistan,Zimbabwe,Fakhar Zaman,Imam-ul-Haq,TS Chisoro,0,0,,,,,,,,,
1142923,2018,2018-07-20,Queens Sports Club,1,14.3,Pakistan,Zimbabwe,Fakhar Zaman,Imam-ul-Haq,TS Chisoro,0,0,,,,,,,,,
1142923,2018,2018-07-20,Queens Sports Club,1,14.4,Pakistan,Zimbabwe,Fakhar Zaman,Imam-ul-Haq,TS Chisoro,1,0,,,,,,,,,
1142923,2018,2018-07-20,Queens Sports Club,1,14.5,Pakistan,Zimbabwe,Imam-ul-Haq,Fakhar Zaman,TS Chisoro,1,0,,,,,,,,,
1142923,2018,2018-07-20,Queens Sports Club,1,14.6,Pakistan,Zimbabwe,Fakhar Zaman,Imam-ul-Haq,TS Chisoro,0,0,,,,,,,,,
1142923,2018,2018-07-20,Queens Sports Club,1,15.1,Pakistan,Zimbabwe,Imam-ul-Haq,Fakhar Zaman,WP Masakadza,1,0,,,,,,,,,
1142923,2018,2018-07-20,Queens Sports Club,1,15.2,Pakistan,Zimbabwe,Fakhar Zaman,Imam-ul-Haq,WP Masakadza,0,0,,,,,,,,,
1142923,2018,2018-07-20,Queens Sports Club,1,15.3,Pakistan,Zimbabwe,Fakhar Zaman,Imam-ul-Haq,WP Masakadza,1,0,,,,,,,,,
1142923,2018,2018-07-20,Queens Sports Club,1,15.4,Pakistan,Zimbabwe,Imam-ul-Haq,Fakhar Zaman,WP Masakadza,3,0,,,,,,,,,
1142923,2018,2018-07-20,Queens Sports Club,1,15.5,Pakistan,Zimbabwe,Fakhar Zaman,Imam-ul-Haq,WP Masakadza,1,0,,,,,,,,,
1142923,2018,2018-07-20,Queens Sports Club,1,15.6,Pakistan,Zimbabwe,Imam-ul-Haq,Fakhar Zaman,WP Masakadza,0,0,,,,,,,,,
1142923,2018,2018-07-20,Queens Sports Club,1,16.1,Pakistan,Zimbabwe,Fakhar Zaman,Imam-ul-Haq,TS Chisoro,0,0,,,,,,,,,
1142923,2018,2018-07-20,Queens Sports Club,1,16.2,Pakistan,Zimbabwe,Fakhar Zaman,Imam-ul-Haq,TS Chisoro,1,0,,,,,,,,,
1142923,2018,2018-07-20,Queens Sports Club,1,16.3,Pakistan,Zimbabwe,Imam-ul-Haq,Fakhar Zaman,TS Chisoro,0,0,,,,,,,,,
1142923,2018,2018-07-20,Queens Sports Club,1,16.4,Pakistan,Zimbabwe,Imam-ul-Haq,Fakhar Zaman,TS Chisoro,1,0,,,,,,,,,
1142923,2018,2018-07-20,Queens Sports Club,1,16.5,Pakistan,Zimbabwe,Fakhar Zaman,Imam-ul-Haq,TS Chisoro,0,0,,,,,,,,,
1142923,2018,2018-07-20,Queens Sports Club,1,16.6,Pakistan,Zimbabwe,Fakhar Zaman,Imam-ul-Haq,TS Chisoro,0,0,,,,,,,,,
1142923,2018,2018-07-20,Queens Sports Club,1,17.1,Pakistan,Zimbabwe,Imam-ul-Haq,Fakhar Zaman,WP Masakadza,0,0,,,,,,,,,
1142923,2018,2018-07-20,Queens Sports Club,1,17.2,Pakistan,Zimbabwe,Imam-ul-Haq,Fakhar Zaman,WP Masakadza,1,0,,,,,,,,,
1142923,2018,2018-07-20,Queens Sports Club,1,17.3,Pakistan,Zimbabwe,Fakhar Zaman,Imam-ul-Haq,WP Masakadza,4,0,,,,,,,,,
1142923,2018,2018-07-20,Queens Sports Club,1,17.4,Pakistan,Zimbabwe,Fakhar Zaman,Imam-ul-Haq,WP Masakadza,4,0,,,,,,,,,
1142923,2018,2018-07-20,Queens Sports Club,1,17.5,Pakistan,Zimbabwe,Fakhar Zaman,Imam-ul-Haq,WP Masakadza,1,0,,,,,,,,,
1142923,2018,2018-07-20,Queens Sports Club,1,17.6,Pakistan,Zimbabwe,Imam-ul-Haq,Fakhar Zaman,WP Masakadza,1,0,,,,,,,,,
1142923,2018,2018-07-20,Queens Sports Club,1,18.1,Pakistan,Zimbabwe,Imam-ul-Haq,Fakhar Zaman,TS Chisoro,2,0,,,,,,,,,
1142923,2018,2018-07-20,Queens Sports Club,1,18.2,Pakistan,Zimbabwe,Imam-ul-Haq,Fakhar Zaman,TS Chisoro,1,0,,,,,,,,,
1142923,2018,2018-07-20,Queens Sports Club,1,18.3,Pakistan,Zimbabwe,Fakhar Zaman,Imam-ul-Haq,TS Chisoro,0,0,,,,,,,,,
1142923,2018,2018-07-20,Queens Sports Club,1,18.4,Pakistan,Zimbabwe,Fakhar Zaman,Imam-ul-Haq,TS Chisoro,0,0,,,,,,,,,
1142923,2018,2018-07-20,Queens Sports Club,1,18.5,Pakistan,Zimbabwe,Fakhar Zaman,Imam-ul-Haq,TS Chisoro,1,0,,,,,,,,,
1142923,2018,2018-07-20,Queens Sports Club,1,18.6,Pakistan,Zimbabwe,Imam-ul-Haq,Fakhar Zaman,TS Chisoro,1,0,,,,,,,,,
1142923,2018,2018-07-20,Queens Sports Club,1,19.1,Pakistan,Zimbabwe,Imam-ul-Haq,Fakhar Zaman,WP Masakadza,0,0,,,,,,,,,
1142923,2018,2018-07-20,Queens Sports Club,1,19.2,Pakistan,Zimbabwe,Imam-ul-Haq,Fakhar Zaman,WP Masakadza,1,0,,,,,,,,,
1142923,2018,2018-07-20,Queens Sports Club,1,19.3,Pakistan,Zimbabwe,Fakhar Zaman,Imam-ul-Haq,WP Masakadza,0,0,,,,,,,,,
1142923,2018,2018-07-20,Queens Sports Club,1,19.4,Pakistan,Zimbabwe,Fakhar Zaman,Imam-ul-Haq,WP Masakadza,1,0,,,,,,,,,
1142923,2018,2018-07-20,Queens Sports Club,1,19.5,Pakistan,Zimbabwe,Imam-ul-Haq,Fakhar Zaman,WP Masakadza,1,0,,,,,,,,,
1142923,2018,2018-07-20,Queens Sports Club,1,19.6,Pakistan,Zimbabwe,Fakhar Zaman,Imam-ul-Haq,WP Masakadza,1,0,,,,,,,,,
1142923,2018,2018-07-20,Queens Sports Club,1,20.1,Pakistan,Zimbabwe,Fakhar Zaman,Imam-ul-Haq,R Ngarava,0,0,,,,,,,,,
1142923,2018,2018-07-20,Queens Sports Club,1,20.2,Pakistan,Zimbabwe,Fakhar Zaman,Imam-ul-Haq,R Ngarava,4,0,,,,,,,,,
1142923,2018,2018-07-20,Queens Sports Club,1,20.3,Pakistan,Zimbabwe,Fakhar Zaman,Imam-ul-Haq,R Ngarava,1,0,,,,,,,,,
1142923,2018,2018-07-20,Queens Sports Club,1,20.4,Pakistan,Zimbabwe,Imam-ul-Haq,Fakhar Zaman,R Ngarava,1,0,,,,,,,,,
1142923,2018,2018-07-20,Queens Sports Club,1,20.5,Pakistan,Zimbabwe,Fakhar Zaman,Imam-ul-Haq,R Ngarava,2,0,,,,,,,,,
1142923,2018,2018-07-20,Queens Sports Club,1,20.6,Pakistan,Zimbabwe,Fakhar Zaman,Imam-ul-Haq,R Ngarava,1,0,,,,,,,,,
1142923,2018,2018-07-20,Queens Sports Club,1,21.1,Pakistan,Zimbabwe,Fakhar Zaman,Imam-ul-Haq,WP Masakadza,1,0,,,,,,,,,
1142923,2018,2018-07-20,Queens Sports Club,1,21.2,Pakistan,Zimbabwe,Imam-ul-Haq,Fakhar Zaman,WP Masakadza,0,0,,,,,,,,,
1142923,2018,2018-07-20,Queens Sports Club,1,21.3,Pakistan,Zimbabwe,Imam-ul-Haq,Fakhar Zaman,WP Masakadza,1,0,,,,,,,,,
1142923,2018,2018-07-20,Queens Sports Club,1,21.4,Pakistan,Zimbabwe,Fakhar Zaman,Imam-ul-Haq,WP Masakadza,2,0,,,,,,,,,
1142923,2018,2018-07-20,Queens Sports Club,1,21.5,Pakistan,Zimbabwe,Fakhar Zaman,Imam-ul-Haq,WP Masakadza,1,0,,,,,,,,,
1142923,2018,2018-07-20,Queens Sports Club,1,21.6,Pakistan,Zimbabwe,Imam-ul-Haq,Fakhar Zaman,WP Masakadza,0,1,1,,,,,,,,
1142923,2018,2018-07-20,Queens Sports Club,1,21.7,Pakistan,Zimbabwe,Imam-ul-Haq,Fakhar Zaman,WP Masakadza,1,0,,,,,,,,,
1142923,2018,2018-07-20,Queens Sports Club,1,22.1,Pakistan,Zimbabwe,Imam-ul-Haq,Fakhar Zaman,R Ngarava,2,0,,,,,,,,,
1142923,2018,2018-07-20,Queens Sports Club,1,22.2,Pakistan,Zimbabwe,Imam-ul-Haq,Fakhar Zaman,R Ngarava,1,0,,,,,,,,,
1142923,2018,2018-07-20,Queens Sports Club,1,22.3,Pakistan,Zimbabwe,Fakhar Zaman,Imam-ul-Haq,R Ngarava,0,0,,,,,,,,,
1142923,2018,2018-07-20,Queens Sports Club,1,22.4,Pakistan,Zimbabwe,Fakhar Zaman,Imam-ul-Haq,R Ngarava,1,0,,,,,,,,,
1142923,2018,2018-07-20,Queens Sports Club,1,22.5,Pakistan,Zimbabwe,Imam-ul-Haq,Fakhar Zaman,R Ngarava,0,0,,,,,,,,,
1142923,2018,2018-07-20,Queens Sports Club,1,22.6,Pakistan,Zimbabwe,Imam-ul-Haq,Fakhar Zaman,R Ngarava,1,0,,,,,,,,,
1142923,2018,2018-07-20,Queens Sports Club,1,23.1,Pakistan,Zimbabwe,Imam-ul-Haq,Fakhar Zaman,WP Masakadza,1,0,,,,,,,,,
1142923,2018,2018-07-20,Queens Sports Club,1,23.2,Pakistan,Zimbabwe,Fakhar Zaman,Imam-ul-Haq,WP Masakadza,1,0,,,,,,,,,
1142923,2018,2018-07-20,Queens Sports Club,1,23.3,Pakistan,Zimbabwe,Imam-ul-Haq,Fakhar Zaman,WP Masakadza,0,0,,,,,,,,,
1142923,2018,2018-07-20,Queens Sports Club,1,23.4,Pakistan,Zimbabwe,Imam-ul-Haq,Fakhar Zaman,WP Masakadza,0,1,1,,,,,,,,
1142923,2018,2018-07-20,Queens Sports Club,1,23.5,Pakistan,Zimbabwe,Imam-ul-Haq,Fakhar Zaman,WP Masakadza,0,1,1,,,,,,,,
1142923,2018,2018-07-20,Queens Sports Club,1,23.6,Pakistan,Zimbabwe,Imam-ul-Haq,Fakhar Zaman,WP Masakadza,0,0,,,,,,,,,
1142923,2018,2018-07-20,Queens Sports Club,1,23.7,Pakistan,Zimbabwe,Imam-ul-Haq,Fakhar Zaman,WP Masakadza,0,0,,,,,,,,,
1142923,2018,2018-07-20,Queens Sports Club,1,23.8,Pakistan,Zimbabwe,Imam-ul-Haq,Fakhar Zaman,WP Masakadza,1,0,,,,,,,,,
1142923,2018,2018-07-20,Queens Sports Club,1,24.1,Pakistan,Zimbabwe,Imam-ul-Haq,Fakhar Zaman,R Ngarava,4,0,,,,,,,,,
1142923,2018,2018-07-20,Queens Sports Club,1,24.2,Pakistan,Zimbabwe,Imam-ul-Haq,Fakhar Zaman,R Ngarava,2,0,,,,,,,,,
1142923,2018,2018-07-20,Queens Sports Club,1,24.3,Pakistan,Zimbabwe,Imam-ul-Haq,Fakhar Zaman,R Ngarava,4,0,,,,,,,,,
1142923,2018,2018-07-20,Queens Sports Club,1,24.4,Pakistan,Zimbabwe,Imam-ul-Haq,Fakhar Zaman,R Ngarava,2,0,,,,,,,,,
1142923,2018,2018-07-20,Queens Sports Club,1,24.5,Pakistan,Zimbabwe,Imam-ul-Haq,Fakhar Zaman,R Ngarava,0,0,,,,,,,,,
1142923,2018,2018-07-20,Queens Sports Club,1,24.6,Pakistan,Zimbabwe,Imam-ul-Haq,Fakhar Zaman,R Ngarava,1,0,,,,,,,,,
1142923,2018,2018-07-20,Queens Sports Club,1,25.1,Pakistan,Zimbabwe,Imam-ul-Haq,Fakhar Zaman,H Masakadza,0,0,,,,,,,,,
1142923,2018,2018-07-20,Queens Sports Club,1,25.2,Pakistan,Zimbabwe,Imam-ul-Haq,Fakhar Zaman,H Masakadza,1,0,,,,,,,,,
1142923,2018,2018-07-20,Queens Sports Club,1,25.3,Pakistan,Zimbabwe,Fakhar Zaman,Imam-ul-Haq,H Masakadza,1,0,,,,,,,,,
1142923,2018,2018-07-20,Queens Sports Club,1,25.4,Pakistan,Zimbabwe,Imam-ul-Haq,Fakhar Zaman,H Masakadza,4,0,,,,,,,,,
1142923,2018,2018-07-20,Queens Sports Club,1,25.5,Pakistan,Zimbabwe,Imam-ul-Haq,Fakhar Zaman,H Masakadza,0,0,,,,,,,,,
1142923,2018,2018-07-20,Queens Sports Club,1,25.6,Pakistan,Zimbabwe,Imam-ul-Haq,Fakhar Zaman,H Masakadza,1,0,,,,,,,,,
1142923,2018,2018-07-20,Queens Sports Club,1,26.1,Pakistan,Zimbabwe,Imam-ul-Haq,Fakhar Zaman,TS Chisoro,1,0,,,,,,,,,
1142923,2018,2018-07-20,Queens Sports Club,1,26.2,Pakistan,Zimbabwe,Fakhar Zaman,Imam-ul-Haq,TS Chisoro,2,0,,,,,,,,,
1142923,2018,2018-07-20,Queens Sports Club,1,26.3,Pakistan,Zimbabwe,Fakhar Zaman,Imam-ul-Haq,TS Chisoro,1,0,,,,,,,,,
1142923,2018,2018-07-20,Queens Sports Club,1,26.4,Pakistan,Zimbabwe,Imam-ul-Haq,Fakhar Zaman,TS Chisoro,0,1,1,,,,,,,,
1142923,2018,2018-07-20,Queens Sports Club,1,26.5,Pakistan,Zimbabwe,Imam-ul-Haq,Fakhar Zaman,TS Chisoro,1,0,,,,,,,,,
1142923,2018,2018-07-20,Queens Sports Club,1,26.6,Pakistan,Zimbabwe,Fakhar Zaman,Imam-ul-Haq,TS Chisoro,0,0,,,,,,,,,
1142923,2018,2018-07-20,Queens Sports Club,1,26.7,Pakistan,Zimbabwe,Fakhar Zaman,Imam-ul-Haq,TS Chisoro,1,0,,,,,,,,,
1142923,2018,2018-07-20,Queens Sports Club,1,27.1,Pakistan,Zimbabwe,Fakhar Zaman,Imam-ul-Haq,H Masakadza,0,0,,,,,,,,,
1142923,2018,2018-07-20,Queens Sports Club,1,27.2,Pakistan,Zimbabwe,Fakhar Zaman,Imam-ul-Haq,H Masakadza,1,0,,,,,,,,,
1142923,2018,2018-07-20,Queens Sports Club,1,27.3,Pakistan,Zimbabwe,Imam-ul-Haq,Fakhar Zaman,H Masakadza,1,0,,,,,,,,,
1142923,2018,2018-07-20,Queens Sports Club,1,27.4,Pakistan,Zimbabwe,Fakhar Zaman,Imam-ul-Haq,H Masakadza,0,0,,,,,,,,,
1142923,2018,2018-07-20,Queens Sports Club,1,27.5,Pakistan,Zimbabwe,Fakhar Zaman,Imam-ul-Haq,H Masakadza,6,0,,,,,,,,,
1142923,2018,2018-07-20,Queens Sports Club,1,27.6,Pakistan,Zimbabwe,Fakhar Zaman,Imam-ul-Haq,H Masakadza,2,0,,,,,,,,,
1142923,2018,2018-07-20,Queens Sports Club,1,28.1,Pakistan,Zimbabwe,Imam-ul-Haq,Fakhar Zaman,TS Chisoro,1,0,,,,,,,,,
1142923,2018,2018-07-20,Queens Sports Club,1,28.2,Pakistan,Zimbabwe,Fakhar Zaman,Imam-ul-Haq,TS Chisoro,0,0,,,,,,,,,
1142923,2018,2018-07-20,Queens Sports Club,1,28.3,Pakistan,Zimbabwe,Fakhar Zaman,Imam-ul-Haq,TS Chisoro,1,0,,,,,,,,,
1142923,2018,2018-07-20,Queens Sports Club,1,28.4,Pakistan,Zimbabwe,Imam-ul-Haq,Fakhar Zaman,TS Chisoro,1,0,,,,,,,,,
1142923,2018,2018-07-20,Queens Sports Club,1,28.5,Pakistan,Zimbabwe,Fakhar Zaman,Imam-ul-Haq,TS Chisoro,1,0,,,,,,,,,
1142923,2018,2018-07-20,Queens Sports Club,1,28.6,Pakistan,Zimbabwe,Imam-ul-Haq,Fakhar Zaman,TS Chisoro,0,0,,,,,,,,,
1142923,2018,2018-07-20,Queens Sports Club,1,29.1,Pakistan,Zimbabwe,Fakhar Zaman,Imam-ul-Haq,H Masakadza,4,0,,,,,,,,,
1142923,2018,2018-07-20,Queens Sports Club,1,29.2,Pakistan,Zimbabwe,Fakhar Zaman,Imam-ul-Haq,H Masakadza,1,0,,,,,,,,,
1142923,2018,2018-07-20,Queens Sports Club,1,29.3,Pakistan,Zimbabwe,Imam-ul-Haq,Fakhar Zaman,H Masakadza,2,0,,,,,,,,,
1142923,2018,2018-07-20,Queens Sports Club,1,29.4,Pakistan,Zimbabwe,Imam-ul-Haq,Fakhar Zaman,H Masakadza,4,0,,,,,,,,,
1142923,2018,2018-07-20,Queens Sports Club,1,29.5,Pakistan,Zimbabwe,Imam-ul-Haq,Fakhar Zaman,H Masakadza,1,0,,,,,,,,,
1142923,2018,2018-07-20,Queens Sports Club,1,29.6,Pakistan,Zimbabwe,Fakhar Zaman,Imam-ul-Haq,H Masakadza,0,0,,,,,,,,,
1142923,2018,2018-07-20,Queens Sports Club,1,30.1,Pakistan,Zimbabwe,Imam-ul-Haq,Fakhar Zaman,TS Chisoro,1,0,,,,,,,,,
1142923,2018,2018-07-20,Queens Sports Club,1,30.2,Pakistan,Zimbabwe,Fakhar Zaman,Imam-ul-Haq,TS Chisoro,0,0,,,,,,,,,
1142923,2018,2018-07-20,Queens Sports Club,1,30.3,Pakistan,Zimbabwe,Fakhar Zaman,Imam-ul-Haq,TS Chisoro,1,0,,,,,,,,,
1142923,2018,2018-07-20,Queens Sports Club,1,30.4,Pakistan,Zimbabwe,Imam-ul-Haq,Fakhar Zaman,TS Chisoro,1,0,,,,,,,,,
1142923,2018,2018-07-20,Queens Sports Club,1,30.5,Pakistan,Zimbabwe,Fakhar Zaman,Imam-ul-Haq,TS Chisoro,0,0,,,,,,,,,
1142923,2018,2018-07-20,Queens Sports Club,1,30.6,Pakistan,Zimbabwe,Fakhar Zaman,Imam-ul-Haq,TS Chisoro,0,0,,,,,,,,,
1142923,2018,2018-07-20,Queens Sports Club,1,31.1,Pakistan,Zimbabwe,Imam-ul-Haq,Fakhar Zaman,WP Masakadza,1,0,,,,,,,,,
1142923,2018,2018-07-20,Queens Sports Club,1,31.2,Pakistan,Zimbabwe,Fakhar Zaman,Imam-ul-Haq,WP Masakadza,1,0,,,,,,,,,
1142923,2018,2018-07-20,Queens Sports Club,1,31.3,Pakistan,Zimbabwe,Imam-ul-Haq,Fakhar Zaman,WP Masakadza,1,0,,,,,,,,,
1142923,2018,2018-07-20,Queens Sports Club,1,31.4,Pakistan,Zimbabwe,Fakhar Zaman,Imam-ul-Haq,WP Masakadza,4,0,,,,,,,,,
1142923,2018,2018-07-20,Queens Sports Club,1,31.5,Pakistan,Zimbabwe,Fakhar Zaman,Imam-ul-Haq,WP Masakadza,0,0,,,,,,,,,
1142923,2018,2018-07-20,Queens Sports Club,1,31.6,Pakistan,Zimbabwe,Fakhar Zaman,Imam-ul-Haq,WP Masakadza,6,0,,,,,,,,,
1142923,2018,2018-07-20,Queens Sports Club,1,32.1,Pakistan,Zimbabwe,Imam-ul-Haq,Fakhar Zaman,B Muzarabani,1,0,,,,,,,,,
1142923,2018,2018-07-20,Queens Sports Club,1,32.2,Pakistan,Zimbabwe,Fakhar Zaman,Imam-ul-Haq,B Muzarabani,0,0,,,,,,,,,
1142923,2018,2018-07-20,Queens Sports Club,1,32.3,Pakistan,Zimbabwe,Fakhar Zaman,Imam-ul-Haq,B Muzarabani,4,0,,,,,,,,,
1142923,2018,2018-07-20,Queens Sports Club,1,32.4,Pakistan,Zimbabwe,Fakhar Zaman,Imam-ul-Haq,B Muzarabani,4,0,,,,,,,,,
1142923,2018,2018-07-20,Queens Sports Club,1,32.5,Pakistan,Zimbabwe,Fakhar Zaman,Imam-ul-Haq,B Muzarabani,4,0,,,,,,,,,
1142923,2018,2018-07-20,Queens Sports Club,1,32.6,Pakistan,Zimbabwe,Fakhar Zaman,Imam-ul-Haq,B Muzarabani,2,0,,,,,,,,,
1142923,2018,2018-07-20,Queens Sports Club,1,33.1,Pakistan,Zimbabwe,Imam-ul-Haq,Fakhar Zaman,WP Masakadza,2,0,,,,,,,,,
1142923,2018,2018-07-20,Queens Sports Club,1,33.2,Pakistan,Zimbabwe,Imam-ul-Haq,Fakhar Zaman,WP Masakadza,0,0,,,,,,,,,
1142923,2018,2018-07-20,Queens Sports Club,1,33.3,Pakistan,Zimbabwe,Imam-ul-Haq,Fakhar Zaman,WP Masakadza,1,0,,,,,,,,,
1142923,2018,2018-07-20,Queens Sports Club,1,33.4,Pakistan,Zimbabwe,Fakhar Zaman,Imam-ul-Haq,WP Masakadza,1,0,,,,,,,,,
1142923,2018,2018-07-20,Queens Sports Club,1,33.5,Pakistan,Zimbabwe,Imam-ul-Haq,Fakhar Zaman,WP Masakadza,1,0,,,,,,,,,
1142923,2018,2018-07-20,Queens Sports Club,1,33.6,Pakistan,Zimbabwe,Fakhar Zaman,Imam-ul-Haq,WP Masakadza,0,1,1,,,,,,,,
1142923,2018,2018-07-20,Queens Sports Club,1,33.7,Pakistan,Zimbabwe,Fakhar Zaman,Imam-ul-Haq,WP Masakadza,0,0,,,,,,,,,
1142923,2018,2018-07-20,Queens Sports Club,1,34.1,Pakistan,Zimbabwe,Imam-ul-Haq,Fakhar Zaman,DT Tiripano,0,0,,,,,,,,,
1142923,2018,2018-07-20,Queens Sports Club,1,34.2,Pakistan,Zimbabwe,Imam-ul-Haq,Fakhar Zaman,DT Tiripano,1,0,,,,,,,,,
1142923,2018,2018-07-20,Queens Sports Club,1,34.3,Pakistan,Zimbabwe,Fakhar Zaman,Imam-ul-Haq,DT Tiripano,6,0,,,,,,,,,
1142923,2018,2018-07-20,Queens Sports Club,1,34.4,Pakistan,Zimbabwe,Fakhar Zaman,Imam-ul-Haq,DT Tiripano,0,0,,,,,,,,,
1142923,2018,2018-07-20,Queens Sports Club,1,34.5,Pakistan,Zimbabwe,Fakhar Zaman,Imam-ul-Haq,DT Tiripano,1,0,,,,,,,,,
1142923,2018,2018-07-20,Queens Sports Club,1,34.6,Pakistan,Zimbabwe,Imam-ul-Haq,Fakhar Zaman,DT Tiripano,1,0,,,,,,,,,
1142923,2018,2018-07-20,Queens Sports Club,1,35.1,Pakistan,Zimbabwe,Imam-ul-Haq,Fakhar Zaman,TS Chisoro,1,0,,,,,,,,,
1142923,2018,2018-07-20,Queens Sports Club,1,35.2,Pakistan,Zimbabwe,Fakhar Zaman,Imam-ul-Haq,TS Chisoro,0,0,,,,,,,,,
1142923,2018,2018-07-20,Queens Sports Club,1,35.3,Pakistan,Zimbabwe,Fakhar Zaman,Imam-ul-Haq,TS Chisoro,2,0,,,,,,,,,
1142923,2018,2018-07-20,Queens Sports Club,1,35.4,Pakistan,Zimbabwe,Fakhar Zaman,Imam-ul-Haq,TS Chisoro,2,0,,,,,,,,,
1142923,2018,2018-07-20,Queens Sports Club,1,35.5,Pakistan,Zimbabwe,Fakhar Zaman,Imam-ul-Haq,TS Chisoro,0,0,,,,,,,,,
1142923,2018,2018-07-20,Queens Sports Club,1,35.6,Pakistan,Zimbabwe,Fakhar Zaman,Imam-ul-Haq,TS Chisoro,0,0,,,,,,,,,
1142923,2018,2018-07-20,Queens Sports Club,1,36.1,Pakistan,Zimbabwe,Imam-ul-Haq,Fakhar Zaman,DT Tiripano,0,0,,,,,,,,,
1142923,2018,2018-07-20,Queens Sports Club,1,36.2,Pakistan,Zimbabwe,Imam-ul-Haq,Fakhar Zaman,DT Tiripano,2,0,,,,,,,,,
1142923,2018,2018-07-20,Queens Sports Club,1,36.3,Pakistan,Zimbabwe,Imam-ul-Haq,Fakhar Zaman,DT Tiripano,1,0,,,,,,,,,
1142923,2018,2018-07-20,Queens Sports Club,1,36.4,Pakistan,Zimbabwe,Fakhar Zaman,Imam-ul-Haq,DT Tiripano,4,0,,,,,,,,,
1142923,2018,2018-07-20,Queens Sports Club,1,36.5,Pakistan,Zimbabwe,Fakhar Zaman,Imam-ul-Haq,DT Tiripano,1,0,,,,,,,,,
1142923,2018,2018-07-20,Queens Sports Club,1,36.6,Pakistan,Zimbabwe,Imam-ul-Haq,Fakhar Zaman,DT Tiripano,1,0,,,,,,,,,
1142923,2018,2018-07-20,Queens Sports Club,1,37.1,Pakistan,Zimbabwe,Imam-ul-Haq,Fakhar Zaman,TS Chisoro,1,0,,,,,,,,,
1142923,2018,2018-07-20,Queens Sports Club,1,37.2,Pakistan,Zimbabwe,Fakhar Zaman,Imam-ul-Haq,TS Chisoro,2,0,,,,,,,,,
1142923,2018,2018-07-20,Queens Sports Club,1,37.3,Pakistan,Zimbabwe,Fakhar Zaman,Imam-ul-Haq,TS Chisoro,4,0,,,,,,,,,
1142923,2018,2018-07-20,Queens Sports Club,1,37.4,Pakistan,Zimbabwe,Fakhar Zaman,Imam-ul-Haq,TS Chisoro,0,0,,,,,,,,,
1142923,2018,2018-07-20,Queens Sports Club,1,37.5,Pakistan,Zimbabwe,Fakhar Zaman,Imam-ul-Haq,TS Chisoro,6,0,,,,,,,,,
1142923,2018,2018-07-20,Queens Sports Club,1,37.6,Pakistan,Zimbabwe,Fakhar Zaman,Imam-ul-Haq,TS Chisoro,0,0,,,,,,,,,
1142923,2018,2018-07-20,Queens Sports Club,1,38.1,Pakistan,Zimbabwe,Imam-ul-Haq,Fakhar Zaman,B Muzarabani,4,0,,,,,,,,,
1142923,2018,2018-07-20,Queens Sports Club,1,38.2,Pakistan,Zimbabwe,Imam-ul-Haq,Fakhar Zaman,B Muzarabani,0,1,1,,,,,,,,
1142923,2018,2018-07-20,Queens Sports Club,1,38.3,Pakistan,Zimbabwe,Imam-ul-Haq,Fakhar Zaman,B Muzarabani,0,0,,,,,,,,,
1142923,2018,2018-07-20,Queens Sports Club,1,38.4,Pakistan,Zimbabwe,Imam-ul-Haq,Fakhar Zaman,B Muzarabani,4,0,,,,,,,,,
1142923,2018,2018-07-20,Queens Sports Club,1,38.5,Pakistan,Zimbabwe,Imam-ul-Haq,Fakhar Zaman,B Muzarabani,1,0,,,,,,,,,
1142923,2018,2018-07-20,Queens Sports Club,1,38.6,Pakistan,Zimbabwe,Fakhar Zaman,Imam-ul-Haq,B Muzarabani,0,0,,,,,,,,,
1142923,2018,2018-07-20,Queens Sports Club,1,38.7,Pakistan,Zimbabwe,Fakhar Zaman,Imam-ul-Haq,B Muzarabani,0,1,1,,,,,,,,
1142923,2018,2018-07-20,Queens Sports Club,1,38.8,Pakistan,Zimbabwe,Fakhar Zaman,Imam-ul-Haq,B Muzarabani,6,0,,,,,,,,,
1142923,2018,2018-07-20,Queens Sports Club,1,39.1,Pakistan,Zimbabwe,Imam-ul-Haq,Fakhar Zaman,WP Masakadza,1,0,,,,,,,,,
1142923,2018,2018-07-20,Queens Sports Club,1,39.2,Pakistan,Zimbabwe,Fakhar Zaman,Imam-ul-Haq,WP Masakadza,0,0,,,,,,,,,
1142923,2018,2018-07-20,Queens Sports Club,1,39.3,Pakistan,Zimbabwe,Fakhar Zaman,Imam-ul-Haq,WP Masakadza,4,0,,,,,,,,,
1142923,2018,2018-07-20,Queens Sports Club,1,39.4,Pakistan,Zimbabwe,Fakhar Zaman,Imam-ul-Haq,WP Masakadza,0,1,,,,1,,,,,
1142923,2018,2018-07-20,Queens Sports Club,1,39.5,Pakistan,Zimbabwe,Imam-ul-Haq,Fakhar Zaman,WP Masakadza,1,0,,,,,,,,,
1142923,2018,2018-07-20,Queens Sports Club,1,39.6,Pakistan,Zimbabwe,Fakhar Zaman,Imam-ul-Haq,WP Masakadza,1,0,,,,,,,,,
1142923,2018,2018-07-20,Queens Sports Club,1,40.1,Pakistan,Zimbabwe,Fakhar Zaman,Imam-ul-Haq,B Muzarabani,2,0,,,,,,,,,
1142923,2018,2018-07-20,Queens Sports Club,1,40.2,Pakistan,Zimbabwe,Fakhar Zaman,Imam-ul-Haq,B Muzarabani,0,0,,,,,,,,,
1142923,2018,2018-07-20,Queens Sports Club,1,40.3,Pakistan,Zimbabwe,Fakhar Zaman,Imam-ul-Haq,B Muzarabani,0,0,,,,,,,,,
1142923,2018,2018-07-20,Queens Sports Club,1,40.4,Pakistan,Zimbabwe,Fakhar Zaman,Imam-ul-Haq,B Muzarabani,1,0,,,,,,,,,
1142923,2018,2018-07-20,Queens Sports Club,1,40.5,Pakistan,Zimbabwe,Imam-ul-Haq,Fakhar Zaman,B Muzarabani,1,0,,,,,,,,,
1142923,2018,2018-07-20,Queens Sports Club,1,40.6,Pakistan,Zimbabwe,Fakhar Zaman,Imam-ul-Haq,B Muzarabani,0,0,,,,,,,,,
1142923,2018,2018-07-20,Queens Sports Club,1,41.1,Pakistan,Zimbabwe,Imam-ul-Haq,Fakhar Zaman,WP Masakadza,0,0,,,,,,,,,
1142923,2018,2018-07-20,Queens Sports Club,1,41.2,Pakistan,Zimbabwe,Imam-ul-Haq,Fakhar Zaman,WP Masakadza,1,0,,,,,,,,,
1142923,2018,2018-07-20,Queens Sports Club,1,41.3,Pakistan,Zimbabwe,Fakhar Zaman,Imam-ul-Haq,WP Masakadza,0,4,,,4,,,,,,
1142923,2018,2018-07-20,Queens Sports Club,1,41.4,Pakistan,Zimbabwe,Fakhar Zaman,Imam-ul-Haq,WP Masakadza,4,0,,,,,,,,,
1142923,2018,2018-07-20,Queens Sports Club,1,41.5,Pakistan,Zimbabwe,Fakhar Zaman,Imam-ul-Haq,WP Masakadza,1,0,,,,,,,,,
1142923,2018,2018-07-20,Queens Sports Club,1,41.6,Pakistan,Zimbabwe,Imam-ul-Haq,Fakhar Zaman,WP Masakadza,0,0,,,,,,caught,Imam-ul-Haq,,
1142923,2018,2018-07-20,Queens Sports Club,1,42.1,Pakistan,Zimbabwe,Asif Ali,Fakhar Zaman,R Ngarava,4,0,,,,,,,,,
1142923,2018,2018-07-20,Queens Sports Club,1,42.2,Pakistan,Zimbabwe,Asif Ali,Fakhar Zaman,R Ngarava,1,0,,,,,,,,,
1142923,2018,2018-07-20,Queens Sports Club,1,42.3,Pakistan,Zimbabwe,Fakhar Zaman,Asif Ali,R Ngarava,2,0,,,,,,,,,
1142923,2018,2018-07-20,Queens Sports Club,1,42.4,Pakistan,Zimbabwe,Fakhar Zaman,Asif Ali,R Ngarava,1,0,,,,,,,,,
1142923,2018,2018-07-20,Queens Sports Club,1,42.5,Pakistan,Zimbabwe,Asif Ali,Fakhar Zaman,R Ngarava,1,0,,,,,,,,,
1142923,2018,2018-07-20,Queens Sports Club,1,42.6,Pakistan,Zimbabwe,Fakhar Zaman,Asif Ali,R Ngarava,1,0,,,,,,,,,
1142923,2018,2018-07-20,Queens Sports Club,1,43.1,Pakistan,Zimbabwe,Fakhar Zaman,Asif Ali,WP Masakadza,4,0,,,,,,,,,
1142923,2018,2018-07-20,Queens Sports Club,1,43.2,Pakistan,Zimbabwe,Fakhar Zaman,Asif Ali,WP Masakadza,1,0,,,,,,,,,
1142923,2018,2018-07-20,Queens Sports Club,1,43.3,Pakistan,Zimbabwe,Asif Ali,Fakhar Zaman,WP Masakadza,1,0,,,,,,,,,
1142923,2018,2018-07-20,Queens Sports Club,1,43.4,Pakistan,Zimbabwe,Fakhar Zaman,Asif Ali,WP Masakadza,1,0,,,,,,,,,
1142923,2018,2018-07-20,Queens Sports Club,1,43.5,Pakistan,Zimbabwe,Asif Ali,Fakhar Zaman,WP Masakadza,0,0,,,,,,,,,
1142923,2018,2018-07-20,Queens Sports Club,1,43.6,Pakistan,Zimbabwe,Asif Ali,Fakhar Zaman,WP Masakadza,0,1,1,,,,,,,,
1142923,2018,2018-07-20,Queens Sports Club,1,43.7,Pakistan,Zimbabwe,Asif Ali,Fakhar Zaman,WP Masakadza,0,1,1,,,,,,,,
1142923,2018,2018-07-20,Queens Sports Club,1,43.8,Pakistan,Zimbabwe,Asif Ali,Fakhar Zaman,WP Masakadza,4,0,,,,,,,,,
1142923,2018,2018-07-20,Queens Sports Club,1,44.1,Pakistan,Zimbabwe,Fakhar Zaman,Asif Ali,R Ngarava,0,0,,,,,,,,,
1142923,2018,2018-07-20,Queens Sports Club,1,44.2,Pakistan,Zimbabwe,Fakhar Zaman,Asif Ali,R Ngarava,4,0,,,,,,,,,
1142923,2018,2018-07-20,Queens Sports Club,1,44.3,Pakistan,Zimbabwe,Fakhar Zaman,Asif Ali,R Ngarava,4,0,,,,,,,,,
1142923,2018,2018-07-20,Queens Sports Club,1,44.4,Pakistan,Zimbabwe,Fakhar Zaman,Asif Ali,R Ngarava,0,0,,,,,,,,,
1142923,2018,2018-07-20,Queens Sports Club,1,44.5,Pakistan,Zimbabwe,Fakhar Zaman,Asif Ali,R Ngarava,1,0,,,,,,,,,
1142923,2018,2018-07-20,Queens Sports Club,1,44.6,Pakistan,Zimbabwe,Asif Ali,Fakhar Zaman,R Ngarava,2,0,,,,,,,,,
1142923,2018,2018-07-20,Queens Sports Club,1,45.1,Pakistan,Zimbabwe,Fakhar Zaman,Asif Ali,DT Tiripano,4,0,,,,,,,,,
1142923,2018,2018-07-20,Queens Sports Club,1,45.2,Pakistan,Zimbabwe,Fakhar Zaman,Asif Ali,DT Tiripano,4,0,,,,,,,,,
1142923,2018,2018-07-20,Queens Sports Club,1,45.3,Pakistan,Zimbabwe,Fakhar Zaman,Asif Ali,DT Tiripano,0,0,,,,,,,,,
1142923,2018,2018-07-20,Queens Sports Club,1,45.4,Pakistan,Zimbabwe,Fakhar Zaman,Asif Ali,DT Tiripano,0,0,,,,,,,,,
1142923,2018,2018-07-20,Queens Sports Club,1,45.5,Pakistan,Zimbabwe,Fakhar Zaman,Asif Ali,DT Tiripano,1,0,,,,,,,,,
1142923,2018,2018-07-20,Queens Sports Club,1,45.6,Pakistan,Zimbabwe,Asif Ali,Fakhar Zaman,DT Tiripano,1,0,,,,,,,,,
1142923,2018,2018-07-20,Queens Sports Club,1,46.1,Pakistan,Zimbabwe,Asif Ali,Fakhar Zaman,B Muzarabani,6,0,,,,,,,,,
1142923,2018,2018-07-20,Queens Sports Club,1,46.2,Pakistan,Zimbabwe,Asif Ali,Fakhar Zaman,B Muzarabani,0,0,,,,,,,,,
1142923,2018,2018-07-20,Queens Sports Club,1,46.3,Pakistan,Zimbabwe,Asif Ali,Fakhar Zaman,B Muzarabani,1,0,,,,,,,,,
1142923,2018,2018-07-20,Queens Sports Club,1,46.4,Pakistan,Zimbabwe,Fakhar Zaman,Asif Ali,B Muzarabani,0,0,,,,,,,,,
1142923,2018,2018-07-20,Queens Sports Club,1,46.5,Pakistan,Zimbabwe,Fakhar Zaman,Asif Ali,B Muzarabani,4,0,,,,,,,,,
1142923,2018,2018-07-20,Queens Sports Club,1,46.6,Pakistan,Zimbabwe,Fakhar Zaman,Asif Ali,B Muzarabani,1,0,,,,,,,,,
1142923,2018,2018-07-20,Queens Sports Club,1,47.1,Pakistan,Zimbabwe,Fakhar Zaman,Asif Ali,DT Tiripano,0,1,1,,,,,,,,
1142923,2018,2018-07-20,Queens Sports Club,1,47.2,Pakistan,Zimbabwe,Fakhar Zaman,Asif Ali,DT Tiripano,1,0,,,,,,,,,
1142923,2018,2018-07-20,Queens Sports Club,1,47.3,Pakistan,Zimbabwe,Asif Ali,Fakhar Zaman,DT Tiripano,4,0,,,,,,,,,
1142923,2018,2018-07-20,Queens Sports Club,1,47.4,Pakistan,Zimbabwe,Asif Ali,Fakhar Zaman,DT Tiripano,2,0,,,,,,,,,
1142923,2018,2018-07-20,Queens Sports Club,1,47.5,Pakistan,Zimbabwe,Asif Ali,Fakhar Zaman,DT Tiripano,0,1,1,,,,,,,,
1142923,2018,2018-07-20,Queens Sports Club,1,47.6,Pakistan,Zimbabwe,Asif Ali,Fakhar Zaman,DT Tiripano,0,0,,,,,,,,,
1142923,2018,2018-07-20,Queens Sports Club,1,47.7,Pakistan,Zimbabwe,Asif Ali,Fakhar Zaman,DT Tiripano,6,0,,,,,,,,,
1142923,2018,2018-07-20,Queens Sports Club,1,47.8,Pakistan,Zimbabwe,Asif Ali,Fakhar Zaman,DT Tiripano,0,0,,,,,,,,,
1142923,2018,2018-07-20,Queens Sports Club,1,48.1,Pakistan,Zimbabwe,Fakhar Zaman,Asif Ali,B Muzarabani,2,0,,,,,,,,,
1142923,2018,2018-07-20,Queens Sports Club,1,48.2,Pakistan,Zimbabwe,Fakhar Zaman,Asif Ali,B Muzarabani,1,0,,,,,,,,,
1142923,2018,2018-07-20,Queens Sports Club,1,48.3,Pakistan,Zimbabwe,Asif Ali,Fakhar Zaman,B Muzarabani,4,0,,,,,,,,,
1142923,2018,2018-07-20,Queens Sports Club,1,48.4,Pakistan,Zimbabwe,Asif Ali,Fakhar Zaman,B Muzarabani,1,0,,,,,,,,,
1142923,2018,2018-07-20,Queens Sports Club,1,48.5,Pakistan,Zimbabwe,Fakhar Zaman,Asif Ali,B Muzarabani,1,0,,,,,,,,,
1142923,2018,2018-07-20,Queens Sports Club,1,48.6,Pakistan,Zimbabwe,Asif Ali,Fakhar Zaman,B Muzarabani,4,0,,,,,,,,,
1142923,2018,2018-07-20,Queens Sports Club,1,49.1,Pakistan,Zimbabwe,Fakhar Zaman,Asif Ali,DT Tiripano,1,0,,,,,,,,,
1142923,2018,2018-07-20,Queens Sports Club,1,49.2,Pakistan,Zimbabwe,Asif Ali,Fakhar Zaman,DT Tiripano,1,0,,,,,,,,,
1142923,2018,2018-07-20,Queens Sports Club,1,49.3,Pakistan,Zimbabwe,Fakhar Zaman,Asif Ali,DT Tiripano,1,0,,,,,,,,,
1142923,2018,2018-07-20,Queens Sports Club,1,49.4,Pakistan,Zimbabwe,Asif Ali,Fakhar Zaman,DT Tiripano,6,0,,,,,,,,,
1142923,2018,2018-07-20,Queens Sports Club,1,49.5,Pakistan,Zimbabwe,Asif Ali,Fakhar Zaman,DT Tiripano,1,0,,,,,,,,,
1142923,2018,2018-07-20,Queens Sports Club,1,49.6,Pakistan,Zimbabwe,Fakhar Zaman,Asif Ali,DT Tiripano,1,0,,,,,,,,,
1142923,2018,2018-07-20,Queens Sports Club,2,0.1,Zimbabwe,Pakistan,H Masakadza,TS Kamunhukamwe,Junaid Khan,0,1,,,,1,,,,,
1142923,2018,2018-07-20,Queens Sports Club,2,0.2,Zimbabwe,Pakistan,TS Kamunhukamwe,H Masakadza,Junaid Khan,0,0,,,,,,,,,
1142923,2018,2018-07-20,Queens Sports Club,2,0.3,Zimbabwe,Pakistan,TS Kamunhukamwe,H Masakadza,Junaid Khan,0,0,,,,,,,,,
1142923,2018,2018-07-20,Queens Sports Club,2,0.4,Zimbabwe,Pakistan,TS Kamunhukamwe,H Masakadza,Junaid Khan,0,0,,,,,,,,,
1142923,2018,2018-07-20,Queens Sports Club,2,0.5,Zimbabwe,Pakistan,TS Kamunhukamwe,H Masakadza,Junaid Khan,1,0,,,,,,,,,
1142923,2018,2018-07-20,Queens Sports Club,2,0.6,Zimbabwe,Pakistan,H Masakadza,TS Kamunhukamwe,Junaid Khan,4,0,,,,,,,,,
1142923,2018,2018-07-20,Queens Sports Club,2,1.1,Zimbabwe,Pakistan,TS Kamunhukamwe,H Masakadza,Usman Shinwari,1,0,,,,,,,,,
1142923,2018,2018-07-20,Queens Sports Club,2,1.2,Zimbabwe,Pakistan,H Masakadza,TS Kamunhukamwe,Usman Shinwari,0,0,,,,,,,,,
1142923,2018,2018-07-20,Queens Sports Club,2,1.3,Zimbabwe,Pakistan,H Masakadza,TS Kamunhukamwe,Usman Shinwari,0,0,,,,,,,,,
1142923,2018,2018-07-20,Queens Sports Club,2,1.4,Zimbabwe,Pakistan,H Masakadza,TS Kamunhukamwe,Usman Shinwari,0,0,,,,,,,,,
1142923,2018,2018-07-20,Queens Sports Club,2,1.5,Zimbabwe,Pakistan,H Masakadza,TS Kamunhukamwe,Usman Shinwari,0,0,,,,,,,,,
1142923,2018,2018-07-20,Queens Sports Club,2,1.6,Zimbabwe,Pakistan,H Masakadza,TS Kamunhukamwe,Usman Shinwari,0,0,,,,,,,,,
1142923,2018,2018-07-20,Queens Sports Club,2,2.1,Zimbabwe,Pakistan,TS Kamunhukamwe,H Masakadza,Junaid Khan,1,0,,,,,,,,,
1142923,2018,2018-07-20,Queens Sports Club,2,2.2,Zimbabwe,Pakistan,H Masakadza,TS Kamunhukamwe,Junaid Khan,0,0,,,,,,,,,
1142923,2018,2018-07-20,Queens Sports Club,2,2.3,Zimbabwe,Pakistan,H Masakadza,TS Kamunhukamwe,Junaid Khan,0,0,,,,,,,,,
1142923,2018,2018-07-20,Queens Sports Club,2,2.4,Zimbabwe,Pakistan,H Masakadza,TS Kamunhukamwe,Junaid Khan,4,0,,,,,,,,,
1142923,2018,2018-07-20,Queens Sports Club,2,2.5,Zimbabwe,Pakistan,H Masakadza,TS Kamunhukamwe,Junaid Khan,0,0,,,,,,,,,
1142923,2018,2018-07-20,Queens Sports Club,2,2.6,Zimbabwe,Pakistan,H Masakadza,TS Kamunhukamwe,Junaid Khan,6,0,,,,,,,,,
1142923,2018,2018-07-20,Queens Sports Club,2,3.1,Zimbabwe,Pakistan,TS Kamunhukamwe,H Masakadza,Usman Shinwari,0,0,,,,,,,,,
1142923,2018,2018-07-20,Queens Sports Club,2,3.2,Zimbabwe,Pakistan,TS Kamunhukamwe,H Masakadza,Usman Shinwari,0,0,,,,,,caught and bowled,TS Kamunhukamwe,,
1142923,2018,2018-07-20,Queens Sports Club,2,3.3,Zimbabwe,Pakistan,TK Musakanda,H Masakadza,Usman Shinwari,6,0,,,,,,,,,
1142923,2018,2018-07-20,Queens Sports Club,2,3.4,Zimbabwe,Pakistan,TK Musakanda,H Masakadza,Usman Shinwari,1,0,,,,,,,,,
1142923,2018,2018-07-20,Queens Sports Club,2,3.5,Zimbabwe,Pakistan,H Masakadza,TK Musakanda,Usman Shinwari,0,0,,,,,,,,,
1142923,2018,2018-07-20,Queens Sports Club,2,3.6,Zimbabwe,Pakistan,H Masakadza,TK Musakanda,Usman Shinwari,1,0,,,,,,,,,
1142923,2018,2018-07-20,Queens Sports Club,2,4.1,Zimbabwe,Pakistan,H Masakadza,TK Musakanda,Junaid Khan,0,0,,,,,,,,,
1142923,2018,2018-07-20,Queens Sports Club,2,4.2,Zimbabwe,Pakistan,H Masakadza,TK Musakanda,Junaid Khan,6,0,,,,,,,,,
1142923,2018,2018-07-20,Queens Sports Club,2,4.3,Zimbabwe,Pakistan,H Masakadza,TK Musakanda,Junaid Khan,0,0,,,,,,,,,
1142923,2018,2018-07-20,Queens Sports Club,2,4.4,Zimbabwe,Pakistan,H Masakadza,TK Musakanda,Junaid Khan,0,0,,,,,,,,,
1142923,2018,2018-07-20,Queens Sports Club,2,4.5,Zimbabwe,Pakistan,H Masakadza,TK Musakanda,Junaid Khan,0,0,,,,,,,,,
1142923,2018,2018-07-20,Queens Sports Club,2,4.6,Zimbabwe,Pakistan,H Masakadza,TK Musakanda,Junaid Khan,0,0,,,,,,,,,
1142923,2018,2018-07-20,Queens Sports Club,2,5.1,Zimbabwe,Pakistan,TK Musakanda,H Masakadza,Usman Shinwari,3,0,,,,,,,,,
1142923,2018,2018-07-20,Queens Sports Club,2,5.2,Zimbabwe,Pakistan,H Masakadza,TK Musakanda,Usman Shinwari,0,0,,,,,,,,,
1142923,2018,2018-07-20,Queens Sports Club,2,5.3,Zimbabwe,Pakistan,H Masakadza,TK Musakanda,Usman Shinwari,1,0,,,,,,,,,
1142923,2018,2018-07-20,Queens Sports Club,2,5.4,Zimbabwe,Pakistan,TK Musakanda,H Masakadza,Usman Shinwari,0,0,,,,,,caught,TK Musakanda,,
1142923,2018,2018-07-20,Queens Sports Club,2,5.5,Zimbabwe,Pakistan,R Murray,H Masakadza,Usman Shinwari,0,1,1,,,,,,,,
1142923,2018,2018-07-20,Queens Sports Club,2,5.6,Zimbabwe,Pakistan,R Murray,H Masakadza,Usman Shinwari,0,0,,,,,,,,,
1142923,2018,2018-07-20,Queens Sports Club,2,5.7,Zimbabwe,Pakistan,R Murray,H Masakadza,Usman Shinwari,0,0,,,,,,,,,
1142923,2018,2018-07-20,Queens Sports Club,2,6.1,Zimbabwe,Pakistan,H Masakadza,R Murray,Junaid Khan,0,0,,,,,,,,,
1142923,2018,2018-07-20,Queens Sports Club,2,6.2,Zimbabwe,Pakistan,H Masakadza,R Murray,Junaid Khan,0,0,,,,,,caught,H Masakadza,,
1142923,2018,2018-07-20,Queens Sports Club,2,6.3,Zimbabwe,Pakistan,PJ Moor,R Murray,Junaid Khan,0,0,,,,,,,,,
1142923,2018,2018-07-20,Queens Sports Club,2,6.4,Zimbabwe,Pakistan,PJ Moor,R Murray,Junaid Khan,0,0,,,,,,,,,
1142923,2018,2018-07-20,Queens Sports Club,2,6.5,Zimbabwe,Pakistan,PJ Moor,R Murray,Junaid Khan,0,0,,,,,,,,,
1142923,2018,2018-07-20,Queens Sports Club,2,6.6,Zimbabwe,Pakistan,PJ Moor,R Murray,Junaid Khan,0,0,,,,,,,,,
1142923,2018,2018-07-20,Queens Sports Club,2,7.1,Zimbabwe,Pakistan,R Murray,PJ Moor,Usman Shinwari,0,0,,,,,,,,,
1142923,2018,2018-07-20,Queens Sports Club,2,7.2,Zimbabwe,Pakistan,R Murray,PJ Moor,Usman Shinwari,1,0,,,,,,,,,
1142923,2018,2018-07-20,Queens Sports Club,2,7.3,Zimbabwe,Pakistan,PJ Moor,R Murray,Usman Shinwari,0,0,,,,,,,,,
1142923,2018,2018-07-20,Queens Sports Club,2,7.4,Zimbabwe,Pakistan,PJ Moor,R Murray,Usman Shinwari,4,0,,,,,,,,,
1142923,2018,2018-07-20,Queens Sports Club,2,7.5,Zimbabwe,Pakistan,PJ Moor,R Murray,Usman Shinwari,2,0,,,,,,,,,
1142923,2018,2018-07-20,Queens Sports Club,2,7.6,Zimbabwe,Pakistan,PJ Moor,R Murray,Usman Shinwari,0,0,,,,,,,,,
1142923,2018,2018-07-20,Queens Sports Club,2,8.1,Zimbabwe,Pakistan,R Murray,PJ Moor,Yasir Shah,0,0,,,,,,,,,
1142923,2018,2018-07-20,Queens Sports Club,2,8.2,Zimbabwe,Pakistan,R Murray,PJ Moor,Yasir Shah,1,0,,,,,,,,,
1142923,2018,2018-07-20,Queens Sports Club,2,8.3,Zimbabwe,Pakistan,PJ Moor,R Murray,Yasir Shah,0,0,,,,,,,,,
1142923,2018,2018-07-20,Queens Sports Club,2,8.4,Zimbabwe,Pakistan,PJ Moor,R Murray,Yasir Shah,1,0,,,,,,,,,
1142923,2018,2018-07-20,Queens Sports Club,2,8.5,Zimbabwe,Pakistan,R Murray,PJ Moor,Yasir Shah,0,0,,,,,,,,,
1142923,2018,2018-07-20,Queens Sports Club,2,8.6,Zimbabwe,Pakistan,R Murray,PJ Moor,Yasir Shah,0,0,,,,,,,,,
1142923,2018,2018-07-20,Queens Sports Club,2,9.1,Zimbabwe,Pakistan,PJ Moor,R Murray,Usman Shinwari,0,0,,,,,,,,,
1142923,2018,2018-07-20,Queens Sports Club,2,9.2,Zimbabwe,Pakistan,PJ Moor,R Murray,Usman Shinwari,0,0,,,,,,,,,
1142923,2018,2018-07-20,Queens Sports Club,2,9.3,Zimbabwe,Pakistan,PJ Moor,R Murray,Usman Shinwari,0,0,,,,,,,,,
1142923,2018,2018-07-20,Queens Sports Club,2,9.4,Zimbabwe,Pakistan,PJ Moor,R Murray,Usman Shinwari,2,0,,,,,,,,,
1142923,2018,2018-07-20,Queens Sports Club,2,9.5,Zimbabwe,Pakistan,PJ Moor,R Murray,Usman Shinwari,0,0,,,,,,,,,
1142923,2018,2018-07-20,Queens Sports Club,2,9.6,Zimbabwe,Pakistan,PJ Moor,R Murray,Usman Shinwari,0,0,,,,,,,,,
1142923,2018,2018-07-20,Queens Sports Club,2,10.1,Zimbabwe,Pakistan,R Murray,PJ Moor,Yasir Shah,0,0,,,,,,,,,
1142923,2018,2018-07-20,Queens Sports Club,2,10.2,Zimbabwe,Pakistan,R Murray,PJ Moor,Yasir Shah,1,0,,,,,,,,,
1142923,2018,2018-07-20,Queens Sports Club,2,10.3,Zimbabwe,Pakistan,PJ Moor,R Murray,Yasir Shah,0,0,,,,,,,,,
1142923,2018,2018-07-20,Queens Sports Club,2,10.4,Zimbabwe,Pakistan,PJ Moor,R Murray,Yasir Shah,0,0,,,,,,,,,
1142923,2018,2018-07-20,Queens Sports Club,2,10.5,Zimbabwe,Pakistan,PJ Moor,R Murray,Yasir Shah,1,0,,,,,,,,,
1142923,2018,2018-07-20,Queens Sports Club,2,10.6,Zimbabwe,Pakistan,R Murray,PJ Moor,Yasir Shah,0,0,,,,,,,,,
1142923,2018,2018-07-20,Queens Sports Club,2,11.1,Zimbabwe,Pakistan,PJ Moor,R Murray,Faheem Ashraf,1,0,,,,,,,,,
1142923,2018,2018-07-20,Queens Sports Club,2,11.2,Zimbabwe,Pakistan,R Murray,PJ Moor,Faheem Ashraf,0,0,,,,,,,,,
1142923,2018,2018-07-20,Queens Sports Club,2,11.3,Zimbabwe,Pakistan,R Murray,PJ Moor,Faheem Ashraf,1,0,,,,,,,,,
1142923,2018,2018-07-20,Queens Sports Club,2,11.4,Zimbabwe,Pakistan,PJ Moor,R Murray,Faheem Ashraf,0,0,,,,,,,,,
1142923,2018,2018-07-20,Queens Sports Club,2,11.5,Zimbabwe,Pakistan,PJ Moor,R Murray,Faheem Ashraf,2,0,,,,,,,,,
1142923,2018,2018-07-20,Queens Sports Club,2,11.6,Zimbabwe,Pakistan,PJ Moor,R Murray,Faheem Ashraf,1,0,,,,,,,,,
1142923,2018,2018-07-20,Queens Sports Club,2,12.1,Zimbabwe,Pakistan,PJ Moor,R Murray,Yasir Shah,0,0,,,,,,,,,
1142923,2018,2018-07-20,Queens Sports Club,2,12.2,Zimbabwe,Pakistan,PJ Moor,R Murray,Yasir Shah,1,0,,,,,,,,,
1142923,2018,2018-07-20,Queens Sports Club,2,12.3,Zimbabwe,Pakistan,R Murray,PJ Moor,Yasir Shah,0,0,,,,,,,,,
1142923,2018,2018-07-20,Queens Sports Club,2,12.4,Zimbabwe,Pakistan,R Murray,PJ Moor,Yasir Shah,0,0,,,,,,,,,
1142923,2018,2018-07-20,Queens Sports Club,2,12.5,Zimbabwe,Pakistan,R Murray,PJ Moor,Yasir Shah,1,0,,,,,,,,,
1142923,2018,2018-07-20,Queens Sports Club,2,12.6,Zimbabwe,Pakistan,PJ Moor,R Murray,Yasir Shah,1,0,,,,,,,,,
1142923,2018,2018-07-20,Queens Sports Club,2,13.1,Zimbabwe,Pakistan,PJ Moor,R Murray,Faheem Ashraf,0,0,,,,,,,,,
1142923,2018,2018-07-20,Queens Sports Club,2,13.2,Zimbabwe,Pakistan,PJ Moor,R Murray,Faheem Ashraf,1,0,,,,,,,,,
1142923,2018,2018-07-20,Queens Sports Club,2,13.3,Zimbabwe,Pakistan,R Murray,PJ Moor,Faheem Ashraf,0,0,,,,,,,,,
1142923,2018,2018-07-20,Queens Sports Club,2,13.4,Zimbabwe,Pakistan,R Murray,PJ Moor,Faheem Ashraf,0,0,,,,,,caught,R Murray,,
1142923,2018,2018-07-20,Queens Sports Club,2,13.5,Zimbabwe,Pakistan,E Chigumbura,PJ Moor,Faheem Ashraf,0,0,,,,,,,,,
1142923,2018,2018-07-20,Queens Sports Club,2,13.6,Zimbabwe,Pakistan,E Chigumbura,PJ Moor,Faheem Ashraf,0,0,,,,,,,,,
1142923,2018,2018-07-20,Queens Sports Club,2,14.1,Zimbabwe,Pakistan,PJ Moor,E Chigumbura,Yasir Shah,0,0,,,,,,,,,
1142923,2018,2018-07-20,Queens Sports Club,2,14.2,Zimbabwe,Pakistan,PJ Moor,E Chigumbura,Yasir Shah,0,0,,,,,,,,,
1142923,2018,2018-07-20,Queens Sports Club,2,14.3,Zimbabwe,Pakistan,PJ Moor,E Chigumbura,Yasir Shah,0,0,,,,,,,,,
1142923,2018,2018-07-20,Queens Sports Club,2,14.4,Zimbabwe,Pakistan,PJ Moor,E Chigumbura,Yasir Shah,1,0,,,,,,,,,
1142923,2018,2018-07-20,Queens Sports Club,2,14.5,Zimbabwe,Pakistan,E Chigumbura,PJ Moor,Yasir Shah,0,0,,,,,,,,,
1142923,2018,2018-07-20,Queens Sports Club,2,14.6,Zimbabwe,Pakistan,E Chigumbura,PJ Moor,Yasir Shah,1,0,,,,,,,,,
1142923,2018,2018-07-20,Queens Sports Club,2,15.1,Zimbabwe,Pakistan,E Chigumbura,PJ Moor,Faheem Ashraf,1,0,,,,,,,,,
1142923,2018,2018-07-20,Queens Sports Club,2,15.2,Zimbabwe,Pakistan,PJ Moor,E Chigumbura,Faheem Ashraf,0,0,,,,,,,,,
1142923,2018,2018-07-20,Queens Sports Club,2,15.3,Zimbabwe,Pakistan,PJ Moor,E Chigumbura,Faheem Ashraf,1,0,,,,,,,,,
1142923,2018,2018-07-20,Queens Sports Club,2,15.4,Zimbabwe,Pakistan,E Chigumbura,PJ Moor,Faheem Ashraf,0,0,,,,,,,,,
1142923,2018,2018-07-20,Queens Sports Club,2,15.5,Zimbabwe,Pakistan,E Chigumbura,PJ Moor,Faheem Ashraf,0,0,,,,,,,,,
1142923,2018,2018-07-20,Queens Sports Club,2,15.6,Zimbabwe,Pakistan,E Chigumbura,PJ Moor,Faheem Ashraf,0,0,,,,,,,,,
1142923,2018,2018-07-20,Queens Sports Club,2,16.1,Zimbabwe,Pakistan,PJ Moor,E Chigumbura,Shadab Khan,1,0,,,,,,,,,
1142923,2018,2018-07-20,Queens Sports Club,2,16.2,Zimbabwe,Pakistan,E Chigumbura,PJ Moor,Shadab Khan,0,0,,,,,,,,,
1142923,2018,2018-07-20,Queens Sports Club,2,16.3,Zimbabwe,Pakistan,E Chigumbura,PJ Moor,Shadab Khan,0,0,,,,,,,,,
1142923,2018,2018-07-20,Queens Sports Club,2,16.4,Zimbabwe,Pakistan,E Chigumbura,PJ Moor,Shadab Khan,0,0,,,,,,,,,
1142923,2018,2018-07-20,Queens Sports Club,2,16.5,Zimbabwe,Pakistan,E Chigumbura,PJ Moor,Shadab Khan,0,0,,,,,,,,,
1142923,2018,2018-07-20,Queens Sports Club,2,16.6,Zimbabwe,Pakistan,E Chigumbura,PJ Moor,Shadab Khan,1,0,,,,,,,,,
1142923,2018,2018-07-20,Queens Sports Club,2,17.1,Zimbabwe,Pakistan,E Chigumbura,PJ Moor,Faheem Ashraf,0,0,,,,,,,,,
1142923,2018,2018-07-20,Queens Sports Club,2,17.2,Zimbabwe,Pakistan,E Chigumbura,PJ Moor,Faheem Ashraf,1,0,,,,,,,,,
1142923,2018,2018-07-20,Queens Sports Club,2,17.3,Zimbabwe,Pakistan,PJ Moor,E Chigumbura,Faheem Ashraf,0,0,,,,,,,,,
1142923,2018,2018-07-20,Queens Sports Club,2,17.4,Zimbabwe,Pakistan,PJ Moor,E Chigumbura,Faheem Ashraf,0,0,,,,,,,,,
1142923,2018,2018-07-20,Queens Sports Club,2,17.5,Zimbabwe,Pakistan,PJ Moor,E Chigumbura,Faheem Ashraf,0,0,,,,,,,,,
1142923,2018,2018-07-20,Queens Sports Club,2,17.6,Zimbabwe,Pakistan,PJ Moor,E Chigumbura,Faheem Ashraf,0,0,,,,,,,,,
1142923,2018,2018-07-20,Queens Sports Club,2,18.1,Zimbabwe,Pakistan,E Chigumbura,PJ Moor,Shadab Khan,1,0,,,,,,,,,
1142923,2018,2018-07-20,Queens Sports Club,2,18.2,Zimbabwe,Pakistan,PJ Moor,E Chigumbura,Shadab Khan,0,0,,,,,,,,,
1142923,2018,2018-07-20,Queens Sports Club,2,18.3,Zimbabwe,Pakistan,PJ Moor,E Chigumbura,Shadab Khan,0,0,,,,,,,,,
1142923,2018,2018-07-20,Queens Sports Club,2,18.4,Zimbabwe,Pakistan,PJ Moor,E Chigumbura,Shadab Khan,0,0,,,,,,,,,
1142923,2018,2018-07-20,Queens Sports Club,2,18.5,Zimbabwe,Pakistan,PJ Moor,E Chigumbura,Shadab Khan,0,0,,,,,,caught,PJ Moor,,
1142923,2018,2018-07-20,Queens Sports Club,2,18.6,Zimbabwe,Pakistan,DT Tiripano,E Chigumbura,Shadab Khan,0,0,,,,,,,,,
1142923,2018,2018-07-20,Queens Sports Club,2,19.1,Zimbabwe,Pakistan,E Chigumbura,DT Tiripano,Shoaib Malik,1,0,,,,,,,,,
1142923,2018,2018-07-20,Queens Sports Club,2,19.2,Zimbabwe,Pakistan,DT Tiripano,E Chigumbura,Shoaib Malik,1,0,,,,,,,,,
1142923,2018,2018-07-20,Queens Sports Club,2,19.3,Zimbabwe,Pakistan,E Chigumbura,DT Tiripano,Shoaib Malik,0,0,,,,,,,,,
1142923,2018,2018-07-20,Queens Sports Club,2,19.4,Zimbabwe,Pakistan,E Chigumbura,DT Tiripano,Shoaib Malik,0,0,,,,,,,,,
1142923,2018,2018-07-20,Queens Sports Club,2,19.5,Zimbabwe,Pakistan,E Chigumbura,DT Tiripano,Shoaib Malik,1,0,,,,,,,,,
1142923,2018,2018-07-20,Queens Sports Club,2,19.6,Zimbabwe,Pakistan,DT Tiripano,E Chigumbura,Shoaib Malik,1,0,,,,,,,,,
1142923,2018,2018-07-20,Queens Sports Club,2,20.1,Zimbabwe,Pakistan,DT Tiripano,E Chigumbura,Shadab Khan,0,0,,,,,,,,,
1142923,2018,2018-07-20,Queens Sports Club,2,20.2,Zimbabwe,Pakistan,DT Tiripano,E Chigumbura,Shadab Khan,0,0,,,,,,,,,
1142923,2018,2018-07-20,Queens Sports Club,2,20.3,Zimbabwe,Pakistan,DT Tiripano,E Chigumbura,Shadab Khan,0,0,,,,,,,,,
1142923,2018,2018-07-20,Queens Sports Club,2,20.4,Zimbabwe,Pakistan,DT Tiripano,E Chigumbura,Shadab Khan,0,0,,,,,,,,,
1142923,2018,2018-07-20,Queens Sports Club,2,20.5,Zimbabwe,Pakistan,DT Tiripano,E Chigumbura,Shadab Khan,0,0,,,,,,,,,
1142923,2018,2018-07-20,Queens Sports Club,2,20.6,Zimbabwe,Pakistan,DT Tiripano,E Chigumbura,Shadab Khan,1,0,,,,,,,,,
1142923,2018,2018-07-20,Queens Sports Club,2,21.1,Zimbabwe,Pakistan,DT Tiripano,E Chigumbura,Shoaib Malik,0,0,,,,,,,,,
1142923,2018,2018-07-20,Queens Sports Club,2,21.2,Zimbabwe,Pakistan,DT Tiripano,E Chigumbura,Shoaib Malik,1,0,,,,,,,,,
1142923,2018,2018-07-20,Queens Sports Club,2,21.3,Zimbabwe,Pakistan,E Chigumbura,DT Tiripano,Shoaib Malik,0,0,,,,,,,,,
1142923,2018,2018-07-20,Queens Sports Club,2,21.4,Zimbabwe,Pakistan,E Chigumbura,DT Tiripano,Shoaib Malik,0,0,,,,,,,,,
1142923,2018,2018-07-20,Queens Sports Club,2,21.5,Zimbabwe,Pakistan,E Chigumbura,DT Tiripano,Shoaib Malik,0,0,,,,,,,,,
1142923,2018,2018-07-20,Queens Sports Club,2,21.6,Zimbabwe,Pakistan,E Chigumbura,DT Tiripano,Shoaib Malik,1,0,,,,,,,,,
1142923,2018,2018-07-20,Queens Sports Club,2,22.1,Zimbabwe,Pakistan,E Chigumbura,DT Tiripano,Shadab Khan,0,0,,,,,,,,,
1142923,2018,2018-07-20,Queens Sports Club,2,22.2,Zimbabwe,Pakistan,E Chigumbura,DT Tiripano,Shadab Khan,0,0,,,,,,,,,
1142923,2018,2018-07-20,Queens Sports Club,2,22.3,Zimbabwe,Pakistan,E Chigumbura,DT Tiripano,Shadab Khan,0,3,,,,3,,,,,
1142923,2018,2018-07-20,Queens Sports Club,2,22.4,Zimbabwe,Pakistan,DT Tiripano,E Chigumbura,Shadab Khan,1,0,,,,,,,,,
1142923,2018,2018-07-20,Queens Sports Club,2,22.5,Zimbabwe,Pakistan,E Chigumbura,DT Tiripano,Shadab Khan,1,0,,,,,,,,,
1142923,2018,2018-07-20,Queens Sports Club,2,22.6,Zimbabwe,Pakistan,DT Tiripano,E Chigumbura,Shadab Khan,0,0,,,,,,,,,
1142923,2018,2018-07-20,Queens Sports Club,2,23.1,Zimbabwe,Pakistan,E Chigumbura,DT Tiripano,Shoaib Malik,0,0,,,,,,,,,
1142923,2018,2018-07-20,Queens Sports Club,2,23.2,Zimbabwe,Pakistan,E Chigumbura,DT Tiripano,Shoaib Malik,0,0,,,,,,,,,
1142923,2018,2018-07-20,Queens Sports Club,2,23.3,Zimbabwe,Pakistan,E Chigumbura,DT Tiripano,Shoaib Malik,2,0,,,,,,,,,
1142923,2018,2018-07-20,Queens Sports Club,2,23.4,Zimbabwe,Pakistan,E Chigumbura,DT Tiripano,Shoaib Malik,0,0,,,,,,,,,
1142923,2018,2018-07-20,Queens Sports Club,2,23.5,Zimbabwe,Pakistan,E Chigumbura,DT Tiripano,Shoaib Malik,1,0,,,,,,,,,
1142923,2018,2018-07-20,Queens Sports Club,2,23.6,Zimbabwe,Pakistan,DT Tiripano,E Chigumbura,Shoaib Malik,0,0,,,,,,,,,
1142923,2018,2018-07-20,Queens Sports Club,2,24.1,Zimbabwe,Pakistan,E Chigumbura,DT Tiripano,Shadab Khan,0,0,,,,,,,,,
1142923,2018,2018-07-20,Queens Sports Club,2,24.2,Zimbabwe,Pakistan,E Chigumbura,DT Tiripano,Shadab Khan,1,0,,,,,,,,,
1142923,2018,2018-07-20,Queens Sports Club,2,24.3,Zimbabwe,Pakistan,DT Tiripano,E Chigumbura,Shadab Khan,0,0,,,,,,,,,
1142923,2018,2018-07-20,Queens Sports Club,2,24.4,Zimbabwe,Pakistan,DT Tiripano,E Chigumbura,Shadab Khan,0,0,,,,,,,,,
1142923,2018,2018-07-20,Queens Sports Club,2,24.5,Zimbabwe,Pakistan,DT Tiripano,E Chigumbura,Shadab Khan,1,0,,,,,,,,,
1142923,2018,2018-07-20,Queens Sports Club,2,24.6,Zimbabwe,Pakistan,E Chigumbura,DT Tiripano,Shadab Khan,0,0,,,,,,,,,
1142923,2018,2018-07-20,Queens Sports Club,2,25.1,Zimbabwe,Pakistan,DT Tiripano,E Chigumbura,Shoaib Malik,0,0,,,,,,,,,
1142923,2018,2018-07-20,Queens Sports Club,2,25.2,Zimbabwe,Pakistan,DT Tiripano,E Chigumbura,Shoaib Malik,4,0,,,,,,,,,
1142923,2018,2018-07-20,Queens Sports Club,2,25.3,Zimbabwe,Pakistan,DT Tiripano,E Chigumbura,Shoaib Malik,1,0,,,,,,,,,
1142923,2018,2018-07-20,Queens Sports Club,2,25.4,Zimbabwe,Pakistan,E Chigumbura,DT Tiripano,Shoaib Malik,0,0,,,,,,,,,
1142923,2018,2018-07-20,Queens Sports Club,2,25.5,Zimbabwe,Pakistan,E Chigumbura,DT Tiripano,Shoaib Malik,0,0,,,,,,,,,
1142923,2018,2018-07-20,Queens Sports Club,2,25.6,Zimbabwe,Pakistan,E Chigumbura,DT Tiripano,Shoaib Malik,1,0,,,,,,,,,
1142923,2018,2018-07-20,Queens Sports Club,2,26.1,Zimbabwe,Pakistan,E Chigumbura,DT Tiripano,Shadab Khan,1,0,,,,,,,,,
1142923,2018,2018-07-20,Queens Sports Club,2,26.2,Zimbabwe,Pakistan,DT Tiripano,E Chigumbura,Shadab Khan,0,0,,,,,,,,,
1142923,2018,2018-07-20,Queens Sports Club,2,26.3,Zimbabwe,Pakistan,DT Tiripano,E Chigumbura,Shadab Khan,4,0,,,,,,,,,
1142923,2018,2018-07-20,Queens Sports Club,2,26.4,Zimbabwe,Pakistan,DT Tiripano,E Chigumbura,Shadab Khan,1,0,,,,,,,,,
1142923,2018,2018-07-20,Queens Sports Club,2,26.5,Zimbabwe,Pakistan,E Chigumbura,DT Tiripano,Shadab Khan,0,0,,,,,,,,,
1142923,2018,2018-07-20,Queens Sports Club,2,26.6,Zimbabwe,Pakistan,E Chigumbura,DT Tiripano,Shadab Khan,6,0,,,,,,,,,
1142923,2018,2018-07-20,Queens Sports Club,2,27.1,Zimbabwe,Pakistan,DT Tiripano,E Chigumbura,Yasir Shah,0,0,,,,,,,,,
1142923,2018,2018-07-20,Queens Sports Club,2,27.2,Zimbabwe,Pakistan,DT Tiripano,E Chigumbura,Yasir Shah,0,0,,,,,,,,,
1142923,2018,2018-07-20,Queens Sports Club,2,27.3,Zimbabwe,Pakistan,DT Tiripano,E Chigumbura,Yasir Shah,1,0,,,,,,,,,
1142923,2018,2018-07-20,Queens Sports Club,2,27.4,Zimbabwe,Pakistan,E Chigumbura,DT Tiripano,Yasir Shah,0,0,,,,,,,,,
1142923,2018,2018-07-20,Queens Sports Club,2,27.5,Zimbabwe,Pakistan,E Chigumbura,DT Tiripano,Yasir Shah,0,0,,,,,,,,,
1142923,2018,2018-07-20,Queens Sports Club,2,27.6,Zimbabwe,Pakistan,E Chigumbura,DT Tiripano,Yasir Shah,0,0,,,,,,,,,
1142923,2018,2018-07-20,Queens Sports Club,2,28.1,Zimbabwe,Pakistan,DT Tiripano,E Chigumbura,Junaid Khan,0,0,,,,,,,,,
1142923,2018,2018-07-20,Queens Sports Club,2,28.2,Zimbabwe,Pakistan,DT Tiripano,E Chigumbura,Junaid Khan,0,0,,,,,,,,,
1142923,2018,2018-07-20,Queens Sports Club,2,28.3,Zimbabwe,Pakistan,DT Tiripano,E Chigumbura,Junaid Khan,0,0,,,,,,,,,
1142923,2018,2018-07-20,Queens Sports Club,2,28.4,Zimbabwe,Pakistan,DT Tiripano,E Chigumbura,Junaid Khan,1,0,,,,,,,,,
1142923,2018,2018-07-20,Queens Sports Club,2,28.5,Zimbabwe,Pakistan,E Chigumbura,DT Tiripano,Junaid Khan,2,0,,,,,,,,,
1142923,2018,2018-07-20,Queens Sports Club,2,28.6,Zimbabwe,Pakistan,E Chigumbura,DT Tiripano,Junaid Khan,1,0,,,,,,,,,
1142923,2018,2018-07-20,Queens Sports Club,2,29.1,Zimbabwe,Pakistan,E Chigumbura,DT Tiripano,Yasir Shah,0,0,,,,,,,,,
1142923,2018,2018-07-20,Queens Sports Club,2,29.2,Zimbabwe,Pakistan,E Chigumbura,DT Tiripano,Yasir Shah,2,0,,,,,,,,,
1142923,2018,2018-07-20,Queens Sports Club,2,29.3,Zimbabwe,Pakistan,E Chigumbura,DT Tiripano,Yasir Shah,1,0,,,,,,,,,
1142923,2018,2018-07-20,Queens Sports Club,2,29.4,Zimbabwe,Pakistan,DT Tiripano,E Chigumbura,Yasir Shah,0,0,,,,,,,,,
1142923,2018,2018-07-20,Queens Sports Club,2,29.5,Zimbabwe,Pakistan,DT Tiripano,E Chigumbura,Yasir Shah,0,0,,,,,,,,,
1142923,2018,2018-07-20,Queens Sports Club,2,29.6,Zimbabwe,Pakistan,DT Tiripano,E Chigumbura,Yasir Shah,0,0,,,,,,,,,
1142923,2018,2018-07-20,Queens Sports Club,2,30.1,Zimbabwe,Pakistan,E Chigumbura,DT Tiripano,Junaid Khan,1,0,,,,,,,,,
1142923,2018,2018-07-20,Queens Sports Club,2,30.2,Zimbabwe,Pakistan,DT Tiripano,E Chigumbura,Junaid Khan,0,0,,,,,,,,,
1142923,2018,2018-07-20,Queens Sports Club,2,30.3,Zimbabwe,Pakistan,DT Tiripano,E Chigumbura,Junaid Khan,1,0,,,,,,,,,
1142923,2018,2018-07-20,Queens Sports Club,2,30.4,Zimbabwe,Pakistan,E Chigumbura,DT Tiripano,Junaid Khan,1,0,,,,,,,,,
1142923,2018,2018-07-20,Queens Sports Club,2,30.5,Zimbabwe,Pakistan,DT Tiripano,E Chigumbura,Junaid Khan,0,1,1,,,,,,,,
1142923,2018,2018-07-20,Queens Sports Club,2,30.6,Zimbabwe,Pakistan,DT Tiripano,E Chigumbura,Junaid Khan,2,0,,,,,,,,,
1142923,2018,2018-07-20,Queens Sports Club,2,30.7,Zimbabwe,Pakistan,DT Tiripano,E Chigumbura,Junaid Khan,0,0,,,,,,,,,
1142923,2018,2018-07-20,Queens Sports Club,2,31.1,Zimbabwe,Pakistan,E Chigumbura,DT Tiripano,Yasir Shah,0,0,,,,,,,,,
1142923,2018,2018-07-20,Queens Sports Club,2,31.2,Zimbabwe,Pakistan,E Chigumbura,DT Tiripano,Yasir Shah,0,0,,,,,,,,,
1142923,2018,2018-07-20,Queens Sports Club,2,31.3,Zimbabwe,Pakistan,E Chigumbura,DT Tiripano,Yasir Shah,0,0,,,,,,,,,
1142923,2018,2018-07-20,Queens Sports Club,2,31.4,Zimbabwe,Pakistan,E Chigumbura,DT Tiripano,Yasir Shah,0,0,,,,,,,,,
1142923,2018,2018-07-20,Queens Sports Club,2,31.5,Zimbabwe,Pakistan,E Chigumbura,DT Tiripano,Yasir Shah,0,0,,,,,,,,,
1142923,2018,2018-07-20,Queens Sports Club,2,31.6,Zimbabwe,Pakistan,E Chigumbura,DT Tiripano,Yasir Shah,1,0,,,,,,,,,
1142923,2018,2018-07-20,Queens Sports Club,2,32.1,Zimbabwe,Pakistan,E Chigumbura,DT Tiripano,Faheem Ashraf,1,0,,,,,,,,,
1142923,2018,2018-07-20,Queens Sports Club,2,32.2,Zimbabwe,Pakistan,DT Tiripano,E Chigumbura,Faheem Ashraf,0,0,,,,,,,,,
1142923,2018,2018-07-20,Queens Sports Club,2,32.3,Zimbabwe,Pakistan,DT Tiripano,E Chigumbura,Faheem Ashraf,1,0,,,,,,,,,
1142923,2018,2018-07-20,Queens Sports Club,2,32.4,Zimbabwe,Pakistan,E Chigumbura,DT Tiripano,Faheem Ashraf,0,0,,,,,,,,,
1142923,2018,2018-07-20,Queens Sports Club,2,32.5,Zimbabwe,Pakistan,E Chigumbura,DT Tiripano,Faheem Ashraf,0,0,,,,,,,,,
1142923,2018,2018-07-20,Queens Sports Club,2,32.6,Zimbabwe,Pakistan,E Chigumbura,DT Tiripano,Faheem Ashraf,1,0,,,,,,,,,
1142923,2018,2018-07-20,Queens Sports Club,2,33.1,Zimbabwe,Pakistan,E Chigumbura,DT Tiripano,Yasir Shah,1,0,,,,,,,,,
1142923,2018,2018-07-20,Queens Sports Club,2,33.2,Zimbabwe,Pakistan,DT Tiripano,E Chigumbura,Yasir Shah,0,0,,,,,,,,,
1142923,2018,2018-07-20,Queens Sports Club,2,33.3,Zimbabwe,Pakistan,DT Tiripano,E Chigumbura,Yasir Shah,0,0,,,,,,,,,
1142923,2018,2018-07-20,Queens Sports Club,2,33.4,Zimbabwe,Pakistan,DT Tiripano,E Chigumbura,Yasir Shah,0,0,,,,,,,,,
1142923,2018,2018-07-20,Queens Sports Club,2,33.5,Zimbabwe,Pakistan,DT Tiripano,E Chigumbura,Yasir Shah,4,0,,,,,,,,,
1142923,2018,2018-07-20,Queens Sports Club,2,33.6,Zimbabwe,Pakistan,DT Tiripano,E Chigumbura,Yasir Shah,1,0,,,,,,,,,
1142923,2018,2018-07-20,Queens Sports Club,2,34.1,Zimbabwe,Pakistan,DT Tiripano,E Chigumbura,Faheem Ashraf,0,0,,,,,,,,,
1142923,2018,2018-07-20,Queens Sports Club,2,34.2,Zimbabwe,Pakistan,DT Tiripano,E Chigumbura,Faheem Ashraf,0,0,,,,,,,,,
1142923,2018,2018-07-20,Queens Sports Club,2,34.3,Zimbabwe,Pakistan,DT Tiripano,E Chigumbura,Faheem Ashraf,0,0,,,,,,,,,
1142923,2018,2018-07-20,Queens Sports Club,2,34.4,Zimbabwe,Pakistan,DT Tiripano,E Chigumbura,Faheem Ashraf,4,0,,,,,,,,,
1142923,2018,2018-07-20,Queens Sports Club,2,34.5,Zimbabwe,Pakistan,DT Tiripano,E Chigumbura,Faheem Ashraf,0,0,,,,,,,,,
1142923,2018,2018-07-20,Queens Sports Club,2,34.6,Zimbabwe,Pakistan,DT Tiripano,E Chigumbura,Faheem Ashraf,0,0,,,,,,,,,
1142923,2018,2018-07-20,Queens Sports Club,2,35.1,Zimbabwe,Pakistan,E Chigumbura,DT Tiripano,Yasir Shah,3,0,,,,,,,,,
1142923,2018,2018-07-20,Queens Sports Club,2,35.2,Zimbabwe,Pakistan,DT Tiripano,E Chigumbura,Yasir Shah,0,1,1,,,,,,,,
1142923,2018,2018-07-20,Queens Sports Club,2,35.3,Zimbabwe,Pakistan,DT Tiripano,E Chigumbura,Yasir Shah,0,0,,,,,,,,,
1142923,2018,2018-07-20,Queens Sports Club,2,35.4,Zimbabwe,Pakistan,DT Tiripano,E Chigumbura,Yasir Shah,0,0,,,,,,,,,
1142923,2018,2018-07-20,Queens Sports Club,2,35.5,Zimbabwe,Pakistan,DT Tiripano,E Chigumbura,Yasir Shah,1,0,,,,,,,,,
1142923,2018,2018-07-20,Queens Sports Club,2,35.6,Zimbabwe,Pakistan,E Chigumbura,DT Tiripano,Yasir Shah,0,0,,,,,,,,,
1142923,2018,2018-07-20,Queens Sports Club,2,35.7,Zimbabwe,Pakistan,E Chigumbura,DT Tiripano,Yasir Shah,1,0,,,,,,,,,
1142923,2018,2018-07-20,Queens Sports Club,2,36.1,Zimbabwe,Pakistan,E Chigumbura,DT Tiripano,Faheem Ashraf,0,0,,,,,,,,,
1142923,2018,2018-07-20,Queens Sports Club,2,36.2,Zimbabwe,Pakistan,E Chigumbura,DT Tiripano,Faheem Ashraf,0,0,,,,,,,,,
1142923,2018,2018-07-20,Queens Sports Club,2,36.3,Zimbabwe,Pakistan,E Chigumbura,DT Tiripano,Faheem Ashraf,0,0,,,,,,lbw,E Chigumbura,,
1142923,2018,2018-07-20,Queens Sports Club,2,36.4,Zimbabwe,Pakistan,WP Masakadza,DT Tiripano,Faheem Ashraf,0,2,,,,2,,,,,
1142923,2018,2018-07-20,Queens Sports Club,2,36.5,Zimbabwe,Pakistan,WP Masakadza,DT Tiripano,Faheem Ashraf,0,0,,,,,,,,,
1142923,2018,2018-07-20,Queens Sports Club,2,36.6,Zimbabwe,Pakistan,WP Masakadza,DT Tiripano,Faheem Ashraf,0,0,,,,,,,,,
1142923,2018,2018-07-20,Queens Sports Club,2,37.1,Zimbabwe,Pakistan,DT Tiripano,WP Masakadza,Yasir Shah,0,0,,,,,,,,,
1142923,2018,2018-07-20,Queens Sports Club,2,37.2,Zimbabwe,Pakistan,DT Tiripano,WP Masakadza,Yasir Shah,2,0,,,,,,,,,
1142923,2018,2018-07-20,Queens Sports Club,2,37.3,Zimbabwe,Pakistan,DT Tiripano,WP Masakadza,Yasir Shah,1,0,,,,,,,,,
1142923,2018,2018-07-20,Queens Sports Club,2,37.4,Zimbabwe,Pakistan,WP Masakadza,DT Tiripano,Yasir Shah,1,0,,,,,,,,,
1142923,2018,2018-07-20,Queens Sports Club,2,37.5,Zimbabwe,Pakistan,DT Tiripano,WP Masakadza,Yasir Shah,1,0,,,,,,,,,
1142923,2018,2018-07-20,Queens Sports Club,2,37.6,Zimbabwe,Pakistan,WP Masakadza,DT Tiripano,Yasir Shah,0,0,,,,,,,,,
1142923,2018,2018-07-20,Queens Sports Club,2,38.1,Zimbabwe,Pakistan,DT Tiripano,WP Masakadza,Shadab Khan,0,0,,,,,,,,,
1142923,2018,2018-07-20,Queens Sports Club,2,38.2,Zimbabwe,Pakistan,DT Tiripano,WP Masakadza,Shadab Khan,1,0,,,,,,,,,
1142923,2018,2018-07-20,Queens Sports Club,2,38.3,Zimbabwe,Pakistan,WP Masakadza,DT Tiripano,Shadab Khan,1,0,,,,,,,,,
1142923,2018,2018-07-20,Queens Sports Club,2,38.4,Zimbabwe,Pakistan,DT Tiripano,WP Masakadza,Shadab Khan,0,0,,,,,,,,,
1142923,2018,2018-07-20,Queens Sports Club,2,38.5,Zimbabwe,Pakistan,DT Tiripano,WP Masakadza,Shadab Khan,1,0,,,,,,,,,
1142923,2018,2018-07-20,Queens Sports Club,2,38.6,Zimbabwe,Pakistan,WP Masakadza,DT Tiripano,Shadab Khan,0,0,,,,,,lbw,WP Masakadza,,
1142923,2018,2018-07-20,Queens Sports Club,2,39.1,Zimbabwe,Pakistan,DT Tiripano,TS Chisoro,Shoaib Malik,0,0,,,,,,,,,
1142923,2018,2018-07-20,Queens Sports Club,2,39.2,Zimbabwe,Pakistan,DT Tiripano,TS Chisoro,Shoaib Malik,0,0,,,,,,,,,
1142923,2018,2018-07-20,Queens Sports Club,2,39.3,Zimbabwe,Pakistan,DT Tiripano,TS Chisoro,Shoaib Malik,2,0,,,,,,,,,
1142923,2018,2018-07-20,Queens Sports Club,2,39.4,Zimbabwe,Pakistan,DT Tiripano,TS Chisoro,Shoaib Malik,0,0,,,,,,,,,
1142923,2018,2018-07-20,Queens Sports Club,2,39.5,Zimbabwe,Pakistan,DT Tiripano,TS Chisoro,Shoaib Malik,0,0,,,,,,,,,
1142923,2018,2018-07-20,Queens Sports Club,2,39.6,Zimbabwe,Pakistan,DT Tiripano,TS Chisoro,Shoaib Malik,0,0,,,,,,,,,
1142923,2018,2018-07-20,Queens Sports Club,2,40.1,Zimbabwe,Pakistan,TS Chisoro,DT Tiripano,Shadab Khan,0,0,,,,,,,,,
1142923,2018,2018-07-20,Queens Sports Club,2,40.2,Zimbabwe,Pakistan,TS Chisoro,DT Tiripano,Shadab Khan,1,0,,,,,,,,,
1142923,2018,2018-07-20,Queens Sports Club,2,40.3,Zimbabwe,Pakistan,DT Tiripano,TS Chisoro,Shadab Khan,4,0,,,,,,,,,
1142923,2018,2018-07-20,Queens Sports Club,2,40.4,Zimbabwe,Pakistan,DT Tiripano,TS Chisoro,Shadab Khan,0,0,,,,,,,,,
1142923,2018,2018-07-20,Queens Sports Club,2,40.5,Zimbabwe,Pakistan,DT Tiripano,TS Chisoro,Shadab Khan,0,0,,,,,,,,,
1142923,2018,2018-07-20,Queens Sports Club,2,40.6,Zimbabwe,Pakistan,DT Tiripano,TS Chisoro,Shadab Khan,0,0,,,,,,bowled,DT Tiripano,,
1142923,2018,2018-07-20,Queens Sports Club,2,41.1,Zimbabwe,Pakistan,TS Chisoro,B Muzarabani,Shoaib Malik,0,0,,,,,,caught,TS Chisoro,,
1142923,2018,2018-07-20,Queens Sports Club,2,41.2,Zimbabwe,Pakistan,B Muzarabani,R Ngarava,Shoaib Malik,1,0,,,,,,,,,
1142923,2018,2018-07-20,Queens Sports Club,2,41.3,Zimbabwe,Pakistan,R Ngarava,B Muzarabani,Shoaib Malik,0,0,,,,,,,,,
1142923,2018,2018-07-20,Queens Sports Club,2,41.4,Zimbabwe,Pakistan,R Ngarava,B Muzarabani,Shoaib Malik,0,0,,,,,,,,,
1142923,2018,2018-07-20,Queens Sports Club,2,41.5,Zimbabwe,Pakistan,R Ngarava,B Muzarabani,Shoaib Malik,0,0,,,,,,,,,
1142923,2018,2018-07-20,Queens Sports Club,2,41.6,Zimbabwe,Pakistan,R Ngarava,B Muzarabani,Shoaib Malik,1,0,,,,,,,,,
1142923,2018,2018-07-20,Queens Sports Club,2,42.1,Zimbabwe,Pakistan,R Ngarava,B Muzarabani,Shadab Khan,0,0,,,,,,,,,
1142923,2018,2018-07-20,Queens Sports Club,2,42.2,Zimbabwe,Pakistan,R Ngarava,B Muzarabani,Shadab Khan,0,0,,,,,,,,,
1142923,2018,2018-07-20,Queens Sports Club,2,42.3,Zimbabwe,Pakistan,R Ngarava,B Muzarabani,Shadab Khan,0,0,,,,,,,,,
1142923,2018,2018-07-20,Queens Sports Club,2,42.4,Zimbabwe,Pakistan,R Ngarava,B Muzarabani,Shadab Khan,0,0,,,,,,lbw,R Ngarava,,
