match_id,season,start_date,venue,innings,ball,batting_team,bowling_team,striker,non_striker,bowler,runs_off_bat,extras,wides,noballs,byes,legbyes,penalty,wicket_type,player_dismissed,other_wicket_type,other_player_dismissed
1142587,2018,2018-08-08,Pallekele International Cricket Stadium,1,0.1,Sri Lanka,South Africa,N Dickwella,WU Tharanga,L Ngidi,0,0,,,,,,,,,
1142587,2018,2018-08-08,Pallekele International Cricket Stadium,1,0.2,Sri Lanka,South Africa,N Dickwella,WU Tharanga,L Ngidi,0,0,,,,,,,,,
1142587,2018,2018-08-08,Pallekele International Cricket Stadium,1,0.3,Sri Lanka,South Africa,N Dickwella,WU Tharanga,L Ngidi,4,0,,,,,,,,,
1142587,2018,2018-08-08,Pallekele International Cricket Stadium,1,0.4,Sri Lanka,South Africa,N Dickwella,WU Tharanga,L Ngidi,1,0,,,,,,,,,
1142587,2018,2018-08-08,Pallekele International Cricket Stadium,1,0.5,Sri Lanka,South Africa,WU Tharanga,N Dickwella,L Ngidi,0,0,,,,,,,,,
1142587,2018,2018-08-08,Pallekele International Cricket Stadium,1,0.6,Sri Lanka,South Africa,WU Tharanga,N Dickwella,L Ngidi,0,0,,,,,,,,,
1142587,2018,2018-08-08,Pallekele International Cricket Stadium,1,1.1,Sri Lanka,South Africa,N Dickwella,WU Tharanga,CJ Dala,0,0,,,,,,,,,
1142587,2018,2018-08-08,Pallekele International Cricket Stadium,1,1.2,Sri Lanka,South Africa,N Dickwella,WU Tharanga,CJ Dala,0,0,,,,,,,,,
1142587,2018,2018-08-08,Pallekele International Cricket Stadium,1,1.3,Sri Lanka,South Africa,N Dickwella,WU Tharanga,CJ Dala,0,0,,,,,,,,,
1142587,2018,2018-08-08,Pallekele International Cricket Stadium,1,1.4,Sri Lanka,South Africa,N Dickwella,WU Tharanga,CJ Dala,1,0,,,,,,,,,
1142587,2018,2018-08-08,Pallekele International Cricket Stadium,1,1.5,Sri Lanka,South Africa,WU Tharanga,N Dickwella,CJ Dala,0,1,1,,,,,,,,
1142587,2018,2018-08-08,Pallekele International Cricket Stadium,1,1.6,Sri Lanka,South Africa,WU Tharanga,N Dickwella,CJ Dala,0,0,,,,,,,,,
1142587,2018,2018-08-08,Pallekele International Cricket Stadium,1,1.7,Sri Lanka,South Africa,WU Tharanga,N Dickwella,CJ Dala,1,0,,,,,,,,,
1142587,2018,2018-08-08,Pallekele International Cricket Stadium,1,2.1,Sri Lanka,South Africa,WU Tharanga,N Dickwella,L Ngidi,0,0,,,,,,,,,
1142587,2018,2018-08-08,Pallekele International Cricket Stadium,1,2.2,Sri Lanka,South Africa,WU Tharanga,N Dickwella,L Ngidi,0,0,,,,,,,,,
1142587,2018,2018-08-08,Pallekele International Cricket Stadium,1,2.3,Sri Lanka,South Africa,WU Tharanga,N Dickwella,L Ngidi,0,0,,,,,,,,,
1142587,2018,2018-08-08,Pallekele International Cricket Stadium,1,2.4,Sri Lanka,South Africa,WU Tharanga,N Dickwella,L Ngidi,1,0,,,,,,,,,
1142587,2018,2018-08-08,Pallekele International Cricket Stadium,1,2.5,Sri Lanka,South Africa,N Dickwella,WU Tharanga,L Ngidi,4,0,,,,,,,,,
1142587,2018,2018-08-08,Pallekele International Cricket Stadium,1,2.6,Sri Lanka,South Africa,N Dickwella,WU Tharanga,L Ngidi,0,0,,,,,,,,,
1142587,2018,2018-08-08,Pallekele International Cricket Stadium,1,3.1,Sri Lanka,South Africa,WU Tharanga,N Dickwella,CJ Dala,1,0,,,,,,,,,
1142587,2018,2018-08-08,Pallekele International Cricket Stadium,1,3.2,Sri Lanka,South Africa,N Dickwella,WU Tharanga,CJ Dala,1,0,,,,,,,,,
1142587,2018,2018-08-08,Pallekele International Cricket Stadium,1,3.3,Sri Lanka,South Africa,WU Tharanga,N Dickwella,CJ Dala,0,0,,,,,,,,,
1142587,2018,2018-08-08,Pallekele International Cricket Stadium,1,3.4,Sri Lanka,South Africa,WU Tharanga,N Dickwella,CJ Dala,0,0,,,,,,,,,
1142587,2018,2018-08-08,Pallekele International Cricket Stadium,1,3.5,Sri Lanka,South Africa,WU Tharanga,N Dickwella,CJ Dala,0,0,,,,,,,,,
1142587,2018,2018-08-08,Pallekele International Cricket Stadium,1,3.6,Sri Lanka,South Africa,WU Tharanga,N Dickwella,CJ Dala,0,0,,,,,,,,,
1142587,2018,2018-08-08,Pallekele International Cricket Stadium,1,4.1,Sri Lanka,South Africa,N Dickwella,WU Tharanga,L Ngidi,4,0,,,,,,,,,
1142587,2018,2018-08-08,Pallekele International Cricket Stadium,1,4.2,Sri Lanka,South Africa,N Dickwella,WU Tharanga,L Ngidi,0,0,,,,,,,,,
1142587,2018,2018-08-08,Pallekele International Cricket Stadium,1,4.3,Sri Lanka,South Africa,N Dickwella,WU Tharanga,L Ngidi,1,0,,,,,,,,,
1142587,2018,2018-08-08,Pallekele International Cricket Stadium,1,4.4,Sri Lanka,South Africa,WU Tharanga,N Dickwella,L Ngidi,0,0,,,,,,,,,
1142587,2018,2018-08-08,Pallekele International Cricket Stadium,1,4.5,Sri Lanka,South Africa,WU Tharanga,N Dickwella,L Ngidi,4,0,,,,,,,,,
1142587,2018,2018-08-08,Pallekele International Cricket Stadium,1,4.6,Sri Lanka,South Africa,WU Tharanga,N Dickwella,L Ngidi,0,0,,,,,,,,,
1142587,2018,2018-08-08,Pallekele International Cricket Stadium,1,5.1,Sri Lanka,South Africa,N Dickwella,WU Tharanga,CJ Dala,0,0,,,,,,,,,
1142587,2018,2018-08-08,Pallekele International Cricket Stadium,1,5.2,Sri Lanka,South Africa,N Dickwella,WU Tharanga,CJ Dala,0,1,1,,,,,,,,
1142587,2018,2018-08-08,Pallekele International Cricket Stadium,1,5.3,Sri Lanka,South Africa,N Dickwella,WU Tharanga,CJ Dala,1,0,,,,,,,,,
1142587,2018,2018-08-08,Pallekele International Cricket Stadium,1,5.4,Sri Lanka,South Africa,WU Tharanga,N Dickwella,CJ Dala,0,0,,,,,,,,,
1142587,2018,2018-08-08,Pallekele International Cricket Stadium,1,5.5,Sri Lanka,South Africa,WU Tharanga,N Dickwella,CJ Dala,0,0,,,,,,,,,
1142587,2018,2018-08-08,Pallekele International Cricket Stadium,1,5.6,Sri Lanka,South Africa,WU Tharanga,N Dickwella,CJ Dala,0,0,,,,,,,,,
1142587,2018,2018-08-08,Pallekele International Cricket Stadium,1,5.7,Sri Lanka,South Africa,WU Tharanga,N Dickwella,CJ Dala,0,0,,,,,,,,,
1142587,2018,2018-08-08,Pallekele International Cricket Stadium,1,6.1,Sri Lanka,South Africa,N Dickwella,WU Tharanga,L Ngidi,0,0,,,,,,,,,
1142587,2018,2018-08-08,Pallekele International Cricket Stadium,1,6.2,Sri Lanka,South Africa,N Dickwella,WU Tharanga,L Ngidi,0,0,,,,,,,,,
1142587,2018,2018-08-08,Pallekele International Cricket Stadium,1,6.3,Sri Lanka,South Africa,N Dickwella,WU Tharanga,L Ngidi,1,0,,,,,,,,,
1142587,2018,2018-08-08,Pallekele International Cricket Stadium,1,6.4,Sri Lanka,South Africa,WU Tharanga,N Dickwella,L Ngidi,0,0,,,,,,,,,
1142587,2018,2018-08-08,Pallekele International Cricket Stadium,1,6.5,Sri Lanka,South Africa,WU Tharanga,N Dickwella,L Ngidi,1,0,,,,,,,,,
1142587,2018,2018-08-08,Pallekele International Cricket Stadium,1,6.6,Sri Lanka,South Africa,N Dickwella,WU Tharanga,L Ngidi,1,0,,,,,,,,,
1142587,2018,2018-08-08,Pallekele International Cricket Stadium,1,7.1,Sri Lanka,South Africa,N Dickwella,WU Tharanga,CJ Dala,0,0,,,,,,,,,
1142587,2018,2018-08-08,Pallekele International Cricket Stadium,1,7.2,Sri Lanka,South Africa,N Dickwella,WU Tharanga,CJ Dala,4,0,,,,,,,,,
1142587,2018,2018-08-08,Pallekele International Cricket Stadium,1,7.3,Sri Lanka,South Africa,N Dickwella,WU Tharanga,CJ Dala,0,0,,,,,,,,,
1142587,2018,2018-08-08,Pallekele International Cricket Stadium,1,7.4,Sri Lanka,South Africa,N Dickwella,WU Tharanga,CJ Dala,0,0,,,,,,,,,
1142587,2018,2018-08-08,Pallekele International Cricket Stadium,1,7.5,Sri Lanka,South Africa,N Dickwella,WU Tharanga,CJ Dala,4,0,,,,,,,,,
1142587,2018,2018-08-08,Pallekele International Cricket Stadium,1,7.6,Sri Lanka,South Africa,N Dickwella,WU Tharanga,CJ Dala,4,0,,,,,,,,,
1142587,2018,2018-08-08,Pallekele International Cricket Stadium,1,8.1,Sri Lanka,South Africa,WU Tharanga,N Dickwella,AL Phehlukwayo,0,1,1,,,,,,,,
1142587,2018,2018-08-08,Pallekele International Cricket Stadium,1,8.2,Sri Lanka,South Africa,WU Tharanga,N Dickwella,AL Phehlukwayo,0,3,,,,3,,,,,
1142587,2018,2018-08-08,Pallekele International Cricket Stadium,1,8.3,Sri Lanka,South Africa,N Dickwella,WU Tharanga,AL Phehlukwayo,0,0,,,,,,,,,
1142587,2018,2018-08-08,Pallekele International Cricket Stadium,1,8.4,Sri Lanka,South Africa,N Dickwella,WU Tharanga,AL Phehlukwayo,0,1,1,,,,,,,,
1142587,2018,2018-08-08,Pallekele International Cricket Stadium,1,8.5,Sri Lanka,South Africa,N Dickwella,WU Tharanga,AL Phehlukwayo,1,0,,,,,,,,,
1142587,2018,2018-08-08,Pallekele International Cricket Stadium,1,8.6,Sri Lanka,South Africa,WU Tharanga,N Dickwella,AL Phehlukwayo,1,0,,,,,,,,,
1142587,2018,2018-08-08,Pallekele International Cricket Stadium,1,8.7,Sri Lanka,South Africa,N Dickwella,WU Tharanga,AL Phehlukwayo,0,0,,,,,,,,,
1142587,2018,2018-08-08,Pallekele International Cricket Stadium,1,8.8,Sri Lanka,South Africa,N Dickwella,WU Tharanga,AL Phehlukwayo,1,0,,,,,,,,,
1142587,2018,2018-08-08,Pallekele International Cricket Stadium,1,9.1,Sri Lanka,South Africa,N Dickwella,WU Tharanga,JP Duminy,1,0,,,,,,,,,
1142587,2018,2018-08-08,Pallekele International Cricket Stadium,1,9.2,Sri Lanka,South Africa,WU Tharanga,N Dickwella,JP Duminy,0,0,,,,,,,,,
1142587,2018,2018-08-08,Pallekele International Cricket Stadium,1,9.3,Sri Lanka,South Africa,WU Tharanga,N Dickwella,JP Duminy,1,0,,,,,,,,,
1142587,2018,2018-08-08,Pallekele International Cricket Stadium,1,9.4,Sri Lanka,South Africa,N Dickwella,WU Tharanga,JP Duminy,0,0,,,,,,,,,
1142587,2018,2018-08-08,Pallekele International Cricket Stadium,1,9.5,Sri Lanka,South Africa,N Dickwella,WU Tharanga,JP Duminy,0,0,,,,,,,,,
1142587,2018,2018-08-08,Pallekele International Cricket Stadium,1,9.6,Sri Lanka,South Africa,N Dickwella,WU Tharanga,JP Duminy,0,0,,,,,,,,,
1142587,2018,2018-08-08,Pallekele International Cricket Stadium,1,10.1,Sri Lanka,South Africa,WU Tharanga,N Dickwella,AL Phehlukwayo,0,0,,,,,,,,,
1142587,2018,2018-08-08,Pallekele International Cricket Stadium,1,10.2,Sri Lanka,South Africa,WU Tharanga,N Dickwella,AL Phehlukwayo,0,0,,,,,,,,,
1142587,2018,2018-08-08,Pallekele International Cricket Stadium,1,10.3,Sri Lanka,South Africa,WU Tharanga,N Dickwella,AL Phehlukwayo,4,0,,,,,,,,,
1142587,2018,2018-08-08,Pallekele International Cricket Stadium,1,10.4,Sri Lanka,South Africa,WU Tharanga,N Dickwella,AL Phehlukwayo,0,0,,,,,,,,,
1142587,2018,2018-08-08,Pallekele International Cricket Stadium,1,10.5,Sri Lanka,South Africa,WU Tharanga,N Dickwella,AL Phehlukwayo,2,0,,,,,,,,,
1142587,2018,2018-08-08,Pallekele International Cricket Stadium,1,10.6,Sri Lanka,South Africa,WU Tharanga,N Dickwella,AL Phehlukwayo,1,0,,,,,,,,,
1142587,2018,2018-08-08,Pallekele International Cricket Stadium,1,11.1,Sri Lanka,South Africa,WU Tharanga,N Dickwella,JP Duminy,2,0,,,,,,,,,
1142587,2018,2018-08-08,Pallekele International Cricket Stadium,1,11.2,Sri Lanka,South Africa,WU Tharanga,N Dickwella,JP Duminy,1,0,,,,,,,,,
1142587,2018,2018-08-08,Pallekele International Cricket Stadium,1,11.3,Sri Lanka,South Africa,N Dickwella,WU Tharanga,JP Duminy,0,0,,,,,,caught,N Dickwella,,
1142587,2018,2018-08-08,Pallekele International Cricket Stadium,1,11.4,Sri Lanka,South Africa,BKG Mendis,WU Tharanga,JP Duminy,0,0,,,,,,,,,
1142587,2018,2018-08-08,Pallekele International Cricket Stadium,1,11.5,Sri Lanka,South Africa,BKG Mendis,WU Tharanga,JP Duminy,0,0,,,,,,,,,
1142587,2018,2018-08-08,Pallekele International Cricket Stadium,1,11.6,Sri Lanka,South Africa,BKG Mendis,WU Tharanga,JP Duminy,1,0,,,,,,,,,
1142587,2018,2018-08-08,Pallekele International Cricket Stadium,1,12.1,Sri Lanka,South Africa,BKG Mendis,WU Tharanga,AL Phehlukwayo,0,0,,,,,,,,,
1142587,2018,2018-08-08,Pallekele International Cricket Stadium,1,12.2,Sri Lanka,South Africa,BKG Mendis,WU Tharanga,AL Phehlukwayo,1,0,,,,,,,,,
1142587,2018,2018-08-08,Pallekele International Cricket Stadium,1,12.3,Sri Lanka,South Africa,WU Tharanga,BKG Mendis,AL Phehlukwayo,1,0,,,,,,,,,
1142587,2018,2018-08-08,Pallekele International Cricket Stadium,1,12.4,Sri Lanka,South Africa,BKG Mendis,WU Tharanga,AL Phehlukwayo,1,0,,,,,,,,,
1142587,2018,2018-08-08,Pallekele International Cricket Stadium,1,12.5,Sri Lanka,South Africa,WU Tharanga,BKG Mendis,AL Phehlukwayo,0,1,1,,,,,,,,
1142587,2018,2018-08-08,Pallekele International Cricket Stadium,1,12.6,Sri Lanka,South Africa,WU Tharanga,BKG Mendis,AL Phehlukwayo,4,0,,,,,,,,,
1142587,2018,2018-08-08,Pallekele International Cricket Stadium,1,12.7,Sri Lanka,South Africa,WU Tharanga,BKG Mendis,AL Phehlukwayo,4,0,,,,,,,,,
1142587,2018,2018-08-08,Pallekele International Cricket Stadium,1,13.1,Sri Lanka,South Africa,BKG Mendis,WU Tharanga,JP Duminy,6,0,,,,,,,,,
1142587,2018,2018-08-08,Pallekele International Cricket Stadium,1,13.2,Sri Lanka,South Africa,BKG Mendis,WU Tharanga,JP Duminy,1,0,,,,,,,,,
1142587,2018,2018-08-08,Pallekele International Cricket Stadium,1,13.3,Sri Lanka,South Africa,WU Tharanga,BKG Mendis,JP Duminy,0,0,,,,,,,,,
1142587,2018,2018-08-08,Pallekele International Cricket Stadium,1,13.4,Sri Lanka,South Africa,WU Tharanga,BKG Mendis,JP Duminy,1,0,,,,,,,,,
1142587,2018,2018-08-08,Pallekele International Cricket Stadium,1,13.5,Sri Lanka,South Africa,BKG Mendis,WU Tharanga,JP Duminy,0,0,,,,,,,,,
1142587,2018,2018-08-08,Pallekele International Cricket Stadium,1,13.6,Sri Lanka,South Africa,BKG Mendis,WU Tharanga,JP Duminy,3,0,,,,,,,,,
1142587,2018,2018-08-08,Pallekele International Cricket Stadium,1,14.1,Sri Lanka,South Africa,BKG Mendis,WU Tharanga,PWA Mulder,1,0,,,,,,,,,
1142587,2018,2018-08-08,Pallekele International Cricket Stadium,1,14.2,Sri Lanka,South Africa,WU Tharanga,BKG Mendis,PWA Mulder,6,0,,,,,,,,,
1142587,2018,2018-08-08,Pallekele International Cricket Stadium,1,14.3,Sri Lanka,South Africa,WU Tharanga,BKG Mendis,PWA Mulder,0,0,,,,,,bowled,WU Tharanga,,
1142587,2018,2018-08-08,Pallekele International Cricket Stadium,1,14.4,Sri Lanka,South Africa,MDKJ Perera,BKG Mendis,PWA Mulder,0,0,,,,,,,,,
1142587,2018,2018-08-08,Pallekele International Cricket Stadium,1,14.5,Sri Lanka,South Africa,MDKJ Perera,BKG Mendis,PWA Mulder,4,0,,,,,,,,,
1142587,2018,2018-08-08,Pallekele International Cricket Stadium,1,14.6,Sri Lanka,South Africa,MDKJ Perera,BKG Mendis,PWA Mulder,0,1,,,,1,,,,,
1142587,2018,2018-08-08,Pallekele International Cricket Stadium,1,15.1,Sri Lanka,South Africa,MDKJ Perera,BKG Mendis,KA Maharaj,0,0,,,,,,,,,
1142587,2018,2018-08-08,Pallekele International Cricket Stadium,1,15.2,Sri Lanka,South Africa,MDKJ Perera,BKG Mendis,KA Maharaj,2,0,,,,,,,,,
1142587,2018,2018-08-08,Pallekele International Cricket Stadium,1,15.3,Sri Lanka,South Africa,MDKJ Perera,BKG Mendis,KA Maharaj,1,0,,,,,,,,,
1142587,2018,2018-08-08,Pallekele International Cricket Stadium,1,15.4,Sri Lanka,South Africa,BKG Mendis,MDKJ Perera,KA Maharaj,0,0,,,,,,,,,
1142587,2018,2018-08-08,Pallekele International Cricket Stadium,1,15.5,Sri Lanka,South Africa,BKG Mendis,MDKJ Perera,KA Maharaj,0,0,,,,,,lbw,BKG Mendis,,
1142587,2018,2018-08-08,Pallekele International Cricket Stadium,1,15.6,Sri Lanka,South Africa,AD Mathews,MDKJ Perera,KA Maharaj,1,0,,,,,,,,,
1142587,2018,2018-08-08,Pallekele International Cricket Stadium,1,16.1,Sri Lanka,South Africa,AD Mathews,MDKJ Perera,PWA Mulder,0,1,1,,,,,,,,
1142587,2018,2018-08-08,Pallekele International Cricket Stadium,1,16.2,Sri Lanka,South Africa,AD Mathews,MDKJ Perera,PWA Mulder,0,0,,,,,,,,,
1142587,2018,2018-08-08,Pallekele International Cricket Stadium,1,16.3,Sri Lanka,South Africa,AD Mathews,MDKJ Perera,PWA Mulder,0,0,,,,,,,,,
1142587,2018,2018-08-08,Pallekele International Cricket Stadium,1,16.4,Sri Lanka,South Africa,AD Mathews,MDKJ Perera,PWA Mulder,0,0,,,,,,,,,
1142587,2018,2018-08-08,Pallekele International Cricket Stadium,1,16.5,Sri Lanka,South Africa,AD Mathews,MDKJ Perera,PWA Mulder,0,0,,,,,,,,,
1142587,2018,2018-08-08,Pallekele International Cricket Stadium,1,16.6,Sri Lanka,South Africa,AD Mathews,MDKJ Perera,PWA Mulder,0,0,,,,,,,,,
1142587,2018,2018-08-08,Pallekele International Cricket Stadium,1,16.7,Sri Lanka,South Africa,AD Mathews,MDKJ Perera,PWA Mulder,4,0,,,,,,,,,
1142587,2018,2018-08-08,Pallekele International Cricket Stadium,1,17.1,Sri Lanka,South Africa,MDKJ Perera,AD Mathews,KA Maharaj,1,0,,,,,,,,,
1142587,2018,2018-08-08,Pallekele International Cricket Stadium,1,17.2,Sri Lanka,South Africa,AD Mathews,MDKJ Perera,KA Maharaj,0,0,,,,,,,,,
1142587,2018,2018-08-08,Pallekele International Cricket Stadium,1,17.3,Sri Lanka,South Africa,AD Mathews,MDKJ Perera,KA Maharaj,1,0,,,,,,,,,
1142587,2018,2018-08-08,Pallekele International Cricket Stadium,1,17.4,Sri Lanka,South Africa,MDKJ Perera,AD Mathews,KA Maharaj,1,0,,,,,,,,,
1142587,2018,2018-08-08,Pallekele International Cricket Stadium,1,17.5,Sri Lanka,South Africa,AD Mathews,MDKJ Perera,KA Maharaj,1,0,,,,,,,,,
1142587,2018,2018-08-08,Pallekele International Cricket Stadium,1,17.6,Sri Lanka,South Africa,MDKJ Perera,AD Mathews,KA Maharaj,1,0,,,,,,,,,
1142587,2018,2018-08-08,Pallekele International Cricket Stadium,1,18.1,Sri Lanka,South Africa,MDKJ Perera,AD Mathews,PWA Mulder,4,0,,,,,,,,,
1142587,2018,2018-08-08,Pallekele International Cricket Stadium,1,18.2,Sri Lanka,South Africa,MDKJ Perera,AD Mathews,PWA Mulder,0,1,1,,,,,,,,
1142587,2018,2018-08-08,Pallekele International Cricket Stadium,1,18.3,Sri Lanka,South Africa,MDKJ Perera,AD Mathews,PWA Mulder,1,0,,,,,,,,,
1142587,2018,2018-08-08,Pallekele International Cricket Stadium,1,18.4,Sri Lanka,South Africa,AD Mathews,MDKJ Perera,PWA Mulder,0,0,,,,,,,,,
1142587,2018,2018-08-08,Pallekele International Cricket Stadium,1,18.5,Sri Lanka,South Africa,AD Mathews,MDKJ Perera,PWA Mulder,0,1,1,,,,,,,,
1142587,2018,2018-08-08,Pallekele International Cricket Stadium,1,18.6,Sri Lanka,South Africa,AD Mathews,MDKJ Perera,PWA Mulder,0,0,,,,,,,,,
1142587,2018,2018-08-08,Pallekele International Cricket Stadium,1,18.7,Sri Lanka,South Africa,AD Mathews,MDKJ Perera,PWA Mulder,0,0,,,,,,,,,
1142587,2018,2018-08-08,Pallekele International Cricket Stadium,1,18.8,Sri Lanka,South Africa,AD Mathews,MDKJ Perera,PWA Mulder,0,0,,,,,,,,,
1142587,2018,2018-08-08,Pallekele International Cricket Stadium,1,19.1,Sri Lanka,South Africa,MDKJ Perera,AD Mathews,KA Maharaj,1,0,,,,,,,,,
1142587,2018,2018-08-08,Pallekele International Cricket Stadium,1,19.2,Sri Lanka,South Africa,AD Mathews,MDKJ Perera,KA Maharaj,0,0,,,,,,,,,
1142587,2018,2018-08-08,Pallekele International Cricket Stadium,1,19.3,Sri Lanka,South Africa,AD Mathews,MDKJ Perera,KA Maharaj,0,0,,,,,,,,,
1142587,2018,2018-08-08,Pallekele International Cricket Stadium,1,19.4,Sri Lanka,South Africa,AD Mathews,MDKJ Perera,KA Maharaj,1,0,,,,,,,,,
1142587,2018,2018-08-08,Pallekele International Cricket Stadium,1,19.5,Sri Lanka,South Africa,MDKJ Perera,AD Mathews,KA Maharaj,0,0,,,,,,,,,
1142587,2018,2018-08-08,Pallekele International Cricket Stadium,1,19.6,Sri Lanka,South Africa,MDKJ Perera,AD Mathews,KA Maharaj,1,0,,,,,,,,,
1142587,2018,2018-08-08,Pallekele International Cricket Stadium,1,20.1,Sri Lanka,South Africa,MDKJ Perera,AD Mathews,PWA Mulder,0,4,,,,4,,,,,
1142587,2018,2018-08-08,Pallekele International Cricket Stadium,1,20.2,Sri Lanka,South Africa,MDKJ Perera,AD Mathews,PWA Mulder,6,0,,,,,,,,,
1142587,2018,2018-08-08,Pallekele International Cricket Stadium,1,20.3,Sri Lanka,South Africa,MDKJ Perera,AD Mathews,PWA Mulder,4,0,,,,,,,,,
1142587,2018,2018-08-08,Pallekele International Cricket Stadium,1,20.4,Sri Lanka,South Africa,MDKJ Perera,AD Mathews,PWA Mulder,1,0,,,,,,,,,
1142587,2018,2018-08-08,Pallekele International Cricket Stadium,1,20.5,Sri Lanka,South Africa,AD Mathews,MDKJ Perera,PWA Mulder,2,0,,,,,,,,,
1142587,2018,2018-08-08,Pallekele International Cricket Stadium,1,20.6,Sri Lanka,South Africa,AD Mathews,MDKJ Perera,PWA Mulder,1,0,,,,,,,,,
1142587,2018,2018-08-08,Pallekele International Cricket Stadium,1,21.1,Sri Lanka,South Africa,AD Mathews,MDKJ Perera,KA Maharaj,6,0,,,,,,,,,
1142587,2018,2018-08-08,Pallekele International Cricket Stadium,1,21.2,Sri Lanka,South Africa,AD Mathews,MDKJ Perera,KA Maharaj,0,1,1,,,,,,,,
1142587,2018,2018-08-08,Pallekele International Cricket Stadium,1,21.3,Sri Lanka,South Africa,AD Mathews,MDKJ Perera,KA Maharaj,1,0,,,,,,,,,
1142587,2018,2018-08-08,Pallekele International Cricket Stadium,1,21.4,Sri Lanka,South Africa,MDKJ Perera,AD Mathews,KA Maharaj,0,0,,,,,,,,,
1142587,2018,2018-08-08,Pallekele International Cricket Stadium,1,21.5,Sri Lanka,South Africa,MDKJ Perera,AD Mathews,KA Maharaj,6,0,,,,,,,,,
1142587,2018,2018-08-08,Pallekele International Cricket Stadium,1,21.6,Sri Lanka,South Africa,MDKJ Perera,AD Mathews,KA Maharaj,0,0,,,,,,,,,
1142587,2018,2018-08-08,Pallekele International Cricket Stadium,1,21.7,Sri Lanka,South Africa,MDKJ Perera,AD Mathews,KA Maharaj,1,0,,,,,,,,,
1142587,2018,2018-08-08,Pallekele International Cricket Stadium,1,22.1,Sri Lanka,South Africa,MDKJ Perera,AD Mathews,L Ngidi,1,0,,,,,,,,,
1142587,2018,2018-08-08,Pallekele International Cricket Stadium,1,22.2,Sri Lanka,South Africa,AD Mathews,MDKJ Perera,L Ngidi,4,0,,,,,,,,,
1142587,2018,2018-08-08,Pallekele International Cricket Stadium,1,22.3,Sri Lanka,South Africa,AD Mathews,MDKJ Perera,L Ngidi,0,0,,,,,,caught,AD Mathews,,
1142587,2018,2018-08-08,Pallekele International Cricket Stadium,1,22.4,Sri Lanka,South Africa,DM de Silva,MDKJ Perera,L Ngidi,0,0,,,,,,,,,
1142587,2018,2018-08-08,Pallekele International Cricket Stadium,1,22.5,Sri Lanka,South Africa,DM de Silva,MDKJ Perera,L Ngidi,4,0,,,,,,,,,
1142587,2018,2018-08-08,Pallekele International Cricket Stadium,1,22.6,Sri Lanka,South Africa,DM de Silva,MDKJ Perera,L Ngidi,0,0,,,,,,,,,
1142587,2018,2018-08-08,Pallekele International Cricket Stadium,1,23.1,Sri Lanka,South Africa,MDKJ Perera,DM de Silva,KA Maharaj,4,0,,,,,,,,,
1142587,2018,2018-08-08,Pallekele International Cricket Stadium,1,23.2,Sri Lanka,South Africa,MDKJ Perera,DM de Silva,KA Maharaj,4,0,,,,,,,,,
1142587,2018,2018-08-08,Pallekele International Cricket Stadium,1,23.3,Sri Lanka,South Africa,MDKJ Perera,DM de Silva,KA Maharaj,1,0,,,,,,,,,
1142587,2018,2018-08-08,Pallekele International Cricket Stadium,1,23.4,Sri Lanka,South Africa,DM de Silva,MDKJ Perera,KA Maharaj,0,0,,,,,,,,,
1142587,2018,2018-08-08,Pallekele International Cricket Stadium,1,23.5,Sri Lanka,South Africa,DM de Silva,MDKJ Perera,KA Maharaj,0,0,,,,,,,,,
1142587,2018,2018-08-08,Pallekele International Cricket Stadium,1,23.6,Sri Lanka,South Africa,DM de Silva,MDKJ Perera,KA Maharaj,1,0,,,,,,,,,
1142587,2018,2018-08-08,Pallekele International Cricket Stadium,1,24.1,Sri Lanka,South Africa,DM de Silva,MDKJ Perera,L Ngidi,4,0,,,,,,,,,
1142587,2018,2018-08-08,Pallekele International Cricket Stadium,1,24.2,Sri Lanka,South Africa,DM de Silva,MDKJ Perera,L Ngidi,1,0,,,,,,,,,
1142587,2018,2018-08-08,Pallekele International Cricket Stadium,1,24.3,Sri Lanka,South Africa,MDKJ Perera,DM de Silva,L Ngidi,4,0,,,,,,,,,
1142587,2018,2018-08-08,Pallekele International Cricket Stadium,1,24.4,Sri Lanka,South Africa,MDKJ Perera,DM de Silva,L Ngidi,1,0,,,,,,,,,
1142587,2018,2018-08-08,Pallekele International Cricket Stadium,1,24.5,Sri Lanka,South Africa,DM de Silva,MDKJ Perera,L Ngidi,0,0,,,,,,,,,
1142587,2018,2018-08-08,Pallekele International Cricket Stadium,1,24.6,Sri Lanka,South Africa,DM de Silva,MDKJ Perera,L Ngidi,0,0,,,,,,caught,DM de Silva,,
1142587,2018,2018-08-08,Pallekele International Cricket Stadium,1,25.1,Sri Lanka,South Africa,NLTC Perera,MDKJ Perera,JP Duminy,0,0,,,,,,,,,
1142587,2018,2018-08-08,Pallekele International Cricket Stadium,1,25.2,Sri Lanka,South Africa,NLTC Perera,MDKJ Perera,JP Duminy,1,0,,,,,,,,,
1142587,2018,2018-08-08,Pallekele International Cricket Stadium,1,25.3,Sri Lanka,South Africa,MDKJ Perera,NLTC Perera,JP Duminy,0,0,,,,,,,,,
1142587,2018,2018-08-08,Pallekele International Cricket Stadium,1,25.4,Sri Lanka,South Africa,MDKJ Perera,NLTC Perera,JP Duminy,0,0,,,,,,,,,
1142587,2018,2018-08-08,Pallekele International Cricket Stadium,1,25.5,Sri Lanka,South Africa,MDKJ Perera,NLTC Perera,JP Duminy,1,0,,,,,,,,,
1142587,2018,2018-08-08,Pallekele International Cricket Stadium,1,25.6,Sri Lanka,South Africa,NLTC Perera,MDKJ Perera,JP Duminy,1,0,,,,,,,,,
1142587,2018,2018-08-08,Pallekele International Cricket Stadium,1,26.1,Sri Lanka,South Africa,NLTC Perera,MDKJ Perera,CJ Dala,4,0,,,,,,,,,
1142587,2018,2018-08-08,Pallekele International Cricket Stadium,1,26.2,Sri Lanka,South Africa,NLTC Perera,MDKJ Perera,CJ Dala,2,0,,,,,,,,,
1142587,2018,2018-08-08,Pallekele International Cricket Stadium,1,26.3,Sri Lanka,South Africa,NLTC Perera,MDKJ Perera,CJ Dala,0,0,,,,,,,,,
1142587,2018,2018-08-08,Pallekele International Cricket Stadium,1,26.4,Sri Lanka,South Africa,NLTC Perera,MDKJ Perera,CJ Dala,0,0,,,,,,,,,
1142587,2018,2018-08-08,Pallekele International Cricket Stadium,1,26.5,Sri Lanka,South Africa,NLTC Perera,MDKJ Perera,CJ Dala,0,0,,,,,,,,,
1142587,2018,2018-08-08,Pallekele International Cricket Stadium,1,26.6,Sri Lanka,South Africa,NLTC Perera,MDKJ Perera,CJ Dala,0,1,1,,,,,,,,
1142587,2018,2018-08-08,Pallekele International Cricket Stadium,1,26.7,Sri Lanka,South Africa,NLTC Perera,MDKJ Perera,CJ Dala,1,0,,,,,,,,,
1142587,2018,2018-08-08,Pallekele International Cricket Stadium,1,27.1,Sri Lanka,South Africa,NLTC Perera,MDKJ Perera,JP Duminy,1,0,,,,,,,,,
1142587,2018,2018-08-08,Pallekele International Cricket Stadium,1,27.2,Sri Lanka,South Africa,MDKJ Perera,NLTC Perera,JP Duminy,0,0,,,,,,caught,MDKJ Perera,,
1142587,2018,2018-08-08,Pallekele International Cricket Stadium,1,27.3,Sri Lanka,South Africa,NLTC Perera,MD Shanaka,JP Duminy,1,0,,,,,,,,,
1142587,2018,2018-08-08,Pallekele International Cricket Stadium,1,27.4,Sri Lanka,South Africa,MD Shanaka,NLTC Perera,JP Duminy,1,0,,,,,,,,,
1142587,2018,2018-08-08,Pallekele International Cricket Stadium,1,27.5,Sri Lanka,South Africa,NLTC Perera,MD Shanaka,JP Duminy,0,0,,,,,,,,,
1142587,2018,2018-08-08,Pallekele International Cricket Stadium,1,27.6,Sri Lanka,South Africa,NLTC Perera,MD Shanaka,JP Duminy,0,0,,,,,,,,,
1142587,2018,2018-08-08,Pallekele International Cricket Stadium,1,28.1,Sri Lanka,South Africa,MD Shanaka,NLTC Perera,CJ Dala,0,0,,,,,,,,,
1142587,2018,2018-08-08,Pallekele International Cricket Stadium,1,28.2,Sri Lanka,South Africa,MD Shanaka,NLTC Perera,CJ Dala,1,0,,,,,,,,,
1142587,2018,2018-08-08,Pallekele International Cricket Stadium,1,28.3,Sri Lanka,South Africa,NLTC Perera,MD Shanaka,CJ Dala,0,1,,,,1,,,,,
1142587,2018,2018-08-08,Pallekele International Cricket Stadium,1,28.4,Sri Lanka,South Africa,MD Shanaka,NLTC Perera,CJ Dala,1,0,,,,,,,,,
1142587,2018,2018-08-08,Pallekele International Cricket Stadium,1,28.5,Sri Lanka,South Africa,NLTC Perera,MD Shanaka,CJ Dala,1,0,,,,,,,,,
1142587,2018,2018-08-08,Pallekele International Cricket Stadium,1,28.6,Sri Lanka,South Africa,MD Shanaka,NLTC Perera,CJ Dala,0,0,,,,,,,,,
1142587,2018,2018-08-08,Pallekele International Cricket Stadium,1,29.1,Sri Lanka,South Africa,NLTC Perera,MD Shanaka,JP Duminy,4,0,,,,,,,,,
1142587,2018,2018-08-08,Pallekele International Cricket Stadium,1,29.2,Sri Lanka,South Africa,NLTC Perera,MD Shanaka,JP Duminy,1,0,,,,,,,,,
1142587,2018,2018-08-08,Pallekele International Cricket Stadium,1,29.3,Sri Lanka,South Africa,MD Shanaka,NLTC Perera,JP Duminy,0,0,,,,,,,,,
1142587,2018,2018-08-08,Pallekele International Cricket Stadium,1,29.4,Sri Lanka,South Africa,MD Shanaka,NLTC Perera,JP Duminy,6,0,,,,,,,,,
1142587,2018,2018-08-08,Pallekele International Cricket Stadium,1,29.5,Sri Lanka,South Africa,MD Shanaka,NLTC Perera,JP Duminy,0,0,,,,,,,,,
1142587,2018,2018-08-08,Pallekele International Cricket Stadium,1,29.6,Sri Lanka,South Africa,MD Shanaka,NLTC Perera,JP Duminy,1,0,,,,,,,,,
1142587,2018,2018-08-08,Pallekele International Cricket Stadium,1,30.1,Sri Lanka,South Africa,MD Shanaka,NLTC Perera,AL Phehlukwayo,0,0,,,,,,,,,
1142587,2018,2018-08-08,Pallekele International Cricket Stadium,1,30.2,Sri Lanka,South Africa,MD Shanaka,NLTC Perera,AL Phehlukwayo,1,0,,,,,,,,,
1142587,2018,2018-08-08,Pallekele International Cricket Stadium,1,30.3,Sri Lanka,South Africa,NLTC Perera,MD Shanaka,AL Phehlukwayo,0,0,,,,,,,,,
1142587,2018,2018-08-08,Pallekele International Cricket Stadium,1,30.4,Sri Lanka,South Africa,NLTC Perera,MD Shanaka,AL Phehlukwayo,0,0,,,,,,,,,
1142587,2018,2018-08-08,Pallekele International Cricket Stadium,1,30.5,Sri Lanka,South Africa,NLTC Perera,MD Shanaka,AL Phehlukwayo,0,0,,,,,,,,,
1142587,2018,2018-08-08,Pallekele International Cricket Stadium,1,30.6,Sri Lanka,South Africa,NLTC Perera,MD Shanaka,AL Phehlukwayo,1,0,,,,,,,,,
1142587,2018,2018-08-08,Pallekele International Cricket Stadium,1,31.1,Sri Lanka,South Africa,NLTC Perera,MD Shanaka,PWA Mulder,1,0,,,,,,,,,
1142587,2018,2018-08-08,Pallekele International Cricket Stadium,1,31.2,Sri Lanka,South Africa,MD Shanaka,NLTC Perera,PWA Mulder,1,0,,,,,,,,,
1142587,2018,2018-08-08,Pallekele International Cricket Stadium,1,31.3,Sri Lanka,South Africa,NLTC Perera,MD Shanaka,PWA Mulder,0,0,,,,,,,,,
1142587,2018,2018-08-08,Pallekele International Cricket Stadium,1,31.4,Sri Lanka,South Africa,NLTC Perera,MD Shanaka,PWA Mulder,1,0,,,,,,,,,
1142587,2018,2018-08-08,Pallekele International Cricket Stadium,1,31.5,Sri Lanka,South Africa,MD Shanaka,NLTC Perera,PWA Mulder,0,0,,,,,,,,,
1142587,2018,2018-08-08,Pallekele International Cricket Stadium,1,31.6,Sri Lanka,South Africa,MD Shanaka,NLTC Perera,PWA Mulder,4,0,,,,,,,,,
1142587,2018,2018-08-08,Pallekele International Cricket Stadium,1,32.1,Sri Lanka,South Africa,NLTC Perera,MD Shanaka,AL Phehlukwayo,0,0,,,,,,,,,
1142587,2018,2018-08-08,Pallekele International Cricket Stadium,1,32.2,Sri Lanka,South Africa,NLTC Perera,MD Shanaka,AL Phehlukwayo,1,0,,,,,,,,,
1142587,2018,2018-08-08,Pallekele International Cricket Stadium,1,32.3,Sri Lanka,South Africa,MD Shanaka,NLTC Perera,AL Phehlukwayo,6,0,,,,,,,,,
1142587,2018,2018-08-08,Pallekele International Cricket Stadium,1,32.4,Sri Lanka,South Africa,MD Shanaka,NLTC Perera,AL Phehlukwayo,1,0,,,,,,,,,
1142587,2018,2018-08-08,Pallekele International Cricket Stadium,1,32.5,Sri Lanka,South Africa,NLTC Perera,MD Shanaka,AL Phehlukwayo,1,0,,,,,,,,,
1142587,2018,2018-08-08,Pallekele International Cricket Stadium,1,32.6,Sri Lanka,South Africa,MD Shanaka,NLTC Perera,AL Phehlukwayo,1,0,,,,,,,,,
1142587,2018,2018-08-08,Pallekele International Cricket Stadium,1,33.1,Sri Lanka,South Africa,MD Shanaka,NLTC Perera,PWA Mulder,1,0,,,,,,,,,
1142587,2018,2018-08-08,Pallekele International Cricket Stadium,1,33.2,Sri Lanka,South Africa,NLTC Perera,MD Shanaka,PWA Mulder,1,0,,,,,,,,,
1142587,2018,2018-08-08,Pallekele International Cricket Stadium,1,33.3,Sri Lanka,South Africa,MD Shanaka,NLTC Perera,PWA Mulder,2,0,,,,,,,,,
1142587,2018,2018-08-08,Pallekele International Cricket Stadium,1,33.4,Sri Lanka,South Africa,MD Shanaka,NLTC Perera,PWA Mulder,1,0,,,,,,,,,
1142587,2018,2018-08-08,Pallekele International Cricket Stadium,1,33.5,Sri Lanka,South Africa,NLTC Perera,MD Shanaka,PWA Mulder,0,0,,,,,,,,,
1142587,2018,2018-08-08,Pallekele International Cricket Stadium,1,33.6,Sri Lanka,South Africa,NLTC Perera,MD Shanaka,PWA Mulder,0,1,1,,,,,,,,
1142587,2018,2018-08-08,Pallekele International Cricket Stadium,1,33.7,Sri Lanka,South Africa,NLTC Perera,MD Shanaka,PWA Mulder,1,0,,,,,,,,,
1142587,2018,2018-08-08,Pallekele International Cricket Stadium,1,34.1,Sri Lanka,South Africa,NLTC Perera,MD Shanaka,L Ngidi,4,0,,,,,,,,,
1142587,2018,2018-08-08,Pallekele International Cricket Stadium,1,34.2,Sri Lanka,South Africa,NLTC Perera,MD Shanaka,L Ngidi,1,0,,,,,,,,,
1142587,2018,2018-08-08,Pallekele International Cricket Stadium,1,34.3,Sri Lanka,South Africa,MD Shanaka,NLTC Perera,L Ngidi,0,1,1,,,,,,,,
1142587,2018,2018-08-08,Pallekele International Cricket Stadium,1,34.4,Sri Lanka,South Africa,MD Shanaka,NLTC Perera,L Ngidi,1,0,,,,,,,,,
1142587,2018,2018-08-08,Pallekele International Cricket Stadium,1,34.5,Sri Lanka,South Africa,NLTC Perera,MD Shanaka,L Ngidi,1,0,,,,,,,,,
1142587,2018,2018-08-08,Pallekele International Cricket Stadium,1,34.6,Sri Lanka,South Africa,MD Shanaka,NLTC Perera,L Ngidi,1,0,,,,,,,,,
1142587,2018,2018-08-08,Pallekele International Cricket Stadium,1,34.7,Sri Lanka,South Africa,NLTC Perera,MD Shanaka,L Ngidi,0,0,,,,,,,,,
1142587,2018,2018-08-08,Pallekele International Cricket Stadium,1,35.1,Sri Lanka,South Africa,MD Shanaka,NLTC Perera,CJ Dala,6,0,,,,,,,,,
1142587,2018,2018-08-08,Pallekele International Cricket Stadium,1,35.2,Sri Lanka,South Africa,MD Shanaka,NLTC Perera,CJ Dala,1,1,,1,,,,,,,
1142587,2018,2018-08-08,Pallekele International Cricket Stadium,1,35.3,Sri Lanka,South Africa,NLTC Perera,MD Shanaka,CJ Dala,2,0,,,,,,,,,
1142587,2018,2018-08-08,Pallekele International Cricket Stadium,1,35.4,Sri Lanka,South Africa,NLTC Perera,MD Shanaka,CJ Dala,1,0,,,,,,,,,
1142587,2018,2018-08-08,Pallekele International Cricket Stadium,1,35.5,Sri Lanka,South Africa,MD Shanaka,NLTC Perera,CJ Dala,0,0,,,,,,,,,
1142587,2018,2018-08-08,Pallekele International Cricket Stadium,1,35.6,Sri Lanka,South Africa,MD Shanaka,NLTC Perera,CJ Dala,1,0,,,,,,,,,
1142587,2018,2018-08-08,Pallekele International Cricket Stadium,1,35.7,Sri Lanka,South Africa,NLTC Perera,MD Shanaka,CJ Dala,1,0,,,,,,,,,
1142587,2018,2018-08-08,Pallekele International Cricket Stadium,1,36.1,Sri Lanka,South Africa,NLTC Perera,MD Shanaka,L Ngidi,6,0,,,,,,,,,
1142587,2018,2018-08-08,Pallekele International Cricket Stadium,1,36.2,Sri Lanka,South Africa,NLTC Perera,MD Shanaka,L Ngidi,0,0,,,,,,,,,
1142587,2018,2018-08-08,Pallekele International Cricket Stadium,1,36.3,Sri Lanka,South Africa,NLTC Perera,MD Shanaka,L Ngidi,6,0,,,,,,,,,
1142587,2018,2018-08-08,Pallekele International Cricket Stadium,1,36.4,Sri Lanka,South Africa,NLTC Perera,MD Shanaka,L Ngidi,1,0,,,,,,,,,
1142587,2018,2018-08-08,Pallekele International Cricket Stadium,1,36.5,Sri Lanka,South Africa,MD Shanaka,NLTC Perera,L Ngidi,1,0,,,,,,,,,
1142587,2018,2018-08-08,Pallekele International Cricket Stadium,1,36.6,Sri Lanka,South Africa,NLTC Perera,MD Shanaka,L Ngidi,1,0,,,,,,,,,
1142587,2018,2018-08-08,Pallekele International Cricket Stadium,1,37.1,Sri Lanka,South Africa,NLTC Perera,MD Shanaka,CJ Dala,1,0,,,,,,,,,
1142587,2018,2018-08-08,Pallekele International Cricket Stadium,1,37.2,Sri Lanka,South Africa,MD Shanaka,NLTC Perera,CJ Dala,4,0,,,,,,,,,
1142587,2018,2018-08-08,Pallekele International Cricket Stadium,1,37.3,Sri Lanka,South Africa,MD Shanaka,NLTC Perera,CJ Dala,4,0,,,,,,,,,
1142587,2018,2018-08-08,Pallekele International Cricket Stadium,1,37.4,Sri Lanka,South Africa,MD Shanaka,NLTC Perera,CJ Dala,6,0,,,,,,,,,
1142587,2018,2018-08-08,Pallekele International Cricket Stadium,1,37.5,Sri Lanka,South Africa,MD Shanaka,NLTC Perera,CJ Dala,2,0,,,,,,,,,
1142587,2018,2018-08-08,Pallekele International Cricket Stadium,1,37.6,Sri Lanka,South Africa,MD Shanaka,NLTC Perera,CJ Dala,4,0,,,,,,,,,
1142587,2018,2018-08-08,Pallekele International Cricket Stadium,1,38.1,Sri Lanka,South Africa,NLTC Perera,MD Shanaka,AL Phehlukwayo,1,0,,,,,,,,,
1142587,2018,2018-08-08,Pallekele International Cricket Stadium,1,38.2,Sri Lanka,South Africa,MD Shanaka,NLTC Perera,AL Phehlukwayo,6,0,,,,,,,,,
1142587,2018,2018-08-08,Pallekele International Cricket Stadium,1,38.3,Sri Lanka,South Africa,MD Shanaka,NLTC Perera,AL Phehlukwayo,0,0,,,,,,caught,MD Shanaka,,
1142587,2018,2018-08-08,Pallekele International Cricket Stadium,1,38.4,Sri Lanka,South Africa,A Dananjaya,NLTC Perera,AL Phehlukwayo,1,0,,,,,,,,,
1142587,2018,2018-08-08,Pallekele International Cricket Stadium,1,38.5,Sri Lanka,South Africa,NLTC Perera,A Dananjaya,AL Phehlukwayo,1,0,,,,,,,,,
1142587,2018,2018-08-08,Pallekele International Cricket Stadium,1,38.6,Sri Lanka,South Africa,A Dananjaya,NLTC Perera,AL Phehlukwayo,0,0,,,,,,,,,
1142587,2018,2018-08-08,Pallekele International Cricket Stadium,2,0.1,South Africa,Sri Lanka,Q de Kock,HM Amla,RAS Lakmal,0,0,,,,,,,,,
1142587,2018,2018-08-08,Pallekele International Cricket Stadium,2,0.2,South Africa,Sri Lanka,Q de Kock,HM Amla,RAS Lakmal,2,0,,,,,,,,,
1142587,2018,2018-08-08,Pallekele International Cricket Stadium,2,0.3,South Africa,Sri Lanka,Q de Kock,HM Amla,RAS Lakmal,4,0,,,,,,,,,
1142587,2018,2018-08-08,Pallekele International Cricket Stadium,2,0.4,South Africa,Sri Lanka,Q de Kock,HM Amla,RAS Lakmal,0,0,,,,,,,,,
1142587,2018,2018-08-08,Pallekele International Cricket Stadium,2,0.5,South Africa,Sri Lanka,Q de Kock,HM Amla,RAS Lakmal,4,0,,,,,,,,,
1142587,2018,2018-08-08,Pallekele International Cricket Stadium,2,0.6,South Africa,Sri Lanka,Q de Kock,HM Amla,RAS Lakmal,2,0,,,,,,,,,
1142587,2018,2018-08-08,Pallekele International Cricket Stadium,2,1.1,South Africa,Sri Lanka,HM Amla,Q de Kock,A Dananjaya,4,0,,,,,,,,,
1142587,2018,2018-08-08,Pallekele International Cricket Stadium,2,1.2,South Africa,Sri Lanka,HM Amla,Q de Kock,A Dananjaya,1,0,,,,,,,,,
1142587,2018,2018-08-08,Pallekele International Cricket Stadium,2,1.3,South Africa,Sri Lanka,Q de Kock,HM Amla,A Dananjaya,0,0,,,,,,,,,
1142587,2018,2018-08-08,Pallekele International Cricket Stadium,2,1.4,South Africa,Sri Lanka,Q de Kock,HM Amla,A Dananjaya,0,0,,,,,,,,,
1142587,2018,2018-08-08,Pallekele International Cricket Stadium,2,1.5,South Africa,Sri Lanka,Q de Kock,HM Amla,A Dananjaya,4,0,,,,,,,,,
1142587,2018,2018-08-08,Pallekele International Cricket Stadium,2,1.6,South Africa,Sri Lanka,Q de Kock,HM Amla,A Dananjaya,0,0,,,,,,,,,
1142587,2018,2018-08-08,Pallekele International Cricket Stadium,2,2.1,South Africa,Sri Lanka,HM Amla,Q de Kock,RAS Lakmal,4,0,,,,,,,,,
1142587,2018,2018-08-08,Pallekele International Cricket Stadium,2,2.2,South Africa,Sri Lanka,HM Amla,Q de Kock,RAS Lakmal,1,0,,,,,,,,,
1142587,2018,2018-08-08,Pallekele International Cricket Stadium,2,2.3,South Africa,Sri Lanka,Q de Kock,HM Amla,RAS Lakmal,6,0,,,,,,,,,
1142587,2018,2018-08-08,Pallekele International Cricket Stadium,2,2.4,South Africa,Sri Lanka,Q de Kock,HM Amla,RAS Lakmal,1,0,,,,,,,,,
1142587,2018,2018-08-08,Pallekele International Cricket Stadium,2,2.5,South Africa,Sri Lanka,HM Amla,Q de Kock,RAS Lakmal,1,0,,,,,,,,,
1142587,2018,2018-08-08,Pallekele International Cricket Stadium,2,2.6,South Africa,Sri Lanka,Q de Kock,HM Amla,RAS Lakmal,0,0,,,,,,bowled,Q de Kock,,
1142587,2018,2018-08-08,Pallekele International Cricket Stadium,2,3.1,South Africa,Sri Lanka,HM Amla,RR Hendricks,NLTC Perera,2,0,,,,,,,,,
1142587,2018,2018-08-08,Pallekele International Cricket Stadium,2,3.2,South Africa,Sri Lanka,HM Amla,RR Hendricks,NLTC Perera,0,1,1,,,,,,,,
1142587,2018,2018-08-08,Pallekele International Cricket Stadium,2,3.3,South Africa,Sri Lanka,HM Amla,RR Hendricks,NLTC Perera,1,0,,,,,,,,,
1142587,2018,2018-08-08,Pallekele International Cricket Stadium,2,3.4,South Africa,Sri Lanka,RR Hendricks,HM Amla,NLTC Perera,1,0,,,,,,,,,
1142587,2018,2018-08-08,Pallekele International Cricket Stadium,2,3.5,South Africa,Sri Lanka,HM Amla,RR Hendricks,NLTC Perera,4,0,,,,,,,,,
1142587,2018,2018-08-08,Pallekele International Cricket Stadium,2,3.6,South Africa,Sri Lanka,HM Amla,RR Hendricks,NLTC Perera,4,0,,,,,,,,,
1142587,2018,2018-08-08,Pallekele International Cricket Stadium,2,3.7,South Africa,Sri Lanka,HM Amla,RR Hendricks,NLTC Perera,1,0,,,,,,,,,
1142587,2018,2018-08-08,Pallekele International Cricket Stadium,2,4.1,South Africa,Sri Lanka,HM Amla,RR Hendricks,MD Shanaka,1,0,,,,,,,,,
1142587,2018,2018-08-08,Pallekele International Cricket Stadium,2,4.2,South Africa,Sri Lanka,RR Hendricks,HM Amla,MD Shanaka,1,0,,,,,,,,,
1142587,2018,2018-08-08,Pallekele International Cricket Stadium,2,4.3,South Africa,Sri Lanka,HM Amla,RR Hendricks,MD Shanaka,1,0,,,,,,,,,
1142587,2018,2018-08-08,Pallekele International Cricket Stadium,2,4.4,South Africa,Sri Lanka,RR Hendricks,HM Amla,MD Shanaka,0,0,,,,,,caught,RR Hendricks,,
1142587,2018,2018-08-08,Pallekele International Cricket Stadium,2,4.5,South Africa,Sri Lanka,JP Duminy,HM Amla,MD Shanaka,1,0,,,,,,,,,
1142587,2018,2018-08-08,Pallekele International Cricket Stadium,2,4.6,South Africa,Sri Lanka,HM Amla,JP Duminy,MD Shanaka,4,0,,,,,,,,,
1142587,2018,2018-08-08,Pallekele International Cricket Stadium,2,5.1,South Africa,Sri Lanka,JP Duminy,HM Amla,CBRLS Kumara,1,0,,,,,,,,,
1142587,2018,2018-08-08,Pallekele International Cricket Stadium,2,5.2,South Africa,Sri Lanka,HM Amla,JP Duminy,CBRLS Kumara,1,0,,,,,,,,,
1142587,2018,2018-08-08,Pallekele International Cricket Stadium,2,5.3,South Africa,Sri Lanka,JP Duminy,HM Amla,CBRLS Kumara,4,0,,,,,,,,,
1142587,2018,2018-08-08,Pallekele International Cricket Stadium,2,5.4,South Africa,Sri Lanka,JP Duminy,HM Amla,CBRLS Kumara,6,0,,,,,,,,,
1142587,2018,2018-08-08,Pallekele International Cricket Stadium,2,5.5,South Africa,Sri Lanka,JP Duminy,HM Amla,CBRLS Kumara,2,0,,,,,,,,,
1142587,2018,2018-08-08,Pallekele International Cricket Stadium,2,5.6,South Africa,Sri Lanka,JP Duminy,HM Amla,CBRLS Kumara,0,4,,,,4,,,,,
1142587,2018,2018-08-08,Pallekele International Cricket Stadium,2,6.1,South Africa,Sri Lanka,HM Amla,JP Duminy,MD Shanaka,1,0,,,,,,,,,
1142587,2018,2018-08-08,Pallekele International Cricket Stadium,2,6.2,South Africa,Sri Lanka,JP Duminy,HM Amla,MD Shanaka,1,0,,,,,,,,,
1142587,2018,2018-08-08,Pallekele International Cricket Stadium,2,6.3,South Africa,Sri Lanka,HM Amla,JP Duminy,MD Shanaka,1,0,,,,,,,,,
1142587,2018,2018-08-08,Pallekele International Cricket Stadium,2,6.4,South Africa,Sri Lanka,JP Duminy,HM Amla,MD Shanaka,4,0,,,,,,,,,
1142587,2018,2018-08-08,Pallekele International Cricket Stadium,2,6.5,South Africa,Sri Lanka,JP Duminy,HM Amla,MD Shanaka,4,0,,,,,,,,,
1142587,2018,2018-08-08,Pallekele International Cricket Stadium,2,6.6,South Africa,Sri Lanka,JP Duminy,HM Amla,MD Shanaka,1,0,,,,,,,,,
1142587,2018,2018-08-08,Pallekele International Cricket Stadium,2,7.1,South Africa,Sri Lanka,JP Duminy,HM Amla,A Dananjaya,1,0,,,,,,,,,
1142587,2018,2018-08-08,Pallekele International Cricket Stadium,2,7.2,South Africa,Sri Lanka,HM Amla,JP Duminy,A Dananjaya,0,1,1,,,,,,,,
1142587,2018,2018-08-08,Pallekele International Cricket Stadium,2,7.3,South Africa,Sri Lanka,HM Amla,JP Duminy,A Dananjaya,4,0,,,,,,,,,
1142587,2018,2018-08-08,Pallekele International Cricket Stadium,2,7.4,South Africa,Sri Lanka,HM Amla,JP Duminy,A Dananjaya,1,0,,,,,,,,,
1142587,2018,2018-08-08,Pallekele International Cricket Stadium,2,7.5,South Africa,Sri Lanka,JP Duminy,HM Amla,A Dananjaya,1,0,,,,,,,,,
1142587,2018,2018-08-08,Pallekele International Cricket Stadium,2,7.6,South Africa,Sri Lanka,HM Amla,JP Duminy,A Dananjaya,1,0,,,,,,,,,
1142587,2018,2018-08-08,Pallekele International Cricket Stadium,2,7.7,South Africa,Sri Lanka,JP Duminy,HM Amla,A Dananjaya,0,0,,,,,,,,,
1142587,2018,2018-08-08,Pallekele International Cricket Stadium,2,8.1,South Africa,Sri Lanka,HM Amla,JP Duminy,DM de Silva,1,0,,,,,,,,,
1142587,2018,2018-08-08,Pallekele International Cricket Stadium,2,8.2,South Africa,Sri Lanka,JP Duminy,HM Amla,DM de Silva,0,1,1,,,,,,,,
1142587,2018,2018-08-08,Pallekele International Cricket Stadium,2,8.3,South Africa,Sri Lanka,JP Duminy,HM Amla,DM de Silva,0,0,,,,,,,,,
1142587,2018,2018-08-08,Pallekele International Cricket Stadium,2,8.4,South Africa,Sri Lanka,JP Duminy,HM Amla,DM de Silva,1,0,,,,,,,,,
1142587,2018,2018-08-08,Pallekele International Cricket Stadium,2,8.5,South Africa,Sri Lanka,HM Amla,JP Duminy,DM de Silva,0,0,,,,,,,,,
1142587,2018,2018-08-08,Pallekele International Cricket Stadium,2,8.6,South Africa,Sri Lanka,HM Amla,JP Duminy,DM de Silva,1,0,,,,,,,,,
1142587,2018,2018-08-08,Pallekele International Cricket Stadium,2,8.7,South Africa,Sri Lanka,JP Duminy,HM Amla,DM de Silva,1,0,,,,,,,,,
1142587,2018,2018-08-08,Pallekele International Cricket Stadium,2,9.1,South Africa,Sri Lanka,JP Duminy,HM Amla,A Dananjaya,0,1,1,,,,,,,,
1142587,2018,2018-08-08,Pallekele International Cricket Stadium,2,9.2,South Africa,Sri Lanka,JP Duminy,HM Amla,A Dananjaya,6,0,,,,,,,,,
1142587,2018,2018-08-08,Pallekele International Cricket Stadium,2,9.3,South Africa,Sri Lanka,JP Duminy,HM Amla,A Dananjaya,0,1,,,,1,,,,,
1142587,2018,2018-08-08,Pallekele International Cricket Stadium,2,9.4,South Africa,Sri Lanka,HM Amla,JP Duminy,A Dananjaya,0,0,,,,,,caught,HM Amla,,
1142587,2018,2018-08-08,Pallekele International Cricket Stadium,2,9.5,South Africa,Sri Lanka,H Klaasen,JP Duminy,A Dananjaya,0,0,,,,,,,,,
1142587,2018,2018-08-08,Pallekele International Cricket Stadium,2,9.6,South Africa,Sri Lanka,H Klaasen,JP Duminy,A Dananjaya,4,0,,,,,,,,,
1142587,2018,2018-08-08,Pallekele International Cricket Stadium,2,9.7,South Africa,Sri Lanka,H Klaasen,JP Duminy,A Dananjaya,1,0,,,,,,,,,
1142587,2018,2018-08-08,Pallekele International Cricket Stadium,2,10.1,South Africa,Sri Lanka,H Klaasen,JP Duminy,DM de Silva,1,0,,,,,,,,,
1142587,2018,2018-08-08,Pallekele International Cricket Stadium,2,10.2,South Africa,Sri Lanka,JP Duminy,H Klaasen,DM de Silva,1,0,,,,,,,,,
1142587,2018,2018-08-08,Pallekele International Cricket Stadium,2,10.3,South Africa,Sri Lanka,H Klaasen,JP Duminy,DM de Silva,4,0,,,,,,,,,
1142587,2018,2018-08-08,Pallekele International Cricket Stadium,2,10.4,South Africa,Sri Lanka,H Klaasen,JP Duminy,DM de Silva,1,0,,,,,,,,,
1142587,2018,2018-08-08,Pallekele International Cricket Stadium,2,10.5,South Africa,Sri Lanka,JP Duminy,H Klaasen,DM de Silva,1,0,,,,,,,,,
1142587,2018,2018-08-08,Pallekele International Cricket Stadium,2,10.6,South Africa,Sri Lanka,H Klaasen,JP Duminy,DM de Silva,1,0,,,,,,,,,
1142587,2018,2018-08-08,Pallekele International Cricket Stadium,2,11.1,South Africa,Sri Lanka,H Klaasen,JP Duminy,CBRLS Kumara,0,0,,,,,,,,,
1142587,2018,2018-08-08,Pallekele International Cricket Stadium,2,11.2,South Africa,Sri Lanka,H Klaasen,JP Duminy,CBRLS Kumara,2,0,,,,,,,,,
1142587,2018,2018-08-08,Pallekele International Cricket Stadium,2,11.3,South Africa,Sri Lanka,H Klaasen,JP Duminy,CBRLS Kumara,0,0,,,,,,,,,
1142587,2018,2018-08-08,Pallekele International Cricket Stadium,2,11.4,South Africa,Sri Lanka,H Klaasen,JP Duminy,CBRLS Kumara,1,0,,,,,,,,,
1142587,2018,2018-08-08,Pallekele International Cricket Stadium,2,11.5,South Africa,Sri Lanka,JP Duminy,H Klaasen,CBRLS Kumara,1,0,,,,,,,,,
1142587,2018,2018-08-08,Pallekele International Cricket Stadium,2,11.6,South Africa,Sri Lanka,H Klaasen,JP Duminy,CBRLS Kumara,2,0,,,,,,,,,
1142587,2018,2018-08-08,Pallekele International Cricket Stadium,2,12.1,South Africa,Sri Lanka,JP Duminy,H Klaasen,DM de Silva,1,0,,,,,,,,,
1142587,2018,2018-08-08,Pallekele International Cricket Stadium,2,12.2,South Africa,Sri Lanka,H Klaasen,JP Duminy,DM de Silva,0,0,,,,,,caught,H Klaasen,,
1142587,2018,2018-08-08,Pallekele International Cricket Stadium,2,12.3,South Africa,Sri Lanka,DA Miller,JP Duminy,DM de Silva,0,0,,,,,,,,,
1142587,2018,2018-08-08,Pallekele International Cricket Stadium,2,12.4,South Africa,Sri Lanka,DA Miller,JP Duminy,DM de Silva,0,0,,,,,,,,,
1142587,2018,2018-08-08,Pallekele International Cricket Stadium,2,12.5,South Africa,Sri Lanka,DA Miller,JP Duminy,DM de Silva,1,0,,,,,,,,,
1142587,2018,2018-08-08,Pallekele International Cricket Stadium,2,12.6,South Africa,Sri Lanka,JP Duminy,DA Miller,DM de Silva,0,0,,,,,,run out,JP Duminy,,
1142587,2018,2018-08-08,Pallekele International Cricket Stadium,2,13.1,South Africa,Sri Lanka,AL Phehlukwayo,DA Miller,CBRLS Kumara,4,0,,,,,,,,,
1142587,2018,2018-08-08,Pallekele International Cricket Stadium,2,13.2,South Africa,Sri Lanka,AL Phehlukwayo,DA Miller,CBRLS Kumara,0,0,,,,,,,,,
1142587,2018,2018-08-08,Pallekele International Cricket Stadium,2,13.3,South Africa,Sri Lanka,AL Phehlukwayo,DA Miller,CBRLS Kumara,0,0,,,,,,,,,
1142587,2018,2018-08-08,Pallekele International Cricket Stadium,2,13.4,South Africa,Sri Lanka,AL Phehlukwayo,DA Miller,CBRLS Kumara,0,0,,,,,,,,,
1142587,2018,2018-08-08,Pallekele International Cricket Stadium,2,13.5,South Africa,Sri Lanka,AL Phehlukwayo,DA Miller,CBRLS Kumara,4,0,,,,,,,,,
1142587,2018,2018-08-08,Pallekele International Cricket Stadium,2,13.6,South Africa,Sri Lanka,AL Phehlukwayo,DA Miller,CBRLS Kumara,0,0,,,,,,,,,
1142587,2018,2018-08-08,Pallekele International Cricket Stadium,2,14.1,South Africa,Sri Lanka,DA Miller,AL Phehlukwayo,DM de Silva,6,0,,,,,,,,,
1142587,2018,2018-08-08,Pallekele International Cricket Stadium,2,14.2,South Africa,Sri Lanka,DA Miller,AL Phehlukwayo,DM de Silva,0,1,1,,,,,,,,
1142587,2018,2018-08-08,Pallekele International Cricket Stadium,2,14.3,South Africa,Sri Lanka,DA Miller,AL Phehlukwayo,DM de Silva,1,0,,,,,,,,,
1142587,2018,2018-08-08,Pallekele International Cricket Stadium,2,14.4,South Africa,Sri Lanka,AL Phehlukwayo,DA Miller,DM de Silva,1,0,,,,,,,,,
1142587,2018,2018-08-08,Pallekele International Cricket Stadium,2,14.5,South Africa,Sri Lanka,DA Miller,AL Phehlukwayo,DM de Silva,1,0,,,,,,,,,
1142587,2018,2018-08-08,Pallekele International Cricket Stadium,2,14.6,South Africa,Sri Lanka,AL Phehlukwayo,DA Miller,DM de Silva,0,0,,,,,,,,,
1142587,2018,2018-08-08,Pallekele International Cricket Stadium,2,14.7,South Africa,Sri Lanka,AL Phehlukwayo,DA Miller,DM de Silva,0,0,,,,,,,,,
1142587,2018,2018-08-08,Pallekele International Cricket Stadium,2,15.1,South Africa,Sri Lanka,DA Miller,AL Phehlukwayo,NLTC Perera,1,0,,,,,,,,,
1142587,2018,2018-08-08,Pallekele International Cricket Stadium,2,15.2,South Africa,Sri Lanka,AL Phehlukwayo,DA Miller,NLTC Perera,0,0,,,,,,bowled,AL Phehlukwayo,,
1142587,2018,2018-08-08,Pallekele International Cricket Stadium,2,15.3,South Africa,Sri Lanka,PWA Mulder,DA Miller,NLTC Perera,4,0,,,,,,,,,
1142587,2018,2018-08-08,Pallekele International Cricket Stadium,2,15.4,South Africa,Sri Lanka,PWA Mulder,DA Miller,NLTC Perera,0,0,,,,,,,,,
1142587,2018,2018-08-08,Pallekele International Cricket Stadium,2,15.5,South Africa,Sri Lanka,PWA Mulder,DA Miller,NLTC Perera,0,0,,,,,,,,,
1142587,2018,2018-08-08,Pallekele International Cricket Stadium,2,15.6,South Africa,Sri Lanka,PWA Mulder,DA Miller,NLTC Perera,0,0,,,,,,,,,
1142587,2018,2018-08-08,Pallekele International Cricket Stadium,2,16.1,South Africa,Sri Lanka,DA Miller,PWA Mulder,RAS Lakmal,1,0,,,,,,,,,
1142587,2018,2018-08-08,Pallekele International Cricket Stadium,2,16.2,South Africa,Sri Lanka,PWA Mulder,DA Miller,RAS Lakmal,0,0,,,,,,,,,
1142587,2018,2018-08-08,Pallekele International Cricket Stadium,2,16.3,South Africa,Sri Lanka,PWA Mulder,DA Miller,RAS Lakmal,0,1,1,,,,,,,,
1142587,2018,2018-08-08,Pallekele International Cricket Stadium,2,16.4,South Africa,Sri Lanka,PWA Mulder,DA Miller,RAS Lakmal,0,0,,,,,,,,,
1142587,2018,2018-08-08,Pallekele International Cricket Stadium,2,16.5,South Africa,Sri Lanka,PWA Mulder,DA Miller,RAS Lakmal,0,0,,,,,,caught,PWA Mulder,,
1142587,2018,2018-08-08,Pallekele International Cricket Stadium,2,16.6,South Africa,Sri Lanka,KA Maharaj,DA Miller,RAS Lakmal,1,0,,,,,,,,,
1142587,2018,2018-08-08,Pallekele International Cricket Stadium,2,16.7,South Africa,Sri Lanka,DA Miller,KA Maharaj,RAS Lakmal,1,1,,1,,,,,,,
1142587,2018,2018-08-08,Pallekele International Cricket Stadium,2,16.8,South Africa,Sri Lanka,KA Maharaj,DA Miller,RAS Lakmal,4,0,,,,,,,,,
1142587,2018,2018-08-08,Pallekele International Cricket Stadium,2,17.1,South Africa,Sri Lanka,DA Miller,KA Maharaj,NLTC Perera,1,0,,,,,,,,,
1142587,2018,2018-08-08,Pallekele International Cricket Stadium,2,17.2,South Africa,Sri Lanka,KA Maharaj,DA Miller,NLTC Perera,0,0,,,,,,,,,
1142587,2018,2018-08-08,Pallekele International Cricket Stadium,2,17.3,South Africa,Sri Lanka,KA Maharaj,DA Miller,NLTC Perera,1,0,,,,,,,,,
1142587,2018,2018-08-08,Pallekele International Cricket Stadium,2,17.4,South Africa,Sri Lanka,DA Miller,KA Maharaj,NLTC Perera,3,0,,,,,,,,,
1142587,2018,2018-08-08,Pallekele International Cricket Stadium,2,17.5,South Africa,Sri Lanka,KA Maharaj,DA Miller,NLTC Perera,0,0,,,,,,,,,
1142587,2018,2018-08-08,Pallekele International Cricket Stadium,2,17.6,South Africa,Sri Lanka,KA Maharaj,DA Miller,NLTC Perera,0,0,,,,,,,,,
1142587,2018,2018-08-08,Pallekele International Cricket Stadium,2,18.1,South Africa,Sri Lanka,DA Miller,KA Maharaj,RAS Lakmal,2,0,,,,,,,,,
1142587,2018,2018-08-08,Pallekele International Cricket Stadium,2,18.2,South Africa,Sri Lanka,DA Miller,KA Maharaj,RAS Lakmal,1,0,,,,,,,,,
1142587,2018,2018-08-08,Pallekele International Cricket Stadium,2,18.3,South Africa,Sri Lanka,KA Maharaj,DA Miller,RAS Lakmal,4,0,,,,,,,,,
1142587,2018,2018-08-08,Pallekele International Cricket Stadium,2,18.4,South Africa,Sri Lanka,KA Maharaj,DA Miller,RAS Lakmal,0,0,,,,,,,,,
1142587,2018,2018-08-08,Pallekele International Cricket Stadium,2,18.5,South Africa,Sri Lanka,KA Maharaj,DA Miller,RAS Lakmal,0,0,,,,,,,,,
1142587,2018,2018-08-08,Pallekele International Cricket Stadium,2,18.6,South Africa,Sri Lanka,KA Maharaj,DA Miller,RAS Lakmal,1,0,,,,,,,,,
1142587,2018,2018-08-08,Pallekele International Cricket Stadium,2,19.1,South Africa,Sri Lanka,KA Maharaj,DA Miller,NLTC Perera,1,0,,,,,,,,,
1142587,2018,2018-08-08,Pallekele International Cricket Stadium,2,19.2,South Africa,Sri Lanka,DA Miller,KA Maharaj,NLTC Perera,1,0,,,,,,,,,
1142587,2018,2018-08-08,Pallekele International Cricket Stadium,2,19.3,South Africa,Sri Lanka,KA Maharaj,DA Miller,NLTC Perera,4,0,,,,,,,,,
1142587,2018,2018-08-08,Pallekele International Cricket Stadium,2,19.4,South Africa,Sri Lanka,KA Maharaj,DA Miller,NLTC Perera,1,0,,,,,,,,,
1142587,2018,2018-08-08,Pallekele International Cricket Stadium,2,19.5,South Africa,Sri Lanka,DA Miller,KA Maharaj,NLTC Perera,1,0,,,,,,,,,
1142587,2018,2018-08-08,Pallekele International Cricket Stadium,2,19.6,South Africa,Sri Lanka,KA Maharaj,DA Miller,NLTC Perera,0,0,,,,,,bowled,KA Maharaj,,
1142587,2018,2018-08-08,Pallekele International Cricket Stadium,2,20.1,South Africa,Sri Lanka,DA Miller,CJ Dala,RAS Lakmal,0,0,,,,,,,,,
1142587,2018,2018-08-08,Pallekele International Cricket Stadium,2,20.2,South Africa,Sri Lanka,DA Miller,CJ Dala,RAS Lakmal,0,0,,,,,,bowled,DA Miller,,
1142587,2018,2018-08-08,Pallekele International Cricket Stadium,2,20.3,South Africa,Sri Lanka,L Ngidi,CJ Dala,RAS Lakmal,1,0,,,,,,,,,
1142587,2018,2018-08-08,Pallekele International Cricket Stadium,2,20.4,South Africa,Sri Lanka,CJ Dala,L Ngidi,RAS Lakmal,0,0,,,,,,,,,
1142587,2018,2018-08-08,Pallekele International Cricket Stadium,2,20.5,South Africa,Sri Lanka,CJ Dala,L Ngidi,RAS Lakmal,2,0,,,,,,,,,
1142587,2018,2018-08-08,Pallekele International Cricket Stadium,2,20.6,South Africa,Sri Lanka,CJ Dala,L Ngidi,RAS Lakmal,1,0,,,,,,,,,
