match_id,season,start_date,venue,innings,ball,batting_team,bowling_team,striker,non_striker,bowler,runs_off_bat,extras,wides,noballs,byes,legbyes,penalty,wicket_type,player_dismissed,other_wicket_type,other_player_dismissed
1142588,2018,2018-08-12,"R.Premadasa Stadium, Khettarama",1,0.1,Sri Lanka,South Africa,N Dickwella,WU Tharanga,K Rabada,0,0,,,,,,,,,
1142588,2018,2018-08-12,"R.Premadasa Stadium, Khettarama",1,0.2,Sri Lanka,South Africa,N Dickwella,WU Tharanga,K Rabada,0,0,,,,,,,,,
1142588,2018,2018-08-12,"R.Premadasa Stadium, Khettarama",1,0.3,Sri Lanka,South Africa,N Dickwella,WU Tharanga,K Rabada,0,0,,,,,,,,,
1142588,2018,2018-08-12,"R.Premadasa Stadium, Khettarama",1,0.4,Sri Lanka,South Africa,N Dickwella,WU Tharanga,K Rabada,0,0,,,,,,,,,
1142588,2018,2018-08-12,"R.Premadasa Stadium, Khettarama",1,0.5,Sri Lanka,South Africa,N Dickwella,WU Tharanga,K Rabada,2,0,,,,,,,,,
1142588,2018,2018-08-12,"R.Premadasa Stadium, Khettarama",1,0.6,Sri Lanka,South Africa,N Dickwella,WU Tharanga,K Rabada,0,0,,,,,,,,,
1142588,2018,2018-08-12,"R.Premadasa Stadium, Khettarama",1,1.1,Sri Lanka,South Africa,WU Tharanga,N Dickwella,CJ Dala,0,1,1,,,,,,,,
1142588,2018,2018-08-12,"R.Premadasa Stadium, Khettarama",1,1.2,Sri Lanka,South Africa,WU Tharanga,N Dickwella,CJ Dala,1,0,,,,,,,,,
1142588,2018,2018-08-12,"R.Premadasa Stadium, Khettarama",1,1.3,Sri Lanka,South Africa,N Dickwella,WU Tharanga,CJ Dala,1,0,,,,,,,,,
1142588,2018,2018-08-12,"R.Premadasa Stadium, Khettarama",1,1.4,Sri Lanka,South Africa,WU Tharanga,N Dickwella,CJ Dala,0,1,,,,1,,,,,
1142588,2018,2018-08-12,"R.Premadasa Stadium, Khettarama",1,1.5,Sri Lanka,South Africa,N Dickwella,WU Tharanga,CJ Dala,0,0,,,,,,,,,
1142588,2018,2018-08-12,"R.Premadasa Stadium, Khettarama",1,1.6,Sri Lanka,South Africa,N Dickwella,WU Tharanga,CJ Dala,0,0,,,,,,,,,
1142588,2018,2018-08-12,"R.Premadasa Stadium, Khettarama",1,1.7,Sri Lanka,South Africa,N Dickwella,WU Tharanga,CJ Dala,1,0,,,,,,,,,
1142588,2018,2018-08-12,"R.Premadasa Stadium, Khettarama",1,2.1,Sri Lanka,South Africa,N Dickwella,WU Tharanga,K Rabada,0,1,,1,,,,,,,
1142588,2018,2018-08-12,"R.Premadasa Stadium, Khettarama",1,2.2,Sri Lanka,South Africa,N Dickwella,WU Tharanga,K Rabada,0,4,,,4,,,,,,
1142588,2018,2018-08-12,"R.Premadasa Stadium, Khettarama",1,2.3,Sri Lanka,South Africa,N Dickwella,WU Tharanga,K Rabada,0,0,,,,,,,,,
1142588,2018,2018-08-12,"R.Premadasa Stadium, Khettarama",1,2.4,Sri Lanka,South Africa,N Dickwella,WU Tharanga,K Rabada,0,0,,,,,,,,,
1142588,2018,2018-08-12,"R.Premadasa Stadium, Khettarama",1,2.5,Sri Lanka,South Africa,N Dickwella,WU Tharanga,K Rabada,0,0,,,,,,,,,
1142588,2018,2018-08-12,"R.Premadasa Stadium, Khettarama",1,2.6,Sri Lanka,South Africa,N Dickwella,WU Tharanga,K Rabada,0,0,,,,,,,,,
1142588,2018,2018-08-12,"R.Premadasa Stadium, Khettarama",1,2.7,Sri Lanka,South Africa,N Dickwella,WU Tharanga,K Rabada,0,0,,,,,,,,,
1142588,2018,2018-08-12,"R.Premadasa Stadium, Khettarama",1,3.1,Sri Lanka,South Africa,WU Tharanga,N Dickwella,CJ Dala,0,0,,,,,,,,,
1142588,2018,2018-08-12,"R.Premadasa Stadium, Khettarama",1,3.2,Sri Lanka,South Africa,WU Tharanga,N Dickwella,CJ Dala,1,0,,,,,,,,,
1142588,2018,2018-08-12,"R.Premadasa Stadium, Khettarama",1,3.3,Sri Lanka,South Africa,N Dickwella,WU Tharanga,CJ Dala,0,0,,,,,,,,,
1142588,2018,2018-08-12,"R.Premadasa Stadium, Khettarama",1,3.4,Sri Lanka,South Africa,N Dickwella,WU Tharanga,CJ Dala,0,0,,,,,,,,,
1142588,2018,2018-08-12,"R.Premadasa Stadium, Khettarama",1,3.5,Sri Lanka,South Africa,N Dickwella,WU Tharanga,CJ Dala,0,0,,,,,,,,,
1142588,2018,2018-08-12,"R.Premadasa Stadium, Khettarama",1,3.6,Sri Lanka,South Africa,N Dickwella,WU Tharanga,CJ Dala,2,0,,,,,,,,,
1142588,2018,2018-08-12,"R.Premadasa Stadium, Khettarama",1,4.1,Sri Lanka,South Africa,WU Tharanga,N Dickwella,K Rabada,1,0,,,,,,,,,
1142588,2018,2018-08-12,"R.Premadasa Stadium, Khettarama",1,4.2,Sri Lanka,South Africa,N Dickwella,WU Tharanga,K Rabada,0,2,,,2,,,,,,
1142588,2018,2018-08-12,"R.Premadasa Stadium, Khettarama",1,4.3,Sri Lanka,South Africa,N Dickwella,WU Tharanga,K Rabada,0,0,,,,,,,,,
1142588,2018,2018-08-12,"R.Premadasa Stadium, Khettarama",1,4.4,Sri Lanka,South Africa,N Dickwella,WU Tharanga,K Rabada,1,0,,,,,,,,,
1142588,2018,2018-08-12,"R.Premadasa Stadium, Khettarama",1,4.5,Sri Lanka,South Africa,WU Tharanga,N Dickwella,K Rabada,0,0,,,,,,,,,
1142588,2018,2018-08-12,"R.Premadasa Stadium, Khettarama",1,4.6,Sri Lanka,South Africa,WU Tharanga,N Dickwella,K Rabada,0,0,,,,,,,,,
1142588,2018,2018-08-12,"R.Premadasa Stadium, Khettarama",1,5.1,Sri Lanka,South Africa,N Dickwella,WU Tharanga,CJ Dala,4,0,,,,,,,,,
1142588,2018,2018-08-12,"R.Premadasa Stadium, Khettarama",1,5.2,Sri Lanka,South Africa,N Dickwella,WU Tharanga,CJ Dala,0,0,,,,,,,,,
1142588,2018,2018-08-12,"R.Premadasa Stadium, Khettarama",1,5.3,Sri Lanka,South Africa,N Dickwella,WU Tharanga,CJ Dala,0,0,,,,,,,,,
1142588,2018,2018-08-12,"R.Premadasa Stadium, Khettarama",1,5.4,Sri Lanka,South Africa,N Dickwella,WU Tharanga,CJ Dala,4,0,,,,,,,,,
1142588,2018,2018-08-12,"R.Premadasa Stadium, Khettarama",1,5.5,Sri Lanka,South Africa,N Dickwella,WU Tharanga,CJ Dala,1,0,,,,,,,,,
1142588,2018,2018-08-12,"R.Premadasa Stadium, Khettarama",1,5.6,Sri Lanka,South Africa,WU Tharanga,N Dickwella,CJ Dala,4,0,,,,,,,,,
1142588,2018,2018-08-12,"R.Premadasa Stadium, Khettarama",1,6.1,Sri Lanka,South Africa,N Dickwella,WU Tharanga,K Rabada,0,0,,,,,,,,,
1142588,2018,2018-08-12,"R.Premadasa Stadium, Khettarama",1,6.2,Sri Lanka,South Africa,N Dickwella,WU Tharanga,K Rabada,3,0,,,,,,,,,
1142588,2018,2018-08-12,"R.Premadasa Stadium, Khettarama",1,6.3,Sri Lanka,South Africa,WU Tharanga,N Dickwella,K Rabada,0,0,,,,,,,,,
1142588,2018,2018-08-12,"R.Premadasa Stadium, Khettarama",1,6.4,Sri Lanka,South Africa,WU Tharanga,N Dickwella,K Rabada,1,0,,,,,,,,,
1142588,2018,2018-08-12,"R.Premadasa Stadium, Khettarama",1,6.5,Sri Lanka,South Africa,N Dickwella,WU Tharanga,K Rabada,0,0,,,,,,,,,
1142588,2018,2018-08-12,"R.Premadasa Stadium, Khettarama",1,6.6,Sri Lanka,South Africa,N Dickwella,WU Tharanga,K Rabada,2,0,,,,,,,,,
1142588,2018,2018-08-12,"R.Premadasa Stadium, Khettarama",1,7.1,Sri Lanka,South Africa,WU Tharanga,N Dickwella,PWA Mulder,0,0,,,,,,,,,
1142588,2018,2018-08-12,"R.Premadasa Stadium, Khettarama",1,7.2,Sri Lanka,South Africa,WU Tharanga,N Dickwella,PWA Mulder,4,0,,,,,,,,,
1142588,2018,2018-08-12,"R.Premadasa Stadium, Khettarama",1,7.3,Sri Lanka,South Africa,WU Tharanga,N Dickwella,PWA Mulder,0,0,,,,,,,,,
1142588,2018,2018-08-12,"R.Premadasa Stadium, Khettarama",1,7.4,Sri Lanka,South Africa,WU Tharanga,N Dickwella,PWA Mulder,0,0,,,,,,,,,
1142588,2018,2018-08-12,"R.Premadasa Stadium, Khettarama",1,7.5,Sri Lanka,South Africa,WU Tharanga,N Dickwella,PWA Mulder,3,0,,,,,,,,,
1142588,2018,2018-08-12,"R.Premadasa Stadium, Khettarama",1,7.6,Sri Lanka,South Africa,N Dickwella,WU Tharanga,PWA Mulder,0,0,,,,,,,,,
1142588,2018,2018-08-12,"R.Premadasa Stadium, Khettarama",1,8.1,Sri Lanka,South Africa,WU Tharanga,N Dickwella,CJ Dala,0,0,,,,,,,,,
1142588,2018,2018-08-12,"R.Premadasa Stadium, Khettarama",1,8.2,Sri Lanka,South Africa,WU Tharanga,N Dickwella,CJ Dala,4,0,,,,,,,,,
1142588,2018,2018-08-12,"R.Premadasa Stadium, Khettarama",1,8.3,Sri Lanka,South Africa,WU Tharanga,N Dickwella,CJ Dala,0,1,1,,,,,,,,
1142588,2018,2018-08-12,"R.Premadasa Stadium, Khettarama",1,8.4,Sri Lanka,South Africa,WU Tharanga,N Dickwella,CJ Dala,0,0,,,,,,caught,WU Tharanga,,
1142588,2018,2018-08-12,"R.Premadasa Stadium, Khettarama",1,8.5,Sri Lanka,South Africa,MDKJ Perera,N Dickwella,CJ Dala,0,0,,,,,,,,,
1142588,2018,2018-08-12,"R.Premadasa Stadium, Khettarama",1,8.6,Sri Lanka,South Africa,MDKJ Perera,N Dickwella,CJ Dala,0,0,,,,,,,,,
1142588,2018,2018-08-12,"R.Premadasa Stadium, Khettarama",1,8.7,Sri Lanka,South Africa,MDKJ Perera,N Dickwella,CJ Dala,3,0,,,,,,,,,
1142588,2018,2018-08-12,"R.Premadasa Stadium, Khettarama",1,9.1,Sri Lanka,South Africa,MDKJ Perera,N Dickwella,PWA Mulder,1,0,,,,,,,,,
1142588,2018,2018-08-12,"R.Premadasa Stadium, Khettarama",1,9.2,Sri Lanka,South Africa,N Dickwella,MDKJ Perera,PWA Mulder,4,0,,,,,,,,,
1142588,2018,2018-08-12,"R.Premadasa Stadium, Khettarama",1,9.3,Sri Lanka,South Africa,N Dickwella,MDKJ Perera,PWA Mulder,1,0,,,,,,,,,
1142588,2018,2018-08-12,"R.Premadasa Stadium, Khettarama",1,9.4,Sri Lanka,South Africa,MDKJ Perera,N Dickwella,PWA Mulder,0,0,,,,,,,,,
1142588,2018,2018-08-12,"R.Premadasa Stadium, Khettarama",1,9.5,Sri Lanka,South Africa,MDKJ Perera,N Dickwella,PWA Mulder,0,1,1,,,,,,,,
1142588,2018,2018-08-12,"R.Premadasa Stadium, Khettarama",1,9.6,Sri Lanka,South Africa,MDKJ Perera,N Dickwella,PWA Mulder,4,0,,,,,,,,,
1142588,2018,2018-08-12,"R.Premadasa Stadium, Khettarama",1,9.7,Sri Lanka,South Africa,MDKJ Perera,N Dickwella,PWA Mulder,0,0,,,,,,caught,MDKJ Perera,,
1142588,2018,2018-08-12,"R.Premadasa Stadium, Khettarama",1,10.1,Sri Lanka,South Africa,N Dickwella,BKG Mendis,CJ Dala,0,0,,,,,,,,,
1142588,2018,2018-08-12,"R.Premadasa Stadium, Khettarama",1,10.2,Sri Lanka,South Africa,N Dickwella,BKG Mendis,CJ Dala,0,0,,,,,,,,,
1142588,2018,2018-08-12,"R.Premadasa Stadium, Khettarama",1,10.3,Sri Lanka,South Africa,N Dickwella,BKG Mendis,CJ Dala,1,0,,,,,,,,,
1142588,2018,2018-08-12,"R.Premadasa Stadium, Khettarama",1,10.4,Sri Lanka,South Africa,BKG Mendis,N Dickwella,CJ Dala,0,0,,,,,,,,,
1142588,2018,2018-08-12,"R.Premadasa Stadium, Khettarama",1,10.5,Sri Lanka,South Africa,BKG Mendis,N Dickwella,CJ Dala,0,0,,,,,,,,,
1142588,2018,2018-08-12,"R.Premadasa Stadium, Khettarama",1,10.6,Sri Lanka,South Africa,BKG Mendis,N Dickwella,CJ Dala,0,0,,,,,,,,,
1142588,2018,2018-08-12,"R.Premadasa Stadium, Khettarama",1,11.1,Sri Lanka,South Africa,N Dickwella,BKG Mendis,PWA Mulder,0,0,,,,,,,,,
1142588,2018,2018-08-12,"R.Premadasa Stadium, Khettarama",1,11.2,Sri Lanka,South Africa,N Dickwella,BKG Mendis,PWA Mulder,0,0,,,,,,,,,
1142588,2018,2018-08-12,"R.Premadasa Stadium, Khettarama",1,11.3,Sri Lanka,South Africa,N Dickwella,BKG Mendis,PWA Mulder,0,2,,,,2,,,,,
1142588,2018,2018-08-12,"R.Premadasa Stadium, Khettarama",1,11.4,Sri Lanka,South Africa,N Dickwella,BKG Mendis,PWA Mulder,4,0,,,,,,,,,
1142588,2018,2018-08-12,"R.Premadasa Stadium, Khettarama",1,11.5,Sri Lanka,South Africa,N Dickwella,BKG Mendis,PWA Mulder,0,0,,,,,,,,,
1142588,2018,2018-08-12,"R.Premadasa Stadium, Khettarama",1,11.6,Sri Lanka,South Africa,N Dickwella,BKG Mendis,PWA Mulder,0,0,,,,,,,,,
1142588,2018,2018-08-12,"R.Premadasa Stadium, Khettarama",1,12.1,Sri Lanka,South Africa,BKG Mendis,N Dickwella,AL Phehlukwayo,0,0,,,,,,,,,
1142588,2018,2018-08-12,"R.Premadasa Stadium, Khettarama",1,12.2,Sri Lanka,South Africa,BKG Mendis,N Dickwella,AL Phehlukwayo,0,0,,,,,,,,,
1142588,2018,2018-08-12,"R.Premadasa Stadium, Khettarama",1,12.3,Sri Lanka,South Africa,BKG Mendis,N Dickwella,AL Phehlukwayo,1,0,,,,,,,,,
1142588,2018,2018-08-12,"R.Premadasa Stadium, Khettarama",1,12.4,Sri Lanka,South Africa,N Dickwella,BKG Mendis,AL Phehlukwayo,0,0,,,,,,,,,
1142588,2018,2018-08-12,"R.Premadasa Stadium, Khettarama",1,12.5,Sri Lanka,South Africa,N Dickwella,BKG Mendis,AL Phehlukwayo,1,0,,,,,,,,,
1142588,2018,2018-08-12,"R.Premadasa Stadium, Khettarama",1,12.6,Sri Lanka,South Africa,BKG Mendis,N Dickwella,AL Phehlukwayo,0,0,,,,,,,,,
1142588,2018,2018-08-12,"R.Premadasa Stadium, Khettarama",1,13.1,Sri Lanka,South Africa,N Dickwella,BKG Mendis,PWA Mulder,0,0,,,,,,,,,
1142588,2018,2018-08-12,"R.Premadasa Stadium, Khettarama",1,13.2,Sri Lanka,South Africa,N Dickwella,BKG Mendis,PWA Mulder,0,0,,,,,,,,,
1142588,2018,2018-08-12,"R.Premadasa Stadium, Khettarama",1,13.3,Sri Lanka,South Africa,N Dickwella,BKG Mendis,PWA Mulder,1,0,,,,,,,,,
1142588,2018,2018-08-12,"R.Premadasa Stadium, Khettarama",1,13.4,Sri Lanka,South Africa,BKG Mendis,N Dickwella,PWA Mulder,0,0,,,,,,,,,
1142588,2018,2018-08-12,"R.Premadasa Stadium, Khettarama",1,13.5,Sri Lanka,South Africa,BKG Mendis,N Dickwella,PWA Mulder,0,0,,,,,,,,,
1142588,2018,2018-08-12,"R.Premadasa Stadium, Khettarama",1,13.6,Sri Lanka,South Africa,BKG Mendis,N Dickwella,PWA Mulder,2,0,,,,,,,,,
1142588,2018,2018-08-12,"R.Premadasa Stadium, Khettarama",1,14.1,Sri Lanka,South Africa,N Dickwella,BKG Mendis,AL Phehlukwayo,0,0,,,,,,,,,
1142588,2018,2018-08-12,"R.Premadasa Stadium, Khettarama",1,14.2,Sri Lanka,South Africa,N Dickwella,BKG Mendis,AL Phehlukwayo,1,0,,,,,,,,,
1142588,2018,2018-08-12,"R.Premadasa Stadium, Khettarama",1,14.3,Sri Lanka,South Africa,BKG Mendis,N Dickwella,AL Phehlukwayo,4,0,,,,,,,,,
1142588,2018,2018-08-12,"R.Premadasa Stadium, Khettarama",1,14.4,Sri Lanka,South Africa,BKG Mendis,N Dickwella,AL Phehlukwayo,0,0,,,,,,,,,
1142588,2018,2018-08-12,"R.Premadasa Stadium, Khettarama",1,14.5,Sri Lanka,South Africa,BKG Mendis,N Dickwella,AL Phehlukwayo,0,0,,,,,,,,,
1142588,2018,2018-08-12,"R.Premadasa Stadium, Khettarama",1,14.6,Sri Lanka,South Africa,BKG Mendis,N Dickwella,AL Phehlukwayo,1,0,,,,,,,,,
1142588,2018,2018-08-12,"R.Premadasa Stadium, Khettarama",1,15.1,Sri Lanka,South Africa,BKG Mendis,N Dickwella,PWA Mulder,4,1,,1,,,,,,,
1142588,2018,2018-08-12,"R.Premadasa Stadium, Khettarama",1,15.2,Sri Lanka,South Africa,BKG Mendis,N Dickwella,PWA Mulder,0,1,1,,,,,,,,
1142588,2018,2018-08-12,"R.Premadasa Stadium, Khettarama",1,15.3,Sri Lanka,South Africa,BKG Mendis,N Dickwella,PWA Mulder,1,0,,,,,,,,,
1142588,2018,2018-08-12,"R.Premadasa Stadium, Khettarama",1,15.4,Sri Lanka,South Africa,N Dickwella,BKG Mendis,PWA Mulder,0,0,,,,,,,,,
1142588,2018,2018-08-12,"R.Premadasa Stadium, Khettarama",1,15.5,Sri Lanka,South Africa,N Dickwella,BKG Mendis,PWA Mulder,0,0,,,,,,,,,
1142588,2018,2018-08-12,"R.Premadasa Stadium, Khettarama",1,15.6,Sri Lanka,South Africa,N Dickwella,BKG Mendis,PWA Mulder,1,0,,,,,,,,,
1142588,2018,2018-08-12,"R.Premadasa Stadium, Khettarama",1,15.7,Sri Lanka,South Africa,BKG Mendis,N Dickwella,PWA Mulder,4,0,,,,,,,,,
1142588,2018,2018-08-12,"R.Premadasa Stadium, Khettarama",1,15.8,Sri Lanka,South Africa,BKG Mendis,N Dickwella,PWA Mulder,0,0,,,,,,,,,
1142588,2018,2018-08-12,"R.Premadasa Stadium, Khettarama",1,16.1,Sri Lanka,South Africa,N Dickwella,BKG Mendis,AL Phehlukwayo,4,0,,,,,,,,,
1142588,2018,2018-08-12,"R.Premadasa Stadium, Khettarama",1,16.2,Sri Lanka,South Africa,N Dickwella,BKG Mendis,AL Phehlukwayo,0,0,,,,,,,,,
1142588,2018,2018-08-12,"R.Premadasa Stadium, Khettarama",1,16.3,Sri Lanka,South Africa,N Dickwella,BKG Mendis,AL Phehlukwayo,2,0,,,,,,,,,
1142588,2018,2018-08-12,"R.Premadasa Stadium, Khettarama",1,16.4,Sri Lanka,South Africa,N Dickwella,BKG Mendis,AL Phehlukwayo,1,0,,,,,,,,,
1142588,2018,2018-08-12,"R.Premadasa Stadium, Khettarama",1,16.5,Sri Lanka,South Africa,BKG Mendis,N Dickwella,AL Phehlukwayo,0,0,,,,,,,,,
1142588,2018,2018-08-12,"R.Premadasa Stadium, Khettarama",1,16.6,Sri Lanka,South Africa,BKG Mendis,N Dickwella,AL Phehlukwayo,2,0,,,,,,,,,
1142588,2018,2018-08-12,"R.Premadasa Stadium, Khettarama",1,17.1,Sri Lanka,South Africa,N Dickwella,BKG Mendis,KA Maharaj,0,0,,,,,,,,,
1142588,2018,2018-08-12,"R.Premadasa Stadium, Khettarama",1,17.2,Sri Lanka,South Africa,N Dickwella,BKG Mendis,KA Maharaj,0,0,,,,,,,,,
1142588,2018,2018-08-12,"R.Premadasa Stadium, Khettarama",1,17.3,Sri Lanka,South Africa,N Dickwella,BKG Mendis,KA Maharaj,1,0,,,,,,,,,
1142588,2018,2018-08-12,"R.Premadasa Stadium, Khettarama",1,17.4,Sri Lanka,South Africa,BKG Mendis,N Dickwella,KA Maharaj,1,0,,,,,,,,,
1142588,2018,2018-08-12,"R.Premadasa Stadium, Khettarama",1,17.5,Sri Lanka,South Africa,N Dickwella,BKG Mendis,KA Maharaj,0,0,,,,,,,,,
1142588,2018,2018-08-12,"R.Premadasa Stadium, Khettarama",1,17.6,Sri Lanka,South Africa,N Dickwella,BKG Mendis,KA Maharaj,0,0,,,,,,,,,
1142588,2018,2018-08-12,"R.Premadasa Stadium, Khettarama",1,18.1,Sri Lanka,South Africa,BKG Mendis,N Dickwella,AL Phehlukwayo,0,0,,,,,,,,,
1142588,2018,2018-08-12,"R.Premadasa Stadium, Khettarama",1,18.2,Sri Lanka,South Africa,BKG Mendis,N Dickwella,AL Phehlukwayo,4,0,,,,,,,,,
1142588,2018,2018-08-12,"R.Premadasa Stadium, Khettarama",1,18.3,Sri Lanka,South Africa,BKG Mendis,N Dickwella,AL Phehlukwayo,4,0,,,,,,,,,
1142588,2018,2018-08-12,"R.Premadasa Stadium, Khettarama",1,18.4,Sri Lanka,South Africa,BKG Mendis,N Dickwella,AL Phehlukwayo,0,0,,,,,,,,,
1142588,2018,2018-08-12,"R.Premadasa Stadium, Khettarama",1,18.5,Sri Lanka,South Africa,BKG Mendis,N Dickwella,AL Phehlukwayo,1,0,,,,,,,,,
1142588,2018,2018-08-12,"R.Premadasa Stadium, Khettarama",1,18.6,Sri Lanka,South Africa,N Dickwella,BKG Mendis,AL Phehlukwayo,0,0,,,,,,caught,N Dickwella,,
1142588,2018,2018-08-12,"R.Premadasa Stadium, Khettarama",1,19.1,Sri Lanka,South Africa,BKG Mendis,AD Mathews,KA Maharaj,0,0,,,,,,,,,
1142588,2018,2018-08-12,"R.Premadasa Stadium, Khettarama",1,19.2,Sri Lanka,South Africa,BKG Mendis,AD Mathews,KA Maharaj,1,0,,,,,,,,,
1142588,2018,2018-08-12,"R.Premadasa Stadium, Khettarama",1,19.3,Sri Lanka,South Africa,AD Mathews,BKG Mendis,KA Maharaj,1,0,,,,,,,,,
1142588,2018,2018-08-12,"R.Premadasa Stadium, Khettarama",1,19.4,Sri Lanka,South Africa,BKG Mendis,AD Mathews,KA Maharaj,0,0,,,,,,,,,
1142588,2018,2018-08-12,"R.Premadasa Stadium, Khettarama",1,19.5,Sri Lanka,South Africa,BKG Mendis,AD Mathews,KA Maharaj,0,0,,,,,,,,,
1142588,2018,2018-08-12,"R.Premadasa Stadium, Khettarama",1,19.6,Sri Lanka,South Africa,BKG Mendis,AD Mathews,KA Maharaj,0,0,,,,,,,,,
1142588,2018,2018-08-12,"R.Premadasa Stadium, Khettarama",1,20.1,Sri Lanka,South Africa,AD Mathews,BKG Mendis,AL Phehlukwayo,0,0,,,,,,,,,
1142588,2018,2018-08-12,"R.Premadasa Stadium, Khettarama",1,20.2,Sri Lanka,South Africa,AD Mathews,BKG Mendis,AL Phehlukwayo,0,0,,,,,,,,,
1142588,2018,2018-08-12,"R.Premadasa Stadium, Khettarama",1,20.3,Sri Lanka,South Africa,AD Mathews,BKG Mendis,AL Phehlukwayo,0,0,,,,,,,,,
1142588,2018,2018-08-12,"R.Premadasa Stadium, Khettarama",1,20.4,Sri Lanka,South Africa,AD Mathews,BKG Mendis,AL Phehlukwayo,4,0,,,,,,,,,
1142588,2018,2018-08-12,"R.Premadasa Stadium, Khettarama",1,20.5,Sri Lanka,South Africa,AD Mathews,BKG Mendis,AL Phehlukwayo,0,0,,,,,,,,,
1142588,2018,2018-08-12,"R.Premadasa Stadium, Khettarama",1,20.6,Sri Lanka,South Africa,AD Mathews,BKG Mendis,AL Phehlukwayo,0,0,,,,,,,,,
1142588,2018,2018-08-12,"R.Premadasa Stadium, Khettarama",1,21.1,Sri Lanka,South Africa,BKG Mendis,AD Mathews,KA Maharaj,2,0,,,,,,,,,
1142588,2018,2018-08-12,"R.Premadasa Stadium, Khettarama",1,21.2,Sri Lanka,South Africa,BKG Mendis,AD Mathews,KA Maharaj,1,0,,,,,,,,,
1142588,2018,2018-08-12,"R.Premadasa Stadium, Khettarama",1,21.3,Sri Lanka,South Africa,AD Mathews,BKG Mendis,KA Maharaj,0,0,,,,,,,,,
1142588,2018,2018-08-12,"R.Premadasa Stadium, Khettarama",1,21.4,Sri Lanka,South Africa,AD Mathews,BKG Mendis,KA Maharaj,1,0,,,,,,,,,
1142588,2018,2018-08-12,"R.Premadasa Stadium, Khettarama",1,21.5,Sri Lanka,South Africa,BKG Mendis,AD Mathews,KA Maharaj,0,0,,,,,,,,,
1142588,2018,2018-08-12,"R.Premadasa Stadium, Khettarama",1,21.6,Sri Lanka,South Africa,BKG Mendis,AD Mathews,KA Maharaj,1,0,,,,,,,,,
1142588,2018,2018-08-12,"R.Premadasa Stadium, Khettarama",1,22.1,Sri Lanka,South Africa,BKG Mendis,AD Mathews,K Rabada,1,0,,,,,,,,,
1142588,2018,2018-08-12,"R.Premadasa Stadium, Khettarama",1,22.2,Sri Lanka,South Africa,AD Mathews,BKG Mendis,K Rabada,0,0,,,,,,,,,
1142588,2018,2018-08-12,"R.Premadasa Stadium, Khettarama",1,22.3,Sri Lanka,South Africa,AD Mathews,BKG Mendis,K Rabada,0,0,,,,,,,,,
1142588,2018,2018-08-12,"R.Premadasa Stadium, Khettarama",1,22.4,Sri Lanka,South Africa,AD Mathews,BKG Mendis,K Rabada,4,0,,,,,,,,,
1142588,2018,2018-08-12,"R.Premadasa Stadium, Khettarama",1,22.5,Sri Lanka,South Africa,AD Mathews,BKG Mendis,K Rabada,1,0,,,,,,,,,
1142588,2018,2018-08-12,"R.Premadasa Stadium, Khettarama",1,22.6,Sri Lanka,South Africa,BKG Mendis,AD Mathews,K Rabada,1,0,,,,,,,,,
1142588,2018,2018-08-12,"R.Premadasa Stadium, Khettarama",1,23.1,Sri Lanka,South Africa,BKG Mendis,AD Mathews,KA Maharaj,1,0,,,,,,,,,
1142588,2018,2018-08-12,"R.Premadasa Stadium, Khettarama",1,23.2,Sri Lanka,South Africa,AD Mathews,BKG Mendis,KA Maharaj,1,0,,,,,,,,,
1142588,2018,2018-08-12,"R.Premadasa Stadium, Khettarama",1,23.3,Sri Lanka,South Africa,BKG Mendis,AD Mathews,KA Maharaj,0,0,,,,,,,,,
1142588,2018,2018-08-12,"R.Premadasa Stadium, Khettarama",1,23.4,Sri Lanka,South Africa,BKG Mendis,AD Mathews,KA Maharaj,0,0,,,,,,,,,
1142588,2018,2018-08-12,"R.Premadasa Stadium, Khettarama",1,23.5,Sri Lanka,South Africa,BKG Mendis,AD Mathews,KA Maharaj,1,0,,,,,,,,,
1142588,2018,2018-08-12,"R.Premadasa Stadium, Khettarama",1,23.6,Sri Lanka,South Africa,AD Mathews,BKG Mendis,KA Maharaj,1,0,,,,,,,,,
1142588,2018,2018-08-12,"R.Premadasa Stadium, Khettarama",1,24.1,Sri Lanka,South Africa,AD Mathews,BKG Mendis,K Rabada,0,0,,,,,,,,,
1142588,2018,2018-08-12,"R.Premadasa Stadium, Khettarama",1,24.2,Sri Lanka,South Africa,AD Mathews,BKG Mendis,K Rabada,0,0,,,,,,,,,
1142588,2018,2018-08-12,"R.Premadasa Stadium, Khettarama",1,24.3,Sri Lanka,South Africa,AD Mathews,BKG Mendis,K Rabada,0,0,,,,,,,,,
1142588,2018,2018-08-12,"R.Premadasa Stadium, Khettarama",1,24.4,Sri Lanka,South Africa,AD Mathews,BKG Mendis,K Rabada,0,0,,,,,,,,,
1142588,2018,2018-08-12,"R.Premadasa Stadium, Khettarama",1,24.5,Sri Lanka,South Africa,AD Mathews,BKG Mendis,K Rabada,2,0,,,,,,,,,
1142588,2018,2018-08-12,"R.Premadasa Stadium, Khettarama",1,24.6,Sri Lanka,South Africa,AD Mathews,BKG Mendis,K Rabada,4,0,,,,,,,,,
1142588,2018,2018-08-12,"R.Premadasa Stadium, Khettarama",1,25.1,Sri Lanka,South Africa,BKG Mendis,AD Mathews,KA Maharaj,0,0,,,,,,,,,
1142588,2018,2018-08-12,"R.Premadasa Stadium, Khettarama",1,25.2,Sri Lanka,South Africa,BKG Mendis,AD Mathews,KA Maharaj,0,0,,,,,,caught,BKG Mendis,,
1142588,2018,2018-08-12,"R.Premadasa Stadium, Khettarama",1,25.3,Sri Lanka,South Africa,DM de Silva,AD Mathews,KA Maharaj,0,0,,,,,,,,,
1142588,2018,2018-08-12,"R.Premadasa Stadium, Khettarama",1,25.4,Sri Lanka,South Africa,DM de Silva,AD Mathews,KA Maharaj,1,0,,,,,,,,,
1142588,2018,2018-08-12,"R.Premadasa Stadium, Khettarama",1,25.5,Sri Lanka,South Africa,AD Mathews,DM de Silva,KA Maharaj,1,0,,,,,,,,,
1142588,2018,2018-08-12,"R.Premadasa Stadium, Khettarama",1,25.6,Sri Lanka,South Africa,DM de Silva,AD Mathews,KA Maharaj,0,0,,,,,,,,,
1142588,2018,2018-08-12,"R.Premadasa Stadium, Khettarama",1,26.1,Sri Lanka,South Africa,AD Mathews,DM de Silva,K Rabada,0,0,,,,,,,,,
1142588,2018,2018-08-12,"R.Premadasa Stadium, Khettarama",1,26.2,Sri Lanka,South Africa,AD Mathews,DM de Silva,K Rabada,0,0,,,,,,,,,
1142588,2018,2018-08-12,"R.Premadasa Stadium, Khettarama",1,26.3,Sri Lanka,South Africa,AD Mathews,DM de Silva,K Rabada,0,1,,1,,,,,,,
1142588,2018,2018-08-12,"R.Premadasa Stadium, Khettarama",1,26.4,Sri Lanka,South Africa,AD Mathews,DM de Silva,K Rabada,0,0,,,,,,,,,
1142588,2018,2018-08-12,"R.Premadasa Stadium, Khettarama",1,26.5,Sri Lanka,South Africa,AD Mathews,DM de Silva,K Rabada,1,0,,,,,,,,,
1142588,2018,2018-08-12,"R.Premadasa Stadium, Khettarama",1,26.6,Sri Lanka,South Africa,DM de Silva,AD Mathews,K Rabada,0,0,,,,,,,,,
1142588,2018,2018-08-12,"R.Premadasa Stadium, Khettarama",1,26.7,Sri Lanka,South Africa,DM de Silva,AD Mathews,K Rabada,0,0,,,,,,,,,
1142588,2018,2018-08-12,"R.Premadasa Stadium, Khettarama",1,27.1,Sri Lanka,South Africa,AD Mathews,DM de Silva,KA Maharaj,1,0,,,,,,,,,
1142588,2018,2018-08-12,"R.Premadasa Stadium, Khettarama",1,27.2,Sri Lanka,South Africa,DM de Silva,AD Mathews,KA Maharaj,1,0,,,,,,,,,
1142588,2018,2018-08-12,"R.Premadasa Stadium, Khettarama",1,27.3,Sri Lanka,South Africa,AD Mathews,DM de Silva,KA Maharaj,0,0,,,,,,,,,
1142588,2018,2018-08-12,"R.Premadasa Stadium, Khettarama",1,27.4,Sri Lanka,South Africa,AD Mathews,DM de Silva,KA Maharaj,0,0,,,,,,,,,
1142588,2018,2018-08-12,"R.Premadasa Stadium, Khettarama",1,27.5,Sri Lanka,South Africa,AD Mathews,DM de Silva,KA Maharaj,0,0,,,,,,,,,
1142588,2018,2018-08-12,"R.Premadasa Stadium, Khettarama",1,27.6,Sri Lanka,South Africa,AD Mathews,DM de Silva,KA Maharaj,0,0,,,,,,,,,
1142588,2018,2018-08-12,"R.Premadasa Stadium, Khettarama",1,28.1,Sri Lanka,South Africa,DM de Silva,AD Mathews,CJ Dala,0,0,,,,,,,,,
1142588,2018,2018-08-12,"R.Premadasa Stadium, Khettarama",1,28.2,Sri Lanka,South Africa,DM de Silva,AD Mathews,CJ Dala,0,0,,,,,,,,,
1142588,2018,2018-08-12,"R.Premadasa Stadium, Khettarama",1,28.3,Sri Lanka,South Africa,DM de Silva,AD Mathews,CJ Dala,3,0,,,,,,,,,
1142588,2018,2018-08-12,"R.Premadasa Stadium, Khettarama",1,28.4,Sri Lanka,South Africa,AD Mathews,DM de Silva,CJ Dala,1,0,,,,,,,,,
1142588,2018,2018-08-12,"R.Premadasa Stadium, Khettarama",1,28.5,Sri Lanka,South Africa,DM de Silva,AD Mathews,CJ Dala,1,0,,,,,,,,,
1142588,2018,2018-08-12,"R.Premadasa Stadium, Khettarama",1,28.6,Sri Lanka,South Africa,AD Mathews,DM de Silva,CJ Dala,0,0,,,,,,,,,
1142588,2018,2018-08-12,"R.Premadasa Stadium, Khettarama",1,29.1,Sri Lanka,South Africa,DM de Silva,AD Mathews,KA Maharaj,1,0,,,,,,,,,
1142588,2018,2018-08-12,"R.Premadasa Stadium, Khettarama",1,29.2,Sri Lanka,South Africa,AD Mathews,DM de Silva,KA Maharaj,1,0,,,,,,,,,
1142588,2018,2018-08-12,"R.Premadasa Stadium, Khettarama",1,29.3,Sri Lanka,South Africa,DM de Silva,AD Mathews,KA Maharaj,1,0,,,,,,,,,
1142588,2018,2018-08-12,"R.Premadasa Stadium, Khettarama",1,29.4,Sri Lanka,South Africa,AD Mathews,DM de Silva,KA Maharaj,1,0,,,,,,,,,
1142588,2018,2018-08-12,"R.Premadasa Stadium, Khettarama",1,29.5,Sri Lanka,South Africa,DM de Silva,AD Mathews,KA Maharaj,0,0,,,,,,,,,
1142588,2018,2018-08-12,"R.Premadasa Stadium, Khettarama",1,29.6,Sri Lanka,South Africa,DM de Silva,AD Mathews,KA Maharaj,0,0,,,,,,,,,
1142588,2018,2018-08-12,"R.Premadasa Stadium, Khettarama",1,30.1,Sri Lanka,South Africa,AD Mathews,DM de Silva,CJ Dala,1,0,,,,,,,,,
1142588,2018,2018-08-12,"R.Premadasa Stadium, Khettarama",1,30.2,Sri Lanka,South Africa,DM de Silva,AD Mathews,CJ Dala,1,0,,,,,,,,,
1142588,2018,2018-08-12,"R.Premadasa Stadium, Khettarama",1,30.3,Sri Lanka,South Africa,AD Mathews,DM de Silva,CJ Dala,4,0,,,,,,,,,
1142588,2018,2018-08-12,"R.Premadasa Stadium, Khettarama",1,30.4,Sri Lanka,South Africa,AD Mathews,DM de Silva,CJ Dala,1,0,,,,,,,,,
1142588,2018,2018-08-12,"R.Premadasa Stadium, Khettarama",1,30.5,Sri Lanka,South Africa,DM de Silva,AD Mathews,CJ Dala,1,0,,,,,,,,,
1142588,2018,2018-08-12,"R.Premadasa Stadium, Khettarama",1,30.6,Sri Lanka,South Africa,AD Mathews,DM de Silva,CJ Dala,0,0,,,,,,,,,
1142588,2018,2018-08-12,"R.Premadasa Stadium, Khettarama",1,31.1,Sri Lanka,South Africa,DM de Silva,AD Mathews,KA Maharaj,0,0,,,,,,,,,
1142588,2018,2018-08-12,"R.Premadasa Stadium, Khettarama",1,31.2,Sri Lanka,South Africa,DM de Silva,AD Mathews,KA Maharaj,1,0,,,,,,,,,
1142588,2018,2018-08-12,"R.Premadasa Stadium, Khettarama",1,31.3,Sri Lanka,South Africa,AD Mathews,DM de Silva,KA Maharaj,0,0,,,,,,,,,
1142588,2018,2018-08-12,"R.Premadasa Stadium, Khettarama",1,31.4,Sri Lanka,South Africa,AD Mathews,DM de Silva,KA Maharaj,0,0,,,,,,,,,
1142588,2018,2018-08-12,"R.Premadasa Stadium, Khettarama",1,31.5,Sri Lanka,South Africa,AD Mathews,DM de Silva,KA Maharaj,0,0,,,,,,,,,
1142588,2018,2018-08-12,"R.Premadasa Stadium, Khettarama",1,31.6,Sri Lanka,South Africa,AD Mathews,DM de Silva,KA Maharaj,0,0,,,,,,,,,
1142588,2018,2018-08-12,"R.Premadasa Stadium, Khettarama",1,32.1,Sri Lanka,South Africa,DM de Silva,AD Mathews,JP Duminy,1,0,,,,,,,,,
1142588,2018,2018-08-12,"R.Premadasa Stadium, Khettarama",1,32.2,Sri Lanka,South Africa,AD Mathews,DM de Silva,JP Duminy,1,0,,,,,,,,,
1142588,2018,2018-08-12,"R.Premadasa Stadium, Khettarama",1,32.3,Sri Lanka,South Africa,DM de Silva,AD Mathews,JP Duminy,0,0,,,,,,,,,
1142588,2018,2018-08-12,"R.Premadasa Stadium, Khettarama",1,32.4,Sri Lanka,South Africa,DM de Silva,AD Mathews,JP Duminy,2,0,,,,,,,,,
1142588,2018,2018-08-12,"R.Premadasa Stadium, Khettarama",1,32.5,Sri Lanka,South Africa,DM de Silva,AD Mathews,JP Duminy,4,0,,,,,,,,,
1142588,2018,2018-08-12,"R.Premadasa Stadium, Khettarama",1,32.6,Sri Lanka,South Africa,DM de Silva,AD Mathews,JP Duminy,0,0,,,,,,,,,
1142588,2018,2018-08-12,"R.Premadasa Stadium, Khettarama",1,33.1,Sri Lanka,South Africa,AD Mathews,DM de Silva,KA Maharaj,1,0,,,,,,,,,
1142588,2018,2018-08-12,"R.Premadasa Stadium, Khettarama",1,33.2,Sri Lanka,South Africa,DM de Silva,AD Mathews,KA Maharaj,0,0,,,,,,,,,
1142588,2018,2018-08-12,"R.Premadasa Stadium, Khettarama",1,33.3,Sri Lanka,South Africa,DM de Silva,AD Mathews,KA Maharaj,1,0,,,,,,,,,
1142588,2018,2018-08-12,"R.Premadasa Stadium, Khettarama",1,33.4,Sri Lanka,South Africa,AD Mathews,DM de Silva,KA Maharaj,1,0,,,,,,,,,
1142588,2018,2018-08-12,"R.Premadasa Stadium, Khettarama",1,33.5,Sri Lanka,South Africa,DM de Silva,AD Mathews,KA Maharaj,1,0,,,,,,,,,
1142588,2018,2018-08-12,"R.Premadasa Stadium, Khettarama",1,33.6,Sri Lanka,South Africa,AD Mathews,DM de Silva,KA Maharaj,0,0,,,,,,,,,
1142588,2018,2018-08-12,"R.Premadasa Stadium, Khettarama",1,34.1,Sri Lanka,South Africa,DM de Silva,AD Mathews,JP Duminy,0,0,,,,,,,,,
1142588,2018,2018-08-12,"R.Premadasa Stadium, Khettarama",1,34.2,Sri Lanka,South Africa,DM de Silva,AD Mathews,JP Duminy,1,0,,,,,,,,,
1142588,2018,2018-08-12,"R.Premadasa Stadium, Khettarama",1,34.3,Sri Lanka,South Africa,AD Mathews,DM de Silva,JP Duminy,1,0,,,,,,,,,
1142588,2018,2018-08-12,"R.Premadasa Stadium, Khettarama",1,34.4,Sri Lanka,South Africa,DM de Silva,AD Mathews,JP Duminy,0,0,,,,,,,,,
1142588,2018,2018-08-12,"R.Premadasa Stadium, Khettarama",1,34.5,Sri Lanka,South Africa,DM de Silva,AD Mathews,JP Duminy,1,0,,,,,,,,,
1142588,2018,2018-08-12,"R.Premadasa Stadium, Khettarama",1,34.6,Sri Lanka,South Africa,AD Mathews,DM de Silva,JP Duminy,4,0,,,,,,,,,
1142588,2018,2018-08-12,"R.Premadasa Stadium, Khettarama",1,35.1,Sri Lanka,South Africa,DM de Silva,AD Mathews,KA Maharaj,0,0,,,,,,,,,
1142588,2018,2018-08-12,"R.Premadasa Stadium, Khettarama",1,35.2,Sri Lanka,South Africa,DM de Silva,AD Mathews,KA Maharaj,6,0,,,,,,,,,
1142588,2018,2018-08-12,"R.Premadasa Stadium, Khettarama",1,35.3,Sri Lanka,South Africa,DM de Silva,AD Mathews,KA Maharaj,0,0,,,,,,,,,
1142588,2018,2018-08-12,"R.Premadasa Stadium, Khettarama",1,35.4,Sri Lanka,South Africa,DM de Silva,AD Mathews,KA Maharaj,0,0,,,,,,,,,
1142588,2018,2018-08-12,"R.Premadasa Stadium, Khettarama",1,35.5,Sri Lanka,South Africa,DM de Silva,AD Mathews,KA Maharaj,0,0,,,,,,,,,
1142588,2018,2018-08-12,"R.Premadasa Stadium, Khettarama",1,35.6,Sri Lanka,South Africa,DM de Silva,AD Mathews,KA Maharaj,0,0,,,,,,,,,
1142588,2018,2018-08-12,"R.Premadasa Stadium, Khettarama",1,36.1,Sri Lanka,South Africa,AD Mathews,DM de Silva,JP Duminy,0,0,,,,,,,,,
1142588,2018,2018-08-12,"R.Premadasa Stadium, Khettarama",1,36.2,Sri Lanka,South Africa,AD Mathews,DM de Silva,JP Duminy,0,0,,,,,,,,,
1142588,2018,2018-08-12,"R.Premadasa Stadium, Khettarama",1,36.3,Sri Lanka,South Africa,AD Mathews,DM de Silva,JP Duminy,0,0,,,,,,,,,
1142588,2018,2018-08-12,"R.Premadasa Stadium, Khettarama",1,36.4,Sri Lanka,South Africa,AD Mathews,DM de Silva,JP Duminy,1,0,,,,,,,,,
1142588,2018,2018-08-12,"R.Premadasa Stadium, Khettarama",1,36.5,Sri Lanka,South Africa,DM de Silva,AD Mathews,JP Duminy,0,0,,,,,,,,,
1142588,2018,2018-08-12,"R.Premadasa Stadium, Khettarama",1,36.6,Sri Lanka,South Africa,DM de Silva,AD Mathews,JP Duminy,0,0,,,,,,,,,
1142588,2018,2018-08-12,"R.Premadasa Stadium, Khettarama",1,37.1,Sri Lanka,South Africa,AD Mathews,DM de Silva,PWA Mulder,1,0,,,,,,,,,
1142588,2018,2018-08-12,"R.Premadasa Stadium, Khettarama",1,37.2,Sri Lanka,South Africa,DM de Silva,AD Mathews,PWA Mulder,0,0,,,,,,,,,
1142588,2018,2018-08-12,"R.Premadasa Stadium, Khettarama",1,37.3,Sri Lanka,South Africa,DM de Silva,AD Mathews,PWA Mulder,2,0,,,,,,,,,
1142588,2018,2018-08-12,"R.Premadasa Stadium, Khettarama",1,37.4,Sri Lanka,South Africa,DM de Silva,AD Mathews,PWA Mulder,0,0,,,,,,caught,DM de Silva,,
1142588,2018,2018-08-12,"R.Premadasa Stadium, Khettarama",1,37.5,Sri Lanka,South Africa,AD Mathews,NLTC Perera,PWA Mulder,0,0,,,,,,,,,
1142588,2018,2018-08-12,"R.Premadasa Stadium, Khettarama",1,37.6,Sri Lanka,South Africa,AD Mathews,NLTC Perera,PWA Mulder,4,0,,,,,,,,,
1142588,2018,2018-08-12,"R.Premadasa Stadium, Khettarama",1,38.1,Sri Lanka,South Africa,NLTC Perera,AD Mathews,JP Duminy,1,0,,,,,,,,,
1142588,2018,2018-08-12,"R.Premadasa Stadium, Khettarama",1,38.2,Sri Lanka,South Africa,AD Mathews,NLTC Perera,JP Duminy,0,0,,,,,,,,,
1142588,2018,2018-08-12,"R.Premadasa Stadium, Khettarama",1,38.3,Sri Lanka,South Africa,AD Mathews,NLTC Perera,JP Duminy,0,0,,,,,,,,,
1142588,2018,2018-08-12,"R.Premadasa Stadium, Khettarama",1,38.4,Sri Lanka,South Africa,AD Mathews,NLTC Perera,JP Duminy,0,0,,,,,,,,,
1142588,2018,2018-08-12,"R.Premadasa Stadium, Khettarama",1,38.5,Sri Lanka,South Africa,AD Mathews,NLTC Perera,JP Duminy,1,0,,,,,,,,,
1142588,2018,2018-08-12,"R.Premadasa Stadium, Khettarama",1,38.6,Sri Lanka,South Africa,NLTC Perera,AD Mathews,JP Duminy,0,0,,,,,,,,,
1142588,2018,2018-08-12,"R.Premadasa Stadium, Khettarama",1,39.1,Sri Lanka,South Africa,AD Mathews,NLTC Perera,PWA Mulder,1,0,,,,,,,,,
1142588,2018,2018-08-12,"R.Premadasa Stadium, Khettarama",1,39.2,Sri Lanka,South Africa,NLTC Perera,AD Mathews,PWA Mulder,1,0,,,,,,,,,
1142588,2018,2018-08-12,"R.Premadasa Stadium, Khettarama",1,39.3,Sri Lanka,South Africa,AD Mathews,NLTC Perera,PWA Mulder,2,0,,,,,,,,,
1142588,2018,2018-08-12,"R.Premadasa Stadium, Khettarama",1,39.4,Sri Lanka,South Africa,AD Mathews,NLTC Perera,PWA Mulder,0,0,,,,,,,,,
1142588,2018,2018-08-12,"R.Premadasa Stadium, Khettarama",1,39.5,Sri Lanka,South Africa,AD Mathews,NLTC Perera,PWA Mulder,0,0,,,,,,,,,
1142588,2018,2018-08-12,"R.Premadasa Stadium, Khettarama",1,39.6,Sri Lanka,South Africa,AD Mathews,NLTC Perera,PWA Mulder,1,0,,,,,,,,,
1142588,2018,2018-08-12,"R.Premadasa Stadium, Khettarama",1,40.1,Sri Lanka,South Africa,AD Mathews,NLTC Perera,JP Duminy,1,0,,,,,,,,,
1142588,2018,2018-08-12,"R.Premadasa Stadium, Khettarama",1,40.2,Sri Lanka,South Africa,NLTC Perera,AD Mathews,JP Duminy,0,0,,,,,,,,,
1142588,2018,2018-08-12,"R.Premadasa Stadium, Khettarama",1,40.3,Sri Lanka,South Africa,NLTC Perera,AD Mathews,JP Duminy,1,0,,,,,,,,,
1142588,2018,2018-08-12,"R.Premadasa Stadium, Khettarama",1,40.4,Sri Lanka,South Africa,AD Mathews,NLTC Perera,JP Duminy,6,0,,,,,,,,,
1142588,2018,2018-08-12,"R.Premadasa Stadium, Khettarama",1,40.5,Sri Lanka,South Africa,AD Mathews,NLTC Perera,JP Duminy,1,0,,,,,,,,,
1142588,2018,2018-08-12,"R.Premadasa Stadium, Khettarama",1,40.6,Sri Lanka,South Africa,NLTC Perera,AD Mathews,JP Duminy,2,0,,,,,,,,,
1142588,2018,2018-08-12,"R.Premadasa Stadium, Khettarama",1,41.1,Sri Lanka,South Africa,AD Mathews,NLTC Perera,PWA Mulder,1,0,,,,,,,,,
1142588,2018,2018-08-12,"R.Premadasa Stadium, Khettarama",1,41.2,Sri Lanka,South Africa,NLTC Perera,AD Mathews,PWA Mulder,1,0,,,,,,,,,
1142588,2018,2018-08-12,"R.Premadasa Stadium, Khettarama",1,41.3,Sri Lanka,South Africa,AD Mathews,NLTC Perera,PWA Mulder,4,0,,,,,,,,,
1142588,2018,2018-08-12,"R.Premadasa Stadium, Khettarama",1,41.4,Sri Lanka,South Africa,AD Mathews,NLTC Perera,PWA Mulder,1,0,,,,,,,,,
1142588,2018,2018-08-12,"R.Premadasa Stadium, Khettarama",1,41.5,Sri Lanka,South Africa,NLTC Perera,AD Mathews,PWA Mulder,1,0,,,,,,,,,
1142588,2018,2018-08-12,"R.Premadasa Stadium, Khettarama",1,41.6,Sri Lanka,South Africa,AD Mathews,NLTC Perera,PWA Mulder,0,1,1,,,,,,,,
1142588,2018,2018-08-12,"R.Premadasa Stadium, Khettarama",1,41.7,Sri Lanka,South Africa,AD Mathews,NLTC Perera,PWA Mulder,1,0,,,,,,,,,
1142588,2018,2018-08-12,"R.Premadasa Stadium, Khettarama",1,42.1,Sri Lanka,South Africa,AD Mathews,NLTC Perera,AL Phehlukwayo,0,0,,,,,,,,,
1142588,2018,2018-08-12,"R.Premadasa Stadium, Khettarama",1,42.2,Sri Lanka,South Africa,AD Mathews,NLTC Perera,AL Phehlukwayo,0,0,,,,,,,,,
1142588,2018,2018-08-12,"R.Premadasa Stadium, Khettarama",1,42.3,Sri Lanka,South Africa,AD Mathews,NLTC Perera,AL Phehlukwayo,4,0,,,,,,,,,
1142588,2018,2018-08-12,"R.Premadasa Stadium, Khettarama",1,42.4,Sri Lanka,South Africa,AD Mathews,NLTC Perera,AL Phehlukwayo,1,0,,,,,,,,,
1142588,2018,2018-08-12,"R.Premadasa Stadium, Khettarama",1,42.5,Sri Lanka,South Africa,NLTC Perera,AD Mathews,AL Phehlukwayo,1,0,,,,,,,,,
1142588,2018,2018-08-12,"R.Premadasa Stadium, Khettarama",1,42.6,Sri Lanka,South Africa,AD Mathews,NLTC Perera,AL Phehlukwayo,4,0,,,,,,,,,
1142588,2018,2018-08-12,"R.Premadasa Stadium, Khettarama",1,43.1,Sri Lanka,South Africa,NLTC Perera,AD Mathews,CJ Dala,1,0,,,,,,,,,
1142588,2018,2018-08-12,"R.Premadasa Stadium, Khettarama",1,43.2,Sri Lanka,South Africa,AD Mathews,NLTC Perera,CJ Dala,1,0,,,,,,,,,
1142588,2018,2018-08-12,"R.Premadasa Stadium, Khettarama",1,43.3,Sri Lanka,South Africa,NLTC Perera,AD Mathews,CJ Dala,1,0,,,,,,,,,
1142588,2018,2018-08-12,"R.Premadasa Stadium, Khettarama",1,43.4,Sri Lanka,South Africa,AD Mathews,NLTC Perera,CJ Dala,0,0,,,,,,,,,
1142588,2018,2018-08-12,"R.Premadasa Stadium, Khettarama",1,43.5,Sri Lanka,South Africa,AD Mathews,NLTC Perera,CJ Dala,1,0,,,,,,,,,
1142588,2018,2018-08-12,"R.Premadasa Stadium, Khettarama",1,43.6,Sri Lanka,South Africa,NLTC Perera,AD Mathews,CJ Dala,1,0,,,,,,,,,
1142588,2018,2018-08-12,"R.Premadasa Stadium, Khettarama",1,44.1,Sri Lanka,South Africa,NLTC Perera,AD Mathews,AL Phehlukwayo,1,0,,,,,,,,,
1142588,2018,2018-08-12,"R.Premadasa Stadium, Khettarama",1,44.2,Sri Lanka,South Africa,AD Mathews,NLTC Perera,AL Phehlukwayo,1,0,,,,,,,,,
1142588,2018,2018-08-12,"R.Premadasa Stadium, Khettarama",1,44.3,Sri Lanka,South Africa,NLTC Perera,AD Mathews,AL Phehlukwayo,1,0,,,,,,,,,
1142588,2018,2018-08-12,"R.Premadasa Stadium, Khettarama",1,44.4,Sri Lanka,South Africa,AD Mathews,NLTC Perera,AL Phehlukwayo,0,1,1,,,,,,,,
1142588,2018,2018-08-12,"R.Premadasa Stadium, Khettarama",1,44.5,Sri Lanka,South Africa,AD Mathews,NLTC Perera,AL Phehlukwayo,1,0,,,,,,,,,
1142588,2018,2018-08-12,"R.Premadasa Stadium, Khettarama",1,44.6,Sri Lanka,South Africa,NLTC Perera,AD Mathews,AL Phehlukwayo,0,0,,,,,,caught,NLTC Perera,,
1142588,2018,2018-08-12,"R.Premadasa Stadium, Khettarama",1,44.7,Sri Lanka,South Africa,AD Mathews,MD Shanaka,AL Phehlukwayo,0,0,,,,,,,,,
1142588,2018,2018-08-12,"R.Premadasa Stadium, Khettarama",1,45.1,Sri Lanka,South Africa,MD Shanaka,AD Mathews,K Rabada,0,0,,,,,,,,,
1142588,2018,2018-08-12,"R.Premadasa Stadium, Khettarama",1,45.2,Sri Lanka,South Africa,MD Shanaka,AD Mathews,K Rabada,0,0,,,,,,,,,
1142588,2018,2018-08-12,"R.Premadasa Stadium, Khettarama",1,45.3,Sri Lanka,South Africa,MD Shanaka,AD Mathews,K Rabada,1,0,,,,,,,,,
1142588,2018,2018-08-12,"R.Premadasa Stadium, Khettarama",1,45.4,Sri Lanka,South Africa,AD Mathews,MD Shanaka,K Rabada,1,0,,,,,,,,,
1142588,2018,2018-08-12,"R.Premadasa Stadium, Khettarama",1,45.5,Sri Lanka,South Africa,MD Shanaka,AD Mathews,K Rabada,1,0,,,,,,,,,
1142588,2018,2018-08-12,"R.Premadasa Stadium, Khettarama",1,45.6,Sri Lanka,South Africa,AD Mathews,MD Shanaka,K Rabada,1,0,,,,,,,,,
1142588,2018,2018-08-12,"R.Premadasa Stadium, Khettarama",1,46.1,Sri Lanka,South Africa,AD Mathews,MD Shanaka,AL Phehlukwayo,4,0,,,,,,,,,
1142588,2018,2018-08-12,"R.Premadasa Stadium, Khettarama",1,46.2,Sri Lanka,South Africa,AD Mathews,MD Shanaka,AL Phehlukwayo,1,0,,,,,,,,,
1142588,2018,2018-08-12,"R.Premadasa Stadium, Khettarama",1,46.3,Sri Lanka,South Africa,MD Shanaka,AD Mathews,AL Phehlukwayo,1,0,,,,,,,,,
1142588,2018,2018-08-12,"R.Premadasa Stadium, Khettarama",1,46.4,Sri Lanka,South Africa,AD Mathews,MD Shanaka,AL Phehlukwayo,1,0,,,,,,,,,
1142588,2018,2018-08-12,"R.Premadasa Stadium, Khettarama",1,46.5,Sri Lanka,South Africa,MD Shanaka,AD Mathews,AL Phehlukwayo,4,0,,,,,,,,,
1142588,2018,2018-08-12,"R.Premadasa Stadium, Khettarama",1,46.6,Sri Lanka,South Africa,MD Shanaka,AD Mathews,AL Phehlukwayo,4,0,,,,,,,,,
1142588,2018,2018-08-12,"R.Premadasa Stadium, Khettarama",1,47.1,Sri Lanka,South Africa,AD Mathews,MD Shanaka,K Rabada,1,0,,,,,,,,,
1142588,2018,2018-08-12,"R.Premadasa Stadium, Khettarama",1,47.2,Sri Lanka,South Africa,MD Shanaka,AD Mathews,K Rabada,6,0,,,,,,,,,
1142588,2018,2018-08-12,"R.Premadasa Stadium, Khettarama",1,47.3,Sri Lanka,South Africa,MD Shanaka,AD Mathews,K Rabada,0,4,,,4,,,,,,
1142588,2018,2018-08-12,"R.Premadasa Stadium, Khettarama",1,47.4,Sri Lanka,South Africa,MD Shanaka,AD Mathews,K Rabada,0,1,,,,1,,,,,
1142588,2018,2018-08-12,"R.Premadasa Stadium, Khettarama",1,47.5,Sri Lanka,South Africa,AD Mathews,MD Shanaka,K Rabada,1,0,,,,,,,,,
1142588,2018,2018-08-12,"R.Premadasa Stadium, Khettarama",1,47.6,Sri Lanka,South Africa,MD Shanaka,AD Mathews,K Rabada,0,1,,,,1,,,,,
1142588,2018,2018-08-12,"R.Premadasa Stadium, Khettarama",1,48.1,Sri Lanka,South Africa,MD Shanaka,AD Mathews,CJ Dala,1,0,,,,,,,,,
1142588,2018,2018-08-12,"R.Premadasa Stadium, Khettarama",1,48.2,Sri Lanka,South Africa,AD Mathews,MD Shanaka,CJ Dala,1,0,,,,,,,,,
1142588,2018,2018-08-12,"R.Premadasa Stadium, Khettarama",1,48.3,Sri Lanka,South Africa,MD Shanaka,AD Mathews,CJ Dala,2,0,,,,,,,,,
1142588,2018,2018-08-12,"R.Premadasa Stadium, Khettarama",1,48.4,Sri Lanka,South Africa,MD Shanaka,AD Mathews,CJ Dala,1,0,,,,,,,,,
1142588,2018,2018-08-12,"R.Premadasa Stadium, Khettarama",1,48.5,Sri Lanka,South Africa,AD Mathews,MD Shanaka,CJ Dala,4,0,,,,,,,,,
1142588,2018,2018-08-12,"R.Premadasa Stadium, Khettarama",1,48.6,Sri Lanka,South Africa,AD Mathews,MD Shanaka,CJ Dala,1,0,,,,,,,,,
1142588,2018,2018-08-12,"R.Premadasa Stadium, Khettarama",1,49.1,Sri Lanka,South Africa,AD Mathews,MD Shanaka,K Rabada,1,0,,,,,,,,,
1142588,2018,2018-08-12,"R.Premadasa Stadium, Khettarama",1,49.2,Sri Lanka,South Africa,MD Shanaka,AD Mathews,K Rabada,0,0,,,,,,caught,MD Shanaka,,
1142588,2018,2018-08-12,"R.Premadasa Stadium, Khettarama",1,49.3,Sri Lanka,South Africa,AD Mathews,A Dananjaya,K Rabada,0,1,1,,,,,,,,
1142588,2018,2018-08-12,"R.Premadasa Stadium, Khettarama",1,49.4,Sri Lanka,South Africa,AD Mathews,A Dananjaya,K Rabada,1,0,,,,,,,,,
1142588,2018,2018-08-12,"R.Premadasa Stadium, Khettarama",1,49.5,Sri Lanka,South Africa,A Dananjaya,AD Mathews,K Rabada,4,0,,,,,,,,,
1142588,2018,2018-08-12,"R.Premadasa Stadium, Khettarama",1,49.6,Sri Lanka,South Africa,A Dananjaya,AD Mathews,K Rabada,1,0,,,,,,,,,
1142588,2018,2018-08-12,"R.Premadasa Stadium, Khettarama",1,49.7,Sri Lanka,South Africa,AD Mathews,A Dananjaya,K Rabada,1,0,,,,,,run out,A Dananjaya,,
1142588,2018,2018-08-12,"R.Premadasa Stadium, Khettarama",2,0.1,South Africa,Sri Lanka,HM Amla,Q de Kock,RAS Lakmal,0,0,,,,,,,,,
1142588,2018,2018-08-12,"R.Premadasa Stadium, Khettarama",2,0.2,South Africa,Sri Lanka,HM Amla,Q de Kock,RAS Lakmal,0,0,,,,,,,,,
1142588,2018,2018-08-12,"R.Premadasa Stadium, Khettarama",2,0.3,South Africa,Sri Lanka,HM Amla,Q de Kock,RAS Lakmal,0,0,,,,,,,,,
1142588,2018,2018-08-12,"R.Premadasa Stadium, Khettarama",2,0.4,South Africa,Sri Lanka,HM Amla,Q de Kock,RAS Lakmal,0,0,,,,,,bowled,HM Amla,,
1142588,2018,2018-08-12,"R.Premadasa Stadium, Khettarama",2,0.5,South Africa,Sri Lanka,AK Markram,Q de Kock,RAS Lakmal,4,0,,,,,,,,,
1142588,2018,2018-08-12,"R.Premadasa Stadium, Khettarama",2,0.6,South Africa,Sri Lanka,AK Markram,Q de Kock,RAS Lakmal,4,0,,,,,,,,,
1142588,2018,2018-08-12,"R.Premadasa Stadium, Khettarama",2,1.1,South Africa,Sri Lanka,Q de Kock,AK Markram,A Dananjaya,0,0,,,,,,,,,
1142588,2018,2018-08-12,"R.Premadasa Stadium, Khettarama",2,1.2,South Africa,Sri Lanka,Q de Kock,AK Markram,A Dananjaya,0,0,,,,,,,,,
1142588,2018,2018-08-12,"R.Premadasa Stadium, Khettarama",2,1.3,South Africa,Sri Lanka,Q de Kock,AK Markram,A Dananjaya,0,0,,,,,,,,,
1142588,2018,2018-08-12,"R.Premadasa Stadium, Khettarama",2,1.4,South Africa,Sri Lanka,Q de Kock,AK Markram,A Dananjaya,0,0,,,,,,,,,
1142588,2018,2018-08-12,"R.Premadasa Stadium, Khettarama",2,1.5,South Africa,Sri Lanka,Q de Kock,AK Markram,A Dananjaya,0,0,,,,,,,,,
1142588,2018,2018-08-12,"R.Premadasa Stadium, Khettarama",2,1.6,South Africa,Sri Lanka,Q de Kock,AK Markram,A Dananjaya,4,0,,,,,,,,,
1142588,2018,2018-08-12,"R.Premadasa Stadium, Khettarama",2,2.1,South Africa,Sri Lanka,AK Markram,Q de Kock,RAS Lakmal,4,0,,,,,,,,,
1142588,2018,2018-08-12,"R.Premadasa Stadium, Khettarama",2,2.2,South Africa,Sri Lanka,AK Markram,Q de Kock,RAS Lakmal,0,0,,,,,,,,,
1142588,2018,2018-08-12,"R.Premadasa Stadium, Khettarama",2,2.3,South Africa,Sri Lanka,AK Markram,Q de Kock,RAS Lakmal,0,0,,,,,,,,,
1142588,2018,2018-08-12,"R.Premadasa Stadium, Khettarama",2,2.4,South Africa,Sri Lanka,AK Markram,Q de Kock,RAS Lakmal,0,0,,,,,,,,,
1142588,2018,2018-08-12,"R.Premadasa Stadium, Khettarama",2,2.5,South Africa,Sri Lanka,AK Markram,Q de Kock,RAS Lakmal,0,0,,,,,,,,,
1142588,2018,2018-08-12,"R.Premadasa Stadium, Khettarama",2,2.6,South Africa,Sri Lanka,AK Markram,Q de Kock,RAS Lakmal,0,0,,,,,,,,,
1142588,2018,2018-08-12,"R.Premadasa Stadium, Khettarama",2,3.1,South Africa,Sri Lanka,Q de Kock,AK Markram,A Dananjaya,0,0,,,,,,,,,
1142588,2018,2018-08-12,"R.Premadasa Stadium, Khettarama",2,3.2,South Africa,Sri Lanka,Q de Kock,AK Markram,A Dananjaya,4,0,,,,,,,,,
1142588,2018,2018-08-12,"R.Premadasa Stadium, Khettarama",2,3.3,South Africa,Sri Lanka,Q de Kock,AK Markram,A Dananjaya,0,0,,,,,,,,,
1142588,2018,2018-08-12,"R.Premadasa Stadium, Khettarama",2,3.4,South Africa,Sri Lanka,Q de Kock,AK Markram,A Dananjaya,0,0,,,,,,,,,
1142588,2018,2018-08-12,"R.Premadasa Stadium, Khettarama",2,3.5,South Africa,Sri Lanka,Q de Kock,AK Markram,A Dananjaya,1,0,,,,,,,,,
1142588,2018,2018-08-12,"R.Premadasa Stadium, Khettarama",2,3.6,South Africa,Sri Lanka,AK Markram,Q de Kock,A Dananjaya,0,0,,,,,,,,,
1142588,2018,2018-08-12,"R.Premadasa Stadium, Khettarama",2,4.1,South Africa,Sri Lanka,Q de Kock,AK Markram,RAS Lakmal,0,0,,,,,,,,,
1142588,2018,2018-08-12,"R.Premadasa Stadium, Khettarama",2,4.2,South Africa,Sri Lanka,Q de Kock,AK Markram,RAS Lakmal,0,0,,,,,,,,,
1142588,2018,2018-08-12,"R.Premadasa Stadium, Khettarama",2,4.3,South Africa,Sri Lanka,Q de Kock,AK Markram,RAS Lakmal,0,0,,,,,,,,,
1142588,2018,2018-08-12,"R.Premadasa Stadium, Khettarama",2,4.4,South Africa,Sri Lanka,Q de Kock,AK Markram,RAS Lakmal,1,0,,,,,,,,,
1142588,2018,2018-08-12,"R.Premadasa Stadium, Khettarama",2,4.5,South Africa,Sri Lanka,AK Markram,Q de Kock,RAS Lakmal,4,0,,,,,,,,,
1142588,2018,2018-08-12,"R.Premadasa Stadium, Khettarama",2,4.6,South Africa,Sri Lanka,AK Markram,Q de Kock,RAS Lakmal,4,0,,,,,,,,,
1142588,2018,2018-08-12,"R.Premadasa Stadium, Khettarama",2,5.1,South Africa,Sri Lanka,Q de Kock,AK Markram,A Dananjaya,0,0,,,,,,,,,
1142588,2018,2018-08-12,"R.Premadasa Stadium, Khettarama",2,5.2,South Africa,Sri Lanka,Q de Kock,AK Markram,A Dananjaya,1,0,,,,,,,,,
1142588,2018,2018-08-12,"R.Premadasa Stadium, Khettarama",2,5.3,South Africa,Sri Lanka,AK Markram,Q de Kock,A Dananjaya,0,0,,,,,,,,,
1142588,2018,2018-08-12,"R.Premadasa Stadium, Khettarama",2,5.4,South Africa,Sri Lanka,AK Markram,Q de Kock,A Dananjaya,0,0,,,,,,caught and bowled,AK Markram,,
1142588,2018,2018-08-12,"R.Premadasa Stadium, Khettarama",2,5.5,South Africa,Sri Lanka,RR Hendricks,Q de Kock,A Dananjaya,0,0,,,,,,bowled,RR Hendricks,,
1142588,2018,2018-08-12,"R.Premadasa Stadium, Khettarama",2,5.6,South Africa,Sri Lanka,H Klaasen,Q de Kock,A Dananjaya,1,0,,,,,,,,,
1142588,2018,2018-08-12,"R.Premadasa Stadium, Khettarama",2,6.1,South Africa,Sri Lanka,H Klaasen,Q de Kock,RAS Lakmal,0,0,,,,,,,,,
1142588,2018,2018-08-12,"R.Premadasa Stadium, Khettarama",2,6.2,South Africa,Sri Lanka,H Klaasen,Q de Kock,RAS Lakmal,0,0,,,,,,,,,
1142588,2018,2018-08-12,"R.Premadasa Stadium, Khettarama",2,6.3,South Africa,Sri Lanka,H Klaasen,Q de Kock,RAS Lakmal,0,0,,,,,,,,,
1142588,2018,2018-08-12,"R.Premadasa Stadium, Khettarama",2,6.4,South Africa,Sri Lanka,H Klaasen,Q de Kock,RAS Lakmal,0,0,,,,,,,,,
1142588,2018,2018-08-12,"R.Premadasa Stadium, Khettarama",2,6.5,South Africa,Sri Lanka,H Klaasen,Q de Kock,RAS Lakmal,1,0,,,,,,,,,
1142588,2018,2018-08-12,"R.Premadasa Stadium, Khettarama",2,6.6,South Africa,Sri Lanka,Q de Kock,H Klaasen,RAS Lakmal,0,0,,,,,,,,,
1142588,2018,2018-08-12,"R.Premadasa Stadium, Khettarama",2,7.1,South Africa,Sri Lanka,H Klaasen,Q de Kock,A Dananjaya,1,0,,,,,,,,,
1142588,2018,2018-08-12,"R.Premadasa Stadium, Khettarama",2,7.2,South Africa,Sri Lanka,Q de Kock,H Klaasen,A Dananjaya,4,0,,,,,,,,,
1142588,2018,2018-08-12,"R.Premadasa Stadium, Khettarama",2,7.3,South Africa,Sri Lanka,Q de Kock,H Klaasen,A Dananjaya,0,0,,,,,,,,,
1142588,2018,2018-08-12,"R.Premadasa Stadium, Khettarama",2,7.4,South Africa,Sri Lanka,Q de Kock,H Klaasen,A Dananjaya,1,0,,,,,,,,,
1142588,2018,2018-08-12,"R.Premadasa Stadium, Khettarama",2,7.5,South Africa,Sri Lanka,H Klaasen,Q de Kock,A Dananjaya,0,0,,,,,,lbw,H Klaasen,,
1142588,2018,2018-08-12,"R.Premadasa Stadium, Khettarama",2,7.6,South Africa,Sri Lanka,JP Duminy,Q de Kock,A Dananjaya,0,0,,,,,,,,,
1142588,2018,2018-08-12,"R.Premadasa Stadium, Khettarama",2,8.1,South Africa,Sri Lanka,Q de Kock,JP Duminy,DM de Silva,0,0,,,,,,,,,
1142588,2018,2018-08-12,"R.Premadasa Stadium, Khettarama",2,8.2,South Africa,Sri Lanka,Q de Kock,JP Duminy,DM de Silva,0,0,,,,,,,,,
1142588,2018,2018-08-12,"R.Premadasa Stadium, Khettarama",2,8.3,South Africa,Sri Lanka,Q de Kock,JP Duminy,DM de Silva,1,0,,,,,,,,,
1142588,2018,2018-08-12,"R.Premadasa Stadium, Khettarama",2,8.4,South Africa,Sri Lanka,JP Duminy,Q de Kock,DM de Silva,4,0,,,,,,,,,
1142588,2018,2018-08-12,"R.Premadasa Stadium, Khettarama",2,8.5,South Africa,Sri Lanka,JP Duminy,Q de Kock,DM de Silva,0,0,,,,,,,,,
1142588,2018,2018-08-12,"R.Premadasa Stadium, Khettarama",2,8.6,South Africa,Sri Lanka,JP Duminy,Q de Kock,DM de Silva,0,0,,,,,,,,,
1142588,2018,2018-08-12,"R.Premadasa Stadium, Khettarama",2,9.1,South Africa,Sri Lanka,Q de Kock,JP Duminy,A Dananjaya,0,0,,,,,,,,,
1142588,2018,2018-08-12,"R.Premadasa Stadium, Khettarama",2,9.2,South Africa,Sri Lanka,Q de Kock,JP Duminy,A Dananjaya,0,0,,,,,,,,,
1142588,2018,2018-08-12,"R.Premadasa Stadium, Khettarama",2,9.3,South Africa,Sri Lanka,Q de Kock,JP Duminy,A Dananjaya,0,0,,,,,,,,,
1142588,2018,2018-08-12,"R.Premadasa Stadium, Khettarama",2,9.4,South Africa,Sri Lanka,Q de Kock,JP Duminy,A Dananjaya,2,0,,,,,,,,,
1142588,2018,2018-08-12,"R.Premadasa Stadium, Khettarama",2,9.5,South Africa,Sri Lanka,Q de Kock,JP Duminy,A Dananjaya,0,1,,,,1,,,,,
1142588,2018,2018-08-12,"R.Premadasa Stadium, Khettarama",2,9.6,South Africa,Sri Lanka,JP Duminy,Q de Kock,A Dananjaya,1,0,,,,,,,,,
1142588,2018,2018-08-12,"R.Premadasa Stadium, Khettarama",2,10.1,South Africa,Sri Lanka,JP Duminy,Q de Kock,NLTC Perera,1,0,,,,,,,,,
1142588,2018,2018-08-12,"R.Premadasa Stadium, Khettarama",2,10.2,South Africa,Sri Lanka,Q de Kock,JP Duminy,NLTC Perera,1,0,,,,,,,,,
1142588,2018,2018-08-12,"R.Premadasa Stadium, Khettarama",2,10.3,South Africa,Sri Lanka,JP Duminy,Q de Kock,NLTC Perera,1,0,,,,,,,,,
1142588,2018,2018-08-12,"R.Premadasa Stadium, Khettarama",2,10.4,South Africa,Sri Lanka,Q de Kock,JP Duminy,NLTC Perera,0,0,,,,,,,,,
1142588,2018,2018-08-12,"R.Premadasa Stadium, Khettarama",2,10.5,South Africa,Sri Lanka,Q de Kock,JP Duminy,NLTC Perera,6,0,,,,,,,,,
1142588,2018,2018-08-12,"R.Premadasa Stadium, Khettarama",2,10.6,South Africa,Sri Lanka,Q de Kock,JP Duminy,NLTC Perera,1,0,,,,,,,,,
1142588,2018,2018-08-12,"R.Premadasa Stadium, Khettarama",2,11.1,South Africa,Sri Lanka,Q de Kock,JP Duminy,DM de Silva,0,0,,,,,,,,,
1142588,2018,2018-08-12,"R.Premadasa Stadium, Khettarama",2,11.2,South Africa,Sri Lanka,Q de Kock,JP Duminy,DM de Silva,0,0,,,,,,,,,
1142588,2018,2018-08-12,"R.Premadasa Stadium, Khettarama",2,11.3,South Africa,Sri Lanka,Q de Kock,JP Duminy,DM de Silva,0,0,,,,,,,,,
1142588,2018,2018-08-12,"R.Premadasa Stadium, Khettarama",2,11.4,South Africa,Sri Lanka,Q de Kock,JP Duminy,DM de Silva,0,0,,,,,,,,,
1142588,2018,2018-08-12,"R.Premadasa Stadium, Khettarama",2,11.5,South Africa,Sri Lanka,Q de Kock,JP Duminy,DM de Silva,4,0,,,,,,,,,
1142588,2018,2018-08-12,"R.Premadasa Stadium, Khettarama",2,11.6,South Africa,Sri Lanka,Q de Kock,JP Duminy,DM de Silva,1,0,,,,,,,,,
1142588,2018,2018-08-12,"R.Premadasa Stadium, Khettarama",2,12.1,South Africa,Sri Lanka,Q de Kock,JP Duminy,NLTC Perera,1,0,,,,,,,,,
1142588,2018,2018-08-12,"R.Premadasa Stadium, Khettarama",2,12.2,South Africa,Sri Lanka,JP Duminy,Q de Kock,NLTC Perera,1,0,,,,,,,,,
1142588,2018,2018-08-12,"R.Premadasa Stadium, Khettarama",2,12.3,South Africa,Sri Lanka,Q de Kock,JP Duminy,NLTC Perera,0,0,,,,,,,,,
1142588,2018,2018-08-12,"R.Premadasa Stadium, Khettarama",2,12.4,South Africa,Sri Lanka,Q de Kock,JP Duminy,NLTC Perera,0,0,,,,,,,,,
1142588,2018,2018-08-12,"R.Premadasa Stadium, Khettarama",2,12.5,South Africa,Sri Lanka,Q de Kock,JP Duminy,NLTC Perera,1,0,,,,,,,,,
1142588,2018,2018-08-12,"R.Premadasa Stadium, Khettarama",2,12.6,South Africa,Sri Lanka,JP Duminy,Q de Kock,NLTC Perera,1,0,,,,,,,,,
1142588,2018,2018-08-12,"R.Premadasa Stadium, Khettarama",2,13.1,South Africa,Sri Lanka,JP Duminy,Q de Kock,DM de Silva,1,0,,,,,,,,,
1142588,2018,2018-08-12,"R.Premadasa Stadium, Khettarama",2,13.2,South Africa,Sri Lanka,Q de Kock,JP Duminy,DM de Silva,0,0,,,,,,,,,
1142588,2018,2018-08-12,"R.Premadasa Stadium, Khettarama",2,13.3,South Africa,Sri Lanka,Q de Kock,JP Duminy,DM de Silva,0,0,,,,,,,,,
1142588,2018,2018-08-12,"R.Premadasa Stadium, Khettarama",2,13.4,South Africa,Sri Lanka,Q de Kock,JP Duminy,DM de Silva,2,0,,,,,,,,,
1142588,2018,2018-08-12,"R.Premadasa Stadium, Khettarama",2,13.5,South Africa,Sri Lanka,Q de Kock,JP Duminy,DM de Silva,0,0,,,,,,,,,
1142588,2018,2018-08-12,"R.Premadasa Stadium, Khettarama",2,13.6,South Africa,Sri Lanka,Q de Kock,JP Duminy,DM de Silva,4,0,,,,,,,,,
1142588,2018,2018-08-12,"R.Premadasa Stadium, Khettarama",2,14.1,South Africa,Sri Lanka,JP Duminy,Q de Kock,CBRLS Kumara,1,0,,,,,,,,,
1142588,2018,2018-08-12,"R.Premadasa Stadium, Khettarama",2,14.2,South Africa,Sri Lanka,Q de Kock,JP Duminy,CBRLS Kumara,4,0,,,,,,,,,
1142588,2018,2018-08-12,"R.Premadasa Stadium, Khettarama",2,14.3,South Africa,Sri Lanka,Q de Kock,JP Duminy,CBRLS Kumara,0,0,,,,,,,,,
1142588,2018,2018-08-12,"R.Premadasa Stadium, Khettarama",2,14.4,South Africa,Sri Lanka,Q de Kock,JP Duminy,CBRLS Kumara,1,0,,,,,,,,,
1142588,2018,2018-08-12,"R.Premadasa Stadium, Khettarama",2,14.5,South Africa,Sri Lanka,JP Duminy,Q de Kock,CBRLS Kumara,1,0,,,,,,,,,
1142588,2018,2018-08-12,"R.Premadasa Stadium, Khettarama",2,14.6,South Africa,Sri Lanka,Q de Kock,JP Duminy,CBRLS Kumara,4,0,,,,,,,,,
1142588,2018,2018-08-12,"R.Premadasa Stadium, Khettarama",2,15.1,South Africa,Sri Lanka,JP Duminy,Q de Kock,DM de Silva,0,0,,,,,,caught and bowled,JP Duminy,,
1142588,2018,2018-08-12,"R.Premadasa Stadium, Khettarama",2,15.2,South Africa,Sri Lanka,PWA Mulder,Q de Kock,DM de Silva,0,0,,,,,,,,,
1142588,2018,2018-08-12,"R.Premadasa Stadium, Khettarama",2,15.3,South Africa,Sri Lanka,PWA Mulder,Q de Kock,DM de Silva,1,0,,,,,,,,,
1142588,2018,2018-08-12,"R.Premadasa Stadium, Khettarama",2,15.4,South Africa,Sri Lanka,Q de Kock,PWA Mulder,DM de Silva,1,0,,,,,,,,,
1142588,2018,2018-08-12,"R.Premadasa Stadium, Khettarama",2,15.5,South Africa,Sri Lanka,PWA Mulder,Q de Kock,DM de Silva,1,0,,,,,,,,,
1142588,2018,2018-08-12,"R.Premadasa Stadium, Khettarama",2,15.6,South Africa,Sri Lanka,Q de Kock,PWA Mulder,DM de Silva,1,0,,,,,,,,,
1142588,2018,2018-08-12,"R.Premadasa Stadium, Khettarama",2,16.1,South Africa,Sri Lanka,Q de Kock,PWA Mulder,CBRLS Kumara,2,0,,,,,,,,,
1142588,2018,2018-08-12,"R.Premadasa Stadium, Khettarama",2,16.2,South Africa,Sri Lanka,Q de Kock,PWA Mulder,CBRLS Kumara,1,0,,,,,,,,,
1142588,2018,2018-08-12,"R.Premadasa Stadium, Khettarama",2,16.3,South Africa,Sri Lanka,PWA Mulder,Q de Kock,CBRLS Kumara,0,0,,,,,,,,,
1142588,2018,2018-08-12,"R.Premadasa Stadium, Khettarama",2,16.4,South Africa,Sri Lanka,PWA Mulder,Q de Kock,CBRLS Kumara,0,0,,,,,,lbw,PWA Mulder,,
1142588,2018,2018-08-12,"R.Premadasa Stadium, Khettarama",2,16.5,South Africa,Sri Lanka,AL Phehlukwayo,Q de Kock,CBRLS Kumara,0,0,,,,,,,,,
1142588,2018,2018-08-12,"R.Premadasa Stadium, Khettarama",2,16.6,South Africa,Sri Lanka,AL Phehlukwayo,Q de Kock,CBRLS Kumara,1,0,,,,,,,,,
1142588,2018,2018-08-12,"R.Premadasa Stadium, Khettarama",2,17.1,South Africa,Sri Lanka,AL Phehlukwayo,Q de Kock,A Dananjaya,0,0,,,,,,,,,
1142588,2018,2018-08-12,"R.Premadasa Stadium, Khettarama",2,17.2,South Africa,Sri Lanka,AL Phehlukwayo,Q de Kock,A Dananjaya,0,0,,,,,,,,,
1142588,2018,2018-08-12,"R.Premadasa Stadium, Khettarama",2,17.3,South Africa,Sri Lanka,AL Phehlukwayo,Q de Kock,A Dananjaya,0,0,,,,,,,,,
1142588,2018,2018-08-12,"R.Premadasa Stadium, Khettarama",2,17.4,South Africa,Sri Lanka,AL Phehlukwayo,Q de Kock,A Dananjaya,0,0,,,,,,,,,
1142588,2018,2018-08-12,"R.Premadasa Stadium, Khettarama",2,17.5,South Africa,Sri Lanka,AL Phehlukwayo,Q de Kock,A Dananjaya,1,0,,,,,,,,,
1142588,2018,2018-08-12,"R.Premadasa Stadium, Khettarama",2,17.6,South Africa,Sri Lanka,Q de Kock,AL Phehlukwayo,A Dananjaya,0,0,,,,,,bowled,Q de Kock,,
1142588,2018,2018-08-12,"R.Premadasa Stadium, Khettarama",2,18.1,South Africa,Sri Lanka,AL Phehlukwayo,KA Maharaj,CBRLS Kumara,0,0,,,,,,,,,
1142588,2018,2018-08-12,"R.Premadasa Stadium, Khettarama",2,18.2,South Africa,Sri Lanka,AL Phehlukwayo,KA Maharaj,CBRLS Kumara,0,0,,,,,,,,,
1142588,2018,2018-08-12,"R.Premadasa Stadium, Khettarama",2,18.3,South Africa,Sri Lanka,AL Phehlukwayo,KA Maharaj,CBRLS Kumara,0,0,,,,,,,,,
1142588,2018,2018-08-12,"R.Premadasa Stadium, Khettarama",2,18.4,South Africa,Sri Lanka,AL Phehlukwayo,KA Maharaj,CBRLS Kumara,1,0,,,,,,,,,
1142588,2018,2018-08-12,"R.Premadasa Stadium, Khettarama",2,18.5,South Africa,Sri Lanka,KA Maharaj,AL Phehlukwayo,CBRLS Kumara,0,0,,,,,,,,,
1142588,2018,2018-08-12,"R.Premadasa Stadium, Khettarama",2,18.6,South Africa,Sri Lanka,KA Maharaj,AL Phehlukwayo,CBRLS Kumara,0,0,,,,,,,,,
1142588,2018,2018-08-12,"R.Premadasa Stadium, Khettarama",2,19.1,South Africa,Sri Lanka,AL Phehlukwayo,KA Maharaj,A Dananjaya,0,0,,,,,,,,,
1142588,2018,2018-08-12,"R.Premadasa Stadium, Khettarama",2,19.2,South Africa,Sri Lanka,AL Phehlukwayo,KA Maharaj,A Dananjaya,0,0,,,,,,,,,
1142588,2018,2018-08-12,"R.Premadasa Stadium, Khettarama",2,19.3,South Africa,Sri Lanka,AL Phehlukwayo,KA Maharaj,A Dananjaya,0,0,,,,,,caught,AL Phehlukwayo,,
1142588,2018,2018-08-12,"R.Premadasa Stadium, Khettarama",2,19.4,South Africa,Sri Lanka,K Rabada,KA Maharaj,A Dananjaya,0,0,,,,,,,,,
1142588,2018,2018-08-12,"R.Premadasa Stadium, Khettarama",2,19.5,South Africa,Sri Lanka,K Rabada,KA Maharaj,A Dananjaya,0,0,,,,,,,,,
1142588,2018,2018-08-12,"R.Premadasa Stadium, Khettarama",2,19.6,South Africa,Sri Lanka,K Rabada,KA Maharaj,A Dananjaya,2,0,,,,,,,,,
1142588,2018,2018-08-12,"R.Premadasa Stadium, Khettarama",2,20.1,South Africa,Sri Lanka,KA Maharaj,K Rabada,CBRLS Kumara,1,0,,,,,,,,,
1142588,2018,2018-08-12,"R.Premadasa Stadium, Khettarama",2,20.2,South Africa,Sri Lanka,K Rabada,KA Maharaj,CBRLS Kumara,0,0,,,,,,,,,
1142588,2018,2018-08-12,"R.Premadasa Stadium, Khettarama",2,20.3,South Africa,Sri Lanka,K Rabada,KA Maharaj,CBRLS Kumara,0,1,1,,,,,,,,
1142588,2018,2018-08-12,"R.Premadasa Stadium, Khettarama",2,20.4,South Africa,Sri Lanka,K Rabada,KA Maharaj,CBRLS Kumara,0,0,,,,,,,,,
1142588,2018,2018-08-12,"R.Premadasa Stadium, Khettarama",2,20.5,South Africa,Sri Lanka,K Rabada,KA Maharaj,CBRLS Kumara,0,0,,,,,,,,,
1142588,2018,2018-08-12,"R.Premadasa Stadium, Khettarama",2,20.6,South Africa,Sri Lanka,K Rabada,KA Maharaj,CBRLS Kumara,0,0,,,,,,,,,
1142588,2018,2018-08-12,"R.Premadasa Stadium, Khettarama",2,20.7,South Africa,Sri Lanka,K Rabada,KA Maharaj,CBRLS Kumara,0,0,,,,,,,,,
1142588,2018,2018-08-12,"R.Premadasa Stadium, Khettarama",2,21.1,South Africa,Sri Lanka,KA Maharaj,K Rabada,A Dananjaya,0,0,,,,,,,,,
1142588,2018,2018-08-12,"R.Premadasa Stadium, Khettarama",2,21.2,South Africa,Sri Lanka,KA Maharaj,K Rabada,A Dananjaya,1,0,,,,,,,,,
1142588,2018,2018-08-12,"R.Premadasa Stadium, Khettarama",2,21.3,South Africa,Sri Lanka,K Rabada,KA Maharaj,A Dananjaya,0,0,,,,,,,,,
1142588,2018,2018-08-12,"R.Premadasa Stadium, Khettarama",2,21.4,South Africa,Sri Lanka,K Rabada,KA Maharaj,A Dananjaya,1,0,,,,,,,,,
1142588,2018,2018-08-12,"R.Premadasa Stadium, Khettarama",2,21.5,South Africa,Sri Lanka,KA Maharaj,K Rabada,A Dananjaya,0,0,,,,,,,,,
1142588,2018,2018-08-12,"R.Premadasa Stadium, Khettarama",2,21.6,South Africa,Sri Lanka,KA Maharaj,K Rabada,A Dananjaya,1,0,,,,,,,,,
1142588,2018,2018-08-12,"R.Premadasa Stadium, Khettarama",2,22.1,South Africa,Sri Lanka,KA Maharaj,K Rabada,CBRLS Kumara,4,0,,,,,,,,,
1142588,2018,2018-08-12,"R.Premadasa Stadium, Khettarama",2,22.2,South Africa,Sri Lanka,KA Maharaj,K Rabada,CBRLS Kumara,1,0,,,,,,,,,
1142588,2018,2018-08-12,"R.Premadasa Stadium, Khettarama",2,22.3,South Africa,Sri Lanka,K Rabada,KA Maharaj,CBRLS Kumara,0,0,,,,,,,,,
1142588,2018,2018-08-12,"R.Premadasa Stadium, Khettarama",2,22.4,South Africa,Sri Lanka,K Rabada,KA Maharaj,CBRLS Kumara,4,0,,,,,,,,,
1142588,2018,2018-08-12,"R.Premadasa Stadium, Khettarama",2,22.5,South Africa,Sri Lanka,K Rabada,KA Maharaj,CBRLS Kumara,1,0,,,,,,,,,
1142588,2018,2018-08-12,"R.Premadasa Stadium, Khettarama",2,22.6,South Africa,Sri Lanka,KA Maharaj,K Rabada,CBRLS Kumara,0,0,,,,,,,,,
1142588,2018,2018-08-12,"R.Premadasa Stadium, Khettarama",2,23.1,South Africa,Sri Lanka,K Rabada,KA Maharaj,A Dananjaya,0,0,,,,,,,,,
1142588,2018,2018-08-12,"R.Premadasa Stadium, Khettarama",2,23.2,South Africa,Sri Lanka,K Rabada,KA Maharaj,A Dananjaya,2,0,,,,,,,,,
1142588,2018,2018-08-12,"R.Premadasa Stadium, Khettarama",2,23.3,South Africa,Sri Lanka,K Rabada,KA Maharaj,A Dananjaya,1,0,,,,,,,,,
1142588,2018,2018-08-12,"R.Premadasa Stadium, Khettarama",2,23.4,South Africa,Sri Lanka,KA Maharaj,K Rabada,A Dananjaya,0,0,,,,,,,,,
1142588,2018,2018-08-12,"R.Premadasa Stadium, Khettarama",2,23.5,South Africa,Sri Lanka,KA Maharaj,K Rabada,A Dananjaya,0,0,,,,,,caught,KA Maharaj,,
1142588,2018,2018-08-12,"R.Premadasa Stadium, Khettarama",2,23.6,South Africa,Sri Lanka,K Rabada,CJ Dala,A Dananjaya,0,0,,,,,,,,,
1142588,2018,2018-08-12,"R.Premadasa Stadium, Khettarama",2,24.1,South Africa,Sri Lanka,CJ Dala,K Rabada,CBRLS Kumara,1,0,,,,,,,,,
1142588,2018,2018-08-12,"R.Premadasa Stadium, Khettarama",2,24.2,South Africa,Sri Lanka,K Rabada,CJ Dala,CBRLS Kumara,1,0,,,,,,,,,
1142588,2018,2018-08-12,"R.Premadasa Stadium, Khettarama",2,24.3,South Africa,Sri Lanka,CJ Dala,K Rabada,CBRLS Kumara,4,0,,,,,,,,,
1142588,2018,2018-08-12,"R.Premadasa Stadium, Khettarama",2,24.4,South Africa,Sri Lanka,CJ Dala,K Rabada,CBRLS Kumara,0,0,,,,,,caught,CJ Dala,,
