match_id,season,start_date,venue,innings,ball,batting_team,bowling_team,striker,non_striker,bowler,runs_off_bat,extras,wides,noballs,byes,legbyes,penalty,wicket_type,player_dismissed,other_wicket_type,other_player_dismissed
1144148,2018/19,2018-10-06,Boland Park,1,0.1,Zimbabwe,South Africa,H Masakadza,SF Mire,DW Steyn,0,0,,,,,,,,,
1144148,2018/19,2018-10-06,Boland Park,1,0.2,Zimbabwe,South Africa,H Masakadza,SF Mire,DW Steyn,0,0,,,,,,,,,
1144148,2018/19,2018-10-06,Boland Park,1,0.3,Zimbabwe,South Africa,H Masakadza,SF Mire,DW Steyn,0,0,,,,,,,,,
1144148,2018/19,2018-10-06,Boland Park,1,0.4,Zimbabwe,South Africa,H Masakadza,SF Mire,DW Steyn,0,0,,,,,,,,,
1144148,2018/19,2018-10-06,Boland Park,1,0.5,Zimbabwe,South Africa,H Masakadza,SF Mire,DW Steyn,1,0,,,,,,,,,
1144148,2018/19,2018-10-06,Boland Park,1,0.6,Zimbabwe,South Africa,SF Mire,H Masakadza,DW Steyn,0,0,,,,,,,,,
1144148,2018/19,2018-10-06,Boland Park,1,1.1,Zimbabwe,South Africa,H Masakadza,SF Mire,Imran Tahir,0,0,,,,,,,,,
1144148,2018/19,2018-10-06,Boland Park,1,1.2,Zimbabwe,South Africa,H Masakadza,SF Mire,Imran Tahir,1,0,,,,,,,,,
1144148,2018/19,2018-10-06,Boland Park,1,1.3,Zimbabwe,South Africa,SF Mire,H Masakadza,Imran Tahir,0,0,,,,,,,,,
1144148,2018/19,2018-10-06,Boland Park,1,1.4,Zimbabwe,South Africa,SF Mire,H Masakadza,Imran Tahir,0,0,,,,,,,,,
1144148,2018/19,2018-10-06,Boland Park,1,1.5,Zimbabwe,South Africa,SF Mire,H Masakadza,Imran Tahir,0,0,,,,,,,,,
1144148,2018/19,2018-10-06,Boland Park,1,1.6,Zimbabwe,South Africa,SF Mire,H Masakadza,Imran Tahir,0,0,,,,,,,,,
1144148,2018/19,2018-10-06,Boland Park,1,2.1,Zimbabwe,South Africa,H Masakadza,SF Mire,DW Steyn,0,0,,,,,,,,,
1144148,2018/19,2018-10-06,Boland Park,1,2.2,Zimbabwe,South Africa,H Masakadza,SF Mire,DW Steyn,4,0,,,,,,,,,
1144148,2018/19,2018-10-06,Boland Park,1,2.3,Zimbabwe,South Africa,H Masakadza,SF Mire,DW Steyn,0,0,,,,,,,,,
1144148,2018/19,2018-10-06,Boland Park,1,2.4,Zimbabwe,South Africa,H Masakadza,SF Mire,DW Steyn,0,0,,,,,,,,,
1144148,2018/19,2018-10-06,Boland Park,1,2.5,Zimbabwe,South Africa,H Masakadza,SF Mire,DW Steyn,0,0,,,,,,,,,
1144148,2018/19,2018-10-06,Boland Park,1,2.6,Zimbabwe,South Africa,H Masakadza,SF Mire,DW Steyn,0,0,,,,,,,,,
1144148,2018/19,2018-10-06,Boland Park,1,3.1,Zimbabwe,South Africa,SF Mire,H Masakadza,Imran Tahir,0,0,,,,,,,,,
1144148,2018/19,2018-10-06,Boland Park,1,3.2,Zimbabwe,South Africa,SF Mire,H Masakadza,Imran Tahir,2,0,,,,,,,,,
1144148,2018/19,2018-10-06,Boland Park,1,3.3,Zimbabwe,South Africa,SF Mire,H Masakadza,Imran Tahir,1,0,,,,,,,,,
1144148,2018/19,2018-10-06,Boland Park,1,3.4,Zimbabwe,South Africa,H Masakadza,SF Mire,Imran Tahir,1,0,,,,,,,,,
1144148,2018/19,2018-10-06,Boland Park,1,3.5,Zimbabwe,South Africa,SF Mire,H Masakadza,Imran Tahir,0,0,,,,,,,,,
1144148,2018/19,2018-10-06,Boland Park,1,3.6,Zimbabwe,South Africa,SF Mire,H Masakadza,Imran Tahir,1,0,,,,,,,,,
1144148,2018/19,2018-10-06,Boland Park,1,4.1,Zimbabwe,South Africa,SF Mire,H Masakadza,DW Steyn,0,0,,,,,,,,,
1144148,2018/19,2018-10-06,Boland Park,1,4.2,Zimbabwe,South Africa,SF Mire,H Masakadza,DW Steyn,2,0,,,,,,,,,
1144148,2018/19,2018-10-06,Boland Park,1,4.3,Zimbabwe,South Africa,SF Mire,H Masakadza,DW Steyn,1,0,,,,,,,,,
1144148,2018/19,2018-10-06,Boland Park,1,4.4,Zimbabwe,South Africa,H Masakadza,SF Mire,DW Steyn,2,0,,,,,,,,,
1144148,2018/19,2018-10-06,Boland Park,1,4.5,Zimbabwe,South Africa,H Masakadza,SF Mire,DW Steyn,0,0,,,,,,,,,
1144148,2018/19,2018-10-06,Boland Park,1,4.6,Zimbabwe,South Africa,H Masakadza,SF Mire,DW Steyn,0,0,,,,,,,,,
1144148,2018/19,2018-10-06,Boland Park,1,5.1,Zimbabwe,South Africa,SF Mire,H Masakadza,Imran Tahir,0,0,,,,,,,,,
1144148,2018/19,2018-10-06,Boland Park,1,5.2,Zimbabwe,South Africa,SF Mire,H Masakadza,Imran Tahir,0,0,,,,,,,,,
1144148,2018/19,2018-10-06,Boland Park,1,5.3,Zimbabwe,South Africa,SF Mire,H Masakadza,Imran Tahir,0,0,,,,,,,,,
1144148,2018/19,2018-10-06,Boland Park,1,5.4,Zimbabwe,South Africa,SF Mire,H Masakadza,Imran Tahir,0,0,,,,,,,,,
1144148,2018/19,2018-10-06,Boland Park,1,5.5,Zimbabwe,South Africa,SF Mire,H Masakadza,Imran Tahir,0,0,,,,,,bowled,SF Mire,,
1144148,2018/19,2018-10-06,Boland Park,1,5.6,Zimbabwe,South Africa,CR Ervine,H Masakadza,Imran Tahir,0,0,,,,,,,,,
1144148,2018/19,2018-10-06,Boland Park,1,6.1,Zimbabwe,South Africa,H Masakadza,CR Ervine,DW Steyn,4,0,,,,,,,,,
1144148,2018/19,2018-10-06,Boland Park,1,6.2,Zimbabwe,South Africa,H Masakadza,CR Ervine,DW Steyn,1,0,,,,,,,,,
1144148,2018/19,2018-10-06,Boland Park,1,6.3,Zimbabwe,South Africa,CR Ervine,H Masakadza,DW Steyn,0,0,,,,,,,,,
1144148,2018/19,2018-10-06,Boland Park,1,6.4,Zimbabwe,South Africa,CR Ervine,H Masakadza,DW Steyn,0,0,,,,,,caught,CR Ervine,,
1144148,2018/19,2018-10-06,Boland Park,1,6.5,Zimbabwe,South Africa,BRM Taylor,H Masakadza,DW Steyn,4,0,,,,,,,,,
1144148,2018/19,2018-10-06,Boland Park,1,6.6,Zimbabwe,South Africa,BRM Taylor,H Masakadza,DW Steyn,0,0,,,,,,,,,
1144148,2018/19,2018-10-06,Boland Park,1,7.1,Zimbabwe,South Africa,H Masakadza,BRM Taylor,Imran Tahir,0,0,,,,,,,,,
1144148,2018/19,2018-10-06,Boland Park,1,7.2,Zimbabwe,South Africa,H Masakadza,BRM Taylor,Imran Tahir,2,0,,,,,,,,,
1144148,2018/19,2018-10-06,Boland Park,1,7.3,Zimbabwe,South Africa,H Masakadza,BRM Taylor,Imran Tahir,0,0,,,,,,,,,
1144148,2018/19,2018-10-06,Boland Park,1,7.4,Zimbabwe,South Africa,H Masakadza,BRM Taylor,Imran Tahir,2,0,,,,,,,,,
1144148,2018/19,2018-10-06,Boland Park,1,7.5,Zimbabwe,South Africa,H Masakadza,BRM Taylor,Imran Tahir,0,0,,,,,,,,,
1144148,2018/19,2018-10-06,Boland Park,1,7.6,Zimbabwe,South Africa,H Masakadza,BRM Taylor,Imran Tahir,1,0,,,,,,,,,
1144148,2018/19,2018-10-06,Boland Park,1,8.1,Zimbabwe,South Africa,H Masakadza,BRM Taylor,K Rabada,0,0,,,,,,,,,
1144148,2018/19,2018-10-06,Boland Park,1,8.2,Zimbabwe,South Africa,H Masakadza,BRM Taylor,K Rabada,4,0,,,,,,,,,
1144148,2018/19,2018-10-06,Boland Park,1,8.3,Zimbabwe,South Africa,H Masakadza,BRM Taylor,K Rabada,0,0,,,,,,,,,
1144148,2018/19,2018-10-06,Boland Park,1,8.4,Zimbabwe,South Africa,H Masakadza,BRM Taylor,K Rabada,0,0,,,,,,,,,
1144148,2018/19,2018-10-06,Boland Park,1,8.5,Zimbabwe,South Africa,H Masakadza,BRM Taylor,K Rabada,0,0,,,,,,,,,
1144148,2018/19,2018-10-06,Boland Park,1,8.6,Zimbabwe,South Africa,H Masakadza,BRM Taylor,K Rabada,1,0,,,,,,,,,
1144148,2018/19,2018-10-06,Boland Park,1,9.1,Zimbabwe,South Africa,H Masakadza,BRM Taylor,T Shamsi,1,0,,,,,,,,,
1144148,2018/19,2018-10-06,Boland Park,1,9.2,Zimbabwe,South Africa,BRM Taylor,H Masakadza,T Shamsi,1,0,,,,,,,,,
1144148,2018/19,2018-10-06,Boland Park,1,9.3,Zimbabwe,South Africa,H Masakadza,BRM Taylor,T Shamsi,1,0,,,,,,,,,
1144148,2018/19,2018-10-06,Boland Park,1,9.4,Zimbabwe,South Africa,BRM Taylor,H Masakadza,T Shamsi,0,0,,,,,,,,,
1144148,2018/19,2018-10-06,Boland Park,1,9.5,Zimbabwe,South Africa,BRM Taylor,H Masakadza,T Shamsi,0,0,,,,,,,,,
1144148,2018/19,2018-10-06,Boland Park,1,9.6,Zimbabwe,South Africa,BRM Taylor,H Masakadza,T Shamsi,4,0,,,,,,,,,
1144148,2018/19,2018-10-06,Boland Park,1,10.1,Zimbabwe,South Africa,H Masakadza,BRM Taylor,K Rabada,0,0,,,,,,,,,
1144148,2018/19,2018-10-06,Boland Park,1,10.2,Zimbabwe,South Africa,H Masakadza,BRM Taylor,K Rabada,0,0,,,,,,,,,
1144148,2018/19,2018-10-06,Boland Park,1,10.3,Zimbabwe,South Africa,H Masakadza,BRM Taylor,K Rabada,0,0,,,,,,,,,
1144148,2018/19,2018-10-06,Boland Park,1,10.4,Zimbabwe,South Africa,H Masakadza,BRM Taylor,K Rabada,2,0,,,,,,,,,
1144148,2018/19,2018-10-06,Boland Park,1,10.5,Zimbabwe,South Africa,H Masakadza,BRM Taylor,K Rabada,0,0,,,,,,,,,
1144148,2018/19,2018-10-06,Boland Park,1,10.6,Zimbabwe,South Africa,H Masakadza,BRM Taylor,K Rabada,0,0,,,,,,caught,H Masakadza,,
1144148,2018/19,2018-10-06,Boland Park,1,11.1,Zimbabwe,South Africa,BRM Taylor,SC Williams,T Shamsi,0,0,,,,,,,,,
1144148,2018/19,2018-10-06,Boland Park,1,11.2,Zimbabwe,South Africa,BRM Taylor,SC Williams,T Shamsi,1,0,,,,,,,,,
1144148,2018/19,2018-10-06,Boland Park,1,11.3,Zimbabwe,South Africa,SC Williams,BRM Taylor,T Shamsi,0,0,,,,,,,,,
1144148,2018/19,2018-10-06,Boland Park,1,11.4,Zimbabwe,South Africa,SC Williams,BRM Taylor,T Shamsi,1,0,,,,,,,,,
1144148,2018/19,2018-10-06,Boland Park,1,11.5,Zimbabwe,South Africa,BRM Taylor,SC Williams,T Shamsi,0,0,,,,,,,,,
1144148,2018/19,2018-10-06,Boland Park,1,11.6,Zimbabwe,South Africa,BRM Taylor,SC Williams,T Shamsi,0,0,,,,,,,,,
1144148,2018/19,2018-10-06,Boland Park,1,12.1,Zimbabwe,South Africa,SC Williams,BRM Taylor,K Rabada,0,0,,,,,,,,,
1144148,2018/19,2018-10-06,Boland Park,1,12.2,Zimbabwe,South Africa,SC Williams,BRM Taylor,K Rabada,0,0,,,,,,,,,
1144148,2018/19,2018-10-06,Boland Park,1,12.3,Zimbabwe,South Africa,SC Williams,BRM Taylor,K Rabada,0,0,,,,,,,,,
1144148,2018/19,2018-10-06,Boland Park,1,12.4,Zimbabwe,South Africa,SC Williams,BRM Taylor,K Rabada,0,0,,,,,,,,,
1144148,2018/19,2018-10-06,Boland Park,1,12.5,Zimbabwe,South Africa,SC Williams,BRM Taylor,K Rabada,3,0,,,,,,,,,
1144148,2018/19,2018-10-06,Boland Park,1,12.6,Zimbabwe,South Africa,BRM Taylor,SC Williams,K Rabada,0,0,,,,,,,,,
1144148,2018/19,2018-10-06,Boland Park,1,13.1,Zimbabwe,South Africa,SC Williams,BRM Taylor,T Shamsi,0,0,,,,,,,,,
1144148,2018/19,2018-10-06,Boland Park,1,13.2,Zimbabwe,South Africa,SC Williams,BRM Taylor,T Shamsi,2,0,,,,,,,,,
1144148,2018/19,2018-10-06,Boland Park,1,13.3,Zimbabwe,South Africa,SC Williams,BRM Taylor,T Shamsi,0,0,,,,,,,,,
1144148,2018/19,2018-10-06,Boland Park,1,13.4,Zimbabwe,South Africa,SC Williams,BRM Taylor,T Shamsi,1,0,,,,,,,,,
1144148,2018/19,2018-10-06,Boland Park,1,13.5,Zimbabwe,South Africa,BRM Taylor,SC Williams,T Shamsi,2,0,,,,,,,,,
1144148,2018/19,2018-10-06,Boland Park,1,13.6,Zimbabwe,South Africa,BRM Taylor,SC Williams,T Shamsi,4,0,,,,,,,,,
1144148,2018/19,2018-10-06,Boland Park,1,14.1,Zimbabwe,South Africa,SC Williams,BRM Taylor,K Rabada,1,0,,,,,,,,,
1144148,2018/19,2018-10-06,Boland Park,1,14.2,Zimbabwe,South Africa,BRM Taylor,SC Williams,K Rabada,0,0,,,,,,,,,
1144148,2018/19,2018-10-06,Boland Park,1,14.3,Zimbabwe,South Africa,BRM Taylor,SC Williams,K Rabada,0,0,,,,,,,,,
1144148,2018/19,2018-10-06,Boland Park,1,14.4,Zimbabwe,South Africa,BRM Taylor,SC Williams,K Rabada,0,0,,,,,,,,,
1144148,2018/19,2018-10-06,Boland Park,1,14.5,Zimbabwe,South Africa,BRM Taylor,SC Williams,K Rabada,0,0,,,,,,,,,
1144148,2018/19,2018-10-06,Boland Park,1,14.6,Zimbabwe,South Africa,BRM Taylor,SC Williams,K Rabada,0,0,,,,,,,,,
1144148,2018/19,2018-10-06,Boland Park,1,15.1,Zimbabwe,South Africa,SC Williams,BRM Taylor,AL Phehlukwayo,0,0,,,,,,,,,
1144148,2018/19,2018-10-06,Boland Park,1,15.2,Zimbabwe,South Africa,SC Williams,BRM Taylor,AL Phehlukwayo,4,0,,,,,,,,,
1144148,2018/19,2018-10-06,Boland Park,1,15.3,Zimbabwe,South Africa,SC Williams,BRM Taylor,AL Phehlukwayo,0,0,,,,,,,,,
1144148,2018/19,2018-10-06,Boland Park,1,15.4,Zimbabwe,South Africa,SC Williams,BRM Taylor,AL Phehlukwayo,4,0,,,,,,,,,
1144148,2018/19,2018-10-06,Boland Park,1,15.5,Zimbabwe,South Africa,SC Williams,BRM Taylor,AL Phehlukwayo,0,0,,,,,,,,,
1144148,2018/19,2018-10-06,Boland Park,1,15.6,Zimbabwe,South Africa,SC Williams,BRM Taylor,AL Phehlukwayo,4,0,,,,,,,,,
1144148,2018/19,2018-10-06,Boland Park,1,16.1,Zimbabwe,South Africa,BRM Taylor,SC Williams,K Rabada,0,0,,,,,,,,,
1144148,2018/19,2018-10-06,Boland Park,1,16.2,Zimbabwe,South Africa,BRM Taylor,SC Williams,K Rabada,0,0,,,,,,,,,
1144148,2018/19,2018-10-06,Boland Park,1,16.3,Zimbabwe,South Africa,BRM Taylor,SC Williams,K Rabada,0,0,,,,,,,,,
1144148,2018/19,2018-10-06,Boland Park,1,16.4,Zimbabwe,South Africa,BRM Taylor,SC Williams,K Rabada,1,0,,,,,,,,,
1144148,2018/19,2018-10-06,Boland Park,1,16.5,Zimbabwe,South Africa,SC Williams,BRM Taylor,K Rabada,0,0,,,,,,,,,
1144148,2018/19,2018-10-06,Boland Park,1,16.6,Zimbabwe,South Africa,SC Williams,BRM Taylor,K Rabada,0,0,,,,,,,,,
1144148,2018/19,2018-10-06,Boland Park,1,17.1,Zimbabwe,South Africa,BRM Taylor,SC Williams,JP Duminy,1,0,,,,,,,,,
1144148,2018/19,2018-10-06,Boland Park,1,17.2,Zimbabwe,South Africa,SC Williams,BRM Taylor,JP Duminy,0,0,,,,,,,,,
1144148,2018/19,2018-10-06,Boland Park,1,17.3,Zimbabwe,South Africa,SC Williams,BRM Taylor,JP Duminy,1,0,,,,,,,,,
1144148,2018/19,2018-10-06,Boland Park,1,17.4,Zimbabwe,South Africa,BRM Taylor,SC Williams,JP Duminy,0,0,,,,,,,,,
1144148,2018/19,2018-10-06,Boland Park,1,17.5,Zimbabwe,South Africa,BRM Taylor,SC Williams,JP Duminy,0,0,,,,,,,,,
1144148,2018/19,2018-10-06,Boland Park,1,17.6,Zimbabwe,South Africa,BRM Taylor,SC Williams,JP Duminy,0,0,,,,,,,,,
1144148,2018/19,2018-10-06,Boland Park,1,18.1,Zimbabwe,South Africa,SC Williams,BRM Taylor,AL Phehlukwayo,0,0,,,,,,,,,
1144148,2018/19,2018-10-06,Boland Park,1,18.2,Zimbabwe,South Africa,SC Williams,BRM Taylor,AL Phehlukwayo,0,0,,,,,,,,,
1144148,2018/19,2018-10-06,Boland Park,1,18.3,Zimbabwe,South Africa,SC Williams,BRM Taylor,AL Phehlukwayo,0,1,1,,,,,,,,
1144148,2018/19,2018-10-06,Boland Park,1,18.4,Zimbabwe,South Africa,SC Williams,BRM Taylor,AL Phehlukwayo,1,0,,,,,,,,,
1144148,2018/19,2018-10-06,Boland Park,1,18.5,Zimbabwe,South Africa,BRM Taylor,SC Williams,AL Phehlukwayo,1,0,,,,,,,,,
1144148,2018/19,2018-10-06,Boland Park,1,18.6,Zimbabwe,South Africa,SC Williams,BRM Taylor,AL Phehlukwayo,4,0,,,,,,,,,
1144148,2018/19,2018-10-06,Boland Park,1,18.7,Zimbabwe,South Africa,SC Williams,BRM Taylor,AL Phehlukwayo,1,0,,,,,,,,,
1144148,2018/19,2018-10-06,Boland Park,1,19.1,Zimbabwe,South Africa,SC Williams,BRM Taylor,JP Duminy,0,0,,,,,,,,,
1144148,2018/19,2018-10-06,Boland Park,1,19.2,Zimbabwe,South Africa,SC Williams,BRM Taylor,JP Duminy,0,0,,,,,,,,,
1144148,2018/19,2018-10-06,Boland Park,1,19.3,Zimbabwe,South Africa,SC Williams,BRM Taylor,JP Duminy,0,0,,,,,,,,,
1144148,2018/19,2018-10-06,Boland Park,1,19.4,Zimbabwe,South Africa,SC Williams,BRM Taylor,JP Duminy,0,0,,,,,,,,,
1144148,2018/19,2018-10-06,Boland Park,1,19.5,Zimbabwe,South Africa,SC Williams,BRM Taylor,JP Duminy,0,0,,,,,,,,,
1144148,2018/19,2018-10-06,Boland Park,1,19.6,Zimbabwe,South Africa,SC Williams,BRM Taylor,JP Duminy,0,0,,,,,,,,,
1144148,2018/19,2018-10-06,Boland Park,1,20.1,Zimbabwe,South Africa,BRM Taylor,SC Williams,AL Phehlukwayo,1,0,,,,,,,,,
1144148,2018/19,2018-10-06,Boland Park,1,20.2,Zimbabwe,South Africa,SC Williams,BRM Taylor,AL Phehlukwayo,0,0,,,,,,,,,
1144148,2018/19,2018-10-06,Boland Park,1,20.3,Zimbabwe,South Africa,SC Williams,BRM Taylor,AL Phehlukwayo,1,0,,,,,,,,,
1144148,2018/19,2018-10-06,Boland Park,1,20.4,Zimbabwe,South Africa,BRM Taylor,SC Williams,AL Phehlukwayo,0,1,1,,,,,,,,
1144148,2018/19,2018-10-06,Boland Park,1,20.5,Zimbabwe,South Africa,BRM Taylor,SC Williams,AL Phehlukwayo,1,0,,,,,,,,,
1144148,2018/19,2018-10-06,Boland Park,1,20.6,Zimbabwe,South Africa,SC Williams,BRM Taylor,AL Phehlukwayo,0,0,,,,,,,,,
1144148,2018/19,2018-10-06,Boland Park,1,20.7,Zimbabwe,South Africa,SC Williams,BRM Taylor,AL Phehlukwayo,0,0,,,,,,,,,
1144148,2018/19,2018-10-06,Boland Park,1,21.1,Zimbabwe,South Africa,BRM Taylor,SC Williams,JP Duminy,1,0,,,,,,,,,
1144148,2018/19,2018-10-06,Boland Park,1,21.2,Zimbabwe,South Africa,SC Williams,BRM Taylor,JP Duminy,0,0,,,,,,,,,
1144148,2018/19,2018-10-06,Boland Park,1,21.3,Zimbabwe,South Africa,SC Williams,BRM Taylor,JP Duminy,1,0,,,,,,,,,
1144148,2018/19,2018-10-06,Boland Park,1,21.4,Zimbabwe,South Africa,BRM Taylor,SC Williams,JP Duminy,1,0,,,,,,,,,
1144148,2018/19,2018-10-06,Boland Park,1,21.5,Zimbabwe,South Africa,SC Williams,BRM Taylor,JP Duminy,0,0,,,,,,,,,
1144148,2018/19,2018-10-06,Boland Park,1,21.6,Zimbabwe,South Africa,SC Williams,BRM Taylor,JP Duminy,0,0,,,,,,,,,
1144148,2018/19,2018-10-06,Boland Park,1,22.1,Zimbabwe,South Africa,BRM Taylor,SC Williams,Imran Tahir,0,0,,,,,,,,,
1144148,2018/19,2018-10-06,Boland Park,1,22.2,Zimbabwe,South Africa,BRM Taylor,SC Williams,Imran Tahir,0,0,,,,,,,,,
1144148,2018/19,2018-10-06,Boland Park,1,22.3,Zimbabwe,South Africa,BRM Taylor,SC Williams,Imran Tahir,1,0,,,,,,,,,
1144148,2018/19,2018-10-06,Boland Park,1,22.4,Zimbabwe,South Africa,SC Williams,BRM Taylor,Imran Tahir,0,0,,,,,,,,,
1144148,2018/19,2018-10-06,Boland Park,1,22.5,Zimbabwe,South Africa,SC Williams,BRM Taylor,Imran Tahir,1,0,,,,,,,,,
1144148,2018/19,2018-10-06,Boland Park,1,22.6,Zimbabwe,South Africa,BRM Taylor,SC Williams,Imran Tahir,0,0,,,,,,,,,
1144148,2018/19,2018-10-06,Boland Park,1,23.1,Zimbabwe,South Africa,SC Williams,BRM Taylor,JP Duminy,0,0,,,,,,,,,
1144148,2018/19,2018-10-06,Boland Park,1,23.2,Zimbabwe,South Africa,SC Williams,BRM Taylor,JP Duminy,4,0,,,,,,,,,
1144148,2018/19,2018-10-06,Boland Park,1,23.3,Zimbabwe,South Africa,SC Williams,BRM Taylor,JP Duminy,0,0,,,,,,,,,
1144148,2018/19,2018-10-06,Boland Park,1,23.4,Zimbabwe,South Africa,SC Williams,BRM Taylor,JP Duminy,1,0,,,,,,,,,
1144148,2018/19,2018-10-06,Boland Park,1,23.5,Zimbabwe,South Africa,BRM Taylor,SC Williams,JP Duminy,4,0,,,,,,,,,
1144148,2018/19,2018-10-06,Boland Park,1,23.6,Zimbabwe,South Africa,BRM Taylor,SC Williams,JP Duminy,0,0,,,,,,,,,
1144148,2018/19,2018-10-06,Boland Park,1,24.1,Zimbabwe,South Africa,SC Williams,BRM Taylor,Imran Tahir,1,0,,,,,,,,,
1144148,2018/19,2018-10-06,Boland Park,1,24.2,Zimbabwe,South Africa,BRM Taylor,SC Williams,Imran Tahir,4,0,,,,,,,,,
1144148,2018/19,2018-10-06,Boland Park,1,24.3,Zimbabwe,South Africa,BRM Taylor,SC Williams,Imran Tahir,1,0,,,,,,,,,
1144148,2018/19,2018-10-06,Boland Park,1,24.4,Zimbabwe,South Africa,SC Williams,BRM Taylor,Imran Tahir,1,0,,,,,,,,,
1144148,2018/19,2018-10-06,Boland Park,1,24.5,Zimbabwe,South Africa,BRM Taylor,SC Williams,Imran Tahir,2,0,,,,,,,,,
1144148,2018/19,2018-10-06,Boland Park,1,24.6,Zimbabwe,South Africa,BRM Taylor,SC Williams,Imran Tahir,4,0,,,,,,,,,
1144148,2018/19,2018-10-06,Boland Park,1,25.1,Zimbabwe,South Africa,SC Williams,BRM Taylor,T Shamsi,0,0,,,,,,,,,
1144148,2018/19,2018-10-06,Boland Park,1,25.2,Zimbabwe,South Africa,SC Williams,BRM Taylor,T Shamsi,1,0,,,,,,,,,
1144148,2018/19,2018-10-06,Boland Park,1,25.3,Zimbabwe,South Africa,BRM Taylor,SC Williams,T Shamsi,1,0,,,,,,,,,
1144148,2018/19,2018-10-06,Boland Park,1,25.4,Zimbabwe,South Africa,SC Williams,BRM Taylor,T Shamsi,0,0,,,,,,,,,
1144148,2018/19,2018-10-06,Boland Park,1,25.5,Zimbabwe,South Africa,SC Williams,BRM Taylor,T Shamsi,1,0,,,,,,,,,
1144148,2018/19,2018-10-06,Boland Park,1,25.6,Zimbabwe,South Africa,BRM Taylor,SC Williams,T Shamsi,0,0,,,,,,,,,
1144148,2018/19,2018-10-06,Boland Park,1,26.1,Zimbabwe,South Africa,SC Williams,BRM Taylor,Imran Tahir,1,0,,,,,,,,,
1144148,2018/19,2018-10-06,Boland Park,1,26.2,Zimbabwe,South Africa,BRM Taylor,SC Williams,Imran Tahir,0,0,,,,,,stumped,BRM Taylor,,
1144148,2018/19,2018-10-06,Boland Park,1,26.3,Zimbabwe,South Africa,PJ Moor,SC Williams,Imran Tahir,0,0,,,,,,,,,
1144148,2018/19,2018-10-06,Boland Park,1,26.4,Zimbabwe,South Africa,PJ Moor,SC Williams,Imran Tahir,1,0,,,,,,,,,
1144148,2018/19,2018-10-06,Boland Park,1,26.5,Zimbabwe,South Africa,SC Williams,PJ Moor,Imran Tahir,1,0,,,,,,,,,
1144148,2018/19,2018-10-06,Boland Park,1,26.6,Zimbabwe,South Africa,PJ Moor,SC Williams,Imran Tahir,0,0,,,,,,,,,
1144148,2018/19,2018-10-06,Boland Park,1,27.1,Zimbabwe,South Africa,SC Williams,PJ Moor,T Shamsi,0,0,,,,,,,,,
1144148,2018/19,2018-10-06,Boland Park,1,27.2,Zimbabwe,South Africa,SC Williams,PJ Moor,T Shamsi,2,0,,,,,,,,,
1144148,2018/19,2018-10-06,Boland Park,1,27.3,Zimbabwe,South Africa,SC Williams,PJ Moor,T Shamsi,0,0,,,,,,,,,
1144148,2018/19,2018-10-06,Boland Park,1,27.4,Zimbabwe,South Africa,SC Williams,PJ Moor,T Shamsi,4,0,,,,,,,,,
1144148,2018/19,2018-10-06,Boland Park,1,27.5,Zimbabwe,South Africa,SC Williams,PJ Moor,T Shamsi,4,0,,,,,,,,,
1144148,2018/19,2018-10-06,Boland Park,1,27.6,Zimbabwe,South Africa,SC Williams,PJ Moor,T Shamsi,1,0,,,,,,,,,
1144148,2018/19,2018-10-06,Boland Park,1,28.1,Zimbabwe,South Africa,SC Williams,PJ Moor,DW Steyn,0,0,,,,,,,,,
1144148,2018/19,2018-10-06,Boland Park,1,28.2,Zimbabwe,South Africa,SC Williams,PJ Moor,DW Steyn,1,0,,,,,,,,,
1144148,2018/19,2018-10-06,Boland Park,1,28.3,Zimbabwe,South Africa,PJ Moor,SC Williams,DW Steyn,1,0,,,,,,,,,
1144148,2018/19,2018-10-06,Boland Park,1,28.4,Zimbabwe,South Africa,SC Williams,PJ Moor,DW Steyn,0,0,,,,,,,,,
1144148,2018/19,2018-10-06,Boland Park,1,28.5,Zimbabwe,South Africa,SC Williams,PJ Moor,DW Steyn,0,0,,,,,,,,,
1144148,2018/19,2018-10-06,Boland Park,1,28.6,Zimbabwe,South Africa,SC Williams,PJ Moor,DW Steyn,0,0,,,,,,,,,
1144148,2018/19,2018-10-06,Boland Park,1,29.1,Zimbabwe,South Africa,PJ Moor,SC Williams,T Shamsi,0,0,,,,,,,,,
1144148,2018/19,2018-10-06,Boland Park,1,29.2,Zimbabwe,South Africa,PJ Moor,SC Williams,T Shamsi,0,0,,,,,,,,,
1144148,2018/19,2018-10-06,Boland Park,1,29.3,Zimbabwe,South Africa,PJ Moor,SC Williams,T Shamsi,1,0,,,,,,,,,
1144148,2018/19,2018-10-06,Boland Park,1,29.4,Zimbabwe,South Africa,SC Williams,PJ Moor,T Shamsi,4,0,,,,,,,,,
1144148,2018/19,2018-10-06,Boland Park,1,29.5,Zimbabwe,South Africa,SC Williams,PJ Moor,T Shamsi,1,0,,,,,,,,,
1144148,2018/19,2018-10-06,Boland Park,1,29.6,Zimbabwe,South Africa,PJ Moor,SC Williams,T Shamsi,1,0,,,,,,,,,
1144148,2018/19,2018-10-06,Boland Park,1,30.1,Zimbabwe,South Africa,PJ Moor,SC Williams,DW Steyn,0,0,,,,,,,,,
1144148,2018/19,2018-10-06,Boland Park,1,30.2,Zimbabwe,South Africa,PJ Moor,SC Williams,DW Steyn,0,0,,,,,,,,,
1144148,2018/19,2018-10-06,Boland Park,1,30.3,Zimbabwe,South Africa,PJ Moor,SC Williams,DW Steyn,0,0,,,,,,,,,
1144148,2018/19,2018-10-06,Boland Park,1,30.4,Zimbabwe,South Africa,PJ Moor,SC Williams,DW Steyn,0,0,,,,,,,,,
1144148,2018/19,2018-10-06,Boland Park,1,30.5,Zimbabwe,South Africa,PJ Moor,SC Williams,DW Steyn,0,0,,,,,,,,,
1144148,2018/19,2018-10-06,Boland Park,1,30.6,Zimbabwe,South Africa,PJ Moor,SC Williams,DW Steyn,0,0,,,,,,,,,
1144148,2018/19,2018-10-06,Boland Park,1,31.1,Zimbabwe,South Africa,SC Williams,PJ Moor,T Shamsi,4,0,,,,,,,,,
1144148,2018/19,2018-10-06,Boland Park,1,31.2,Zimbabwe,South Africa,SC Williams,PJ Moor,T Shamsi,0,0,,,,,,,,,
1144148,2018/19,2018-10-06,Boland Park,1,31.3,Zimbabwe,South Africa,SC Williams,PJ Moor,T Shamsi,0,0,,,,,,,,,
1144148,2018/19,2018-10-06,Boland Park,1,31.4,Zimbabwe,South Africa,SC Williams,PJ Moor,T Shamsi,1,0,,,,,,,,,
1144148,2018/19,2018-10-06,Boland Park,1,31.5,Zimbabwe,South Africa,PJ Moor,SC Williams,T Shamsi,0,0,,,,,,,,,
1144148,2018/19,2018-10-06,Boland Park,1,31.6,Zimbabwe,South Africa,PJ Moor,SC Williams,T Shamsi,6,0,,,,,,,,,
1144148,2018/19,2018-10-06,Boland Park,1,32.1,Zimbabwe,South Africa,SC Williams,PJ Moor,DW Steyn,1,0,,,,,,,,,
1144148,2018/19,2018-10-06,Boland Park,1,32.2,Zimbabwe,South Africa,PJ Moor,SC Williams,DW Steyn,0,0,,,,,,,,,
1144148,2018/19,2018-10-06,Boland Park,1,32.3,Zimbabwe,South Africa,PJ Moor,SC Williams,DW Steyn,0,0,,,,,,caught,PJ Moor,,
1144148,2018/19,2018-10-06,Boland Park,1,32.4,Zimbabwe,South Africa,E Chigumbura,SC Williams,DW Steyn,0,0,,,,,,,,,
1144148,2018/19,2018-10-06,Boland Park,1,32.5,Zimbabwe,South Africa,E Chigumbura,SC Williams,DW Steyn,0,0,,,,,,,,,
1144148,2018/19,2018-10-06,Boland Park,1,32.6,Zimbabwe,South Africa,E Chigumbura,SC Williams,DW Steyn,0,0,,,,,,,,,
1144148,2018/19,2018-10-06,Boland Park,1,33.1,Zimbabwe,South Africa,SC Williams,E Chigumbura,T Shamsi,0,0,,,,,,,,,
1144148,2018/19,2018-10-06,Boland Park,1,33.2,Zimbabwe,South Africa,SC Williams,E Chigumbura,T Shamsi,4,0,,,,,,,,,
1144148,2018/19,2018-10-06,Boland Park,1,33.3,Zimbabwe,South Africa,SC Williams,E Chigumbura,T Shamsi,1,0,,,,,,,,,
1144148,2018/19,2018-10-06,Boland Park,1,33.4,Zimbabwe,South Africa,E Chigumbura,SC Williams,T Shamsi,0,0,,,,,,,,,
1144148,2018/19,2018-10-06,Boland Park,1,33.5,Zimbabwe,South Africa,E Chigumbura,SC Williams,T Shamsi,0,0,,,,,,,,,
1144148,2018/19,2018-10-06,Boland Park,1,33.6,Zimbabwe,South Africa,E Chigumbura,SC Williams,T Shamsi,0,1,1,,,,,,,,
1144148,2018/19,2018-10-06,Boland Park,1,33.7,Zimbabwe,South Africa,E Chigumbura,SC Williams,T Shamsi,1,0,,,,,,,,,
1144148,2018/19,2018-10-06,Boland Park,1,34.1,Zimbabwe,South Africa,E Chigumbura,SC Williams,K Rabada,0,0,,,,,,,,,
1144148,2018/19,2018-10-06,Boland Park,1,34.2,Zimbabwe,South Africa,E Chigumbura,SC Williams,K Rabada,1,0,,,,,,,,,
1144148,2018/19,2018-10-06,Boland Park,1,34.3,Zimbabwe,South Africa,SC Williams,E Chigumbura,K Rabada,0,0,,,,,,,,,
1144148,2018/19,2018-10-06,Boland Park,1,34.4,Zimbabwe,South Africa,SC Williams,E Chigumbura,K Rabada,0,0,,,,,,,,,
1144148,2018/19,2018-10-06,Boland Park,1,34.5,Zimbabwe,South Africa,SC Williams,E Chigumbura,K Rabada,0,0,,,,,,caught and bowled,SC Williams,,
1144148,2018/19,2018-10-06,Boland Park,1,34.6,Zimbabwe,South Africa,DT Tiripano,E Chigumbura,K Rabada,0,0,,,,,,,,,
1144148,2018/19,2018-10-06,Boland Park,1,35.1,Zimbabwe,South Africa,E Chigumbura,DT Tiripano,Imran Tahir,0,1,1,,,,,,,,
1144148,2018/19,2018-10-06,Boland Park,1,35.2,Zimbabwe,South Africa,E Chigumbura,DT Tiripano,Imran Tahir,0,0,,,,,,,,,
1144148,2018/19,2018-10-06,Boland Park,1,35.3,Zimbabwe,South Africa,E Chigumbura,DT Tiripano,Imran Tahir,0,0,,,,,,,,,
1144148,2018/19,2018-10-06,Boland Park,1,35.4,Zimbabwe,South Africa,E Chigumbura,DT Tiripano,Imran Tahir,0,0,,,,,,,,,
1144148,2018/19,2018-10-06,Boland Park,1,35.5,Zimbabwe,South Africa,E Chigumbura,DT Tiripano,Imran Tahir,0,0,,,,,,,,,
1144148,2018/19,2018-10-06,Boland Park,1,35.6,Zimbabwe,South Africa,E Chigumbura,DT Tiripano,Imran Tahir,0,0,,,,,,,,,
1144148,2018/19,2018-10-06,Boland Park,1,35.7,Zimbabwe,South Africa,E Chigumbura,DT Tiripano,Imran Tahir,1,0,,,,,,,,,
1144148,2018/19,2018-10-06,Boland Park,1,36.1,Zimbabwe,South Africa,E Chigumbura,DT Tiripano,K Rabada,0,1,1,,,,,,,,
1144148,2018/19,2018-10-06,Boland Park,1,36.2,Zimbabwe,South Africa,E Chigumbura,DT Tiripano,K Rabada,0,1,1,,,,,,,,
1144148,2018/19,2018-10-06,Boland Park,1,36.3,Zimbabwe,South Africa,E Chigumbura,DT Tiripano,K Rabada,0,0,,,,,,,,,
1144148,2018/19,2018-10-06,Boland Park,1,36.4,Zimbabwe,South Africa,E Chigumbura,DT Tiripano,K Rabada,0,0,,,,,,,,,
1144148,2018/19,2018-10-06,Boland Park,1,36.5,Zimbabwe,South Africa,E Chigumbura,DT Tiripano,K Rabada,4,0,,,,,,,,,
1144148,2018/19,2018-10-06,Boland Park,1,36.6,Zimbabwe,South Africa,E Chigumbura,DT Tiripano,K Rabada,0,1,1,,,,,,,,
1144148,2018/19,2018-10-06,Boland Park,1,36.7,Zimbabwe,South Africa,E Chigumbura,DT Tiripano,K Rabada,1,0,,,,,,,,,
1144148,2018/19,2018-10-06,Boland Park,1,36.8,Zimbabwe,South Africa,DT Tiripano,E Chigumbura,K Rabada,0,0,,,,,,,,,
1144148,2018/19,2018-10-06,Boland Park,1,36.9,Zimbabwe,South Africa,DT Tiripano,E Chigumbura,K Rabada,0,0,,,,,,,,,
1144148,2018/19,2018-10-06,Boland Park,1,37.1,Zimbabwe,South Africa,E Chigumbura,DT Tiripano,Imran Tahir,1,0,,,,,,,,,
1144148,2018/19,2018-10-06,Boland Park,1,37.2,Zimbabwe,South Africa,DT Tiripano,E Chigumbura,Imran Tahir,0,0,,,,,,,,,
1144148,2018/19,2018-10-06,Boland Park,1,37.3,Zimbabwe,South Africa,DT Tiripano,E Chigumbura,Imran Tahir,0,0,,,,,,,,,
1144148,2018/19,2018-10-06,Boland Park,1,37.4,Zimbabwe,South Africa,DT Tiripano,E Chigumbura,Imran Tahir,0,0,,,,,,,,,
1144148,2018/19,2018-10-06,Boland Park,1,37.5,Zimbabwe,South Africa,DT Tiripano,E Chigumbura,Imran Tahir,4,0,,,,,,,,,
1144148,2018/19,2018-10-06,Boland Park,1,37.6,Zimbabwe,South Africa,DT Tiripano,E Chigumbura,Imran Tahir,0,0,,,,,,,,,
1144148,2018/19,2018-10-06,Boland Park,1,38.1,Zimbabwe,South Africa,E Chigumbura,DT Tiripano,K Rabada,0,0,,,,,,,,,
1144148,2018/19,2018-10-06,Boland Park,1,38.2,Zimbabwe,South Africa,E Chigumbura,DT Tiripano,K Rabada,0,0,,,,,,,,,
1144148,2018/19,2018-10-06,Boland Park,1,38.3,Zimbabwe,South Africa,E Chigumbura,DT Tiripano,K Rabada,0,0,,,,,,,,,
1144148,2018/19,2018-10-06,Boland Park,1,38.4,Zimbabwe,South Africa,E Chigumbura,DT Tiripano,K Rabada,0,0,,,,,,,,,
1144148,2018/19,2018-10-06,Boland Park,1,38.5,Zimbabwe,South Africa,E Chigumbura,DT Tiripano,K Rabada,0,0,,,,,,,,,
1144148,2018/19,2018-10-06,Boland Park,1,38.6,Zimbabwe,South Africa,E Chigumbura,DT Tiripano,K Rabada,0,0,,,,,,,,,
1144148,2018/19,2018-10-06,Boland Park,1,39.1,Zimbabwe,South Africa,DT Tiripano,E Chigumbura,Imran Tahir,0,0,,,,,,,,,
1144148,2018/19,2018-10-06,Boland Park,1,39.2,Zimbabwe,South Africa,DT Tiripano,E Chigumbura,Imran Tahir,4,0,,,,,,,,,
1144148,2018/19,2018-10-06,Boland Park,1,39.3,Zimbabwe,South Africa,DT Tiripano,E Chigumbura,Imran Tahir,0,0,,,,,,,,,
1144148,2018/19,2018-10-06,Boland Park,1,39.4,Zimbabwe,South Africa,DT Tiripano,E Chigumbura,Imran Tahir,4,0,,,,,,,,,
1144148,2018/19,2018-10-06,Boland Park,1,39.5,Zimbabwe,South Africa,DT Tiripano,E Chigumbura,Imran Tahir,0,0,,,,,,,,,
1144148,2018/19,2018-10-06,Boland Park,1,39.6,Zimbabwe,South Africa,DT Tiripano,E Chigumbura,Imran Tahir,0,0,,,,,,,,,
1144148,2018/19,2018-10-06,Boland Park,1,40.1,Zimbabwe,South Africa,E Chigumbura,DT Tiripano,AL Phehlukwayo,0,0,,,,,,caught,E Chigumbura,,
1144148,2018/19,2018-10-06,Boland Park,1,40.2,Zimbabwe,South Africa,B Mavuta,DT Tiripano,AL Phehlukwayo,0,0,,,,,,,,,
1144148,2018/19,2018-10-06,Boland Park,1,40.3,Zimbabwe,South Africa,B Mavuta,DT Tiripano,AL Phehlukwayo,0,0,,,,,,,,,
1144148,2018/19,2018-10-06,Boland Park,1,40.4,Zimbabwe,South Africa,B Mavuta,DT Tiripano,AL Phehlukwayo,0,0,,,,,,,,,
1144148,2018/19,2018-10-06,Boland Park,1,40.5,Zimbabwe,South Africa,B Mavuta,DT Tiripano,AL Phehlukwayo,0,0,,,,,,,,,
1144148,2018/19,2018-10-06,Boland Park,1,40.6,Zimbabwe,South Africa,B Mavuta,DT Tiripano,AL Phehlukwayo,1,0,,,,,,,,,
1144148,2018/19,2018-10-06,Boland Park,1,41.1,Zimbabwe,South Africa,B Mavuta,DT Tiripano,T Shamsi,2,0,,,,,,,,,
1144148,2018/19,2018-10-06,Boland Park,1,41.2,Zimbabwe,South Africa,B Mavuta,DT Tiripano,T Shamsi,4,0,,,,,,,,,
1144148,2018/19,2018-10-06,Boland Park,1,41.3,Zimbabwe,South Africa,B Mavuta,DT Tiripano,T Shamsi,1,0,,,,,,,,,
1144148,2018/19,2018-10-06,Boland Park,1,41.4,Zimbabwe,South Africa,DT Tiripano,B Mavuta,T Shamsi,0,0,,,,,,,,,
1144148,2018/19,2018-10-06,Boland Park,1,41.5,Zimbabwe,South Africa,DT Tiripano,B Mavuta,T Shamsi,4,0,,,,,,,,,
1144148,2018/19,2018-10-06,Boland Park,1,41.6,Zimbabwe,South Africa,DT Tiripano,B Mavuta,T Shamsi,0,0,,,,,,,,,
1144148,2018/19,2018-10-06,Boland Park,1,42.1,Zimbabwe,South Africa,B Mavuta,DT Tiripano,AL Phehlukwayo,0,0,,,,,,,,,
1144148,2018/19,2018-10-06,Boland Park,1,42.2,Zimbabwe,South Africa,B Mavuta,DT Tiripano,AL Phehlukwayo,1,0,,,,,,,,,
1144148,2018/19,2018-10-06,Boland Park,1,42.3,Zimbabwe,South Africa,DT Tiripano,B Mavuta,AL Phehlukwayo,0,0,,,,,,,,,
1144148,2018/19,2018-10-06,Boland Park,1,42.4,Zimbabwe,South Africa,DT Tiripano,B Mavuta,AL Phehlukwayo,0,0,,,,,,,,,
1144148,2018/19,2018-10-06,Boland Park,1,42.5,Zimbabwe,South Africa,DT Tiripano,B Mavuta,AL Phehlukwayo,1,0,,,,,,,,,
1144148,2018/19,2018-10-06,Boland Park,1,42.6,Zimbabwe,South Africa,B Mavuta,DT Tiripano,AL Phehlukwayo,4,0,,,,,,,,,
1144148,2018/19,2018-10-06,Boland Park,1,43.1,Zimbabwe,South Africa,DT Tiripano,B Mavuta,T Shamsi,0,0,,,,,,,,,
1144148,2018/19,2018-10-06,Boland Park,1,43.2,Zimbabwe,South Africa,DT Tiripano,B Mavuta,T Shamsi,0,3,,,3,,,,,,
1144148,2018/19,2018-10-06,Boland Park,1,43.3,Zimbabwe,South Africa,B Mavuta,DT Tiripano,T Shamsi,2,0,,,,,,,,,
1144148,2018/19,2018-10-06,Boland Park,1,43.4,Zimbabwe,South Africa,B Mavuta,DT Tiripano,T Shamsi,0,0,,,,,,,,,
1144148,2018/19,2018-10-06,Boland Park,1,43.5,Zimbabwe,South Africa,B Mavuta,DT Tiripano,T Shamsi,1,0,,,,,,,,,
1144148,2018/19,2018-10-06,Boland Park,1,43.6,Zimbabwe,South Africa,DT Tiripano,B Mavuta,T Shamsi,1,0,,,,,,,,,
1144148,2018/19,2018-10-06,Boland Park,1,44.1,Zimbabwe,South Africa,DT Tiripano,B Mavuta,AL Phehlukwayo,0,0,,,,,,,,,
1144148,2018/19,2018-10-06,Boland Park,1,44.2,Zimbabwe,South Africa,DT Tiripano,B Mavuta,AL Phehlukwayo,1,0,,,,,,,,,
1144148,2018/19,2018-10-06,Boland Park,1,44.3,Zimbabwe,South Africa,B Mavuta,DT Tiripano,AL Phehlukwayo,2,0,,,,,,,,,
1144148,2018/19,2018-10-06,Boland Park,1,44.4,Zimbabwe,South Africa,B Mavuta,DT Tiripano,AL Phehlukwayo,0,0,,,,,,caught,B Mavuta,,
1144148,2018/19,2018-10-06,Boland Park,1,44.5,Zimbabwe,South Africa,KM Jarvis,DT Tiripano,AL Phehlukwayo,0,0,,,,,,,,,
1144148,2018/19,2018-10-06,Boland Park,1,44.6,Zimbabwe,South Africa,KM Jarvis,DT Tiripano,AL Phehlukwayo,0,0,,,,,,,,,
1144148,2018/19,2018-10-06,Boland Park,1,45.1,Zimbabwe,South Africa,DT Tiripano,KM Jarvis,DW Steyn,1,0,,,,,,,,,
1144148,2018/19,2018-10-06,Boland Park,1,45.2,Zimbabwe,South Africa,KM Jarvis,DT Tiripano,DW Steyn,0,0,,,,,,,,,
1144148,2018/19,2018-10-06,Boland Park,1,45.3,Zimbabwe,South Africa,KM Jarvis,DT Tiripano,DW Steyn,0,0,,,,,,,,,
1144148,2018/19,2018-10-06,Boland Park,1,45.4,Zimbabwe,South Africa,KM Jarvis,DT Tiripano,DW Steyn,0,0,,,,,,,,,
1144148,2018/19,2018-10-06,Boland Park,1,45.5,Zimbabwe,South Africa,KM Jarvis,DT Tiripano,DW Steyn,0,0,,,,,,,,,
1144148,2018/19,2018-10-06,Boland Park,1,45.6,Zimbabwe,South Africa,KM Jarvis,DT Tiripano,DW Steyn,0,0,,,,,,,,,
1144148,2018/19,2018-10-06,Boland Park,1,46.1,Zimbabwe,South Africa,DT Tiripano,KM Jarvis,K Rabada,0,0,,,,,,,,,
1144148,2018/19,2018-10-06,Boland Park,1,46.2,Zimbabwe,South Africa,DT Tiripano,KM Jarvis,K Rabada,2,0,,,,,,,,,
1144148,2018/19,2018-10-06,Boland Park,1,46.3,Zimbabwe,South Africa,DT Tiripano,KM Jarvis,K Rabada,1,0,,,,,,,,,
1144148,2018/19,2018-10-06,Boland Park,1,46.4,Zimbabwe,South Africa,KM Jarvis,DT Tiripano,K Rabada,0,0,,,,,,,,,
1144148,2018/19,2018-10-06,Boland Park,1,46.5,Zimbabwe,South Africa,KM Jarvis,DT Tiripano,K Rabada,4,0,,,,,,,,,
1144148,2018/19,2018-10-06,Boland Park,1,46.6,Zimbabwe,South Africa,KM Jarvis,DT Tiripano,K Rabada,0,0,,,,,,,,,
1144148,2018/19,2018-10-06,Boland Park,1,47.1,Zimbabwe,South Africa,DT Tiripano,KM Jarvis,DW Steyn,0,0,,,,,,,,,
1144148,2018/19,2018-10-06,Boland Park,1,47.2,Zimbabwe,South Africa,DT Tiripano,KM Jarvis,DW Steyn,1,0,,,,,,,,,
1144148,2018/19,2018-10-06,Boland Park,1,47.3,Zimbabwe,South Africa,KM Jarvis,DT Tiripano,DW Steyn,0,0,,,,,,,,,
1144148,2018/19,2018-10-06,Boland Park,1,47.4,Zimbabwe,South Africa,KM Jarvis,DT Tiripano,DW Steyn,0,0,,,,,,,,,
1144148,2018/19,2018-10-06,Boland Park,1,47.5,Zimbabwe,South Africa,KM Jarvis,DT Tiripano,DW Steyn,1,0,,,,,,,,,
1144148,2018/19,2018-10-06,Boland Park,1,47.6,Zimbabwe,South Africa,DT Tiripano,KM Jarvis,DW Steyn,0,0,,,,,,,,,
1144148,2018/19,2018-10-06,Boland Park,1,48.1,Zimbabwe,South Africa,KM Jarvis,DT Tiripano,K Rabada,2,0,,,,,,,,,
1144148,2018/19,2018-10-06,Boland Park,1,48.2,Zimbabwe,South Africa,KM Jarvis,DT Tiripano,K Rabada,1,0,,,,,,,,,
1144148,2018/19,2018-10-06,Boland Park,1,48.3,Zimbabwe,South Africa,DT Tiripano,KM Jarvis,K Rabada,0,0,,,,,,,,,
1144148,2018/19,2018-10-06,Boland Park,1,48.4,Zimbabwe,South Africa,DT Tiripano,KM Jarvis,K Rabada,1,0,,,,,,,,,
1144148,2018/19,2018-10-06,Boland Park,1,48.5,Zimbabwe,South Africa,KM Jarvis,DT Tiripano,K Rabada,0,0,,,,,,caught,KM Jarvis,,
1144148,2018/19,2018-10-06,Boland Park,1,48.6,Zimbabwe,South Africa,TL Chatara,DT Tiripano,K Rabada,0,0,,,,,,,,,
1144148,2018/19,2018-10-06,Boland Park,1,49.1,Zimbabwe,South Africa,DT Tiripano,TL Chatara,DW Steyn,4,0,,,,,,,,,
1144148,2018/19,2018-10-06,Boland Park,1,49.2,Zimbabwe,South Africa,DT Tiripano,TL Chatara,DW Steyn,0,0,,,,,,,,,
1144148,2018/19,2018-10-06,Boland Park,1,49.3,Zimbabwe,South Africa,DT Tiripano,TL Chatara,DW Steyn,0,0,,,,,,caught,DT Tiripano,,
1144148,2018/19,2018-10-06,Boland Park,2,0.1,South Africa,Zimbabwe,AK Markram,RR Hendricks,KM Jarvis,0,0,,,,,,,,,
1144148,2018/19,2018-10-06,Boland Park,2,0.2,South Africa,Zimbabwe,AK Markram,RR Hendricks,KM Jarvis,0,0,,,,,,,,,
1144148,2018/19,2018-10-06,Boland Park,2,0.3,South Africa,Zimbabwe,AK Markram,RR Hendricks,KM Jarvis,1,0,,,,,,,,,
1144148,2018/19,2018-10-06,Boland Park,2,0.4,South Africa,Zimbabwe,RR Hendricks,AK Markram,KM Jarvis,0,0,,,,,,,,,
1144148,2018/19,2018-10-06,Boland Park,2,0.5,South Africa,Zimbabwe,RR Hendricks,AK Markram,KM Jarvis,0,1,1,,,,,,,,
1144148,2018/19,2018-10-06,Boland Park,2,0.6,South Africa,Zimbabwe,RR Hendricks,AK Markram,KM Jarvis,0,0,,,,,,,,,
1144148,2018/19,2018-10-06,Boland Park,2,0.7,South Africa,Zimbabwe,RR Hendricks,AK Markram,KM Jarvis,0,0,,,,,,,,,
1144148,2018/19,2018-10-06,Boland Park,2,1.1,South Africa,Zimbabwe,AK Markram,RR Hendricks,TL Chatara,0,0,,,,,,,,,
1144148,2018/19,2018-10-06,Boland Park,2,1.2,South Africa,Zimbabwe,AK Markram,RR Hendricks,TL Chatara,0,0,,,,,,,,,
1144148,2018/19,2018-10-06,Boland Park,2,1.3,South Africa,Zimbabwe,AK Markram,RR Hendricks,TL Chatara,4,0,,,,,,,,,
1144148,2018/19,2018-10-06,Boland Park,2,1.4,South Africa,Zimbabwe,AK Markram,RR Hendricks,TL Chatara,0,0,,,,,,,,,
1144148,2018/19,2018-10-06,Boland Park,2,1.5,South Africa,Zimbabwe,AK Markram,RR Hendricks,TL Chatara,4,0,,,,,,,,,
1144148,2018/19,2018-10-06,Boland Park,2,1.6,South Africa,Zimbabwe,AK Markram,RR Hendricks,TL Chatara,4,0,,,,,,,,,
1144148,2018/19,2018-10-06,Boland Park,2,2.1,South Africa,Zimbabwe,RR Hendricks,AK Markram,KM Jarvis,0,0,,,,,,,,,
1144148,2018/19,2018-10-06,Boland Park,2,2.2,South Africa,Zimbabwe,RR Hendricks,AK Markram,KM Jarvis,4,0,,,,,,,,,
1144148,2018/19,2018-10-06,Boland Park,2,2.3,South Africa,Zimbabwe,RR Hendricks,AK Markram,KM Jarvis,0,0,,,,,,,,,
1144148,2018/19,2018-10-06,Boland Park,2,2.4,South Africa,Zimbabwe,RR Hendricks,AK Markram,KM Jarvis,0,0,,,,,,,,,
1144148,2018/19,2018-10-06,Boland Park,2,2.5,South Africa,Zimbabwe,RR Hendricks,AK Markram,KM Jarvis,0,0,,,,,,,,,
1144148,2018/19,2018-10-06,Boland Park,2,2.6,South Africa,Zimbabwe,RR Hendricks,AK Markram,KM Jarvis,0,0,,,,,,,,,
1144148,2018/19,2018-10-06,Boland Park,2,3.1,South Africa,Zimbabwe,AK Markram,RR Hendricks,TL Chatara,4,0,,,,,,,,,
1144148,2018/19,2018-10-06,Boland Park,2,3.2,South Africa,Zimbabwe,AK Markram,RR Hendricks,TL Chatara,0,0,,,,,,,,,
1144148,2018/19,2018-10-06,Boland Park,2,3.3,South Africa,Zimbabwe,AK Markram,RR Hendricks,TL Chatara,0,0,,,,,,,,,
1144148,2018/19,2018-10-06,Boland Park,2,3.4,South Africa,Zimbabwe,AK Markram,RR Hendricks,TL Chatara,4,0,,,,,,,,,
1144148,2018/19,2018-10-06,Boland Park,2,3.5,South Africa,Zimbabwe,AK Markram,RR Hendricks,TL Chatara,0,0,,,,,,,,,
1144148,2018/19,2018-10-06,Boland Park,2,3.6,South Africa,Zimbabwe,AK Markram,RR Hendricks,TL Chatara,1,0,,,,,,,,,
1144148,2018/19,2018-10-06,Boland Park,2,4.1,South Africa,Zimbabwe,AK Markram,RR Hendricks,KM Jarvis,0,0,,,,,,,,,
1144148,2018/19,2018-10-06,Boland Park,2,4.2,South Africa,Zimbabwe,AK Markram,RR Hendricks,KM Jarvis,0,0,,,,,,,,,
1144148,2018/19,2018-10-06,Boland Park,2,4.3,South Africa,Zimbabwe,AK Markram,RR Hendricks,KM Jarvis,2,0,,,,,,,,,
1144148,2018/19,2018-10-06,Boland Park,2,4.4,South Africa,Zimbabwe,AK Markram,RR Hendricks,KM Jarvis,0,0,,,,,,,,,
1144148,2018/19,2018-10-06,Boland Park,2,4.5,South Africa,Zimbabwe,AK Markram,RR Hendricks,KM Jarvis,1,0,,,,,,,,,
1144148,2018/19,2018-10-06,Boland Park,2,4.6,South Africa,Zimbabwe,RR Hendricks,AK Markram,KM Jarvis,2,0,,,,,,,,,
1144148,2018/19,2018-10-06,Boland Park,2,5.1,South Africa,Zimbabwe,AK Markram,RR Hendricks,DT Tiripano,1,0,,,,,,,,,
1144148,2018/19,2018-10-06,Boland Park,2,5.2,South Africa,Zimbabwe,RR Hendricks,AK Markram,DT Tiripano,4,0,,,,,,,,,
1144148,2018/19,2018-10-06,Boland Park,2,5.3,South Africa,Zimbabwe,RR Hendricks,AK Markram,DT Tiripano,0,0,,,,,,,,,
1144148,2018/19,2018-10-06,Boland Park,2,5.4,South Africa,Zimbabwe,RR Hendricks,AK Markram,DT Tiripano,1,0,,,,,,,,,
1144148,2018/19,2018-10-06,Boland Park,2,5.5,South Africa,Zimbabwe,AK Markram,RR Hendricks,DT Tiripano,0,0,,,,,,,,,
1144148,2018/19,2018-10-06,Boland Park,2,5.6,South Africa,Zimbabwe,AK Markram,RR Hendricks,DT Tiripano,0,0,,,,,,,,,
1144148,2018/19,2018-10-06,Boland Park,2,6.1,South Africa,Zimbabwe,RR Hendricks,AK Markram,KM Jarvis,0,0,,,,,,,,,
1144148,2018/19,2018-10-06,Boland Park,2,6.2,South Africa,Zimbabwe,RR Hendricks,AK Markram,KM Jarvis,0,0,,,,,,,,,
1144148,2018/19,2018-10-06,Boland Park,2,6.3,South Africa,Zimbabwe,RR Hendricks,AK Markram,KM Jarvis,2,0,,,,,,,,,
1144148,2018/19,2018-10-06,Boland Park,2,6.4,South Africa,Zimbabwe,RR Hendricks,AK Markram,KM Jarvis,0,0,,,,,,,,,
1144148,2018/19,2018-10-06,Boland Park,2,6.5,South Africa,Zimbabwe,RR Hendricks,AK Markram,KM Jarvis,2,0,,,,,,,,,
1144148,2018/19,2018-10-06,Boland Park,2,6.6,South Africa,Zimbabwe,RR Hendricks,AK Markram,KM Jarvis,0,0,,,,,,,,,
1144148,2018/19,2018-10-06,Boland Park,2,7.1,South Africa,Zimbabwe,AK Markram,RR Hendricks,B Mavuta,1,0,,,,,,,,,
1144148,2018/19,2018-10-06,Boland Park,2,7.2,South Africa,Zimbabwe,RR Hendricks,AK Markram,B Mavuta,0,1,1,,,,,,,,
1144148,2018/19,2018-10-06,Boland Park,2,7.3,South Africa,Zimbabwe,RR Hendricks,AK Markram,B Mavuta,0,0,,,,,,,,,
1144148,2018/19,2018-10-06,Boland Park,2,7.4,South Africa,Zimbabwe,RR Hendricks,AK Markram,B Mavuta,0,1,1,,,,,,,,
1144148,2018/19,2018-10-06,Boland Park,2,7.5,South Africa,Zimbabwe,RR Hendricks,AK Markram,B Mavuta,0,0,,,,,,,,,
1144148,2018/19,2018-10-06,Boland Park,2,7.6,South Africa,Zimbabwe,RR Hendricks,AK Markram,B Mavuta,0,0,,,,,,,,,
1144148,2018/19,2018-10-06,Boland Park,2,7.7,South Africa,Zimbabwe,RR Hendricks,AK Markram,B Mavuta,4,0,,,,,,,,,
1144148,2018/19,2018-10-06,Boland Park,2,7.8,South Africa,Zimbabwe,RR Hendricks,AK Markram,B Mavuta,0,0,,,,,,,,,
1144148,2018/19,2018-10-06,Boland Park,2,8.1,South Africa,Zimbabwe,AK Markram,RR Hendricks,SC Williams,2,0,,,,,,,,,
1144148,2018/19,2018-10-06,Boland Park,2,8.2,South Africa,Zimbabwe,AK Markram,RR Hendricks,SC Williams,0,0,,,,,,,,,
1144148,2018/19,2018-10-06,Boland Park,2,8.3,South Africa,Zimbabwe,AK Markram,RR Hendricks,SC Williams,0,0,,,,,,,,,
1144148,2018/19,2018-10-06,Boland Park,2,8.4,South Africa,Zimbabwe,AK Markram,RR Hendricks,SC Williams,4,0,,,,,,,,,
1144148,2018/19,2018-10-06,Boland Park,2,8.5,South Africa,Zimbabwe,AK Markram,RR Hendricks,SC Williams,1,0,,,,,,,,,
1144148,2018/19,2018-10-06,Boland Park,2,8.6,South Africa,Zimbabwe,RR Hendricks,AK Markram,SC Williams,1,0,,,,,,,,,
1144148,2018/19,2018-10-06,Boland Park,2,9.1,South Africa,Zimbabwe,RR Hendricks,AK Markram,B Mavuta,4,0,,,,,,,,,
1144148,2018/19,2018-10-06,Boland Park,2,9.2,South Africa,Zimbabwe,RR Hendricks,AK Markram,B Mavuta,0,0,,,,,,,,,
1144148,2018/19,2018-10-06,Boland Park,2,9.3,South Africa,Zimbabwe,RR Hendricks,AK Markram,B Mavuta,1,0,,,,,,,,,
1144148,2018/19,2018-10-06,Boland Park,2,9.4,South Africa,Zimbabwe,AK Markram,RR Hendricks,B Mavuta,1,0,,,,,,,,,
1144148,2018/19,2018-10-06,Boland Park,2,9.5,South Africa,Zimbabwe,RR Hendricks,AK Markram,B Mavuta,1,0,,,,,,,,,
1144148,2018/19,2018-10-06,Boland Park,2,9.6,South Africa,Zimbabwe,AK Markram,RR Hendricks,B Mavuta,0,0,,,,,,,,,
1144148,2018/19,2018-10-06,Boland Park,2,10.1,South Africa,Zimbabwe,RR Hendricks,AK Markram,SC Williams,1,0,,,,,,,,,
1144148,2018/19,2018-10-06,Boland Park,2,10.2,South Africa,Zimbabwe,AK Markram,RR Hendricks,SC Williams,1,0,,,,,,,,,
1144148,2018/19,2018-10-06,Boland Park,2,10.3,South Africa,Zimbabwe,RR Hendricks,AK Markram,SC Williams,1,0,,,,,,,,,
1144148,2018/19,2018-10-06,Boland Park,2,10.4,South Africa,Zimbabwe,AK Markram,RR Hendricks,SC Williams,0,0,,,,,,,,,
1144148,2018/19,2018-10-06,Boland Park,2,10.5,South Africa,Zimbabwe,AK Markram,RR Hendricks,SC Williams,4,0,,,,,,,,,
1144148,2018/19,2018-10-06,Boland Park,2,10.6,South Africa,Zimbabwe,AK Markram,RR Hendricks,SC Williams,0,0,,,,,,,,,
1144148,2018/19,2018-10-06,Boland Park,2,11.1,South Africa,Zimbabwe,RR Hendricks,AK Markram,B Mavuta,1,0,,,,,,,,,
1144148,2018/19,2018-10-06,Boland Park,2,11.2,South Africa,Zimbabwe,AK Markram,RR Hendricks,B Mavuta,0,0,,,,,,,,,
1144148,2018/19,2018-10-06,Boland Park,2,11.3,South Africa,Zimbabwe,AK Markram,RR Hendricks,B Mavuta,0,0,,,,,,,,,
1144148,2018/19,2018-10-06,Boland Park,2,11.4,South Africa,Zimbabwe,AK Markram,RR Hendricks,B Mavuta,1,0,,,,,,,,,
1144148,2018/19,2018-10-06,Boland Park,2,11.5,South Africa,Zimbabwe,RR Hendricks,AK Markram,B Mavuta,0,0,,,,,,,,,
1144148,2018/19,2018-10-06,Boland Park,2,11.6,South Africa,Zimbabwe,RR Hendricks,AK Markram,B Mavuta,0,0,,,,,,,,,
1144148,2018/19,2018-10-06,Boland Park,2,12.1,South Africa,Zimbabwe,AK Markram,RR Hendricks,SC Williams,1,0,,,,,,,,,
1144148,2018/19,2018-10-06,Boland Park,2,12.2,South Africa,Zimbabwe,RR Hendricks,AK Markram,SC Williams,1,0,,,,,,,,,
1144148,2018/19,2018-10-06,Boland Park,2,12.3,South Africa,Zimbabwe,AK Markram,RR Hendricks,SC Williams,0,0,,,,,,lbw,AK Markram,,
1144148,2018/19,2018-10-06,Boland Park,2,12.4,South Africa,Zimbabwe,F du Plessis,RR Hendricks,SC Williams,2,0,,,,,,,,,
1144148,2018/19,2018-10-06,Boland Park,2,12.5,South Africa,Zimbabwe,F du Plessis,RR Hendricks,SC Williams,1,0,,,,,,,,,
1144148,2018/19,2018-10-06,Boland Park,2,12.6,South Africa,Zimbabwe,RR Hendricks,F du Plessis,SC Williams,0,0,,,,,,,,,
1144148,2018/19,2018-10-06,Boland Park,2,13.1,South Africa,Zimbabwe,F du Plessis,RR Hendricks,B Mavuta,0,0,,,,,,,,,
1144148,2018/19,2018-10-06,Boland Park,2,13.2,South Africa,Zimbabwe,F du Plessis,RR Hendricks,B Mavuta,1,0,,,,,,,,,
1144148,2018/19,2018-10-06,Boland Park,2,13.3,South Africa,Zimbabwe,RR Hendricks,F du Plessis,B Mavuta,0,0,,,,,,,,,
1144148,2018/19,2018-10-06,Boland Park,2,13.4,South Africa,Zimbabwe,RR Hendricks,F du Plessis,B Mavuta,1,0,,,,,,,,,
1144148,2018/19,2018-10-06,Boland Park,2,13.5,South Africa,Zimbabwe,F du Plessis,RR Hendricks,B Mavuta,1,0,,,,,,,,,
1144148,2018/19,2018-10-06,Boland Park,2,13.6,South Africa,Zimbabwe,RR Hendricks,F du Plessis,B Mavuta,0,0,,,,,,,,,
1144148,2018/19,2018-10-06,Boland Park,2,14.1,South Africa,Zimbabwe,F du Plessis,RR Hendricks,SC Williams,1,0,,,,,,,,,
1144148,2018/19,2018-10-06,Boland Park,2,14.2,South Africa,Zimbabwe,RR Hendricks,F du Plessis,SC Williams,0,0,,,,,,,,,
1144148,2018/19,2018-10-06,Boland Park,2,14.3,South Africa,Zimbabwe,RR Hendricks,F du Plessis,SC Williams,0,0,,,,,,,,,
1144148,2018/19,2018-10-06,Boland Park,2,14.4,South Africa,Zimbabwe,RR Hendricks,F du Plessis,SC Williams,1,0,,,,,,,,,
1144148,2018/19,2018-10-06,Boland Park,2,14.5,South Africa,Zimbabwe,F du Plessis,RR Hendricks,SC Williams,1,0,,,,,,,,,
1144148,2018/19,2018-10-06,Boland Park,2,14.6,South Africa,Zimbabwe,RR Hendricks,F du Plessis,SC Williams,1,0,,,,,,,,,
1144148,2018/19,2018-10-06,Boland Park,2,15.1,South Africa,Zimbabwe,RR Hendricks,F du Plessis,TL Chatara,4,0,,,,,,,,,
1144148,2018/19,2018-10-06,Boland Park,2,15.2,South Africa,Zimbabwe,RR Hendricks,F du Plessis,TL Chatara,1,0,,,,,,,,,
1144148,2018/19,2018-10-06,Boland Park,2,15.3,South Africa,Zimbabwe,F du Plessis,RR Hendricks,TL Chatara,1,0,,,,,,,,,
1144148,2018/19,2018-10-06,Boland Park,2,15.4,South Africa,Zimbabwe,RR Hendricks,F du Plessis,TL Chatara,0,1,,1,,,,,,,
1144148,2018/19,2018-10-06,Boland Park,2,15.5,South Africa,Zimbabwe,RR Hendricks,F du Plessis,TL Chatara,1,0,,,,,,,,,
1144148,2018/19,2018-10-06,Boland Park,2,15.6,South Africa,Zimbabwe,F du Plessis,RR Hendricks,TL Chatara,4,0,,,,,,,,,
1144148,2018/19,2018-10-06,Boland Park,2,15.7,South Africa,Zimbabwe,F du Plessis,RR Hendricks,TL Chatara,1,0,,,,,,,,,
1144148,2018/19,2018-10-06,Boland Park,2,16.1,South Africa,Zimbabwe,F du Plessis,RR Hendricks,SC Williams,1,0,,,,,,,,,
1144148,2018/19,2018-10-06,Boland Park,2,16.2,South Africa,Zimbabwe,RR Hendricks,F du Plessis,SC Williams,0,0,,,,,,,,,
1144148,2018/19,2018-10-06,Boland Park,2,16.3,South Africa,Zimbabwe,RR Hendricks,F du Plessis,SC Williams,1,0,,,,,,,,,
1144148,2018/19,2018-10-06,Boland Park,2,16.4,South Africa,Zimbabwe,F du Plessis,RR Hendricks,SC Williams,0,0,,,,,,,,,
1144148,2018/19,2018-10-06,Boland Park,2,16.5,South Africa,Zimbabwe,F du Plessis,RR Hendricks,SC Williams,0,0,,,,,,,,,
1144148,2018/19,2018-10-06,Boland Park,2,16.6,South Africa,Zimbabwe,F du Plessis,RR Hendricks,SC Williams,1,0,,,,,,,,,
1144148,2018/19,2018-10-06,Boland Park,2,17.1,South Africa,Zimbabwe,F du Plessis,RR Hendricks,TL Chatara,1,0,,,,,,,,,
1144148,2018/19,2018-10-06,Boland Park,2,17.2,South Africa,Zimbabwe,RR Hendricks,F du Plessis,TL Chatara,1,0,,,,,,,,,
1144148,2018/19,2018-10-06,Boland Park,2,17.3,South Africa,Zimbabwe,F du Plessis,RR Hendricks,TL Chatara,0,0,,,,,,,,,
1144148,2018/19,2018-10-06,Boland Park,2,17.4,South Africa,Zimbabwe,F du Plessis,RR Hendricks,TL Chatara,1,0,,,,,,,,,
1144148,2018/19,2018-10-06,Boland Park,2,17.5,South Africa,Zimbabwe,RR Hendricks,F du Plessis,TL Chatara,1,0,,,,,,,,,
1144148,2018/19,2018-10-06,Boland Park,2,17.6,South Africa,Zimbabwe,F du Plessis,RR Hendricks,TL Chatara,1,0,,,,,,,,,
1144148,2018/19,2018-10-06,Boland Park,2,18.1,South Africa,Zimbabwe,F du Plessis,RR Hendricks,KM Jarvis,1,0,,,,,,,,,
1144148,2018/19,2018-10-06,Boland Park,2,18.2,South Africa,Zimbabwe,RR Hendricks,F du Plessis,KM Jarvis,0,0,,,,,,,,,
1144148,2018/19,2018-10-06,Boland Park,2,18.3,South Africa,Zimbabwe,RR Hendricks,F du Plessis,KM Jarvis,1,0,,,,,,,,,
1144148,2018/19,2018-10-06,Boland Park,2,18.4,South Africa,Zimbabwe,F du Plessis,RR Hendricks,KM Jarvis,4,0,,,,,,,,,
1144148,2018/19,2018-10-06,Boland Park,2,18.5,South Africa,Zimbabwe,F du Plessis,RR Hendricks,KM Jarvis,1,0,,,,,,,,,
1144148,2018/19,2018-10-06,Boland Park,2,18.6,South Africa,Zimbabwe,RR Hendricks,F du Plessis,KM Jarvis,1,0,,,,,,,,,
1144148,2018/19,2018-10-06,Boland Park,2,19.1,South Africa,Zimbabwe,RR Hendricks,F du Plessis,B Mavuta,0,0,,,,,,,,,
1144148,2018/19,2018-10-06,Boland Park,2,19.2,South Africa,Zimbabwe,RR Hendricks,F du Plessis,B Mavuta,1,0,,,,,,,,,
1144148,2018/19,2018-10-06,Boland Park,2,19.3,South Africa,Zimbabwe,F du Plessis,RR Hendricks,B Mavuta,2,0,,,,,,,,,
1144148,2018/19,2018-10-06,Boland Park,2,19.4,South Africa,Zimbabwe,F du Plessis,RR Hendricks,B Mavuta,0,0,,,,,,,,,
1144148,2018/19,2018-10-06,Boland Park,2,19.5,South Africa,Zimbabwe,F du Plessis,RR Hendricks,B Mavuta,0,0,,,,,,,,,
1144148,2018/19,2018-10-06,Boland Park,2,19.6,South Africa,Zimbabwe,F du Plessis,RR Hendricks,B Mavuta,0,0,,,,,,caught,F du Plessis,,
1144148,2018/19,2018-10-06,Boland Park,2,20.1,South Africa,Zimbabwe,RR Hendricks,JP Duminy,KM Jarvis,1,0,,,,,,,,,
1144148,2018/19,2018-10-06,Boland Park,2,20.2,South Africa,Zimbabwe,JP Duminy,RR Hendricks,KM Jarvis,0,0,,,,,,,,,
1144148,2018/19,2018-10-06,Boland Park,2,20.3,South Africa,Zimbabwe,JP Duminy,RR Hendricks,KM Jarvis,0,0,,,,,,,,,
1144148,2018/19,2018-10-06,Boland Park,2,20.4,South Africa,Zimbabwe,JP Duminy,RR Hendricks,KM Jarvis,0,0,,,,,,,,,
1144148,2018/19,2018-10-06,Boland Park,2,20.5,South Africa,Zimbabwe,JP Duminy,RR Hendricks,KM Jarvis,0,0,,,,,,,,,
1144148,2018/19,2018-10-06,Boland Park,2,20.6,South Africa,Zimbabwe,JP Duminy,RR Hendricks,KM Jarvis,0,0,,,,,,,,,
1144148,2018/19,2018-10-06,Boland Park,2,21.1,South Africa,Zimbabwe,RR Hendricks,JP Duminy,B Mavuta,1,0,,,,,,,,,
1144148,2018/19,2018-10-06,Boland Park,2,21.2,South Africa,Zimbabwe,JP Duminy,RR Hendricks,B Mavuta,0,0,,,,,,,,,
1144148,2018/19,2018-10-06,Boland Park,2,21.3,South Africa,Zimbabwe,JP Duminy,RR Hendricks,B Mavuta,1,0,,,,,,,,,
1144148,2018/19,2018-10-06,Boland Park,2,21.4,South Africa,Zimbabwe,RR Hendricks,JP Duminy,B Mavuta,1,0,,,,,,,,,
1144148,2018/19,2018-10-06,Boland Park,2,21.5,South Africa,Zimbabwe,JP Duminy,RR Hendricks,B Mavuta,0,0,,,,,,,,,
1144148,2018/19,2018-10-06,Boland Park,2,21.6,South Africa,Zimbabwe,JP Duminy,RR Hendricks,B Mavuta,0,0,,,,,,,,,
1144148,2018/19,2018-10-06,Boland Park,2,22.1,South Africa,Zimbabwe,RR Hendricks,JP Duminy,DT Tiripano,0,0,,,,,,,,,
1144148,2018/19,2018-10-06,Boland Park,2,22.2,South Africa,Zimbabwe,RR Hendricks,JP Duminy,DT Tiripano,1,0,,,,,,,,,
1144148,2018/19,2018-10-06,Boland Park,2,22.3,South Africa,Zimbabwe,JP Duminy,RR Hendricks,DT Tiripano,0,0,,,,,,,,,
1144148,2018/19,2018-10-06,Boland Park,2,22.4,South Africa,Zimbabwe,JP Duminy,RR Hendricks,DT Tiripano,0,0,,,,,,caught,JP Duminy,,
1144148,2018/19,2018-10-06,Boland Park,2,22.5,South Africa,Zimbabwe,RR Hendricks,H Klaasen,DT Tiripano,0,0,,,,,,,,,
1144148,2018/19,2018-10-06,Boland Park,2,22.6,South Africa,Zimbabwe,RR Hendricks,H Klaasen,DT Tiripano,1,0,,,,,,,,,
1144148,2018/19,2018-10-06,Boland Park,2,23.1,South Africa,Zimbabwe,RR Hendricks,H Klaasen,B Mavuta,2,0,,,,,,,,,
1144148,2018/19,2018-10-06,Boland Park,2,23.2,South Africa,Zimbabwe,RR Hendricks,H Klaasen,B Mavuta,0,0,,,,,,,,,
1144148,2018/19,2018-10-06,Boland Park,2,23.3,South Africa,Zimbabwe,RR Hendricks,H Klaasen,B Mavuta,0,0,,,,,,,,,
1144148,2018/19,2018-10-06,Boland Park,2,23.4,South Africa,Zimbabwe,RR Hendricks,H Klaasen,B Mavuta,1,0,,,,,,,,,
1144148,2018/19,2018-10-06,Boland Park,2,23.5,South Africa,Zimbabwe,H Klaasen,RR Hendricks,B Mavuta,0,0,,,,,,,,,
1144148,2018/19,2018-10-06,Boland Park,2,23.6,South Africa,Zimbabwe,H Klaasen,RR Hendricks,B Mavuta,1,0,,,,,,,,,
1144148,2018/19,2018-10-06,Boland Park,2,24.1,South Africa,Zimbabwe,H Klaasen,RR Hendricks,DT Tiripano,4,0,,,,,,,,,
1144148,2018/19,2018-10-06,Boland Park,2,24.2,South Africa,Zimbabwe,H Klaasen,RR Hendricks,DT Tiripano,0,0,,,,,,,,,
1144148,2018/19,2018-10-06,Boland Park,2,24.3,South Africa,Zimbabwe,H Klaasen,RR Hendricks,DT Tiripano,0,0,,,,,,,,,
1144148,2018/19,2018-10-06,Boland Park,2,24.4,South Africa,Zimbabwe,H Klaasen,RR Hendricks,DT Tiripano,0,0,,,,,,,,,
1144148,2018/19,2018-10-06,Boland Park,2,24.5,South Africa,Zimbabwe,H Klaasen,RR Hendricks,DT Tiripano,0,0,,,,,,,,,
1144148,2018/19,2018-10-06,Boland Park,2,24.6,South Africa,Zimbabwe,H Klaasen,RR Hendricks,DT Tiripano,1,0,,,,,,,,,
1144148,2018/19,2018-10-06,Boland Park,2,25.1,South Africa,Zimbabwe,H Klaasen,RR Hendricks,B Mavuta,1,0,,,,,,,,,
1144148,2018/19,2018-10-06,Boland Park,2,25.2,South Africa,Zimbabwe,RR Hendricks,H Klaasen,B Mavuta,1,0,,,,,,,,,
1144148,2018/19,2018-10-06,Boland Park,2,25.3,South Africa,Zimbabwe,H Klaasen,RR Hendricks,B Mavuta,2,0,,,,,,,,,
1144148,2018/19,2018-10-06,Boland Park,2,25.4,South Africa,Zimbabwe,H Klaasen,RR Hendricks,B Mavuta,0,0,,,,,,,,,
1144148,2018/19,2018-10-06,Boland Park,2,25.5,South Africa,Zimbabwe,H Klaasen,RR Hendricks,B Mavuta,1,0,,,,,,,,,
1144148,2018/19,2018-10-06,Boland Park,2,25.6,South Africa,Zimbabwe,RR Hendricks,H Klaasen,B Mavuta,0,2,2,,,,,,,,
1144148,2018/19,2018-10-06,Boland Park,2,25.7,South Africa,Zimbabwe,H Klaasen,RR Hendricks,B Mavuta,0,0,,,,,,,,,
1144148,2018/19,2018-10-06,Boland Park,2,26.1,South Africa,Zimbabwe,RR Hendricks,H Klaasen,DT Tiripano,1,0,,,,,,,,,
1144148,2018/19,2018-10-06,Boland Park,2,26.2,South Africa,Zimbabwe,H Klaasen,RR Hendricks,DT Tiripano,1,0,,,,,,,,,
1144148,2018/19,2018-10-06,Boland Park,2,26.3,South Africa,Zimbabwe,RR Hendricks,H Klaasen,DT Tiripano,6,0,,,,,,,,,
1144148,2018/19,2018-10-06,Boland Park,2,26.4,South Africa,Zimbabwe,RR Hendricks,H Klaasen,DT Tiripano,0,0,,,,,,,,,
1144148,2018/19,2018-10-06,Boland Park,2,26.5,South Africa,Zimbabwe,RR Hendricks,H Klaasen,DT Tiripano,0,0,,,,,,,,,
1144148,2018/19,2018-10-06,Boland Park,2,26.6,South Africa,Zimbabwe,RR Hendricks,H Klaasen,DT Tiripano,1,0,,,,,,,,,
1144148,2018/19,2018-10-06,Boland Park,2,27.1,South Africa,Zimbabwe,RR Hendricks,H Klaasen,SC Williams,0,0,,,,,,,,,
1144148,2018/19,2018-10-06,Boland Park,2,27.2,South Africa,Zimbabwe,RR Hendricks,H Klaasen,SC Williams,0,0,,,,,,,,,
1144148,2018/19,2018-10-06,Boland Park,2,27.3,South Africa,Zimbabwe,RR Hendricks,H Klaasen,SC Williams,1,0,,,,,,,,,
1144148,2018/19,2018-10-06,Boland Park,2,27.4,South Africa,Zimbabwe,H Klaasen,RR Hendricks,SC Williams,1,0,,,,,,,,,
1144148,2018/19,2018-10-06,Boland Park,2,27.5,South Africa,Zimbabwe,RR Hendricks,H Klaasen,SC Williams,0,0,,,,,,,,,
1144148,2018/19,2018-10-06,Boland Park,2,27.6,South Africa,Zimbabwe,RR Hendricks,H Klaasen,SC Williams,2,0,,,,,,,,,
1144148,2018/19,2018-10-06,Boland Park,2,28.1,South Africa,Zimbabwe,H Klaasen,RR Hendricks,DT Tiripano,0,1,1,,,,,,,,
1144148,2018/19,2018-10-06,Boland Park,2,28.2,South Africa,Zimbabwe,H Klaasen,RR Hendricks,DT Tiripano,0,0,,,,,,,,,
1144148,2018/19,2018-10-06,Boland Park,2,28.3,South Africa,Zimbabwe,H Klaasen,RR Hendricks,DT Tiripano,0,0,,,,,,,,,
1144148,2018/19,2018-10-06,Boland Park,2,28.4,South Africa,Zimbabwe,H Klaasen,RR Hendricks,DT Tiripano,0,0,,,,,,,,,
1144148,2018/19,2018-10-06,Boland Park,2,28.5,South Africa,Zimbabwe,H Klaasen,RR Hendricks,DT Tiripano,0,0,,,,,,,,,
1144148,2018/19,2018-10-06,Boland Park,2,28.6,South Africa,Zimbabwe,H Klaasen,RR Hendricks,DT Tiripano,0,0,,,,,,,,,
1144148,2018/19,2018-10-06,Boland Park,2,28.7,South Africa,Zimbabwe,H Klaasen,RR Hendricks,DT Tiripano,1,0,,,,,,,,,
1144148,2018/19,2018-10-06,Boland Park,2,29.1,South Africa,Zimbabwe,H Klaasen,RR Hendricks,SC Williams,0,0,,,,,,,,,
1144148,2018/19,2018-10-06,Boland Park,2,29.2,South Africa,Zimbabwe,H Klaasen,RR Hendricks,SC Williams,0,0,,,,,,,,,
1144148,2018/19,2018-10-06,Boland Park,2,29.3,South Africa,Zimbabwe,H Klaasen,RR Hendricks,SC Williams,0,0,,,,,,,,,
1144148,2018/19,2018-10-06,Boland Park,2,29.4,South Africa,Zimbabwe,H Klaasen,RR Hendricks,SC Williams,0,0,,,,,,,,,
1144148,2018/19,2018-10-06,Boland Park,2,29.5,South Africa,Zimbabwe,H Klaasen,RR Hendricks,SC Williams,0,0,,,,,,,,,
1144148,2018/19,2018-10-06,Boland Park,2,29.6,South Africa,Zimbabwe,H Klaasen,RR Hendricks,SC Williams,0,0,,,,,,,,,
1144148,2018/19,2018-10-06,Boland Park,2,30.1,South Africa,Zimbabwe,RR Hendricks,H Klaasen,DT Tiripano,0,0,,,,,,,,,
1144148,2018/19,2018-10-06,Boland Park,2,30.2,South Africa,Zimbabwe,RR Hendricks,H Klaasen,DT Tiripano,1,0,,,,,,,,,
1144148,2018/19,2018-10-06,Boland Park,2,30.3,South Africa,Zimbabwe,H Klaasen,RR Hendricks,DT Tiripano,1,0,,,,,,,,,
1144148,2018/19,2018-10-06,Boland Park,2,30.4,South Africa,Zimbabwe,RR Hendricks,H Klaasen,DT Tiripano,0,0,,,,,,,,,
1144148,2018/19,2018-10-06,Boland Park,2,30.5,South Africa,Zimbabwe,RR Hendricks,H Klaasen,DT Tiripano,0,0,,,,,,lbw,RR Hendricks,,
1144148,2018/19,2018-10-06,Boland Park,2,30.6,South Africa,Zimbabwe,K Zondo,H Klaasen,DT Tiripano,0,0,,,,,,,,,
1144148,2018/19,2018-10-06,Boland Park,2,31.1,South Africa,Zimbabwe,H Klaasen,K Zondo,TL Chatara,1,0,,,,,,,,,
1144148,2018/19,2018-10-06,Boland Park,2,31.2,South Africa,Zimbabwe,K Zondo,H Klaasen,TL Chatara,0,0,,,,,,,,,
1144148,2018/19,2018-10-06,Boland Park,2,31.3,South Africa,Zimbabwe,K Zondo,H Klaasen,TL Chatara,0,0,,,,,,,,,
1144148,2018/19,2018-10-06,Boland Park,2,31.4,South Africa,Zimbabwe,K Zondo,H Klaasen,TL Chatara,1,0,,,,,,,,,
1144148,2018/19,2018-10-06,Boland Park,2,31.5,South Africa,Zimbabwe,H Klaasen,K Zondo,TL Chatara,0,0,,,,,,,,,
1144148,2018/19,2018-10-06,Boland Park,2,31.6,South Africa,Zimbabwe,H Klaasen,K Zondo,TL Chatara,0,0,,,,,,,,,
1144148,2018/19,2018-10-06,Boland Park,2,32.1,South Africa,Zimbabwe,K Zondo,H Klaasen,SC Williams,1,0,,,,,,,,,
1144148,2018/19,2018-10-06,Boland Park,2,32.2,South Africa,Zimbabwe,H Klaasen,K Zondo,SC Williams,4,0,,,,,,,,,
1144148,2018/19,2018-10-06,Boland Park,2,32.3,South Africa,Zimbabwe,H Klaasen,K Zondo,SC Williams,2,0,,,,,,,,,
1144148,2018/19,2018-10-06,Boland Park,2,32.4,South Africa,Zimbabwe,H Klaasen,K Zondo,SC Williams,1,0,,,,,,,,,
1144148,2018/19,2018-10-06,Boland Park,2,32.5,South Africa,Zimbabwe,K Zondo,H Klaasen,SC Williams,1,0,,,,,,,,,
1144148,2018/19,2018-10-06,Boland Park,2,32.6,South Africa,Zimbabwe,H Klaasen,K Zondo,SC Williams,4,0,,,,,,,,,
1144148,2018/19,2018-10-06,Boland Park,2,33.1,South Africa,Zimbabwe,K Zondo,H Klaasen,TL Chatara,0,0,,,,,,,,,
1144148,2018/19,2018-10-06,Boland Park,2,33.2,South Africa,Zimbabwe,K Zondo,H Klaasen,TL Chatara,1,0,,,,,,,,,
1144148,2018/19,2018-10-06,Boland Park,2,33.3,South Africa,Zimbabwe,H Klaasen,K Zondo,TL Chatara,1,0,,,,,,,,,
1144148,2018/19,2018-10-06,Boland Park,2,33.4,South Africa,Zimbabwe,K Zondo,H Klaasen,TL Chatara,0,0,,,,,,,,,
1144148,2018/19,2018-10-06,Boland Park,2,33.5,South Africa,Zimbabwe,K Zondo,H Klaasen,TL Chatara,1,0,,,,,,,,,
1144148,2018/19,2018-10-06,Boland Park,2,33.6,South Africa,Zimbabwe,H Klaasen,K Zondo,TL Chatara,6,0,,,,,,,,,
1144148,2018/19,2018-10-06,Boland Park,2,34.1,South Africa,Zimbabwe,K Zondo,H Klaasen,SC Williams,1,0,,,,,,,,,
1144148,2018/19,2018-10-06,Boland Park,2,34.2,South Africa,Zimbabwe,H Klaasen,K Zondo,SC Williams,1,0,,,,,,,,,
1144148,2018/19,2018-10-06,Boland Park,2,34.3,South Africa,Zimbabwe,K Zondo,H Klaasen,SC Williams,0,0,,,,,,,,,
1144148,2018/19,2018-10-06,Boland Park,2,34.4,South Africa,Zimbabwe,K Zondo,H Klaasen,SC Williams,1,0,,,,,,,,,
1144148,2018/19,2018-10-06,Boland Park,2,34.5,South Africa,Zimbabwe,H Klaasen,K Zondo,SC Williams,1,0,,,,,,,,,
1144148,2018/19,2018-10-06,Boland Park,2,34.6,South Africa,Zimbabwe,K Zondo,H Klaasen,SC Williams,1,0,,,,,,,,,
1144148,2018/19,2018-10-06,Boland Park,2,35.1,South Africa,Zimbabwe,K Zondo,H Klaasen,B Mavuta,1,0,,,,,,,,,
1144148,2018/19,2018-10-06,Boland Park,2,35.2,South Africa,Zimbabwe,H Klaasen,K Zondo,B Mavuta,0,0,,,,,,,,,
1144148,2018/19,2018-10-06,Boland Park,2,35.3,South Africa,Zimbabwe,H Klaasen,K Zondo,B Mavuta,2,0,,,,,,,,,
1144148,2018/19,2018-10-06,Boland Park,2,35.4,South Africa,Zimbabwe,H Klaasen,K Zondo,B Mavuta,0,0,,,,,,,,,
1144148,2018/19,2018-10-06,Boland Park,2,35.5,South Africa,Zimbabwe,H Klaasen,K Zondo,B Mavuta,1,0,,,,,,,,,
1144148,2018/19,2018-10-06,Boland Park,2,35.6,South Africa,Zimbabwe,K Zondo,H Klaasen,B Mavuta,0,0,,,,,,,,,
1144148,2018/19,2018-10-06,Boland Park,2,36.1,South Africa,Zimbabwe,H Klaasen,K Zondo,SC Williams,4,0,,,,,,,,,
1144148,2018/19,2018-10-06,Boland Park,2,36.2,South Africa,Zimbabwe,H Klaasen,K Zondo,SC Williams,0,0,,,,,,,,,
1144148,2018/19,2018-10-06,Boland Park,2,36.3,South Africa,Zimbabwe,H Klaasen,K Zondo,SC Williams,1,0,,,,,,,,,
1144148,2018/19,2018-10-06,Boland Park,2,36.4,South Africa,Zimbabwe,K Zondo,H Klaasen,SC Williams,0,0,,,,,,,,,
1144148,2018/19,2018-10-06,Boland Park,2,36.5,South Africa,Zimbabwe,K Zondo,H Klaasen,SC Williams,0,0,,,,,,,,,
1144148,2018/19,2018-10-06,Boland Park,2,36.6,South Africa,Zimbabwe,K Zondo,H Klaasen,SC Williams,0,0,,,,,,,,,
1144148,2018/19,2018-10-06,Boland Park,2,37.1,South Africa,Zimbabwe,H Klaasen,K Zondo,DT Tiripano,0,0,,,,,,,,,
1144148,2018/19,2018-10-06,Boland Park,2,37.2,South Africa,Zimbabwe,H Klaasen,K Zondo,DT Tiripano,0,1,1,,,,,,,,
1144148,2018/19,2018-10-06,Boland Park,2,37.3,South Africa,Zimbabwe,H Klaasen,K Zondo,DT Tiripano,0,0,,,,,,,,,
1144148,2018/19,2018-10-06,Boland Park,2,37.4,South Africa,Zimbabwe,H Klaasen,K Zondo,DT Tiripano,0,0,,,,,,,,,
1144148,2018/19,2018-10-06,Boland Park,2,37.5,South Africa,Zimbabwe,H Klaasen,K Zondo,DT Tiripano,1,0,,,,,,,,,
1144148,2018/19,2018-10-06,Boland Park,2,37.6,South Africa,Zimbabwe,K Zondo,H Klaasen,DT Tiripano,1,0,,,,,,,,,
1144148,2018/19,2018-10-06,Boland Park,2,37.7,South Africa,Zimbabwe,H Klaasen,K Zondo,DT Tiripano,0,0,,,,,,,,,
1144148,2018/19,2018-10-06,Boland Park,2,38.1,South Africa,Zimbabwe,K Zondo,H Klaasen,KM Jarvis,1,0,,,,,,,,,
1144148,2018/19,2018-10-06,Boland Park,2,38.2,South Africa,Zimbabwe,H Klaasen,K Zondo,KM Jarvis,0,0,,,,,,,,,
1144148,2018/19,2018-10-06,Boland Park,2,38.3,South Africa,Zimbabwe,H Klaasen,K Zondo,KM Jarvis,0,0,,,,,,,,,
1144148,2018/19,2018-10-06,Boland Park,2,38.4,South Africa,Zimbabwe,H Klaasen,K Zondo,KM Jarvis,0,0,,,,,,,,,
1144148,2018/19,2018-10-06,Boland Park,2,38.5,South Africa,Zimbabwe,H Klaasen,K Zondo,KM Jarvis,1,0,,,,,,,,,
1144148,2018/19,2018-10-06,Boland Park,2,38.6,South Africa,Zimbabwe,K Zondo,H Klaasen,KM Jarvis,1,0,,,,,,,,,
1144148,2018/19,2018-10-06,Boland Park,2,39.1,South Africa,Zimbabwe,K Zondo,H Klaasen,DT Tiripano,1,0,,,,,,,,,
1144148,2018/19,2018-10-06,Boland Park,2,39.2,South Africa,Zimbabwe,H Klaasen,K Zondo,DT Tiripano,2,0,,,,,,,,,
1144148,2018/19,2018-10-06,Boland Park,2,39.3,South Africa,Zimbabwe,H Klaasen,K Zondo,DT Tiripano,1,0,,,,,,,,,
1144148,2018/19,2018-10-06,Boland Park,2,39.4,South Africa,Zimbabwe,K Zondo,H Klaasen,DT Tiripano,0,0,,,,,,,,,
1144148,2018/19,2018-10-06,Boland Park,2,39.5,South Africa,Zimbabwe,K Zondo,H Klaasen,DT Tiripano,0,0,,,,,,,,,
1144148,2018/19,2018-10-06,Boland Park,2,39.6,South Africa,Zimbabwe,K Zondo,H Klaasen,DT Tiripano,1,0,,,,,,,,,
1144148,2018/19,2018-10-06,Boland Park,2,40.1,South Africa,Zimbabwe,K Zondo,H Klaasen,KM Jarvis,4,0,,,,,,,,,
1144148,2018/19,2018-10-06,Boland Park,2,40.2,South Africa,Zimbabwe,K Zondo,H Klaasen,KM Jarvis,0,0,,,,,,,,,
1144148,2018/19,2018-10-06,Boland Park,2,40.3,South Africa,Zimbabwe,K Zondo,H Klaasen,KM Jarvis,0,0,,,,,,,,,
1144148,2018/19,2018-10-06,Boland Park,2,40.4,South Africa,Zimbabwe,K Zondo,H Klaasen,KM Jarvis,0,0,,,,,,,,,
1144148,2018/19,2018-10-06,Boland Park,2,40.5,South Africa,Zimbabwe,K Zondo,H Klaasen,KM Jarvis,0,0,,,,,,,,,
1144148,2018/19,2018-10-06,Boland Park,2,40.6,South Africa,Zimbabwe,K Zondo,H Klaasen,KM Jarvis,1,0,,,,,,,,,
1144148,2018/19,2018-10-06,Boland Park,2,41.1,South Africa,Zimbabwe,K Zondo,H Klaasen,B Mavuta,1,0,,,,,,,,,
1144148,2018/19,2018-10-06,Boland Park,2,41.2,South Africa,Zimbabwe,H Klaasen,K Zondo,B Mavuta,0,0,,,,,,,,,
1144148,2018/19,2018-10-06,Boland Park,2,41.3,South Africa,Zimbabwe,H Klaasen,K Zondo,B Mavuta,0,0,,,,,,,,,
1144148,2018/19,2018-10-06,Boland Park,2,41.4,South Africa,Zimbabwe,H Klaasen,K Zondo,B Mavuta,2,0,,,,,,,,,
1144148,2018/19,2018-10-06,Boland Park,2,41.5,South Africa,Zimbabwe,H Klaasen,K Zondo,B Mavuta,0,0,,,,,,,,,
1144148,2018/19,2018-10-06,Boland Park,2,41.6,South Africa,Zimbabwe,H Klaasen,K Zondo,B Mavuta,1,0,,,,,,,,,
1144148,2018/19,2018-10-06,Boland Park,2,42.1,South Africa,Zimbabwe,H Klaasen,K Zondo,KM Jarvis,0,0,,,,,,,,,
1144148,2018/19,2018-10-06,Boland Park,2,42.2,South Africa,Zimbabwe,H Klaasen,K Zondo,KM Jarvis,0,0,,,,,,,,,
1144148,2018/19,2018-10-06,Boland Park,2,42.3,South Africa,Zimbabwe,H Klaasen,K Zondo,KM Jarvis,4,0,,,,,,,,,
1144148,2018/19,2018-10-06,Boland Park,2,42.4,South Africa,Zimbabwe,H Klaasen,K Zondo,KM Jarvis,4,0,,,,,,,,,
1144148,2018/19,2018-10-06,Boland Park,2,42.5,South Africa,Zimbabwe,H Klaasen,K Zondo,KM Jarvis,0,0,,,,,,caught,H Klaasen,,
1144148,2018/19,2018-10-06,Boland Park,2,42.6,South Africa,Zimbabwe,AL Phehlukwayo,K Zondo,KM Jarvis,0,0,,,,,,,,,
1144148,2018/19,2018-10-06,Boland Park,2,43.1,South Africa,Zimbabwe,K Zondo,AL Phehlukwayo,TL Chatara,0,0,,,,,,,,,
1144148,2018/19,2018-10-06,Boland Park,2,43.2,South Africa,Zimbabwe,K Zondo,AL Phehlukwayo,TL Chatara,2,0,,,,,,,,,
1144148,2018/19,2018-10-06,Boland Park,2,43.3,South Africa,Zimbabwe,K Zondo,AL Phehlukwayo,TL Chatara,0,0,,,,,,,,,
1144148,2018/19,2018-10-06,Boland Park,2,43.4,South Africa,Zimbabwe,K Zondo,AL Phehlukwayo,TL Chatara,1,0,,,,,,,,,
1144148,2018/19,2018-10-06,Boland Park,2,43.5,South Africa,Zimbabwe,AL Phehlukwayo,K Zondo,TL Chatara,0,0,,,,,,,,,
1144148,2018/19,2018-10-06,Boland Park,2,43.6,South Africa,Zimbabwe,AL Phehlukwayo,K Zondo,TL Chatara,0,0,,,,,,,,,
1144148,2018/19,2018-10-06,Boland Park,2,44.1,South Africa,Zimbabwe,K Zondo,AL Phehlukwayo,DT Tiripano,1,0,,,,,,,,,
1144148,2018/19,2018-10-06,Boland Park,2,44.2,South Africa,Zimbabwe,AL Phehlukwayo,K Zondo,DT Tiripano,0,0,,,,,,,,,
1144148,2018/19,2018-10-06,Boland Park,2,44.3,South Africa,Zimbabwe,AL Phehlukwayo,K Zondo,DT Tiripano,0,0,,,,,,,,,
1144148,2018/19,2018-10-06,Boland Park,2,44.4,South Africa,Zimbabwe,AL Phehlukwayo,K Zondo,DT Tiripano,0,0,,,,,,,,,
1144148,2018/19,2018-10-06,Boland Park,2,44.5,South Africa,Zimbabwe,AL Phehlukwayo,K Zondo,DT Tiripano,0,0,,,,,,,,,
1144148,2018/19,2018-10-06,Boland Park,2,44.6,South Africa,Zimbabwe,AL Phehlukwayo,K Zondo,DT Tiripano,0,0,,,,,,,,,
1144148,2018/19,2018-10-06,Boland Park,2,45.1,South Africa,Zimbabwe,K Zondo,AL Phehlukwayo,TL Chatara,1,0,,,,,,,,,
1144148,2018/19,2018-10-06,Boland Park,2,45.2,South Africa,Zimbabwe,AL Phehlukwayo,K Zondo,TL Chatara,0,0,,,,,,caught,AL Phehlukwayo,,
1144148,2018/19,2018-10-06,Boland Park,2,45.3,South Africa,Zimbabwe,DW Steyn,K Zondo,TL Chatara,0,0,,,,,,,,,
1144148,2018/19,2018-10-06,Boland Park,2,45.4,South Africa,Zimbabwe,DW Steyn,K Zondo,TL Chatara,0,0,,,,,,,,,
1144148,2018/19,2018-10-06,Boland Park,2,45.5,South Africa,Zimbabwe,DW Steyn,K Zondo,TL Chatara,4,0,,,,,,,,,
