version,2.1.0
info,balls_per_over,6
info,team,South Africa
info,team,Pakistan
info,gender,male
info,season,2018/19
info,date,2019/01/19
info,event,Pakistan tour of South Africa
info,match_number,1
info,venue,St George's Park
info,city,Port Elizabeth
info,toss_winner,South Africa
info,toss_decision,bat
info,player_of_match,Mohammad Hafeez
info,umpire,A Paleker
info,umpire,GO Brathwaite
info,reserve_umpire,BP Jele
info,tv_umpire,PR Reiffel
info,match_referee,RS Madugalle
info,winner,Pakistan
info,winner_wickets,5
info,player,South Africa,HM Amla
info,player,South Africa,RR Hendricks
info,player,South Africa,HE van der Dussen
info,player,South Africa,DA Miller
info,player,South Africa,F du Plessis
info,player,South Africa,AL Phehlukwayo
info,player,South Africa,H Klaasen
info,player,South Africa,K Rabada
info,player,South Africa,D Pretorius
info,player,South Africa,D Olivier
info,player,South Africa,Imran Tahir
info,player,Pakistan,Imam-ul-Haq
info,player,Pakistan,Fakhar Zaman
info,player,Pakistan,Babar Azam
info,player,Pakistan,Mohammad Hafeez
info,player,Pakistan,Shoaib Malik
info,player,Pakistan,Sarfraz Ahmed
info,player,Pakistan,Shadab Khan
info,player,Pakistan,Imad Wasim
info,player,Pakistan,Faheem Ashraf
info,player,Pakistan,Hasan Ali
info,player,Pakistan,Usman Shinwari
info,registry,people,A Paleker,634b11ac
info,registry,people,AL Phehlukwayo,ab6b1c45
info,registry,people,BP Jele,7bb1331e
info,registry,people,Babar Azam,8a75e999
info,registry,people,D Olivier,a8e56914
info,registry,people,D Pretorius,11614d87
info,registry,people,DA Miller,d67d5f00
info,registry,people,F du Plessis,3355b542
info,registry,people,Faheem Ashraf,bd4ea627
info,registry,people,Fakhar Zaman,1777c020
info,registry,people,GO Brathwaite,1ace56d4
info,registry,people,H Klaasen,235c2bb6
info,registry,people,HE van der Dussen,9948e262
info,registry,people,HM Amla,e798611a
info,registry,people,Hasan Ali,2911de16
info,registry,people,Imad Wasim,9cb8d7a6
info,registry,people,Imam-ul-Haq,40c041ea
info,registry,people,Imran Tahir,acee4cc4
info,registry,people,K Rabada,e62dd25d
info,registry,people,Mohammad Hafeez,9ab63e7b
info,registry,people,PR Reiffel,c9354f29
info,registry,people,RR Hendricks,b8cc58c9
info,registry,people,RS Madugalle,766b5798
info,registry,people,Sarfraz Ahmed,2254ab79
info,registry,people,Shadab Khan,9de62878
info,registry,people,Shoaib Malik,64c34cd0
info,registry,people,Usman Shinwari,f0e722e0
