match_id,season,start_date,venue,innings,ball,batting_team,bowling_team,striker,non_striker,bowler,runs_off_bat,extras,wides,noballs,byes,legbyes,penalty,wicket_type,player_dismissed,other_wicket_type,other_player_dismissed
1144159,2018/19,2019-01-27,The Wanderers Stadium,1,0.1,South Africa,Pakistan,HM Amla,Q de Kock,Usman Shinwari,0,0,,,,,,,,,
1144159,2018/19,2019-01-27,The Wanderers Stadium,1,0.2,South Africa,Pakistan,HM Amla,Q de Kock,Usman Shinwari,0,0,,,,,,,,,
1144159,2018/19,2019-01-27,The Wanderers Stadium,1,0.3,South Africa,Pakistan,HM Amla,Q de Kock,Usman Shinwari,0,0,,,,,,,,,
1144159,2018/19,2019-01-27,The Wanderers Stadium,1,0.4,South Africa,Pakistan,HM Amla,Q de Kock,Usman Shinwari,1,0,,,,,,,,,
1144159,2018/19,2019-01-27,The Wanderers Stadium,1,0.5,South Africa,Pakistan,Q de Kock,HM Amla,Usman Shinwari,0,0,,,,,,,,,
1144159,2018/19,2019-01-27,The Wanderers Stadium,1,0.6,South Africa,Pakistan,Q de Kock,HM Amla,Usman Shinwari,0,0,,,,,,,,,
1144159,2018/19,2019-01-27,The Wanderers Stadium,1,1.1,South Africa,Pakistan,HM Amla,Q de Kock,Shaheen Shah Afridi,1,0,,,,,,,,,
1144159,2018/19,2019-01-27,The Wanderers Stadium,1,1.2,South Africa,Pakistan,Q de Kock,HM Amla,Shaheen Shah Afridi,0,0,,,,,,,,,
1144159,2018/19,2019-01-27,The Wanderers Stadium,1,1.3,South Africa,Pakistan,Q de Kock,HM Amla,Shaheen Shah Afridi,0,0,,,,,,,,,
1144159,2018/19,2019-01-27,The Wanderers Stadium,1,1.4,South Africa,Pakistan,Q de Kock,HM Amla,Shaheen Shah Afridi,0,0,,,,,,,,,
1144159,2018/19,2019-01-27,The Wanderers Stadium,1,1.5,South Africa,Pakistan,Q de Kock,HM Amla,Shaheen Shah Afridi,0,0,,,,,,,,,
1144159,2018/19,2019-01-27,The Wanderers Stadium,1,1.6,South Africa,Pakistan,Q de Kock,HM Amla,Shaheen Shah Afridi,0,1,1,,,,,,,,
1144159,2018/19,2019-01-27,The Wanderers Stadium,1,1.7,South Africa,Pakistan,Q de Kock,HM Amla,Shaheen Shah Afridi,0,0,,,,,,lbw,Q de Kock,,
1144159,2018/19,2019-01-27,The Wanderers Stadium,1,2.1,South Africa,Pakistan,HM Amla,RR Hendricks,Usman Shinwari,4,0,,,,,,,,,
1144159,2018/19,2019-01-27,The Wanderers Stadium,1,2.2,South Africa,Pakistan,HM Amla,RR Hendricks,Usman Shinwari,0,0,,,,,,,,,
1144159,2018/19,2019-01-27,The Wanderers Stadium,1,2.3,South Africa,Pakistan,HM Amla,RR Hendricks,Usman Shinwari,0,0,,,,,,,,,
1144159,2018/19,2019-01-27,The Wanderers Stadium,1,2.4,South Africa,Pakistan,HM Amla,RR Hendricks,Usman Shinwari,0,0,,,,,,,,,
1144159,2018/19,2019-01-27,The Wanderers Stadium,1,2.5,South Africa,Pakistan,HM Amla,RR Hendricks,Usman Shinwari,4,0,,,,,,,,,
1144159,2018/19,2019-01-27,The Wanderers Stadium,1,2.6,South Africa,Pakistan,HM Amla,RR Hendricks,Usman Shinwari,4,0,,,,,,,,,
1144159,2018/19,2019-01-27,The Wanderers Stadium,1,3.1,South Africa,Pakistan,RR Hendricks,HM Amla,Shaheen Shah Afridi,0,0,,,,,,,,,
1144159,2018/19,2019-01-27,The Wanderers Stadium,1,3.2,South Africa,Pakistan,RR Hendricks,HM Amla,Shaheen Shah Afridi,0,0,,,,,,,,,
1144159,2018/19,2019-01-27,The Wanderers Stadium,1,3.3,South Africa,Pakistan,RR Hendricks,HM Amla,Shaheen Shah Afridi,1,0,,,,,,,,,
1144159,2018/19,2019-01-27,The Wanderers Stadium,1,3.4,South Africa,Pakistan,HM Amla,RR Hendricks,Shaheen Shah Afridi,0,0,,,,,,,,,
1144159,2018/19,2019-01-27,The Wanderers Stadium,1,3.5,South Africa,Pakistan,HM Amla,RR Hendricks,Shaheen Shah Afridi,0,0,,,,,,,,,
1144159,2018/19,2019-01-27,The Wanderers Stadium,1,3.6,South Africa,Pakistan,HM Amla,RR Hendricks,Shaheen Shah Afridi,0,0,,,,,,,,,
1144159,2018/19,2019-01-27,The Wanderers Stadium,1,4.1,South Africa,Pakistan,RR Hendricks,HM Amla,Usman Shinwari,0,0,,,,,,,,,
1144159,2018/19,2019-01-27,The Wanderers Stadium,1,4.2,South Africa,Pakistan,RR Hendricks,HM Amla,Usman Shinwari,0,0,,,,,,,,,
1144159,2018/19,2019-01-27,The Wanderers Stadium,1,4.3,South Africa,Pakistan,RR Hendricks,HM Amla,Usman Shinwari,0,0,,,,,,,,,
1144159,2018/19,2019-01-27,The Wanderers Stadium,1,4.4,South Africa,Pakistan,RR Hendricks,HM Amla,Usman Shinwari,0,0,,,,,,,,,
1144159,2018/19,2019-01-27,The Wanderers Stadium,1,4.5,South Africa,Pakistan,RR Hendricks,HM Amla,Usman Shinwari,0,1,1,,,,,,,,
1144159,2018/19,2019-01-27,The Wanderers Stadium,1,4.6,South Africa,Pakistan,RR Hendricks,HM Amla,Usman Shinwari,1,0,,,,,,,,,
1144159,2018/19,2019-01-27,The Wanderers Stadium,1,4.7,South Africa,Pakistan,HM Amla,RR Hendricks,Usman Shinwari,0,0,,,,,,,,,
1144159,2018/19,2019-01-27,The Wanderers Stadium,1,5.1,South Africa,Pakistan,RR Hendricks,HM Amla,Shaheen Shah Afridi,0,0,,,,,,caught,RR Hendricks,,
1144159,2018/19,2019-01-27,The Wanderers Stadium,1,5.2,South Africa,Pakistan,F du Plessis,HM Amla,Shaheen Shah Afridi,0,0,,,,,,,,,
1144159,2018/19,2019-01-27,The Wanderers Stadium,1,5.3,South Africa,Pakistan,F du Plessis,HM Amla,Shaheen Shah Afridi,0,0,,,,,,,,,
1144159,2018/19,2019-01-27,The Wanderers Stadium,1,5.4,South Africa,Pakistan,F du Plessis,HM Amla,Shaheen Shah Afridi,0,0,,,,,,,,,
1144159,2018/19,2019-01-27,The Wanderers Stadium,1,5.5,South Africa,Pakistan,F du Plessis,HM Amla,Shaheen Shah Afridi,0,0,,,,,,,,,
1144159,2018/19,2019-01-27,The Wanderers Stadium,1,5.6,South Africa,Pakistan,F du Plessis,HM Amla,Shaheen Shah Afridi,0,0,,,,,,,,,
1144159,2018/19,2019-01-27,The Wanderers Stadium,1,6.1,South Africa,Pakistan,HM Amla,F du Plessis,Mohammad Amir,0,1,1,,,,,,,,
1144159,2018/19,2019-01-27,The Wanderers Stadium,1,6.2,South Africa,Pakistan,HM Amla,F du Plessis,Mohammad Amir,0,0,,,,,,,,,
1144159,2018/19,2019-01-27,The Wanderers Stadium,1,6.3,South Africa,Pakistan,HM Amla,F du Plessis,Mohammad Amir,0,0,,,,,,,,,
1144159,2018/19,2019-01-27,The Wanderers Stadium,1,6.4,South Africa,Pakistan,HM Amla,F du Plessis,Mohammad Amir,0,0,,,,,,,,,
1144159,2018/19,2019-01-27,The Wanderers Stadium,1,6.5,South Africa,Pakistan,HM Amla,F du Plessis,Mohammad Amir,0,0,,,,,,,,,
1144159,2018/19,2019-01-27,The Wanderers Stadium,1,6.6,South Africa,Pakistan,HM Amla,F du Plessis,Mohammad Amir,0,0,,,,,,,,,
1144159,2018/19,2019-01-27,The Wanderers Stadium,1,6.7,South Africa,Pakistan,HM Amla,F du Plessis,Mohammad Amir,1,0,,,,,,,,,
1144159,2018/19,2019-01-27,The Wanderers Stadium,1,7.1,South Africa,Pakistan,HM Amla,F du Plessis,Shaheen Shah Afridi,0,1,1,,,,,,,,
1144159,2018/19,2019-01-27,The Wanderers Stadium,1,7.2,South Africa,Pakistan,HM Amla,F du Plessis,Shaheen Shah Afridi,1,0,,,,,,,,,
1144159,2018/19,2019-01-27,The Wanderers Stadium,1,7.3,South Africa,Pakistan,F du Plessis,HM Amla,Shaheen Shah Afridi,0,0,,,,,,,,,
1144159,2018/19,2019-01-27,The Wanderers Stadium,1,7.4,South Africa,Pakistan,F du Plessis,HM Amla,Shaheen Shah Afridi,1,0,,,,,,,,,
1144159,2018/19,2019-01-27,The Wanderers Stadium,1,7.5,South Africa,Pakistan,HM Amla,F du Plessis,Shaheen Shah Afridi,1,0,,,,,,,,,
1144159,2018/19,2019-01-27,The Wanderers Stadium,1,7.6,South Africa,Pakistan,F du Plessis,HM Amla,Shaheen Shah Afridi,0,0,,,,,,,,,
1144159,2018/19,2019-01-27,The Wanderers Stadium,1,7.7,South Africa,Pakistan,F du Plessis,HM Amla,Shaheen Shah Afridi,0,1,1,,,,,,,,
1144159,2018/19,2019-01-27,The Wanderers Stadium,1,7.8,South Africa,Pakistan,F du Plessis,HM Amla,Shaheen Shah Afridi,1,0,,,,,,,,,
1144159,2018/19,2019-01-27,The Wanderers Stadium,1,8.1,South Africa,Pakistan,F du Plessis,HM Amla,Mohammad Amir,0,0,,,,,,,,,
1144159,2018/19,2019-01-27,The Wanderers Stadium,1,8.2,South Africa,Pakistan,F du Plessis,HM Amla,Mohammad Amir,0,0,,,,,,,,,
1144159,2018/19,2019-01-27,The Wanderers Stadium,1,8.3,South Africa,Pakistan,F du Plessis,HM Amla,Mohammad Amir,0,0,,,,,,,,,
1144159,2018/19,2019-01-27,The Wanderers Stadium,1,8.4,South Africa,Pakistan,F du Plessis,HM Amla,Mohammad Amir,0,0,,,,,,,,,
1144159,2018/19,2019-01-27,The Wanderers Stadium,1,8.5,South Africa,Pakistan,F du Plessis,HM Amla,Mohammad Amir,0,0,,,,,,,,,
1144159,2018/19,2019-01-27,The Wanderers Stadium,1,8.6,South Africa,Pakistan,F du Plessis,HM Amla,Mohammad Amir,1,0,,,,,,,,,
1144159,2018/19,2019-01-27,The Wanderers Stadium,1,9.1,South Africa,Pakistan,F du Plessis,HM Amla,Shaheen Shah Afridi,1,0,,,,,,,,,
1144159,2018/19,2019-01-27,The Wanderers Stadium,1,9.2,South Africa,Pakistan,HM Amla,F du Plessis,Shaheen Shah Afridi,0,0,,,,,,,,,
1144159,2018/19,2019-01-27,The Wanderers Stadium,1,9.3,South Africa,Pakistan,HM Amla,F du Plessis,Shaheen Shah Afridi,1,0,,,,,,,,,
1144159,2018/19,2019-01-27,The Wanderers Stadium,1,9.4,South Africa,Pakistan,F du Plessis,HM Amla,Shaheen Shah Afridi,1,0,,,,,,,,,
1144159,2018/19,2019-01-27,The Wanderers Stadium,1,9.5,South Africa,Pakistan,HM Amla,F du Plessis,Shaheen Shah Afridi,1,0,,,,,,,,,
1144159,2018/19,2019-01-27,The Wanderers Stadium,1,9.6,South Africa,Pakistan,F du Plessis,HM Amla,Shaheen Shah Afridi,1,0,,,,,,,,,
1144159,2018/19,2019-01-27,The Wanderers Stadium,1,10.1,South Africa,Pakistan,F du Plessis,HM Amla,Mohammad Amir,0,0,,,,,,,,,
1144159,2018/19,2019-01-27,The Wanderers Stadium,1,10.2,South Africa,Pakistan,F du Plessis,HM Amla,Mohammad Amir,1,0,,,,,,,,,
1144159,2018/19,2019-01-27,The Wanderers Stadium,1,10.3,South Africa,Pakistan,HM Amla,F du Plessis,Mohammad Amir,1,0,,,,,,,,,
1144159,2018/19,2019-01-27,The Wanderers Stadium,1,10.4,South Africa,Pakistan,F du Plessis,HM Amla,Mohammad Amir,4,0,,,,,,,,,
1144159,2018/19,2019-01-27,The Wanderers Stadium,1,10.5,South Africa,Pakistan,F du Plessis,HM Amla,Mohammad Amir,4,0,,,,,,,,,
1144159,2018/19,2019-01-27,The Wanderers Stadium,1,10.6,South Africa,Pakistan,F du Plessis,HM Amla,Mohammad Amir,1,0,,,,,,,,,
1144159,2018/19,2019-01-27,The Wanderers Stadium,1,11.1,South Africa,Pakistan,F du Plessis,HM Amla,Usman Shinwari,1,0,,,,,,,,,
1144159,2018/19,2019-01-27,The Wanderers Stadium,1,11.2,South Africa,Pakistan,HM Amla,F du Plessis,Usman Shinwari,0,0,,,,,,,,,
1144159,2018/19,2019-01-27,The Wanderers Stadium,1,11.3,South Africa,Pakistan,HM Amla,F du Plessis,Usman Shinwari,1,0,,,,,,,,,
1144159,2018/19,2019-01-27,The Wanderers Stadium,1,11.4,South Africa,Pakistan,F du Plessis,HM Amla,Usman Shinwari,2,0,,,,,,,,,
1144159,2018/19,2019-01-27,The Wanderers Stadium,1,11.5,South Africa,Pakistan,F du Plessis,HM Amla,Usman Shinwari,0,0,,,,,,,,,
1144159,2018/19,2019-01-27,The Wanderers Stadium,1,11.6,South Africa,Pakistan,F du Plessis,HM Amla,Usman Shinwari,0,0,,,,,,,,,
1144159,2018/19,2019-01-27,The Wanderers Stadium,1,12.1,South Africa,Pakistan,HM Amla,F du Plessis,Imad Wasim,1,0,,,,,,,,,
1144159,2018/19,2019-01-27,The Wanderers Stadium,1,12.2,South Africa,Pakistan,F du Plessis,HM Amla,Imad Wasim,1,0,,,,,,,,,
1144159,2018/19,2019-01-27,The Wanderers Stadium,1,12.3,South Africa,Pakistan,HM Amla,F du Plessis,Imad Wasim,0,0,,,,,,,,,
1144159,2018/19,2019-01-27,The Wanderers Stadium,1,12.4,South Africa,Pakistan,HM Amla,F du Plessis,Imad Wasim,4,0,,,,,,,,,
1144159,2018/19,2019-01-27,The Wanderers Stadium,1,12.5,South Africa,Pakistan,HM Amla,F du Plessis,Imad Wasim,1,0,,,,,,,,,
1144159,2018/19,2019-01-27,The Wanderers Stadium,1,12.6,South Africa,Pakistan,F du Plessis,HM Amla,Imad Wasim,0,0,,,,,,,,,
1144159,2018/19,2019-01-27,The Wanderers Stadium,1,13.1,South Africa,Pakistan,HM Amla,F du Plessis,Usman Shinwari,4,0,,,,,,,,,
1144159,2018/19,2019-01-27,The Wanderers Stadium,1,13.2,South Africa,Pakistan,HM Amla,F du Plessis,Usman Shinwari,1,0,,,,,,,,,
1144159,2018/19,2019-01-27,The Wanderers Stadium,1,13.3,South Africa,Pakistan,F du Plessis,HM Amla,Usman Shinwari,2,0,,,,,,,,,
1144159,2018/19,2019-01-27,The Wanderers Stadium,1,13.4,South Africa,Pakistan,F du Plessis,HM Amla,Usman Shinwari,3,0,,,,,,,,,
1144159,2018/19,2019-01-27,The Wanderers Stadium,1,13.5,South Africa,Pakistan,HM Amla,F du Plessis,Usman Shinwari,1,0,,,,,,,,,
1144159,2018/19,2019-01-27,The Wanderers Stadium,1,13.6,South Africa,Pakistan,F du Plessis,HM Amla,Usman Shinwari,0,0,,,,,,,,,
1144159,2018/19,2019-01-27,The Wanderers Stadium,1,14.1,South Africa,Pakistan,HM Amla,F du Plessis,Imad Wasim,0,0,,,,,,,,,
1144159,2018/19,2019-01-27,The Wanderers Stadium,1,14.2,South Africa,Pakistan,HM Amla,F du Plessis,Imad Wasim,1,0,,,,,,,,,
1144159,2018/19,2019-01-27,The Wanderers Stadium,1,14.3,South Africa,Pakistan,F du Plessis,HM Amla,Imad Wasim,0,0,,,,,,,,,
1144159,2018/19,2019-01-27,The Wanderers Stadium,1,14.4,South Africa,Pakistan,F du Plessis,HM Amla,Imad Wasim,0,0,,,,,,,,,
1144159,2018/19,2019-01-27,The Wanderers Stadium,1,14.5,South Africa,Pakistan,F du Plessis,HM Amla,Imad Wasim,1,0,,,,,,,,,
1144159,2018/19,2019-01-27,The Wanderers Stadium,1,14.6,South Africa,Pakistan,HM Amla,F du Plessis,Imad Wasim,4,0,,,,,,,,,
1144159,2018/19,2019-01-27,The Wanderers Stadium,1,15.1,South Africa,Pakistan,F du Plessis,HM Amla,Shadab Khan,1,0,,,,,,,,,
1144159,2018/19,2019-01-27,The Wanderers Stadium,1,15.2,South Africa,Pakistan,HM Amla,F du Plessis,Shadab Khan,1,0,,,,,,,,,
1144159,2018/19,2019-01-27,The Wanderers Stadium,1,15.3,South Africa,Pakistan,F du Plessis,HM Amla,Shadab Khan,4,0,,,,,,,,,
1144159,2018/19,2019-01-27,The Wanderers Stadium,1,15.4,South Africa,Pakistan,F du Plessis,HM Amla,Shadab Khan,0,0,,,,,,,,,
1144159,2018/19,2019-01-27,The Wanderers Stadium,1,15.5,South Africa,Pakistan,F du Plessis,HM Amla,Shadab Khan,0,0,,,,,,,,,
1144159,2018/19,2019-01-27,The Wanderers Stadium,1,15.6,South Africa,Pakistan,F du Plessis,HM Amla,Shadab Khan,0,0,,,,,,,,,
1144159,2018/19,2019-01-27,The Wanderers Stadium,1,16.1,South Africa,Pakistan,HM Amla,F du Plessis,Imad Wasim,0,0,,,,,,,,,
1144159,2018/19,2019-01-27,The Wanderers Stadium,1,16.2,South Africa,Pakistan,HM Amla,F du Plessis,Imad Wasim,0,0,,,,,,,,,
1144159,2018/19,2019-01-27,The Wanderers Stadium,1,16.3,South Africa,Pakistan,HM Amla,F du Plessis,Imad Wasim,0,0,,,,,,,,,
1144159,2018/19,2019-01-27,The Wanderers Stadium,1,16.4,South Africa,Pakistan,HM Amla,F du Plessis,Imad Wasim,1,0,,,,,,,,,
1144159,2018/19,2019-01-27,The Wanderers Stadium,1,16.5,South Africa,Pakistan,F du Plessis,HM Amla,Imad Wasim,0,0,,,,,,,,,
1144159,2018/19,2019-01-27,The Wanderers Stadium,1,16.6,South Africa,Pakistan,F du Plessis,HM Amla,Imad Wasim,1,0,,,,,,,,,
1144159,2018/19,2019-01-27,The Wanderers Stadium,1,17.1,South Africa,Pakistan,F du Plessis,HM Amla,Shadab Khan,0,0,,,,,,,,,
1144159,2018/19,2019-01-27,The Wanderers Stadium,1,17.2,South Africa,Pakistan,F du Plessis,HM Amla,Shadab Khan,6,0,,,,,,,,,
1144159,2018/19,2019-01-27,The Wanderers Stadium,1,17.3,South Africa,Pakistan,F du Plessis,HM Amla,Shadab Khan,0,0,,,,,,,,,
1144159,2018/19,2019-01-27,The Wanderers Stadium,1,17.4,South Africa,Pakistan,F du Plessis,HM Amla,Shadab Khan,0,0,,,,,,,,,
1144159,2018/19,2019-01-27,The Wanderers Stadium,1,17.5,South Africa,Pakistan,F du Plessis,HM Amla,Shadab Khan,0,1,,,,1,,,,,
1144159,2018/19,2019-01-27,The Wanderers Stadium,1,17.6,South Africa,Pakistan,HM Amla,F du Plessis,Shadab Khan,0,0,,,,,,,,,
1144159,2018/19,2019-01-27,The Wanderers Stadium,1,18.1,South Africa,Pakistan,F du Plessis,HM Amla,Imad Wasim,0,0,,,,,,,,,
1144159,2018/19,2019-01-27,The Wanderers Stadium,1,18.2,South Africa,Pakistan,F du Plessis,HM Amla,Imad Wasim,1,0,,,,,,,,,
1144159,2018/19,2019-01-27,The Wanderers Stadium,1,18.3,South Africa,Pakistan,HM Amla,F du Plessis,Imad Wasim,0,0,,,,,,,,,
1144159,2018/19,2019-01-27,The Wanderers Stadium,1,18.4,South Africa,Pakistan,HM Amla,F du Plessis,Imad Wasim,4,0,,,,,,,,,
1144159,2018/19,2019-01-27,The Wanderers Stadium,1,18.5,South Africa,Pakistan,HM Amla,F du Plessis,Imad Wasim,0,0,,,,,,,,,
1144159,2018/19,2019-01-27,The Wanderers Stadium,1,18.6,South Africa,Pakistan,HM Amla,F du Plessis,Imad Wasim,0,0,,,,,,,,,
1144159,2018/19,2019-01-27,The Wanderers Stadium,1,19.1,South Africa,Pakistan,F du Plessis,HM Amla,Shadab Khan,0,0,,,,,,,,,
1144159,2018/19,2019-01-27,The Wanderers Stadium,1,19.2,South Africa,Pakistan,F du Plessis,HM Amla,Shadab Khan,1,0,,,,,,,,,
1144159,2018/19,2019-01-27,The Wanderers Stadium,1,19.3,South Africa,Pakistan,HM Amla,F du Plessis,Shadab Khan,1,0,,,,,,,,,
1144159,2018/19,2019-01-27,The Wanderers Stadium,1,19.4,South Africa,Pakistan,F du Plessis,HM Amla,Shadab Khan,1,0,,,,,,,,,
1144159,2018/19,2019-01-27,The Wanderers Stadium,1,19.5,South Africa,Pakistan,HM Amla,F du Plessis,Shadab Khan,1,0,,,,,,,,,
1144159,2018/19,2019-01-27,The Wanderers Stadium,1,19.6,South Africa,Pakistan,F du Plessis,HM Amla,Shadab Khan,1,0,,,,,,,,,
1144159,2018/19,2019-01-27,The Wanderers Stadium,1,20.1,South Africa,Pakistan,F du Plessis,HM Amla,Imad Wasim,0,0,,,,,,,,,
1144159,2018/19,2019-01-27,The Wanderers Stadium,1,20.2,South Africa,Pakistan,F du Plessis,HM Amla,Imad Wasim,1,0,,,,,,,,,
1144159,2018/19,2019-01-27,The Wanderers Stadium,1,20.3,South Africa,Pakistan,HM Amla,F du Plessis,Imad Wasim,0,0,,,,,,,,,
1144159,2018/19,2019-01-27,The Wanderers Stadium,1,20.4,South Africa,Pakistan,HM Amla,F du Plessis,Imad Wasim,0,0,,,,,,,,,
1144159,2018/19,2019-01-27,The Wanderers Stadium,1,20.5,South Africa,Pakistan,HM Amla,F du Plessis,Imad Wasim,0,0,,,,,,,,,
1144159,2018/19,2019-01-27,The Wanderers Stadium,1,20.6,South Africa,Pakistan,HM Amla,F du Plessis,Imad Wasim,1,0,,,,,,,,,
1144159,2018/19,2019-01-27,The Wanderers Stadium,1,21.1,South Africa,Pakistan,HM Amla,F du Plessis,Shadab Khan,1,0,,,,,,,,,
1144159,2018/19,2019-01-27,The Wanderers Stadium,1,21.2,South Africa,Pakistan,F du Plessis,HM Amla,Shadab Khan,0,0,,,,,,,,,
1144159,2018/19,2019-01-27,The Wanderers Stadium,1,21.3,South Africa,Pakistan,F du Plessis,HM Amla,Shadab Khan,0,0,,,,,,,,,
1144159,2018/19,2019-01-27,The Wanderers Stadium,1,21.4,South Africa,Pakistan,F du Plessis,HM Amla,Shadab Khan,0,0,,,,,,,,,
1144159,2018/19,2019-01-27,The Wanderers Stadium,1,21.5,South Africa,Pakistan,F du Plessis,HM Amla,Shadab Khan,0,0,,,,,,,,,
1144159,2018/19,2019-01-27,The Wanderers Stadium,1,21.6,South Africa,Pakistan,F du Plessis,HM Amla,Shadab Khan,0,0,,,,,,,,,
1144159,2018/19,2019-01-27,The Wanderers Stadium,1,22.1,South Africa,Pakistan,HM Amla,F du Plessis,Imad Wasim,1,0,,,,,,,,,
1144159,2018/19,2019-01-27,The Wanderers Stadium,1,22.2,South Africa,Pakistan,F du Plessis,HM Amla,Imad Wasim,0,0,,,,,,,,,
1144159,2018/19,2019-01-27,The Wanderers Stadium,1,22.3,South Africa,Pakistan,F du Plessis,HM Amla,Imad Wasim,1,0,,,,,,,,,
1144159,2018/19,2019-01-27,The Wanderers Stadium,1,22.4,South Africa,Pakistan,HM Amla,F du Plessis,Imad Wasim,0,0,,,,,,,,,
1144159,2018/19,2019-01-27,The Wanderers Stadium,1,22.5,South Africa,Pakistan,HM Amla,F du Plessis,Imad Wasim,1,0,,,,,,,,,
1144159,2018/19,2019-01-27,The Wanderers Stadium,1,22.6,South Africa,Pakistan,F du Plessis,HM Amla,Imad Wasim,0,0,,,,,,,,,
1144159,2018/19,2019-01-27,The Wanderers Stadium,1,23.1,South Africa,Pakistan,HM Amla,F du Plessis,Shadab Khan,1,0,,,,,,,,,
1144159,2018/19,2019-01-27,The Wanderers Stadium,1,23.2,South Africa,Pakistan,F du Plessis,HM Amla,Shadab Khan,1,0,,,,,,,,,
1144159,2018/19,2019-01-27,The Wanderers Stadium,1,23.3,South Africa,Pakistan,HM Amla,F du Plessis,Shadab Khan,1,0,,,,,,,,,
1144159,2018/19,2019-01-27,The Wanderers Stadium,1,23.4,South Africa,Pakistan,F du Plessis,HM Amla,Shadab Khan,0,0,,,,,,,,,
1144159,2018/19,2019-01-27,The Wanderers Stadium,1,23.5,South Africa,Pakistan,F du Plessis,HM Amla,Shadab Khan,0,0,,,,,,,,,
1144159,2018/19,2019-01-27,The Wanderers Stadium,1,23.6,South Africa,Pakistan,F du Plessis,HM Amla,Shadab Khan,0,0,,,,,,,,,
1144159,2018/19,2019-01-27,The Wanderers Stadium,1,24.1,South Africa,Pakistan,HM Amla,F du Plessis,Imad Wasim,1,0,,,,,,,,,
1144159,2018/19,2019-01-27,The Wanderers Stadium,1,24.2,South Africa,Pakistan,F du Plessis,HM Amla,Imad Wasim,0,0,,,,,,,,,
1144159,2018/19,2019-01-27,The Wanderers Stadium,1,24.3,South Africa,Pakistan,F du Plessis,HM Amla,Imad Wasim,0,0,,,,,,,,,
1144159,2018/19,2019-01-27,The Wanderers Stadium,1,24.4,South Africa,Pakistan,F du Plessis,HM Amla,Imad Wasim,0,0,,,,,,,,,
1144159,2018/19,2019-01-27,The Wanderers Stadium,1,24.5,South Africa,Pakistan,F du Plessis,HM Amla,Imad Wasim,1,0,,,,,,,,,
1144159,2018/19,2019-01-27,The Wanderers Stadium,1,24.6,South Africa,Pakistan,HM Amla,F du Plessis,Imad Wasim,0,0,,,,,,,,,
1144159,2018/19,2019-01-27,The Wanderers Stadium,1,25.1,South Africa,Pakistan,F du Plessis,HM Amla,Shadab Khan,0,0,,,,,,,,,
1144159,2018/19,2019-01-27,The Wanderers Stadium,1,25.2,South Africa,Pakistan,F du Plessis,HM Amla,Shadab Khan,4,0,,,,,,,,,
1144159,2018/19,2019-01-27,The Wanderers Stadium,1,25.3,South Africa,Pakistan,F du Plessis,HM Amla,Shadab Khan,3,0,,,,,,,,,
1144159,2018/19,2019-01-27,The Wanderers Stadium,1,25.4,South Africa,Pakistan,HM Amla,F du Plessis,Shadab Khan,1,0,,,,,,,,,
1144159,2018/19,2019-01-27,The Wanderers Stadium,1,25.5,South Africa,Pakistan,F du Plessis,HM Amla,Shadab Khan,4,0,,,,,,,,,
1144159,2018/19,2019-01-27,The Wanderers Stadium,1,25.6,South Africa,Pakistan,F du Plessis,HM Amla,Shadab Khan,0,0,,,,,,caught,F du Plessis,,
1144159,2018/19,2019-01-27,The Wanderers Stadium,1,26.1,South Africa,Pakistan,HE van der Dussen,HM Amla,Imad Wasim,0,0,,,,,,,,,
1144159,2018/19,2019-01-27,The Wanderers Stadium,1,26.2,South Africa,Pakistan,HE van der Dussen,HM Amla,Imad Wasim,0,0,,,,,,,,,
1144159,2018/19,2019-01-27,The Wanderers Stadium,1,26.3,South Africa,Pakistan,HE van der Dussen,HM Amla,Imad Wasim,1,0,,,,,,,,,
1144159,2018/19,2019-01-27,The Wanderers Stadium,1,26.4,South Africa,Pakistan,HM Amla,HE van der Dussen,Imad Wasim,0,0,,,,,,,,,
1144159,2018/19,2019-01-27,The Wanderers Stadium,1,26.5,South Africa,Pakistan,HM Amla,HE van der Dussen,Imad Wasim,0,0,,,,,,,,,
1144159,2018/19,2019-01-27,The Wanderers Stadium,1,26.6,South Africa,Pakistan,HM Amla,HE van der Dussen,Imad Wasim,1,0,,,,,,,,,
1144159,2018/19,2019-01-27,The Wanderers Stadium,1,27.1,South Africa,Pakistan,HM Amla,HE van der Dussen,Shadab Khan,1,0,,,,,,,,,
1144159,2018/19,2019-01-27,The Wanderers Stadium,1,27.2,South Africa,Pakistan,HE van der Dussen,HM Amla,Shadab Khan,0,0,,,,,,,,,
1144159,2018/19,2019-01-27,The Wanderers Stadium,1,27.3,South Africa,Pakistan,HE van der Dussen,HM Amla,Shadab Khan,0,0,,,,,,,,,
1144159,2018/19,2019-01-27,The Wanderers Stadium,1,27.4,South Africa,Pakistan,HE van der Dussen,HM Amla,Shadab Khan,0,0,,,,,,,,,
1144159,2018/19,2019-01-27,The Wanderers Stadium,1,27.5,South Africa,Pakistan,HE van der Dussen,HM Amla,Shadab Khan,0,0,,,,,,,,,
1144159,2018/19,2019-01-27,The Wanderers Stadium,1,27.6,South Africa,Pakistan,HE van der Dussen,HM Amla,Shadab Khan,1,0,,,,,,,,,
1144159,2018/19,2019-01-27,The Wanderers Stadium,1,28.1,South Africa,Pakistan,HE van der Dussen,HM Amla,Imad Wasim,1,0,,,,,,,,,
1144159,2018/19,2019-01-27,The Wanderers Stadium,1,28.2,South Africa,Pakistan,HM Amla,HE van der Dussen,Imad Wasim,0,0,,,,,,,,,
1144159,2018/19,2019-01-27,The Wanderers Stadium,1,28.3,South Africa,Pakistan,HM Amla,HE van der Dussen,Imad Wasim,0,0,,,,,,,,,
1144159,2018/19,2019-01-27,The Wanderers Stadium,1,28.4,South Africa,Pakistan,HM Amla,HE van der Dussen,Imad Wasim,0,0,,,,,,,,,
1144159,2018/19,2019-01-27,The Wanderers Stadium,1,28.5,South Africa,Pakistan,HM Amla,HE van der Dussen,Imad Wasim,1,0,,,,,,,,,
1144159,2018/19,2019-01-27,The Wanderers Stadium,1,28.6,South Africa,Pakistan,HE van der Dussen,HM Amla,Imad Wasim,1,0,,,,,,,,,
1144159,2018/19,2019-01-27,The Wanderers Stadium,1,29.1,South Africa,Pakistan,HE van der Dussen,HM Amla,Shadab Khan,0,0,,,,,,,,,
1144159,2018/19,2019-01-27,The Wanderers Stadium,1,29.2,South Africa,Pakistan,HE van der Dussen,HM Amla,Shadab Khan,1,0,,,,,,,,,
1144159,2018/19,2019-01-27,The Wanderers Stadium,1,29.3,South Africa,Pakistan,HM Amla,HE van der Dussen,Shadab Khan,1,0,,,,,,,,,
1144159,2018/19,2019-01-27,The Wanderers Stadium,1,29.4,South Africa,Pakistan,HE van der Dussen,HM Amla,Shadab Khan,1,0,,,,,,,,,
1144159,2018/19,2019-01-27,The Wanderers Stadium,1,29.5,South Africa,Pakistan,HM Amla,HE van der Dussen,Shadab Khan,1,0,,,,,,,,,
1144159,2018/19,2019-01-27,The Wanderers Stadium,1,29.6,South Africa,Pakistan,HE van der Dussen,HM Amla,Shadab Khan,0,0,,,,,,,,,
1144159,2018/19,2019-01-27,The Wanderers Stadium,1,30.1,South Africa,Pakistan,HM Amla,HE van der Dussen,Imad Wasim,0,0,,,,,,bowled,HM Amla,,
1144159,2018/19,2019-01-27,The Wanderers Stadium,1,30.2,South Africa,Pakistan,DA Miller,HE van der Dussen,Imad Wasim,1,0,,,,,,,,,
1144159,2018/19,2019-01-27,The Wanderers Stadium,1,30.3,South Africa,Pakistan,HE van der Dussen,DA Miller,Imad Wasim,1,0,,,,,,,,,
1144159,2018/19,2019-01-27,The Wanderers Stadium,1,30.4,South Africa,Pakistan,DA Miller,HE van der Dussen,Imad Wasim,1,0,,,,,,,,,
1144159,2018/19,2019-01-27,The Wanderers Stadium,1,30.5,South Africa,Pakistan,HE van der Dussen,DA Miller,Imad Wasim,1,0,,,,,,,,,
1144159,2018/19,2019-01-27,The Wanderers Stadium,1,30.6,South Africa,Pakistan,DA Miller,HE van der Dussen,Imad Wasim,0,0,,,,,,,,,
1144159,2018/19,2019-01-27,The Wanderers Stadium,1,31.1,South Africa,Pakistan,HE van der Dussen,DA Miller,Shaheen Shah Afridi,0,0,,,,,,,,,
1144159,2018/19,2019-01-27,The Wanderers Stadium,1,31.2,South Africa,Pakistan,HE van der Dussen,DA Miller,Shaheen Shah Afridi,2,0,,,,,,,,,
1144159,2018/19,2019-01-27,The Wanderers Stadium,1,31.3,South Africa,Pakistan,HE van der Dussen,DA Miller,Shaheen Shah Afridi,1,0,,,,,,,,,
1144159,2018/19,2019-01-27,The Wanderers Stadium,1,31.4,South Africa,Pakistan,DA Miller,HE van der Dussen,Shaheen Shah Afridi,0,0,,,,,,,,,
1144159,2018/19,2019-01-27,The Wanderers Stadium,1,31.5,South Africa,Pakistan,DA Miller,HE van der Dussen,Shaheen Shah Afridi,0,0,,,,,,,,,
1144159,2018/19,2019-01-27,The Wanderers Stadium,1,31.6,South Africa,Pakistan,DA Miller,HE van der Dussen,Shaheen Shah Afridi,2,0,,,,,,,,,
1144159,2018/19,2019-01-27,The Wanderers Stadium,1,32.1,South Africa,Pakistan,HE van der Dussen,DA Miller,Mohammad Amir,1,0,,,,,,,,,
1144159,2018/19,2019-01-27,The Wanderers Stadium,1,32.2,South Africa,Pakistan,DA Miller,HE van der Dussen,Mohammad Amir,0,0,,,,,,lbw,DA Miller,,
1144159,2018/19,2019-01-27,The Wanderers Stadium,1,32.3,South Africa,Pakistan,AL Phehlukwayo,HE van der Dussen,Mohammad Amir,0,0,,,,,,,,,
1144159,2018/19,2019-01-27,The Wanderers Stadium,1,32.4,South Africa,Pakistan,AL Phehlukwayo,HE van der Dussen,Mohammad Amir,0,0,,,,,,,,,
1144159,2018/19,2019-01-27,The Wanderers Stadium,1,32.5,South Africa,Pakistan,AL Phehlukwayo,HE van der Dussen,Mohammad Amir,1,0,,,,,,,,,
1144159,2018/19,2019-01-27,The Wanderers Stadium,1,32.6,South Africa,Pakistan,HE van der Dussen,AL Phehlukwayo,Mohammad Amir,0,0,,,,,,,,,
1144159,2018/19,2019-01-27,The Wanderers Stadium,1,33.1,South Africa,Pakistan,AL Phehlukwayo,HE van der Dussen,Shaheen Shah Afridi,0,0,,,,,,,,,
1144159,2018/19,2019-01-27,The Wanderers Stadium,1,33.2,South Africa,Pakistan,AL Phehlukwayo,HE van der Dussen,Shaheen Shah Afridi,0,0,,,,,,,,,
1144159,2018/19,2019-01-27,The Wanderers Stadium,1,33.3,South Africa,Pakistan,AL Phehlukwayo,HE van der Dussen,Shaheen Shah Afridi,0,0,,,,,,,,,
1144159,2018/19,2019-01-27,The Wanderers Stadium,1,33.4,South Africa,Pakistan,AL Phehlukwayo,HE van der Dussen,Shaheen Shah Afridi,4,0,,,,,,,,,
1144159,2018/19,2019-01-27,The Wanderers Stadium,1,33.5,South Africa,Pakistan,AL Phehlukwayo,HE van der Dussen,Shaheen Shah Afridi,0,0,,,,,,,,,
1144159,2018/19,2019-01-27,The Wanderers Stadium,1,33.6,South Africa,Pakistan,AL Phehlukwayo,HE van der Dussen,Shaheen Shah Afridi,0,0,,,,,,,,,
1144159,2018/19,2019-01-27,The Wanderers Stadium,1,34.1,South Africa,Pakistan,HE van der Dussen,AL Phehlukwayo,Mohammad Amir,4,0,,,,,,,,,
1144159,2018/19,2019-01-27,The Wanderers Stadium,1,34.2,South Africa,Pakistan,HE van der Dussen,AL Phehlukwayo,Mohammad Amir,1,0,,,,,,,,,
1144159,2018/19,2019-01-27,The Wanderers Stadium,1,34.3,South Africa,Pakistan,AL Phehlukwayo,HE van der Dussen,Mohammad Amir,0,0,,,,,,,,,
1144159,2018/19,2019-01-27,The Wanderers Stadium,1,34.4,South Africa,Pakistan,AL Phehlukwayo,HE van der Dussen,Mohammad Amir,4,0,,,,,,,,,
1144159,2018/19,2019-01-27,The Wanderers Stadium,1,34.5,South Africa,Pakistan,AL Phehlukwayo,HE van der Dussen,Mohammad Amir,0,0,,,,,,,,,
1144159,2018/19,2019-01-27,The Wanderers Stadium,1,34.6,South Africa,Pakistan,AL Phehlukwayo,HE van der Dussen,Mohammad Amir,0,0,,,,,,,,,
1144159,2018/19,2019-01-27,The Wanderers Stadium,1,35.1,South Africa,Pakistan,HE van der Dussen,AL Phehlukwayo,Shaheen Shah Afridi,1,0,,,,,,,,,
1144159,2018/19,2019-01-27,The Wanderers Stadium,1,35.2,South Africa,Pakistan,AL Phehlukwayo,HE van der Dussen,Shaheen Shah Afridi,0,0,,,,,,,,,
1144159,2018/19,2019-01-27,The Wanderers Stadium,1,35.3,South Africa,Pakistan,AL Phehlukwayo,HE van der Dussen,Shaheen Shah Afridi,0,0,,,,,,,,,
1144159,2018/19,2019-01-27,The Wanderers Stadium,1,35.4,South Africa,Pakistan,AL Phehlukwayo,HE van der Dussen,Shaheen Shah Afridi,0,0,,,,,,,,,
1144159,2018/19,2019-01-27,The Wanderers Stadium,1,35.5,South Africa,Pakistan,AL Phehlukwayo,HE van der Dussen,Shaheen Shah Afridi,0,0,,,,,,,,,
1144159,2018/19,2019-01-27,The Wanderers Stadium,1,35.6,South Africa,Pakistan,AL Phehlukwayo,HE van der Dussen,Shaheen Shah Afridi,0,0,,,,,,,,,
1144159,2018/19,2019-01-27,The Wanderers Stadium,1,36.1,South Africa,Pakistan,HE van der Dussen,AL Phehlukwayo,Mohammad Amir,0,0,,,,,,,,,
1144159,2018/19,2019-01-27,The Wanderers Stadium,1,36.2,South Africa,Pakistan,HE van der Dussen,AL Phehlukwayo,Mohammad Amir,0,0,,,,,,,,,
1144159,2018/19,2019-01-27,The Wanderers Stadium,1,36.3,South Africa,Pakistan,HE van der Dussen,AL Phehlukwayo,Mohammad Amir,0,0,,,,,,,,,
1144159,2018/19,2019-01-27,The Wanderers Stadium,1,36.4,South Africa,Pakistan,HE van der Dussen,AL Phehlukwayo,Mohammad Amir,0,0,,,,,,,,,
1144159,2018/19,2019-01-27,The Wanderers Stadium,1,36.5,South Africa,Pakistan,HE van der Dussen,AL Phehlukwayo,Mohammad Amir,0,0,,,,,,,,,
1144159,2018/19,2019-01-27,The Wanderers Stadium,1,36.6,South Africa,Pakistan,HE van der Dussen,AL Phehlukwayo,Mohammad Amir,0,0,,,,,,,,,
1144159,2018/19,2019-01-27,The Wanderers Stadium,1,37.1,South Africa,Pakistan,AL Phehlukwayo,HE van der Dussen,Usman Shinwari,1,0,,,,,,,,,
1144159,2018/19,2019-01-27,The Wanderers Stadium,1,37.2,South Africa,Pakistan,HE van der Dussen,AL Phehlukwayo,Usman Shinwari,0,0,,,,,,caught,HE van der Dussen,,
1144159,2018/19,2019-01-27,The Wanderers Stadium,1,37.3,South Africa,Pakistan,DW Steyn,AL Phehlukwayo,Usman Shinwari,0,0,,,,,,,,,
1144159,2018/19,2019-01-27,The Wanderers Stadium,1,37.4,South Africa,Pakistan,DW Steyn,AL Phehlukwayo,Usman Shinwari,0,0,,,,,,bowled,DW Steyn,,
1144159,2018/19,2019-01-27,The Wanderers Stadium,1,37.5,South Africa,Pakistan,K Rabada,AL Phehlukwayo,Usman Shinwari,0,0,,,,,,caught,K Rabada,,
1144159,2018/19,2019-01-27,The Wanderers Stadium,1,37.6,South Africa,Pakistan,BE Hendricks,AL Phehlukwayo,Usman Shinwari,0,0,,,,,,,,,
1144159,2018/19,2019-01-27,The Wanderers Stadium,1,38.1,South Africa,Pakistan,AL Phehlukwayo,BE Hendricks,Mohammad Amir,1,0,,,,,,,,,
1144159,2018/19,2019-01-27,The Wanderers Stadium,1,38.2,South Africa,Pakistan,BE Hendricks,AL Phehlukwayo,Mohammad Amir,0,0,,,,,,,,,
1144159,2018/19,2019-01-27,The Wanderers Stadium,1,38.3,South Africa,Pakistan,BE Hendricks,AL Phehlukwayo,Mohammad Amir,0,0,,,,,,,,,
1144159,2018/19,2019-01-27,The Wanderers Stadium,1,38.4,South Africa,Pakistan,BE Hendricks,AL Phehlukwayo,Mohammad Amir,0,0,,,,,,,,,
1144159,2018/19,2019-01-27,The Wanderers Stadium,1,38.5,South Africa,Pakistan,BE Hendricks,AL Phehlukwayo,Mohammad Amir,0,0,,,,,,,,,
1144159,2018/19,2019-01-27,The Wanderers Stadium,1,38.6,South Africa,Pakistan,BE Hendricks,AL Phehlukwayo,Mohammad Amir,0,0,,,,,,,,,
1144159,2018/19,2019-01-27,The Wanderers Stadium,1,39.1,South Africa,Pakistan,AL Phehlukwayo,BE Hendricks,Usman Shinwari,0,0,,,,,,caught,AL Phehlukwayo,,
1144159,2018/19,2019-01-27,The Wanderers Stadium,1,39.2,South Africa,Pakistan,Imran Tahir,BE Hendricks,Usman Shinwari,0,0,,,,,,,,,
1144159,2018/19,2019-01-27,The Wanderers Stadium,1,39.3,South Africa,Pakistan,Imran Tahir,BE Hendricks,Usman Shinwari,4,0,,,,,,,,,
1144159,2018/19,2019-01-27,The Wanderers Stadium,1,39.4,South Africa,Pakistan,Imran Tahir,BE Hendricks,Usman Shinwari,0,0,,,,,,,,,
1144159,2018/19,2019-01-27,The Wanderers Stadium,1,39.5,South Africa,Pakistan,Imran Tahir,BE Hendricks,Usman Shinwari,0,0,,,,,,,,,
1144159,2018/19,2019-01-27,The Wanderers Stadium,1,39.6,South Africa,Pakistan,Imran Tahir,BE Hendricks,Usman Shinwari,0,0,,,,,,,,,
1144159,2018/19,2019-01-27,The Wanderers Stadium,1,40.1,South Africa,Pakistan,BE Hendricks,Imran Tahir,Shadab Khan,1,0,,,,,,,,,
1144159,2018/19,2019-01-27,The Wanderers Stadium,1,40.2,South Africa,Pakistan,Imran Tahir,BE Hendricks,Shadab Khan,0,0,,,,,,,,,
1144159,2018/19,2019-01-27,The Wanderers Stadium,1,40.3,South Africa,Pakistan,Imran Tahir,BE Hendricks,Shadab Khan,1,0,,,,,,,,,
1144159,2018/19,2019-01-27,The Wanderers Stadium,1,40.4,South Africa,Pakistan,BE Hendricks,Imran Tahir,Shadab Khan,1,0,,,,,,,,,
1144159,2018/19,2019-01-27,The Wanderers Stadium,1,40.5,South Africa,Pakistan,Imran Tahir,BE Hendricks,Shadab Khan,0,0,,,,,,,,,
1144159,2018/19,2019-01-27,The Wanderers Stadium,1,40.6,South Africa,Pakistan,Imran Tahir,BE Hendricks,Shadab Khan,0,0,,,,,,caught,Imran Tahir,,
1144159,2018/19,2019-01-27,The Wanderers Stadium,2,0.1,Pakistan,South Africa,Imam-ul-Haq,Fakhar Zaman,DW Steyn,1,0,,,,,,,,,
1144159,2018/19,2019-01-27,The Wanderers Stadium,2,0.2,Pakistan,South Africa,Fakhar Zaman,Imam-ul-Haq,DW Steyn,0,0,,,,,,,,,
1144159,2018/19,2019-01-27,The Wanderers Stadium,2,0.3,Pakistan,South Africa,Fakhar Zaman,Imam-ul-Haq,DW Steyn,4,0,,,,,,,,,
1144159,2018/19,2019-01-27,The Wanderers Stadium,2,0.4,Pakistan,South Africa,Fakhar Zaman,Imam-ul-Haq,DW Steyn,0,0,,,,,,,,,
1144159,2018/19,2019-01-27,The Wanderers Stadium,2,0.5,Pakistan,South Africa,Fakhar Zaman,Imam-ul-Haq,DW Steyn,0,0,,,,,,,,,
1144159,2018/19,2019-01-27,The Wanderers Stadium,2,0.6,Pakistan,South Africa,Fakhar Zaman,Imam-ul-Haq,DW Steyn,0,0,,,,,,,,,
1144159,2018/19,2019-01-27,The Wanderers Stadium,2,1.1,Pakistan,South Africa,Imam-ul-Haq,Fakhar Zaman,BE Hendricks,0,0,,,,,,,,,
1144159,2018/19,2019-01-27,The Wanderers Stadium,2,1.2,Pakistan,South Africa,Imam-ul-Haq,Fakhar Zaman,BE Hendricks,0,1,1,,,,,,,,
1144159,2018/19,2019-01-27,The Wanderers Stadium,2,1.3,Pakistan,South Africa,Imam-ul-Haq,Fakhar Zaman,BE Hendricks,0,0,,,,,,,,,
1144159,2018/19,2019-01-27,The Wanderers Stadium,2,1.4,Pakistan,South Africa,Imam-ul-Haq,Fakhar Zaman,BE Hendricks,0,0,,,,,,,,,
1144159,2018/19,2019-01-27,The Wanderers Stadium,2,1.5,Pakistan,South Africa,Imam-ul-Haq,Fakhar Zaman,BE Hendricks,0,0,,,,,,,,,
1144159,2018/19,2019-01-27,The Wanderers Stadium,2,1.6,Pakistan,South Africa,Imam-ul-Haq,Fakhar Zaman,BE Hendricks,0,0,,,,,,,,,
1144159,2018/19,2019-01-27,The Wanderers Stadium,2,1.7,Pakistan,South Africa,Imam-ul-Haq,Fakhar Zaman,BE Hendricks,0,0,,,,,,,,,
1144159,2018/19,2019-01-27,The Wanderers Stadium,2,2.1,Pakistan,South Africa,Fakhar Zaman,Imam-ul-Haq,DW Steyn,0,0,,,,,,,,,
1144159,2018/19,2019-01-27,The Wanderers Stadium,2,2.2,Pakistan,South Africa,Fakhar Zaman,Imam-ul-Haq,DW Steyn,0,0,,,,,,,,,
1144159,2018/19,2019-01-27,The Wanderers Stadium,2,2.3,Pakistan,South Africa,Fakhar Zaman,Imam-ul-Haq,DW Steyn,0,0,,,,,,,,,
1144159,2018/19,2019-01-27,The Wanderers Stadium,2,2.4,Pakistan,South Africa,Fakhar Zaman,Imam-ul-Haq,DW Steyn,0,1,,,,1,,,,,
1144159,2018/19,2019-01-27,The Wanderers Stadium,2,2.5,Pakistan,South Africa,Imam-ul-Haq,Fakhar Zaman,DW Steyn,0,0,,,,,,,,,
1144159,2018/19,2019-01-27,The Wanderers Stadium,2,2.6,Pakistan,South Africa,Imam-ul-Haq,Fakhar Zaman,DW Steyn,0,1,1,,,,,,,,
1144159,2018/19,2019-01-27,The Wanderers Stadium,2,2.7,Pakistan,South Africa,Imam-ul-Haq,Fakhar Zaman,DW Steyn,0,0,,,,,,,,,
1144159,2018/19,2019-01-27,The Wanderers Stadium,2,3.1,Pakistan,South Africa,Fakhar Zaman,Imam-ul-Haq,BE Hendricks,0,0,,,,,,,,,
1144159,2018/19,2019-01-27,The Wanderers Stadium,2,3.2,Pakistan,South Africa,Fakhar Zaman,Imam-ul-Haq,BE Hendricks,0,0,,,,,,,,,
1144159,2018/19,2019-01-27,The Wanderers Stadium,2,3.3,Pakistan,South Africa,Fakhar Zaman,Imam-ul-Haq,BE Hendricks,3,0,,,,,,,,,
1144159,2018/19,2019-01-27,The Wanderers Stadium,2,3.4,Pakistan,South Africa,Imam-ul-Haq,Fakhar Zaman,BE Hendricks,4,0,,,,,,,,,
1144159,2018/19,2019-01-27,The Wanderers Stadium,2,3.5,Pakistan,South Africa,Imam-ul-Haq,Fakhar Zaman,BE Hendricks,1,0,,,,,,,,,
1144159,2018/19,2019-01-27,The Wanderers Stadium,2,3.6,Pakistan,South Africa,Fakhar Zaman,Imam-ul-Haq,BE Hendricks,0,0,,,,,,,,,
1144159,2018/19,2019-01-27,The Wanderers Stadium,2,4.1,Pakistan,South Africa,Imam-ul-Haq,Fakhar Zaman,DW Steyn,0,0,,,,,,,,,
1144159,2018/19,2019-01-27,The Wanderers Stadium,2,4.2,Pakistan,South Africa,Imam-ul-Haq,Fakhar Zaman,DW Steyn,1,0,,,,,,,,,
1144159,2018/19,2019-01-27,The Wanderers Stadium,2,4.3,Pakistan,South Africa,Fakhar Zaman,Imam-ul-Haq,DW Steyn,0,0,,,,,,,,,
1144159,2018/19,2019-01-27,The Wanderers Stadium,2,4.4,Pakistan,South Africa,Fakhar Zaman,Imam-ul-Haq,DW Steyn,1,0,,,,,,,,,
1144159,2018/19,2019-01-27,The Wanderers Stadium,2,4.5,Pakistan,South Africa,Imam-ul-Haq,Fakhar Zaman,DW Steyn,0,0,,,,,,,,,
1144159,2018/19,2019-01-27,The Wanderers Stadium,2,4.6,Pakistan,South Africa,Imam-ul-Haq,Fakhar Zaman,DW Steyn,0,0,,,,,,,,,
1144159,2018/19,2019-01-27,The Wanderers Stadium,2,5.1,Pakistan,South Africa,Fakhar Zaman,Imam-ul-Haq,BE Hendricks,4,0,,,,,,,,,
1144159,2018/19,2019-01-27,The Wanderers Stadium,2,5.2,Pakistan,South Africa,Fakhar Zaman,Imam-ul-Haq,BE Hendricks,0,0,,,,,,,,,
1144159,2018/19,2019-01-27,The Wanderers Stadium,2,5.3,Pakistan,South Africa,Fakhar Zaman,Imam-ul-Haq,BE Hendricks,0,0,,,,,,,,,
1144159,2018/19,2019-01-27,The Wanderers Stadium,2,5.4,Pakistan,South Africa,Fakhar Zaman,Imam-ul-Haq,BE Hendricks,1,0,,,,,,,,,
1144159,2018/19,2019-01-27,The Wanderers Stadium,2,5.5,Pakistan,South Africa,Imam-ul-Haq,Fakhar Zaman,BE Hendricks,0,0,,,,,,,,,
1144159,2018/19,2019-01-27,The Wanderers Stadium,2,5.6,Pakistan,South Africa,Imam-ul-Haq,Fakhar Zaman,BE Hendricks,0,0,,,,,,,,,
1144159,2018/19,2019-01-27,The Wanderers Stadium,2,6.1,Pakistan,South Africa,Fakhar Zaman,Imam-ul-Haq,DW Steyn,0,0,,,,,,,,,
1144159,2018/19,2019-01-27,The Wanderers Stadium,2,6.2,Pakistan,South Africa,Fakhar Zaman,Imam-ul-Haq,DW Steyn,0,0,,,,,,,,,
1144159,2018/19,2019-01-27,The Wanderers Stadium,2,6.3,Pakistan,South Africa,Fakhar Zaman,Imam-ul-Haq,DW Steyn,4,0,,,,,,,,,
1144159,2018/19,2019-01-27,The Wanderers Stadium,2,6.4,Pakistan,South Africa,Fakhar Zaman,Imam-ul-Haq,DW Steyn,4,0,,,,,,,,,
1144159,2018/19,2019-01-27,The Wanderers Stadium,2,6.5,Pakistan,South Africa,Fakhar Zaman,Imam-ul-Haq,DW Steyn,0,0,,,,,,,,,
1144159,2018/19,2019-01-27,The Wanderers Stadium,2,6.6,Pakistan,South Africa,Fakhar Zaman,Imam-ul-Haq,DW Steyn,1,0,,,,,,,,,
1144159,2018/19,2019-01-27,The Wanderers Stadium,2,7.1,Pakistan,South Africa,Fakhar Zaman,Imam-ul-Haq,K Rabada,0,0,,,,,,,,,
1144159,2018/19,2019-01-27,The Wanderers Stadium,2,7.2,Pakistan,South Africa,Fakhar Zaman,Imam-ul-Haq,K Rabada,0,0,,,,,,,,,
1144159,2018/19,2019-01-27,The Wanderers Stadium,2,7.3,Pakistan,South Africa,Fakhar Zaman,Imam-ul-Haq,K Rabada,0,0,,,,,,,,,
1144159,2018/19,2019-01-27,The Wanderers Stadium,2,7.4,Pakistan,South Africa,Fakhar Zaman,Imam-ul-Haq,K Rabada,2,0,,,,,,,,,
1144159,2018/19,2019-01-27,The Wanderers Stadium,2,7.5,Pakistan,South Africa,Fakhar Zaman,Imam-ul-Haq,K Rabada,4,0,,,,,,,,,
1144159,2018/19,2019-01-27,The Wanderers Stadium,2,7.6,Pakistan,South Africa,Fakhar Zaman,Imam-ul-Haq,K Rabada,0,0,,,,,,,,,
1144159,2018/19,2019-01-27,The Wanderers Stadium,2,8.1,Pakistan,South Africa,Imam-ul-Haq,Fakhar Zaman,DW Steyn,0,0,,,,,,,,,
1144159,2018/19,2019-01-27,The Wanderers Stadium,2,8.2,Pakistan,South Africa,Imam-ul-Haq,Fakhar Zaman,DW Steyn,0,0,,,,,,,,,
1144159,2018/19,2019-01-27,The Wanderers Stadium,2,8.3,Pakistan,South Africa,Imam-ul-Haq,Fakhar Zaman,DW Steyn,2,0,,,,,,,,,
1144159,2018/19,2019-01-27,The Wanderers Stadium,2,8.4,Pakistan,South Africa,Imam-ul-Haq,Fakhar Zaman,DW Steyn,3,0,,,,,,,,,
1144159,2018/19,2019-01-27,The Wanderers Stadium,2,8.5,Pakistan,South Africa,Fakhar Zaman,Imam-ul-Haq,DW Steyn,4,0,,,,,,,,,
1144159,2018/19,2019-01-27,The Wanderers Stadium,2,8.6,Pakistan,South Africa,Fakhar Zaman,Imam-ul-Haq,DW Steyn,0,0,,,,,,,,,
1144159,2018/19,2019-01-27,The Wanderers Stadium,2,9.1,Pakistan,South Africa,Imam-ul-Haq,Fakhar Zaman,K Rabada,0,0,,,,,,,,,
1144159,2018/19,2019-01-27,The Wanderers Stadium,2,9.2,Pakistan,South Africa,Imam-ul-Haq,Fakhar Zaman,K Rabada,0,0,,,,,,,,,
1144159,2018/19,2019-01-27,The Wanderers Stadium,2,9.3,Pakistan,South Africa,Imam-ul-Haq,Fakhar Zaman,K Rabada,0,0,,,,,,,,,
1144159,2018/19,2019-01-27,The Wanderers Stadium,2,9.4,Pakistan,South Africa,Imam-ul-Haq,Fakhar Zaman,K Rabada,0,0,,,,,,,,,
1144159,2018/19,2019-01-27,The Wanderers Stadium,2,9.5,Pakistan,South Africa,Imam-ul-Haq,Fakhar Zaman,K Rabada,0,0,,,,,,,,,
1144159,2018/19,2019-01-27,The Wanderers Stadium,2,9.6,Pakistan,South Africa,Imam-ul-Haq,Fakhar Zaman,K Rabada,4,0,,,,,,,,,
1144159,2018/19,2019-01-27,The Wanderers Stadium,2,10.1,Pakistan,South Africa,Fakhar Zaman,Imam-ul-Haq,BE Hendricks,1,0,,,,,,,,,
1144159,2018/19,2019-01-27,The Wanderers Stadium,2,10.2,Pakistan,South Africa,Imam-ul-Haq,Fakhar Zaman,BE Hendricks,0,0,,,,,,,,,
1144159,2018/19,2019-01-27,The Wanderers Stadium,2,10.3,Pakistan,South Africa,Imam-ul-Haq,Fakhar Zaman,BE Hendricks,1,0,,,,,,,,,
1144159,2018/19,2019-01-27,The Wanderers Stadium,2,10.4,Pakistan,South Africa,Fakhar Zaman,Imam-ul-Haq,BE Hendricks,1,0,,,,,,,,,
1144159,2018/19,2019-01-27,The Wanderers Stadium,2,10.5,Pakistan,South Africa,Imam-ul-Haq,Fakhar Zaman,BE Hendricks,4,0,,,,,,,,,
1144159,2018/19,2019-01-27,The Wanderers Stadium,2,10.6,Pakistan,South Africa,Imam-ul-Haq,Fakhar Zaman,BE Hendricks,0,0,,,,,,,,,
1144159,2018/19,2019-01-27,The Wanderers Stadium,2,11.1,Pakistan,South Africa,Fakhar Zaman,Imam-ul-Haq,Imran Tahir,1,0,,,,,,,,,
1144159,2018/19,2019-01-27,The Wanderers Stadium,2,11.2,Pakistan,South Africa,Imam-ul-Haq,Fakhar Zaman,Imran Tahir,0,0,,,,,,,,,
1144159,2018/19,2019-01-27,The Wanderers Stadium,2,11.3,Pakistan,South Africa,Imam-ul-Haq,Fakhar Zaman,Imran Tahir,1,0,,,,,,,,,
1144159,2018/19,2019-01-27,The Wanderers Stadium,2,11.4,Pakistan,South Africa,Fakhar Zaman,Imam-ul-Haq,Imran Tahir,2,0,,,,,,,,,
1144159,2018/19,2019-01-27,The Wanderers Stadium,2,11.5,Pakistan,South Africa,Fakhar Zaman,Imam-ul-Haq,Imran Tahir,0,0,,,,,,,,,
1144159,2018/19,2019-01-27,The Wanderers Stadium,2,11.6,Pakistan,South Africa,Fakhar Zaman,Imam-ul-Haq,Imran Tahir,1,0,,,,,,,,,
1144159,2018/19,2019-01-27,The Wanderers Stadium,2,12.1,Pakistan,South Africa,Fakhar Zaman,Imam-ul-Haq,K Rabada,4,0,,,,,,,,,
1144159,2018/19,2019-01-27,The Wanderers Stadium,2,12.2,Pakistan,South Africa,Fakhar Zaman,Imam-ul-Haq,K Rabada,1,0,,,,,,,,,
1144159,2018/19,2019-01-27,The Wanderers Stadium,2,12.3,Pakistan,South Africa,Imam-ul-Haq,Fakhar Zaman,K Rabada,1,0,,,,,,,,,
1144159,2018/19,2019-01-27,The Wanderers Stadium,2,12.4,Pakistan,South Africa,Fakhar Zaman,Imam-ul-Haq,K Rabada,1,0,,,,,,,,,
1144159,2018/19,2019-01-27,The Wanderers Stadium,2,12.5,Pakistan,South Africa,Imam-ul-Haq,Fakhar Zaman,K Rabada,0,0,,,,,,,,,
1144159,2018/19,2019-01-27,The Wanderers Stadium,2,12.6,Pakistan,South Africa,Imam-ul-Haq,Fakhar Zaman,K Rabada,0,0,,,,,,,,,
1144159,2018/19,2019-01-27,The Wanderers Stadium,2,13.1,Pakistan,South Africa,Fakhar Zaman,Imam-ul-Haq,Imran Tahir,0,0,,,,,,,,,
1144159,2018/19,2019-01-27,The Wanderers Stadium,2,13.2,Pakistan,South Africa,Fakhar Zaman,Imam-ul-Haq,Imran Tahir,0,0,,,,,,caught,Fakhar Zaman,,
1144159,2018/19,2019-01-27,The Wanderers Stadium,2,13.3,Pakistan,South Africa,Babar Azam,Imam-ul-Haq,Imran Tahir,0,0,,,,,,,,,
1144159,2018/19,2019-01-27,The Wanderers Stadium,2,13.4,Pakistan,South Africa,Babar Azam,Imam-ul-Haq,Imran Tahir,0,0,,,,,,,,,
1144159,2018/19,2019-01-27,The Wanderers Stadium,2,13.5,Pakistan,South Africa,Babar Azam,Imam-ul-Haq,Imran Tahir,0,0,,,,,,,,,
1144159,2018/19,2019-01-27,The Wanderers Stadium,2,13.6,Pakistan,South Africa,Babar Azam,Imam-ul-Haq,Imran Tahir,0,0,,,,,,,,,
1144159,2018/19,2019-01-27,The Wanderers Stadium,2,14.1,Pakistan,South Africa,Imam-ul-Haq,Babar Azam,K Rabada,1,0,,,,,,,,,
1144159,2018/19,2019-01-27,The Wanderers Stadium,2,14.2,Pakistan,South Africa,Babar Azam,Imam-ul-Haq,K Rabada,2,0,,,,,,,,,
1144159,2018/19,2019-01-27,The Wanderers Stadium,2,14.3,Pakistan,South Africa,Babar Azam,Imam-ul-Haq,K Rabada,1,0,,,,,,,,,
1144159,2018/19,2019-01-27,The Wanderers Stadium,2,14.4,Pakistan,South Africa,Imam-ul-Haq,Babar Azam,K Rabada,1,0,,,,,,,,,
1144159,2018/19,2019-01-27,The Wanderers Stadium,2,14.5,Pakistan,South Africa,Babar Azam,Imam-ul-Haq,K Rabada,0,0,,,,,,,,,
1144159,2018/19,2019-01-27,The Wanderers Stadium,2,14.6,Pakistan,South Africa,Babar Azam,Imam-ul-Haq,K Rabada,1,0,,,,,,,,,
1144159,2018/19,2019-01-27,The Wanderers Stadium,2,15.1,Pakistan,South Africa,Babar Azam,Imam-ul-Haq,Imran Tahir,1,0,,,,,,,,,
1144159,2018/19,2019-01-27,The Wanderers Stadium,2,15.2,Pakistan,South Africa,Imam-ul-Haq,Babar Azam,Imran Tahir,0,0,,,,,,,,,
1144159,2018/19,2019-01-27,The Wanderers Stadium,2,15.3,Pakistan,South Africa,Imam-ul-Haq,Babar Azam,Imran Tahir,1,0,,,,,,,,,
1144159,2018/19,2019-01-27,The Wanderers Stadium,2,15.4,Pakistan,South Africa,Babar Azam,Imam-ul-Haq,Imran Tahir,1,0,,,,,,,,,
1144159,2018/19,2019-01-27,The Wanderers Stadium,2,15.5,Pakistan,South Africa,Imam-ul-Haq,Babar Azam,Imran Tahir,0,0,,,,,,,,,
1144159,2018/19,2019-01-27,The Wanderers Stadium,2,15.6,Pakistan,South Africa,Imam-ul-Haq,Babar Azam,Imran Tahir,1,0,,,,,,,,,
1144159,2018/19,2019-01-27,The Wanderers Stadium,2,16.1,Pakistan,South Africa,Imam-ul-Haq,Babar Azam,K Rabada,4,0,,,,,,,,,
1144159,2018/19,2019-01-27,The Wanderers Stadium,2,16.2,Pakistan,South Africa,Imam-ul-Haq,Babar Azam,K Rabada,0,0,,,,,,,,,
1144159,2018/19,2019-01-27,The Wanderers Stadium,2,16.3,Pakistan,South Africa,Imam-ul-Haq,Babar Azam,K Rabada,0,0,,,,,,,,,
1144159,2018/19,2019-01-27,The Wanderers Stadium,2,16.4,Pakistan,South Africa,Imam-ul-Haq,Babar Azam,K Rabada,1,0,,,,,,,,,
1144159,2018/19,2019-01-27,The Wanderers Stadium,2,16.5,Pakistan,South Africa,Babar Azam,Imam-ul-Haq,K Rabada,0,0,,,,,,,,,
1144159,2018/19,2019-01-27,The Wanderers Stadium,2,16.6,Pakistan,South Africa,Babar Azam,Imam-ul-Haq,K Rabada,1,0,,,,,,,,,
1144159,2018/19,2019-01-27,The Wanderers Stadium,2,17.1,Pakistan,South Africa,Babar Azam,Imam-ul-Haq,Imran Tahir,1,0,,,,,,,,,
1144159,2018/19,2019-01-27,The Wanderers Stadium,2,17.2,Pakistan,South Africa,Imam-ul-Haq,Babar Azam,Imran Tahir,3,0,,,,,,,,,
1144159,2018/19,2019-01-27,The Wanderers Stadium,2,17.3,Pakistan,South Africa,Babar Azam,Imam-ul-Haq,Imran Tahir,1,0,,,,,,,,,
1144159,2018/19,2019-01-27,The Wanderers Stadium,2,17.4,Pakistan,South Africa,Imam-ul-Haq,Babar Azam,Imran Tahir,0,0,,,,,,,,,
1144159,2018/19,2019-01-27,The Wanderers Stadium,2,17.5,Pakistan,South Africa,Imam-ul-Haq,Babar Azam,Imran Tahir,1,0,,,,,,,,,
1144159,2018/19,2019-01-27,The Wanderers Stadium,2,17.6,Pakistan,South Africa,Babar Azam,Imam-ul-Haq,Imran Tahir,4,0,,,,,,,,,
1144159,2018/19,2019-01-27,The Wanderers Stadium,2,18.1,Pakistan,South Africa,Imam-ul-Haq,Babar Azam,AL Phehlukwayo,0,1,1,,,,,,,,
1144159,2018/19,2019-01-27,The Wanderers Stadium,2,18.2,Pakistan,South Africa,Imam-ul-Haq,Babar Azam,AL Phehlukwayo,1,0,,,,,,,,,
1144159,2018/19,2019-01-27,The Wanderers Stadium,2,18.3,Pakistan,South Africa,Babar Azam,Imam-ul-Haq,AL Phehlukwayo,1,0,,,,,,,,,
1144159,2018/19,2019-01-27,The Wanderers Stadium,2,18.4,Pakistan,South Africa,Imam-ul-Haq,Babar Azam,AL Phehlukwayo,4,0,,,,,,,,,
1144159,2018/19,2019-01-27,The Wanderers Stadium,2,18.5,Pakistan,South Africa,Imam-ul-Haq,Babar Azam,AL Phehlukwayo,0,0,,,,,,,,,
1144159,2018/19,2019-01-27,The Wanderers Stadium,2,18.6,Pakistan,South Africa,Imam-ul-Haq,Babar Azam,AL Phehlukwayo,1,0,,,,,,,,,
1144159,2018/19,2019-01-27,The Wanderers Stadium,2,18.7,Pakistan,South Africa,Babar Azam,Imam-ul-Haq,AL Phehlukwayo,1,0,,,,,,,,,
1144159,2018/19,2019-01-27,The Wanderers Stadium,2,19.1,Pakistan,South Africa,Babar Azam,Imam-ul-Haq,Imran Tahir,0,0,,,,,,,,,
1144159,2018/19,2019-01-27,The Wanderers Stadium,2,19.2,Pakistan,South Africa,Babar Azam,Imam-ul-Haq,Imran Tahir,0,0,,,,,,,,,
1144159,2018/19,2019-01-27,The Wanderers Stadium,2,19.3,Pakistan,South Africa,Babar Azam,Imam-ul-Haq,Imran Tahir,1,0,,,,,,,,,
1144159,2018/19,2019-01-27,The Wanderers Stadium,2,19.4,Pakistan,South Africa,Imam-ul-Haq,Babar Azam,Imran Tahir,0,0,,,,,,,,,
1144159,2018/19,2019-01-27,The Wanderers Stadium,2,19.5,Pakistan,South Africa,Imam-ul-Haq,Babar Azam,Imran Tahir,0,0,,,,,,,,,
1144159,2018/19,2019-01-27,The Wanderers Stadium,2,19.6,Pakistan,South Africa,Imam-ul-Haq,Babar Azam,Imran Tahir,4,0,,,,,,,,,
1144159,2018/19,2019-01-27,The Wanderers Stadium,2,20.1,Pakistan,South Africa,Babar Azam,Imam-ul-Haq,AL Phehlukwayo,0,0,,,,,,,,,
1144159,2018/19,2019-01-27,The Wanderers Stadium,2,20.2,Pakistan,South Africa,Babar Azam,Imam-ul-Haq,AL Phehlukwayo,1,0,,,,,,,,,
1144159,2018/19,2019-01-27,The Wanderers Stadium,2,20.3,Pakistan,South Africa,Imam-ul-Haq,Babar Azam,AL Phehlukwayo,1,0,,,,,,,,,
1144159,2018/19,2019-01-27,The Wanderers Stadium,2,20.4,Pakistan,South Africa,Babar Azam,Imam-ul-Haq,AL Phehlukwayo,1,0,,,,,,,,,
1144159,2018/19,2019-01-27,The Wanderers Stadium,2,20.5,Pakistan,South Africa,Imam-ul-Haq,Babar Azam,AL Phehlukwayo,0,0,,,,,,,,,
1144159,2018/19,2019-01-27,The Wanderers Stadium,2,20.6,Pakistan,South Africa,Imam-ul-Haq,Babar Azam,AL Phehlukwayo,0,1,1,,,,,,,,
1144159,2018/19,2019-01-27,The Wanderers Stadium,2,20.7,Pakistan,South Africa,Imam-ul-Haq,Babar Azam,AL Phehlukwayo,0,0,,,,,,,,,
1144159,2018/19,2019-01-27,The Wanderers Stadium,2,21.1,Pakistan,South Africa,Babar Azam,Imam-ul-Haq,Imran Tahir,1,0,,,,,,,,,
1144159,2018/19,2019-01-27,The Wanderers Stadium,2,21.2,Pakistan,South Africa,Imam-ul-Haq,Babar Azam,Imran Tahir,0,0,,,,,,,,,
1144159,2018/19,2019-01-27,The Wanderers Stadium,2,21.3,Pakistan,South Africa,Imam-ul-Haq,Babar Azam,Imran Tahir,1,0,,,,,,,,,
1144159,2018/19,2019-01-27,The Wanderers Stadium,2,21.4,Pakistan,South Africa,Babar Azam,Imam-ul-Haq,Imran Tahir,1,0,,,,,,,,,
1144159,2018/19,2019-01-27,The Wanderers Stadium,2,21.5,Pakistan,South Africa,Imam-ul-Haq,Babar Azam,Imran Tahir,0,0,,,,,,,,,
1144159,2018/19,2019-01-27,The Wanderers Stadium,2,21.6,Pakistan,South Africa,Imam-ul-Haq,Babar Azam,Imran Tahir,0,0,,,,,,,,,
1144159,2018/19,2019-01-27,The Wanderers Stadium,2,22.1,Pakistan,South Africa,Babar Azam,Imam-ul-Haq,RR Hendricks,4,0,,,,,,,,,
1144159,2018/19,2019-01-27,The Wanderers Stadium,2,22.2,Pakistan,South Africa,Babar Azam,Imam-ul-Haq,RR Hendricks,1,0,,,,,,,,,
1144159,2018/19,2019-01-27,The Wanderers Stadium,2,22.3,Pakistan,South Africa,Imam-ul-Haq,Babar Azam,RR Hendricks,0,0,,,,,,,,,
1144159,2018/19,2019-01-27,The Wanderers Stadium,2,22.4,Pakistan,South Africa,Imam-ul-Haq,Babar Azam,RR Hendricks,1,0,,,,,,,,,
1144159,2018/19,2019-01-27,The Wanderers Stadium,2,22.5,Pakistan,South Africa,Babar Azam,Imam-ul-Haq,RR Hendricks,1,0,,,,,,,,,
1144159,2018/19,2019-01-27,The Wanderers Stadium,2,22.6,Pakistan,South Africa,Imam-ul-Haq,Babar Azam,RR Hendricks,0,0,,,,,,,,,
1144159,2018/19,2019-01-27,The Wanderers Stadium,2,23.1,Pakistan,South Africa,Babar Azam,Imam-ul-Haq,Imran Tahir,1,0,,,,,,,,,
1144159,2018/19,2019-01-27,The Wanderers Stadium,2,23.2,Pakistan,South Africa,Imam-ul-Haq,Babar Azam,Imran Tahir,2,0,,,,,,,,,
1144159,2018/19,2019-01-27,The Wanderers Stadium,2,23.3,Pakistan,South Africa,Imam-ul-Haq,Babar Azam,Imran Tahir,0,0,,,,,,,,,
1144159,2018/19,2019-01-27,The Wanderers Stadium,2,23.4,Pakistan,South Africa,Imam-ul-Haq,Babar Azam,Imran Tahir,1,0,,,,,,,,,
1144159,2018/19,2019-01-27,The Wanderers Stadium,2,23.5,Pakistan,South Africa,Babar Azam,Imam-ul-Haq,Imran Tahir,0,1,1,,,,,,,,
1144159,2018/19,2019-01-27,The Wanderers Stadium,2,23.6,Pakistan,South Africa,Babar Azam,Imam-ul-Haq,Imran Tahir,0,1,1,,,,,,,,
1144159,2018/19,2019-01-27,The Wanderers Stadium,2,23.7,Pakistan,South Africa,Babar Azam,Imam-ul-Haq,Imran Tahir,1,0,,,,,,,,,
1144159,2018/19,2019-01-27,The Wanderers Stadium,2,23.8,Pakistan,South Africa,Imam-ul-Haq,Babar Azam,Imran Tahir,1,0,,,,,,,,,
1144159,2018/19,2019-01-27,The Wanderers Stadium,2,24.1,Pakistan,South Africa,Imam-ul-Haq,Babar Azam,RR Hendricks,1,0,,,,,,,,,
1144159,2018/19,2019-01-27,The Wanderers Stadium,2,24.2,Pakistan,South Africa,Babar Azam,Imam-ul-Haq,RR Hendricks,1,0,,,,,,,,,
1144159,2018/19,2019-01-27,The Wanderers Stadium,2,24.3,Pakistan,South Africa,Imam-ul-Haq,Babar Azam,RR Hendricks,2,0,,,,,,,,,
1144159,2018/19,2019-01-27,The Wanderers Stadium,2,24.4,Pakistan,South Africa,Imam-ul-Haq,Babar Azam,RR Hendricks,0,0,,,,,,,,,
1144159,2018/19,2019-01-27,The Wanderers Stadium,2,24.5,Pakistan,South Africa,Imam-ul-Haq,Babar Azam,RR Hendricks,1,0,,,,,,,,,
1144159,2018/19,2019-01-27,The Wanderers Stadium,2,24.6,Pakistan,South Africa,Babar Azam,Imam-ul-Haq,RR Hendricks,1,0,,,,,,,,,
1144159,2018/19,2019-01-27,The Wanderers Stadium,2,25.1,Pakistan,South Africa,Babar Azam,Imam-ul-Haq,Imran Tahir,2,0,,,,,,,,,
1144159,2018/19,2019-01-27,The Wanderers Stadium,2,25.2,Pakistan,South Africa,Babar Azam,Imam-ul-Haq,Imran Tahir,1,0,,,,,,,,,
1144159,2018/19,2019-01-27,The Wanderers Stadium,2,25.3,Pakistan,South Africa,Imam-ul-Haq,Babar Azam,Imran Tahir,1,0,,,,,,,,,
1144159,2018/19,2019-01-27,The Wanderers Stadium,2,25.4,Pakistan,South Africa,Babar Azam,Imam-ul-Haq,Imran Tahir,1,0,,,,,,,,,
1144159,2018/19,2019-01-27,The Wanderers Stadium,2,25.5,Pakistan,South Africa,Imam-ul-Haq,Babar Azam,Imran Tahir,0,0,,,,,,,,,
1144159,2018/19,2019-01-27,The Wanderers Stadium,2,25.6,Pakistan,South Africa,Imam-ul-Haq,Babar Azam,Imran Tahir,0,0,,,,,,,,,
1144159,2018/19,2019-01-27,The Wanderers Stadium,2,26.1,Pakistan,South Africa,Babar Azam,Imam-ul-Haq,BE Hendricks,0,0,,,,,,,,,
1144159,2018/19,2019-01-27,The Wanderers Stadium,2,26.2,Pakistan,South Africa,Babar Azam,Imam-ul-Haq,BE Hendricks,1,0,,,,,,,,,
1144159,2018/19,2019-01-27,The Wanderers Stadium,2,26.3,Pakistan,South Africa,Imam-ul-Haq,Babar Azam,BE Hendricks,0,0,,,,,,,,,
1144159,2018/19,2019-01-27,The Wanderers Stadium,2,26.4,Pakistan,South Africa,Imam-ul-Haq,Babar Azam,BE Hendricks,1,0,,,,,,,,,
1144159,2018/19,2019-01-27,The Wanderers Stadium,2,26.5,Pakistan,South Africa,Babar Azam,Imam-ul-Haq,BE Hendricks,0,0,,,,,,,,,
1144159,2018/19,2019-01-27,The Wanderers Stadium,2,26.6,Pakistan,South Africa,Babar Azam,Imam-ul-Haq,BE Hendricks,0,0,,,,,,,,,
1144159,2018/19,2019-01-27,The Wanderers Stadium,2,27.1,Pakistan,South Africa,Imam-ul-Haq,Babar Azam,Imran Tahir,1,0,,,,,,,,,
1144159,2018/19,2019-01-27,The Wanderers Stadium,2,27.2,Pakistan,South Africa,Babar Azam,Imam-ul-Haq,Imran Tahir,0,0,,,,,,,,,
1144159,2018/19,2019-01-27,The Wanderers Stadium,2,27.3,Pakistan,South Africa,Babar Azam,Imam-ul-Haq,Imran Tahir,0,0,,,,,,,,,
1144159,2018/19,2019-01-27,The Wanderers Stadium,2,27.4,Pakistan,South Africa,Babar Azam,Imam-ul-Haq,Imran Tahir,0,0,,,,,,,,,
1144159,2018/19,2019-01-27,The Wanderers Stadium,2,27.5,Pakistan,South Africa,Babar Azam,Imam-ul-Haq,Imran Tahir,1,0,,,,,,,,,
1144159,2018/19,2019-01-27,The Wanderers Stadium,2,27.6,Pakistan,South Africa,Imam-ul-Haq,Babar Azam,Imran Tahir,0,0,,,,,,,,,
1144159,2018/19,2019-01-27,The Wanderers Stadium,2,28.1,Pakistan,South Africa,Babar Azam,Imam-ul-Haq,BE Hendricks,0,0,,,,,,,,,
1144159,2018/19,2019-01-27,The Wanderers Stadium,2,28.2,Pakistan,South Africa,Babar Azam,Imam-ul-Haq,BE Hendricks,1,0,,,,,,,,,
1144159,2018/19,2019-01-27,The Wanderers Stadium,2,28.3,Pakistan,South Africa,Imam-ul-Haq,Babar Azam,BE Hendricks,0,0,,,,,,,,,
1144159,2018/19,2019-01-27,The Wanderers Stadium,2,28.4,Pakistan,South Africa,Imam-ul-Haq,Babar Azam,BE Hendricks,2,0,,,,,,,,,
1144159,2018/19,2019-01-27,The Wanderers Stadium,2,28.5,Pakistan,South Africa,Imam-ul-Haq,Babar Azam,BE Hendricks,1,0,,,,,,,,,
1144159,2018/19,2019-01-27,The Wanderers Stadium,2,28.6,Pakistan,South Africa,Babar Azam,Imam-ul-Haq,BE Hendricks,1,0,,,,,,,,,
1144159,2018/19,2019-01-27,The Wanderers Stadium,2,29.1,Pakistan,South Africa,Babar Azam,Imam-ul-Haq,Imran Tahir,0,0,,,,,,,,,
1144159,2018/19,2019-01-27,The Wanderers Stadium,2,29.2,Pakistan,South Africa,Babar Azam,Imam-ul-Haq,Imran Tahir,1,0,,,,,,,,,
1144159,2018/19,2019-01-27,The Wanderers Stadium,2,29.3,Pakistan,South Africa,Imam-ul-Haq,Babar Azam,Imran Tahir,6,0,,,,,,,,,
1144159,2018/19,2019-01-27,The Wanderers Stadium,2,29.4,Pakistan,South Africa,Imam-ul-Haq,Babar Azam,Imran Tahir,1,0,,,,,,,,,
1144159,2018/19,2019-01-27,The Wanderers Stadium,2,29.5,Pakistan,South Africa,Babar Azam,Imam-ul-Haq,Imran Tahir,1,0,,,,,,,,,
1144159,2018/19,2019-01-27,The Wanderers Stadium,2,29.6,Pakistan,South Africa,Imam-ul-Haq,Babar Azam,Imran Tahir,0,0,,,,,,,,,
1144159,2018/19,2019-01-27,The Wanderers Stadium,2,30.1,Pakistan,South Africa,Babar Azam,Imam-ul-Haq,BE Hendricks,1,0,,,,,,,,,
1144159,2018/19,2019-01-27,The Wanderers Stadium,2,30.2,Pakistan,South Africa,Imam-ul-Haq,Babar Azam,BE Hendricks,0,0,,,,,,,,,
1144159,2018/19,2019-01-27,The Wanderers Stadium,2,30.3,Pakistan,South Africa,Imam-ul-Haq,Babar Azam,BE Hendricks,0,1,1,,,,,,,,
1144159,2018/19,2019-01-27,The Wanderers Stadium,2,30.4,Pakistan,South Africa,Imam-ul-Haq,Babar Azam,BE Hendricks,1,0,,,,,,,,,
1144159,2018/19,2019-01-27,The Wanderers Stadium,2,30.5,Pakistan,South Africa,Babar Azam,Imam-ul-Haq,BE Hendricks,0,0,,,,,,,,,
1144159,2018/19,2019-01-27,The Wanderers Stadium,2,30.6,Pakistan,South Africa,Babar Azam,Imam-ul-Haq,BE Hendricks,0,0,,,,,,,,,
1144159,2018/19,2019-01-27,The Wanderers Stadium,2,30.7,Pakistan,South Africa,Babar Azam,Imam-ul-Haq,BE Hendricks,0,0,,,,,,,,,
1144159,2018/19,2019-01-27,The Wanderers Stadium,2,31.1,Pakistan,South Africa,Imam-ul-Haq,Babar Azam,AL Phehlukwayo,0,0,,,,,,,,,
1144159,2018/19,2019-01-27,The Wanderers Stadium,2,31.2,Pakistan,South Africa,Imam-ul-Haq,Babar Azam,AL Phehlukwayo,0,0,,,,,,caught,Imam-ul-Haq,,
1144159,2018/19,2019-01-27,The Wanderers Stadium,2,31.3,Pakistan,South Africa,Mohammad Rizwan,Babar Azam,AL Phehlukwayo,4,0,,,,,,,,,
