match_id,season,start_date,venue,innings,ball,batting_team,bowling_team,striker,non_striker,bowler,runs_off_bat,extras,wides,noballs,byes,legbyes,penalty,wicket_type,player_dismissed,other_wicket_type,other_player_dismissed
1144170,2018/19,2019-03-13,St George's Park,1,0.1,Sri Lanka,South Africa,WIA Fernando,WU Tharanga,DW Steyn,1,0,,,,,,,,,
1144170,2018/19,2019-03-13,St George's Park,1,0.2,Sri Lanka,South Africa,WU Tharanga,WIA Fernando,DW Steyn,0,0,,,,,,,,,
1144170,2018/19,2019-03-13,St George's Park,1,0.3,Sri Lanka,South Africa,WU Tharanga,WIA Fernando,DW Steyn,0,0,,,,,,,,,
1144170,2018/19,2019-03-13,St George's Park,1,0.4,Sri Lanka,South Africa,WU Tharanga,WIA Fernando,DW Steyn,4,0,,,,,,,,,
1144170,2018/19,2019-03-13,St George's Park,1,0.5,Sri Lanka,South Africa,WU Tharanga,WIA Fernando,DW Steyn,0,0,,,,,,,,,
1144170,2018/19,2019-03-13,St George's Park,1,0.6,Sri Lanka,South Africa,WU Tharanga,WIA Fernando,DW Steyn,0,0,,,,,,,,,
1144170,2018/19,2019-03-13,St George's Park,1,1.1,Sri Lanka,South Africa,WIA Fernando,WU Tharanga,L Ngidi,0,0,,,,,,,,,
1144170,2018/19,2019-03-13,St George's Park,1,1.2,Sri Lanka,South Africa,WIA Fernando,WU Tharanga,L Ngidi,0,0,,,,,,,,,
1144170,2018/19,2019-03-13,St George's Park,1,1.3,Sri Lanka,South Africa,WIA Fernando,WU Tharanga,L Ngidi,4,0,,,,,,,,,
1144170,2018/19,2019-03-13,St George's Park,1,1.4,Sri Lanka,South Africa,WIA Fernando,WU Tharanga,L Ngidi,0,0,,,,,,,,,
1144170,2018/19,2019-03-13,St George's Park,1,1.5,Sri Lanka,South Africa,WIA Fernando,WU Tharanga,L Ngidi,0,0,,,,,,,,,
1144170,2018/19,2019-03-13,St George's Park,1,1.6,Sri Lanka,South Africa,WIA Fernando,WU Tharanga,L Ngidi,4,0,,,,,,,,,
1144170,2018/19,2019-03-13,St George's Park,1,2.1,Sri Lanka,South Africa,WU Tharanga,WIA Fernando,DW Steyn,0,0,,,,,,caught,WU Tharanga,,
1144170,2018/19,2019-03-13,St George's Park,1,2.2,Sri Lanka,South Africa,WIA Fernando,BOP Fernando,DW Steyn,0,0,,,,,,,,,
1144170,2018/19,2019-03-13,St George's Park,1,2.3,Sri Lanka,South Africa,WIA Fernando,BOP Fernando,DW Steyn,4,0,,,,,,,,,
1144170,2018/19,2019-03-13,St George's Park,1,2.4,Sri Lanka,South Africa,WIA Fernando,BOP Fernando,DW Steyn,0,0,,,,,,,,,
1144170,2018/19,2019-03-13,St George's Park,1,2.5,Sri Lanka,South Africa,WIA Fernando,BOP Fernando,DW Steyn,2,0,,,,,,,,,
1144170,2018/19,2019-03-13,St George's Park,1,2.6,Sri Lanka,South Africa,WIA Fernando,BOP Fernando,DW Steyn,0,0,,,,,,,,,
1144170,2018/19,2019-03-13,St George's Park,1,3.1,Sri Lanka,South Africa,BOP Fernando,WIA Fernando,L Ngidi,0,0,,,,,,,,,
1144170,2018/19,2019-03-13,St George's Park,1,3.2,Sri Lanka,South Africa,BOP Fernando,WIA Fernando,L Ngidi,0,0,,,,,,,,,
1144170,2018/19,2019-03-13,St George's Park,1,3.3,Sri Lanka,South Africa,BOP Fernando,WIA Fernando,L Ngidi,0,0,,,,,,,,,
1144170,2018/19,2019-03-13,St George's Park,1,3.4,Sri Lanka,South Africa,BOP Fernando,WIA Fernando,L Ngidi,0,0,,,,,,caught,BOP Fernando,,
1144170,2018/19,2019-03-13,St George's Park,1,3.5,Sri Lanka,South Africa,BKG Mendis,WIA Fernando,L Ngidi,0,0,,,,,,,,,
1144170,2018/19,2019-03-13,St George's Park,1,3.6,Sri Lanka,South Africa,BKG Mendis,WIA Fernando,L Ngidi,0,0,,,,,,,,,
1144170,2018/19,2019-03-13,St George's Park,1,4.1,Sri Lanka,South Africa,WIA Fernando,BKG Mendis,DW Steyn,0,5,5,,,,,,,,
1144170,2018/19,2019-03-13,St George's Park,1,4.2,Sri Lanka,South Africa,WIA Fernando,BKG Mendis,DW Steyn,0,0,,,,,,,,,
1144170,2018/19,2019-03-13,St George's Park,1,4.3,Sri Lanka,South Africa,WIA Fernando,BKG Mendis,DW Steyn,1,0,,,,,,,,,
1144170,2018/19,2019-03-13,St George's Park,1,4.4,Sri Lanka,South Africa,BKG Mendis,WIA Fernando,DW Steyn,0,0,,,,,,,,,
1144170,2018/19,2019-03-13,St George's Park,1,4.5,Sri Lanka,South Africa,BKG Mendis,WIA Fernando,DW Steyn,0,0,,,,,,,,,
1144170,2018/19,2019-03-13,St George's Park,1,4.6,Sri Lanka,South Africa,BKG Mendis,WIA Fernando,DW Steyn,2,0,,,,,,,,,
1144170,2018/19,2019-03-13,St George's Park,1,4.7,Sri Lanka,South Africa,BKG Mendis,WIA Fernando,DW Steyn,0,0,,,,,,,,,
1144170,2018/19,2019-03-13,St George's Park,1,5.1,Sri Lanka,South Africa,WIA Fernando,BKG Mendis,L Ngidi,0,0,,,,,,,,,
1144170,2018/19,2019-03-13,St George's Park,1,5.2,Sri Lanka,South Africa,WIA Fernando,BKG Mendis,L Ngidi,4,0,,,,,,,,,
1144170,2018/19,2019-03-13,St George's Park,1,5.3,Sri Lanka,South Africa,WIA Fernando,BKG Mendis,L Ngidi,1,0,,,,,,,,,
1144170,2018/19,2019-03-13,St George's Park,1,5.4,Sri Lanka,South Africa,BKG Mendis,WIA Fernando,L Ngidi,0,0,,,,,,,,,
1144170,2018/19,2019-03-13,St George's Park,1,5.5,Sri Lanka,South Africa,BKG Mendis,WIA Fernando,L Ngidi,0,0,,,,,,,,,
1144170,2018/19,2019-03-13,St George's Park,1,5.6,Sri Lanka,South Africa,BKG Mendis,WIA Fernando,L Ngidi,0,0,,,,,,,,,
1144170,2018/19,2019-03-13,St George's Park,1,6.1,Sri Lanka,South Africa,WIA Fernando,BKG Mendis,DW Steyn,0,0,,,,,,,,,
1144170,2018/19,2019-03-13,St George's Park,1,6.2,Sri Lanka,South Africa,WIA Fernando,BKG Mendis,DW Steyn,1,0,,,,,,,,,
1144170,2018/19,2019-03-13,St George's Park,1,6.3,Sri Lanka,South Africa,BKG Mendis,WIA Fernando,DW Steyn,0,0,,,,,,,,,
1144170,2018/19,2019-03-13,St George's Park,1,6.4,Sri Lanka,South Africa,BKG Mendis,WIA Fernando,DW Steyn,0,0,,,,,,,,,
1144170,2018/19,2019-03-13,St George's Park,1,6.5,Sri Lanka,South Africa,BKG Mendis,WIA Fernando,DW Steyn,0,0,,,,,,,,,
1144170,2018/19,2019-03-13,St George's Park,1,6.6,Sri Lanka,South Africa,BKG Mendis,WIA Fernando,DW Steyn,0,0,,,,,,,,,
1144170,2018/19,2019-03-13,St George's Park,1,7.1,Sri Lanka,South Africa,WIA Fernando,BKG Mendis,L Ngidi,0,0,,,,,,,,,
1144170,2018/19,2019-03-13,St George's Park,1,7.2,Sri Lanka,South Africa,WIA Fernando,BKG Mendis,L Ngidi,1,0,,,,,,,,,
1144170,2018/19,2019-03-13,St George's Park,1,7.3,Sri Lanka,South Africa,BKG Mendis,WIA Fernando,L Ngidi,1,0,,,,,,,,,
1144170,2018/19,2019-03-13,St George's Park,1,7.4,Sri Lanka,South Africa,WIA Fernando,BKG Mendis,L Ngidi,1,0,,,,,,,,,
1144170,2018/19,2019-03-13,St George's Park,1,7.5,Sri Lanka,South Africa,BKG Mendis,WIA Fernando,L Ngidi,1,0,,,,,,,,,
1144170,2018/19,2019-03-13,St George's Park,1,7.6,Sri Lanka,South Africa,WIA Fernando,BKG Mendis,L Ngidi,0,0,,,,,,,,,
1144170,2018/19,2019-03-13,St George's Park,1,8.1,Sri Lanka,South Africa,BKG Mendis,WIA Fernando,A Nortje,1,0,,,,,,,,,
1144170,2018/19,2019-03-13,St George's Park,1,8.2,Sri Lanka,South Africa,WIA Fernando,BKG Mendis,A Nortje,0,0,,,,,,,,,
1144170,2018/19,2019-03-13,St George's Park,1,8.3,Sri Lanka,South Africa,WIA Fernando,BKG Mendis,A Nortje,1,0,,,,,,,,,
1144170,2018/19,2019-03-13,St George's Park,1,8.4,Sri Lanka,South Africa,BKG Mendis,WIA Fernando,A Nortje,0,0,,,,,,,,,
1144170,2018/19,2019-03-13,St George's Park,1,8.5,Sri Lanka,South Africa,BKG Mendis,WIA Fernando,A Nortje,4,0,,,,,,,,,
1144170,2018/19,2019-03-13,St George's Park,1,8.6,Sri Lanka,South Africa,BKG Mendis,WIA Fernando,A Nortje,1,0,,,,,,,,,
1144170,2018/19,2019-03-13,St George's Park,1,9.1,Sri Lanka,South Africa,BKG Mendis,WIA Fernando,L Ngidi,0,0,,,,,,,,,
1144170,2018/19,2019-03-13,St George's Park,1,9.2,Sri Lanka,South Africa,BKG Mendis,WIA Fernando,L Ngidi,0,0,,,,,,,,,
1144170,2018/19,2019-03-13,St George's Park,1,9.3,Sri Lanka,South Africa,BKG Mendis,WIA Fernando,L Ngidi,0,0,,,,,,,,,
1144170,2018/19,2019-03-13,St George's Park,1,9.4,Sri Lanka,South Africa,BKG Mendis,WIA Fernando,L Ngidi,0,0,,,,,,,,,
1144170,2018/19,2019-03-13,St George's Park,1,9.5,Sri Lanka,South Africa,BKG Mendis,WIA Fernando,L Ngidi,1,0,,,,,,,,,
1144170,2018/19,2019-03-13,St George's Park,1,9.6,Sri Lanka,South Africa,WIA Fernando,BKG Mendis,L Ngidi,4,0,,,,,,,,,
1144170,2018/19,2019-03-13,St George's Park,1,10.1,Sri Lanka,South Africa,BKG Mendis,WIA Fernando,A Nortje,0,0,,,,,,,,,
1144170,2018/19,2019-03-13,St George's Park,1,10.2,Sri Lanka,South Africa,BKG Mendis,WIA Fernando,A Nortje,0,1,1,,,,,,,,
1144170,2018/19,2019-03-13,St George's Park,1,10.3,Sri Lanka,South Africa,BKG Mendis,WIA Fernando,A Nortje,1,0,,,,,,,,,
1144170,2018/19,2019-03-13,St George's Park,1,10.4,Sri Lanka,South Africa,WIA Fernando,BKG Mendis,A Nortje,0,0,,,,,,caught,WIA Fernando,,
1144170,2018/19,2019-03-13,St George's Park,1,10.5,Sri Lanka,South Africa,PARP Perera,BKG Mendis,A Nortje,0,0,,,,,,caught,PARP Perera,,
1144170,2018/19,2019-03-13,St George's Park,1,10.6,Sri Lanka,South Africa,PHKD Mendis,BKG Mendis,A Nortje,0,0,,,,,,,,,
1144170,2018/19,2019-03-13,St George's Park,1,10.7,Sri Lanka,South Africa,PHKD Mendis,BKG Mendis,A Nortje,0,0,,,,,,,,,
1144170,2018/19,2019-03-13,St George's Park,1,11.1,Sri Lanka,South Africa,BKG Mendis,PHKD Mendis,AL Phehlukwayo,1,0,,,,,,,,,
1144170,2018/19,2019-03-13,St George's Park,1,11.2,Sri Lanka,South Africa,PHKD Mendis,BKG Mendis,AL Phehlukwayo,0,0,,,,,,,,,
1144170,2018/19,2019-03-13,St George's Park,1,11.3,Sri Lanka,South Africa,PHKD Mendis,BKG Mendis,AL Phehlukwayo,1,0,,,,,,,,,
1144170,2018/19,2019-03-13,St George's Park,1,11.4,Sri Lanka,South Africa,BKG Mendis,PHKD Mendis,AL Phehlukwayo,1,0,,,,,,,,,
1144170,2018/19,2019-03-13,St George's Park,1,11.5,Sri Lanka,South Africa,PHKD Mendis,BKG Mendis,AL Phehlukwayo,0,0,,,,,,,,,
1144170,2018/19,2019-03-13,St George's Park,1,11.6,Sri Lanka,South Africa,PHKD Mendis,BKG Mendis,AL Phehlukwayo,0,0,,,,,,,,,
1144170,2018/19,2019-03-13,St George's Park,1,12.1,Sri Lanka,South Africa,BKG Mendis,PHKD Mendis,A Nortje,0,0,,,,,,,,,
1144170,2018/19,2019-03-13,St George's Park,1,12.2,Sri Lanka,South Africa,BKG Mendis,PHKD Mendis,A Nortje,1,0,,,,,,,,,
1144170,2018/19,2019-03-13,St George's Park,1,12.3,Sri Lanka,South Africa,PHKD Mendis,BKG Mendis,A Nortje,0,0,,,,,,,,,
1144170,2018/19,2019-03-13,St George's Park,1,12.4,Sri Lanka,South Africa,PHKD Mendis,BKG Mendis,A Nortje,0,0,,,,,,,,,
1144170,2018/19,2019-03-13,St George's Park,1,12.5,Sri Lanka,South Africa,PHKD Mendis,BKG Mendis,A Nortje,0,0,,,,,,,,,
1144170,2018/19,2019-03-13,St George's Park,1,12.6,Sri Lanka,South Africa,PHKD Mendis,BKG Mendis,A Nortje,2,0,,,,,,,,,
1144170,2018/19,2019-03-13,St George's Park,1,13.1,Sri Lanka,South Africa,BKG Mendis,PHKD Mendis,AL Phehlukwayo,0,0,,,,,,,,,
1144170,2018/19,2019-03-13,St George's Park,1,13.2,Sri Lanka,South Africa,BKG Mendis,PHKD Mendis,AL Phehlukwayo,0,0,,,,,,,,,
1144170,2018/19,2019-03-13,St George's Park,1,13.3,Sri Lanka,South Africa,BKG Mendis,PHKD Mendis,AL Phehlukwayo,1,0,,,,,,,,,
1144170,2018/19,2019-03-13,St George's Park,1,13.4,Sri Lanka,South Africa,PHKD Mendis,BKG Mendis,AL Phehlukwayo,0,0,,,,,,,,,
1144170,2018/19,2019-03-13,St George's Park,1,13.5,Sri Lanka,South Africa,PHKD Mendis,BKG Mendis,AL Phehlukwayo,4,0,,,,,,,,,
1144170,2018/19,2019-03-13,St George's Park,1,13.6,Sri Lanka,South Africa,PHKD Mendis,BKG Mendis,AL Phehlukwayo,0,0,,,,,,,,,
1144170,2018/19,2019-03-13,St George's Park,1,14.1,Sri Lanka,South Africa,BKG Mendis,PHKD Mendis,A Nortje,1,0,,,,,,,,,
1144170,2018/19,2019-03-13,St George's Park,1,14.2,Sri Lanka,South Africa,PHKD Mendis,BKG Mendis,A Nortje,0,0,,,,,,,,,
1144170,2018/19,2019-03-13,St George's Park,1,14.3,Sri Lanka,South Africa,PHKD Mendis,BKG Mendis,A Nortje,0,0,,,,,,,,,
1144170,2018/19,2019-03-13,St George's Park,1,14.4,Sri Lanka,South Africa,PHKD Mendis,BKG Mendis,A Nortje,0,0,,,,,,,,,
1144170,2018/19,2019-03-13,St George's Park,1,14.5,Sri Lanka,South Africa,PHKD Mendis,BKG Mendis,A Nortje,0,0,,,,,,,,,
1144170,2018/19,2019-03-13,St George's Park,1,14.6,Sri Lanka,South Africa,PHKD Mendis,BKG Mendis,A Nortje,0,0,,,,,,,,,
1144170,2018/19,2019-03-13,St George's Park,1,15.1,Sri Lanka,South Africa,BKG Mendis,PHKD Mendis,AL Phehlukwayo,1,0,,,,,,,,,
1144170,2018/19,2019-03-13,St George's Park,1,15.2,Sri Lanka,South Africa,PHKD Mendis,BKG Mendis,AL Phehlukwayo,1,0,,,,,,,,,
1144170,2018/19,2019-03-13,St George's Park,1,15.3,Sri Lanka,South Africa,BKG Mendis,PHKD Mendis,AL Phehlukwayo,0,0,,,,,,,,,
1144170,2018/19,2019-03-13,St George's Park,1,15.4,Sri Lanka,South Africa,BKG Mendis,PHKD Mendis,AL Phehlukwayo,1,0,,,,,,,,,
1144170,2018/19,2019-03-13,St George's Park,1,15.5,Sri Lanka,South Africa,PHKD Mendis,BKG Mendis,AL Phehlukwayo,0,1,,,,1,,,,,
1144170,2018/19,2019-03-13,St George's Park,1,15.6,Sri Lanka,South Africa,BKG Mendis,PHKD Mendis,AL Phehlukwayo,0,0,,,,,,,,,
1144170,2018/19,2019-03-13,St George's Park,1,16.1,Sri Lanka,South Africa,PHKD Mendis,BKG Mendis,A Nortje,1,0,,,,,,,,,
1144170,2018/19,2019-03-13,St George's Park,1,16.2,Sri Lanka,South Africa,BKG Mendis,PHKD Mendis,A Nortje,1,0,,,,,,,,,
1144170,2018/19,2019-03-13,St George's Park,1,16.3,Sri Lanka,South Africa,PHKD Mendis,BKG Mendis,A Nortje,0,0,,,,,,,,,
1144170,2018/19,2019-03-13,St George's Park,1,16.4,Sri Lanka,South Africa,PHKD Mendis,BKG Mendis,A Nortje,0,0,,,,,,,,,
1144170,2018/19,2019-03-13,St George's Park,1,16.5,Sri Lanka,South Africa,PHKD Mendis,BKG Mendis,A Nortje,0,0,,,,,,,,,
1144170,2018/19,2019-03-13,St George's Park,1,16.6,Sri Lanka,South Africa,PHKD Mendis,BKG Mendis,A Nortje,0,0,,,,,,caught,PHKD Mendis,,
1144170,2018/19,2019-03-13,St George's Park,1,17.1,Sri Lanka,South Africa,BKG Mendis,DM de Silva,AL Phehlukwayo,0,0,,,,,,,,,
1144170,2018/19,2019-03-13,St George's Park,1,17.2,Sri Lanka,South Africa,BKG Mendis,DM de Silva,AL Phehlukwayo,1,0,,,,,,,,,
1144170,2018/19,2019-03-13,St George's Park,1,17.3,Sri Lanka,South Africa,DM de Silva,BKG Mendis,AL Phehlukwayo,1,0,,,,,,,,,
1144170,2018/19,2019-03-13,St George's Park,1,17.4,Sri Lanka,South Africa,BKG Mendis,DM de Silva,AL Phehlukwayo,0,0,,,,,,caught,BKG Mendis,,
1144170,2018/19,2019-03-13,St George's Park,1,17.5,Sri Lanka,South Africa,NLTC Perera,DM de Silva,AL Phehlukwayo,1,0,,,,,,,,,
1144170,2018/19,2019-03-13,St George's Park,1,17.6,Sri Lanka,South Africa,DM de Silva,NLTC Perera,AL Phehlukwayo,0,0,,,,,,,,,
1144170,2018/19,2019-03-13,St George's Park,1,18.1,Sri Lanka,South Africa,NLTC Perera,DM de Silva,A Nortje,2,0,,,,,,,,,
1144170,2018/19,2019-03-13,St George's Park,1,18.2,Sri Lanka,South Africa,NLTC Perera,DM de Silva,A Nortje,0,0,,,,,,,,,
1144170,2018/19,2019-03-13,St George's Park,1,18.3,Sri Lanka,South Africa,NLTC Perera,DM de Silva,A Nortje,2,0,,,,,,,,,
1144170,2018/19,2019-03-13,St George's Park,1,18.4,Sri Lanka,South Africa,NLTC Perera,DM de Silva,A Nortje,0,0,,,,,,,,,
1144170,2018/19,2019-03-13,St George's Park,1,18.5,Sri Lanka,South Africa,NLTC Perera,DM de Silva,A Nortje,0,0,,,,,,,,,
1144170,2018/19,2019-03-13,St George's Park,1,18.6,Sri Lanka,South Africa,NLTC Perera,DM de Silva,A Nortje,0,0,,,,,,,,,
1144170,2018/19,2019-03-13,St George's Park,1,19.1,Sri Lanka,South Africa,DM de Silva,NLTC Perera,AL Phehlukwayo,0,0,,,,,,,,,
1144170,2018/19,2019-03-13,St George's Park,1,19.2,Sri Lanka,South Africa,DM de Silva,NLTC Perera,AL Phehlukwayo,0,0,,,,,,,,,
1144170,2018/19,2019-03-13,St George's Park,1,19.3,Sri Lanka,South Africa,DM de Silva,NLTC Perera,AL Phehlukwayo,0,1,1,,,,,,,,
1144170,2018/19,2019-03-13,St George's Park,1,19.4,Sri Lanka,South Africa,DM de Silva,NLTC Perera,AL Phehlukwayo,0,0,,,,,,,,,
1144170,2018/19,2019-03-13,St George's Park,1,19.5,Sri Lanka,South Africa,DM de Silva,NLTC Perera,AL Phehlukwayo,0,1,1,,,,,,,,
1144170,2018/19,2019-03-13,St George's Park,1,19.6,Sri Lanka,South Africa,DM de Silva,NLTC Perera,AL Phehlukwayo,0,0,,,,,,,,,
1144170,2018/19,2019-03-13,St George's Park,1,19.7,Sri Lanka,South Africa,DM de Silva,NLTC Perera,AL Phehlukwayo,0,0,,,,,,,,,
1144170,2018/19,2019-03-13,St George's Park,1,19.8,Sri Lanka,South Africa,DM de Silva,NLTC Perera,AL Phehlukwayo,1,0,,,,,,,,,
1144170,2018/19,2019-03-13,St George's Park,1,20.1,Sri Lanka,South Africa,DM de Silva,NLTC Perera,T Shamsi,0,1,1,,,,,,,,
1144170,2018/19,2019-03-13,St George's Park,1,20.2,Sri Lanka,South Africa,DM de Silva,NLTC Perera,T Shamsi,1,0,,,,,,,,,
1144170,2018/19,2019-03-13,St George's Park,1,20.3,Sri Lanka,South Africa,NLTC Perera,DM de Silva,T Shamsi,0,0,,,,,,,,,
1144170,2018/19,2019-03-13,St George's Park,1,20.4,Sri Lanka,South Africa,NLTC Perera,DM de Silva,T Shamsi,1,0,,,,,,,,,
1144170,2018/19,2019-03-13,St George's Park,1,20.5,Sri Lanka,South Africa,DM de Silva,NLTC Perera,T Shamsi,0,0,,,,,,,,,
1144170,2018/19,2019-03-13,St George's Park,1,20.6,Sri Lanka,South Africa,DM de Silva,NLTC Perera,T Shamsi,0,0,,,,,,,,,
1144170,2018/19,2019-03-13,St George's Park,1,20.7,Sri Lanka,South Africa,DM de Silva,NLTC Perera,T Shamsi,1,0,,,,,,,,,
1144170,2018/19,2019-03-13,St George's Park,1,21.1,Sri Lanka,South Africa,DM de Silva,NLTC Perera,DW Steyn,0,0,,,,,,,,,
1144170,2018/19,2019-03-13,St George's Park,1,21.2,Sri Lanka,South Africa,DM de Silva,NLTC Perera,DW Steyn,0,0,,,,,,,,,
1144170,2018/19,2019-03-13,St George's Park,1,21.3,Sri Lanka,South Africa,DM de Silva,NLTC Perera,DW Steyn,4,0,,,,,,,,,
1144170,2018/19,2019-03-13,St George's Park,1,21.4,Sri Lanka,South Africa,DM de Silva,NLTC Perera,DW Steyn,0,0,,,,,,,,,
1144170,2018/19,2019-03-13,St George's Park,1,21.5,Sri Lanka,South Africa,DM de Silva,NLTC Perera,DW Steyn,0,0,,,,,,,,,
1144170,2018/19,2019-03-13,St George's Park,1,21.6,Sri Lanka,South Africa,DM de Silva,NLTC Perera,DW Steyn,0,0,,,,,,,,,
1144170,2018/19,2019-03-13,St George's Park,1,22.1,Sri Lanka,South Africa,NLTC Perera,DM de Silva,T Shamsi,0,0,,,,,,,,,
1144170,2018/19,2019-03-13,St George's Park,1,22.2,Sri Lanka,South Africa,NLTC Perera,DM de Silva,T Shamsi,1,0,,,,,,,,,
1144170,2018/19,2019-03-13,St George's Park,1,22.3,Sri Lanka,South Africa,DM de Silva,NLTC Perera,T Shamsi,0,0,,,,,,,,,
1144170,2018/19,2019-03-13,St George's Park,1,22.4,Sri Lanka,South Africa,DM de Silva,NLTC Perera,T Shamsi,1,0,,,,,,,,,
1144170,2018/19,2019-03-13,St George's Park,1,22.5,Sri Lanka,South Africa,NLTC Perera,DM de Silva,T Shamsi,3,0,,,,,,,,,
1144170,2018/19,2019-03-13,St George's Park,1,22.6,Sri Lanka,South Africa,DM de Silva,NLTC Perera,T Shamsi,0,0,,,,,,,,,
1144170,2018/19,2019-03-13,St George's Park,1,23.1,Sri Lanka,South Africa,NLTC Perera,DM de Silva,DW Steyn,1,0,,,,,,,,,
1144170,2018/19,2019-03-13,St George's Park,1,23.2,Sri Lanka,South Africa,DM de Silva,NLTC Perera,DW Steyn,0,0,,,,,,,,,
1144170,2018/19,2019-03-13,St George's Park,1,23.3,Sri Lanka,South Africa,DM de Silva,NLTC Perera,DW Steyn,0,0,,,,,,,,,
1144170,2018/19,2019-03-13,St George's Park,1,23.4,Sri Lanka,South Africa,DM de Silva,NLTC Perera,DW Steyn,0,0,,,,,,,,,
1144170,2018/19,2019-03-13,St George's Park,1,23.5,Sri Lanka,South Africa,DM de Silva,NLTC Perera,DW Steyn,0,0,,,,,,,,,
1144170,2018/19,2019-03-13,St George's Park,1,23.6,Sri Lanka,South Africa,DM de Silva,NLTC Perera,DW Steyn,1,0,,,,,,,,,
1144170,2018/19,2019-03-13,St George's Park,1,24.1,Sri Lanka,South Africa,DM de Silva,NLTC Perera,T Shamsi,1,0,,,,,,,,,
1144170,2018/19,2019-03-13,St George's Park,1,24.2,Sri Lanka,South Africa,NLTC Perera,DM de Silva,T Shamsi,0,0,,,,,,,,,
1144170,2018/19,2019-03-13,St George's Park,1,24.3,Sri Lanka,South Africa,NLTC Perera,DM de Silva,T Shamsi,1,0,,,,,,,,,
1144170,2018/19,2019-03-13,St George's Park,1,24.4,Sri Lanka,South Africa,DM de Silva,NLTC Perera,T Shamsi,1,0,,,,,,,,,
1144170,2018/19,2019-03-13,St George's Park,1,24.5,Sri Lanka,South Africa,NLTC Perera,DM de Silva,T Shamsi,0,0,,,,,,,,,
1144170,2018/19,2019-03-13,St George's Park,1,24.6,Sri Lanka,South Africa,NLTC Perera,DM de Silva,T Shamsi,0,0,,,,,,caught and bowled,NLTC Perera,,
1144170,2018/19,2019-03-13,St George's Park,1,25.1,Sri Lanka,South Africa,DM de Silva,I Udana,DW Steyn,1,0,,,,,,,,,
1144170,2018/19,2019-03-13,St George's Park,1,25.2,Sri Lanka,South Africa,I Udana,DM de Silva,DW Steyn,0,0,,,,,,,,,
1144170,2018/19,2019-03-13,St George's Park,1,25.3,Sri Lanka,South Africa,I Udana,DM de Silva,DW Steyn,0,0,,,,,,,,,
1144170,2018/19,2019-03-13,St George's Park,1,25.4,Sri Lanka,South Africa,I Udana,DM de Silva,DW Steyn,4,0,,,,,,,,,
1144170,2018/19,2019-03-13,St George's Park,1,25.5,Sri Lanka,South Africa,I Udana,DM de Silva,DW Steyn,1,0,,,,,,,,,
1144170,2018/19,2019-03-13,St George's Park,1,25.6,Sri Lanka,South Africa,DM de Silva,I Udana,DW Steyn,0,0,,,,,,,,,
1144170,2018/19,2019-03-13,St George's Park,1,26.1,Sri Lanka,South Africa,I Udana,DM de Silva,T Shamsi,0,0,,,,,,,,,
1144170,2018/19,2019-03-13,St George's Park,1,26.2,Sri Lanka,South Africa,I Udana,DM de Silva,T Shamsi,1,0,,,,,,,,,
1144170,2018/19,2019-03-13,St George's Park,1,26.3,Sri Lanka,South Africa,DM de Silva,I Udana,T Shamsi,1,0,,,,,,,,,
1144170,2018/19,2019-03-13,St George's Park,1,26.4,Sri Lanka,South Africa,I Udana,DM de Silva,T Shamsi,0,0,,,,,,,,,
1144170,2018/19,2019-03-13,St George's Park,1,26.5,Sri Lanka,South Africa,I Udana,DM de Silva,T Shamsi,0,0,,,,,,,,,
1144170,2018/19,2019-03-13,St George's Park,1,26.6,Sri Lanka,South Africa,I Udana,DM de Silva,T Shamsi,3,0,,,,,,,,,
1144170,2018/19,2019-03-13,St George's Park,1,27.1,Sri Lanka,South Africa,I Udana,DM de Silva,JP Duminy,0,0,,,,,,,,,
1144170,2018/19,2019-03-13,St George's Park,1,27.2,Sri Lanka,South Africa,I Udana,DM de Silva,JP Duminy,0,0,,,,,,,,,
1144170,2018/19,2019-03-13,St George's Park,1,27.3,Sri Lanka,South Africa,I Udana,DM de Silva,JP Duminy,0,0,,,,,,,,,
1144170,2018/19,2019-03-13,St George's Park,1,27.4,Sri Lanka,South Africa,I Udana,DM de Silva,JP Duminy,1,0,,,,,,,,,
1144170,2018/19,2019-03-13,St George's Park,1,27.5,Sri Lanka,South Africa,DM de Silva,I Udana,JP Duminy,1,0,,,,,,,,,
1144170,2018/19,2019-03-13,St George's Park,1,27.6,Sri Lanka,South Africa,I Udana,DM de Silva,JP Duminy,0,0,,,,,,,,,
1144170,2018/19,2019-03-13,St George's Park,1,28.1,Sri Lanka,South Africa,DM de Silva,I Udana,T Shamsi,0,0,,,,,,,,,
1144170,2018/19,2019-03-13,St George's Park,1,28.2,Sri Lanka,South Africa,DM de Silva,I Udana,T Shamsi,0,0,,,,,,,,,
1144170,2018/19,2019-03-13,St George's Park,1,28.3,Sri Lanka,South Africa,DM de Silva,I Udana,T Shamsi,1,0,,,,,,,,,
1144170,2018/19,2019-03-13,St George's Park,1,28.4,Sri Lanka,South Africa,I Udana,DM de Silva,T Shamsi,0,0,,,,,,,,,
1144170,2018/19,2019-03-13,St George's Park,1,28.5,Sri Lanka,South Africa,I Udana,DM de Silva,T Shamsi,1,0,,,,,,,,,
1144170,2018/19,2019-03-13,St George's Park,1,28.6,Sri Lanka,South Africa,DM de Silva,I Udana,T Shamsi,0,0,,,,,,,,,
1144170,2018/19,2019-03-13,St George's Park,1,29.1,Sri Lanka,South Africa,I Udana,DM de Silva,JP Duminy,4,0,,,,,,,,,
1144170,2018/19,2019-03-13,St George's Park,1,29.2,Sri Lanka,South Africa,I Udana,DM de Silva,JP Duminy,1,0,,,,,,,,,
1144170,2018/19,2019-03-13,St George's Park,1,29.3,Sri Lanka,South Africa,DM de Silva,I Udana,JP Duminy,1,0,,,,,,,,,
1144170,2018/19,2019-03-13,St George's Park,1,29.4,Sri Lanka,South Africa,I Udana,DM de Silva,JP Duminy,0,0,,,,,,,,,
1144170,2018/19,2019-03-13,St George's Park,1,29.5,Sri Lanka,South Africa,I Udana,DM de Silva,JP Duminy,0,0,,,,,,,,,
1144170,2018/19,2019-03-13,St George's Park,1,29.6,Sri Lanka,South Africa,I Udana,DM de Silva,JP Duminy,0,0,,,,,,,,,
1144170,2018/19,2019-03-13,St George's Park,1,30.1,Sri Lanka,South Africa,DM de Silva,I Udana,T Shamsi,0,0,,,,,,,,,
1144170,2018/19,2019-03-13,St George's Park,1,30.2,Sri Lanka,South Africa,DM de Silva,I Udana,T Shamsi,0,0,,,,,,,,,
1144170,2018/19,2019-03-13,St George's Park,1,30.3,Sri Lanka,South Africa,DM de Silva,I Udana,T Shamsi,0,0,,,,,,,,,
1144170,2018/19,2019-03-13,St George's Park,1,30.4,Sri Lanka,South Africa,DM de Silva,I Udana,T Shamsi,0,0,,,,,,,,,
1144170,2018/19,2019-03-13,St George's Park,1,30.5,Sri Lanka,South Africa,DM de Silva,I Udana,T Shamsi,1,0,,,,,,,,,
1144170,2018/19,2019-03-13,St George's Park,1,30.6,Sri Lanka,South Africa,I Udana,DM de Silva,T Shamsi,0,0,,,,,,,,,
1144170,2018/19,2019-03-13,St George's Park,1,31.1,Sri Lanka,South Africa,DM de Silva,I Udana,JP Duminy,0,0,,,,,,,,,
1144170,2018/19,2019-03-13,St George's Park,1,31.2,Sri Lanka,South Africa,DM de Silva,I Udana,JP Duminy,0,0,,,,,,,,,
1144170,2018/19,2019-03-13,St George's Park,1,31.3,Sri Lanka,South Africa,DM de Silva,I Udana,JP Duminy,4,0,,,,,,,,,
1144170,2018/19,2019-03-13,St George's Park,1,31.4,Sri Lanka,South Africa,DM de Silva,I Udana,JP Duminy,0,0,,,,,,caught,DM de Silva,,
1144170,2018/19,2019-03-13,St George's Park,1,31.5,Sri Lanka,South Africa,I Udana,SL Malinga,JP Duminy,0,0,,,,,,,,,
1144170,2018/19,2019-03-13,St George's Park,1,31.6,Sri Lanka,South Africa,I Udana,SL Malinga,JP Duminy,1,0,,,,,,,,,
1144170,2018/19,2019-03-13,St George's Park,1,32.1,Sri Lanka,South Africa,I Udana,SL Malinga,T Shamsi,0,0,,,,,,,,,
1144170,2018/19,2019-03-13,St George's Park,1,32.2,Sri Lanka,South Africa,I Udana,SL Malinga,T Shamsi,0,0,,,,,,,,,
1144170,2018/19,2019-03-13,St George's Park,1,32.3,Sri Lanka,South Africa,I Udana,SL Malinga,T Shamsi,0,0,,,,,,,,,
1144170,2018/19,2019-03-13,St George's Park,1,32.4,Sri Lanka,South Africa,I Udana,SL Malinga,T Shamsi,0,0,,,,,,,,,
1144170,2018/19,2019-03-13,St George's Park,1,32.5,Sri Lanka,South Africa,I Udana,SL Malinga,T Shamsi,0,1,1,,,,,,,,
1144170,2018/19,2019-03-13,St George's Park,1,32.6,Sri Lanka,South Africa,I Udana,SL Malinga,T Shamsi,0,0,,,,,,,,,
1144170,2018/19,2019-03-13,St George's Park,1,32.7,Sri Lanka,South Africa,I Udana,SL Malinga,T Shamsi,1,0,,,,,,,,,
1144170,2018/19,2019-03-13,St George's Park,1,33.1,Sri Lanka,South Africa,I Udana,SL Malinga,JP Duminy,4,0,,,,,,,,,
1144170,2018/19,2019-03-13,St George's Park,1,33.2,Sri Lanka,South Africa,I Udana,SL Malinga,JP Duminy,1,0,,,,,,,,,
1144170,2018/19,2019-03-13,St George's Park,1,33.3,Sri Lanka,South Africa,SL Malinga,I Udana,JP Duminy,0,0,,,,,,,,,
1144170,2018/19,2019-03-13,St George's Park,1,33.4,Sri Lanka,South Africa,SL Malinga,I Udana,JP Duminy,0,0,,,,,,run out,SL Malinga,,
1144170,2018/19,2019-03-13,St George's Park,1,33.5,Sri Lanka,South Africa,I Udana,CAK Rajitha,JP Duminy,2,0,,,,,,,,,
1144170,2018/19,2019-03-13,St George's Park,1,33.6,Sri Lanka,South Africa,I Udana,CAK Rajitha,JP Duminy,1,0,,,,,,,,,
1144170,2018/19,2019-03-13,St George's Park,1,34.1,Sri Lanka,South Africa,I Udana,CAK Rajitha,T Shamsi,4,0,,,,,,,,,
1144170,2018/19,2019-03-13,St George's Park,1,34.2,Sri Lanka,South Africa,I Udana,CAK Rajitha,T Shamsi,2,0,,,,,,,,,
1144170,2018/19,2019-03-13,St George's Park,1,34.3,Sri Lanka,South Africa,I Udana,CAK Rajitha,T Shamsi,0,0,,,,,,,,,
1144170,2018/19,2019-03-13,St George's Park,1,34.4,Sri Lanka,South Africa,I Udana,CAK Rajitha,T Shamsi,0,0,,,,,,,,,
1144170,2018/19,2019-03-13,St George's Park,1,34.5,Sri Lanka,South Africa,I Udana,CAK Rajitha,T Shamsi,0,0,,,,,,,,,
1144170,2018/19,2019-03-13,St George's Park,1,34.6,Sri Lanka,South Africa,I Udana,CAK Rajitha,T Shamsi,0,1,,,,1,,,,,
1144170,2018/19,2019-03-13,St George's Park,1,35.1,Sri Lanka,South Africa,I Udana,CAK Rajitha,A Nortje,6,0,,,,,,,,,
1144170,2018/19,2019-03-13,St George's Park,1,35.2,Sri Lanka,South Africa,I Udana,CAK Rajitha,A Nortje,6,0,,,,,,,,,
1144170,2018/19,2019-03-13,St George's Park,1,35.3,Sri Lanka,South Africa,I Udana,CAK Rajitha,A Nortje,6,0,,,,,,,,,
1144170,2018/19,2019-03-13,St George's Park,1,35.4,Sri Lanka,South Africa,I Udana,CAK Rajitha,A Nortje,2,0,,,,,,,,,
1144170,2018/19,2019-03-13,St George's Park,1,35.5,Sri Lanka,South Africa,I Udana,CAK Rajitha,A Nortje,0,1,1,,,,,,,,
1144170,2018/19,2019-03-13,St George's Park,1,35.6,Sri Lanka,South Africa,I Udana,CAK Rajitha,A Nortje,2,0,,,,,,,,,
1144170,2018/19,2019-03-13,St George's Park,1,35.7,Sri Lanka,South Africa,I Udana,CAK Rajitha,A Nortje,0,0,,,,,,,,,
1144170,2018/19,2019-03-13,St George's Park,1,36.1,Sri Lanka,South Africa,CAK Rajitha,I Udana,T Shamsi,0,0,,,,,,,,,
1144170,2018/19,2019-03-13,St George's Park,1,36.2,Sri Lanka,South Africa,CAK Rajitha,I Udana,T Shamsi,0,0,,,,,,,,,
1144170,2018/19,2019-03-13,St George's Park,1,36.3,Sri Lanka,South Africa,CAK Rajitha,I Udana,T Shamsi,0,1,1,,,,,,,,
1144170,2018/19,2019-03-13,St George's Park,1,36.4,Sri Lanka,South Africa,CAK Rajitha,I Udana,T Shamsi,0,0,,,,,,,,,
1144170,2018/19,2019-03-13,St George's Park,1,36.5,Sri Lanka,South Africa,CAK Rajitha,I Udana,T Shamsi,0,0,,,,,,,,,
1144170,2018/19,2019-03-13,St George's Park,1,36.6,Sri Lanka,South Africa,CAK Rajitha,I Udana,T Shamsi,0,0,,,,,,,,,
1144170,2018/19,2019-03-13,St George's Park,1,36.7,Sri Lanka,South Africa,CAK Rajitha,I Udana,T Shamsi,0,0,,,,,,,,,
1144170,2018/19,2019-03-13,St George's Park,1,37.1,Sri Lanka,South Africa,I Udana,CAK Rajitha,A Nortje,4,0,,,,,,,,,
1144170,2018/19,2019-03-13,St George's Park,1,37.2,Sri Lanka,South Africa,I Udana,CAK Rajitha,A Nortje,0,0,,,,,,,,,
1144170,2018/19,2019-03-13,St George's Park,1,37.3,Sri Lanka,South Africa,I Udana,CAK Rajitha,A Nortje,4,0,,,,,,,,,
1144170,2018/19,2019-03-13,St George's Park,1,37.4,Sri Lanka,South Africa,I Udana,CAK Rajitha,A Nortje,0,0,,,,,,,,,
1144170,2018/19,2019-03-13,St George's Park,1,37.5,Sri Lanka,South Africa,I Udana,CAK Rajitha,A Nortje,6,0,,,,,,,,,
1144170,2018/19,2019-03-13,St George's Park,1,37.6,Sri Lanka,South Africa,I Udana,CAK Rajitha,A Nortje,1,0,,,,,,,,,
1144170,2018/19,2019-03-13,St George's Park,1,38.1,Sri Lanka,South Africa,I Udana,CAK Rajitha,T Shamsi,0,0,,,,,,,,,
1144170,2018/19,2019-03-13,St George's Park,1,38.2,Sri Lanka,South Africa,I Udana,CAK Rajitha,T Shamsi,4,0,,,,,,,,,
1144170,2018/19,2019-03-13,St George's Park,1,38.3,Sri Lanka,South Africa,I Udana,CAK Rajitha,T Shamsi,1,0,,,,,,,,,
1144170,2018/19,2019-03-13,St George's Park,1,38.4,Sri Lanka,South Africa,CAK Rajitha,I Udana,T Shamsi,0,0,,,,,,,,,
1144170,2018/19,2019-03-13,St George's Park,1,38.5,Sri Lanka,South Africa,CAK Rajitha,I Udana,T Shamsi,0,0,,,,,,,,,
1144170,2018/19,2019-03-13,St George's Park,1,38.6,Sri Lanka,South Africa,CAK Rajitha,I Udana,T Shamsi,0,0,,,,,,,,,
1144170,2018/19,2019-03-13,St George's Park,1,39.1,Sri Lanka,South Africa,I Udana,CAK Rajitha,AL Phehlukwayo,4,0,,,,,,,,,
1144170,2018/19,2019-03-13,St George's Park,1,39.2,Sri Lanka,South Africa,I Udana,CAK Rajitha,AL Phehlukwayo,0,0,,,,,,caught,I Udana,,
1144170,2018/19,2019-03-13,St George's Park,2,0.1,South Africa,Sri Lanka,Q de Kock,RR Hendricks,DM de Silva,0,0,,,,,,,,,
1144170,2018/19,2019-03-13,St George's Park,2,0.2,South Africa,Sri Lanka,Q de Kock,RR Hendricks,DM de Silva,0,0,,,,,,,,,
1144170,2018/19,2019-03-13,St George's Park,2,0.3,South Africa,Sri Lanka,Q de Kock,RR Hendricks,DM de Silva,0,0,,,,,,,,,
1144170,2018/19,2019-03-13,St George's Park,2,0.4,South Africa,Sri Lanka,Q de Kock,RR Hendricks,DM de Silva,0,0,,,,,,,,,
1144170,2018/19,2019-03-13,St George's Park,2,0.5,South Africa,Sri Lanka,Q de Kock,RR Hendricks,DM de Silva,0,0,,,,,,,,,
1144170,2018/19,2019-03-13,St George's Park,2,0.6,South Africa,Sri Lanka,Q de Kock,RR Hendricks,DM de Silva,0,0,,,,,,,,,
1144170,2018/19,2019-03-13,St George's Park,2,1.1,South Africa,Sri Lanka,RR Hendricks,Q de Kock,SL Malinga,0,0,,,,,,,,,
1144170,2018/19,2019-03-13,St George's Park,2,1.2,South Africa,Sri Lanka,RR Hendricks,Q de Kock,SL Malinga,0,0,,,,,,,,,
1144170,2018/19,2019-03-13,St George's Park,2,1.3,South Africa,Sri Lanka,RR Hendricks,Q de Kock,SL Malinga,0,0,,,,,,,,,
1144170,2018/19,2019-03-13,St George's Park,2,1.4,South Africa,Sri Lanka,RR Hendricks,Q de Kock,SL Malinga,4,0,,,,,,,,,
1144170,2018/19,2019-03-13,St George's Park,2,1.5,South Africa,Sri Lanka,RR Hendricks,Q de Kock,SL Malinga,0,0,,,,,,,,,
1144170,2018/19,2019-03-13,St George's Park,2,1.6,South Africa,Sri Lanka,RR Hendricks,Q de Kock,SL Malinga,0,0,,,,,,,,,
1144170,2018/19,2019-03-13,St George's Park,2,2.1,South Africa,Sri Lanka,Q de Kock,RR Hendricks,DM de Silva,0,0,,,,,,,,,
1144170,2018/19,2019-03-13,St George's Park,2,2.2,South Africa,Sri Lanka,Q de Kock,RR Hendricks,DM de Silva,4,0,,,,,,,,,
1144170,2018/19,2019-03-13,St George's Park,2,2.3,South Africa,Sri Lanka,Q de Kock,RR Hendricks,DM de Silva,0,0,,,,,,,,,
1144170,2018/19,2019-03-13,St George's Park,2,2.4,South Africa,Sri Lanka,Q de Kock,RR Hendricks,DM de Silva,0,0,,,,,,,,,
1144170,2018/19,2019-03-13,St George's Park,2,2.5,South Africa,Sri Lanka,Q de Kock,RR Hendricks,DM de Silva,0,0,,,,,,,,,
1144170,2018/19,2019-03-13,St George's Park,2,2.6,South Africa,Sri Lanka,Q de Kock,RR Hendricks,DM de Silva,4,0,,,,,,,,,
1144170,2018/19,2019-03-13,St George's Park,2,3.1,South Africa,Sri Lanka,RR Hendricks,Q de Kock,SL Malinga,0,0,,,,,,,,,
1144170,2018/19,2019-03-13,St George's Park,2,3.2,South Africa,Sri Lanka,RR Hendricks,Q de Kock,SL Malinga,0,0,,,,,,,,,
1144170,2018/19,2019-03-13,St George's Park,2,3.3,South Africa,Sri Lanka,RR Hendricks,Q de Kock,SL Malinga,2,0,,,,,,,,,
1144170,2018/19,2019-03-13,St George's Park,2,3.4,South Africa,Sri Lanka,RR Hendricks,Q de Kock,SL Malinga,0,0,,,,,,,,,
1144170,2018/19,2019-03-13,St George's Park,2,3.5,South Africa,Sri Lanka,RR Hendricks,Q de Kock,SL Malinga,0,0,,,,,,,,,
1144170,2018/19,2019-03-13,St George's Park,2,3.6,South Africa,Sri Lanka,RR Hendricks,Q de Kock,SL Malinga,1,0,,,,,,,,,
1144170,2018/19,2019-03-13,St George's Park,2,4.1,South Africa,Sri Lanka,RR Hendricks,Q de Kock,DM de Silva,0,0,,,,,,,,,
1144170,2018/19,2019-03-13,St George's Park,2,4.2,South Africa,Sri Lanka,RR Hendricks,Q de Kock,DM de Silva,1,0,,,,,,,,,
1144170,2018/19,2019-03-13,St George's Park,2,4.3,South Africa,Sri Lanka,Q de Kock,RR Hendricks,DM de Silva,4,0,,,,,,,,,
1144170,2018/19,2019-03-13,St George's Park,2,4.4,South Africa,Sri Lanka,Q de Kock,RR Hendricks,DM de Silva,1,0,,,,,,,,,
1144170,2018/19,2019-03-13,St George's Park,2,4.5,South Africa,Sri Lanka,RR Hendricks,Q de Kock,DM de Silva,0,0,,,,,,,,,
1144170,2018/19,2019-03-13,St George's Park,2,4.6,South Africa,Sri Lanka,RR Hendricks,Q de Kock,DM de Silva,0,0,,,,,,caught,RR Hendricks,,
1144170,2018/19,2019-03-13,St George's Park,2,5.1,South Africa,Sri Lanka,Q de Kock,AK Markram,SL Malinga,1,0,,,,,,,,,
1144170,2018/19,2019-03-13,St George's Park,2,5.2,South Africa,Sri Lanka,AK Markram,Q de Kock,SL Malinga,0,0,,,,,,,,,
1144170,2018/19,2019-03-13,St George's Park,2,5.3,South Africa,Sri Lanka,AK Markram,Q de Kock,SL Malinga,0,0,,,,,,,,,
1144170,2018/19,2019-03-13,St George's Park,2,5.4,South Africa,Sri Lanka,AK Markram,Q de Kock,SL Malinga,4,0,,,,,,,,,
1144170,2018/19,2019-03-13,St George's Park,2,5.5,South Africa,Sri Lanka,AK Markram,Q de Kock,SL Malinga,1,0,,,,,,,,,
1144170,2018/19,2019-03-13,St George's Park,2,5.6,South Africa,Sri Lanka,Q de Kock,AK Markram,SL Malinga,0,0,,,,,,,,,
1144170,2018/19,2019-03-13,St George's Park,2,6.1,South Africa,Sri Lanka,AK Markram,Q de Kock,DM de Silva,1,0,,,,,,,,,
1144170,2018/19,2019-03-13,St George's Park,2,6.2,South Africa,Sri Lanka,Q de Kock,AK Markram,DM de Silva,0,0,,,,,,,,,
1144170,2018/19,2019-03-13,St George's Park,2,6.3,South Africa,Sri Lanka,Q de Kock,AK Markram,DM de Silva,1,0,,,,,,,,,
1144170,2018/19,2019-03-13,St George's Park,2,6.4,South Africa,Sri Lanka,AK Markram,Q de Kock,DM de Silva,0,0,,,,,,,,,
1144170,2018/19,2019-03-13,St George's Park,2,6.5,South Africa,Sri Lanka,AK Markram,Q de Kock,DM de Silva,0,0,,,,,,,,,
1144170,2018/19,2019-03-13,St George's Park,2,6.6,South Africa,Sri Lanka,AK Markram,Q de Kock,DM de Silva,1,0,,,,,,,,,
1144170,2018/19,2019-03-13,St George's Park,2,7.1,South Africa,Sri Lanka,AK Markram,Q de Kock,SL Malinga,1,0,,,,,,,,,
1144170,2018/19,2019-03-13,St George's Park,2,7.2,South Africa,Sri Lanka,Q de Kock,AK Markram,SL Malinga,0,1,1,,,,,,,,
1144170,2018/19,2019-03-13,St George's Park,2,7.3,South Africa,Sri Lanka,Q de Kock,AK Markram,SL Malinga,0,0,,,,,,,,,
1144170,2018/19,2019-03-13,St George's Park,2,7.4,South Africa,Sri Lanka,Q de Kock,AK Markram,SL Malinga,3,0,,,,,,,,,
1144170,2018/19,2019-03-13,St George's Park,2,7.5,South Africa,Sri Lanka,AK Markram,Q de Kock,SL Malinga,1,0,,,,,,,,,
1144170,2018/19,2019-03-13,St George's Park,2,7.6,South Africa,Sri Lanka,Q de Kock,AK Markram,SL Malinga,0,0,,,,,,,,,
1144170,2018/19,2019-03-13,St George's Park,2,7.7,South Africa,Sri Lanka,Q de Kock,AK Markram,SL Malinga,0,0,,,,,,,,,
1144170,2018/19,2019-03-13,St George's Park,2,8.1,South Africa,Sri Lanka,AK Markram,Q de Kock,DM de Silva,0,0,,,,,,,,,
1144170,2018/19,2019-03-13,St George's Park,2,8.2,South Africa,Sri Lanka,AK Markram,Q de Kock,DM de Silva,1,0,,,,,,,,,
1144170,2018/19,2019-03-13,St George's Park,2,8.3,South Africa,Sri Lanka,Q de Kock,AK Markram,DM de Silva,0,0,,,,,,,,,
1144170,2018/19,2019-03-13,St George's Park,2,8.4,South Africa,Sri Lanka,Q de Kock,AK Markram,DM de Silva,1,0,,,,,,,,,
1144170,2018/19,2019-03-13,St George's Park,2,8.5,South Africa,Sri Lanka,AK Markram,Q de Kock,DM de Silva,1,0,,,,,,,,,
1144170,2018/19,2019-03-13,St George's Park,2,8.6,South Africa,Sri Lanka,Q de Kock,AK Markram,DM de Silva,0,0,,,,,,,,,
1144170,2018/19,2019-03-13,St George's Park,2,9.1,South Africa,Sri Lanka,AK Markram,Q de Kock,SL Malinga,1,0,,,,,,,,,
1144170,2018/19,2019-03-13,St George's Park,2,9.2,South Africa,Sri Lanka,Q de Kock,AK Markram,SL Malinga,0,0,,,,,,,,,
1144170,2018/19,2019-03-13,St George's Park,2,9.3,South Africa,Sri Lanka,Q de Kock,AK Markram,SL Malinga,1,0,,,,,,,,,
1144170,2018/19,2019-03-13,St George's Park,2,9.4,South Africa,Sri Lanka,AK Markram,Q de Kock,SL Malinga,0,0,,,,,,,,,
1144170,2018/19,2019-03-13,St George's Park,2,9.5,South Africa,Sri Lanka,AK Markram,Q de Kock,SL Malinga,0,0,,,,,,,,,
1144170,2018/19,2019-03-13,St George's Park,2,9.6,South Africa,Sri Lanka,AK Markram,Q de Kock,SL Malinga,4,0,,,,,,,,,
1144170,2018/19,2019-03-13,St George's Park,2,10.1,South Africa,Sri Lanka,Q de Kock,AK Markram,I Udana,1,0,,,,,,,,,
1144170,2018/19,2019-03-13,St George's Park,2,10.2,South Africa,Sri Lanka,AK Markram,Q de Kock,I Udana,1,0,,,,,,,,,
1144170,2018/19,2019-03-13,St George's Park,2,10.3,South Africa,Sri Lanka,Q de Kock,AK Markram,I Udana,1,0,,,,,,,,,
1144170,2018/19,2019-03-13,St George's Park,2,10.4,South Africa,Sri Lanka,AK Markram,Q de Kock,I Udana,0,0,,,,,,,,,
1144170,2018/19,2019-03-13,St George's Park,2,10.5,South Africa,Sri Lanka,AK Markram,Q de Kock,I Udana,1,0,,,,,,,,,
1144170,2018/19,2019-03-13,St George's Park,2,10.6,South Africa,Sri Lanka,Q de Kock,AK Markram,I Udana,0,0,,,,,,,,,
1144170,2018/19,2019-03-13,St George's Park,2,11.1,South Africa,Sri Lanka,AK Markram,Q de Kock,CAK Rajitha,0,0,,,,,,,,,
1144170,2018/19,2019-03-13,St George's Park,2,11.2,South Africa,Sri Lanka,AK Markram,Q de Kock,CAK Rajitha,1,0,,,,,,,,,
1144170,2018/19,2019-03-13,St George's Park,2,11.3,South Africa,Sri Lanka,Q de Kock,AK Markram,CAK Rajitha,0,0,,,,,,,,,
1144170,2018/19,2019-03-13,St George's Park,2,11.4,South Africa,Sri Lanka,Q de Kock,AK Markram,CAK Rajitha,1,0,,,,,,,,,
1144170,2018/19,2019-03-13,St George's Park,2,11.5,South Africa,Sri Lanka,AK Markram,Q de Kock,CAK Rajitha,1,0,,,,,,,,,
1144170,2018/19,2019-03-13,St George's Park,2,11.6,South Africa,Sri Lanka,Q de Kock,AK Markram,CAK Rajitha,1,0,,,,,,,,,
1144170,2018/19,2019-03-13,St George's Park,2,12.1,South Africa,Sri Lanka,Q de Kock,AK Markram,I Udana,0,0,,,,,,,,,
1144170,2018/19,2019-03-13,St George's Park,2,12.2,South Africa,Sri Lanka,Q de Kock,AK Markram,I Udana,4,0,,,,,,,,,
1144170,2018/19,2019-03-13,St George's Park,2,12.3,South Africa,Sri Lanka,Q de Kock,AK Markram,I Udana,1,0,,,,,,,,,
1144170,2018/19,2019-03-13,St George's Park,2,12.4,South Africa,Sri Lanka,AK Markram,Q de Kock,I Udana,1,0,,,,,,,,,
1144170,2018/19,2019-03-13,St George's Park,2,12.5,South Africa,Sri Lanka,Q de Kock,AK Markram,I Udana,1,0,,,,,,,,,
1144170,2018/19,2019-03-13,St George's Park,2,12.6,South Africa,Sri Lanka,AK Markram,Q de Kock,I Udana,4,0,,,,,,,,,
1144170,2018/19,2019-03-13,St George's Park,2,13.1,South Africa,Sri Lanka,Q de Kock,AK Markram,CAK Rajitha,1,0,,,,,,,,,
1144170,2018/19,2019-03-13,St George's Park,2,13.2,South Africa,Sri Lanka,AK Markram,Q de Kock,CAK Rajitha,1,0,,,,,,,,,
1144170,2018/19,2019-03-13,St George's Park,2,13.3,South Africa,Sri Lanka,Q de Kock,AK Markram,CAK Rajitha,1,0,,,,,,,,,
1144170,2018/19,2019-03-13,St George's Park,2,13.4,South Africa,Sri Lanka,AK Markram,Q de Kock,CAK Rajitha,0,0,,,,,,,,,
1144170,2018/19,2019-03-13,St George's Park,2,13.5,South Africa,Sri Lanka,AK Markram,Q de Kock,CAK Rajitha,0,0,,,,,,,,,
1144170,2018/19,2019-03-13,St George's Park,2,13.6,South Africa,Sri Lanka,AK Markram,Q de Kock,CAK Rajitha,0,0,,,,,,,,,
1144170,2018/19,2019-03-13,St George's Park,2,14.1,South Africa,Sri Lanka,Q de Kock,AK Markram,PHKD Mendis,0,0,,,,,,,,,
1144170,2018/19,2019-03-13,St George's Park,2,14.2,South Africa,Sri Lanka,Q de Kock,AK Markram,PHKD Mendis,0,0,,,,,,,,,
1144170,2018/19,2019-03-13,St George's Park,2,14.3,South Africa,Sri Lanka,Q de Kock,AK Markram,PHKD Mendis,4,0,,,,,,,,,
1144170,2018/19,2019-03-13,St George's Park,2,14.4,South Africa,Sri Lanka,Q de Kock,AK Markram,PHKD Mendis,2,0,,,,,,,,,
1144170,2018/19,2019-03-13,St George's Park,2,14.5,South Africa,Sri Lanka,Q de Kock,AK Markram,PHKD Mendis,1,0,,,,,,,,,
1144170,2018/19,2019-03-13,St George's Park,2,14.6,South Africa,Sri Lanka,AK Markram,Q de Kock,PHKD Mendis,1,0,,,,,,,,,
1144170,2018/19,2019-03-13,St George's Park,2,15.1,South Africa,Sri Lanka,AK Markram,Q de Kock,CAK Rajitha,2,0,,,,,,,,,
1144170,2018/19,2019-03-13,St George's Park,2,15.2,South Africa,Sri Lanka,AK Markram,Q de Kock,CAK Rajitha,0,0,,,,,,caught,AK Markram,,
1144170,2018/19,2019-03-13,St George's Park,2,15.3,South Africa,Sri Lanka,Q de Kock,F du Plessis,CAK Rajitha,4,0,,,,,,,,,
1144170,2018/19,2019-03-13,St George's Park,2,15.4,South Africa,Sri Lanka,Q de Kock,F du Plessis,CAK Rajitha,1,0,,,,,,,,,
1144170,2018/19,2019-03-13,St George's Park,2,15.5,South Africa,Sri Lanka,F du Plessis,Q de Kock,CAK Rajitha,1,0,,,,,,,,,
1144170,2018/19,2019-03-13,St George's Park,2,15.6,South Africa,Sri Lanka,Q de Kock,F du Plessis,CAK Rajitha,0,0,,,,,,,,,
1144170,2018/19,2019-03-13,St George's Park,2,16.1,South Africa,Sri Lanka,F du Plessis,Q de Kock,PHKD Mendis,1,0,,,,,,,,,
1144170,2018/19,2019-03-13,St George's Park,2,16.2,South Africa,Sri Lanka,Q de Kock,F du Plessis,PHKD Mendis,0,0,,,,,,,,,
1144170,2018/19,2019-03-13,St George's Park,2,16.3,South Africa,Sri Lanka,Q de Kock,F du Plessis,PHKD Mendis,1,0,,,,,,,,,
1144170,2018/19,2019-03-13,St George's Park,2,16.4,South Africa,Sri Lanka,F du Plessis,Q de Kock,PHKD Mendis,0,0,,,,,,,,,
1144170,2018/19,2019-03-13,St George's Park,2,16.5,South Africa,Sri Lanka,F du Plessis,Q de Kock,PHKD Mendis,0,0,,,,,,,,,
1144170,2018/19,2019-03-13,St George's Park,2,16.6,South Africa,Sri Lanka,F du Plessis,Q de Kock,PHKD Mendis,4,0,,,,,,,,,
1144170,2018/19,2019-03-13,St George's Park,2,17.1,South Africa,Sri Lanka,Q de Kock,F du Plessis,BOP Fernando,1,0,,,,,,,,,
1144170,2018/19,2019-03-13,St George's Park,2,17.2,South Africa,Sri Lanka,F du Plessis,Q de Kock,BOP Fernando,0,0,,,,,,,,,
1144170,2018/19,2019-03-13,St George's Park,2,17.3,South Africa,Sri Lanka,F du Plessis,Q de Kock,BOP Fernando,1,0,,,,,,,,,
1144170,2018/19,2019-03-13,St George's Park,2,17.4,South Africa,Sri Lanka,Q de Kock,F du Plessis,BOP Fernando,1,0,,,,,,,,,
1144170,2018/19,2019-03-13,St George's Park,2,17.5,South Africa,Sri Lanka,F du Plessis,Q de Kock,BOP Fernando,1,0,,,,,,,,,
1144170,2018/19,2019-03-13,St George's Park,2,17.6,South Africa,Sri Lanka,Q de Kock,F du Plessis,BOP Fernando,0,0,,,,,,,,,
1144170,2018/19,2019-03-13,St George's Park,2,18.1,South Africa,Sri Lanka,F du Plessis,Q de Kock,DM de Silva,1,0,,,,,,,,,
1144170,2018/19,2019-03-13,St George's Park,2,18.2,South Africa,Sri Lanka,Q de Kock,F du Plessis,DM de Silva,1,0,,,,,,,,,
1144170,2018/19,2019-03-13,St George's Park,2,18.3,South Africa,Sri Lanka,F du Plessis,Q de Kock,DM de Silva,0,0,,,,,,,,,
1144170,2018/19,2019-03-13,St George's Park,2,18.4,South Africa,Sri Lanka,F du Plessis,Q de Kock,DM de Silva,0,0,,,,,,,,,
1144170,2018/19,2019-03-13,St George's Park,2,18.5,South Africa,Sri Lanka,F du Plessis,Q de Kock,DM de Silva,0,0,,,,,,,,,
1144170,2018/19,2019-03-13,St George's Park,2,18.6,South Africa,Sri Lanka,F du Plessis,Q de Kock,DM de Silva,1,0,,,,,,,,,
1144170,2018/19,2019-03-13,St George's Park,2,19.1,South Africa,Sri Lanka,F du Plessis,Q de Kock,BOP Fernando,1,0,,,,,,,,,
1144170,2018/19,2019-03-13,St George's Park,2,19.2,South Africa,Sri Lanka,Q de Kock,F du Plessis,BOP Fernando,1,0,,,,,,,,,
1144170,2018/19,2019-03-13,St George's Park,2,19.3,South Africa,Sri Lanka,F du Plessis,Q de Kock,BOP Fernando,2,0,,,,,,,,,
1144170,2018/19,2019-03-13,St George's Park,2,19.4,South Africa,Sri Lanka,F du Plessis,Q de Kock,BOP Fernando,6,0,,,,,,,,,
1144170,2018/19,2019-03-13,St George's Park,2,19.5,South Africa,Sri Lanka,F du Plessis,Q de Kock,BOP Fernando,1,0,,,,,,,,,
1144170,2018/19,2019-03-13,St George's Park,2,19.6,South Africa,Sri Lanka,Q de Kock,F du Plessis,BOP Fernando,1,0,,,,,,,,,
1144170,2018/19,2019-03-13,St George's Park,2,20.1,South Africa,Sri Lanka,Q de Kock,F du Plessis,DM de Silva,1,0,,,,,,,,,
1144170,2018/19,2019-03-13,St George's Park,2,20.2,South Africa,Sri Lanka,F du Plessis,Q de Kock,DM de Silva,0,0,,,,,,,,,
1144170,2018/19,2019-03-13,St George's Park,2,20.3,South Africa,Sri Lanka,F du Plessis,Q de Kock,DM de Silva,1,0,,,,,,,,,
1144170,2018/19,2019-03-13,St George's Park,2,20.4,South Africa,Sri Lanka,Q de Kock,F du Plessis,DM de Silva,0,0,,,,,,caught,Q de Kock,,
1144170,2018/19,2019-03-13,St George's Park,2,20.5,South Africa,Sri Lanka,DA Miller,F du Plessis,DM de Silva,0,0,,,,,,,,,
1144170,2018/19,2019-03-13,St George's Park,2,20.6,South Africa,Sri Lanka,DA Miller,F du Plessis,DM de Silva,0,0,,,,,,,,,
1144170,2018/19,2019-03-13,St George's Park,2,21.1,South Africa,Sri Lanka,F du Plessis,DA Miller,CAK Rajitha,0,0,,,,,,,,,
1144170,2018/19,2019-03-13,St George's Park,2,21.2,South Africa,Sri Lanka,F du Plessis,DA Miller,CAK Rajitha,0,0,,,,,,,,,
1144170,2018/19,2019-03-13,St George's Park,2,21.3,South Africa,Sri Lanka,F du Plessis,DA Miller,CAK Rajitha,0,0,,,,,,,,,
1144170,2018/19,2019-03-13,St George's Park,2,21.4,South Africa,Sri Lanka,F du Plessis,DA Miller,CAK Rajitha,0,0,,,,,,,,,
1144170,2018/19,2019-03-13,St George's Park,2,21.5,South Africa,Sri Lanka,F du Plessis,DA Miller,CAK Rajitha,0,1,1,,,,,,,,
1144170,2018/19,2019-03-13,St George's Park,2,21.6,South Africa,Sri Lanka,F du Plessis,DA Miller,CAK Rajitha,4,0,,,,,,,,,
1144170,2018/19,2019-03-13,St George's Park,2,21.7,South Africa,Sri Lanka,F du Plessis,DA Miller,CAK Rajitha,0,0,,,,,,,,,
1144170,2018/19,2019-03-13,St George's Park,2,22.1,South Africa,Sri Lanka,DA Miller,F du Plessis,DM de Silva,0,0,,,,,,,,,
1144170,2018/19,2019-03-13,St George's Park,2,22.2,South Africa,Sri Lanka,DA Miller,F du Plessis,DM de Silva,2,0,,,,,,,,,
1144170,2018/19,2019-03-13,St George's Park,2,22.3,South Africa,Sri Lanka,DA Miller,F du Plessis,DM de Silva,0,0,,,,,,,,,
1144170,2018/19,2019-03-13,St George's Park,2,22.4,South Africa,Sri Lanka,DA Miller,F du Plessis,DM de Silva,1,0,,,,,,,,,
1144170,2018/19,2019-03-13,St George's Park,2,22.5,South Africa,Sri Lanka,F du Plessis,DA Miller,DM de Silva,0,0,,,,,,,,,
1144170,2018/19,2019-03-13,St George's Park,2,22.6,South Africa,Sri Lanka,F du Plessis,DA Miller,DM de Silva,1,0,,,,,,,,,
1144170,2018/19,2019-03-13,St George's Park,2,23.1,South Africa,Sri Lanka,F du Plessis,DA Miller,CAK Rajitha,0,0,,,,,,,,,
1144170,2018/19,2019-03-13,St George's Park,2,23.2,South Africa,Sri Lanka,F du Plessis,DA Miller,CAK Rajitha,2,0,,,,,,,,,
1144170,2018/19,2019-03-13,St George's Park,2,23.3,South Africa,Sri Lanka,F du Plessis,DA Miller,CAK Rajitha,4,0,,,,,,,,,
1144170,2018/19,2019-03-13,St George's Park,2,23.4,South Africa,Sri Lanka,F du Plessis,DA Miller,CAK Rajitha,4,0,,,,,,,,,
1144170,2018/19,2019-03-13,St George's Park,2,23.5,South Africa,Sri Lanka,F du Plessis,DA Miller,CAK Rajitha,1,0,,,,,,,,,
1144170,2018/19,2019-03-13,St George's Park,2,23.6,South Africa,Sri Lanka,DA Miller,F du Plessis,CAK Rajitha,1,0,,,,,,,,,
1144170,2018/19,2019-03-13,St George's Park,2,24.1,South Africa,Sri Lanka,DA Miller,F du Plessis,DM de Silva,6,0,,,,,,,,,
1144170,2018/19,2019-03-13,St George's Park,2,24.2,South Africa,Sri Lanka,DA Miller,F du Plessis,DM de Silva,0,0,,,,,,,,,
1144170,2018/19,2019-03-13,St George's Park,2,24.3,South Africa,Sri Lanka,DA Miller,F du Plessis,DM de Silva,0,0,,,,,,,,,
1144170,2018/19,2019-03-13,St George's Park,2,24.4,South Africa,Sri Lanka,DA Miller,F du Plessis,DM de Silva,0,0,,,,,,,,,
1144170,2018/19,2019-03-13,St George's Park,2,24.5,South Africa,Sri Lanka,DA Miller,F du Plessis,DM de Silva,0,0,,,,,,,,,
1144170,2018/19,2019-03-13,St George's Park,2,24.6,South Africa,Sri Lanka,DA Miller,F du Plessis,DM de Silva,0,0,,,,,,,,,
1144170,2018/19,2019-03-13,St George's Park,2,25.1,South Africa,Sri Lanka,F du Plessis,DA Miller,PHKD Mendis,0,0,,,,,,,,,
1144170,2018/19,2019-03-13,St George's Park,2,25.2,South Africa,Sri Lanka,F du Plessis,DA Miller,PHKD Mendis,0,0,,,,,,,,,
1144170,2018/19,2019-03-13,St George's Park,2,25.3,South Africa,Sri Lanka,F du Plessis,DA Miller,PHKD Mendis,1,0,,,,,,,,,
1144170,2018/19,2019-03-13,St George's Park,2,25.4,South Africa,Sri Lanka,DA Miller,F du Plessis,PHKD Mendis,1,0,,,,,,,,,
1144170,2018/19,2019-03-13,St George's Park,2,25.5,South Africa,Sri Lanka,F du Plessis,DA Miller,PHKD Mendis,4,0,,,,,,,,,
1144170,2018/19,2019-03-13,St George's Park,2,25.6,South Africa,Sri Lanka,F du Plessis,DA Miller,PHKD Mendis,1,0,,,,,,,,,
1144170,2018/19,2019-03-13,St George's Park,2,26.1,South Africa,Sri Lanka,F du Plessis,DA Miller,DM de Silva,0,0,,,,,,caught,F du Plessis,,
1144170,2018/19,2019-03-13,St George's Park,2,26.2,South Africa,Sri Lanka,JP Duminy,DA Miller,DM de Silva,0,0,,,,,,,,,
1144170,2018/19,2019-03-13,St George's Park,2,26.3,South Africa,Sri Lanka,JP Duminy,DA Miller,DM de Silva,1,0,,,,,,,,,
1144170,2018/19,2019-03-13,St George's Park,2,26.4,South Africa,Sri Lanka,DA Miller,JP Duminy,DM de Silva,0,0,,,,,,,,,
1144170,2018/19,2019-03-13,St George's Park,2,26.5,South Africa,Sri Lanka,DA Miller,JP Duminy,DM de Silva,1,0,,,,,,,,,
1144170,2018/19,2019-03-13,St George's Park,2,26.6,South Africa,Sri Lanka,JP Duminy,DA Miller,DM de Silva,4,0,,,,,,,,,
1144170,2018/19,2019-03-13,St George's Park,2,27.1,South Africa,Sri Lanka,DA Miller,JP Duminy,PHKD Mendis,1,0,,,,,,,,,
1144170,2018/19,2019-03-13,St George's Park,2,27.2,South Africa,Sri Lanka,JP Duminy,DA Miller,PHKD Mendis,1,0,,,,,,,,,
1144170,2018/19,2019-03-13,St George's Park,2,27.3,South Africa,Sri Lanka,DA Miller,JP Duminy,PHKD Mendis,1,0,,,,,,,,,
1144170,2018/19,2019-03-13,St George's Park,2,27.4,South Africa,Sri Lanka,JP Duminy,DA Miller,PHKD Mendis,0,0,,,,,,,,,
1144170,2018/19,2019-03-13,St George's Park,2,27.5,South Africa,Sri Lanka,JP Duminy,DA Miller,PHKD Mendis,6,0,,,,,,,,,
1144170,2018/19,2019-03-13,St George's Park,2,27.6,South Africa,Sri Lanka,JP Duminy,DA Miller,PHKD Mendis,4,0,,,,,,,,,
1144170,2018/19,2019-03-13,St George's Park,2,28.1,South Africa,Sri Lanka,DA Miller,JP Duminy,NLTC Perera,0,0,,,,,,,,,
1144170,2018/19,2019-03-13,St George's Park,2,28.2,South Africa,Sri Lanka,DA Miller,JP Duminy,NLTC Perera,0,0,,,,,,,,,
1144170,2018/19,2019-03-13,St George's Park,2,28.3,South Africa,Sri Lanka,DA Miller,JP Duminy,NLTC Perera,1,0,,,,,,,,,
1144170,2018/19,2019-03-13,St George's Park,2,28.4,South Africa,Sri Lanka,JP Duminy,DA Miller,NLTC Perera,0,0,,,,,,,,,
1144170,2018/19,2019-03-13,St George's Park,2,28.5,South Africa,Sri Lanka,JP Duminy,DA Miller,NLTC Perera,1,0,,,,,,,,,
1144170,2018/19,2019-03-13,St George's Park,2,28.6,South Africa,Sri Lanka,DA Miller,JP Duminy,NLTC Perera,1,0,,,,,,,,,
1144170,2018/19,2019-03-13,St George's Park,2,29.1,South Africa,Sri Lanka,DA Miller,JP Duminy,SL Malinga,1,0,,,,,,,,,
1144170,2018/19,2019-03-13,St George's Park,2,29.2,South Africa,Sri Lanka,JP Duminy,DA Miller,SL Malinga,4,0,,,,,,,,,
1144170,2018/19,2019-03-13,St George's Park,2,29.3,South Africa,Sri Lanka,JP Duminy,DA Miller,SL Malinga,1,0,,,,,,,,,
1144170,2018/19,2019-03-13,St George's Park,2,29.4,South Africa,Sri Lanka,DA Miller,JP Duminy,SL Malinga,0,0,,,,,,,,,
1144170,2018/19,2019-03-13,St George's Park,2,29.5,South Africa,Sri Lanka,DA Miller,JP Duminy,SL Malinga,0,0,,,,,,,,,
1144170,2018/19,2019-03-13,St George's Park,2,29.6,South Africa,Sri Lanka,DA Miller,JP Duminy,SL Malinga,1,0,,,,,,,,,
1144170,2018/19,2019-03-13,St George's Park,2,30.1,South Africa,Sri Lanka,DA Miller,JP Duminy,NLTC Perera,1,0,,,,,,,,,
1144170,2018/19,2019-03-13,St George's Park,2,30.2,South Africa,Sri Lanka,JP Duminy,DA Miller,NLTC Perera,1,0,,,,,,,,,
1144170,2018/19,2019-03-13,St George's Park,2,30.3,South Africa,Sri Lanka,DA Miller,JP Duminy,NLTC Perera,0,0,,,,,,,,,
1144170,2018/19,2019-03-13,St George's Park,2,30.4,South Africa,Sri Lanka,DA Miller,JP Duminy,NLTC Perera,0,0,,,,,,,,,
1144170,2018/19,2019-03-13,St George's Park,2,30.5,South Africa,Sri Lanka,DA Miller,JP Duminy,NLTC Perera,1,0,,,,,,,,,
1144170,2018/19,2019-03-13,St George's Park,2,30.6,South Africa,Sri Lanka,JP Duminy,DA Miller,NLTC Perera,1,0,,,,,,,,,
1144170,2018/19,2019-03-13,St George's Park,2,31.1,South Africa,Sri Lanka,JP Duminy,DA Miller,SL Malinga,0,0,,,,,,,,,
1144170,2018/19,2019-03-13,St George's Park,2,31.2,South Africa,Sri Lanka,JP Duminy,DA Miller,SL Malinga,0,0,,,,,,,,,
1144170,2018/19,2019-03-13,St George's Park,2,31.3,South Africa,Sri Lanka,JP Duminy,DA Miller,SL Malinga,4,0,,,,,,,,,
1144170,2018/19,2019-03-13,St George's Park,2,31.4,South Africa,Sri Lanka,JP Duminy,DA Miller,SL Malinga,0,0,,,,,,,,,
1144170,2018/19,2019-03-13,St George's Park,2,31.5,South Africa,Sri Lanka,JP Duminy,DA Miller,SL Malinga,2,0,,,,,,,,,
1144170,2018/19,2019-03-13,St George's Park,2,31.6,South Africa,Sri Lanka,JP Duminy,DA Miller,SL Malinga,0,0,,,,,,,,,
1144170,2018/19,2019-03-13,St George's Park,2,32.1,South Africa,Sri Lanka,DA Miller,JP Duminy,NLTC Perera,4,0,,,,,,,,,
1144170,2018/19,2019-03-13,St George's Park,2,32.2,South Africa,Sri Lanka,DA Miller,JP Duminy,NLTC Perera,1,0,,,,,,,,,
1144170,2018/19,2019-03-13,St George's Park,2,32.3,South Africa,Sri Lanka,JP Duminy,DA Miller,NLTC Perera,0,0,,,,,,,,,
1144170,2018/19,2019-03-13,St George's Park,2,32.4,South Africa,Sri Lanka,JP Duminy,DA Miller,NLTC Perera,1,0,,,,,,,,,
1144170,2018/19,2019-03-13,St George's Park,2,32.5,South Africa,Sri Lanka,DA Miller,JP Duminy,NLTC Perera,0,1,,,,1,,,,,
