match_id,season,start_date,venue,innings,ball,batting_team,bowling_team,striker,non_striker,bowler,runs_off_bat,extras,wides,noballs,byes,legbyes,penalty,wicket_type,player_dismissed,other_wicket_type,other_player_dismissed
1144169,2018/19,2019-03-10,Kingsmead,1,0.1,South Africa,Sri Lanka,Q de Kock,RR Hendricks,SL Malinga,4,0,,,,,,,,,
1144169,2018/19,2019-03-10,Kingsmead,1,0.2,South Africa,Sri Lanka,Q de Kock,RR Hendricks,SL Malinga,0,0,,,,,,,,,
1144169,2018/19,2019-03-10,Kingsmead,1,0.3,South Africa,Sri Lanka,Q de Kock,RR Hendricks,SL Malinga,4,0,,,,,,,,,
1144169,2018/19,2019-03-10,Kingsmead,1,0.4,South Africa,Sri Lanka,Q de Kock,RR Hendricks,SL Malinga,1,0,,,,,,,,,
1144169,2018/19,2019-03-10,Kingsmead,1,0.5,South Africa,Sri Lanka,RR Hendricks,Q de Kock,SL Malinga,0,0,,,,,,,,,
1144169,2018/19,2019-03-10,Kingsmead,1,0.6,South Africa,Sri Lanka,RR Hendricks,Q de Kock,SL Malinga,0,0,,,,,,,,,
1144169,2018/19,2019-03-10,Kingsmead,1,1.1,South Africa,Sri Lanka,Q de Kock,RR Hendricks,I Udana,1,0,,,,,,,,,
1144169,2018/19,2019-03-10,Kingsmead,1,1.2,South Africa,Sri Lanka,RR Hendricks,Q de Kock,I Udana,0,0,,,,,,,,,
1144169,2018/19,2019-03-10,Kingsmead,1,1.3,South Africa,Sri Lanka,RR Hendricks,Q de Kock,I Udana,1,0,,,,,,,,,
1144169,2018/19,2019-03-10,Kingsmead,1,1.4,South Africa,Sri Lanka,Q de Kock,RR Hendricks,I Udana,0,0,,,,,,,,,
1144169,2018/19,2019-03-10,Kingsmead,1,1.5,South Africa,Sri Lanka,Q de Kock,RR Hendricks,I Udana,0,0,,,,,,,,,
1144169,2018/19,2019-03-10,Kingsmead,1,1.6,South Africa,Sri Lanka,Q de Kock,RR Hendricks,I Udana,1,0,,,,,,,,,
1144169,2018/19,2019-03-10,Kingsmead,1,2.1,South Africa,Sri Lanka,Q de Kock,RR Hendricks,SL Malinga,1,0,,,,,,,,,
1144169,2018/19,2019-03-10,Kingsmead,1,2.2,South Africa,Sri Lanka,RR Hendricks,Q de Kock,SL Malinga,1,0,,,,,,,,,
1144169,2018/19,2019-03-10,Kingsmead,1,2.3,South Africa,Sri Lanka,Q de Kock,RR Hendricks,SL Malinga,0,0,,,,,,,,,
1144169,2018/19,2019-03-10,Kingsmead,1,2.4,South Africa,Sri Lanka,Q de Kock,RR Hendricks,SL Malinga,0,0,,,,,,,,,
1144169,2018/19,2019-03-10,Kingsmead,1,2.5,South Africa,Sri Lanka,Q de Kock,RR Hendricks,SL Malinga,0,0,,,,,,,,,
1144169,2018/19,2019-03-10,Kingsmead,1,2.6,South Africa,Sri Lanka,Q de Kock,RR Hendricks,SL Malinga,0,0,,,,,,,,,
1144169,2018/19,2019-03-10,Kingsmead,1,3.1,South Africa,Sri Lanka,RR Hendricks,Q de Kock,I Udana,0,0,,,,,,,,,
1144169,2018/19,2019-03-10,Kingsmead,1,3.2,South Africa,Sri Lanka,RR Hendricks,Q de Kock,I Udana,1,0,,,,,,,,,
1144169,2018/19,2019-03-10,Kingsmead,1,3.3,South Africa,Sri Lanka,Q de Kock,RR Hendricks,I Udana,0,0,,,,,,,,,
1144169,2018/19,2019-03-10,Kingsmead,1,3.4,South Africa,Sri Lanka,Q de Kock,RR Hendricks,I Udana,0,0,,,,,,,,,
1144169,2018/19,2019-03-10,Kingsmead,1,3.5,South Africa,Sri Lanka,Q de Kock,RR Hendricks,I Udana,1,0,,,,,,,,,
1144169,2018/19,2019-03-10,Kingsmead,1,3.6,South Africa,Sri Lanka,RR Hendricks,Q de Kock,I Udana,0,0,,,,,,,,,
1144169,2018/19,2019-03-10,Kingsmead,1,4.1,South Africa,Sri Lanka,Q de Kock,RR Hendricks,SL Malinga,4,0,,,,,,,,,
1144169,2018/19,2019-03-10,Kingsmead,1,4.2,South Africa,Sri Lanka,Q de Kock,RR Hendricks,SL Malinga,0,0,,,,,,,,,
1144169,2018/19,2019-03-10,Kingsmead,1,4.3,South Africa,Sri Lanka,Q de Kock,RR Hendricks,SL Malinga,1,0,,,,,,,,,
1144169,2018/19,2019-03-10,Kingsmead,1,4.4,South Africa,Sri Lanka,RR Hendricks,Q de Kock,SL Malinga,1,0,,,,,,,,,
1144169,2018/19,2019-03-10,Kingsmead,1,4.5,South Africa,Sri Lanka,Q de Kock,RR Hendricks,SL Malinga,0,0,,,,,,,,,
1144169,2018/19,2019-03-10,Kingsmead,1,4.6,South Africa,Sri Lanka,Q de Kock,RR Hendricks,SL Malinga,1,0,,,,,,,,,
1144169,2018/19,2019-03-10,Kingsmead,1,5.1,South Africa,Sri Lanka,Q de Kock,RR Hendricks,I Udana,0,0,,,,,,,,,
1144169,2018/19,2019-03-10,Kingsmead,1,5.2,South Africa,Sri Lanka,Q de Kock,RR Hendricks,I Udana,1,0,,,,,,,,,
1144169,2018/19,2019-03-10,Kingsmead,1,5.3,South Africa,Sri Lanka,RR Hendricks,Q de Kock,I Udana,0,0,,,,,,,,,
1144169,2018/19,2019-03-10,Kingsmead,1,5.4,South Africa,Sri Lanka,RR Hendricks,Q de Kock,I Udana,0,0,,,,,,caught,RR Hendricks,,
1144169,2018/19,2019-03-10,Kingsmead,1,5.5,South Africa,Sri Lanka,F du Plessis,Q de Kock,I Udana,0,0,,,,,,,,,
1144169,2018/19,2019-03-10,Kingsmead,1,5.6,South Africa,Sri Lanka,F du Plessis,Q de Kock,I Udana,0,0,,,,,,,,,
1144169,2018/19,2019-03-10,Kingsmead,1,6.1,South Africa,Sri Lanka,Q de Kock,F du Plessis,CAK Rajitha,1,0,,,,,,,,,
1144169,2018/19,2019-03-10,Kingsmead,1,6.2,South Africa,Sri Lanka,F du Plessis,Q de Kock,CAK Rajitha,4,0,,,,,,,,,
1144169,2018/19,2019-03-10,Kingsmead,1,6.3,South Africa,Sri Lanka,F du Plessis,Q de Kock,CAK Rajitha,0,1,1,,,,,,,,
1144169,2018/19,2019-03-10,Kingsmead,1,6.4,South Africa,Sri Lanka,F du Plessis,Q de Kock,CAK Rajitha,4,0,,,,,,,,,
1144169,2018/19,2019-03-10,Kingsmead,1,6.5,South Africa,Sri Lanka,F du Plessis,Q de Kock,CAK Rajitha,0,0,,,,,,,,,
1144169,2018/19,2019-03-10,Kingsmead,1,6.6,South Africa,Sri Lanka,F du Plessis,Q de Kock,CAK Rajitha,0,0,,,,,,,,,
1144169,2018/19,2019-03-10,Kingsmead,1,6.7,South Africa,Sri Lanka,F du Plessis,Q de Kock,CAK Rajitha,0,0,,,,,,,,,
1144169,2018/19,2019-03-10,Kingsmead,1,7.1,South Africa,Sri Lanka,Q de Kock,F du Plessis,I Udana,1,0,,,,,,,,,
1144169,2018/19,2019-03-10,Kingsmead,1,7.2,South Africa,Sri Lanka,F du Plessis,Q de Kock,I Udana,0,0,,,,,,,,,
1144169,2018/19,2019-03-10,Kingsmead,1,7.3,South Africa,Sri Lanka,F du Plessis,Q de Kock,I Udana,4,0,,,,,,,,,
1144169,2018/19,2019-03-10,Kingsmead,1,7.4,South Africa,Sri Lanka,F du Plessis,Q de Kock,I Udana,0,0,,,,,,,,,
1144169,2018/19,2019-03-10,Kingsmead,1,7.5,South Africa,Sri Lanka,F du Plessis,Q de Kock,I Udana,1,0,,,,,,,,,
1144169,2018/19,2019-03-10,Kingsmead,1,7.6,South Africa,Sri Lanka,Q de Kock,F du Plessis,I Udana,1,0,,,,,,,,,
1144169,2018/19,2019-03-10,Kingsmead,1,8.1,South Africa,Sri Lanka,Q de Kock,F du Plessis,CAK Rajitha,0,0,,,,,,,,,
1144169,2018/19,2019-03-10,Kingsmead,1,8.2,South Africa,Sri Lanka,Q de Kock,F du Plessis,CAK Rajitha,1,0,,,,,,,,,
1144169,2018/19,2019-03-10,Kingsmead,1,8.3,South Africa,Sri Lanka,F du Plessis,Q de Kock,CAK Rajitha,4,0,,,,,,,,,
1144169,2018/19,2019-03-10,Kingsmead,1,8.4,South Africa,Sri Lanka,F du Plessis,Q de Kock,CAK Rajitha,1,0,,,,,,,,,
1144169,2018/19,2019-03-10,Kingsmead,1,8.5,South Africa,Sri Lanka,Q de Kock,F du Plessis,CAK Rajitha,0,1,1,,,,,,,,
1144169,2018/19,2019-03-10,Kingsmead,1,8.6,South Africa,Sri Lanka,Q de Kock,F du Plessis,CAK Rajitha,0,0,,,,,,,,,
1144169,2018/19,2019-03-10,Kingsmead,1,8.7,South Africa,Sri Lanka,Q de Kock,F du Plessis,CAK Rajitha,4,0,,,,,,,,,
1144169,2018/19,2019-03-10,Kingsmead,1,9.1,South Africa,Sri Lanka,F du Plessis,Q de Kock,I Udana,1,0,,,,,,,,,
1144169,2018/19,2019-03-10,Kingsmead,1,9.2,South Africa,Sri Lanka,Q de Kock,F du Plessis,I Udana,0,0,,,,,,,,,
1144169,2018/19,2019-03-10,Kingsmead,1,9.3,South Africa,Sri Lanka,Q de Kock,F du Plessis,I Udana,4,0,,,,,,,,,
1144169,2018/19,2019-03-10,Kingsmead,1,9.4,South Africa,Sri Lanka,Q de Kock,F du Plessis,I Udana,0,0,,,,,,,,,
1144169,2018/19,2019-03-10,Kingsmead,1,9.5,South Africa,Sri Lanka,Q de Kock,F du Plessis,I Udana,1,0,,,,,,,,,
1144169,2018/19,2019-03-10,Kingsmead,1,9.6,South Africa,Sri Lanka,F du Plessis,Q de Kock,I Udana,0,0,,,,,,,,,
1144169,2018/19,2019-03-10,Kingsmead,1,10.1,South Africa,Sri Lanka,Q de Kock,F du Plessis,A Dananjaya,0,0,,,,,,,,,
1144169,2018/19,2019-03-10,Kingsmead,1,10.2,South Africa,Sri Lanka,Q de Kock,F du Plessis,A Dananjaya,0,0,,,,,,,,,
1144169,2018/19,2019-03-10,Kingsmead,1,10.3,South Africa,Sri Lanka,Q de Kock,F du Plessis,A Dananjaya,0,0,,,,,,,,,
1144169,2018/19,2019-03-10,Kingsmead,1,10.4,South Africa,Sri Lanka,Q de Kock,F du Plessis,A Dananjaya,0,0,,,,,,,,,
1144169,2018/19,2019-03-10,Kingsmead,1,10.5,South Africa,Sri Lanka,Q de Kock,F du Plessis,A Dananjaya,0,0,,,,,,,,,
1144169,2018/19,2019-03-10,Kingsmead,1,10.6,South Africa,Sri Lanka,Q de Kock,F du Plessis,A Dananjaya,2,0,,,,,,,,,
1144169,2018/19,2019-03-10,Kingsmead,1,11.1,South Africa,Sri Lanka,F du Plessis,Q de Kock,CAK Rajitha,4,0,,,,,,,,,
1144169,2018/19,2019-03-10,Kingsmead,1,11.2,South Africa,Sri Lanka,F du Plessis,Q de Kock,CAK Rajitha,1,0,,,,,,,,,
1144169,2018/19,2019-03-10,Kingsmead,1,11.3,South Africa,Sri Lanka,Q de Kock,F du Plessis,CAK Rajitha,0,0,,,,,,,,,
1144169,2018/19,2019-03-10,Kingsmead,1,11.4,South Africa,Sri Lanka,Q de Kock,F du Plessis,CAK Rajitha,2,0,,,,,,,,,
1144169,2018/19,2019-03-10,Kingsmead,1,11.5,South Africa,Sri Lanka,Q de Kock,F du Plessis,CAK Rajitha,1,0,,,,,,,,,
1144169,2018/19,2019-03-10,Kingsmead,1,11.6,South Africa,Sri Lanka,F du Plessis,Q de Kock,CAK Rajitha,4,0,,,,,,,,,
1144169,2018/19,2019-03-10,Kingsmead,1,12.1,South Africa,Sri Lanka,Q de Kock,F du Plessis,A Dananjaya,6,0,,,,,,,,,
1144169,2018/19,2019-03-10,Kingsmead,1,12.2,South Africa,Sri Lanka,Q de Kock,F du Plessis,A Dananjaya,1,0,,,,,,,,,
1144169,2018/19,2019-03-10,Kingsmead,1,12.3,South Africa,Sri Lanka,F du Plessis,Q de Kock,A Dananjaya,1,0,,,,,,,,,
1144169,2018/19,2019-03-10,Kingsmead,1,12.4,South Africa,Sri Lanka,Q de Kock,F du Plessis,A Dananjaya,1,0,,,,,,,,,
1144169,2018/19,2019-03-10,Kingsmead,1,12.5,South Africa,Sri Lanka,F du Plessis,Q de Kock,A Dananjaya,1,0,,,,,,,,,
1144169,2018/19,2019-03-10,Kingsmead,1,12.6,South Africa,Sri Lanka,Q de Kock,F du Plessis,A Dananjaya,1,0,,,,,,,,,
1144169,2018/19,2019-03-10,Kingsmead,1,13.1,South Africa,Sri Lanka,Q de Kock,F du Plessis,CAK Rajitha,1,0,,,,,,,,,
1144169,2018/19,2019-03-10,Kingsmead,1,13.2,South Africa,Sri Lanka,F du Plessis,Q de Kock,CAK Rajitha,1,0,,,,,,,,,
1144169,2018/19,2019-03-10,Kingsmead,1,13.3,South Africa,Sri Lanka,Q de Kock,F du Plessis,CAK Rajitha,4,0,,,,,,,,,
1144169,2018/19,2019-03-10,Kingsmead,1,13.4,South Africa,Sri Lanka,Q de Kock,F du Plessis,CAK Rajitha,4,0,,,,,,,,,
1144169,2018/19,2019-03-10,Kingsmead,1,13.5,South Africa,Sri Lanka,Q de Kock,F du Plessis,CAK Rajitha,1,0,,,,,,,,,
1144169,2018/19,2019-03-10,Kingsmead,1,13.6,South Africa,Sri Lanka,F du Plessis,Q de Kock,CAK Rajitha,0,0,,,,,,,,,
1144169,2018/19,2019-03-10,Kingsmead,1,14.1,South Africa,Sri Lanka,Q de Kock,F du Plessis,A Dananjaya,6,0,,,,,,,,,
1144169,2018/19,2019-03-10,Kingsmead,1,14.2,South Africa,Sri Lanka,Q de Kock,F du Plessis,A Dananjaya,1,0,,,,,,,,,
1144169,2018/19,2019-03-10,Kingsmead,1,14.3,South Africa,Sri Lanka,F du Plessis,Q de Kock,A Dananjaya,1,0,,,,,,,,,
1144169,2018/19,2019-03-10,Kingsmead,1,14.4,South Africa,Sri Lanka,Q de Kock,F du Plessis,A Dananjaya,1,0,,,,,,,,,
1144169,2018/19,2019-03-10,Kingsmead,1,14.5,South Africa,Sri Lanka,F du Plessis,Q de Kock,A Dananjaya,4,0,,,,,,,,,
1144169,2018/19,2019-03-10,Kingsmead,1,14.6,South Africa,Sri Lanka,F du Plessis,Q de Kock,A Dananjaya,0,0,,,,,,,,,
1144169,2018/19,2019-03-10,Kingsmead,1,15.1,South Africa,Sri Lanka,Q de Kock,F du Plessis,NLTC Perera,4,0,,,,,,,,,
1144169,2018/19,2019-03-10,Kingsmead,1,15.2,South Africa,Sri Lanka,Q de Kock,F du Plessis,NLTC Perera,4,0,,,,,,,,,
1144169,2018/19,2019-03-10,Kingsmead,1,15.3,South Africa,Sri Lanka,Q de Kock,F du Plessis,NLTC Perera,4,0,,,,,,,,,
1144169,2018/19,2019-03-10,Kingsmead,1,15.4,South Africa,Sri Lanka,Q de Kock,F du Plessis,NLTC Perera,0,0,,,,,,,,,
1144169,2018/19,2019-03-10,Kingsmead,1,15.5,South Africa,Sri Lanka,Q de Kock,F du Plessis,NLTC Perera,1,0,,,,,,,,,
1144169,2018/19,2019-03-10,Kingsmead,1,15.6,South Africa,Sri Lanka,F du Plessis,Q de Kock,NLTC Perera,0,0,,,,,,,,,
1144169,2018/19,2019-03-10,Kingsmead,1,16.1,South Africa,Sri Lanka,Q de Kock,F du Plessis,SL Malinga,1,0,,,,,,,,,
1144169,2018/19,2019-03-10,Kingsmead,1,16.2,South Africa,Sri Lanka,F du Plessis,Q de Kock,SL Malinga,0,0,,,,,,caught,F du Plessis,,
1144169,2018/19,2019-03-10,Kingsmead,1,16.3,South Africa,Sri Lanka,HE van der Dussen,Q de Kock,SL Malinga,0,0,,,,,,,,,
1144169,2018/19,2019-03-10,Kingsmead,1,16.4,South Africa,Sri Lanka,HE van der Dussen,Q de Kock,SL Malinga,1,0,,,,,,,,,
1144169,2018/19,2019-03-10,Kingsmead,1,16.5,South Africa,Sri Lanka,Q de Kock,HE van der Dussen,SL Malinga,1,0,,,,,,,,,
1144169,2018/19,2019-03-10,Kingsmead,1,16.6,South Africa,Sri Lanka,HE van der Dussen,Q de Kock,SL Malinga,1,0,,,,,,,,,
1144169,2018/19,2019-03-10,Kingsmead,1,17.1,South Africa,Sri Lanka,HE van der Dussen,Q de Kock,A Dananjaya,1,0,,,,,,,,,
1144169,2018/19,2019-03-10,Kingsmead,1,17.2,South Africa,Sri Lanka,Q de Kock,HE van der Dussen,A Dananjaya,0,0,,,,,,,,,
1144169,2018/19,2019-03-10,Kingsmead,1,17.3,South Africa,Sri Lanka,Q de Kock,HE van der Dussen,A Dananjaya,0,0,,,,,,,,,
1144169,2018/19,2019-03-10,Kingsmead,1,17.4,South Africa,Sri Lanka,Q de Kock,HE van der Dussen,A Dananjaya,0,0,,,,,,,,,
1144169,2018/19,2019-03-10,Kingsmead,1,17.5,South Africa,Sri Lanka,Q de Kock,HE van der Dussen,A Dananjaya,1,0,,,,,,,,,
1144169,2018/19,2019-03-10,Kingsmead,1,17.6,South Africa,Sri Lanka,HE van der Dussen,Q de Kock,A Dananjaya,1,0,,,,,,,,,
1144169,2018/19,2019-03-10,Kingsmead,1,18.1,South Africa,Sri Lanka,HE van der Dussen,Q de Kock,SL Malinga,1,0,,,,,,,,,
1144169,2018/19,2019-03-10,Kingsmead,1,18.2,South Africa,Sri Lanka,Q de Kock,HE van der Dussen,SL Malinga,0,0,,,,,,,,,
1144169,2018/19,2019-03-10,Kingsmead,1,18.3,South Africa,Sri Lanka,Q de Kock,HE van der Dussen,SL Malinga,0,0,,,,,,,,,
1144169,2018/19,2019-03-10,Kingsmead,1,18.4,South Africa,Sri Lanka,Q de Kock,HE van der Dussen,SL Malinga,0,0,,,,,,,,,
1144169,2018/19,2019-03-10,Kingsmead,1,18.5,South Africa,Sri Lanka,Q de Kock,HE van der Dussen,SL Malinga,0,0,,,,,,,,,
1144169,2018/19,2019-03-10,Kingsmead,1,18.6,South Africa,Sri Lanka,Q de Kock,HE van der Dussen,SL Malinga,0,0,,,,,,,,,
1144169,2018/19,2019-03-10,Kingsmead,1,19.1,South Africa,Sri Lanka,HE van der Dussen,Q de Kock,A Dananjaya,1,0,,,,,,,,,
1144169,2018/19,2019-03-10,Kingsmead,1,19.2,South Africa,Sri Lanka,Q de Kock,HE van der Dussen,A Dananjaya,0,0,,,,,,,,,
1144169,2018/19,2019-03-10,Kingsmead,1,19.3,South Africa,Sri Lanka,Q de Kock,HE van der Dussen,A Dananjaya,0,0,,,,,,,,,
1144169,2018/19,2019-03-10,Kingsmead,1,19.4,South Africa,Sri Lanka,Q de Kock,HE van der Dussen,A Dananjaya,0,0,,,,,,,,,
1144169,2018/19,2019-03-10,Kingsmead,1,19.5,South Africa,Sri Lanka,Q de Kock,HE van der Dussen,A Dananjaya,1,0,,,,,,,,,
1144169,2018/19,2019-03-10,Kingsmead,1,19.6,South Africa,Sri Lanka,HE van der Dussen,Q de Kock,A Dananjaya,0,0,,,,,,,,,
1144169,2018/19,2019-03-10,Kingsmead,1,20.1,South Africa,Sri Lanka,Q de Kock,HE van der Dussen,NLTC Perera,4,0,,,,,,,,,
1144169,2018/19,2019-03-10,Kingsmead,1,20.2,South Africa,Sri Lanka,Q de Kock,HE van der Dussen,NLTC Perera,4,0,,,,,,,,,
1144169,2018/19,2019-03-10,Kingsmead,1,20.3,South Africa,Sri Lanka,Q de Kock,HE van der Dussen,NLTC Perera,0,0,,,,,,,,,
1144169,2018/19,2019-03-10,Kingsmead,1,20.4,South Africa,Sri Lanka,Q de Kock,HE van der Dussen,NLTC Perera,1,0,,,,,,,,,
1144169,2018/19,2019-03-10,Kingsmead,1,20.5,South Africa,Sri Lanka,HE van der Dussen,Q de Kock,NLTC Perera,0,0,,,,,,,,,
1144169,2018/19,2019-03-10,Kingsmead,1,20.6,South Africa,Sri Lanka,HE van der Dussen,Q de Kock,NLTC Perera,1,0,,,,,,,,,
1144169,2018/19,2019-03-10,Kingsmead,1,21.1,South Africa,Sri Lanka,HE van der Dussen,Q de Kock,A Dananjaya,1,0,,,,,,,,,
1144169,2018/19,2019-03-10,Kingsmead,1,21.2,South Africa,Sri Lanka,Q de Kock,HE van der Dussen,A Dananjaya,0,0,,,,,,,,,
1144169,2018/19,2019-03-10,Kingsmead,1,21.3,South Africa,Sri Lanka,Q de Kock,HE van der Dussen,A Dananjaya,1,0,,,,,,,,,
1144169,2018/19,2019-03-10,Kingsmead,1,21.4,South Africa,Sri Lanka,HE van der Dussen,Q de Kock,A Dananjaya,1,0,,,,,,,,,
1144169,2018/19,2019-03-10,Kingsmead,1,21.5,South Africa,Sri Lanka,Q de Kock,HE van der Dussen,A Dananjaya,1,0,,,,,,,,,
1144169,2018/19,2019-03-10,Kingsmead,1,21.6,South Africa,Sri Lanka,HE van der Dussen,Q de Kock,A Dananjaya,1,0,,,,,,,,,
1144169,2018/19,2019-03-10,Kingsmead,1,22.1,South Africa,Sri Lanka,HE van der Dussen,Q de Kock,NLTC Perera,1,0,,,,,,,,,
1144169,2018/19,2019-03-10,Kingsmead,1,22.2,South Africa,Sri Lanka,Q de Kock,HE van der Dussen,NLTC Perera,1,0,,,,,,,,,
1144169,2018/19,2019-03-10,Kingsmead,1,22.3,South Africa,Sri Lanka,HE van der Dussen,Q de Kock,NLTC Perera,1,0,,,,,,,,,
1144169,2018/19,2019-03-10,Kingsmead,1,22.4,South Africa,Sri Lanka,Q de Kock,HE van der Dussen,NLTC Perera,0,0,,,,,,,,,
1144169,2018/19,2019-03-10,Kingsmead,1,22.5,South Africa,Sri Lanka,Q de Kock,HE van der Dussen,NLTC Perera,0,0,,,,,,,,,
1144169,2018/19,2019-03-10,Kingsmead,1,22.6,South Africa,Sri Lanka,Q de Kock,HE van der Dussen,NLTC Perera,1,0,,,,,,,,,
1144169,2018/19,2019-03-10,Kingsmead,1,23.1,South Africa,Sri Lanka,Q de Kock,HE van der Dussen,PHKD Mendis,1,0,,,,,,,,,
1144169,2018/19,2019-03-10,Kingsmead,1,23.2,South Africa,Sri Lanka,HE van der Dussen,Q de Kock,PHKD Mendis,1,0,,,,,,,,,
1144169,2018/19,2019-03-10,Kingsmead,1,23.3,South Africa,Sri Lanka,Q de Kock,HE van der Dussen,PHKD Mendis,0,0,,,,,,,,,
1144169,2018/19,2019-03-10,Kingsmead,1,23.4,South Africa,Sri Lanka,Q de Kock,HE van der Dussen,PHKD Mendis,1,0,,,,,,,,,
1144169,2018/19,2019-03-10,Kingsmead,1,23.5,South Africa,Sri Lanka,HE van der Dussen,Q de Kock,PHKD Mendis,0,0,,,,,,,,,
1144169,2018/19,2019-03-10,Kingsmead,1,23.6,South Africa,Sri Lanka,HE van der Dussen,Q de Kock,PHKD Mendis,0,0,,,,,,,,,
1144169,2018/19,2019-03-10,Kingsmead,1,24.1,South Africa,Sri Lanka,Q de Kock,HE van der Dussen,NLTC Perera,4,0,,,,,,,,,
1144169,2018/19,2019-03-10,Kingsmead,1,24.2,South Africa,Sri Lanka,Q de Kock,HE van der Dussen,NLTC Perera,1,0,,,,,,,,,
1144169,2018/19,2019-03-10,Kingsmead,1,24.3,South Africa,Sri Lanka,HE van der Dussen,Q de Kock,NLTC Perera,1,0,,,,,,,,,
1144169,2018/19,2019-03-10,Kingsmead,1,24.4,South Africa,Sri Lanka,Q de Kock,HE van der Dussen,NLTC Perera,1,0,,,,,,,,,
1144169,2018/19,2019-03-10,Kingsmead,1,24.5,South Africa,Sri Lanka,HE van der Dussen,Q de Kock,NLTC Perera,0,0,,,,,,,,,
1144169,2018/19,2019-03-10,Kingsmead,1,24.6,South Africa,Sri Lanka,HE van der Dussen,Q de Kock,NLTC Perera,1,0,,,,,,,,,
1144169,2018/19,2019-03-10,Kingsmead,1,25.1,South Africa,Sri Lanka,HE van der Dussen,Q de Kock,PHKD Mendis,0,0,,,,,,,,,
1144169,2018/19,2019-03-10,Kingsmead,1,25.2,South Africa,Sri Lanka,HE van der Dussen,Q de Kock,PHKD Mendis,0,0,,,,,,,,,
1144169,2018/19,2019-03-10,Kingsmead,1,25.3,South Africa,Sri Lanka,HE van der Dussen,Q de Kock,PHKD Mendis,1,0,,,,,,,,,
1144169,2018/19,2019-03-10,Kingsmead,1,25.4,South Africa,Sri Lanka,Q de Kock,HE van der Dussen,PHKD Mendis,0,0,,,,,,,,,
1144169,2018/19,2019-03-10,Kingsmead,1,25.5,South Africa,Sri Lanka,Q de Kock,HE van der Dussen,PHKD Mendis,1,0,,,,,,,,,
1144169,2018/19,2019-03-10,Kingsmead,1,25.6,South Africa,Sri Lanka,HE van der Dussen,Q de Kock,PHKD Mendis,0,0,,,,,,,,,
1144169,2018/19,2019-03-10,Kingsmead,1,26.1,South Africa,Sri Lanka,Q de Kock,HE van der Dussen,NLTC Perera,1,0,,,,,,,,,
1144169,2018/19,2019-03-10,Kingsmead,1,26.2,South Africa,Sri Lanka,HE van der Dussen,Q de Kock,NLTC Perera,1,0,,,,,,,,,
1144169,2018/19,2019-03-10,Kingsmead,1,26.3,South Africa,Sri Lanka,Q de Kock,HE van der Dussen,NLTC Perera,1,0,,,,,,,,,
1144169,2018/19,2019-03-10,Kingsmead,1,26.4,South Africa,Sri Lanka,HE van der Dussen,Q de Kock,NLTC Perera,0,0,,,,,,,,,
1144169,2018/19,2019-03-10,Kingsmead,1,26.5,South Africa,Sri Lanka,HE van der Dussen,Q de Kock,NLTC Perera,0,0,,,,,,,,,
1144169,2018/19,2019-03-10,Kingsmead,1,26.6,South Africa,Sri Lanka,HE van der Dussen,Q de Kock,NLTC Perera,0,0,,,,,,,,,
1144169,2018/19,2019-03-10,Kingsmead,1,27.1,South Africa,Sri Lanka,Q de Kock,HE van der Dussen,PHKD Mendis,0,0,,,,,,,,,
1144169,2018/19,2019-03-10,Kingsmead,1,27.2,South Africa,Sri Lanka,Q de Kock,HE van der Dussen,PHKD Mendis,1,0,,,,,,,,,
1144169,2018/19,2019-03-10,Kingsmead,1,27.3,South Africa,Sri Lanka,HE van der Dussen,Q de Kock,PHKD Mendis,1,0,,,,,,,,,
1144169,2018/19,2019-03-10,Kingsmead,1,27.4,South Africa,Sri Lanka,Q de Kock,HE van der Dussen,PHKD Mendis,0,0,,,,,,,,,
1144169,2018/19,2019-03-10,Kingsmead,1,27.5,South Africa,Sri Lanka,Q de Kock,HE van der Dussen,PHKD Mendis,0,0,,,,,,,,,
1144169,2018/19,2019-03-10,Kingsmead,1,27.6,South Africa,Sri Lanka,Q de Kock,HE van der Dussen,PHKD Mendis,0,0,,,,,,,,,
1144169,2018/19,2019-03-10,Kingsmead,1,28.1,South Africa,Sri Lanka,HE van der Dussen,Q de Kock,CAK Rajitha,0,0,,,,,,,,,
1144169,2018/19,2019-03-10,Kingsmead,1,28.2,South Africa,Sri Lanka,HE van der Dussen,Q de Kock,CAK Rajitha,0,0,,,,,,,,,
1144169,2018/19,2019-03-10,Kingsmead,1,28.3,South Africa,Sri Lanka,HE van der Dussen,Q de Kock,CAK Rajitha,0,0,,,,,,,,,
1144169,2018/19,2019-03-10,Kingsmead,1,28.4,South Africa,Sri Lanka,HE van der Dussen,Q de Kock,CAK Rajitha,1,0,,,,,,,,,
1144169,2018/19,2019-03-10,Kingsmead,1,28.5,South Africa,Sri Lanka,Q de Kock,HE van der Dussen,CAK Rajitha,0,0,,,,,,,,,
1144169,2018/19,2019-03-10,Kingsmead,1,28.6,South Africa,Sri Lanka,Q de Kock,HE van der Dussen,CAK Rajitha,0,0,,,,,,,,,
1144169,2018/19,2019-03-10,Kingsmead,1,29.1,South Africa,Sri Lanka,HE van der Dussen,Q de Kock,PHKD Mendis,0,0,,,,,,,,,
1144169,2018/19,2019-03-10,Kingsmead,1,29.2,South Africa,Sri Lanka,HE van der Dussen,Q de Kock,PHKD Mendis,0,0,,,,,,,,,
1144169,2018/19,2019-03-10,Kingsmead,1,29.3,South Africa,Sri Lanka,HE van der Dussen,Q de Kock,PHKD Mendis,4,0,,,,,,,,,
1144169,2018/19,2019-03-10,Kingsmead,1,29.4,South Africa,Sri Lanka,HE van der Dussen,Q de Kock,PHKD Mendis,0,0,,,,,,,,,
1144169,2018/19,2019-03-10,Kingsmead,1,29.5,South Africa,Sri Lanka,HE van der Dussen,Q de Kock,PHKD Mendis,0,0,,,,,,,,,
1144169,2018/19,2019-03-10,Kingsmead,1,29.6,South Africa,Sri Lanka,HE van der Dussen,Q de Kock,PHKD Mendis,0,0,,,,,,,,,
1144169,2018/19,2019-03-10,Kingsmead,1,30.1,South Africa,Sri Lanka,Q de Kock,HE van der Dussen,CAK Rajitha,4,0,,,,,,,,,
1144169,2018/19,2019-03-10,Kingsmead,1,30.2,South Africa,Sri Lanka,Q de Kock,HE van der Dussen,CAK Rajitha,0,1,1,,,,,,,,
1144169,2018/19,2019-03-10,Kingsmead,1,30.3,South Africa,Sri Lanka,Q de Kock,HE van der Dussen,CAK Rajitha,2,0,,,,,,,,,
1144169,2018/19,2019-03-10,Kingsmead,1,30.4,South Africa,Sri Lanka,Q de Kock,HE van der Dussen,CAK Rajitha,4,0,,,,,,,,,
1144169,2018/19,2019-03-10,Kingsmead,1,30.5,South Africa,Sri Lanka,Q de Kock,HE van der Dussen,CAK Rajitha,4,0,,,,,,,,,
1144169,2018/19,2019-03-10,Kingsmead,1,30.6,South Africa,Sri Lanka,Q de Kock,HE van der Dussen,CAK Rajitha,0,0,,,,,,,,,
1144169,2018/19,2019-03-10,Kingsmead,1,30.7,South Africa,Sri Lanka,Q de Kock,HE van der Dussen,CAK Rajitha,0,0,,,,,,caught,Q de Kock,,
1144169,2018/19,2019-03-10,Kingsmead,1,31.1,South Africa,Sri Lanka,HE van der Dussen,DA Miller,PHKD Mendis,0,0,,,,,,,,,
1144169,2018/19,2019-03-10,Kingsmead,1,31.2,South Africa,Sri Lanka,HE van der Dussen,DA Miller,PHKD Mendis,2,0,,,,,,,,,
1144169,2018/19,2019-03-10,Kingsmead,1,31.3,South Africa,Sri Lanka,HE van der Dussen,DA Miller,PHKD Mendis,1,0,,,,,,,,,
1144169,2018/19,2019-03-10,Kingsmead,1,31.4,South Africa,Sri Lanka,DA Miller,HE van der Dussen,PHKD Mendis,0,0,,,,,,,,,
1144169,2018/19,2019-03-10,Kingsmead,1,31.5,South Africa,Sri Lanka,DA Miller,HE van der Dussen,PHKD Mendis,1,0,,,,,,,,,
1144169,2018/19,2019-03-10,Kingsmead,1,31.6,South Africa,Sri Lanka,HE van der Dussen,DA Miller,PHKD Mendis,1,0,,,,,,,,,
1144169,2018/19,2019-03-10,Kingsmead,1,32.1,South Africa,Sri Lanka,HE van der Dussen,DA Miller,CAK Rajitha,0,0,,,,,,,,,
1144169,2018/19,2019-03-10,Kingsmead,1,32.2,South Africa,Sri Lanka,HE van der Dussen,DA Miller,CAK Rajitha,1,0,,,,,,,,,
1144169,2018/19,2019-03-10,Kingsmead,1,32.3,South Africa,Sri Lanka,DA Miller,HE van der Dussen,CAK Rajitha,0,0,,,,,,,,,
1144169,2018/19,2019-03-10,Kingsmead,1,32.4,South Africa,Sri Lanka,DA Miller,HE van der Dussen,CAK Rajitha,0,0,,,,,,,,,
1144169,2018/19,2019-03-10,Kingsmead,1,32.5,South Africa,Sri Lanka,DA Miller,HE van der Dussen,CAK Rajitha,0,0,,,,,,,,,
1144169,2018/19,2019-03-10,Kingsmead,1,32.6,South Africa,Sri Lanka,DA Miller,HE van der Dussen,CAK Rajitha,0,0,,,,,,,,,
1144169,2018/19,2019-03-10,Kingsmead,1,33.1,South Africa,Sri Lanka,HE van der Dussen,DA Miller,PHKD Mendis,1,0,,,,,,,,,
1144169,2018/19,2019-03-10,Kingsmead,1,33.2,South Africa,Sri Lanka,DA Miller,HE van der Dussen,PHKD Mendis,1,0,,,,,,,,,
1144169,2018/19,2019-03-10,Kingsmead,1,33.3,South Africa,Sri Lanka,HE van der Dussen,DA Miller,PHKD Mendis,0,0,,,,,,,,,
1144169,2018/19,2019-03-10,Kingsmead,1,33.4,South Africa,Sri Lanka,HE van der Dussen,DA Miller,PHKD Mendis,1,0,,,,,,,,,
1144169,2018/19,2019-03-10,Kingsmead,1,33.5,South Africa,Sri Lanka,DA Miller,HE van der Dussen,PHKD Mendis,1,0,,,,,,,,,
1144169,2018/19,2019-03-10,Kingsmead,1,33.6,South Africa,Sri Lanka,HE van der Dussen,DA Miller,PHKD Mendis,1,0,,,,,,,,,
1144169,2018/19,2019-03-10,Kingsmead,1,34.1,South Africa,Sri Lanka,HE van der Dussen,DA Miller,CAK Rajitha,1,0,,,,,,,,,
1144169,2018/19,2019-03-10,Kingsmead,1,34.2,South Africa,Sri Lanka,DA Miller,HE van der Dussen,CAK Rajitha,4,0,,,,,,,,,
1144169,2018/19,2019-03-10,Kingsmead,1,34.3,South Africa,Sri Lanka,DA Miller,HE van der Dussen,CAK Rajitha,0,1,,,,1,,,,,
1144169,2018/19,2019-03-10,Kingsmead,1,34.4,South Africa,Sri Lanka,HE van der Dussen,DA Miller,CAK Rajitha,1,0,,,,,,,,,
1144169,2018/19,2019-03-10,Kingsmead,1,34.5,South Africa,Sri Lanka,DA Miller,HE van der Dussen,CAK Rajitha,2,0,,,,,,,,,
1144169,2018/19,2019-03-10,Kingsmead,1,34.6,South Africa,Sri Lanka,DA Miller,HE van der Dussen,CAK Rajitha,0,0,,,,,,,,,
1144169,2018/19,2019-03-10,Kingsmead,1,35.1,South Africa,Sri Lanka,HE van der Dussen,DA Miller,PHKD Mendis,4,0,,,,,,,,,
1144169,2018/19,2019-03-10,Kingsmead,1,35.2,South Africa,Sri Lanka,HE van der Dussen,DA Miller,PHKD Mendis,0,0,,,,,,,,,
1144169,2018/19,2019-03-10,Kingsmead,1,35.3,South Africa,Sri Lanka,HE van der Dussen,DA Miller,PHKD Mendis,1,0,,,,,,,,,
1144169,2018/19,2019-03-10,Kingsmead,1,35.4,South Africa,Sri Lanka,DA Miller,HE van der Dussen,PHKD Mendis,1,0,,,,,,,,,
1144169,2018/19,2019-03-10,Kingsmead,1,35.5,South Africa,Sri Lanka,HE van der Dussen,DA Miller,PHKD Mendis,0,0,,,,,,,,,
1144169,2018/19,2019-03-10,Kingsmead,1,35.6,South Africa,Sri Lanka,HE van der Dussen,DA Miller,PHKD Mendis,1,0,,,,,,,,,
1144169,2018/19,2019-03-10,Kingsmead,1,36.1,South Africa,Sri Lanka,HE van der Dussen,DA Miller,A Dananjaya,1,0,,,,,,,,,
1144169,2018/19,2019-03-10,Kingsmead,1,36.2,South Africa,Sri Lanka,DA Miller,HE van der Dussen,A Dananjaya,0,0,,,,,,,,,
1144169,2018/19,2019-03-10,Kingsmead,1,36.3,South Africa,Sri Lanka,DA Miller,HE van der Dussen,A Dananjaya,0,0,,,,,,,,,
1144169,2018/19,2019-03-10,Kingsmead,1,36.4,South Africa,Sri Lanka,DA Miller,HE van der Dussen,A Dananjaya,0,0,,,,,,,,,
1144169,2018/19,2019-03-10,Kingsmead,1,36.5,South Africa,Sri Lanka,DA Miller,HE van der Dussen,A Dananjaya,1,0,,,,,,,,,
1144169,2018/19,2019-03-10,Kingsmead,1,36.6,South Africa,Sri Lanka,HE van der Dussen,DA Miller,A Dananjaya,1,0,,,,,,,,,
1144169,2018/19,2019-03-10,Kingsmead,1,37.1,South Africa,Sri Lanka,HE van der Dussen,DA Miller,PHKD Mendis,1,0,,,,,,,,,
1144169,2018/19,2019-03-10,Kingsmead,1,37.2,South Africa,Sri Lanka,DA Miller,HE van der Dussen,PHKD Mendis,1,0,,,,,,,,,
1144169,2018/19,2019-03-10,Kingsmead,1,37.3,South Africa,Sri Lanka,HE van der Dussen,DA Miller,PHKD Mendis,4,0,,,,,,,,,
1144169,2018/19,2019-03-10,Kingsmead,1,37.4,South Africa,Sri Lanka,HE van der Dussen,DA Miller,PHKD Mendis,0,0,,,,,,,,,
1144169,2018/19,2019-03-10,Kingsmead,1,37.5,South Africa,Sri Lanka,HE van der Dussen,DA Miller,PHKD Mendis,1,0,,,,,,,,,
1144169,2018/19,2019-03-10,Kingsmead,1,37.6,South Africa,Sri Lanka,DA Miller,HE van der Dussen,PHKD Mendis,0,0,,,,,,,,,
1144169,2018/19,2019-03-10,Kingsmead,1,38.1,South Africa,Sri Lanka,HE van der Dussen,DA Miller,A Dananjaya,1,0,,,,,,,,,
1144169,2018/19,2019-03-10,Kingsmead,1,38.2,South Africa,Sri Lanka,DA Miller,HE van der Dussen,A Dananjaya,1,0,,,,,,,,,
1144169,2018/19,2019-03-10,Kingsmead,1,38.3,South Africa,Sri Lanka,HE van der Dussen,DA Miller,A Dananjaya,1,0,,,,,,,,,
1144169,2018/19,2019-03-10,Kingsmead,1,38.4,South Africa,Sri Lanka,DA Miller,HE van der Dussen,A Dananjaya,1,0,,,,,,,,,
1144169,2018/19,2019-03-10,Kingsmead,1,38.5,South Africa,Sri Lanka,HE van der Dussen,DA Miller,A Dananjaya,1,0,,,,,,,,,
1144169,2018/19,2019-03-10,Kingsmead,1,38.6,South Africa,Sri Lanka,DA Miller,HE van der Dussen,A Dananjaya,1,0,,,,,,,,,
1144169,2018/19,2019-03-10,Kingsmead,1,39.1,South Africa,Sri Lanka,DA Miller,HE van der Dussen,PHKD Mendis,1,0,,,,,,,,,
1144169,2018/19,2019-03-10,Kingsmead,1,39.2,South Africa,Sri Lanka,HE van der Dussen,DA Miller,PHKD Mendis,0,0,,,,,,lbw,HE van der Dussen,,
1144169,2018/19,2019-03-10,Kingsmead,1,39.3,South Africa,Sri Lanka,D Pretorius,DA Miller,PHKD Mendis,0,0,,,,,,,,,
1144169,2018/19,2019-03-10,Kingsmead,1,39.4,South Africa,Sri Lanka,D Pretorius,DA Miller,PHKD Mendis,0,0,,,,,,,,,
1144169,2018/19,2019-03-10,Kingsmead,1,39.5,South Africa,Sri Lanka,D Pretorius,DA Miller,PHKD Mendis,0,0,,,,,,,,,
1144169,2018/19,2019-03-10,Kingsmead,1,39.6,South Africa,Sri Lanka,D Pretorius,DA Miller,PHKD Mendis,1,0,,,,,,,,,
1144169,2018/19,2019-03-10,Kingsmead,1,40.1,South Africa,Sri Lanka,D Pretorius,DA Miller,SL Malinga,0,1,1,,,,,,,,
1144169,2018/19,2019-03-10,Kingsmead,1,40.2,South Africa,Sri Lanka,D Pretorius,DA Miller,SL Malinga,2,0,,,,,,,,,
1144169,2018/19,2019-03-10,Kingsmead,1,40.3,South Africa,Sri Lanka,D Pretorius,DA Miller,SL Malinga,1,0,,,,,,,,,
1144169,2018/19,2019-03-10,Kingsmead,1,40.4,South Africa,Sri Lanka,DA Miller,D Pretorius,SL Malinga,1,0,,,,,,,,,
1144169,2018/19,2019-03-10,Kingsmead,1,40.5,South Africa,Sri Lanka,D Pretorius,DA Miller,SL Malinga,0,2,,,,2,,,,,
1144169,2018/19,2019-03-10,Kingsmead,1,40.6,South Africa,Sri Lanka,D Pretorius,DA Miller,SL Malinga,4,0,,,,,,,,,
1144169,2018/19,2019-03-10,Kingsmead,1,40.7,South Africa,Sri Lanka,D Pretorius,DA Miller,SL Malinga,0,0,,,,,,,,,
1144169,2018/19,2019-03-10,Kingsmead,1,41.1,South Africa,Sri Lanka,DA Miller,D Pretorius,PHKD Mendis,4,0,,,,,,,,,
1144169,2018/19,2019-03-10,Kingsmead,1,41.2,South Africa,Sri Lanka,DA Miller,D Pretorius,PHKD Mendis,1,0,,,,,,,,,
1144169,2018/19,2019-03-10,Kingsmead,1,41.3,South Africa,Sri Lanka,D Pretorius,DA Miller,PHKD Mendis,1,0,,,,,,,,,
1144169,2018/19,2019-03-10,Kingsmead,1,41.4,South Africa,Sri Lanka,DA Miller,D Pretorius,PHKD Mendis,1,0,,,,,,,,,
1144169,2018/19,2019-03-10,Kingsmead,1,41.5,South Africa,Sri Lanka,D Pretorius,DA Miller,PHKD Mendis,0,2,,,,2,,,,,
1144169,2018/19,2019-03-10,Kingsmead,1,41.6,South Africa,Sri Lanka,D Pretorius,DA Miller,PHKD Mendis,1,0,,,,,,,,,
1144169,2018/19,2019-03-10,Kingsmead,1,42.1,South Africa,Sri Lanka,D Pretorius,DA Miller,SL Malinga,1,0,,,,,,,,,
1144169,2018/19,2019-03-10,Kingsmead,1,42.2,South Africa,Sri Lanka,DA Miller,D Pretorius,SL Malinga,1,0,,,,,,,,,
1144169,2018/19,2019-03-10,Kingsmead,1,42.3,South Africa,Sri Lanka,D Pretorius,DA Miller,SL Malinga,0,0,,,,,,,,,
1144169,2018/19,2019-03-10,Kingsmead,1,42.4,South Africa,Sri Lanka,D Pretorius,DA Miller,SL Malinga,1,0,,,,,,,,,
1144169,2018/19,2019-03-10,Kingsmead,1,42.5,South Africa,Sri Lanka,DA Miller,D Pretorius,SL Malinga,0,0,,,,,,,,,
1144169,2018/19,2019-03-10,Kingsmead,1,42.6,South Africa,Sri Lanka,DA Miller,D Pretorius,SL Malinga,1,0,,,,,,,,,
1144169,2018/19,2019-03-10,Kingsmead,1,43.1,South Africa,Sri Lanka,DA Miller,D Pretorius,I Udana,0,0,,,,,,,,,
1144169,2018/19,2019-03-10,Kingsmead,1,43.2,South Africa,Sri Lanka,DA Miller,D Pretorius,I Udana,1,0,,,,,,,,,
1144169,2018/19,2019-03-10,Kingsmead,1,43.3,South Africa,Sri Lanka,D Pretorius,DA Miller,I Udana,2,0,,,,,,,,,
1144169,2018/19,2019-03-10,Kingsmead,1,43.4,South Africa,Sri Lanka,D Pretorius,DA Miller,I Udana,1,0,,,,,,,,,
1144169,2018/19,2019-03-10,Kingsmead,1,43.5,South Africa,Sri Lanka,DA Miller,D Pretorius,I Udana,1,0,,,,,,,,,
1144169,2018/19,2019-03-10,Kingsmead,1,43.6,South Africa,Sri Lanka,D Pretorius,DA Miller,I Udana,1,0,,,,,,,,,
1144169,2018/19,2019-03-10,Kingsmead,1,44.1,South Africa,Sri Lanka,D Pretorius,DA Miller,A Dananjaya,1,0,,,,,,,,,
1144169,2018/19,2019-03-10,Kingsmead,1,44.2,South Africa,Sri Lanka,DA Miller,D Pretorius,A Dananjaya,1,0,,,,,,,,,
1144169,2018/19,2019-03-10,Kingsmead,1,44.3,South Africa,Sri Lanka,D Pretorius,DA Miller,A Dananjaya,6,0,,,,,,,,,
1144169,2018/19,2019-03-10,Kingsmead,1,44.4,South Africa,Sri Lanka,D Pretorius,DA Miller,A Dananjaya,0,1,1,,,,,,,,
1144169,2018/19,2019-03-10,Kingsmead,1,44.5,South Africa,Sri Lanka,D Pretorius,DA Miller,A Dananjaya,1,0,,,,,,,,,
1144169,2018/19,2019-03-10,Kingsmead,1,44.6,South Africa,Sri Lanka,DA Miller,D Pretorius,A Dananjaya,0,0,,,,,,,,,
1144169,2018/19,2019-03-10,Kingsmead,1,44.7,South Africa,Sri Lanka,DA Miller,D Pretorius,A Dananjaya,1,0,,,,,,,,,
1144169,2018/19,2019-03-10,Kingsmead,1,45.1,South Africa,Sri Lanka,DA Miller,D Pretorius,SL Malinga,1,0,,,,,,,,,
1144169,2018/19,2019-03-10,Kingsmead,1,45.2,South Africa,Sri Lanka,D Pretorius,DA Miller,SL Malinga,1,0,,,,,,,,,
1144169,2018/19,2019-03-10,Kingsmead,1,45.3,South Africa,Sri Lanka,DA Miller,D Pretorius,SL Malinga,0,0,,,,,,,,,
1144169,2018/19,2019-03-10,Kingsmead,1,45.4,South Africa,Sri Lanka,DA Miller,D Pretorius,SL Malinga,1,0,,,,,,,,,
1144169,2018/19,2019-03-10,Kingsmead,1,45.5,South Africa,Sri Lanka,D Pretorius,DA Miller,SL Malinga,1,0,,,,,,,,,
1144169,2018/19,2019-03-10,Kingsmead,1,45.6,South Africa,Sri Lanka,DA Miller,D Pretorius,SL Malinga,0,0,,,,,,,,,
1144169,2018/19,2019-03-10,Kingsmead,1,46.1,South Africa,Sri Lanka,D Pretorius,DA Miller,I Udana,4,0,,,,,,,,,
1144169,2018/19,2019-03-10,Kingsmead,1,46.2,South Africa,Sri Lanka,D Pretorius,DA Miller,I Udana,1,0,,,,,,,,,
1144169,2018/19,2019-03-10,Kingsmead,1,46.3,South Africa,Sri Lanka,DA Miller,D Pretorius,I Udana,1,0,,,,,,,,,
1144169,2018/19,2019-03-10,Kingsmead,1,46.4,South Africa,Sri Lanka,D Pretorius,DA Miller,I Udana,0,0,,,,,,bowled,D Pretorius,,
1144169,2018/19,2019-03-10,Kingsmead,1,46.5,South Africa,Sri Lanka,AL Phehlukwayo,DA Miller,I Udana,1,0,,,,,,,,,
1144169,2018/19,2019-03-10,Kingsmead,1,46.6,South Africa,Sri Lanka,DA Miller,AL Phehlukwayo,I Udana,4,0,,,,,,,,,
1144169,2018/19,2019-03-10,Kingsmead,1,47.1,South Africa,Sri Lanka,AL Phehlukwayo,DA Miller,SL Malinga,4,0,,,,,,,,,
1144169,2018/19,2019-03-10,Kingsmead,1,47.2,South Africa,Sri Lanka,AL Phehlukwayo,DA Miller,SL Malinga,4,0,,,,,,,,,
1144169,2018/19,2019-03-10,Kingsmead,1,47.3,South Africa,Sri Lanka,AL Phehlukwayo,DA Miller,SL Malinga,1,0,,,,,,,,,
1144169,2018/19,2019-03-10,Kingsmead,1,47.4,South Africa,Sri Lanka,DA Miller,AL Phehlukwayo,SL Malinga,1,0,,,,,,,,,
1144169,2018/19,2019-03-10,Kingsmead,1,47.5,South Africa,Sri Lanka,AL Phehlukwayo,DA Miller,SL Malinga,1,0,,,,,,,,,
1144169,2018/19,2019-03-10,Kingsmead,1,47.6,South Africa,Sri Lanka,DA Miller,AL Phehlukwayo,SL Malinga,2,0,,,,,,,,,
1144169,2018/19,2019-03-10,Kingsmead,1,48.1,South Africa,Sri Lanka,AL Phehlukwayo,DA Miller,I Udana,0,0,,,,,,,,,
1144169,2018/19,2019-03-10,Kingsmead,1,48.2,South Africa,Sri Lanka,AL Phehlukwayo,DA Miller,I Udana,1,0,,,,,,,,,
1144169,2018/19,2019-03-10,Kingsmead,1,48.3,South Africa,Sri Lanka,DA Miller,AL Phehlukwayo,I Udana,1,0,,,,,,,,,
1144169,2018/19,2019-03-10,Kingsmead,1,48.4,South Africa,Sri Lanka,AL Phehlukwayo,DA Miller,I Udana,6,0,,,,,,,,,
1144169,2018/19,2019-03-10,Kingsmead,1,48.5,South Africa,Sri Lanka,AL Phehlukwayo,DA Miller,I Udana,4,0,,,,,,,,,
1144169,2018/19,2019-03-10,Kingsmead,1,48.6,South Africa,Sri Lanka,AL Phehlukwayo,DA Miller,I Udana,2,0,,,,,,,,,
1144169,2018/19,2019-03-10,Kingsmead,1,49.1,South Africa,Sri Lanka,DA Miller,AL Phehlukwayo,SL Malinga,1,0,,,,,,,,,
1144169,2018/19,2019-03-10,Kingsmead,1,49.2,South Africa,Sri Lanka,AL Phehlukwayo,DA Miller,SL Malinga,2,0,,,,,,,,,
1144169,2018/19,2019-03-10,Kingsmead,1,49.3,South Africa,Sri Lanka,AL Phehlukwayo,DA Miller,SL Malinga,2,0,,,,,,,,,
1144169,2018/19,2019-03-10,Kingsmead,1,49.4,South Africa,Sri Lanka,AL Phehlukwayo,DA Miller,SL Malinga,4,0,,,,,,,,,
1144169,2018/19,2019-03-10,Kingsmead,1,49.5,South Africa,Sri Lanka,AL Phehlukwayo,DA Miller,SL Malinga,2,0,,,,,,,,,
1144169,2018/19,2019-03-10,Kingsmead,1,49.6,South Africa,Sri Lanka,AL Phehlukwayo,DA Miller,SL Malinga,4,0,,,,,,,,,
1144169,2018/19,2019-03-10,Kingsmead,2,0.1,Sri Lanka,South Africa,WIA Fernando,N Dickwella,K Rabada,0,0,,,,,,,,,
1144169,2018/19,2019-03-10,Kingsmead,2,0.2,Sri Lanka,South Africa,WIA Fernando,N Dickwella,K Rabada,0,0,,,,,,,,,
1144169,2018/19,2019-03-10,Kingsmead,2,0.3,Sri Lanka,South Africa,WIA Fernando,N Dickwella,K Rabada,0,0,,,,,,,,,
1144169,2018/19,2019-03-10,Kingsmead,2,0.4,Sri Lanka,South Africa,WIA Fernando,N Dickwella,K Rabada,1,0,,,,,,,,,
1144169,2018/19,2019-03-10,Kingsmead,2,0.5,Sri Lanka,South Africa,N Dickwella,WIA Fernando,K Rabada,2,0,,,,,,,,,
1144169,2018/19,2019-03-10,Kingsmead,2,0.6,Sri Lanka,South Africa,N Dickwella,WIA Fernando,K Rabada,0,0,,,,,,,,,
1144169,2018/19,2019-03-10,Kingsmead,2,1.1,Sri Lanka,South Africa,WIA Fernando,N Dickwella,L Ngidi,0,0,,,,,,,,,
1144169,2018/19,2019-03-10,Kingsmead,2,1.2,Sri Lanka,South Africa,WIA Fernando,N Dickwella,L Ngidi,4,0,,,,,,,,,
1144169,2018/19,2019-03-10,Kingsmead,2,1.3,Sri Lanka,South Africa,WIA Fernando,N Dickwella,L Ngidi,0,0,,,,,,,,,
1144169,2018/19,2019-03-10,Kingsmead,2,1.4,Sri Lanka,South Africa,WIA Fernando,N Dickwella,L Ngidi,0,0,,,,,,,,,
1144169,2018/19,2019-03-10,Kingsmead,2,1.5,Sri Lanka,South Africa,WIA Fernando,N Dickwella,L Ngidi,0,0,,,,,,,,,
1144169,2018/19,2019-03-10,Kingsmead,2,1.6,Sri Lanka,South Africa,WIA Fernando,N Dickwella,L Ngidi,0,0,,,,,,,,,
1144169,2018/19,2019-03-10,Kingsmead,2,2.1,Sri Lanka,South Africa,N Dickwella,WIA Fernando,K Rabada,0,0,,,,,,,,,
1144169,2018/19,2019-03-10,Kingsmead,2,2.2,Sri Lanka,South Africa,N Dickwella,WIA Fernando,K Rabada,0,0,,,,,,,,,
1144169,2018/19,2019-03-10,Kingsmead,2,2.3,Sri Lanka,South Africa,N Dickwella,WIA Fernando,K Rabada,0,0,,,,,,,,,
1144169,2018/19,2019-03-10,Kingsmead,2,2.4,Sri Lanka,South Africa,N Dickwella,WIA Fernando,K Rabada,0,4,,,4,,,,,,
1144169,2018/19,2019-03-10,Kingsmead,2,2.5,Sri Lanka,South Africa,N Dickwella,WIA Fernando,K Rabada,0,0,,,,,,caught,N Dickwella,,
1144169,2018/19,2019-03-10,Kingsmead,2,2.6,Sri Lanka,South Africa,BOP Fernando,WIA Fernando,K Rabada,0,0,,,,,,,,,
1144169,2018/19,2019-03-10,Kingsmead,2,3.1,Sri Lanka,South Africa,WIA Fernando,BOP Fernando,L Ngidi,1,0,,,,,,,,,
1144169,2018/19,2019-03-10,Kingsmead,2,3.2,Sri Lanka,South Africa,BOP Fernando,WIA Fernando,L Ngidi,0,0,,,,,,,,,
1144169,2018/19,2019-03-10,Kingsmead,2,3.3,Sri Lanka,South Africa,BOP Fernando,WIA Fernando,L Ngidi,0,0,,,,,,,,,
1144169,2018/19,2019-03-10,Kingsmead,2,3.4,Sri Lanka,South Africa,BOP Fernando,WIA Fernando,L Ngidi,0,0,,,,,,,,,
1144169,2018/19,2019-03-10,Kingsmead,2,3.5,Sri Lanka,South Africa,BOP Fernando,WIA Fernando,L Ngidi,0,0,,,,,,,,,
1144169,2018/19,2019-03-10,Kingsmead,2,3.6,Sri Lanka,South Africa,BOP Fernando,WIA Fernando,L Ngidi,0,0,,,,,,,,,
1144169,2018/19,2019-03-10,Kingsmead,2,4.1,Sri Lanka,South Africa,WIA Fernando,BOP Fernando,K Rabada,0,0,,,,,,,,,
1144169,2018/19,2019-03-10,Kingsmead,2,4.2,Sri Lanka,South Africa,WIA Fernando,BOP Fernando,K Rabada,1,0,,,,,,,,,
1144169,2018/19,2019-03-10,Kingsmead,2,4.3,Sri Lanka,South Africa,BOP Fernando,WIA Fernando,K Rabada,0,0,,,,,,,,,
1144169,2018/19,2019-03-10,Kingsmead,2,4.4,Sri Lanka,South Africa,BOP Fernando,WIA Fernando,K Rabada,1,0,,,,,,,,,
1144169,2018/19,2019-03-10,Kingsmead,2,4.5,Sri Lanka,South Africa,WIA Fernando,BOP Fernando,K Rabada,4,0,,,,,,,,,
1144169,2018/19,2019-03-10,Kingsmead,2,4.6,Sri Lanka,South Africa,WIA Fernando,BOP Fernando,K Rabada,2,0,,,,,,,,,
1144169,2018/19,2019-03-10,Kingsmead,2,5.1,Sri Lanka,South Africa,BOP Fernando,WIA Fernando,L Ngidi,1,0,,,,,,,,,
1144169,2018/19,2019-03-10,Kingsmead,2,5.2,Sri Lanka,South Africa,WIA Fernando,BOP Fernando,L Ngidi,4,0,,,,,,,,,
1144169,2018/19,2019-03-10,Kingsmead,2,5.3,Sri Lanka,South Africa,WIA Fernando,BOP Fernando,L Ngidi,4,0,,,,,,,,,
1144169,2018/19,2019-03-10,Kingsmead,2,5.4,Sri Lanka,South Africa,WIA Fernando,BOP Fernando,L Ngidi,0,0,,,,,,,,,
1144169,2018/19,2019-03-10,Kingsmead,2,5.5,Sri Lanka,South Africa,WIA Fernando,BOP Fernando,L Ngidi,0,0,,,,,,,,,
1144169,2018/19,2019-03-10,Kingsmead,2,5.6,Sri Lanka,South Africa,WIA Fernando,BOP Fernando,L Ngidi,1,0,,,,,,,,,
1144169,2018/19,2019-03-10,Kingsmead,2,6.1,Sri Lanka,South Africa,WIA Fernando,BOP Fernando,K Rabada,0,0,,,,,,,,,
1144169,2018/19,2019-03-10,Kingsmead,2,6.2,Sri Lanka,South Africa,WIA Fernando,BOP Fernando,K Rabada,1,0,,,,,,,,,
1144169,2018/19,2019-03-10,Kingsmead,2,6.3,Sri Lanka,South Africa,BOP Fernando,WIA Fernando,K Rabada,4,0,,,,,,,,,
1144169,2018/19,2019-03-10,Kingsmead,2,6.4,Sri Lanka,South Africa,BOP Fernando,WIA Fernando,K Rabada,0,0,,,,,,,,,
1144169,2018/19,2019-03-10,Kingsmead,2,6.5,Sri Lanka,South Africa,BOP Fernando,WIA Fernando,K Rabada,0,0,,,,,,,,,
1144169,2018/19,2019-03-10,Kingsmead,2,6.6,Sri Lanka,South Africa,BOP Fernando,WIA Fernando,K Rabada,0,0,,,,,,,,,
1144169,2018/19,2019-03-10,Kingsmead,2,7.1,Sri Lanka,South Africa,WIA Fernando,BOP Fernando,L Ngidi,0,0,,,,,,,,,
1144169,2018/19,2019-03-10,Kingsmead,2,7.2,Sri Lanka,South Africa,WIA Fernando,BOP Fernando,L Ngidi,0,0,,,,,,,,,
1144169,2018/19,2019-03-10,Kingsmead,2,7.3,Sri Lanka,South Africa,WIA Fernando,BOP Fernando,L Ngidi,0,0,,,,,,,,,
1144169,2018/19,2019-03-10,Kingsmead,2,7.4,Sri Lanka,South Africa,WIA Fernando,BOP Fernando,L Ngidi,0,0,,,,,,caught,WIA Fernando,,
1144169,2018/19,2019-03-10,Kingsmead,2,7.5,Sri Lanka,South Africa,BKG Mendis,BOP Fernando,L Ngidi,0,0,,,,,,,,,
1144169,2018/19,2019-03-10,Kingsmead,2,7.6,Sri Lanka,South Africa,BKG Mendis,BOP Fernando,L Ngidi,0,0,,,,,,,,,
1144169,2018/19,2019-03-10,Kingsmead,2,8.1,Sri Lanka,South Africa,BOP Fernando,BKG Mendis,K Rabada,0,0,,,,,,,,,
1144169,2018/19,2019-03-10,Kingsmead,2,8.2,Sri Lanka,South Africa,BOP Fernando,BKG Mendis,K Rabada,0,0,,,,,,,,,
1144169,2018/19,2019-03-10,Kingsmead,2,8.3,Sri Lanka,South Africa,BOP Fernando,BKG Mendis,K Rabada,0,0,,,,,,,,,
1144169,2018/19,2019-03-10,Kingsmead,2,8.4,Sri Lanka,South Africa,BOP Fernando,BKG Mendis,K Rabada,0,0,,,,,,,,,
1144169,2018/19,2019-03-10,Kingsmead,2,8.5,Sri Lanka,South Africa,BOP Fernando,BKG Mendis,K Rabada,0,0,,,,,,,,,
1144169,2018/19,2019-03-10,Kingsmead,2,8.6,Sri Lanka,South Africa,BOP Fernando,BKG Mendis,K Rabada,0,0,,,,,,,,,
1144169,2018/19,2019-03-10,Kingsmead,2,9.1,Sri Lanka,South Africa,BKG Mendis,BOP Fernando,L Ngidi,1,0,,,,,,,,,
1144169,2018/19,2019-03-10,Kingsmead,2,9.2,Sri Lanka,South Africa,BOP Fernando,BKG Mendis,L Ngidi,0,0,,,,,,,,,
1144169,2018/19,2019-03-10,Kingsmead,2,9.3,Sri Lanka,South Africa,BOP Fernando,BKG Mendis,L Ngidi,4,0,,,,,,,,,
1144169,2018/19,2019-03-10,Kingsmead,2,9.4,Sri Lanka,South Africa,BOP Fernando,BKG Mendis,L Ngidi,0,0,,,,,,,,,
1144169,2018/19,2019-03-10,Kingsmead,2,9.5,Sri Lanka,South Africa,BOP Fernando,BKG Mendis,L Ngidi,1,0,,,,,,,,,
1144169,2018/19,2019-03-10,Kingsmead,2,9.6,Sri Lanka,South Africa,BKG Mendis,BOP Fernando,L Ngidi,4,0,,,,,,,,,
1144169,2018/19,2019-03-10,Kingsmead,2,10.1,Sri Lanka,South Africa,BOP Fernando,BKG Mendis,K Rabada,0,0,,,,,,,,,
1144169,2018/19,2019-03-10,Kingsmead,2,10.2,Sri Lanka,South Africa,BOP Fernando,BKG Mendis,K Rabada,0,0,,,,,,,,,
1144169,2018/19,2019-03-10,Kingsmead,2,10.3,Sri Lanka,South Africa,BOP Fernando,BKG Mendis,K Rabada,0,0,,,,,,,,,
1144169,2018/19,2019-03-10,Kingsmead,2,10.4,Sri Lanka,South Africa,BOP Fernando,BKG Mendis,K Rabada,0,1,1,,,,,,,,
1144169,2018/19,2019-03-10,Kingsmead,2,10.5,Sri Lanka,South Africa,BOP Fernando,BKG Mendis,K Rabada,1,0,,,,,,,,,
1144169,2018/19,2019-03-10,Kingsmead,2,10.6,Sri Lanka,South Africa,BKG Mendis,BOP Fernando,K Rabada,0,0,,,,,,,,,
1144169,2018/19,2019-03-10,Kingsmead,2,10.7,Sri Lanka,South Africa,BKG Mendis,BOP Fernando,K Rabada,0,0,,,,,,,,,
1144169,2018/19,2019-03-10,Kingsmead,2,11.1,Sri Lanka,South Africa,BOP Fernando,BKG Mendis,AL Phehlukwayo,1,0,,,,,,,,,
1144169,2018/19,2019-03-10,Kingsmead,2,11.2,Sri Lanka,South Africa,BKG Mendis,BOP Fernando,AL Phehlukwayo,0,0,,,,,,,,,
1144169,2018/19,2019-03-10,Kingsmead,2,11.3,Sri Lanka,South Africa,BKG Mendis,BOP Fernando,AL Phehlukwayo,0,0,,,,,,,,,
1144169,2018/19,2019-03-10,Kingsmead,2,11.4,Sri Lanka,South Africa,BKG Mendis,BOP Fernando,AL Phehlukwayo,0,1,1,,,,,,,,
1144169,2018/19,2019-03-10,Kingsmead,2,11.5,Sri Lanka,South Africa,BKG Mendis,BOP Fernando,AL Phehlukwayo,1,0,,,,,,,,,
1144169,2018/19,2019-03-10,Kingsmead,2,11.6,Sri Lanka,South Africa,BOP Fernando,BKG Mendis,AL Phehlukwayo,1,0,,,,,,,,,
1144169,2018/19,2019-03-10,Kingsmead,2,11.7,Sri Lanka,South Africa,BKG Mendis,BOP Fernando,AL Phehlukwayo,2,0,,,,,,,,,
1144169,2018/19,2019-03-10,Kingsmead,2,12.1,Sri Lanka,South Africa,BOP Fernando,BKG Mendis,D Pretorius,0,0,,,,,,,,,
1144169,2018/19,2019-03-10,Kingsmead,2,12.2,Sri Lanka,South Africa,BOP Fernando,BKG Mendis,D Pretorius,4,0,,,,,,,,,
1144169,2018/19,2019-03-10,Kingsmead,2,12.3,Sri Lanka,South Africa,BOP Fernando,BKG Mendis,D Pretorius,0,0,,,,,,,,,
1144169,2018/19,2019-03-10,Kingsmead,2,12.4,Sri Lanka,South Africa,BOP Fernando,BKG Mendis,D Pretorius,1,0,,,,,,,,,
1144169,2018/19,2019-03-10,Kingsmead,2,12.5,Sri Lanka,South Africa,BKG Mendis,BOP Fernando,D Pretorius,0,0,,,,,,,,,
1144169,2018/19,2019-03-10,Kingsmead,2,12.6,Sri Lanka,South Africa,BKG Mendis,BOP Fernando,D Pretorius,0,0,,,,,,,,,
1144169,2018/19,2019-03-10,Kingsmead,2,13.1,Sri Lanka,South Africa,BOP Fernando,BKG Mendis,AL Phehlukwayo,2,0,,,,,,,,,
1144169,2018/19,2019-03-10,Kingsmead,2,13.2,Sri Lanka,South Africa,BOP Fernando,BKG Mendis,AL Phehlukwayo,1,0,,,,,,,,,
1144169,2018/19,2019-03-10,Kingsmead,2,13.3,Sri Lanka,South Africa,BKG Mendis,BOP Fernando,AL Phehlukwayo,4,0,,,,,,,,,
1144169,2018/19,2019-03-10,Kingsmead,2,13.4,Sri Lanka,South Africa,BKG Mendis,BOP Fernando,AL Phehlukwayo,2,0,,,,,,,,,
1144169,2018/19,2019-03-10,Kingsmead,2,13.5,Sri Lanka,South Africa,BKG Mendis,BOP Fernando,AL Phehlukwayo,0,0,,,,,,,,,
1144169,2018/19,2019-03-10,Kingsmead,2,13.6,Sri Lanka,South Africa,BKG Mendis,BOP Fernando,AL Phehlukwayo,4,0,,,,,,,,,
1144169,2018/19,2019-03-10,Kingsmead,2,14.1,Sri Lanka,South Africa,BOP Fernando,BKG Mendis,D Pretorius,0,0,,,,,,,,,
1144169,2018/19,2019-03-10,Kingsmead,2,14.2,Sri Lanka,South Africa,BOP Fernando,BKG Mendis,D Pretorius,0,0,,,,,,,,,
1144169,2018/19,2019-03-10,Kingsmead,2,14.3,Sri Lanka,South Africa,BOP Fernando,BKG Mendis,D Pretorius,0,0,,,,,,,,,
1144169,2018/19,2019-03-10,Kingsmead,2,14.4,Sri Lanka,South Africa,BOP Fernando,BKG Mendis,D Pretorius,0,0,,,,,,,,,
1144169,2018/19,2019-03-10,Kingsmead,2,14.5,Sri Lanka,South Africa,BOP Fernando,BKG Mendis,D Pretorius,1,0,,,,,,,,,
1144169,2018/19,2019-03-10,Kingsmead,2,14.6,Sri Lanka,South Africa,BKG Mendis,BOP Fernando,D Pretorius,0,0,,,,,,,,,
1144169,2018/19,2019-03-10,Kingsmead,2,15.1,Sri Lanka,South Africa,BOP Fernando,BKG Mendis,Imran Tahir,0,0,,,,,,,,,
1144169,2018/19,2019-03-10,Kingsmead,2,15.2,Sri Lanka,South Africa,BOP Fernando,BKG Mendis,Imran Tahir,1,0,,,,,,,,,
1144169,2018/19,2019-03-10,Kingsmead,2,15.3,Sri Lanka,South Africa,BKG Mendis,BOP Fernando,Imran Tahir,0,0,,,,,,,,,
1144169,2018/19,2019-03-10,Kingsmead,2,15.4,Sri Lanka,South Africa,BKG Mendis,BOP Fernando,Imran Tahir,0,0,,,,,,,,,
1144169,2018/19,2019-03-10,Kingsmead,2,15.5,Sri Lanka,South Africa,BKG Mendis,BOP Fernando,Imran Tahir,1,0,,,,,,,,,
1144169,2018/19,2019-03-10,Kingsmead,2,15.6,Sri Lanka,South Africa,BOP Fernando,BKG Mendis,Imran Tahir,1,0,,,,,,,,,
1144169,2018/19,2019-03-10,Kingsmead,2,16.1,Sri Lanka,South Africa,BOP Fernando,BKG Mendis,T Shamsi,0,1,1,,,,,,,,
1144169,2018/19,2019-03-10,Kingsmead,2,16.2,Sri Lanka,South Africa,BOP Fernando,BKG Mendis,T Shamsi,0,0,,,,,,caught,BOP Fernando,,
1144169,2018/19,2019-03-10,Kingsmead,2,16.3,Sri Lanka,South Africa,NLTC Perera,BKG Mendis,T Shamsi,1,0,,,,,,,,,
1144169,2018/19,2019-03-10,Kingsmead,2,16.4,Sri Lanka,South Africa,BKG Mendis,NLTC Perera,T Shamsi,0,1,,,,1,,,,,
1144169,2018/19,2019-03-10,Kingsmead,2,16.5,Sri Lanka,South Africa,NLTC Perera,BKG Mendis,T Shamsi,0,0,,,,,,,,,
1144169,2018/19,2019-03-10,Kingsmead,2,16.6,Sri Lanka,South Africa,NLTC Perera,BKG Mendis,T Shamsi,1,0,,,,,,,,,
1144169,2018/19,2019-03-10,Kingsmead,2,16.7,Sri Lanka,South Africa,BKG Mendis,NLTC Perera,T Shamsi,2,0,,,,,,,,,
1144169,2018/19,2019-03-10,Kingsmead,2,17.1,Sri Lanka,South Africa,NLTC Perera,BKG Mendis,Imran Tahir,1,0,,,,,,,,,
1144169,2018/19,2019-03-10,Kingsmead,2,17.2,Sri Lanka,South Africa,BKG Mendis,NLTC Perera,Imran Tahir,4,0,,,,,,,,,
1144169,2018/19,2019-03-10,Kingsmead,2,17.3,Sri Lanka,South Africa,BKG Mendis,NLTC Perera,Imran Tahir,0,0,,,,,,,,,
1144169,2018/19,2019-03-10,Kingsmead,2,17.4,Sri Lanka,South Africa,BKG Mendis,NLTC Perera,Imran Tahir,1,0,,,,,,,,,
1144169,2018/19,2019-03-10,Kingsmead,2,17.5,Sri Lanka,South Africa,NLTC Perera,BKG Mendis,Imran Tahir,0,0,,,,,,,,,
1144169,2018/19,2019-03-10,Kingsmead,2,17.6,Sri Lanka,South Africa,NLTC Perera,BKG Mendis,Imran Tahir,1,0,,,,,,,,,
1144169,2018/19,2019-03-10,Kingsmead,2,18.1,Sri Lanka,South Africa,NLTC Perera,BKG Mendis,T Shamsi,0,0,,,,,,,,,
1144169,2018/19,2019-03-10,Kingsmead,2,18.2,Sri Lanka,South Africa,NLTC Perera,BKG Mendis,T Shamsi,1,0,,,,,,,,,
1144169,2018/19,2019-03-10,Kingsmead,2,18.3,Sri Lanka,South Africa,BKG Mendis,NLTC Perera,T Shamsi,6,0,,,,,,,,,
1144169,2018/19,2019-03-10,Kingsmead,2,18.4,Sri Lanka,South Africa,BKG Mendis,NLTC Perera,T Shamsi,2,0,,,,,,,,,
1144169,2018/19,2019-03-10,Kingsmead,2,18.5,Sri Lanka,South Africa,BKG Mendis,NLTC Perera,T Shamsi,6,0,,,,,,,,,
1144169,2018/19,2019-03-10,Kingsmead,2,18.6,Sri Lanka,South Africa,BKG Mendis,NLTC Perera,T Shamsi,1,0,,,,,,,,,
1144169,2018/19,2019-03-10,Kingsmead,2,19.1,Sri Lanka,South Africa,BKG Mendis,NLTC Perera,Imran Tahir,0,0,,,,,,,,,
1144169,2018/19,2019-03-10,Kingsmead,2,19.2,Sri Lanka,South Africa,BKG Mendis,NLTC Perera,Imran Tahir,0,0,,,,,,caught and bowled,BKG Mendis,,
1144169,2018/19,2019-03-10,Kingsmead,2,19.3,Sri Lanka,South Africa,NLTC Perera,PHKD Mendis,Imran Tahir,1,0,,,,,,,,,
1144169,2018/19,2019-03-10,Kingsmead,2,19.4,Sri Lanka,South Africa,PHKD Mendis,NLTC Perera,Imran Tahir,0,0,,,,,,,,,
1144169,2018/19,2019-03-10,Kingsmead,2,19.5,Sri Lanka,South Africa,PHKD Mendis,NLTC Perera,Imran Tahir,0,0,,,,,,,,,
1144169,2018/19,2019-03-10,Kingsmead,2,19.6,Sri Lanka,South Africa,PHKD Mendis,NLTC Perera,Imran Tahir,1,0,,,,,,,,,
1144169,2018/19,2019-03-10,Kingsmead,2,20.1,Sri Lanka,South Africa,PHKD Mendis,NLTC Perera,T Shamsi,2,0,,,,,,,,,
1144169,2018/19,2019-03-10,Kingsmead,2,20.2,Sri Lanka,South Africa,PHKD Mendis,NLTC Perera,T Shamsi,1,0,,,,,,,,,
1144169,2018/19,2019-03-10,Kingsmead,2,20.3,Sri Lanka,South Africa,NLTC Perera,PHKD Mendis,T Shamsi,2,0,,,,,,,,,
1144169,2018/19,2019-03-10,Kingsmead,2,20.4,Sri Lanka,South Africa,NLTC Perera,PHKD Mendis,T Shamsi,1,0,,,,,,,,,
1144169,2018/19,2019-03-10,Kingsmead,2,20.5,Sri Lanka,South Africa,PHKD Mendis,NLTC Perera,T Shamsi,0,0,,,,,,,,,
1144169,2018/19,2019-03-10,Kingsmead,2,20.6,Sri Lanka,South Africa,PHKD Mendis,NLTC Perera,T Shamsi,1,0,,,,,,,,,
1144169,2018/19,2019-03-10,Kingsmead,2,21.1,Sri Lanka,South Africa,PHKD Mendis,NLTC Perera,Imran Tahir,1,0,,,,,,,,,
1144169,2018/19,2019-03-10,Kingsmead,2,21.2,Sri Lanka,South Africa,NLTC Perera,PHKD Mendis,Imran Tahir,1,0,,,,,,,,,
1144169,2018/19,2019-03-10,Kingsmead,2,21.3,Sri Lanka,South Africa,PHKD Mendis,NLTC Perera,Imran Tahir,1,0,,,,,,,,,
1144169,2018/19,2019-03-10,Kingsmead,2,21.4,Sri Lanka,South Africa,NLTC Perera,PHKD Mendis,Imran Tahir,2,0,,,,,,,,,
1144169,2018/19,2019-03-10,Kingsmead,2,21.5,Sri Lanka,South Africa,NLTC Perera,PHKD Mendis,Imran Tahir,0,0,,,,,,caught,NLTC Perera,,
1144169,2018/19,2019-03-10,Kingsmead,2,21.6,Sri Lanka,South Africa,PHKD Mendis,I Udana,Imran Tahir,0,0,,,,,,,,,
1144169,2018/19,2019-03-10,Kingsmead,2,22.1,Sri Lanka,South Africa,I Udana,PHKD Mendis,T Shamsi,0,0,,,,,,,,,
1144169,2018/19,2019-03-10,Kingsmead,2,22.2,Sri Lanka,South Africa,I Udana,PHKD Mendis,T Shamsi,0,0,,,,,,,,,
1144169,2018/19,2019-03-10,Kingsmead,2,22.3,Sri Lanka,South Africa,I Udana,PHKD Mendis,T Shamsi,0,1,1,,,,,,,,
1144169,2018/19,2019-03-10,Kingsmead,2,22.4,Sri Lanka,South Africa,I Udana,PHKD Mendis,T Shamsi,0,0,,,,,,,,,
1144169,2018/19,2019-03-10,Kingsmead,2,22.5,Sri Lanka,South Africa,I Udana,PHKD Mendis,T Shamsi,0,0,,,,,,,,,
1144169,2018/19,2019-03-10,Kingsmead,2,22.6,Sri Lanka,South Africa,I Udana,PHKD Mendis,T Shamsi,0,0,,,,,,,,,
1144169,2018/19,2019-03-10,Kingsmead,2,22.7,Sri Lanka,South Africa,I Udana,PHKD Mendis,T Shamsi,0,0,,,,,,,,,
1144169,2018/19,2019-03-10,Kingsmead,2,23.1,Sri Lanka,South Africa,PHKD Mendis,I Udana,Imran Tahir,0,1,1,,,,,,,,
1144169,2018/19,2019-03-10,Kingsmead,2,23.2,Sri Lanka,South Africa,PHKD Mendis,I Udana,Imran Tahir,0,0,,,,,,,,,
1144169,2018/19,2019-03-10,Kingsmead,2,23.3,Sri Lanka,South Africa,PHKD Mendis,I Udana,Imran Tahir,0,0,,,,,,,,,
1144169,2018/19,2019-03-10,Kingsmead,2,23.4,Sri Lanka,South Africa,PHKD Mendis,I Udana,Imran Tahir,1,0,,,,,,,,,
1144169,2018/19,2019-03-10,Kingsmead,2,23.5,Sri Lanka,South Africa,I Udana,PHKD Mendis,Imran Tahir,0,0,,,,,,,,,
1144169,2018/19,2019-03-10,Kingsmead,2,23.6,Sri Lanka,South Africa,I Udana,PHKD Mendis,Imran Tahir,0,0,,,,,,,,,
1144169,2018/19,2019-03-10,Kingsmead,2,23.7,Sri Lanka,South Africa,I Udana,PHKD Mendis,Imran Tahir,0,0,,,,,,,,,
