match_id,season,start_date,venue,innings,ball,batting_team,bowling_team,striker,non_striker,bowler,runs_off_bat,extras,wides,noballs,byes,legbyes,penalty,wicket_type,player_dismissed,other_wicket_type,other_player_dismissed
1144487,2019,2019-06-02,Kennington Oval,1,0.1,Bangladesh,South Africa,Tamim Iqbal,Soumya Sarkar,L Ngidi,0,0,,,,,,,,,
1144487,2019,2019-06-02,Kennington Oval,1,0.2,Bangladesh,South Africa,Tamim Iqbal,Soumya Sarkar,L Ngidi,1,0,,,,,,,,,
1144487,2019,2019-06-02,Kennington Oval,1,0.3,Bangladesh,South Africa,Soumya Sarkar,Tamim Iqbal,L Ngidi,0,0,,,,,,,,,
1144487,2019,2019-06-02,Kennington Oval,1,0.4,Bangladesh,South Africa,Soumya Sarkar,Tamim Iqbal,L Ngidi,0,0,,,,,,,,,
1144487,2019,2019-06-02,Kennington Oval,1,0.5,Bangladesh,South Africa,Soumya Sarkar,Tamim Iqbal,L Ngidi,4,0,,,,,,,,,
1144487,2019,2019-06-02,Kennington Oval,1,0.6,Bangladesh,South Africa,Soumya Sarkar,Tamim Iqbal,L Ngidi,0,0,,,,,,,,,
1144487,2019,2019-06-02,Kennington Oval,1,1.1,Bangladesh,South Africa,Tamim Iqbal,Soumya Sarkar,K Rabada,0,0,,,,,,,,,
1144487,2019,2019-06-02,Kennington Oval,1,1.2,Bangladesh,South Africa,Tamim Iqbal,Soumya Sarkar,K Rabada,0,1,1,,,,,,,,
1144487,2019,2019-06-02,Kennington Oval,1,1.3,Bangladesh,South Africa,Tamim Iqbal,Soumya Sarkar,K Rabada,0,0,,,,,,,,,
1144487,2019,2019-06-02,Kennington Oval,1,1.4,Bangladesh,South Africa,Tamim Iqbal,Soumya Sarkar,K Rabada,0,0,,,,,,,,,
1144487,2019,2019-06-02,Kennington Oval,1,1.5,Bangladesh,South Africa,Tamim Iqbal,Soumya Sarkar,K Rabada,0,0,,,,,,,,,
1144487,2019,2019-06-02,Kennington Oval,1,1.6,Bangladesh,South Africa,Tamim Iqbal,Soumya Sarkar,K Rabada,0,0,,,,,,,,,
1144487,2019,2019-06-02,Kennington Oval,1,1.7,Bangladesh,South Africa,Tamim Iqbal,Soumya Sarkar,K Rabada,1,0,,,,,,,,,
1144487,2019,2019-06-02,Kennington Oval,1,2.1,Bangladesh,South Africa,Tamim Iqbal,Soumya Sarkar,L Ngidi,0,0,,,,,,,,,
1144487,2019,2019-06-02,Kennington Oval,1,2.2,Bangladesh,South Africa,Tamim Iqbal,Soumya Sarkar,L Ngidi,0,0,,,,,,,,,
1144487,2019,2019-06-02,Kennington Oval,1,2.3,Bangladesh,South Africa,Tamim Iqbal,Soumya Sarkar,L Ngidi,2,0,,,,,,,,,
1144487,2019,2019-06-02,Kennington Oval,1,2.4,Bangladesh,South Africa,Tamim Iqbal,Soumya Sarkar,L Ngidi,0,0,,,,,,,,,
1144487,2019,2019-06-02,Kennington Oval,1,2.5,Bangladesh,South Africa,Tamim Iqbal,Soumya Sarkar,L Ngidi,0,0,,,,,,,,,
1144487,2019,2019-06-02,Kennington Oval,1,2.6,Bangladesh,South Africa,Tamim Iqbal,Soumya Sarkar,L Ngidi,0,0,,,,,,,,,
1144487,2019,2019-06-02,Kennington Oval,1,3.1,Bangladesh,South Africa,Soumya Sarkar,Tamim Iqbal,K Rabada,1,0,,,,,,,,,
1144487,2019,2019-06-02,Kennington Oval,1,3.2,Bangladesh,South Africa,Tamim Iqbal,Soumya Sarkar,K Rabada,1,0,,,,,,,,,
1144487,2019,2019-06-02,Kennington Oval,1,3.3,Bangladesh,South Africa,Soumya Sarkar,Tamim Iqbal,K Rabada,0,0,,,,,,,,,
1144487,2019,2019-06-02,Kennington Oval,1,3.4,Bangladesh,South Africa,Soumya Sarkar,Tamim Iqbal,K Rabada,0,1,,,,1,,,,,
1144487,2019,2019-06-02,Kennington Oval,1,3.5,Bangladesh,South Africa,Tamim Iqbal,Soumya Sarkar,K Rabada,2,0,,,,,,,,,
1144487,2019,2019-06-02,Kennington Oval,1,3.6,Bangladesh,South Africa,Tamim Iqbal,Soumya Sarkar,K Rabada,0,0,,,,,,,,,
1144487,2019,2019-06-02,Kennington Oval,1,4.1,Bangladesh,South Africa,Soumya Sarkar,Tamim Iqbal,L Ngidi,1,0,,,,,,,,,
1144487,2019,2019-06-02,Kennington Oval,1,4.2,Bangladesh,South Africa,Tamim Iqbal,Soumya Sarkar,L Ngidi,1,0,,,,,,,,,
1144487,2019,2019-06-02,Kennington Oval,1,4.3,Bangladesh,South Africa,Soumya Sarkar,Tamim Iqbal,L Ngidi,4,0,,,,,,,,,
1144487,2019,2019-06-02,Kennington Oval,1,4.4,Bangladesh,South Africa,Soumya Sarkar,Tamim Iqbal,L Ngidi,4,0,,,,,,,,,
1144487,2019,2019-06-02,Kennington Oval,1,4.5,Bangladesh,South Africa,Soumya Sarkar,Tamim Iqbal,L Ngidi,0,0,,,,,,,,,
1144487,2019,2019-06-02,Kennington Oval,1,4.6,Bangladesh,South Africa,Soumya Sarkar,Tamim Iqbal,L Ngidi,4,0,,,,,,,,,
1144487,2019,2019-06-02,Kennington Oval,1,5.1,Bangladesh,South Africa,Tamim Iqbal,Soumya Sarkar,K Rabada,0,0,,,,,,,,,
1144487,2019,2019-06-02,Kennington Oval,1,5.2,Bangladesh,South Africa,Tamim Iqbal,Soumya Sarkar,K Rabada,0,0,,,,,,,,,
1144487,2019,2019-06-02,Kennington Oval,1,5.3,Bangladesh,South Africa,Tamim Iqbal,Soumya Sarkar,K Rabada,0,5,5,,,,,,,,
1144487,2019,2019-06-02,Kennington Oval,1,5.4,Bangladesh,South Africa,Tamim Iqbal,Soumya Sarkar,K Rabada,0,0,,,,,,,,,
1144487,2019,2019-06-02,Kennington Oval,1,5.5,Bangladesh,South Africa,Tamim Iqbal,Soumya Sarkar,K Rabada,4,0,,,,,,,,,
1144487,2019,2019-06-02,Kennington Oval,1,5.6,Bangladesh,South Africa,Tamim Iqbal,Soumya Sarkar,K Rabada,0,0,,,,,,,,,
1144487,2019,2019-06-02,Kennington Oval,1,5.7,Bangladesh,South Africa,Tamim Iqbal,Soumya Sarkar,K Rabada,0,0,,,,,,,,,
1144487,2019,2019-06-02,Kennington Oval,1,6.1,Bangladesh,South Africa,Soumya Sarkar,Tamim Iqbal,L Ngidi,4,0,,,,,,,,,
1144487,2019,2019-06-02,Kennington Oval,1,6.2,Bangladesh,South Africa,Soumya Sarkar,Tamim Iqbal,L Ngidi,4,0,,,,,,,,,
1144487,2019,2019-06-02,Kennington Oval,1,6.3,Bangladesh,South Africa,Soumya Sarkar,Tamim Iqbal,L Ngidi,1,0,,,,,,,,,
1144487,2019,2019-06-02,Kennington Oval,1,6.4,Bangladesh,South Africa,Tamim Iqbal,Soumya Sarkar,L Ngidi,0,0,,,,,,,,,
1144487,2019,2019-06-02,Kennington Oval,1,6.5,Bangladesh,South Africa,Tamim Iqbal,Soumya Sarkar,L Ngidi,0,0,,,,,,,,,
1144487,2019,2019-06-02,Kennington Oval,1,6.6,Bangladesh,South Africa,Tamim Iqbal,Soumya Sarkar,L Ngidi,4,0,,,,,,,,,
1144487,2019,2019-06-02,Kennington Oval,1,7.1,Bangladesh,South Africa,Soumya Sarkar,Tamim Iqbal,K Rabada,0,0,,,,,,,,,
1144487,2019,2019-06-02,Kennington Oval,1,7.2,Bangladesh,South Africa,Soumya Sarkar,Tamim Iqbal,K Rabada,4,0,,,,,,,,,
1144487,2019,2019-06-02,Kennington Oval,1,7.3,Bangladesh,South Africa,Soumya Sarkar,Tamim Iqbal,K Rabada,0,0,,,,,,,,,
1144487,2019,2019-06-02,Kennington Oval,1,7.4,Bangladesh,South Africa,Soumya Sarkar,Tamim Iqbal,K Rabada,4,0,,,,,,,,,
1144487,2019,2019-06-02,Kennington Oval,1,7.5,Bangladesh,South Africa,Soumya Sarkar,Tamim Iqbal,K Rabada,0,0,,,,,,,,,
1144487,2019,2019-06-02,Kennington Oval,1,7.6,Bangladesh,South Africa,Soumya Sarkar,Tamim Iqbal,K Rabada,0,0,,,,,,,,,
1144487,2019,2019-06-02,Kennington Oval,1,8.1,Bangladesh,South Africa,Tamim Iqbal,Soumya Sarkar,AL Phehlukwayo,0,2,,,,2,,,,,
1144487,2019,2019-06-02,Kennington Oval,1,8.2,Bangladesh,South Africa,Tamim Iqbal,Soumya Sarkar,AL Phehlukwayo,0,0,,,,,,caught,Tamim Iqbal,,
1144487,2019,2019-06-02,Kennington Oval,1,8.3,Bangladesh,South Africa,Shakib Al Hasan,Soumya Sarkar,AL Phehlukwayo,0,0,,,,,,,,,
1144487,2019,2019-06-02,Kennington Oval,1,8.4,Bangladesh,South Africa,Shakib Al Hasan,Soumya Sarkar,AL Phehlukwayo,0,0,,,,,,,,,
1144487,2019,2019-06-02,Kennington Oval,1,8.5,Bangladesh,South Africa,Shakib Al Hasan,Soumya Sarkar,AL Phehlukwayo,0,0,,,,,,,,,
1144487,2019,2019-06-02,Kennington Oval,1,8.6,Bangladesh,South Africa,Shakib Al Hasan,Soumya Sarkar,AL Phehlukwayo,0,0,,,,,,,,,
1144487,2019,2019-06-02,Kennington Oval,1,9.1,Bangladesh,South Africa,Soumya Sarkar,Shakib Al Hasan,K Rabada,0,0,,,,,,,,,
1144487,2019,2019-06-02,Kennington Oval,1,9.2,Bangladesh,South Africa,Soumya Sarkar,Shakib Al Hasan,K Rabada,1,0,,,,,,,,,
1144487,2019,2019-06-02,Kennington Oval,1,9.3,Bangladesh,South Africa,Shakib Al Hasan,Soumya Sarkar,K Rabada,4,0,,,,,,,,,
1144487,2019,2019-06-02,Kennington Oval,1,9.4,Bangladesh,South Africa,Shakib Al Hasan,Soumya Sarkar,K Rabada,0,0,,,,,,,,,
1144487,2019,2019-06-02,Kennington Oval,1,9.5,Bangladesh,South Africa,Shakib Al Hasan,Soumya Sarkar,K Rabada,0,0,,,,,,,,,
1144487,2019,2019-06-02,Kennington Oval,1,9.6,Bangladesh,South Africa,Shakib Al Hasan,Soumya Sarkar,K Rabada,0,0,,,,,,,,,
1144487,2019,2019-06-02,Kennington Oval,1,10.1,Bangladesh,South Africa,Soumya Sarkar,Shakib Al Hasan,AL Phehlukwayo,0,1,,,,1,,,,,
1144487,2019,2019-06-02,Kennington Oval,1,10.2,Bangladesh,South Africa,Shakib Al Hasan,Soumya Sarkar,AL Phehlukwayo,1,0,,,,,,,,,
1144487,2019,2019-06-02,Kennington Oval,1,10.3,Bangladesh,South Africa,Soumya Sarkar,Shakib Al Hasan,AL Phehlukwayo,4,0,,,,,,,,,
1144487,2019,2019-06-02,Kennington Oval,1,10.4,Bangladesh,South Africa,Soumya Sarkar,Shakib Al Hasan,AL Phehlukwayo,0,0,,,,,,,,,
1144487,2019,2019-06-02,Kennington Oval,1,10.5,Bangladesh,South Africa,Soumya Sarkar,Shakib Al Hasan,AL Phehlukwayo,1,0,,,,,,,,,
1144487,2019,2019-06-02,Kennington Oval,1,10.6,Bangladesh,South Africa,Shakib Al Hasan,Soumya Sarkar,AL Phehlukwayo,0,1,1,,,,,,,,
1144487,2019,2019-06-02,Kennington Oval,1,10.7,Bangladesh,South Africa,Shakib Al Hasan,Soumya Sarkar,AL Phehlukwayo,0,0,,,,,,,,,
1144487,2019,2019-06-02,Kennington Oval,1,11.1,Bangladesh,South Africa,Soumya Sarkar,Shakib Al Hasan,CH Morris,0,0,,,,,,,,,
1144487,2019,2019-06-02,Kennington Oval,1,11.2,Bangladesh,South Africa,Soumya Sarkar,Shakib Al Hasan,CH Morris,1,0,,,,,,,,,
1144487,2019,2019-06-02,Kennington Oval,1,11.3,Bangladesh,South Africa,Shakib Al Hasan,Soumya Sarkar,CH Morris,1,0,,,,,,,,,
1144487,2019,2019-06-02,Kennington Oval,1,11.4,Bangladesh,South Africa,Soumya Sarkar,Shakib Al Hasan,CH Morris,0,0,,,,,,caught,Soumya Sarkar,,
1144487,2019,2019-06-02,Kennington Oval,1,11.5,Bangladesh,South Africa,Mushfiqur Rahim,Shakib Al Hasan,CH Morris,0,0,,,,,,,,,
1144487,2019,2019-06-02,Kennington Oval,1,11.6,Bangladesh,South Africa,Mushfiqur Rahim,Shakib Al Hasan,CH Morris,4,0,,,,,,,,,
1144487,2019,2019-06-02,Kennington Oval,1,12.1,Bangladesh,South Africa,Shakib Al Hasan,Mushfiqur Rahim,AL Phehlukwayo,0,0,,,,,,,,,
1144487,2019,2019-06-02,Kennington Oval,1,12.2,Bangladesh,South Africa,Shakib Al Hasan,Mushfiqur Rahim,AL Phehlukwayo,0,0,,,,,,,,,
1144487,2019,2019-06-02,Kennington Oval,1,12.3,Bangladesh,South Africa,Shakib Al Hasan,Mushfiqur Rahim,AL Phehlukwayo,1,0,,,,,,,,,
1144487,2019,2019-06-02,Kennington Oval,1,12.4,Bangladesh,South Africa,Mushfiqur Rahim,Shakib Al Hasan,AL Phehlukwayo,1,0,,,,,,,,,
1144487,2019,2019-06-02,Kennington Oval,1,12.5,Bangladesh,South Africa,Shakib Al Hasan,Mushfiqur Rahim,AL Phehlukwayo,1,0,,,,,,,,,
1144487,2019,2019-06-02,Kennington Oval,1,12.6,Bangladesh,South Africa,Mushfiqur Rahim,Shakib Al Hasan,AL Phehlukwayo,1,0,,,,,,,,,
1144487,2019,2019-06-02,Kennington Oval,1,13.1,Bangladesh,South Africa,Mushfiqur Rahim,Shakib Al Hasan,CH Morris,0,0,,,,,,,,,
1144487,2019,2019-06-02,Kennington Oval,1,13.2,Bangladesh,South Africa,Mushfiqur Rahim,Shakib Al Hasan,CH Morris,0,0,,,,,,,,,
1144487,2019,2019-06-02,Kennington Oval,1,13.3,Bangladesh,South Africa,Mushfiqur Rahim,Shakib Al Hasan,CH Morris,0,0,,,,,,,,,
1144487,2019,2019-06-02,Kennington Oval,1,13.4,Bangladesh,South Africa,Mushfiqur Rahim,Shakib Al Hasan,CH Morris,0,0,,,,,,,,,
1144487,2019,2019-06-02,Kennington Oval,1,13.5,Bangladesh,South Africa,Mushfiqur Rahim,Shakib Al Hasan,CH Morris,1,0,,,,,,,,,
1144487,2019,2019-06-02,Kennington Oval,1,13.6,Bangladesh,South Africa,Shakib Al Hasan,Mushfiqur Rahim,CH Morris,1,0,,,,,,,,,
1144487,2019,2019-06-02,Kennington Oval,1,14.1,Bangladesh,South Africa,Shakib Al Hasan,Mushfiqur Rahim,AL Phehlukwayo,0,0,,,,,,,,,
1144487,2019,2019-06-02,Kennington Oval,1,14.2,Bangladesh,South Africa,Shakib Al Hasan,Mushfiqur Rahim,AL Phehlukwayo,1,0,,,,,,,,,
1144487,2019,2019-06-02,Kennington Oval,1,14.3,Bangladesh,South Africa,Mushfiqur Rahim,Shakib Al Hasan,AL Phehlukwayo,1,0,,,,,,,,,
1144487,2019,2019-06-02,Kennington Oval,1,14.4,Bangladesh,South Africa,Shakib Al Hasan,Mushfiqur Rahim,AL Phehlukwayo,0,0,,,,,,,,,
1144487,2019,2019-06-02,Kennington Oval,1,14.5,Bangladesh,South Africa,Shakib Al Hasan,Mushfiqur Rahim,AL Phehlukwayo,1,0,,,,,,,,,
1144487,2019,2019-06-02,Kennington Oval,1,14.6,Bangladesh,South Africa,Mushfiqur Rahim,Shakib Al Hasan,AL Phehlukwayo,0,0,,,,,,,,,
1144487,2019,2019-06-02,Kennington Oval,1,15.1,Bangladesh,South Africa,Shakib Al Hasan,Mushfiqur Rahim,CH Morris,2,0,,,,,,,,,
1144487,2019,2019-06-02,Kennington Oval,1,15.2,Bangladesh,South Africa,Shakib Al Hasan,Mushfiqur Rahim,CH Morris,6,0,,,,,,,,,
1144487,2019,2019-06-02,Kennington Oval,1,15.3,Bangladesh,South Africa,Shakib Al Hasan,Mushfiqur Rahim,CH Morris,1,0,,,,,,,,,
1144487,2019,2019-06-02,Kennington Oval,1,15.4,Bangladesh,South Africa,Mushfiqur Rahim,Shakib Al Hasan,CH Morris,1,0,,,,,,,,,
1144487,2019,2019-06-02,Kennington Oval,1,15.5,Bangladesh,South Africa,Shakib Al Hasan,Mushfiqur Rahim,CH Morris,1,0,,,,,,,,,
1144487,2019,2019-06-02,Kennington Oval,1,15.6,Bangladesh,South Africa,Mushfiqur Rahim,Shakib Al Hasan,CH Morris,1,0,,,,,,,,,
1144487,2019,2019-06-02,Kennington Oval,1,16.1,Bangladesh,South Africa,Mushfiqur Rahim,Shakib Al Hasan,AK Markram,0,0,,,,,,,,,
1144487,2019,2019-06-02,Kennington Oval,1,16.2,Bangladesh,South Africa,Mushfiqur Rahim,Shakib Al Hasan,AK Markram,1,0,,,,,,,,,
1144487,2019,2019-06-02,Kennington Oval,1,16.3,Bangladesh,South Africa,Shakib Al Hasan,Mushfiqur Rahim,AK Markram,2,0,,,,,,,,,
1144487,2019,2019-06-02,Kennington Oval,1,16.4,Bangladesh,South Africa,Shakib Al Hasan,Mushfiqur Rahim,AK Markram,0,0,,,,,,,,,
1144487,2019,2019-06-02,Kennington Oval,1,16.5,Bangladesh,South Africa,Shakib Al Hasan,Mushfiqur Rahim,AK Markram,4,0,,,,,,,,,
1144487,2019,2019-06-02,Kennington Oval,1,16.6,Bangladesh,South Africa,Shakib Al Hasan,Mushfiqur Rahim,AK Markram,0,0,,,,,,,,,
1144487,2019,2019-06-02,Kennington Oval,1,17.1,Bangladesh,South Africa,Mushfiqur Rahim,Shakib Al Hasan,Imran Tahir,0,0,,,,,,,,,
1144487,2019,2019-06-02,Kennington Oval,1,17.2,Bangladesh,South Africa,Mushfiqur Rahim,Shakib Al Hasan,Imran Tahir,0,0,,,,,,,,,
1144487,2019,2019-06-02,Kennington Oval,1,17.3,Bangladesh,South Africa,Mushfiqur Rahim,Shakib Al Hasan,Imran Tahir,1,0,,,,,,,,,
1144487,2019,2019-06-02,Kennington Oval,1,17.4,Bangladesh,South Africa,Shakib Al Hasan,Mushfiqur Rahim,Imran Tahir,1,0,,,,,,,,,
1144487,2019,2019-06-02,Kennington Oval,1,17.5,Bangladesh,South Africa,Mushfiqur Rahim,Shakib Al Hasan,Imran Tahir,1,0,,,,,,,,,
1144487,2019,2019-06-02,Kennington Oval,1,17.6,Bangladesh,South Africa,Shakib Al Hasan,Mushfiqur Rahim,Imran Tahir,0,0,,,,,,,,,
1144487,2019,2019-06-02,Kennington Oval,1,18.1,Bangladesh,South Africa,Mushfiqur Rahim,Shakib Al Hasan,AK Markram,0,0,,,,,,,,,
1144487,2019,2019-06-02,Kennington Oval,1,18.2,Bangladesh,South Africa,Mushfiqur Rahim,Shakib Al Hasan,AK Markram,1,0,,,,,,,,,
1144487,2019,2019-06-02,Kennington Oval,1,18.3,Bangladesh,South Africa,Shakib Al Hasan,Mushfiqur Rahim,AK Markram,1,0,,,,,,,,,
1144487,2019,2019-06-02,Kennington Oval,1,18.4,Bangladesh,South Africa,Mushfiqur Rahim,Shakib Al Hasan,AK Markram,1,0,,,,,,,,,
1144487,2019,2019-06-02,Kennington Oval,1,18.5,Bangladesh,South Africa,Shakib Al Hasan,Mushfiqur Rahim,AK Markram,4,0,,,,,,,,,
1144487,2019,2019-06-02,Kennington Oval,1,18.6,Bangladesh,South Africa,Shakib Al Hasan,Mushfiqur Rahim,AK Markram,0,0,,,,,,,,,
1144487,2019,2019-06-02,Kennington Oval,1,19.1,Bangladesh,South Africa,Mushfiqur Rahim,Shakib Al Hasan,Imran Tahir,4,0,,,,,,,,,
1144487,2019,2019-06-02,Kennington Oval,1,19.2,Bangladesh,South Africa,Mushfiqur Rahim,Shakib Al Hasan,Imran Tahir,0,1,,,,1,,,,,
1144487,2019,2019-06-02,Kennington Oval,1,19.3,Bangladesh,South Africa,Shakib Al Hasan,Mushfiqur Rahim,Imran Tahir,0,0,,,,,,,,,
1144487,2019,2019-06-02,Kennington Oval,1,19.4,Bangladesh,South Africa,Shakib Al Hasan,Mushfiqur Rahim,Imran Tahir,1,0,,,,,,,,,
1144487,2019,2019-06-02,Kennington Oval,1,19.5,Bangladesh,South Africa,Mushfiqur Rahim,Shakib Al Hasan,Imran Tahir,1,0,,,,,,,,,
1144487,2019,2019-06-02,Kennington Oval,1,19.6,Bangladesh,South Africa,Shakib Al Hasan,Mushfiqur Rahim,Imran Tahir,0,0,,,,,,,,,
1144487,2019,2019-06-02,Kennington Oval,1,20.1,Bangladesh,South Africa,Mushfiqur Rahim,Shakib Al Hasan,AK Markram,1,0,,,,,,,,,
1144487,2019,2019-06-02,Kennington Oval,1,20.2,Bangladesh,South Africa,Shakib Al Hasan,Mushfiqur Rahim,AK Markram,1,0,,,,,,,,,
1144487,2019,2019-06-02,Kennington Oval,1,20.3,Bangladesh,South Africa,Mushfiqur Rahim,Shakib Al Hasan,AK Markram,1,0,,,,,,,,,
1144487,2019,2019-06-02,Kennington Oval,1,20.4,Bangladesh,South Africa,Shakib Al Hasan,Mushfiqur Rahim,AK Markram,0,0,,,,,,,,,
1144487,2019,2019-06-02,Kennington Oval,1,20.5,Bangladesh,South Africa,Shakib Al Hasan,Mushfiqur Rahim,AK Markram,0,0,,,,,,,,,
1144487,2019,2019-06-02,Kennington Oval,1,20.6,Bangladesh,South Africa,Shakib Al Hasan,Mushfiqur Rahim,AK Markram,1,0,,,,,,,,,
1144487,2019,2019-06-02,Kennington Oval,1,21.1,Bangladesh,South Africa,Shakib Al Hasan,Mushfiqur Rahim,Imran Tahir,4,0,,,,,,,,,
1144487,2019,2019-06-02,Kennington Oval,1,21.2,Bangladesh,South Africa,Shakib Al Hasan,Mushfiqur Rahim,Imran Tahir,1,0,,,,,,,,,
1144487,2019,2019-06-02,Kennington Oval,1,21.3,Bangladesh,South Africa,Mushfiqur Rahim,Shakib Al Hasan,Imran Tahir,2,0,,,,,,,,,
1144487,2019,2019-06-02,Kennington Oval,1,21.4,Bangladesh,South Africa,Mushfiqur Rahim,Shakib Al Hasan,Imran Tahir,0,0,,,,,,,,,
1144487,2019,2019-06-02,Kennington Oval,1,21.5,Bangladesh,South Africa,Mushfiqur Rahim,Shakib Al Hasan,Imran Tahir,2,0,,,,,,,,,
1144487,2019,2019-06-02,Kennington Oval,1,21.6,Bangladesh,South Africa,Mushfiqur Rahim,Shakib Al Hasan,Imran Tahir,0,0,,,,,,,,,
1144487,2019,2019-06-02,Kennington Oval,1,22.1,Bangladesh,South Africa,Shakib Al Hasan,Mushfiqur Rahim,AK Markram,0,0,,,,,,,,,
1144487,2019,2019-06-02,Kennington Oval,1,22.2,Bangladesh,South Africa,Shakib Al Hasan,Mushfiqur Rahim,AK Markram,1,0,,,,,,,,,
1144487,2019,2019-06-02,Kennington Oval,1,22.3,Bangladesh,South Africa,Mushfiqur Rahim,Shakib Al Hasan,AK Markram,4,0,,,,,,,,,
1144487,2019,2019-06-02,Kennington Oval,1,22.4,Bangladesh,South Africa,Mushfiqur Rahim,Shakib Al Hasan,AK Markram,1,0,,,,,,,,,
1144487,2019,2019-06-02,Kennington Oval,1,22.5,Bangladesh,South Africa,Shakib Al Hasan,Mushfiqur Rahim,AK Markram,1,0,,,,,,,,,
1144487,2019,2019-06-02,Kennington Oval,1,22.6,Bangladesh,South Africa,Mushfiqur Rahim,Shakib Al Hasan,AK Markram,1,0,,,,,,,,,
1144487,2019,2019-06-02,Kennington Oval,1,23.1,Bangladesh,South Africa,Mushfiqur Rahim,Shakib Al Hasan,CH Morris,0,0,,,,,,,,,
1144487,2019,2019-06-02,Kennington Oval,1,23.2,Bangladesh,South Africa,Mushfiqur Rahim,Shakib Al Hasan,CH Morris,2,0,,,,,,,,,
1144487,2019,2019-06-02,Kennington Oval,1,23.3,Bangladesh,South Africa,Mushfiqur Rahim,Shakib Al Hasan,CH Morris,1,0,,,,,,,,,
1144487,2019,2019-06-02,Kennington Oval,1,23.4,Bangladesh,South Africa,Shakib Al Hasan,Mushfiqur Rahim,CH Morris,0,0,,,,,,,,,
1144487,2019,2019-06-02,Kennington Oval,1,23.5,Bangladesh,South Africa,Shakib Al Hasan,Mushfiqur Rahim,CH Morris,1,0,,,,,,,,,
1144487,2019,2019-06-02,Kennington Oval,1,23.6,Bangladesh,South Africa,Mushfiqur Rahim,Shakib Al Hasan,CH Morris,1,0,,,,,,,,,
1144487,2019,2019-06-02,Kennington Oval,1,24.1,Bangladesh,South Africa,Mushfiqur Rahim,Shakib Al Hasan,JP Duminy,4,0,,,,,,,,,
1144487,2019,2019-06-02,Kennington Oval,1,24.2,Bangladesh,South Africa,Mushfiqur Rahim,Shakib Al Hasan,JP Duminy,1,0,,,,,,,,,
1144487,2019,2019-06-02,Kennington Oval,1,24.3,Bangladesh,South Africa,Shakib Al Hasan,Mushfiqur Rahim,JP Duminy,0,0,,,,,,,,,
1144487,2019,2019-06-02,Kennington Oval,1,24.4,Bangladesh,South Africa,Shakib Al Hasan,Mushfiqur Rahim,JP Duminy,1,0,,,,,,,,,
1144487,2019,2019-06-02,Kennington Oval,1,24.5,Bangladesh,South Africa,Mushfiqur Rahim,Shakib Al Hasan,JP Duminy,0,0,,,,,,,,,
1144487,2019,2019-06-02,Kennington Oval,1,24.6,Bangladesh,South Africa,Mushfiqur Rahim,Shakib Al Hasan,JP Duminy,4,0,,,,,,,,,
1144487,2019,2019-06-02,Kennington Oval,1,25.1,Bangladesh,South Africa,Shakib Al Hasan,Mushfiqur Rahim,CH Morris,0,0,,,,,,,,,
1144487,2019,2019-06-02,Kennington Oval,1,25.2,Bangladesh,South Africa,Shakib Al Hasan,Mushfiqur Rahim,CH Morris,1,0,,,,,,,,,
1144487,2019,2019-06-02,Kennington Oval,1,25.3,Bangladesh,South Africa,Mushfiqur Rahim,Shakib Al Hasan,CH Morris,1,0,,,,,,,,,
1144487,2019,2019-06-02,Kennington Oval,1,25.4,Bangladesh,South Africa,Shakib Al Hasan,Mushfiqur Rahim,CH Morris,0,0,,,,,,,,,
1144487,2019,2019-06-02,Kennington Oval,1,25.5,Bangladesh,South Africa,Shakib Al Hasan,Mushfiqur Rahim,CH Morris,0,0,,,,,,,,,
1144487,2019,2019-06-02,Kennington Oval,1,25.6,Bangladesh,South Africa,Shakib Al Hasan,Mushfiqur Rahim,CH Morris,4,0,,,,,,,,,
1144487,2019,2019-06-02,Kennington Oval,1,26.1,Bangladesh,South Africa,Mushfiqur Rahim,Shakib Al Hasan,AL Phehlukwayo,1,0,,,,,,,,,
1144487,2019,2019-06-02,Kennington Oval,1,26.2,Bangladesh,South Africa,Shakib Al Hasan,Mushfiqur Rahim,AL Phehlukwayo,1,0,,,,,,,,,
1144487,2019,2019-06-02,Kennington Oval,1,26.3,Bangladesh,South Africa,Mushfiqur Rahim,Shakib Al Hasan,AL Phehlukwayo,1,0,,,,,,,,,
1144487,2019,2019-06-02,Kennington Oval,1,26.4,Bangladesh,South Africa,Shakib Al Hasan,Mushfiqur Rahim,AL Phehlukwayo,0,0,,,,,,,,,
1144487,2019,2019-06-02,Kennington Oval,1,26.5,Bangladesh,South Africa,Shakib Al Hasan,Mushfiqur Rahim,AL Phehlukwayo,0,0,,,,,,,,,
1144487,2019,2019-06-02,Kennington Oval,1,26.6,Bangladesh,South Africa,Shakib Al Hasan,Mushfiqur Rahim,AL Phehlukwayo,1,0,,,,,,,,,
1144487,2019,2019-06-02,Kennington Oval,1,27.1,Bangladesh,South Africa,Shakib Al Hasan,Mushfiqur Rahim,CH Morris,4,0,,,,,,,,,
1144487,2019,2019-06-02,Kennington Oval,1,27.2,Bangladesh,South Africa,Shakib Al Hasan,Mushfiqur Rahim,CH Morris,0,0,,,,,,,,,
1144487,2019,2019-06-02,Kennington Oval,1,27.3,Bangladesh,South Africa,Shakib Al Hasan,Mushfiqur Rahim,CH Morris,1,0,,,,,,,,,
1144487,2019,2019-06-02,Kennington Oval,1,27.4,Bangladesh,South Africa,Mushfiqur Rahim,Shakib Al Hasan,CH Morris,0,0,,,,,,,,,
1144487,2019,2019-06-02,Kennington Oval,1,27.5,Bangladesh,South Africa,Mushfiqur Rahim,Shakib Al Hasan,CH Morris,0,1,1,,,,,,,,
1144487,2019,2019-06-02,Kennington Oval,1,27.6,Bangladesh,South Africa,Mushfiqur Rahim,Shakib Al Hasan,CH Morris,0,0,,,,,,,,,
1144487,2019,2019-06-02,Kennington Oval,1,27.7,Bangladesh,South Africa,Mushfiqur Rahim,Shakib Al Hasan,CH Morris,1,0,,,,,,,,,
1144487,2019,2019-06-02,Kennington Oval,1,28.1,Bangladesh,South Africa,Mushfiqur Rahim,Shakib Al Hasan,AL Phehlukwayo,0,0,,,,,,,,,
1144487,2019,2019-06-02,Kennington Oval,1,28.2,Bangladesh,South Africa,Mushfiqur Rahim,Shakib Al Hasan,AL Phehlukwayo,0,0,,,,,,,,,
1144487,2019,2019-06-02,Kennington Oval,1,28.3,Bangladesh,South Africa,Mushfiqur Rahim,Shakib Al Hasan,AL Phehlukwayo,0,0,,,,,,,,,
1144487,2019,2019-06-02,Kennington Oval,1,28.4,Bangladesh,South Africa,Mushfiqur Rahim,Shakib Al Hasan,AL Phehlukwayo,4,0,,,,,,,,,
1144487,2019,2019-06-02,Kennington Oval,1,28.5,Bangladesh,South Africa,Mushfiqur Rahim,Shakib Al Hasan,AL Phehlukwayo,0,0,,,,,,,,,
1144487,2019,2019-06-02,Kennington Oval,1,28.6,Bangladesh,South Africa,Mushfiqur Rahim,Shakib Al Hasan,AL Phehlukwayo,1,0,,,,,,,,,
1144487,2019,2019-06-02,Kennington Oval,1,29.1,Bangladesh,South Africa,Mushfiqur Rahim,Shakib Al Hasan,Imran Tahir,0,0,,,,,,,,,
1144487,2019,2019-06-02,Kennington Oval,1,29.2,Bangladesh,South Africa,Mushfiqur Rahim,Shakib Al Hasan,Imran Tahir,1,0,,,,,,,,,
1144487,2019,2019-06-02,Kennington Oval,1,29.3,Bangladesh,South Africa,Shakib Al Hasan,Mushfiqur Rahim,Imran Tahir,1,0,,,,,,,,,
1144487,2019,2019-06-02,Kennington Oval,1,29.4,Bangladesh,South Africa,Mushfiqur Rahim,Shakib Al Hasan,Imran Tahir,4,0,,,,,,,,,
1144487,2019,2019-06-02,Kennington Oval,1,29.5,Bangladesh,South Africa,Mushfiqur Rahim,Shakib Al Hasan,Imran Tahir,1,0,,,,,,,,,
1144487,2019,2019-06-02,Kennington Oval,1,29.6,Bangladesh,South Africa,Shakib Al Hasan,Mushfiqur Rahim,Imran Tahir,1,0,,,,,,,,,
1144487,2019,2019-06-02,Kennington Oval,1,30.1,Bangladesh,South Africa,Shakib Al Hasan,Mushfiqur Rahim,AL Phehlukwayo,1,0,,,,,,,,,
1144487,2019,2019-06-02,Kennington Oval,1,30.2,Bangladesh,South Africa,Mushfiqur Rahim,Shakib Al Hasan,AL Phehlukwayo,2,0,,,,,,,,,
1144487,2019,2019-06-02,Kennington Oval,1,30.3,Bangladesh,South Africa,Mushfiqur Rahim,Shakib Al Hasan,AL Phehlukwayo,1,0,,,,,,,,,
1144487,2019,2019-06-02,Kennington Oval,1,30.4,Bangladesh,South Africa,Shakib Al Hasan,Mushfiqur Rahim,AL Phehlukwayo,0,0,,,,,,,,,
1144487,2019,2019-06-02,Kennington Oval,1,30.5,Bangladesh,South Africa,Shakib Al Hasan,Mushfiqur Rahim,AL Phehlukwayo,0,0,,,,,,,,,
1144487,2019,2019-06-02,Kennington Oval,1,30.6,Bangladesh,South Africa,Shakib Al Hasan,Mushfiqur Rahim,AL Phehlukwayo,0,0,,,,,,,,,
1144487,2019,2019-06-02,Kennington Oval,1,31.1,Bangladesh,South Africa,Mushfiqur Rahim,Shakib Al Hasan,Imran Tahir,1,0,,,,,,,,,
1144487,2019,2019-06-02,Kennington Oval,1,31.2,Bangladesh,South Africa,Shakib Al Hasan,Mushfiqur Rahim,Imran Tahir,0,0,,,,,,,,,
1144487,2019,2019-06-02,Kennington Oval,1,31.3,Bangladesh,South Africa,Shakib Al Hasan,Mushfiqur Rahim,Imran Tahir,0,0,,,,,,,,,
1144487,2019,2019-06-02,Kennington Oval,1,31.4,Bangladesh,South Africa,Shakib Al Hasan,Mushfiqur Rahim,Imran Tahir,0,0,,,,,,,,,
1144487,2019,2019-06-02,Kennington Oval,1,31.5,Bangladesh,South Africa,Shakib Al Hasan,Mushfiqur Rahim,Imran Tahir,4,0,,,,,,,,,
1144487,2019,2019-06-02,Kennington Oval,1,31.6,Bangladesh,South Africa,Shakib Al Hasan,Mushfiqur Rahim,Imran Tahir,1,0,,,,,,,,,
1144487,2019,2019-06-02,Kennington Oval,1,32.1,Bangladesh,South Africa,Shakib Al Hasan,Mushfiqur Rahim,K Rabada,1,0,,,,,,,,,
1144487,2019,2019-06-02,Kennington Oval,1,32.2,Bangladesh,South Africa,Mushfiqur Rahim,Shakib Al Hasan,K Rabada,1,0,,,,,,,,,
1144487,2019,2019-06-02,Kennington Oval,1,32.3,Bangladesh,South Africa,Shakib Al Hasan,Mushfiqur Rahim,K Rabada,0,0,,,,,,,,,
1144487,2019,2019-06-02,Kennington Oval,1,32.4,Bangladesh,South Africa,Shakib Al Hasan,Mushfiqur Rahim,K Rabada,1,0,,,,,,,,,
1144487,2019,2019-06-02,Kennington Oval,1,32.5,Bangladesh,South Africa,Mushfiqur Rahim,Shakib Al Hasan,K Rabada,4,0,,,,,,,,,
1144487,2019,2019-06-02,Kennington Oval,1,32.6,Bangladesh,South Africa,Mushfiqur Rahim,Shakib Al Hasan,K Rabada,0,0,,,,,,,,,
1144487,2019,2019-06-02,Kennington Oval,1,33.1,Bangladesh,South Africa,Shakib Al Hasan,Mushfiqur Rahim,Imran Tahir,0,0,,,,,,,,,
1144487,2019,2019-06-02,Kennington Oval,1,33.2,Bangladesh,South Africa,Shakib Al Hasan,Mushfiqur Rahim,Imran Tahir,0,0,,,,,,,,,
1144487,2019,2019-06-02,Kennington Oval,1,33.3,Bangladesh,South Africa,Shakib Al Hasan,Mushfiqur Rahim,Imran Tahir,1,0,,,,,,,,,
1144487,2019,2019-06-02,Kennington Oval,1,33.4,Bangladesh,South Africa,Mushfiqur Rahim,Shakib Al Hasan,Imran Tahir,1,0,,,,,,,,,
1144487,2019,2019-06-02,Kennington Oval,1,33.5,Bangladesh,South Africa,Shakib Al Hasan,Mushfiqur Rahim,Imran Tahir,2,0,,,,,,,,,
1144487,2019,2019-06-02,Kennington Oval,1,33.6,Bangladesh,South Africa,Shakib Al Hasan,Mushfiqur Rahim,Imran Tahir,4,0,,,,,,,,,
1144487,2019,2019-06-02,Kennington Oval,1,34.1,Bangladesh,South Africa,Mushfiqur Rahim,Shakib Al Hasan,K Rabada,0,0,,,,,,,,,
1144487,2019,2019-06-02,Kennington Oval,1,34.2,Bangladesh,South Africa,Mushfiqur Rahim,Shakib Al Hasan,K Rabada,0,0,,,,,,,,,
1144487,2019,2019-06-02,Kennington Oval,1,34.3,Bangladesh,South Africa,Mushfiqur Rahim,Shakib Al Hasan,K Rabada,1,0,,,,,,,,,
1144487,2019,2019-06-02,Kennington Oval,1,34.4,Bangladesh,South Africa,Shakib Al Hasan,Mushfiqur Rahim,K Rabada,0,0,,,,,,,,,
1144487,2019,2019-06-02,Kennington Oval,1,34.5,Bangladesh,South Africa,Shakib Al Hasan,Mushfiqur Rahim,K Rabada,0,0,,,,,,,,,
1144487,2019,2019-06-02,Kennington Oval,1,34.6,Bangladesh,South Africa,Shakib Al Hasan,Mushfiqur Rahim,K Rabada,1,0,,,,,,,,,
1144487,2019,2019-06-02,Kennington Oval,1,35.1,Bangladesh,South Africa,Shakib Al Hasan,Mushfiqur Rahim,Imran Tahir,0,0,,,,,,bowled,Shakib Al Hasan,,
1144487,2019,2019-06-02,Kennington Oval,1,35.2,Bangladesh,South Africa,Mohammad Mithun,Mushfiqur Rahim,Imran Tahir,0,0,,,,,,,,,
1144487,2019,2019-06-02,Kennington Oval,1,35.3,Bangladesh,South Africa,Mohammad Mithun,Mushfiqur Rahim,Imran Tahir,0,0,,,,,,,,,
1144487,2019,2019-06-02,Kennington Oval,1,35.4,Bangladesh,South Africa,Mohammad Mithun,Mushfiqur Rahim,Imran Tahir,4,0,,,,,,,,,
1144487,2019,2019-06-02,Kennington Oval,1,35.5,Bangladesh,South Africa,Mohammad Mithun,Mushfiqur Rahim,Imran Tahir,1,0,,,,,,,,,
1144487,2019,2019-06-02,Kennington Oval,1,35.6,Bangladesh,South Africa,Mushfiqur Rahim,Mohammad Mithun,Imran Tahir,0,0,,,,,,,,,
1144487,2019,2019-06-02,Kennington Oval,1,36.1,Bangladesh,South Africa,Mohammad Mithun,Mushfiqur Rahim,K Rabada,0,0,,,,,,,,,
1144487,2019,2019-06-02,Kennington Oval,1,36.2,Bangladesh,South Africa,Mohammad Mithun,Mushfiqur Rahim,K Rabada,0,0,,,,,,,,,
1144487,2019,2019-06-02,Kennington Oval,1,36.3,Bangladesh,South Africa,Mohammad Mithun,Mushfiqur Rahim,K Rabada,0,1,1,,,,,,,,
1144487,2019,2019-06-02,Kennington Oval,1,36.4,Bangladesh,South Africa,Mohammad Mithun,Mushfiqur Rahim,K Rabada,0,0,,,,,,,,,
1144487,2019,2019-06-02,Kennington Oval,1,36.5,Bangladesh,South Africa,Mohammad Mithun,Mushfiqur Rahim,K Rabada,0,0,,,,,,,,,
1144487,2019,2019-06-02,Kennington Oval,1,36.6,Bangladesh,South Africa,Mohammad Mithun,Mushfiqur Rahim,K Rabada,0,0,,,,,,,,,
1144487,2019,2019-06-02,Kennington Oval,1,36.7,Bangladesh,South Africa,Mohammad Mithun,Mushfiqur Rahim,K Rabada,0,0,,,,,,,,,
1144487,2019,2019-06-02,Kennington Oval,1,37.1,Bangladesh,South Africa,Mushfiqur Rahim,Mohammad Mithun,AK Markram,0,0,,,,,,,,,
1144487,2019,2019-06-02,Kennington Oval,1,37.2,Bangladesh,South Africa,Mushfiqur Rahim,Mohammad Mithun,AK Markram,1,0,,,,,,,,,
1144487,2019,2019-06-02,Kennington Oval,1,37.3,Bangladesh,South Africa,Mohammad Mithun,Mushfiqur Rahim,AK Markram,0,0,,,,,,,,,
1144487,2019,2019-06-02,Kennington Oval,1,37.4,Bangladesh,South Africa,Mohammad Mithun,Mushfiqur Rahim,AK Markram,6,0,,,,,,,,,
1144487,2019,2019-06-02,Kennington Oval,1,37.5,Bangladesh,South Africa,Mohammad Mithun,Mushfiqur Rahim,AK Markram,4,0,,,,,,,,,
1144487,2019,2019-06-02,Kennington Oval,1,37.6,Bangladesh,South Africa,Mohammad Mithun,Mushfiqur Rahim,AK Markram,1,0,,,,,,,,,
1144487,2019,2019-06-02,Kennington Oval,1,38.1,Bangladesh,South Africa,Mohammad Mithun,Mushfiqur Rahim,CH Morris,1,0,,,,,,,,,
1144487,2019,2019-06-02,Kennington Oval,1,38.2,Bangladesh,South Africa,Mushfiqur Rahim,Mohammad Mithun,CH Morris,0,0,,,,,,,,,
1144487,2019,2019-06-02,Kennington Oval,1,38.3,Bangladesh,South Africa,Mushfiqur Rahim,Mohammad Mithun,CH Morris,1,0,,,,,,,,,
1144487,2019,2019-06-02,Kennington Oval,1,38.4,Bangladesh,South Africa,Mohammad Mithun,Mushfiqur Rahim,CH Morris,2,0,,,,,,,,,
1144487,2019,2019-06-02,Kennington Oval,1,38.5,Bangladesh,South Africa,Mohammad Mithun,Mushfiqur Rahim,CH Morris,0,0,,,,,,,,,
1144487,2019,2019-06-02,Kennington Oval,1,38.6,Bangladesh,South Africa,Mohammad Mithun,Mushfiqur Rahim,CH Morris,1,0,,,,,,,,,
1144487,2019,2019-06-02,Kennington Oval,1,39.1,Bangladesh,South Africa,Mohammad Mithun,Mushfiqur Rahim,Imran Tahir,0,0,,,,,,,,,
1144487,2019,2019-06-02,Kennington Oval,1,39.2,Bangladesh,South Africa,Mohammad Mithun,Mushfiqur Rahim,Imran Tahir,1,0,,,,,,,,,
1144487,2019,2019-06-02,Kennington Oval,1,39.3,Bangladesh,South Africa,Mushfiqur Rahim,Mohammad Mithun,Imran Tahir,1,0,,,,,,,,,
1144487,2019,2019-06-02,Kennington Oval,1,39.4,Bangladesh,South Africa,Mohammad Mithun,Mushfiqur Rahim,Imran Tahir,0,0,,,,,,bowled,Mohammad Mithun,,
1144487,2019,2019-06-02,Kennington Oval,1,39.5,Bangladesh,South Africa,Mahmudullah,Mushfiqur Rahim,Imran Tahir,1,0,,,,,,,,,
1144487,2019,2019-06-02,Kennington Oval,1,39.6,Bangladesh,South Africa,Mushfiqur Rahim,Mahmudullah,Imran Tahir,1,0,,,,,,,,,
1144487,2019,2019-06-02,Kennington Oval,1,40.1,Bangladesh,South Africa,Mushfiqur Rahim,Mahmudullah,CH Morris,0,0,,,,,,,,,
1144487,2019,2019-06-02,Kennington Oval,1,40.2,Bangladesh,South Africa,Mushfiqur Rahim,Mahmudullah,CH Morris,1,0,,,,,,,,,
1144487,2019,2019-06-02,Kennington Oval,1,40.3,Bangladesh,South Africa,Mahmudullah,Mushfiqur Rahim,CH Morris,0,0,,,,,,,,,
1144487,2019,2019-06-02,Kennington Oval,1,40.4,Bangladesh,South Africa,Mahmudullah,Mushfiqur Rahim,CH Morris,0,0,,,,,,,,,
1144487,2019,2019-06-02,Kennington Oval,1,40.5,Bangladesh,South Africa,Mahmudullah,Mushfiqur Rahim,CH Morris,0,0,,,,,,,,,
1144487,2019,2019-06-02,Kennington Oval,1,40.6,Bangladesh,South Africa,Mahmudullah,Mushfiqur Rahim,CH Morris,0,0,,,,,,,,,
1144487,2019,2019-06-02,Kennington Oval,1,41.1,Bangladesh,South Africa,Mushfiqur Rahim,Mahmudullah,Imran Tahir,1,0,,,,,,,,,
1144487,2019,2019-06-02,Kennington Oval,1,41.2,Bangladesh,South Africa,Mahmudullah,Mushfiqur Rahim,Imran Tahir,2,0,,,,,,,,,
1144487,2019,2019-06-02,Kennington Oval,1,41.3,Bangladesh,South Africa,Mahmudullah,Mushfiqur Rahim,Imran Tahir,1,0,,,,,,,,,
1144487,2019,2019-06-02,Kennington Oval,1,41.4,Bangladesh,South Africa,Mushfiqur Rahim,Mahmudullah,Imran Tahir,1,0,,,,,,,,,
1144487,2019,2019-06-02,Kennington Oval,1,41.5,Bangladesh,South Africa,Mahmudullah,Mushfiqur Rahim,Imran Tahir,0,0,,,,,,,,,
1144487,2019,2019-06-02,Kennington Oval,1,41.6,Bangladesh,South Africa,Mahmudullah,Mushfiqur Rahim,Imran Tahir,0,0,,,,,,,,,
1144487,2019,2019-06-02,Kennington Oval,1,42.1,Bangladesh,South Africa,Mushfiqur Rahim,Mahmudullah,AL Phehlukwayo,0,0,,,,,,caught,Mushfiqur Rahim,,
1144487,2019,2019-06-02,Kennington Oval,1,42.2,Bangladesh,South Africa,Mahmudullah,Mosaddek Hossain,AL Phehlukwayo,1,0,,,,,,,,,
1144487,2019,2019-06-02,Kennington Oval,1,42.3,Bangladesh,South Africa,Mosaddek Hossain,Mahmudullah,AL Phehlukwayo,0,0,,,,,,,,,
1144487,2019,2019-06-02,Kennington Oval,1,42.4,Bangladesh,South Africa,Mosaddek Hossain,Mahmudullah,AL Phehlukwayo,0,4,,,,4,,,,,
1144487,2019,2019-06-02,Kennington Oval,1,42.5,Bangladesh,South Africa,Mosaddek Hossain,Mahmudullah,AL Phehlukwayo,1,0,,,,,,,,,
1144487,2019,2019-06-02,Kennington Oval,1,42.6,Bangladesh,South Africa,Mahmudullah,Mosaddek Hossain,AL Phehlukwayo,1,0,,,,,,,,,
1144487,2019,2019-06-02,Kennington Oval,1,43.1,Bangladesh,South Africa,Mahmudullah,Mosaddek Hossain,Imran Tahir,1,0,,,,,,,,,
1144487,2019,2019-06-02,Kennington Oval,1,43.2,Bangladesh,South Africa,Mosaddek Hossain,Mahmudullah,Imran Tahir,0,0,,,,,,,,,
1144487,2019,2019-06-02,Kennington Oval,1,43.3,Bangladesh,South Africa,Mosaddek Hossain,Mahmudullah,Imran Tahir,1,0,,,,,,,,,
1144487,2019,2019-06-02,Kennington Oval,1,43.4,Bangladesh,South Africa,Mahmudullah,Mosaddek Hossain,Imran Tahir,1,0,,,,,,,,,
1144487,2019,2019-06-02,Kennington Oval,1,43.5,Bangladesh,South Africa,Mosaddek Hossain,Mahmudullah,Imran Tahir,0,0,,,,,,,,,
1144487,2019,2019-06-02,Kennington Oval,1,43.6,Bangladesh,South Africa,Mosaddek Hossain,Mahmudullah,Imran Tahir,0,0,,,,,,,,,
1144487,2019,2019-06-02,Kennington Oval,1,44.1,Bangladesh,South Africa,Mahmudullah,Mosaddek Hossain,AL Phehlukwayo,1,0,,,,,,,,,
1144487,2019,2019-06-02,Kennington Oval,1,44.2,Bangladesh,South Africa,Mosaddek Hossain,Mahmudullah,AL Phehlukwayo,1,0,,,,,,,,,
1144487,2019,2019-06-02,Kennington Oval,1,44.3,Bangladesh,South Africa,Mahmudullah,Mosaddek Hossain,AL Phehlukwayo,0,0,,,,,,,,,
1144487,2019,2019-06-02,Kennington Oval,1,44.4,Bangladesh,South Africa,Mahmudullah,Mosaddek Hossain,AL Phehlukwayo,1,0,,,,,,,,,
1144487,2019,2019-06-02,Kennington Oval,1,44.5,Bangladesh,South Africa,Mosaddek Hossain,Mahmudullah,AL Phehlukwayo,4,0,,,,,,,,,
1144487,2019,2019-06-02,Kennington Oval,1,44.6,Bangladesh,South Africa,Mosaddek Hossain,Mahmudullah,AL Phehlukwayo,4,0,,,,,,,,,
1144487,2019,2019-06-02,Kennington Oval,1,45.1,Bangladesh,South Africa,Mahmudullah,Mosaddek Hossain,K Rabada,1,0,,,,,,,,,
1144487,2019,2019-06-02,Kennington Oval,1,45.2,Bangladesh,South Africa,Mosaddek Hossain,Mahmudullah,K Rabada,0,0,,,,,,,,,
1144487,2019,2019-06-02,Kennington Oval,1,45.3,Bangladesh,South Africa,Mosaddek Hossain,Mahmudullah,K Rabada,0,0,,,,,,,,,
1144487,2019,2019-06-02,Kennington Oval,1,45.4,Bangladesh,South Africa,Mosaddek Hossain,Mahmudullah,K Rabada,2,0,,,,,,,,,
1144487,2019,2019-06-02,Kennington Oval,1,45.5,Bangladesh,South Africa,Mosaddek Hossain,Mahmudullah,K Rabada,1,0,,,,,,,,,
1144487,2019,2019-06-02,Kennington Oval,1,45.6,Bangladesh,South Africa,Mahmudullah,Mosaddek Hossain,K Rabada,1,0,,,,,,,,,
1144487,2019,2019-06-02,Kennington Oval,1,46.1,Bangladesh,South Africa,Mahmudullah,Mosaddek Hossain,CH Morris,4,0,,,,,,,,,
1144487,2019,2019-06-02,Kennington Oval,1,46.2,Bangladesh,South Africa,Mahmudullah,Mosaddek Hossain,CH Morris,1,0,,,,,,,,,
1144487,2019,2019-06-02,Kennington Oval,1,46.3,Bangladesh,South Africa,Mosaddek Hossain,Mahmudullah,CH Morris,1,0,,,,,,,,,
1144487,2019,2019-06-02,Kennington Oval,1,46.4,Bangladesh,South Africa,Mahmudullah,Mosaddek Hossain,CH Morris,1,0,,,,,,,,,
1144487,2019,2019-06-02,Kennington Oval,1,46.5,Bangladesh,South Africa,Mosaddek Hossain,Mahmudullah,CH Morris,4,0,,,,,,,,,
1144487,2019,2019-06-02,Kennington Oval,1,46.6,Bangladesh,South Africa,Mosaddek Hossain,Mahmudullah,CH Morris,4,0,,,,,,,,,
1144487,2019,2019-06-02,Kennington Oval,1,47.1,Bangladesh,South Africa,Mahmudullah,Mosaddek Hossain,AL Phehlukwayo,1,0,,,,,,,,,
1144487,2019,2019-06-02,Kennington Oval,1,47.2,Bangladesh,South Africa,Mosaddek Hossain,Mahmudullah,AL Phehlukwayo,2,0,,,,,,,,,
1144487,2019,2019-06-02,Kennington Oval,1,47.3,Bangladesh,South Africa,Mosaddek Hossain,Mahmudullah,AL Phehlukwayo,1,0,,,,,,,,,
1144487,2019,2019-06-02,Kennington Oval,1,47.4,Bangladesh,South Africa,Mahmudullah,Mosaddek Hossain,AL Phehlukwayo,0,0,,,,,,,,,
1144487,2019,2019-06-02,Kennington Oval,1,47.5,Bangladesh,South Africa,Mahmudullah,Mosaddek Hossain,AL Phehlukwayo,0,1,1,,,,,,,,
1144487,2019,2019-06-02,Kennington Oval,1,47.6,Bangladesh,South Africa,Mahmudullah,Mosaddek Hossain,AL Phehlukwayo,0,1,1,,,,,,,,
1144487,2019,2019-06-02,Kennington Oval,1,47.7,Bangladesh,South Africa,Mahmudullah,Mosaddek Hossain,AL Phehlukwayo,2,0,,,,,,,,,
1144487,2019,2019-06-02,Kennington Oval,1,47.8,Bangladesh,South Africa,Mahmudullah,Mosaddek Hossain,AL Phehlukwayo,3,0,,,,,,,,,
1144487,2019,2019-06-02,Kennington Oval,1,48.1,Bangladesh,South Africa,Mahmudullah,Mosaddek Hossain,CH Morris,2,0,,,,,,,,,
1144487,2019,2019-06-02,Kennington Oval,1,48.2,Bangladesh,South Africa,Mahmudullah,Mosaddek Hossain,CH Morris,2,0,,,,,,,,,
1144487,2019,2019-06-02,Kennington Oval,1,48.3,Bangladesh,South Africa,Mahmudullah,Mosaddek Hossain,CH Morris,4,0,,,,,,,,,
1144487,2019,2019-06-02,Kennington Oval,1,48.4,Bangladesh,South Africa,Mahmudullah,Mosaddek Hossain,CH Morris,4,0,,,,,,,,,
1144487,2019,2019-06-02,Kennington Oval,1,48.5,Bangladesh,South Africa,Mahmudullah,Mosaddek Hossain,CH Morris,0,1,1,,,,,,,,
1144487,2019,2019-06-02,Kennington Oval,1,48.6,Bangladesh,South Africa,Mahmudullah,Mosaddek Hossain,CH Morris,1,0,,,,,,,,,
1144487,2019,2019-06-02,Kennington Oval,1,48.7,Bangladesh,South Africa,Mosaddek Hossain,Mahmudullah,CH Morris,0,0,,,,,,caught,Mosaddek Hossain,,
1144487,2019,2019-06-02,Kennington Oval,1,49.1,Bangladesh,South Africa,Mahmudullah,Mehedi Hasan Miraz,K Rabada,6,0,,,,,,,,,
1144487,2019,2019-06-02,Kennington Oval,1,49.2,Bangladesh,South Africa,Mahmudullah,Mehedi Hasan Miraz,K Rabada,1,0,,,,,,,,,
1144487,2019,2019-06-02,Kennington Oval,1,49.3,Bangladesh,South Africa,Mehedi Hasan Miraz,Mahmudullah,K Rabada,4,0,,,,,,,,,
1144487,2019,2019-06-02,Kennington Oval,1,49.4,Bangladesh,South Africa,Mehedi Hasan Miraz,Mahmudullah,K Rabada,0,0,,,,,,,,,
1144487,2019,2019-06-02,Kennington Oval,1,49.5,Bangladesh,South Africa,Mehedi Hasan Miraz,Mahmudullah,K Rabada,1,0,,,,,,,,,
1144487,2019,2019-06-02,Kennington Oval,1,49.6,Bangladesh,South Africa,Mahmudullah,Mehedi Hasan Miraz,K Rabada,2,0,,,,,,,,,
1144487,2019,2019-06-02,Kennington Oval,2,0.1,South Africa,Bangladesh,Q de Kock,AK Markram,Mustafizur Rahman,0,0,,,,,,,,,
1144487,2019,2019-06-02,Kennington Oval,2,0.2,South Africa,Bangladesh,Q de Kock,AK Markram,Mustafizur Rahman,0,0,,,,,,,,,
1144487,2019,2019-06-02,Kennington Oval,2,0.3,South Africa,Bangladesh,Q de Kock,AK Markram,Mustafizur Rahman,0,0,,,,,,,,,
1144487,2019,2019-06-02,Kennington Oval,2,0.4,South Africa,Bangladesh,Q de Kock,AK Markram,Mustafizur Rahman,0,0,,,,,,,,,
1144487,2019,2019-06-02,Kennington Oval,2,0.5,South Africa,Bangladesh,Q de Kock,AK Markram,Mustafizur Rahman,4,0,,,,,,,,,
1144487,2019,2019-06-02,Kennington Oval,2,0.6,South Africa,Bangladesh,Q de Kock,AK Markram,Mustafizur Rahman,0,0,,,,,,,,,
1144487,2019,2019-06-02,Kennington Oval,2,1.1,South Africa,Bangladesh,AK Markram,Q de Kock,Mehedi Hasan Miraz,1,0,,,,,,,,,
1144487,2019,2019-06-02,Kennington Oval,2,1.2,South Africa,Bangladesh,Q de Kock,AK Markram,Mehedi Hasan Miraz,4,0,,,,,,,,,
1144487,2019,2019-06-02,Kennington Oval,2,1.3,South Africa,Bangladesh,Q de Kock,AK Markram,Mehedi Hasan Miraz,1,0,,,,,,,,,
1144487,2019,2019-06-02,Kennington Oval,2,1.4,South Africa,Bangladesh,AK Markram,Q de Kock,Mehedi Hasan Miraz,1,0,,,,,,,,,
1144487,2019,2019-06-02,Kennington Oval,2,1.5,South Africa,Bangladesh,Q de Kock,AK Markram,Mehedi Hasan Miraz,1,0,,,,,,,,,
1144487,2019,2019-06-02,Kennington Oval,2,1.6,South Africa,Bangladesh,AK Markram,Q de Kock,Mehedi Hasan Miraz,1,0,,,,,,,,,
1144487,2019,2019-06-02,Kennington Oval,2,2.1,South Africa,Bangladesh,AK Markram,Q de Kock,Mustafizur Rahman,0,0,,,,,,,,,
1144487,2019,2019-06-02,Kennington Oval,2,2.2,South Africa,Bangladesh,AK Markram,Q de Kock,Mustafizur Rahman,0,0,,,,,,,,,
1144487,2019,2019-06-02,Kennington Oval,2,2.3,South Africa,Bangladesh,AK Markram,Q de Kock,Mustafizur Rahman,0,0,,,,,,,,,
1144487,2019,2019-06-02,Kennington Oval,2,2.4,South Africa,Bangladesh,AK Markram,Q de Kock,Mustafizur Rahman,0,0,,,,,,,,,
1144487,2019,2019-06-02,Kennington Oval,2,2.5,South Africa,Bangladesh,AK Markram,Q de Kock,Mustafizur Rahman,0,0,,,,,,,,,
1144487,2019,2019-06-02,Kennington Oval,2,2.6,South Africa,Bangladesh,AK Markram,Q de Kock,Mustafizur Rahman,2,0,,,,,,,,,
1144487,2019,2019-06-02,Kennington Oval,2,3.1,South Africa,Bangladesh,Q de Kock,AK Markram,Mehedi Hasan Miraz,0,0,,,,,,,,,
1144487,2019,2019-06-02,Kennington Oval,2,3.2,South Africa,Bangladesh,Q de Kock,AK Markram,Mehedi Hasan Miraz,0,0,,,,,,,,,
1144487,2019,2019-06-02,Kennington Oval,2,3.3,South Africa,Bangladesh,Q de Kock,AK Markram,Mehedi Hasan Miraz,4,0,,,,,,,,,
1144487,2019,2019-06-02,Kennington Oval,2,3.4,South Africa,Bangladesh,Q de Kock,AK Markram,Mehedi Hasan Miraz,0,0,,,,,,,,,
1144487,2019,2019-06-02,Kennington Oval,2,3.5,South Africa,Bangladesh,Q de Kock,AK Markram,Mehedi Hasan Miraz,0,0,,,,,,,,,
1144487,2019,2019-06-02,Kennington Oval,2,3.6,South Africa,Bangladesh,Q de Kock,AK Markram,Mehedi Hasan Miraz,0,0,,,,,,,,,
1144487,2019,2019-06-02,Kennington Oval,2,4.1,South Africa,Bangladesh,AK Markram,Q de Kock,Mustafizur Rahman,0,0,,,,,,,,,
1144487,2019,2019-06-02,Kennington Oval,2,4.2,South Africa,Bangladesh,AK Markram,Q de Kock,Mustafizur Rahman,0,0,,,,,,,,,
1144487,2019,2019-06-02,Kennington Oval,2,4.3,South Africa,Bangladesh,AK Markram,Q de Kock,Mustafizur Rahman,0,0,,,,,,,,,
1144487,2019,2019-06-02,Kennington Oval,2,4.4,South Africa,Bangladesh,AK Markram,Q de Kock,Mustafizur Rahman,4,0,,,,,,,,,
1144487,2019,2019-06-02,Kennington Oval,2,4.5,South Africa,Bangladesh,AK Markram,Q de Kock,Mustafizur Rahman,4,0,,,,,,,,,
1144487,2019,2019-06-02,Kennington Oval,2,4.6,South Africa,Bangladesh,AK Markram,Q de Kock,Mustafizur Rahman,0,0,,,,,,,,,
1144487,2019,2019-06-02,Kennington Oval,2,5.1,South Africa,Bangladesh,Q de Kock,AK Markram,Mehedi Hasan Miraz,0,0,,,,,,,,,
1144487,2019,2019-06-02,Kennington Oval,2,5.2,South Africa,Bangladesh,Q de Kock,AK Markram,Mehedi Hasan Miraz,0,0,,,,,,,,,
1144487,2019,2019-06-02,Kennington Oval,2,5.3,South Africa,Bangladesh,Q de Kock,AK Markram,Mehedi Hasan Miraz,0,0,,,,,,,,,
1144487,2019,2019-06-02,Kennington Oval,2,5.4,South Africa,Bangladesh,Q de Kock,AK Markram,Mehedi Hasan Miraz,0,0,,,,,,,,,
1144487,2019,2019-06-02,Kennington Oval,2,5.5,South Africa,Bangladesh,Q de Kock,AK Markram,Mehedi Hasan Miraz,1,0,,,,,,,,,
1144487,2019,2019-06-02,Kennington Oval,2,5.6,South Africa,Bangladesh,AK Markram,Q de Kock,Mehedi Hasan Miraz,0,0,,,,,,,,,
1144487,2019,2019-06-02,Kennington Oval,2,6.1,South Africa,Bangladesh,Q de Kock,AK Markram,Mustafizur Rahman,1,0,,,,,,,,,
1144487,2019,2019-06-02,Kennington Oval,2,6.2,South Africa,Bangladesh,AK Markram,Q de Kock,Mustafizur Rahman,0,0,,,,,,,,,
1144487,2019,2019-06-02,Kennington Oval,2,6.3,South Africa,Bangladesh,AK Markram,Q de Kock,Mustafizur Rahman,1,0,,,,,,,,,
1144487,2019,2019-06-02,Kennington Oval,2,6.4,South Africa,Bangladesh,Q de Kock,AK Markram,Mustafizur Rahman,0,0,,,,,,,,,
1144487,2019,2019-06-02,Kennington Oval,2,6.5,South Africa,Bangladesh,Q de Kock,AK Markram,Mustafizur Rahman,1,0,,,,,,,,,
1144487,2019,2019-06-02,Kennington Oval,2,6.6,South Africa,Bangladesh,AK Markram,Q de Kock,Mustafizur Rahman,4,0,,,,,,,,,
1144487,2019,2019-06-02,Kennington Oval,2,7.1,South Africa,Bangladesh,Q de Kock,AK Markram,Mehedi Hasan Miraz,1,0,,,,,,,,,
1144487,2019,2019-06-02,Kennington Oval,2,7.2,South Africa,Bangladesh,AK Markram,Q de Kock,Mehedi Hasan Miraz,1,0,,,,,,,,,
1144487,2019,2019-06-02,Kennington Oval,2,7.3,South Africa,Bangladesh,Q de Kock,AK Markram,Mehedi Hasan Miraz,0,0,,,,,,,,,
1144487,2019,2019-06-02,Kennington Oval,2,7.4,South Africa,Bangladesh,Q de Kock,AK Markram,Mehedi Hasan Miraz,0,0,,,,,,,,,
1144487,2019,2019-06-02,Kennington Oval,2,7.5,South Africa,Bangladesh,Q de Kock,AK Markram,Mehedi Hasan Miraz,1,0,,,,,,,,,
1144487,2019,2019-06-02,Kennington Oval,2,7.6,South Africa,Bangladesh,AK Markram,Q de Kock,Mehedi Hasan Miraz,1,0,,,,,,,,,
1144487,2019,2019-06-02,Kennington Oval,2,8.1,South Africa,Bangladesh,AK Markram,Q de Kock,Mohammad Saifuddin,0,0,,,,,,,,,
1144487,2019,2019-06-02,Kennington Oval,2,8.2,South Africa,Bangladesh,AK Markram,Q de Kock,Mohammad Saifuddin,4,0,,,,,,,,,
1144487,2019,2019-06-02,Kennington Oval,2,8.3,South Africa,Bangladesh,AK Markram,Q de Kock,Mohammad Saifuddin,1,0,,,,,,,,,
1144487,2019,2019-06-02,Kennington Oval,2,8.4,South Africa,Bangladesh,Q de Kock,AK Markram,Mohammad Saifuddin,0,0,,,,,,,,,
1144487,2019,2019-06-02,Kennington Oval,2,8.5,South Africa,Bangladesh,Q de Kock,AK Markram,Mohammad Saifuddin,0,0,,,,,,,,,
1144487,2019,2019-06-02,Kennington Oval,2,8.6,South Africa,Bangladesh,Q de Kock,AK Markram,Mohammad Saifuddin,4,0,,,,,,,,,
1144487,2019,2019-06-02,Kennington Oval,2,9.1,South Africa,Bangladesh,AK Markram,Q de Kock,Mehedi Hasan Miraz,0,0,,,,,,,,,
1144487,2019,2019-06-02,Kennington Oval,2,9.2,South Africa,Bangladesh,AK Markram,Q de Kock,Mehedi Hasan Miraz,1,0,,,,,,,,,
1144487,2019,2019-06-02,Kennington Oval,2,9.3,South Africa,Bangladesh,Q de Kock,AK Markram,Mehedi Hasan Miraz,0,0,,,,,,,,,
1144487,2019,2019-06-02,Kennington Oval,2,9.4,South Africa,Bangladesh,Q de Kock,AK Markram,Mehedi Hasan Miraz,0,0,,,,,,run out,Q de Kock,,
1144487,2019,2019-06-02,Kennington Oval,2,9.5,South Africa,Bangladesh,F du Plessis,AK Markram,Mehedi Hasan Miraz,1,0,,,,,,,,,
1144487,2019,2019-06-02,Kennington Oval,2,9.6,South Africa,Bangladesh,AK Markram,F du Plessis,Mehedi Hasan Miraz,1,0,,,,,,,,,
1144487,2019,2019-06-02,Kennington Oval,2,10.1,South Africa,Bangladesh,AK Markram,F du Plessis,Shakib Al Hasan,0,0,,,,,,,,,
1144487,2019,2019-06-02,Kennington Oval,2,10.2,South Africa,Bangladesh,AK Markram,F du Plessis,Shakib Al Hasan,0,0,,,,,,,,,
1144487,2019,2019-06-02,Kennington Oval,2,10.3,South Africa,Bangladesh,AK Markram,F du Plessis,Shakib Al Hasan,0,0,,,,,,,,,
1144487,2019,2019-06-02,Kennington Oval,2,10.4,South Africa,Bangladesh,AK Markram,F du Plessis,Shakib Al Hasan,1,0,,,,,,,,,
1144487,2019,2019-06-02,Kennington Oval,2,10.5,South Africa,Bangladesh,F du Plessis,AK Markram,Shakib Al Hasan,0,0,,,,,,,,,
1144487,2019,2019-06-02,Kennington Oval,2,10.6,South Africa,Bangladesh,F du Plessis,AK Markram,Shakib Al Hasan,0,0,,,,,,,,,
1144487,2019,2019-06-02,Kennington Oval,2,11.1,South Africa,Bangladesh,AK Markram,F du Plessis,Mashrafe Mortaza,1,0,,,,,,,,,
1144487,2019,2019-06-02,Kennington Oval,2,11.2,South Africa,Bangladesh,F du Plessis,AK Markram,Mashrafe Mortaza,1,0,,,,,,,,,
1144487,2019,2019-06-02,Kennington Oval,2,11.3,South Africa,Bangladesh,AK Markram,F du Plessis,Mashrafe Mortaza,1,0,,,,,,,,,
1144487,2019,2019-06-02,Kennington Oval,2,11.4,South Africa,Bangladesh,F du Plessis,AK Markram,Mashrafe Mortaza,1,0,,,,,,,,,
1144487,2019,2019-06-02,Kennington Oval,2,11.5,South Africa,Bangladesh,AK Markram,F du Plessis,Mashrafe Mortaza,0,0,,,,,,,,,
1144487,2019,2019-06-02,Kennington Oval,2,11.6,South Africa,Bangladesh,AK Markram,F du Plessis,Mashrafe Mortaza,1,0,,,,,,,,,
1144487,2019,2019-06-02,Kennington Oval,2,12.1,South Africa,Bangladesh,AK Markram,F du Plessis,Shakib Al Hasan,0,0,,,,,,,,,
1144487,2019,2019-06-02,Kennington Oval,2,12.2,South Africa,Bangladesh,AK Markram,F du Plessis,Shakib Al Hasan,1,0,,,,,,,,,
1144487,2019,2019-06-02,Kennington Oval,2,12.3,South Africa,Bangladesh,F du Plessis,AK Markram,Shakib Al Hasan,0,0,,,,,,,,,
1144487,2019,2019-06-02,Kennington Oval,2,12.4,South Africa,Bangladesh,F du Plessis,AK Markram,Shakib Al Hasan,1,0,,,,,,,,,
1144487,2019,2019-06-02,Kennington Oval,2,12.5,South Africa,Bangladesh,AK Markram,F du Plessis,Shakib Al Hasan,1,0,,,,,,,,,
1144487,2019,2019-06-02,Kennington Oval,2,12.6,South Africa,Bangladesh,F du Plessis,AK Markram,Shakib Al Hasan,1,0,,,,,,,,,
1144487,2019,2019-06-02,Kennington Oval,2,13.1,South Africa,Bangladesh,F du Plessis,AK Markram,Mashrafe Mortaza,1,0,,,,,,,,,
1144487,2019,2019-06-02,Kennington Oval,2,13.2,South Africa,Bangladesh,AK Markram,F du Plessis,Mashrafe Mortaza,1,0,,,,,,,,,
1144487,2019,2019-06-02,Kennington Oval,2,13.3,South Africa,Bangladesh,F du Plessis,AK Markram,Mashrafe Mortaza,4,0,,,,,,,,,
1144487,2019,2019-06-02,Kennington Oval,2,13.4,South Africa,Bangladesh,F du Plessis,AK Markram,Mashrafe Mortaza,1,0,,,,,,,,,
1144487,2019,2019-06-02,Kennington Oval,2,13.5,South Africa,Bangladesh,AK Markram,F du Plessis,Mashrafe Mortaza,1,0,,,,,,,,,
1144487,2019,2019-06-02,Kennington Oval,2,13.6,South Africa,Bangladesh,F du Plessis,AK Markram,Mashrafe Mortaza,1,0,,,,,,,,,
1144487,2019,2019-06-02,Kennington Oval,2,14.1,South Africa,Bangladesh,F du Plessis,AK Markram,Shakib Al Hasan,1,0,,,,,,,,,
1144487,2019,2019-06-02,Kennington Oval,2,14.2,South Africa,Bangladesh,AK Markram,F du Plessis,Shakib Al Hasan,1,0,,,,,,,,,
1144487,2019,2019-06-02,Kennington Oval,2,14.3,South Africa,Bangladesh,F du Plessis,AK Markram,Shakib Al Hasan,0,0,,,,,,,,,
1144487,2019,2019-06-02,Kennington Oval,2,14.4,South Africa,Bangladesh,F du Plessis,AK Markram,Shakib Al Hasan,1,0,,,,,,,,,
1144487,2019,2019-06-02,Kennington Oval,2,14.5,South Africa,Bangladesh,AK Markram,F du Plessis,Shakib Al Hasan,1,0,,,,,,,,,
1144487,2019,2019-06-02,Kennington Oval,2,14.6,South Africa,Bangladesh,F du Plessis,AK Markram,Shakib Al Hasan,1,0,,,,,,,,,
1144487,2019,2019-06-02,Kennington Oval,2,15.1,South Africa,Bangladesh,F du Plessis,AK Markram,Mashrafe Mortaza,1,0,,,,,,,,,
1144487,2019,2019-06-02,Kennington Oval,2,15.2,South Africa,Bangladesh,AK Markram,F du Plessis,Mashrafe Mortaza,1,0,,,,,,,,,
1144487,2019,2019-06-02,Kennington Oval,2,15.3,South Africa,Bangladesh,F du Plessis,AK Markram,Mashrafe Mortaza,4,0,,,,,,,,,
1144487,2019,2019-06-02,Kennington Oval,2,15.4,South Africa,Bangladesh,F du Plessis,AK Markram,Mashrafe Mortaza,4,0,,,,,,,,,
1144487,2019,2019-06-02,Kennington Oval,2,15.5,South Africa,Bangladesh,F du Plessis,AK Markram,Mashrafe Mortaza,0,0,,,,,,,,,
1144487,2019,2019-06-02,Kennington Oval,2,15.6,South Africa,Bangladesh,F du Plessis,AK Markram,Mashrafe Mortaza,0,0,,,,,,,,,
1144487,2019,2019-06-02,Kennington Oval,2,16.1,South Africa,Bangladesh,AK Markram,F du Plessis,Shakib Al Hasan,1,0,,,,,,,,,
1144487,2019,2019-06-02,Kennington Oval,2,16.2,South Africa,Bangladesh,F du Plessis,AK Markram,Shakib Al Hasan,1,0,,,,,,,,,
1144487,2019,2019-06-02,Kennington Oval,2,16.3,South Africa,Bangladesh,AK Markram,F du Plessis,Shakib Al Hasan,1,0,,,,,,,,,
1144487,2019,2019-06-02,Kennington Oval,2,16.4,South Africa,Bangladesh,F du Plessis,AK Markram,Shakib Al Hasan,0,0,,,,,,,,,
1144487,2019,2019-06-02,Kennington Oval,2,16.5,South Africa,Bangladesh,F du Plessis,AK Markram,Shakib Al Hasan,1,0,,,,,,,,,
1144487,2019,2019-06-02,Kennington Oval,2,16.6,South Africa,Bangladesh,AK Markram,F du Plessis,Shakib Al Hasan,0,0,,,,,,,,,
1144487,2019,2019-06-02,Kennington Oval,2,17.1,South Africa,Bangladesh,F du Plessis,AK Markram,Mohammad Saifuddin,0,0,,,,,,,,,
1144487,2019,2019-06-02,Kennington Oval,2,17.2,South Africa,Bangladesh,F du Plessis,AK Markram,Mohammad Saifuddin,1,0,,,,,,,,,
1144487,2019,2019-06-02,Kennington Oval,2,17.3,South Africa,Bangladesh,AK Markram,F du Plessis,Mohammad Saifuddin,1,0,,,,,,,,,
1144487,2019,2019-06-02,Kennington Oval,2,17.4,South Africa,Bangladesh,F du Plessis,AK Markram,Mohammad Saifuddin,4,0,,,,,,,,,
1144487,2019,2019-06-02,Kennington Oval,2,17.5,South Africa,Bangladesh,F du Plessis,AK Markram,Mohammad Saifuddin,1,0,,,,,,,,,
1144487,2019,2019-06-02,Kennington Oval,2,17.6,South Africa,Bangladesh,AK Markram,F du Plessis,Mohammad Saifuddin,1,0,,,,,,,,,
1144487,2019,2019-06-02,Kennington Oval,2,18.1,South Africa,Bangladesh,AK Markram,F du Plessis,Mosaddek Hossain,0,0,,,,,,,,,
1144487,2019,2019-06-02,Kennington Oval,2,18.2,South Africa,Bangladesh,AK Markram,F du Plessis,Mosaddek Hossain,0,0,,,,,,,,,
1144487,2019,2019-06-02,Kennington Oval,2,18.3,South Africa,Bangladesh,AK Markram,F du Plessis,Mosaddek Hossain,1,0,,,,,,,,,
1144487,2019,2019-06-02,Kennington Oval,2,18.4,South Africa,Bangladesh,F du Plessis,AK Markram,Mosaddek Hossain,1,0,,,,,,,,,
1144487,2019,2019-06-02,Kennington Oval,2,18.5,South Africa,Bangladesh,AK Markram,F du Plessis,Mosaddek Hossain,0,0,,,,,,,,,
1144487,2019,2019-06-02,Kennington Oval,2,18.6,South Africa,Bangladesh,AK Markram,F du Plessis,Mosaddek Hossain,1,0,,,,,,,,,
1144487,2019,2019-06-02,Kennington Oval,2,19.1,South Africa,Bangladesh,AK Markram,F du Plessis,Shakib Al Hasan,0,0,,,,,,,,,
1144487,2019,2019-06-02,Kennington Oval,2,19.2,South Africa,Bangladesh,AK Markram,F du Plessis,Shakib Al Hasan,1,0,,,,,,,,,
1144487,2019,2019-06-02,Kennington Oval,2,19.3,South Africa,Bangladesh,F du Plessis,AK Markram,Shakib Al Hasan,1,0,,,,,,,,,
1144487,2019,2019-06-02,Kennington Oval,2,19.4,South Africa,Bangladesh,AK Markram,F du Plessis,Shakib Al Hasan,0,0,,,,,,bowled,AK Markram,,
1144487,2019,2019-06-02,Kennington Oval,2,19.5,South Africa,Bangladesh,DA Miller,F du Plessis,Shakib Al Hasan,1,0,,,,,,,,,
1144487,2019,2019-06-02,Kennington Oval,2,19.6,South Africa,Bangladesh,F du Plessis,DA Miller,Shakib Al Hasan,2,0,,,,,,,,,
1144487,2019,2019-06-02,Kennington Oval,2,20.1,South Africa,Bangladesh,DA Miller,F du Plessis,Mosaddek Hossain,1,0,,,,,,,,,
1144487,2019,2019-06-02,Kennington Oval,2,20.2,South Africa,Bangladesh,F du Plessis,DA Miller,Mosaddek Hossain,0,5,5,,,,,,,,
1144487,2019,2019-06-02,Kennington Oval,2,20.3,South Africa,Bangladesh,F du Plessis,DA Miller,Mosaddek Hossain,1,0,,,,,,,,,
1144487,2019,2019-06-02,Kennington Oval,2,20.4,South Africa,Bangladesh,DA Miller,F du Plessis,Mosaddek Hossain,0,0,,,,,,,,,
1144487,2019,2019-06-02,Kennington Oval,2,20.5,South Africa,Bangladesh,DA Miller,F du Plessis,Mosaddek Hossain,1,0,,,,,,,,,
1144487,2019,2019-06-02,Kennington Oval,2,20.6,South Africa,Bangladesh,F du Plessis,DA Miller,Mosaddek Hossain,0,0,,,,,,,,,
1144487,2019,2019-06-02,Kennington Oval,2,20.7,South Africa,Bangladesh,F du Plessis,DA Miller,Mosaddek Hossain,0,0,,,,,,,,,
1144487,2019,2019-06-02,Kennington Oval,2,21.1,South Africa,Bangladesh,DA Miller,F du Plessis,Shakib Al Hasan,0,0,,,,,,,,,
1144487,2019,2019-06-02,Kennington Oval,2,21.2,South Africa,Bangladesh,DA Miller,F du Plessis,Shakib Al Hasan,0,0,,,,,,,,,
1144487,2019,2019-06-02,Kennington Oval,2,21.3,South Africa,Bangladesh,DA Miller,F du Plessis,Shakib Al Hasan,1,0,,,,,,,,,
1144487,2019,2019-06-02,Kennington Oval,2,21.4,South Africa,Bangladesh,F du Plessis,DA Miller,Shakib Al Hasan,1,0,,,,,,,,,
1144487,2019,2019-06-02,Kennington Oval,2,21.5,South Africa,Bangladesh,DA Miller,F du Plessis,Shakib Al Hasan,0,0,,,,,,,,,
1144487,2019,2019-06-02,Kennington Oval,2,21.6,South Africa,Bangladesh,DA Miller,F du Plessis,Shakib Al Hasan,0,0,,,,,,,,,
1144487,2019,2019-06-02,Kennington Oval,2,22.1,South Africa,Bangladesh,F du Plessis,DA Miller,Mosaddek Hossain,2,0,,,,,,,,,
1144487,2019,2019-06-02,Kennington Oval,2,22.2,South Africa,Bangladesh,F du Plessis,DA Miller,Mosaddek Hossain,1,0,,,,,,,,,
1144487,2019,2019-06-02,Kennington Oval,2,22.3,South Africa,Bangladesh,DA Miller,F du Plessis,Mosaddek Hossain,1,0,,,,,,,,,
1144487,2019,2019-06-02,Kennington Oval,2,22.4,South Africa,Bangladesh,F du Plessis,DA Miller,Mosaddek Hossain,1,0,,,,,,,,,
1144487,2019,2019-06-02,Kennington Oval,2,22.5,South Africa,Bangladesh,DA Miller,F du Plessis,Mosaddek Hossain,0,0,,,,,,,,,
1144487,2019,2019-06-02,Kennington Oval,2,22.6,South Africa,Bangladesh,DA Miller,F du Plessis,Mosaddek Hossain,0,0,,,,,,,,,
1144487,2019,2019-06-02,Kennington Oval,2,23.1,South Africa,Bangladesh,F du Plessis,DA Miller,Shakib Al Hasan,0,0,,,,,,,,,
1144487,2019,2019-06-02,Kennington Oval,2,23.2,South Africa,Bangladesh,F du Plessis,DA Miller,Shakib Al Hasan,0,0,,,,,,,,,
1144487,2019,2019-06-02,Kennington Oval,2,23.3,South Africa,Bangladesh,F du Plessis,DA Miller,Shakib Al Hasan,1,0,,,,,,,,,
1144487,2019,2019-06-02,Kennington Oval,2,23.4,South Africa,Bangladesh,DA Miller,F du Plessis,Shakib Al Hasan,1,0,,,,,,,,,
1144487,2019,2019-06-02,Kennington Oval,2,23.5,South Africa,Bangladesh,F du Plessis,DA Miller,Shakib Al Hasan,1,0,,,,,,,,,
1144487,2019,2019-06-02,Kennington Oval,2,23.6,South Africa,Bangladesh,DA Miller,F du Plessis,Shakib Al Hasan,1,0,,,,,,,,,
1144487,2019,2019-06-02,Kennington Oval,2,24.1,South Africa,Bangladesh,DA Miller,F du Plessis,Mosaddek Hossain,1,0,,,,,,,,,
1144487,2019,2019-06-02,Kennington Oval,2,24.2,South Africa,Bangladesh,F du Plessis,DA Miller,Mosaddek Hossain,0,0,,,,,,,,,
1144487,2019,2019-06-02,Kennington Oval,2,24.3,South Africa,Bangladesh,F du Plessis,DA Miller,Mosaddek Hossain,1,0,,,,,,,,,
1144487,2019,2019-06-02,Kennington Oval,2,24.4,South Africa,Bangladesh,DA Miller,F du Plessis,Mosaddek Hossain,1,0,,,,,,,,,
1144487,2019,2019-06-02,Kennington Oval,2,24.5,South Africa,Bangladesh,F du Plessis,DA Miller,Mosaddek Hossain,6,0,,,,,,,,,
1144487,2019,2019-06-02,Kennington Oval,2,24.6,South Africa,Bangladesh,F du Plessis,DA Miller,Mosaddek Hossain,2,0,,,,,,,,,
1144487,2019,2019-06-02,Kennington Oval,2,25.1,South Africa,Bangladesh,DA Miller,F du Plessis,Mashrafe Mortaza,1,0,,,,,,,,,
1144487,2019,2019-06-02,Kennington Oval,2,25.2,South Africa,Bangladesh,F du Plessis,DA Miller,Mashrafe Mortaza,4,0,,,,,,,,,
1144487,2019,2019-06-02,Kennington Oval,2,25.3,South Africa,Bangladesh,F du Plessis,DA Miller,Mashrafe Mortaza,0,0,,,,,,,,,
1144487,2019,2019-06-02,Kennington Oval,2,25.4,South Africa,Bangladesh,F du Plessis,DA Miller,Mashrafe Mortaza,1,0,,,,,,,,,
1144487,2019,2019-06-02,Kennington Oval,2,25.5,South Africa,Bangladesh,DA Miller,F du Plessis,Mashrafe Mortaza,1,0,,,,,,,,,
1144487,2019,2019-06-02,Kennington Oval,2,25.6,South Africa,Bangladesh,F du Plessis,DA Miller,Mashrafe Mortaza,1,0,,,,,,,,,
1144487,2019,2019-06-02,Kennington Oval,2,26.1,South Africa,Bangladesh,F du Plessis,DA Miller,Mehedi Hasan Miraz,2,0,,,,,,,,,
1144487,2019,2019-06-02,Kennington Oval,2,26.2,South Africa,Bangladesh,F du Plessis,DA Miller,Mehedi Hasan Miraz,1,0,,,,,,,,,
1144487,2019,2019-06-02,Kennington Oval,2,26.3,South Africa,Bangladesh,DA Miller,F du Plessis,Mehedi Hasan Miraz,1,0,,,,,,,,,
1144487,2019,2019-06-02,Kennington Oval,2,26.4,South Africa,Bangladesh,F du Plessis,DA Miller,Mehedi Hasan Miraz,0,0,,,,,,bowled,F du Plessis,,
1144487,2019,2019-06-02,Kennington Oval,2,26.5,South Africa,Bangladesh,HE van der Dussen,DA Miller,Mehedi Hasan Miraz,0,0,,,,,,,,,
1144487,2019,2019-06-02,Kennington Oval,2,26.6,South Africa,Bangladesh,HE van der Dussen,DA Miller,Mehedi Hasan Miraz,0,0,,,,,,,,,
1144487,2019,2019-06-02,Kennington Oval,2,27.1,South Africa,Bangladesh,DA Miller,HE van der Dussen,Mashrafe Mortaza,1,0,,,,,,,,,
1144487,2019,2019-06-02,Kennington Oval,2,27.2,South Africa,Bangladesh,HE van der Dussen,DA Miller,Mashrafe Mortaza,2,0,,,,,,,,,
1144487,2019,2019-06-02,Kennington Oval,2,27.3,South Africa,Bangladesh,HE van der Dussen,DA Miller,Mashrafe Mortaza,0,0,,,,,,,,,
1144487,2019,2019-06-02,Kennington Oval,2,27.4,South Africa,Bangladesh,HE van der Dussen,DA Miller,Mashrafe Mortaza,0,0,,,,,,,,,
1144487,2019,2019-06-02,Kennington Oval,2,27.5,South Africa,Bangladesh,HE van der Dussen,DA Miller,Mashrafe Mortaza,2,0,,,,,,,,,
1144487,2019,2019-06-02,Kennington Oval,2,27.6,South Africa,Bangladesh,HE van der Dussen,DA Miller,Mashrafe Mortaza,2,0,,,,,,,,,
1144487,2019,2019-06-02,Kennington Oval,2,28.1,South Africa,Bangladesh,DA Miller,HE van der Dussen,Mehedi Hasan Miraz,1,0,,,,,,,,,
1144487,2019,2019-06-02,Kennington Oval,2,28.2,South Africa,Bangladesh,HE van der Dussen,DA Miller,Mehedi Hasan Miraz,0,0,,,,,,,,,
1144487,2019,2019-06-02,Kennington Oval,2,28.3,South Africa,Bangladesh,HE van der Dussen,DA Miller,Mehedi Hasan Miraz,0,0,,,,,,,,,
1144487,2019,2019-06-02,Kennington Oval,2,28.4,South Africa,Bangladesh,HE van der Dussen,DA Miller,Mehedi Hasan Miraz,1,0,,,,,,,,,
1144487,2019,2019-06-02,Kennington Oval,2,28.5,South Africa,Bangladesh,DA Miller,HE van der Dussen,Mehedi Hasan Miraz,1,0,,,,,,,,,
1144487,2019,2019-06-02,Kennington Oval,2,28.6,South Africa,Bangladesh,HE van der Dussen,DA Miller,Mehedi Hasan Miraz,0,0,,,,,,,,,
1144487,2019,2019-06-02,Kennington Oval,2,29.1,South Africa,Bangladesh,DA Miller,HE van der Dussen,Shakib Al Hasan,1,0,,,,,,,,,
1144487,2019,2019-06-02,Kennington Oval,2,29.2,South Africa,Bangladesh,HE van der Dussen,DA Miller,Shakib Al Hasan,1,0,,,,,,,,,
1144487,2019,2019-06-02,Kennington Oval,2,29.3,South Africa,Bangladesh,DA Miller,HE van der Dussen,Shakib Al Hasan,2,0,,,,,,,,,
1144487,2019,2019-06-02,Kennington Oval,2,29.4,South Africa,Bangladesh,DA Miller,HE van der Dussen,Shakib Al Hasan,1,0,,,,,,,,,
1144487,2019,2019-06-02,Kennington Oval,2,29.5,South Africa,Bangladesh,HE van der Dussen,DA Miller,Shakib Al Hasan,4,0,,,,,,,,,
1144487,2019,2019-06-02,Kennington Oval,2,29.6,South Africa,Bangladesh,HE van der Dussen,DA Miller,Shakib Al Hasan,3,0,,,,,,,,,
1144487,2019,2019-06-02,Kennington Oval,2,30.1,South Africa,Bangladesh,HE van der Dussen,DA Miller,Mosaddek Hossain,1,0,,,,,,,,,
1144487,2019,2019-06-02,Kennington Oval,2,30.2,South Africa,Bangladesh,DA Miller,HE van der Dussen,Mosaddek Hossain,0,0,,,,,,,,,
1144487,2019,2019-06-02,Kennington Oval,2,30.3,South Africa,Bangladesh,DA Miller,HE van der Dussen,Mosaddek Hossain,2,0,,,,,,,,,
1144487,2019,2019-06-02,Kennington Oval,2,30.4,South Africa,Bangladesh,DA Miller,HE van der Dussen,Mosaddek Hossain,1,0,,,,,,,,,
1144487,2019,2019-06-02,Kennington Oval,2,30.5,South Africa,Bangladesh,HE van der Dussen,DA Miller,Mosaddek Hossain,1,0,,,,,,,,,
1144487,2019,2019-06-02,Kennington Oval,2,30.6,South Africa,Bangladesh,DA Miller,HE van der Dussen,Mosaddek Hossain,1,0,,,,,,,,,
1144487,2019,2019-06-02,Kennington Oval,2,31.1,South Africa,Bangladesh,DA Miller,HE van der Dussen,Mehedi Hasan Miraz,1,0,,,,,,,,,
1144487,2019,2019-06-02,Kennington Oval,2,31.2,South Africa,Bangladesh,HE van der Dussen,DA Miller,Mehedi Hasan Miraz,0,0,,,,,,,,,
1144487,2019,2019-06-02,Kennington Oval,2,31.3,South Africa,Bangladesh,HE van der Dussen,DA Miller,Mehedi Hasan Miraz,1,0,,,,,,,,,
1144487,2019,2019-06-02,Kennington Oval,2,31.4,South Africa,Bangladesh,DA Miller,HE van der Dussen,Mehedi Hasan Miraz,1,0,,,,,,,,,
1144487,2019,2019-06-02,Kennington Oval,2,31.5,South Africa,Bangladesh,HE van der Dussen,DA Miller,Mehedi Hasan Miraz,1,0,,,,,,,,,
1144487,2019,2019-06-02,Kennington Oval,2,31.6,South Africa,Bangladesh,DA Miller,HE van der Dussen,Mehedi Hasan Miraz,4,0,,,,,,,,,
1144487,2019,2019-06-02,Kennington Oval,2,32.1,South Africa,Bangladesh,HE van der Dussen,DA Miller,Mosaddek Hossain,1,0,,,,,,,,,
1144487,2019,2019-06-02,Kennington Oval,2,32.2,South Africa,Bangladesh,DA Miller,HE van der Dussen,Mosaddek Hossain,1,0,,,,,,,,,
1144487,2019,2019-06-02,Kennington Oval,2,32.3,South Africa,Bangladesh,HE van der Dussen,DA Miller,Mosaddek Hossain,1,0,,,,,,,,,
1144487,2019,2019-06-02,Kennington Oval,2,32.4,South Africa,Bangladesh,DA Miller,HE van der Dussen,Mosaddek Hossain,1,0,,,,,,,,,
1144487,2019,2019-06-02,Kennington Oval,2,32.5,South Africa,Bangladesh,HE van der Dussen,DA Miller,Mosaddek Hossain,0,4,,,4,,,,,,
1144487,2019,2019-06-02,Kennington Oval,2,32.6,South Africa,Bangladesh,HE van der Dussen,DA Miller,Mosaddek Hossain,1,0,,,,,,,,,
1144487,2019,2019-06-02,Kennington Oval,2,33.1,South Africa,Bangladesh,HE van der Dussen,DA Miller,Mustafizur Rahman,1,0,,,,,,,,,
1144487,2019,2019-06-02,Kennington Oval,2,33.2,South Africa,Bangladesh,DA Miller,HE van der Dussen,Mustafizur Rahman,0,0,,,,,,,,,
1144487,2019,2019-06-02,Kennington Oval,2,33.3,South Africa,Bangladesh,DA Miller,HE van der Dussen,Mustafizur Rahman,1,0,,,,,,,,,
1144487,2019,2019-06-02,Kennington Oval,2,33.4,South Africa,Bangladesh,HE van der Dussen,DA Miller,Mustafizur Rahman,1,0,,,,,,,,,
1144487,2019,2019-06-02,Kennington Oval,2,33.5,South Africa,Bangladesh,DA Miller,HE van der Dussen,Mustafizur Rahman,0,0,,,,,,,,,
1144487,2019,2019-06-02,Kennington Oval,2,33.6,South Africa,Bangladesh,DA Miller,HE van der Dussen,Mustafizur Rahman,1,0,,,,,,,,,
1144487,2019,2019-06-02,Kennington Oval,2,34.1,South Africa,Bangladesh,DA Miller,HE van der Dussen,Mohammad Saifuddin,0,0,,,,,,,,,
1144487,2019,2019-06-02,Kennington Oval,2,34.2,South Africa,Bangladesh,DA Miller,HE van der Dussen,Mohammad Saifuddin,4,0,,,,,,,,,
1144487,2019,2019-06-02,Kennington Oval,2,34.3,South Africa,Bangladesh,DA Miller,HE van der Dussen,Mohammad Saifuddin,0,0,,,,,,,,,
1144487,2019,2019-06-02,Kennington Oval,2,34.4,South Africa,Bangladesh,DA Miller,HE van der Dussen,Mohammad Saifuddin,1,0,,,,,,,,,
1144487,2019,2019-06-02,Kennington Oval,2,34.5,South Africa,Bangladesh,HE van der Dussen,DA Miller,Mohammad Saifuddin,0,0,,,,,,,,,
1144487,2019,2019-06-02,Kennington Oval,2,34.6,South Africa,Bangladesh,HE van der Dussen,DA Miller,Mohammad Saifuddin,0,0,,,,,,,,,
1144487,2019,2019-06-02,Kennington Oval,2,35.1,South Africa,Bangladesh,DA Miller,HE van der Dussen,Mustafizur Rahman,0,1,1,,,,,,,,
1144487,2019,2019-06-02,Kennington Oval,2,35.2,South Africa,Bangladesh,DA Miller,HE van der Dussen,Mustafizur Rahman,0,0,,,,,,caught,DA Miller,,
1144487,2019,2019-06-02,Kennington Oval,2,35.3,South Africa,Bangladesh,JP Duminy,HE van der Dussen,Mustafizur Rahman,1,0,,,,,,,,,
1144487,2019,2019-06-02,Kennington Oval,2,35.4,South Africa,Bangladesh,HE van der Dussen,JP Duminy,Mustafizur Rahman,0,0,,,,,,,,,
1144487,2019,2019-06-02,Kennington Oval,2,35.5,South Africa,Bangladesh,HE van der Dussen,JP Duminy,Mustafizur Rahman,1,0,,,,,,,,,
1144487,2019,2019-06-02,Kennington Oval,2,35.6,South Africa,Bangladesh,JP Duminy,HE van der Dussen,Mustafizur Rahman,1,0,,,,,,,,,
1144487,2019,2019-06-02,Kennington Oval,2,35.7,South Africa,Bangladesh,HE van der Dussen,JP Duminy,Mustafizur Rahman,0,0,,,,,,,,,
1144487,2019,2019-06-02,Kennington Oval,2,36.1,South Africa,Bangladesh,JP Duminy,HE van der Dussen,Mehedi Hasan Miraz,0,0,,,,,,,,,
1144487,2019,2019-06-02,Kennington Oval,2,36.2,South Africa,Bangladesh,JP Duminy,HE van der Dussen,Mehedi Hasan Miraz,1,0,,,,,,,,,
1144487,2019,2019-06-02,Kennington Oval,2,36.3,South Africa,Bangladesh,HE van der Dussen,JP Duminy,Mehedi Hasan Miraz,1,0,,,,,,,,,
1144487,2019,2019-06-02,Kennington Oval,2,36.4,South Africa,Bangladesh,JP Duminy,HE van der Dussen,Mehedi Hasan Miraz,0,0,,,,,,,,,
1144487,2019,2019-06-02,Kennington Oval,2,36.5,South Africa,Bangladesh,JP Duminy,HE van der Dussen,Mehedi Hasan Miraz,0,0,,,,,,,,,
1144487,2019,2019-06-02,Kennington Oval,2,36.6,South Africa,Bangladesh,JP Duminy,HE van der Dussen,Mehedi Hasan Miraz,1,0,,,,,,,,,
1144487,2019,2019-06-02,Kennington Oval,2,37.1,South Africa,Bangladesh,JP Duminy,HE van der Dussen,Mustafizur Rahman,0,0,,,,,,,,,
1144487,2019,2019-06-02,Kennington Oval,2,37.2,South Africa,Bangladesh,JP Duminy,HE van der Dussen,Mustafizur Rahman,0,1,1,,,,,,,,
1144487,2019,2019-06-02,Kennington Oval,2,37.3,South Africa,Bangladesh,JP Duminy,HE van der Dussen,Mustafizur Rahman,1,0,,,,,,,,,
1144487,2019,2019-06-02,Kennington Oval,2,37.4,South Africa,Bangladesh,HE van der Dussen,JP Duminy,Mustafizur Rahman,2,0,,,,,,,,,
1144487,2019,2019-06-02,Kennington Oval,2,37.5,South Africa,Bangladesh,HE van der Dussen,JP Duminy,Mustafizur Rahman,6,0,,,,,,,,,
1144487,2019,2019-06-02,Kennington Oval,2,37.6,South Africa,Bangladesh,HE van der Dussen,JP Duminy,Mustafizur Rahman,4,0,,,,,,,,,
1144487,2019,2019-06-02,Kennington Oval,2,37.7,South Africa,Bangladesh,HE van der Dussen,JP Duminy,Mustafizur Rahman,1,0,,,,,,,,,
1144487,2019,2019-06-02,Kennington Oval,2,38.1,South Africa,Bangladesh,HE van der Dussen,JP Duminy,Mehedi Hasan Miraz,1,0,,,,,,,,,
1144487,2019,2019-06-02,Kennington Oval,2,38.2,South Africa,Bangladesh,JP Duminy,HE van der Dussen,Mehedi Hasan Miraz,2,0,,,,,,,,,
1144487,2019,2019-06-02,Kennington Oval,2,38.3,South Africa,Bangladesh,JP Duminy,HE van der Dussen,Mehedi Hasan Miraz,0,0,,,,,,,,,
1144487,2019,2019-06-02,Kennington Oval,2,38.4,South Africa,Bangladesh,JP Duminy,HE van der Dussen,Mehedi Hasan Miraz,1,0,,,,,,,,,
1144487,2019,2019-06-02,Kennington Oval,2,38.5,South Africa,Bangladesh,HE van der Dussen,JP Duminy,Mehedi Hasan Miraz,1,0,,,,,,,,,
1144487,2019,2019-06-02,Kennington Oval,2,38.6,South Africa,Bangladesh,JP Duminy,HE van der Dussen,Mehedi Hasan Miraz,0,0,,,,,,,,,
1144487,2019,2019-06-02,Kennington Oval,2,39.1,South Africa,Bangladesh,HE van der Dussen,JP Duminy,Mohammad Saifuddin,0,0,,,,,,bowled,HE van der Dussen,,
1144487,2019,2019-06-02,Kennington Oval,2,39.2,South Africa,Bangladesh,AL Phehlukwayo,JP Duminy,Mohammad Saifuddin,0,0,,,,,,,,,
1144487,2019,2019-06-02,Kennington Oval,2,39.3,South Africa,Bangladesh,AL Phehlukwayo,JP Duminy,Mohammad Saifuddin,0,0,,,,,,,,,
1144487,2019,2019-06-02,Kennington Oval,2,39.4,South Africa,Bangladesh,AL Phehlukwayo,JP Duminy,Mohammad Saifuddin,0,0,,,,,,,,,
1144487,2019,2019-06-02,Kennington Oval,2,39.5,South Africa,Bangladesh,AL Phehlukwayo,JP Duminy,Mohammad Saifuddin,0,0,,,,,,,,,
1144487,2019,2019-06-02,Kennington Oval,2,39.6,South Africa,Bangladesh,AL Phehlukwayo,JP Duminy,Mohammad Saifuddin,0,0,,,,,,,,,
1144487,2019,2019-06-02,Kennington Oval,2,40.1,South Africa,Bangladesh,JP Duminy,AL Phehlukwayo,Mashrafe Mortaza,1,0,,,,,,,,,
1144487,2019,2019-06-02,Kennington Oval,2,40.2,South Africa,Bangladesh,AL Phehlukwayo,JP Duminy,Mashrafe Mortaza,4,0,,,,,,,,,
1144487,2019,2019-06-02,Kennington Oval,2,40.3,South Africa,Bangladesh,AL Phehlukwayo,JP Duminy,Mashrafe Mortaza,1,0,,,,,,,,,
1144487,2019,2019-06-02,Kennington Oval,2,40.4,South Africa,Bangladesh,JP Duminy,AL Phehlukwayo,Mashrafe Mortaza,2,0,,,,,,,,,
1144487,2019,2019-06-02,Kennington Oval,2,40.5,South Africa,Bangladesh,JP Duminy,AL Phehlukwayo,Mashrafe Mortaza,1,0,,,,,,,,,
1144487,2019,2019-06-02,Kennington Oval,2,40.6,South Africa,Bangladesh,AL Phehlukwayo,JP Duminy,Mashrafe Mortaza,1,0,,,,,,,,,
1144487,2019,2019-06-02,Kennington Oval,2,41.1,South Africa,Bangladesh,AL Phehlukwayo,JP Duminy,Shakib Al Hasan,0,0,,,,,,,,,
1144487,2019,2019-06-02,Kennington Oval,2,41.2,South Africa,Bangladesh,AL Phehlukwayo,JP Duminy,Shakib Al Hasan,0,0,,,,,,,,,
1144487,2019,2019-06-02,Kennington Oval,2,41.3,South Africa,Bangladesh,AL Phehlukwayo,JP Duminy,Shakib Al Hasan,1,0,,,,,,,,,
1144487,2019,2019-06-02,Kennington Oval,2,41.4,South Africa,Bangladesh,JP Duminy,AL Phehlukwayo,Shakib Al Hasan,4,0,,,,,,,,,
1144487,2019,2019-06-02,Kennington Oval,2,41.5,South Africa,Bangladesh,JP Duminy,AL Phehlukwayo,Shakib Al Hasan,0,0,,,,,,,,,
1144487,2019,2019-06-02,Kennington Oval,2,41.6,South Africa,Bangladesh,JP Duminy,AL Phehlukwayo,Shakib Al Hasan,1,0,,,,,,,,,
1144487,2019,2019-06-02,Kennington Oval,2,42.1,South Africa,Bangladesh,JP Duminy,AL Phehlukwayo,Mohammad Saifuddin,4,0,,,,,,,,,
1144487,2019,2019-06-02,Kennington Oval,2,42.2,South Africa,Bangladesh,JP Duminy,AL Phehlukwayo,Mohammad Saifuddin,1,0,,,,,,,,,
1144487,2019,2019-06-02,Kennington Oval,2,42.3,South Africa,Bangladesh,AL Phehlukwayo,JP Duminy,Mohammad Saifuddin,0,1,1,,,,,,,,
1144487,2019,2019-06-02,Kennington Oval,2,42.4,South Africa,Bangladesh,AL Phehlukwayo,JP Duminy,Mohammad Saifuddin,1,0,,,,,,,,,
1144487,2019,2019-06-02,Kennington Oval,2,42.5,South Africa,Bangladesh,JP Duminy,AL Phehlukwayo,Mohammad Saifuddin,1,0,,,,,,,,,
1144487,2019,2019-06-02,Kennington Oval,2,42.6,South Africa,Bangladesh,AL Phehlukwayo,JP Duminy,Mohammad Saifuddin,0,0,,,,,,caught,AL Phehlukwayo,,
1144487,2019,2019-06-02,Kennington Oval,2,42.7,South Africa,Bangladesh,CH Morris,JP Duminy,Mohammad Saifuddin,0,0,,,,,,,,,
1144487,2019,2019-06-02,Kennington Oval,2,43.1,South Africa,Bangladesh,JP Duminy,CH Morris,Shakib Al Hasan,1,0,,,,,,,,,
1144487,2019,2019-06-02,Kennington Oval,2,43.2,South Africa,Bangladesh,CH Morris,JP Duminy,Shakib Al Hasan,1,0,,,,,,,,,
1144487,2019,2019-06-02,Kennington Oval,2,43.3,South Africa,Bangladesh,JP Duminy,CH Morris,Shakib Al Hasan,1,0,,,,,,,,,
1144487,2019,2019-06-02,Kennington Oval,2,43.4,South Africa,Bangladesh,CH Morris,JP Duminy,Shakib Al Hasan,2,0,,,,,,,,,
1144487,2019,2019-06-02,Kennington Oval,2,43.5,South Africa,Bangladesh,CH Morris,JP Duminy,Shakib Al Hasan,1,0,,,,,,,,,
1144487,2019,2019-06-02,Kennington Oval,2,43.6,South Africa,Bangladesh,JP Duminy,CH Morris,Shakib Al Hasan,1,0,,,,,,,,,
1144487,2019,2019-06-02,Kennington Oval,2,44.1,South Africa,Bangladesh,JP Duminy,CH Morris,Mohammad Saifuddin,0,1,1,,,,,,,,
1144487,2019,2019-06-02,Kennington Oval,2,44.2,South Africa,Bangladesh,JP Duminy,CH Morris,Mohammad Saifuddin,1,0,,,,,,,,,
1144487,2019,2019-06-02,Kennington Oval,2,44.3,South Africa,Bangladesh,CH Morris,JP Duminy,Mohammad Saifuddin,0,1,,1,,,,,,,
1144487,2019,2019-06-02,Kennington Oval,2,44.4,South Africa,Bangladesh,CH Morris,JP Duminy,Mohammad Saifuddin,1,0,,,,,,,,,
1144487,2019,2019-06-02,Kennington Oval,2,44.5,South Africa,Bangladesh,JP Duminy,CH Morris,Mohammad Saifuddin,2,0,,,,,,,,,
1144487,2019,2019-06-02,Kennington Oval,2,44.6,South Africa,Bangladesh,JP Duminy,CH Morris,Mohammad Saifuddin,1,0,,,,,,,,,
1144487,2019,2019-06-02,Kennington Oval,2,44.7,South Africa,Bangladesh,CH Morris,JP Duminy,Mohammad Saifuddin,1,0,,,,,,,,,
1144487,2019,2019-06-02,Kennington Oval,2,44.8,South Africa,Bangladesh,JP Duminy,CH Morris,Mohammad Saifuddin,1,0,,,,,,,,,
1144487,2019,2019-06-02,Kennington Oval,2,45.1,South Africa,Bangladesh,JP Duminy,CH Morris,Mustafizur Rahman,2,0,,,,,,,,,
1144487,2019,2019-06-02,Kennington Oval,2,45.2,South Africa,Bangladesh,JP Duminy,CH Morris,Mustafizur Rahman,1,0,,,,,,,,,
1144487,2019,2019-06-02,Kennington Oval,2,45.3,South Africa,Bangladesh,CH Morris,JP Duminy,Mustafizur Rahman,0,0,,,,,,,,,
1144487,2019,2019-06-02,Kennington Oval,2,45.4,South Africa,Bangladesh,CH Morris,JP Duminy,Mustafizur Rahman,4,0,,,,,,,,,
1144487,2019,2019-06-02,Kennington Oval,2,45.5,South Africa,Bangladesh,CH Morris,JP Duminy,Mustafizur Rahman,0,0,,,,,,caught,CH Morris,,
1144487,2019,2019-06-02,Kennington Oval,2,45.6,South Africa,Bangladesh,JP Duminy,K Rabada,Mustafizur Rahman,1,0,,,,,,,,,
1144487,2019,2019-06-02,Kennington Oval,2,46.1,South Africa,Bangladesh,JP Duminy,K Rabada,Mohammad Saifuddin,1,0,,,,,,,,,
1144487,2019,2019-06-02,Kennington Oval,2,46.2,South Africa,Bangladesh,K Rabada,JP Duminy,Mohammad Saifuddin,1,0,,,,,,,,,
1144487,2019,2019-06-02,Kennington Oval,2,46.3,South Africa,Bangladesh,JP Duminy,K Rabada,Mohammad Saifuddin,4,0,,,,,,,,,
1144487,2019,2019-06-02,Kennington Oval,2,46.4,South Africa,Bangladesh,JP Duminy,K Rabada,Mohammad Saifuddin,4,0,,,,,,,,,
1144487,2019,2019-06-02,Kennington Oval,2,46.5,South Africa,Bangladesh,JP Duminy,K Rabada,Mohammad Saifuddin,1,0,,,,,,,,,
1144487,2019,2019-06-02,Kennington Oval,2,46.6,South Africa,Bangladesh,K Rabada,JP Duminy,Mohammad Saifuddin,0,0,,,,,,,,,
1144487,2019,2019-06-02,Kennington Oval,2,47.1,South Africa,Bangladesh,JP Duminy,K Rabada,Mustafizur Rahman,0,0,,,,,,bowled,JP Duminy,,
1144487,2019,2019-06-02,Kennington Oval,2,47.2,South Africa,Bangladesh,Imran Tahir,K Rabada,Mustafizur Rahman,0,0,,,,,,,,,
1144487,2019,2019-06-02,Kennington Oval,2,47.3,South Africa,Bangladesh,Imran Tahir,K Rabada,Mustafizur Rahman,0,0,,,,,,,,,
1144487,2019,2019-06-02,Kennington Oval,2,47.4,South Africa,Bangladesh,Imran Tahir,K Rabada,Mustafizur Rahman,0,0,,,,,,,,,
1144487,2019,2019-06-02,Kennington Oval,2,47.5,South Africa,Bangladesh,Imran Tahir,K Rabada,Mustafizur Rahman,2,0,,,,,,,,,
1144487,2019,2019-06-02,Kennington Oval,2,47.6,South Africa,Bangladesh,Imran Tahir,K Rabada,Mustafizur Rahman,2,0,,,,,,,,,
1144487,2019,2019-06-02,Kennington Oval,2,48.1,South Africa,Bangladesh,K Rabada,Imran Tahir,Mohammad Saifuddin,1,0,,,,,,,,,
1144487,2019,2019-06-02,Kennington Oval,2,48.2,South Africa,Bangladesh,Imran Tahir,K Rabada,Mohammad Saifuddin,1,0,,,,,,,,,
1144487,2019,2019-06-02,Kennington Oval,2,48.3,South Africa,Bangladesh,K Rabada,Imran Tahir,Mohammad Saifuddin,2,0,,,,,,,,,
1144487,2019,2019-06-02,Kennington Oval,2,48.4,South Africa,Bangladesh,K Rabada,Imran Tahir,Mohammad Saifuddin,1,0,,,,,,,,,
1144487,2019,2019-06-02,Kennington Oval,2,48.5,South Africa,Bangladesh,Imran Tahir,K Rabada,Mohammad Saifuddin,1,0,,,,,,,,,
1144487,2019,2019-06-02,Kennington Oval,2,48.6,South Africa,Bangladesh,K Rabada,Imran Tahir,Mohammad Saifuddin,1,0,,,,,,,,,
1144487,2019,2019-06-02,Kennington Oval,2,49.1,South Africa,Bangladesh,K Rabada,Imran Tahir,Mustafizur Rahman,6,0,,,,,,,,,
1144487,2019,2019-06-02,Kennington Oval,2,49.2,South Africa,Bangladesh,K Rabada,Imran Tahir,Mustafizur Rahman,0,0,,,,,,,,,
1144487,2019,2019-06-02,Kennington Oval,2,49.3,South Africa,Bangladesh,K Rabada,Imran Tahir,Mustafizur Rahman,1,0,,,,,,,,,
1144487,2019,2019-06-02,Kennington Oval,2,49.4,South Africa,Bangladesh,Imran Tahir,K Rabada,Mustafizur Rahman,0,0,,,,,,,,,
1144487,2019,2019-06-02,Kennington Oval,2,49.5,South Africa,Bangladesh,Imran Tahir,K Rabada,Mustafizur Rahman,2,0,,,,,,,,,
1144487,2019,2019-06-02,Kennington Oval,2,49.6,South Africa,Bangladesh,Imran Tahir,K Rabada,Mustafizur Rahman,2,0,,,,,,,,,
